solid OpenSCAD_Model
  facet normal 0 -0.4422870413714121 0.8968735546524509
    outer loop
      vertex 0 -9.230732917785645 9.895517349243164
      vertex 1.8999996185302734 -9.699999809265137 9.664101600646973
      vertex 1.8999996185302734 -9.230732917785645 9.895517349243164
    endloop
  endfacet
  facet normal 0 -0.4422870413714121 0.8968735546524509
    outer loop
      vertex 1.8999996185302734 -9.699999809265137 9.664101600646973
      vertex 0 -9.230732917785645 9.895517349243164
      vertex 0 -9.699999809265137 9.664101600646973
    endloop
  endfacet
  facet normal 0 -0.4422870413714121 0.8968735546524509
    outer loop
      vertex 22.099998474121094 -9.230732917785645 9.895517349243164
      vertex 24 -9.699999809265137 9.664101600646973
      vertex 24 -9.230732917785645 9.895517349243164
    endloop
  endfacet
  facet normal 0 -0.4422870413714121 0.8968735546524509
    outer loop
      vertex 24 -9.699999809265137 9.664101600646973
      vertex 22.099998474121094 -9.230732917785645 9.895517349243164
      vertex 22.099998474121094 -9.699999809265137 9.664101600646973
    endloop
  endfacet
  facet normal 0 -0.4422870413714121 0.8968735546524509
    outer loop
      vertex 5.09999942779541 -9.230732917785645 9.895517349243164
      vertex 18.899999618530273 -9.699999809265137 9.664101600646973
      vertex 18.899999618530273 -9.230732917785645 9.895517349243164
    endloop
  endfacet
  facet normal 0 -0.4422870413714121 0.8968735546524509
    outer loop
      vertex 18.899999618530273 -9.699999809265137 9.664101600646973
      vertex 5.09999942779541 -9.230732917785645 9.895517349243164
      vertex 5.09999942779541 -9.699999809265137 9.664101600646973
    endloop
  endfacet
  facet normal 0 0.7517834574078935 0.6594100645029874
    outer loop
      vertex 24 10.528427124023438 9.028427124023438
      vertex 22.099998474121094 10.529999732971191 9.026634216308594
      vertex 22.099998474121094 10.528427124023438 9.028427124023438
    endloop
  endfacet
  facet normal 0 0.7518408807633624 0.6593445912517759
    outer loop
      vertex 24 10.8734130859375 8.635045051574707
      vertex 18.899999618530273 10.529999732971191 9.026634216308594
      vertex 22.099998474121094 10.529999732971191 9.026634216308594
    endloop
  endfacet
  facet normal 0 0.7518408807633624 0.659344591251776
    outer loop
      vertex 18.899999618530273 10.529999732971191 9.026634216308594
      vertex 24 10.8734130859375 8.635045051574707
      vertex 5.09999942779541 10.529999732971191 9.026634216308594
    endloop
  endfacet
  facet normal 0 0.7518408807633623 0.6593445912517759
    outer loop
      vertex 0 10.8734130859375 8.635045051574707
      vertex 5.09999942779541 10.529999732971191 9.026634216308594
      vertex 24 10.8734130859375 8.635045051574707
    endloop
  endfacet
  facet normal 1.0881323644315184e-7 0.7518406190393913 0.6593448896916189
    outer loop
      vertex 24 10.8734130859375 8.635045051574707
      vertex 22.099998474121094 10.529999732971191 9.026634216308594
      vertex 24 10.528427124023438 9.028427124023438
    endloop
  endfacet
  facet normal 0 0.7517834574078934 0.6594100645029873
    outer loop
      vertex 18.899999618530273 10.529999732971191 9.026634216308594
      vertex 5.09999942779541 10.528427124023438 9.028427124023438
      vertex 18.899999618530273 10.528427124023438 9.028427124023438
    endloop
  endfacet
  facet normal 0 0.7517834574078934 0.6594100645029873
    outer loop
      vertex 5.09999942779541 10.528427124023438 9.028427124023438
      vertex 18.899999618530273 10.529999732971191 9.026634216308594
      vertex 5.09999942779541 10.529999732971191 9.026634216308594
    endloop
  endfacet
  facet normal 0 0.7517834574078934 0.6594100645029874
    outer loop
      vertex 1.8999996185302734 10.529999732971191 9.026634216308594
      vertex 0 10.528427124023438 9.028427124023438
      vertex 1.8999996185302734 10.528427124023438 9.028427124023438
    endloop
  endfacet
  facet normal 0 0.7518408807633624 0.659344591251776
    outer loop
      vertex 5.09999942779541 10.529999732971191 9.026634216308594
      vertex 0 10.8734130859375 8.635045051574707
      vertex 1.8999996185302734 10.529999732971191 9.026634216308594
    endloop
  endfacet
  facet normal -1.0881334567726733e-7 0.7518406190393913 0.6593448896916189
    outer loop
      vertex 1.8999996185302734 10.529999732971191 9.026634216308594
      vertex 0 10.8734130859375 8.635045051574707
      vertex 0 10.528427124023438 9.028427124023438
    endloop
  endfacet
  facet normal 0 -0.9978589015191365 0.06540346060433191
    outer loop
      vertex 0 -11.699999809265137 6.199999809265137
      vertex 24 -11.665779113769531 6.722104072570801
      vertex 0 -11.665779113769531 6.722104072570801
    endloop
  endfacet
  facet normal 0 -0.9978589015191365 0.06540346060433191
    outer loop
      vertex 24 -11.665779113769531 6.722104072570801
      vertex 0 -11.699999809265137 6.199999809265137
      vertex 24 -11.699999809265137 6.199999809265137
    endloop
  endfacet
  facet normal 0 -0.06540346060433191 0.9978589015191365
    outer loop
      vertex 22.099998474121094 -7.699999809265137 10.199999809265137
      vertex 24 -8.2221040725708 10.165779113769531
      vertex 24 -7.699999809265137 10.199999809265137
    endloop
  endfacet
  facet normal 0 -0.06540346060433191 0.9978589015191365
    outer loop
      vertex 24 -8.2221040725708 10.165779113769531
      vertex 22.099998474121094 -7.699999809265137 10.199999809265137
      vertex 22.099998474121094 -8.2221040725708 10.165779113769531
    endloop
  endfacet
  facet normal 0 -0.0654034606043319 0.9978589015191364
    outer loop
      vertex 0 -7.699999809265137 10.199999809265137
      vertex 1.8999996185302734 -8.2221040725708 10.165779113769531
      vertex 1.8999996185302734 -7.699999809265137 10.199999809265137
    endloop
  endfacet
  facet normal 0 -0.0654034606043319 0.9978589015191364
    outer loop
      vertex 1.8999996185302734 -8.2221040725708 10.165779113769531
      vertex 0 -7.699999809265137 10.199999809265137
      vertex 0 -8.2221040725708 10.165779113769531
    endloop
  endfacet
  facet normal 0 -0.06540346060433191 0.9978589015191364
    outer loop
      vertex 5.09999942779541 -7.699999809265137 10.199999809265137
      vertex 18.899999618530273 -8.2221040725708 10.165779113769531
      vertex 18.899999618530273 -7.699999809265137 10.199999809265137
    endloop
  endfacet
  facet normal 0 -0.06540346060433191 0.9978589015191364
    outer loop
      vertex 18.899999618530273 -8.2221040725708 10.165779113769531
      vertex 5.09999942779541 -7.699999809265137 10.199999809265137
      vertex 5.09999942779541 -8.2221040725708 10.165779113769531
    endloop
  endfacet
  facet normal 0 -0.7517834574078934 0.6594100645029874
    outer loop
      vertex 0 -10.528427124023438 9.028427124023438
      vertex 1.8999996185302734 -10.529999732971191 9.026634216308594
      vertex 1.8999996185302734 -10.528427124023438 9.028427124023438
    endloop
  endfacet
  facet normal 0 -0.7518408807633624 0.659344591251776
    outer loop
      vertex 0 -10.8734130859375 8.635045051574707
      vertex 5.09999942779541 -10.529999732971191 9.026634216308594
      vertex 1.8999996185302734 -10.529999732971191 9.026634216308594
    endloop
  endfacet
  facet normal 0 -0.7518408807633624 0.659344591251776
    outer loop
      vertex 5.09999942779541 -10.529999732971191 9.026634216308594
      vertex 0 -10.8734130859375 8.635045051574707
      vertex 18.899999618530273 -10.529999732971191 9.026634216308594
    endloop
  endfacet
  facet normal 0 -0.7518408807633623 0.6593445912517759
    outer loop
      vertex 24 -10.8734130859375 8.635045051574707
      vertex 18.899999618530273 -10.529999732971191 9.026634216308594
      vertex 0 -10.8734130859375 8.635045051574707
    endloop
  endfacet
  facet normal -1.0881334567726733e-7 -0.7518406190393913 0.6593448896916189
    outer loop
      vertex 0 -10.8734130859375 8.635045051574707
      vertex 1.8999996185302734 -10.529999732971191 9.026634216308594
      vertex 0 -10.528427124023438 9.028427124023438
    endloop
  endfacet
  facet normal 0 -0.7517834574078934 0.6594100645029873
    outer loop
      vertex 5.09999942779541 -10.529999732971191 9.026634216308594
      vertex 18.899999618530273 -10.528427124023438 9.028427124023438
      vertex 5.09999942779541 -10.528427124023438 9.028427124023438
    endloop
  endfacet
  facet normal 0 -0.7517834574078934 0.6594100645029873
    outer loop
      vertex 18.899999618530273 -10.528427124023438 9.028427124023438
      vertex 5.09999942779541 -10.529999732971191 9.026634216308594
      vertex 18.899999618530273 -10.529999732971191 9.026634216308594
    endloop
  endfacet
  facet normal 0 -0.7517834574078935 0.6594100645029874
    outer loop
      vertex 22.099998474121094 -10.529999732971191 9.026634216308594
      vertex 24 -10.528427124023438 9.028427124023438
      vertex 22.099998474121094 -10.528427124023438 9.028427124023438
    endloop
  endfacet
  facet normal 0 -0.7518408807633624 0.6593445912517759
    outer loop
      vertex 18.899999618530273 -10.529999732971191 9.026634216308594
      vertex 24 -10.8734130859375 8.635045051574707
      vertex 22.099998474121094 -10.529999732971191 9.026634216308594
    endloop
  endfacet
  facet normal 1.0881323644315184e-7 -0.7518406190393913 0.6593448896916189
    outer loop
      vertex 22.099998474121094 -10.529999732971191 9.026634216308594
      vertex 24 -10.8734130859375 8.635045051574707
      vertex 24 -10.528427124023438 9.028427124023438
    endloop
  endfacet
  facet normal 0 0.831469102647682 0.55557099577125
    outer loop
      vertex 24 11.164101600646973 8.199999809265137
      vertex 0 10.8734130859375 8.635045051574707
      vertex 24 10.8734130859375 8.635045051574707
    endloop
  endfacet
  facet normal 0 0.831469102647682 0.55557099577125
    outer loop
      vertex 0 10.8734130859375 8.635045051574707
      vertex 24 11.164101600646973 8.199999809265137
      vertex 0 11.164101600646973 8.199999809265137
    endloop
  endfacet
  facet normal 0 0.55557099577125 0.831469102647682
    outer loop
      vertex 0 10.135045051574707 9.3734130859375
      vertex 1.8999996185302734 9.699999809265137 9.664101600646973
      vertex 1.8999996185302734 10.135045051574707 9.3734130859375
    endloop
  endfacet
  facet normal 0 0.55557099577125 0.831469102647682
    outer loop
      vertex 1.8999996185302734 9.699999809265137 9.664101600646973
      vertex 0 10.135045051574707 9.3734130859375
      vertex 0 9.699999809265137 9.664101600646973
    endloop
  endfacet
  facet normal 0 0.5555709957712501 0.8314691026476821
    outer loop
      vertex 22.099998474121094 10.135045051574707 9.3734130859375
      vertex 24 9.699999809265137 9.664101600646973
      vertex 24 10.135045051574707 9.3734130859375
    endloop
  endfacet
  facet normal 0 0.5555709957712501 0.8314691026476821
    outer loop
      vertex 24 9.699999809265137 9.664101600646973
      vertex 22.099998474121094 10.135045051574707 9.3734130859375
      vertex 22.099998474121094 9.699999809265137 9.664101600646973
    endloop
  endfacet
  facet normal 0 0.55557099577125 0.831469102647682
    outer loop
      vertex 5.09999942779541 10.135045051574707 9.3734130859375
      vertex 18.899999618530273 9.699999809265137 9.664101600646973
      vertex 18.899999618530273 10.135045051574707 9.3734130859375
    endloop
  endfacet
  facet normal 0 0.55557099577125 0.831469102647682
    outer loop
      vertex 18.899999618530273 9.699999809265137 9.664101600646973
      vertex 5.09999942779541 10.135045051574707 9.3734130859375
      vertex 5.09999942779541 9.699999809265137 9.664101600646973
    endloop
  endfacet
  facet normal 0 0.0654034606043319 0.9978589015191364
    outer loop
      vertex 0 8.2221040725708 10.165779113769531
      vertex 1.8999996185302734 7.699999809265137 10.199999809265137
      vertex 1.8999996185302734 8.2221040725708 10.165779113769531
    endloop
  endfacet
  facet normal 0 0.0654034606043319 0.9978589015191364
    outer loop
      vertex 1.8999996185302734 7.699999809265137 10.199999809265137
      vertex 0 8.2221040725708 10.165779113769531
      vertex 0 7.699999809265137 10.199999809265137
    endloop
  endfacet
  facet normal 0 0.06540346060433191 0.9978589015191365
    outer loop
      vertex 22.099998474121094 8.2221040725708 10.165779113769531
      vertex 24 7.699999809265137 10.199999809265137
      vertex 24 8.2221040725708 10.165779113769531
    endloop
  endfacet
  facet normal 0 0.06540346060433191 0.9978589015191365
    outer loop
      vertex 24 7.699999809265137 10.199999809265137
      vertex 22.099998474121094 8.2221040725708 10.165779113769531
      vertex 22.099998474121094 7.699999809265137 10.199999809265137
    endloop
  endfacet
  facet normal 0 0.06540346060433191 0.9978589015191364
    outer loop
      vertex 5.09999942779541 8.2221040725708 10.165779113769531
      vertex 18.899999618530273 7.699999809265137 10.199999809265137
      vertex 18.899999618530273 8.2221040725708 10.165779113769531
    endloop
  endfacet
  facet normal 0 0.06540346060433191 0.9978589015191364
    outer loop
      vertex 18.899999618530273 7.699999809265137 10.199999809265137
      vertex 5.09999942779541 8.2221040725708 10.165779113769531
      vertex 5.09999942779541 7.699999809265137 10.199999809265137
    endloop
  endfacet
  facet normal 0 1 0
    outer loop
      vertex 2 11.699999809265137 0
      vertex 0 11.699999809265137 6.199999809265137
      vertex 2 11.699999809265137 6.199999809265137
    endloop
  endfacet
  facet normal 0 1 0
    outer loop
      vertex 0 11.699999809265137 6.199999809265137
      vertex 2 11.699999809265137 0
      vertex 0 11.699999809265137 0
    endloop
  endfacet
  facet normal 0 1 0
    outer loop
      vertex 24 11.699999809265137 0
      vertex 22 11.699999809265137 6.199999809265137
      vertex 24 11.699999809265137 6.199999809265137
    endloop
  endfacet
  facet normal 0 1 0
    outer loop
      vertex 22 11.699999809265137 6.199999809265137
      vertex 24 11.699999809265137 0
      vertex 22 11.699999809265137 0
    endloop
  endfacet
  facet normal 0 0 1
    outer loop
      vertex 22.099998474121094 7.699999809265137 10.199999809265137
      vertex 24 -7.699999809265137 10.199999809265137
      vertex 24 7.699999809265137 10.199999809265137
    endloop
  endfacet
  facet normal 0 0 1
    outer loop
      vertex 24 -7.699999809265137 10.199999809265137
      vertex 22.099998474121094 7.699999809265137 10.199999809265137
      vertex 22.099998474121094 -7.699999809265137 10.199999809265137
    endloop
  endfacet
  facet normal 0 0 1
    outer loop
      vertex 0 7.699999809265137 10.199999809265137
      vertex 1.8999996185302734 -7.699999809265137 10.199999809265137
      vertex 1.8999996185302734 7.699999809265137 10.199999809265137
    endloop
  endfacet
  facet normal 0 0 1
    outer loop
      vertex 1.8999996185302734 -7.699999809265137 10.199999809265137
      vertex 0 7.699999809265137 10.199999809265137
      vertex 0 -7.699999809265137 10.199999809265137
    endloop
  endfacet
  facet normal 0 0 1
    outer loop
      vertex 5.09999942779541 7.699999809265137 10.199999809265137
      vertex 18.899999618530273 -7.699999809265137 10.199999809265137
      vertex 18.899999618530273 7.699999809265137 10.199999809265137
    endloop
  endfacet
  facet normal 0 0 1
    outer loop
      vertex 18.899999618530273 -7.699999809265137 10.199999809265137
      vertex 5.09999942779541 7.699999809265137 10.199999809265137
      vertex 5.09999942779541 -7.699999809265137 10.199999809265137
    endloop
  endfacet
  facet normal 0 0.19509111806485527 0.9807851220589578
    outer loop
      vertex 0 8.735275268554688 10.063702583312988
      vertex 1.8999996185302734 8.2221040725708 10.165779113769531
      vertex 1.8999996185302734 8.735275268554688 10.063702583312988
    endloop
  endfacet
  facet normal 0 0.19509111806485527 0.9807851220589578
    outer loop
      vertex 1.8999996185302734 8.2221040725708 10.165779113769531
      vertex 0 8.735275268554688 10.063702583312988
      vertex 0 8.2221040725708 10.165779113769531
    endloop
  endfacet
  facet normal 0 0.19509111806485527 0.9807851220589578
    outer loop
      vertex 22.099998474121094 8.735275268554688 10.063702583312988
      vertex 24 8.2221040725708 10.165779113769531
      vertex 24 8.735275268554688 10.063702583312988
    endloop
  endfacet
  facet normal 0 0.19509111806485527 0.9807851220589578
    outer loop
      vertex 24 8.2221040725708 10.165779113769531
      vertex 22.099998474121094 8.735275268554688 10.063702583312988
      vertex 22.099998474121094 8.2221040725708 10.165779113769531
    endloop
  endfacet
  facet normal 0 0.19509111806485527 0.9807851220589578
    outer loop
      vertex 5.09999942779541 8.735275268554688 10.063702583312988
      vertex 18.899999618530273 8.2221040725708 10.165779113769531
      vertex 18.899999618530273 8.735275268554688 10.063702583312988
    endloop
  endfacet
  facet normal 0 0.19509111806485527 0.9807851220589578
    outer loop
      vertex 18.899999618530273 8.2221040725708 10.165779113769531
      vertex 5.09999942779541 8.735275268554688 10.063702583312988
      vertex 5.09999942779541 8.2221040725708 10.165779113769531
    endloop
  endfacet
  facet normal 0 -0.55557099577125 0.831469102647682
    outer loop
      vertex 0 -9.699999809265137 9.664101600646973
      vertex 1.8999996185302734 -10.135045051574707 9.3734130859375
      vertex 1.8999996185302734 -9.699999809265137 9.664101600646973
    endloop
  endfacet
  facet normal 0 -0.55557099577125 0.831469102647682
    outer loop
      vertex 1.8999996185302734 -10.135045051574707 9.3734130859375
      vertex 0 -9.699999809265137 9.664101600646973
      vertex 0 -10.135045051574707 9.3734130859375
    endloop
  endfacet
  facet normal 0 -0.5555709957712501 0.8314691026476821
    outer loop
      vertex 22.099998474121094 -9.699999809265137 9.664101600646973
      vertex 24 -10.135045051574707 9.3734130859375
      vertex 24 -9.699999809265137 9.664101600646973
    endloop
  endfacet
  facet normal 0 -0.5555709957712501 0.8314691026476821
    outer loop
      vertex 24 -10.135045051574707 9.3734130859375
      vertex 22.099998474121094 -9.699999809265137 9.664101600646973
      vertex 22.099998474121094 -10.135045051574707 9.3734130859375
    endloop
  endfacet
  facet normal 0 -0.55557099577125 0.831469102647682
    outer loop
      vertex 5.09999942779541 -9.699999809265137 9.664101600646973
      vertex 18.899999618530273 -10.135045051574707 9.3734130859375
      vertex 18.899999618530273 -9.699999809265137 9.664101600646973
    endloop
  endfacet
  facet normal 0 -0.55557099577125 0.831469102647682
    outer loop
      vertex 18.899999618530273 -10.135045051574707 9.3734130859375
      vertex 5.09999942779541 -9.699999809265137 9.664101600646973
      vertex 5.09999942779541 -10.135045051574707 9.3734130859375
    endloop
  endfacet
  facet normal 0 0.8968735546524509 0.44228704137141206
    outer loop
      vertex 24 11.395517349243164 7.7307329177856445
      vertex 0 11.164101600646973 8.199999809265137
      vertex 24 11.164101600646973 8.199999809265137
    endloop
  endfacet
  facet normal 0 0.8968735546524509 0.44228704137141206
    outer loop
      vertex 0 11.164101600646973 8.199999809265137
      vertex 24 11.395517349243164 7.7307329177856445
      vertex 0 11.395517349243164 7.7307329177856445
    endloop
  endfacet
  facet normal 0 0.4422870413714121 0.8968735546524509
    outer loop
      vertex 0 9.699999809265137 9.664101600646973
      vertex 1.8999996185302734 9.230732917785645 9.895517349243164
      vertex 1.8999996185302734 9.699999809265137 9.664101600646973
    endloop
  endfacet
  facet normal 0 0.4422870413714121 0.8968735546524509
    outer loop
      vertex 1.8999996185302734 9.230732917785645 9.895517349243164
      vertex 0 9.699999809265137 9.664101600646973
      vertex 0 9.230732917785645 9.895517349243164
    endloop
  endfacet
  facet normal 0 0.4422870413714121 0.8968735546524509
    outer loop
      vertex 22.099998474121094 9.699999809265137 9.664101600646973
      vertex 24 9.230732917785645 9.895517349243164
      vertex 24 9.699999809265137 9.664101600646973
    endloop
  endfacet
  facet normal 0 0.4422870413714121 0.8968735546524509
    outer loop
      vertex 24 9.230732917785645 9.895517349243164
      vertex 22.099998474121094 9.699999809265137 9.664101600646973
      vertex 22.099998474121094 9.230732917785645 9.895517349243164
    endloop
  endfacet
  facet normal 0 0.4422870413714121 0.8968735546524509
    outer loop
      vertex 5.09999942779541 9.699999809265137 9.664101600646973
      vertex 18.899999618530273 9.230732917785645 9.895517349243164
      vertex 18.899999618530273 9.699999809265137 9.664101600646973
    endloop
  endfacet
  facet normal 0 0.4422870413714121 0.8968735546524509
    outer loop
      vertex 18.899999618530273 9.230732917785645 9.895517349243164
      vertex 5.09999942779541 9.699999809265137 9.664101600646973
      vertex 5.09999942779541 9.230732917785645 9.895517349243164
    endloop
  endfacet
  facet normal -1 0 0
    outer loop
      vertex 0 -1.0999994277954102 8
      vertex 0 -7 8
      vertex 0 -1.0999994277954102 9.199999809265137
    endloop
  endfacet
  facet normal -1 0 0
    outer loop
      vertex 0 9.5 5.5
      vertex 0 11.699999809265137 6.199999809265137
      vertex 0 11.699999809265137 0
    endloop
  endfacet
  facet normal -1 0 0
    outer loop
      vertex 0 9.478611946105957 5.826314926147461
      vertex 0 11.699999809265137 6.199999809265137
      vertex 0 9.5 5.5
    endloop
  endfacet
  facet normal -1 0 0
    outer loop
      vertex 0 9.414813995361328 6.14704704284668
      vertex 0 11.699999809265137 6.199999809265137
      vertex 0 9.478611946105957 5.826314926147461
    endloop
  endfacet
  facet normal -1 0 0
    outer loop
      vertex 0 11.699999809265137 6.199999809265137
      vertex 0 9.414813995361328 6.14704704284668
      vertex 0 11.665779113769531 6.722104072570801
    endloop
  endfacet
  facet normal -1 0 0
    outer loop
      vertex 0 9.309698104858398 6.456707954406738
      vertex 0 11.665779113769531 6.722104072570801
      vertex 0 9.414813995361328 6.14704704284668
    endloop
  endfacet
  facet normal -1 0 0
    outer loop
      vertex 0 11.665779113769531 6.722104072570801
      vertex 0 9.309698104858398 6.456707954406738
      vertex 0 11.563702583312988 7.2352752685546875
    endloop
  endfacet
  facet normal -1 0 0
    outer loop
      vertex 0 11.563702583312988 7.2352752685546875
      vertex 0 9.309698104858398 6.456707954406738
      vertex 0 11.395517349243164 7.7307329177856445
    endloop
  endfacet
  facet normal -1 0 0
    outer loop
      vertex 0 9.16506290435791 6.75
      vertex 0 11.395517349243164 7.7307329177856445
      vertex 0 9.309698104858398 6.456707954406738
    endloop
  endfacet
  facet normal -1 0 0
    outer loop
      vertex 0 9.5 5.5
      vertex 0 11.699999809265137 0
      vertex 0 9.5 0
    endloop
  endfacet
  facet normal -1 0 0
    outer loop
      vertex 0 11.395517349243164 7.7307329177856445
      vertex 0 9.16506290435791 6.75
      vertex 0 11.164101600646973 8.199999809265137
    endloop
  endfacet
  facet normal -1 0 0
    outer loop
      vertex 0 8.983383178710938 7.021903038024902
      vertex 0 11.164101600646973 8.199999809265137
      vertex 0 9.16506290435791 6.75
    endloop
  endfacet
  facet normal -1 0 0
    outer loop
      vertex 0 11.164101600646973 8.199999809265137
      vertex 0 8.983383178710938 7.021903038024902
      vertex 0 10.8734130859375 8.635045051574707
    endloop
  endfacet
  facet normal -1 0 0
    outer loop
      vertex 0 8.767766952514648 7.267766952514648
      vertex 0 10.8734130859375 8.635045051574707
      vertex 0 8.983383178710938 7.021903038024902
    endloop
  endfacet
  facet normal -1 0 0
    outer loop
      vertex 0 10.8734130859375 8.635045051574707
      vertex 0 8.767766952514648 7.267766952514648
      vertex 0 10.528427124023438 9.028427124023438
    endloop
  endfacet
  facet normal -1 0 0
    outer loop
      vertex 0 10.528427124023438 9.028427124023438
      vertex 0 8.767766952514648 7.267766952514648
      vertex 0 10.135045051574707 9.3734130859375
    endloop
  endfacet
  facet normal -1 0 0
    outer loop
      vertex 0 8.521903038024902 7.4833831787109375
      vertex 0 10.135045051574707 9.3734130859375
      vertex 0 8.767766952514648 7.267766952514648
    endloop
  endfacet
  facet normal -1 0 0
    outer loop
      vertex 0 10.135045051574707 9.3734130859375
      vertex 0 8.521903038024902 7.4833831787109375
      vertex 0 9.699999809265137 9.664101600646973
    endloop
  endfacet
  facet normal -1 0 0
    outer loop
      vertex 0 8.25 7.66506290435791
      vertex 0 9.699999809265137 9.664101600646973
      vertex 0 8.521903038024902 7.4833831787109375
    endloop
  endfacet
  facet normal -1 0 0
    outer loop
      vertex 0 9.699999809265137 9.664101600646973
      vertex 0 8.25 7.66506290435791
      vertex 0 9.230732917785645 9.895517349243164
    endloop
  endfacet
  facet normal -1 0 0
    outer loop
      vertex 0 7.956707954406738 7.809698104858398
      vertex 0 9.230732917785645 9.895517349243164
      vertex 0 8.25 7.66506290435791
    endloop
  endfacet
  facet normal -1 0 0
    outer loop
      vertex 0 9.230732917785645 9.895517349243164
      vertex 0 7.956707954406738 7.809698104858398
      vertex 0 8.735275268554688 10.063702583312988
    endloop
  endfacet
  facet normal -1 0 0
    outer loop
      vertex 0 8.735275268554688 10.063702583312988
      vertex 0 7.956707954406738 7.809698104858398
      vertex 0 8.2221040725708 10.165779113769531
    endloop
  endfacet
  facet normal -1 0 0
    outer loop
      vertex 0 7.64704704284668 7.914813995361328
      vertex 0 8.2221040725708 10.165779113769531
      vertex 0 7.956707954406738 7.809698104858398
    endloop
  endfacet
  facet normal -1 0 0
    outer loop
      vertex 0 8.2221040725708 10.165779113769531
      vertex 0 7.64704704284668 7.914813995361328
      vertex 0 7.699999809265137 10.199999809265137
    endloop
  endfacet
  facet normal -1 0 0
    outer loop
      vertex 0 7.326314926147461 7.978611946105957
      vertex 0 7.699999809265137 10.199999809265137
      vertex 0 7.64704704284668 7.914813995361328
    endloop
  endfacet
  facet normal -1 0 0
    outer loop
      vertex 0 7 8
      vertex 0 7.699999809265137 10.199999809265137
      vertex 0 7.326314926147461 7.978611946105957
    endloop
  endfacet
  facet normal -1 0 0
    outer loop
      vertex 0 1.0999994277954102 9.199999809265137
      vertex 0 7 8
      vertex 0 1.0999994277954102 8
    endloop
  endfacet
  facet normal -1 0 0
    outer loop
      vertex 0 7 8
      vertex 0 1.0999994277954102 9.199999809265137
      vertex 0 7.699999809265137 10.199999809265137
    endloop
  endfacet
  facet normal -1 0 0
    outer loop
      vertex 0 -1.0999994277954102 9.199999809265137
      vertex 0 7.699999809265137 10.199999809265137
      vertex 0 1.0999994277954102 9.199999809265137
    endloop
  endfacet
  facet normal -1 0 0
    outer loop
      vertex 0 -7.699999809265137 10.199999809265137
      vertex 0 -7 8
      vertex 0 -7.326314926147461 7.978611946105957
    endloop
  endfacet
  facet normal -1 0 0
    outer loop
      vertex 0 -1.0999994277954102 9.199999809265137
      vertex 0 -7.699999809265137 10.199999809265137
      vertex 0 7.699999809265137 10.199999809265137
    endloop
  endfacet
  facet normal -1 0 0
    outer loop
      vertex 0 -7 8
      vertex 0 -7.699999809265137 10.199999809265137
      vertex 0 -1.0999994277954102 9.199999809265137
    endloop
  endfacet
  facet normal -1 0 0
    outer loop
      vertex 0 -7.64704704284668 7.914813995361328
      vertex 0 -7.699999809265137 10.199999809265137
      vertex 0 -7.326314926147461 7.978611946105957
    endloop
  endfacet
  facet normal -1 0 0
    outer loop
      vertex 0 -8.2221040725708 10.165779113769531
      vertex 0 -7.64704704284668 7.914813995361328
      vertex 0 -7.956707954406738 7.809698104858398
    endloop
  endfacet
  facet normal -1 0 0
    outer loop
      vertex 0 -7.64704704284668 7.914813995361328
      vertex 0 -8.2221040725708 10.165779113769531
      vertex 0 -7.699999809265137 10.199999809265137
    endloop
  endfacet
  facet normal -1 0 0
    outer loop
      vertex 0 -9.230732917785645 9.895517349243164
      vertex 0 -7.956707954406738 7.809698104858398
      vertex 0 -8.25 7.66506290435791
    endloop
  endfacet
  facet normal -1 0 0
    outer loop
      vertex 0 -9.699999809265137 9.664101600646973
      vertex 0 -8.25 7.66506290435791
      vertex 0 -8.521903038024902 7.4833831787109375
    endloop
  endfacet
  facet normal -1 0 0
    outer loop
      vertex 0 -7.956707954406738 7.809698104858398
      vertex 0 -8.735275268554688 10.063702583312988
      vertex 0 -8.2221040725708 10.165779113769531
    endloop
  endfacet
  facet normal -1 0 0
    outer loop
      vertex 0 -10.135045051574707 9.3734130859375
      vertex 0 -8.521903038024902 7.4833831787109375
      vertex 0 -8.767766952514648 7.267766952514648
    endloop
  endfacet
  facet normal -1 0 0
    outer loop
      vertex 0 -10.8734130859375 8.635045051574707
      vertex 0 -8.767766952514648 7.267766952514648
      vertex 0 -8.983383178710938 7.021903038024902
    endloop
  endfacet
  facet normal -1 0 0
    outer loop
      vertex 0 -11.164101600646973 8.199999809265137
      vertex 0 -8.983383178710938 7.021903038024902
      vertex 0 -9.16506290435791 6.75
    endloop
  endfacet
  facet normal -1 0 0
    outer loop
      vertex 0 -7.956707954406738 7.809698104858398
      vertex 0 -9.230732917785645 9.895517349243164
      vertex 0 -8.735275268554688 10.063702583312988
    endloop
  endfacet
  facet normal -1 0 0
    outer loop
      vertex 0 -11.395517349243164 7.7307329177856445
      vertex 0 -9.16506290435791 6.75
      vertex 0 -9.309698104858398 6.456707954406738
    endloop
  endfacet
  facet normal -1 0 0
    outer loop
      vertex 0 -11.665779113769531 6.722104072570801
      vertex 0 -9.309698104858398 6.456707954406738
      vertex 0 -9.414813995361328 6.14704704284668
    endloop
  endfacet
  facet normal -1 0 0
    outer loop
      vertex 0 -11.699999809265137 6.199999809265137
      vertex 0 -9.414813995361328 6.14704704284668
      vertex 0 -9.478611946105957 5.826314926147461
    endloop
  endfacet
  facet normal -1 0 0
    outer loop
      vertex 0 -11.699999809265137 6.199999809265137
      vertex 0 -9.478611946105957 5.826314926147461
      vertex 0 -9.5 5.5
    endloop
  endfacet
  facet normal -1 0 0
    outer loop
      vertex 0 -8.25 7.66506290435791
      vertex 0 -9.699999809265137 9.664101600646973
      vertex 0 -9.230732917785645 9.895517349243164
    endloop
  endfacet
  facet normal -1 0 0
    outer loop
      vertex 0 -11.699999809265137 0
      vertex 0 -9.5 5.5
      vertex 0 -9.5 0
    endloop
  endfacet
  facet normal -1 0 0
    outer loop
      vertex 0 -9.414813995361328 6.14704704284668
      vertex 0 -11.699999809265137 6.199999809265137
      vertex 0 -11.665779113769531 6.722104072570801
    endloop
  endfacet
  facet normal -1 0 0
    outer loop
      vertex 0 -8.521903038024902 7.4833831787109375
      vertex 0 -10.135045051574707 9.3734130859375
      vertex 0 -9.699999809265137 9.664101600646973
    endloop
  endfacet
  facet normal -1 0 0
    outer loop
      vertex 0 -8.767766952514648 7.267766952514648
      vertex 0 -10.528427124023438 9.028427124023438
      vertex 0 -10.135045051574707 9.3734130859375
    endloop
  endfacet
  facet normal -1 0 0
    outer loop
      vertex 0 -8.767766952514648 7.267766952514648
      vertex 0 -10.8734130859375 8.635045051574707
      vertex 0 -10.528427124023438 9.028427124023438
    endloop
  endfacet
  facet normal -1 0 0
    outer loop
      vertex 0 -8.983383178710938 7.021903038024902
      vertex 0 -11.164101600646973 8.199999809265137
      vertex 0 -10.8734130859375 8.635045051574707
    endloop
  endfacet
  facet normal -1 0 0
    outer loop
      vertex 0 -9.16506290435791 6.75
      vertex 0 -11.395517349243164 7.7307329177856445
      vertex 0 -11.164101600646973 8.199999809265137
    endloop
  endfacet
  facet normal -1 0 0
    outer loop
      vertex 0 -9.309698104858398 6.456707954406738
      vertex 0 -11.563702583312988 7.2352752685546875
      vertex 0 -11.395517349243164 7.7307329177856445
    endloop
  endfacet
  facet normal -1 0 0
    outer loop
      vertex 0 -9.5 5.5
      vertex 0 -11.699999809265137 0
      vertex 0 -11.699999809265137 6.199999809265137
    endloop
  endfacet
  facet normal -1 0 0
    outer loop
      vertex 0 -9.309698104858398 6.456707954406738
      vertex 0 -11.665779113769531 6.722104072570801
      vertex 0 -11.563702583312988 7.2352752685546875
    endloop
  endfacet
  facet normal 0 0.6593448896916227 0.7518406190393957
    outer loop
      vertex 22.099998474121094 10.528427124023438 9.028427124023438
      vertex 24 10.135045051574707 9.3734130859375
      vertex 24 10.528427124023438 9.028427124023438
    endloop
  endfacet
  facet normal 0 0.6593448896916227 0.7518406190393957
    outer loop
      vertex 24 10.135045051574707 9.3734130859375
      vertex 22.099998474121094 10.528427124023438 9.028427124023438
      vertex 22.099998474121094 10.135045051574707 9.3734130859375
    endloop
  endfacet
  facet normal 0 0.6593448896916227 0.7518406190393958
    outer loop
      vertex 0 10.528427124023438 9.028427124023438
      vertex 1.8999996185302734 10.135045051574707 9.3734130859375
      vertex 1.8999996185302734 10.528427124023438 9.028427124023438
    endloop
  endfacet
  facet normal 0 0.6593448896916227 0.7518406190393958
    outer loop
      vertex 1.8999996185302734 10.135045051574707 9.3734130859375
      vertex 0 10.528427124023438 9.028427124023438
      vertex 0 10.135045051574707 9.3734130859375
    endloop
  endfacet
  facet normal 0 0.6593448896916227 0.7518406190393957
    outer loop
      vertex 5.09999942779541 10.528427124023438 9.028427124023438
      vertex 18.899999618530273 10.135045051574707 9.3734130859375
      vertex 18.899999618530273 10.528427124023438 9.028427124023438
    endloop
  endfacet
  facet normal 0 0.6593448896916227 0.7518406190393957
    outer loop
      vertex 18.899999618530273 10.135045051574707 9.3734130859375
      vertex 5.09999942779541 10.528427124023438 9.028427124023438
      vertex 5.09999942779541 10.135045051574707 9.3734130859375
    endloop
  endfacet
  facet normal 0 -0.32143950806452687 0.9469301149795771
    outer loop
      vertex 0 -8.735275268554688 10.063702583312988
      vertex 1.8999996185302734 -9.230732917785645 9.895517349243164
      vertex 1.8999996185302734 -8.735275268554688 10.063702583312988
    endloop
  endfacet
  facet normal 0 -0.32143950806452687 0.9469301149795771
    outer loop
      vertex 1.8999996185302734 -9.230732917785645 9.895517349243164
      vertex 0 -8.735275268554688 10.063702583312988
      vertex 0 -9.230732917785645 9.895517349243164
    endloop
  endfacet
  facet normal 0 -0.32143950806452687 0.946930114979577
    outer loop
      vertex 22.099998474121094 -8.735275268554688 10.063702583312988
      vertex 24 -9.230732917785645 9.895517349243164
      vertex 24 -8.735275268554688 10.063702583312988
    endloop
  endfacet
  facet normal 0 -0.32143950806452687 0.946930114979577
    outer loop
      vertex 24 -9.230732917785645 9.895517349243164
      vertex 22.099998474121094 -8.735275268554688 10.063702583312988
      vertex 22.099998474121094 -9.230732917785645 9.895517349243164
    endloop
  endfacet
  facet normal 0 -0.3214395080645268 0.946930114979577
    outer loop
      vertex 5.09999942779541 -8.735275268554688 10.063702583312988
      vertex 18.899999618530273 -9.230732917785645 9.895517349243164
      vertex 18.899999618530273 -8.735275268554688 10.063702583312988
    endloop
  endfacet
  facet normal 0 -0.3214395080645268 0.946930114979577
    outer loop
      vertex 18.899999618530273 -9.230732917785645 9.895517349243164
      vertex 5.09999942779541 -8.735275268554688 10.063702583312988
      vertex 5.09999942779541 -9.230732917785645 9.895517349243164
    endloop
  endfacet
  facet normal 0 0.9469318711761064 0.32143433443071645
    outer loop
      vertex 24 11.395517349243164 7.7307329177856445
      vertex 22 11.399999618530273 7.717528343200684
      vertex 0 11.395517349243164 7.7307329177856445
    endloop
  endfacet
  facet normal -3.809368964510007e-8 0.9469301149795764 0.3214395080645266
    outer loop
      vertex 24 11.563702583312988 7.2352752685546875
      vertex 22 11.399999618530273 7.717528343200684
      vertex 24 11.395517349243164 7.7307329177856445
    endloop
  endfacet
  facet normal 0 0.9469300668928424 0.3214396497234231
    outer loop
      vertex 22 11.399999618530273 7.717528343200684
      vertex 24 11.563702583312988 7.2352752685546875
      vertex 22 11.563702583312988 7.2352752685546875
    endloop
  endfacet
  facet normal 0 0.9469318711761064 0.32143433443071645
    outer loop
      vertex 2 11.399999618530273 7.717528343200684
      vertex 0 11.395517349243164 7.7307329177856445
      vertex 22 11.399999618530273 7.717528343200684
    endloop
  endfacet
  facet normal 3.9136731222512285e-8 0.9469300668928416 0.3214396497234228
    outer loop
      vertex 2 11.563702583312988 7.2352752685546875
      vertex 0 11.395517349243164 7.7307329177856445
      vertex 2 11.399999618530273 7.717528343200684
    endloop
  endfacet
  facet normal 0 0.9469301149795771 0.32143950806452687
    outer loop
      vertex 0 11.395517349243164 7.7307329177856445
      vertex 2 11.563702583312988 7.2352752685546875
      vertex 0 11.563702583312988 7.2352752685546875
    endloop
  endfacet
  facet normal 0 -1 0
    outer loop
      vertex 17.899999618530273 -11.699999809265137 1.6467801332473755
      vertex 24 -11.699999809265137 6.199999809265137
      vertex 14.299999237060547 -11.699999809265137 1.6467801332473755
    endloop
  endfacet
  facet normal 0 -1 0
    outer loop
      vertex 13.799999237060547 -11.699999809265137 0
      vertex 14.299999237060547 -11.699999809265137 1.6467801332473755
      vertex 13.799999237060547 -11.699999809265137 1.6467816829681396
    endloop
  endfacet
  facet normal 0 -1 0
    outer loop
      vertex 14.299999237060547 -11.699999809265137 1.6467801332473755
      vertex 13.799999237060547 -11.699999809265137 0
      vertex 14.299999237060547 -11.699999809265137 0
    endloop
  endfacet
  facet normal 0 -1 0
    outer loop
      vertex 9.699999809265137 -11.699999809265137 1.6467801332473755
      vertex 0 -11.699999809265137 6.199999809265137
      vertex 6.09999942779541 -11.699999809265137 1.6467801332473755
    endloop
  endfacet
  facet normal 0 -1 0
    outer loop
      vertex 5.59999942779541 -11.699999809265137 0
      vertex 6.09999942779541 -11.699999809265137 1.6467801332473755
      vertex 5.59999942779541 -11.699999809265137 1.6467816829681396
    endloop
  endfacet
  facet normal 0 -1 0
    outer loop
      vertex 6.09999942779541 -11.699999809265137 1.6467801332473755
      vertex 5.59999942779541 -11.699999809265137 0
      vertex 6.09999942779541 -11.699999809265137 0
    endloop
  endfacet
  facet normal 0 -1 0
    outer loop
      vertex 5.59999942779541 -11.699999809265137 1.6467816829681396
      vertex 0 -11.699999809265137 6.199999809265137
      vertex 1.9999990463256836 -11.699999809265137 1.6467816829681396
    endloop
  endfacet
  facet normal 0 -1 0
    outer loop
      vertex 0 -11.699999809265137 0
      vertex 1.9999990463256836 -11.699999809265137 1.6467816829681396
      vertex 0 -11.699999809265137 6.199999809265137
    endloop
  endfacet
  facet normal 0 -1 0
    outer loop
      vertex 1.9999990463256836 -11.699999809265137 1.6467816829681396
      vertex 0 -11.699999809265137 0
      vertex 1.9999990463256836 -11.699999809265137 0
    endloop
  endfacet
  facet normal 0 -1 0
    outer loop
      vertex 6.09999942779541 -11.699999809265137 1.6467801332473755
      vertex 0 -11.699999809265137 6.199999809265137
      vertex 5.59999942779541 -11.699999809265137 1.6467816829681396
    endloop
  endfacet
  facet normal 0 -1 0
    outer loop
      vertex 0 -11.699999809265137 6.199999809265137
      vertex 10.199999809265137 -11.699999809265137 1.6467816829681396
      vertex 24 -11.699999809265137 6.199999809265137
    endloop
  endfacet
  facet normal 0 -1 0
    outer loop
      vertex 13.799999237060547 -11.699999809265137 1.6467816829681396
      vertex 24 -11.699999809265137 6.199999809265137
      vertex 10.199999809265137 -11.699999809265137 1.6467816829681396
    endloop
  endfacet
  facet normal 0 -1 0
    outer loop
      vertex 14.299999237060547 -11.699999809265137 1.6467801332473755
      vertex 24 -11.699999809265137 6.199999809265137
      vertex 13.799999237060547 -11.699999809265137 1.6467816829681396
    endloop
  endfacet
  facet normal 0 -1 0
    outer loop
      vertex 22 -11.699999809265137 1.6467816829681396
      vertex 24 -11.699999809265137 6.199999809265137
      vertex 18.399999618530273 -11.699999809265137 1.6467816829681396
    endloop
  endfacet
  facet normal 0 -1 0
    outer loop
      vertex 24 -11.699999809265137 0
      vertex 22 -11.699999809265137 1.6467816829681396
      vertex 22 -11.699999809265137 0
    endloop
  endfacet
  facet normal 0 -1 0
    outer loop
      vertex 22 -11.699999809265137 1.6467816829681396
      vertex 24 -11.699999809265137 0
      vertex 24 -11.699999809265137 6.199999809265137
    endloop
  endfacet
  facet normal 0 -1 0
    outer loop
      vertex 0 -11.699999809265137 6.199999809265137
      vertex 9.699999809265137 -11.699999809265137 1.6467801332473755
      vertex 10.199999809265137 -11.699999809265137 1.6467816829681396
    endloop
  endfacet
  facet normal 0 -1 0
    outer loop
      vertex 9.699999809265137 -11.699999809265137 0
      vertex 10.199999809265137 -11.699999809265137 1.6467816829681396
      vertex 9.699999809265137 -11.699999809265137 1.6467801332473755
    endloop
  endfacet
  facet normal 0 -1 0
    outer loop
      vertex 10.199999809265137 -11.699999809265137 1.6467816829681396
      vertex 9.699999809265137 -11.699999809265137 0
      vertex 10.199999809265137 -11.699999809265137 0
    endloop
  endfacet
  facet normal 0 -1 0
    outer loop
      vertex 24 -11.699999809265137 6.199999809265137
      vertex 17.899999618530273 -11.699999809265137 1.6467801332473755
      vertex 18.399999618530273 -11.699999809265137 1.6467816829681396
    endloop
  endfacet
  facet normal 0 -1 0
    outer loop
      vertex 17.899999618530273 -11.699999809265137 0
      vertex 18.399999618530273 -11.699999809265137 1.6467816829681396
      vertex 17.899999618530273 -11.699999809265137 1.6467801332473755
    endloop
  endfacet
  facet normal 0 -1 0
    outer loop
      vertex 18.399999618530273 -11.699999809265137 1.6467816829681396
      vertex 17.899999618530273 -11.699999809265137 0
      vertex 18.399999618530273 -11.699999809265137 0
    endloop
  endfacet
  facet normal 0 -0.6593448896916227 0.7518406190393958
    outer loop
      vertex 0 -10.135045051574707 9.3734130859375
      vertex 1.8999996185302734 -10.528427124023438 9.028427124023438
      vertex 1.8999996185302734 -10.135045051574707 9.3734130859375
    endloop
  endfacet
  facet normal 0 -0.6593448896916227 0.7518406190393958
    outer loop
      vertex 1.8999996185302734 -10.528427124023438 9.028427124023438
      vertex 0 -10.135045051574707 9.3734130859375
      vertex 0 -10.528427124023438 9.028427124023438
    endloop
  endfacet
  facet normal 0 -0.6593448896916227 0.7518406190393957
    outer loop
      vertex 22.099998474121094 -10.135045051574707 9.3734130859375
      vertex 24 -10.528427124023438 9.028427124023438
      vertex 24 -10.135045051574707 9.3734130859375
    endloop
  endfacet
  facet normal 0 -0.6593448896916227 0.7518406190393957
    outer loop
      vertex 24 -10.528427124023438 9.028427124023438
      vertex 22.099998474121094 -10.135045051574707 9.3734130859375
      vertex 22.099998474121094 -10.528427124023438 9.028427124023438
    endloop
  endfacet
  facet normal 0 -0.6593448896916227 0.7518406190393957
    outer loop
      vertex 5.09999942779541 -10.135045051574707 9.3734130859375
      vertex 18.899999618530273 -10.528427124023438 9.028427124023438
      vertex 18.899999618530273 -10.135045051574707 9.3734130859375
    endloop
  endfacet
  facet normal 0 -0.6593448896916227 0.7518406190393957
    outer loop
      vertex 18.899999618530273 -10.528427124023438 9.028427124023438
      vertex 5.09999942779541 -10.135045051574707 9.3734130859375
      vertex 5.09999942779541 -10.528427124023438 9.028427124023438
    endloop
  endfacet
  facet normal 0 0.9978589015191365 0.06540346060433191
    outer loop
      vertex 2 11.699999809265137 6.199999809265137
      vertex 0 11.665779113769531 6.722104072570801
      vertex 2 11.665779113769531 6.722104072570801
    endloop
  endfacet
  facet normal 0 0.9978589015191365 0.06540346060433191
    outer loop
      vertex 0 11.665779113769531 6.722104072570801
      vertex 2 11.699999809265137 6.199999809265137
      vertex 0 11.699999809265137 6.199999809265137
    endloop
  endfacet
  facet normal 0 0.9978589015191365 0.06540346060433191
    outer loop
      vertex 24 11.699999809265137 6.199999809265137
      vertex 22 11.665779113769531 6.722104072570801
      vertex 24 11.665779113769531 6.722104072570801
    endloop
  endfacet
  facet normal 0 0.9978589015191365 0.06540346060433191
    outer loop
      vertex 22 11.665779113769531 6.722104072570801
      vertex 24 11.699999809265137 6.199999809265137
      vertex 22 11.699999809265137 6.199999809265137
    endloop
  endfacet
  facet normal 1 0 0
    outer loop
      vertex 24 11.699999809265137 6.199999809265137
      vertex 24 9.478611946105957 5.826314926147461
      vertex 24 9.5 5.5
    endloop
  endfacet
  facet normal 1 0 0
    outer loop
      vertex 24 10.135045051574707 9.3734130859375
      vertex 24 9.414813995361328 6.14704704284668
      vertex 24 9.478611946105957 5.826314926147461
    endloop
  endfacet
  facet normal 1 0 0
    outer loop
      vertex 24 10.135045051574707 9.3734130859375
      vertex 24 9.309698104858398 6.456707954406738
      vertex 24 9.414813995361328 6.14704704284668
    endloop
  endfacet
  facet normal 1 0 0
    outer loop
      vertex 24 8.25 7.66506290435791
      vertex 24 9.699999809265137 9.664101600646973
      vertex 24 9.230732917785645 9.895517349243164
    endloop
  endfacet
  facet normal 1 0 0
    outer loop
      vertex 24 10.135045051574707 9.3734130859375
      vertex 24 9.16506290435791 6.75
      vertex 24 9.309698104858398 6.456707954406738
    endloop
  endfacet
  facet normal 1 0 0
    outer loop
      vertex 24 10.135045051574707 9.3734130859375
      vertex 24 8.983383178710938 7.021903038024902
      vertex 24 9.16506290435791 6.75
    endloop
  endfacet
  facet normal 1 0 0
    outer loop
      vertex 24 10.135045051574707 9.3734130859375
      vertex 24 8.767766952514648 7.267766952514648
      vertex 24 8.983383178710938 7.021903038024902
    endloop
  endfacet
  facet normal 1 0 0
    outer loop
      vertex 24 7.956707954406738 7.809698104858398
      vertex 24 9.230732917785645 9.895517349243164
      vertex 24 8.735275268554688 10.063702583312988
    endloop
  endfacet
  facet normal 1 0 0
    outer loop
      vertex 24 10.135045051574707 9.3734130859375
      vertex 24 8.521903038024902 7.4833831787109375
      vertex 24 8.767766952514648 7.267766952514648
    endloop
  endfacet
  facet normal 1 0 0
    outer loop
      vertex 24 9.699999809265137 9.664101600646973
      vertex 24 8.25 7.66506290435791
      vertex 24 8.521903038024902 7.4833831787109375
    endloop
  endfacet
  facet normal 1 0 0
    outer loop
      vertex 24 7.956707954406738 7.809698104858398
      vertex 24 8.735275268554688 10.063702583312988
      vertex 24 8.2221040725708 10.165779113769531
    endloop
  endfacet
  facet normal 1 0 0
    outer loop
      vertex 24 9.230732917785645 9.895517349243164
      vertex 24 7.956707954406738 7.809698104858398
      vertex 24 8.25 7.66506290435791
    endloop
  endfacet
  facet normal 1 0 0
    outer loop
      vertex 24 7.64704704284668 7.914813995361328
      vertex 24 8.2221040725708 10.165779113769531
      vertex 24 7.699999809265137 10.199999809265137
    endloop
  endfacet
  facet normal 1 0 0
    outer loop
      vertex 24 8.2221040725708 10.165779113769531
      vertex 24 7.64704704284668 7.914813995361328
      vertex 24 7.956707954406738 7.809698104858398
    endloop
  endfacet
  facet normal 1 0 0
    outer loop
      vertex 24 7.699999809265137 10.199999809265137
      vertex 24 7.326314926147461 7.978611946105957
      vertex 24 7.64704704284668 7.914813995361328
    endloop
  endfacet
  facet normal 1 0 0
    outer loop
      vertex 24 7.699999809265137 10.199999809265137
      vertex 24 7 8
      vertex 24 7.326314926147461 7.978611946105957
    endloop
  endfacet
  facet normal 1 0 0
    outer loop
      vertex 24 7.699999809265137 10.199999809265137
      vertex 24 -7 8
      vertex 24 7 8
    endloop
  endfacet
  facet normal 1 0 0
    outer loop
      vertex 24 -7.699999809265137 10.199999809265137
      vertex 24 -7 8
      vertex 24 7.699999809265137 10.199999809265137
    endloop
  endfacet
  facet normal 1 0 0
    outer loop
      vertex 24 -7 8
      vertex 24 -7.699999809265137 10.199999809265137
      vertex 24 -7.326314926147461 7.978611946105957
    endloop
  endfacet
  facet normal 1 0 0
    outer loop
      vertex 24 -7.699999809265137 10.199999809265137
      vertex 24 -7.64704704284668 7.914813995361328
      vertex 24 -7.326314926147461 7.978611946105957
    endloop
  endfacet
  facet normal 1 0 0
    outer loop
      vertex 24 -8.2221040725708 10.165779113769531
      vertex 24 -7.64704704284668 7.914813995361328
      vertex 24 -7.699999809265137 10.199999809265137
    endloop
  endfacet
  facet normal 1 0 0
    outer loop
      vertex 24 -7.64704704284668 7.914813995361328
      vertex 24 -8.2221040725708 10.165779113769531
      vertex 24 -7.956707954406738 7.809698104858398
    endloop
  endfacet
  facet normal 1 0 0
    outer loop
      vertex 24 -8.735275268554688 10.063702583312988
      vertex 24 -7.956707954406738 7.809698104858398
      vertex 24 -8.2221040725708 10.165779113769531
    endloop
  endfacet
  facet normal 1 0 0
    outer loop
      vertex 24 -9.230732917785645 9.895517349243164
      vertex 24 -7.956707954406738 7.809698104858398
      vertex 24 -8.735275268554688 10.063702583312988
    endloop
  endfacet
  facet normal 1 0 0
    outer loop
      vertex 24 -7.956707954406738 7.809698104858398
      vertex 24 -9.230732917785645 9.895517349243164
      vertex 24 -8.25 7.66506290435791
    endloop
  endfacet
  facet normal 1 0 0
    outer loop
      vertex 24 -9.699999809265137 9.664101600646973
      vertex 24 -8.25 7.66506290435791
      vertex 24 -9.230732917785645 9.895517349243164
    endloop
  endfacet
  facet normal 1 0 0
    outer loop
      vertex 24 -8.25 7.66506290435791
      vertex 24 -9.699999809265137 9.664101600646973
      vertex 24 -8.521903038024902 7.4833831787109375
    endloop
  endfacet
  facet normal 1 0 0
    outer loop
      vertex 24 -10.135045051574707 9.3734130859375
      vertex 24 -8.521903038024902 7.4833831787109375
      vertex 24 -9.699999809265137 9.664101600646973
    endloop
  endfacet
  facet normal 1 0 0
    outer loop
      vertex 24 -8.521903038024902 7.4833831787109375
      vertex 24 -10.135045051574707 9.3734130859375
      vertex 24 -8.767766952514648 7.267766952514648
    endloop
  endfacet
  facet normal 1 0 0
    outer loop
      vertex 24 -10.528427124023438 9.028427124023438
      vertex 24 -8.767766952514648 7.267766952514648
      vertex 24 -10.135045051574707 9.3734130859375
    endloop
  endfacet
  facet normal 1 0 0
    outer loop
      vertex 24 -10.8734130859375 8.635045051574707
      vertex 24 -8.767766952514648 7.267766952514648
      vertex 24 -10.528427124023438 9.028427124023438
    endloop
  endfacet
  facet normal 1 0 0
    outer loop
      vertex 24 -8.767766952514648 7.267766952514648
      vertex 24 -10.8734130859375 8.635045051574707
      vertex 24 -8.983383178710938 7.021903038024902
    endloop
  endfacet
  facet normal 1 0 0
    outer loop
      vertex 24 -11.164101600646973 8.199999809265137
      vertex 24 -8.983383178710938 7.021903038024902
      vertex 24 -10.8734130859375 8.635045051574707
    endloop
  endfacet
  facet normal 1 0 0
    outer loop
      vertex 24 -8.983383178710938 7.021903038024902
      vertex 24 -11.164101600646973 8.199999809265137
      vertex 24 -9.16506290435791 6.75
    endloop
  endfacet
  facet normal 1 0 0
    outer loop
      vertex 24 -11.395517349243164 7.7307329177856445
      vertex 24 -9.16506290435791 6.75
      vertex 24 -11.164101600646973 8.199999809265137
    endloop
  endfacet
  facet normal 1 0 0
    outer loop
      vertex 24 -9.16506290435791 6.75
      vertex 24 -11.395517349243164 7.7307329177856445
      vertex 24 -9.309698104858398 6.456707954406738
    endloop
  endfacet
  facet normal 1 0 0
    outer loop
      vertex 24 -11.563702583312988 7.2352752685546875
      vertex 24 -9.309698104858398 6.456707954406738
      vertex 24 -11.395517349243164 7.7307329177856445
    endloop
  endfacet
  facet normal 1 0 0
    outer loop
      vertex 24 -11.665779113769531 6.722104072570801
      vertex 24 -9.309698104858398 6.456707954406738
      vertex 24 -11.563702583312988 7.2352752685546875
    endloop
  endfacet
  facet normal 1 0 0
    outer loop
      vertex 24 -9.309698104858398 6.456707954406738
      vertex 24 -11.665779113769531 6.722104072570801
      vertex 24 -9.414813995361328 6.14704704284668
    endloop
  endfacet
  facet normal 1 0 0
    outer loop
      vertex 24 -11.699999809265137 6.199999809265137
      vertex 24 -9.414813995361328 6.14704704284668
      vertex 24 -11.665779113769531 6.722104072570801
    endloop
  endfacet
  facet normal 1 0 0
    outer loop
      vertex 24 -9.414813995361328 6.14704704284668
      vertex 24 -11.699999809265137 6.199999809265137
      vertex 24 -9.478611946105957 5.826314926147461
    endloop
  endfacet
  facet normal 1 0 0
    outer loop
      vertex 24 -9.478611946105957 5.826314926147461
      vertex 24 -11.699999809265137 6.199999809265137
      vertex 24 -9.5 5.5
    endloop
  endfacet
  facet normal 1 0 0
    outer loop
      vertex 24 -11.699999809265137 0
      vertex 24 -9.5 5.5
      vertex 24 -11.699999809265137 6.199999809265137
    endloop
  endfacet
  facet normal 1 0 0
    outer loop
      vertex 24 -9.5 5.5
      vertex 24 -11.699999809265137 0
      vertex 24 -9.5 0
    endloop
  endfacet
  facet normal 1 0 0
    outer loop
      vertex 24 9.478611946105957 5.826314926147461
      vertex 24 11.699999809265137 6.199999809265137
      vertex 24 11.665779113769531 6.722104072570801
    endloop
  endfacet
  facet normal 1 0 0
    outer loop
      vertex 24 9.478611946105957 5.826314926147461
      vertex 24 11.665779113769531 6.722104072570801
      vertex 24 11.563702583312988 7.2352752685546875
    endloop
  endfacet
  facet normal 1 0 0
    outer loop
      vertex 24 9.478611946105957 5.826314926147461
      vertex 24 11.563702583312988 7.2352752685546875
      vertex 24 11.395517349243164 7.7307329177856445
    endloop
  endfacet
  facet normal 1 0 0
    outer loop
      vertex 24 9.478611946105957 5.826314926147461
      vertex 24 11.395517349243164 7.7307329177856445
      vertex 24 11.164101600646973 8.199999809265137
    endloop
  endfacet
  facet normal 1 0 0
    outer loop
      vertex 24 9.478611946105957 5.826314926147461
      vertex 24 11.164101600646973 8.199999809265137
      vertex 24 10.8734130859375 8.635045051574707
    endloop
  endfacet
  facet normal 1 0 0
    outer loop
      vertex 24 9.478611946105957 5.826314926147461
      vertex 24 10.8734130859375 8.635045051574707
      vertex 24 10.528427124023438 9.028427124023438
    endloop
  endfacet
  facet normal 1 0 0
    outer loop
      vertex 24 9.478611946105957 5.826314926147461
      vertex 24 10.528427124023438 9.028427124023438
      vertex 24 10.135045051574707 9.3734130859375
    endloop
  endfacet
  facet normal 1 0 0
    outer loop
      vertex 24 8.521903038024902 7.4833831787109375
      vertex 24 10.135045051574707 9.3734130859375
      vertex 24 9.699999809265137 9.664101600646973
    endloop
  endfacet
  facet normal 1 0 0
    outer loop
      vertex 24 11.699999809265137 6.199999809265137
      vertex 24 9.5 5.5
      vertex 24 11.699999809265137 0
    endloop
  endfacet
  facet normal 1 0 0
    outer loop
      vertex 24 11.699999809265137 0
      vertex 24 9.5 5.5
      vertex 24 9.5 0
    endloop
  endfacet
  facet normal 0 0.9807851220589578 0.19509111806485527
    outer loop
      vertex 24 11.665779113769531 6.722104072570801
      vertex 22 11.563702583312988 7.2352752685546875
      vertex 24 11.563702583312988 7.2352752685546875
    endloop
  endfacet
  facet normal 0 0.9807851220589578 0.19509111806485527
    outer loop
      vertex 22 11.563702583312988 7.2352752685546875
      vertex 24 11.665779113769531 6.722104072570801
      vertex 22 11.665779113769531 6.722104072570801
    endloop
  endfacet
  facet normal 0 0.9807851220589578 0.19509111806485527
    outer loop
      vertex 2 11.665779113769531 6.722104072570801
      vertex 0 11.563702583312988 7.2352752685546875
      vertex 2 11.563702583312988 7.2352752685546875
    endloop
  endfacet
  facet normal 0 0.9807851220589578 0.19509111806485527
    outer loop
      vertex 0 11.563702583312988 7.2352752685546875
      vertex 2 11.665779113769531 6.722104072570801
      vertex 0 11.665779113769531 6.722104072570801
    endloop
  endfacet
  facet normal 0 -0.831469102647682 0.55557099577125
    outer loop
      vertex 0 -11.164101600646973 8.199999809265137
      vertex 24 -10.8734130859375 8.635045051574707
      vertex 0 -10.8734130859375 8.635045051574707
    endloop
  endfacet
  facet normal 0 -0.831469102647682 0.55557099577125
    outer loop
      vertex 24 -10.8734130859375 8.635045051574707
      vertex 0 -11.164101600646973 8.199999809265137
      vertex 24 -11.164101600646973 8.199999809265137
    endloop
  endfacet
  facet normal 0 -0.19509111806485527 0.9807851220589578
    outer loop
      vertex 0 -8.2221040725708 10.165779113769531
      vertex 1.8999996185302734 -8.735275268554688 10.063702583312988
      vertex 1.8999996185302734 -8.2221040725708 10.165779113769531
    endloop
  endfacet
  facet normal 0 -0.19509111806485527 0.9807851220589578
    outer loop
      vertex 1.8999996185302734 -8.735275268554688 10.063702583312988
      vertex 0 -8.2221040725708 10.165779113769531
      vertex 0 -8.735275268554688 10.063702583312988
    endloop
  endfacet
  facet normal 0 -0.19509111806485527 0.9807851220589578
    outer loop
      vertex 22.099998474121094 -8.2221040725708 10.165779113769531
      vertex 24 -8.735275268554688 10.063702583312988
      vertex 24 -8.2221040725708 10.165779113769531
    endloop
  endfacet
  facet normal 0 -0.19509111806485527 0.9807851220589578
    outer loop
      vertex 24 -8.735275268554688 10.063702583312988
      vertex 22.099998474121094 -8.2221040725708 10.165779113769531
      vertex 22.099998474121094 -8.735275268554688 10.063702583312988
    endloop
  endfacet
  facet normal 0 -0.19509111806485527 0.9807851220589578
    outer loop
      vertex 5.09999942779541 -8.2221040725708 10.165779113769531
      vertex 18.899999618530273 -8.735275268554688 10.063702583312988
      vertex 18.899999618530273 -8.2221040725708 10.165779113769531
    endloop
  endfacet
  facet normal 0 -0.19509111806485527 0.9807851220589578
    outer loop
      vertex 18.899999618530273 -8.735275268554688 10.063702583312988
      vertex 5.09999942779541 -8.2221040725708 10.165779113769531
      vertex 5.09999942779541 -8.735275268554688 10.063702583312988
    endloop
  endfacet
  facet normal 0 0.32143950806452687 0.9469301149795771
    outer loop
      vertex 0 9.230732917785645 9.895517349243164
      vertex 1.8999996185302734 8.735275268554688 10.063702583312988
      vertex 1.8999996185302734 9.230732917785645 9.895517349243164
    endloop
  endfacet
  facet normal 0 0.32143950806452687 0.9469301149795771
    outer loop
      vertex 1.8999996185302734 8.735275268554688 10.063702583312988
      vertex 0 9.230732917785645 9.895517349243164
      vertex 0 8.735275268554688 10.063702583312988
    endloop
  endfacet
  facet normal 0 0.32143950806452687 0.946930114979577
    outer loop
      vertex 22.099998474121094 9.230732917785645 9.895517349243164
      vertex 24 8.735275268554688 10.063702583312988
      vertex 24 9.230732917785645 9.895517349243164
    endloop
  endfacet
  facet normal 0 0.32143950806452687 0.946930114979577
    outer loop
      vertex 24 8.735275268554688 10.063702583312988
      vertex 22.099998474121094 9.230732917785645 9.895517349243164
      vertex 22.099998474121094 8.735275268554688 10.063702583312988
    endloop
  endfacet
  facet normal 0 0.3214395080645268 0.946930114979577
    outer loop
      vertex 5.09999942779541 9.230732917785645 9.895517349243164
      vertex 18.899999618530273 8.735275268554688 10.063702583312988
      vertex 18.899999618530273 9.230732917785645 9.895517349243164
    endloop
  endfacet
  facet normal 0 0.3214395080645268 0.946930114979577
    outer loop
      vertex 18.899999618530273 8.735275268554688 10.063702583312988
      vertex 5.09999942779541 9.230732917785645 9.895517349243164
      vertex 5.09999942779541 8.735275268554688 10.063702583312988
    endloop
  endfacet
  facet normal 0 -0.8968735546524509 0.44228704137141206
    outer loop
      vertex 0 -11.395517349243164 7.7307329177856445
      vertex 24 -11.164101600646973 8.199999809265137
      vertex 0 -11.164101600646973 8.199999809265137
    endloop
  endfacet
  facet normal 0 -0.8968735546524509 0.44228704137141206
    outer loop
      vertex 24 -11.164101600646973 8.199999809265137
      vertex 0 -11.395517349243164 7.7307329177856445
      vertex 24 -11.395517349243164 7.7307329177856445
    endloop
  endfacet
  facet normal 0 -0.9807851220589577 0.19509111806485524
    outer loop
      vertex 0 -11.665779113769531 6.722104072570801
      vertex 24 -11.563702583312988 7.2352752685546875
      vertex 0 -11.563702583312988 7.2352752685546875
    endloop
  endfacet
  facet normal 0 -0.9807851220589577 0.19509111806485524
    outer loop
      vertex 24 -11.563702583312988 7.2352752685546875
      vertex 0 -11.665779113769531 6.722104072570801
      vertex 24 -11.665779113769531 6.722104072570801
    endloop
  endfacet
  facet normal 0 -0.946930114979577 0.32143950806452687
    outer loop
      vertex 0 -11.563702583312988 7.2352752685546875
      vertex 24 -11.395517349243164 7.7307329177856445
      vertex 0 -11.395517349243164 7.7307329177856445
    endloop
  endfacet
  facet normal 0 -0.946930114979577 0.32143950806452687
    outer loop
      vertex 24 -11.395517349243164 7.7307329177856445
      vertex 0 -11.563702583312988 7.2352752685546875
      vertex 24 -11.563702583312988 7.2352752685546875
    endloop
  endfacet
  facet normal 0 -0.7518407775164588 -0.6593447089826737
    outer loop
      vertex 0 8.983383178710938 7.021903038024902
      vertex 1.8999996185302734 8.767766952514648 7.267766952514648
      vertex 0 8.767766952514648 7.267766952514648
    endloop
  endfacet
  facet normal 0 -0.7518407775164588 -0.6593447089826737
    outer loop
      vertex 1.8999996185302734 8.767766952514648 7.267766952514648
      vertex 0 8.983383178710938 7.021903038024902
      vertex 1.8999996185302734 8.983383178710938 7.021903038024902
    endloop
  endfacet
  facet normal 0 -0.7518407775164587 -0.6593447089826737
    outer loop
      vertex 22.099998474121094 8.983383178710938 7.021903038024902
      vertex 24 8.767766952514648 7.267766952514648
      vertex 22.099998474121094 8.767766952514648 7.267766952514648
    endloop
  endfacet
  facet normal 0 -0.7518407775164587 -0.6593447089826737
    outer loop
      vertex 24 8.767766952514648 7.267766952514648
      vertex 22.099998474121094 8.983383178710938 7.021903038024902
      vertex 24 8.983383178710938 7.021903038024902
    endloop
  endfacet
  facet normal 0 -0.7518407775164587 -0.6593447089826737
    outer loop
      vertex 5.09999942779541 8.983383178710938 7.021903038024902
      vertex 18.899999618530273 8.767766952514648 7.267766952514648
      vertex 5.09999942779541 8.767766952514648 7.267766952514648
    endloop
  endfacet
  facet normal 0 -0.7518407775164587 -0.6593447089826737
    outer loop
      vertex 18.899999618530273 8.767766952514648 7.267766952514648
      vertex 5.09999942779541 8.983383178710938 7.021903038024902
      vertex 18.899999618530273 8.983383178710938 7.021903038024902
    endloop
  endfacet
  facet normal 0 -1 0
    outer loop
      vertex 0 9.5 5.5
      vertex 1.8999996185302734 9.5 5
      vertex 1.8999996185302734 9.5 5.5
    endloop
  endfacet
  facet normal 0 -1 0
    outer loop
      vertex 0 9.5 0
      vertex 5.09999942779541 9.5 5
      vertex 1.8999996185302734 9.5 5
    endloop
  endfacet
  facet normal 0 -1 0
    outer loop
      vertex 5.09999942779541 9.5 5
      vertex 0 9.5 0
      vertex 18.899999618530273 9.5 5
    endloop
  endfacet
  facet normal 0 -1 0
    outer loop
      vertex 24 9.5 0
      vertex 18.899999618530273 9.5 5
      vertex 0 9.5 0
    endloop
  endfacet
  facet normal 0 -1 0
    outer loop
      vertex 0 9.5 0
      vertex 1.8999996185302734 9.5 5
      vertex 0 9.5 5.5
    endloop
  endfacet
  facet normal 0 -1 0
    outer loop
      vertex 5.09999942779541 9.5 5
      vertex 18.899999618530273 9.5 5.5
      vertex 5.09999942779541 9.5 5.5
    endloop
  endfacet
  facet normal 0 -1 0
    outer loop
      vertex 18.899999618530273 9.5 5.5
      vertex 5.09999942779541 9.5 5
      vertex 18.899999618530273 9.5 5
    endloop
  endfacet
  facet normal 0 -1 0
    outer loop
      vertex 22.099998474121094 9.5 5
      vertex 24 9.5 5.5
      vertex 22.099998474121094 9.5 5.5
    endloop
  endfacet
  facet normal 0 -1 0
    outer loop
      vertex 22.099998474121094 9.5 5
      vertex 24 9.5 0
      vertex 24 9.5 5.5
    endloop
  endfacet
  facet normal 0 -1 0
    outer loop
      vertex 18.899999618530273 9.5 5
      vertex 24 9.5 0
      vertex 22.099998474121094 9.5 5
    endloop
  endfacet
  facet normal 0 -0.1950913989758835 -0.9807850661820012
    outer loop
      vertex 0 7.326314926147461 7.978611946105957
      vertex 1.8999996185302734 7.64704704284668 7.914813995361328
      vertex 1.8999996185302734 7.326314926147461 7.978611946105957
    endloop
  endfacet
  facet normal 0 -0.1950913989758835 -0.9807850661820012
    outer loop
      vertex 1.8999996185302734 7.64704704284668 7.914813995361328
      vertex 0 7.326314926147461 7.978611946105957
      vertex 0 7.64704704284668 7.914813995361328
    endloop
  endfacet
  facet normal 0 -0.1950913989758835 -0.9807850661820011
    outer loop
      vertex 22.099998474121094 7.326314926147461 7.978611946105957
      vertex 24 7.64704704284668 7.914813995361328
      vertex 24 7.326314926147461 7.978611946105957
    endloop
  endfacet
  facet normal 0 -0.1950913989758835 -0.9807850661820011
    outer loop
      vertex 24 7.64704704284668 7.914813995361328
      vertex 22.099998474121094 7.326314926147461 7.978611946105957
      vertex 22.099998474121094 7.64704704284668 7.914813995361328
    endloop
  endfacet
  facet normal 0 -0.19509139897588354 -0.9807850661820013
    outer loop
      vertex 5.09999942779541 7.326314926147461 7.978611946105957
      vertex 18.899999618530273 7.64704704284668 7.914813995361328
      vertex 18.899999618530273 7.326314926147461 7.978611946105957
    endloop
  endfacet
  facet normal 0 -0.19509139897588354 -0.9807850661820013
    outer loop
      vertex 18.899999618530273 7.64704704284668 7.914813995361328
      vertex 5.09999942779541 7.326314926147461 7.978611946105957
      vertex 5.09999942779541 7.64704704284668 7.914813995361328
    endloop
  endfacet
  facet normal 0 0 -1
    outer loop
      vertex 0 -7 8
      vertex 1.8999996185302734 -1.0999994277954102 8
      vertex 1.8999996185302734 -7 8
    endloop
  endfacet
  facet normal 0 0 -1
    outer loop
      vertex 1.8999996185302734 -1.0999994277954102 8
      vertex 0 -7 8
      vertex 0 -1.0999994277954102 8
    endloop
  endfacet
  facet normal 0 0 -1
    outer loop
      vertex 22.099998474121094 -7 8
      vertex 24 7 8
      vertex 24 -7 8
    endloop
  endfacet
  facet normal 0 0 -1
    outer loop
      vertex 24 7 8
      vertex 22.099998474121094 -7 8
      vertex 22.099998474121094 7 8
    endloop
  endfacet
  facet normal 0 0 -1
    outer loop
      vertex 0 1.0999994277954102 8
      vertex 1.8999996185302734 7 8
      vertex 1.8999996185302734 1.0999994277954102 8
    endloop
  endfacet
  facet normal 0 0 -1
    outer loop
      vertex 1.8999996185302734 7 8
      vertex 0 1.0999994277954102 8
      vertex 0 7 8
    endloop
  endfacet
  facet normal 0 0 -1
    outer loop
      vertex 5.09999942779541 -7 8
      vertex 18.899999618530273 -4 8
      vertex 18.899999618530273 -7 8
    endloop
  endfacet
  facet normal 0 0 -1
    outer loop
      vertex 18.899999618530273 -4 8
      vertex 5.09999942779541 -7 8
      vertex 5.09999942779541 -4 8
    endloop
  endfacet
  facet normal 0 0 -1
    outer loop
      vertex 5.09999942779541 4 8
      vertex 18.899999618530273 7 8
      vertex 18.899999618530273 4 8
    endloop
  endfacet
  facet normal 0 0 -1
    outer loop
      vertex 18.899999618530273 7 8
      vertex 5.09999942779541 4 8
      vertex 5.09999942779541 7 8
    endloop
  endfacet
  facet normal 0 0.5555700724609723 -0.8314697195843693
    outer loop
      vertex 0 -8.521903038024902 7.4833831787109375
      vertex 1.8999996185302734 -8.25 7.66506290435791
      vertex 1.8999996185302734 -8.521903038024902 7.4833831787109375
    endloop
  endfacet
  facet normal 0 0.5555700724609723 -0.8314697195843693
    outer loop
      vertex 1.8999996185302734 -8.25 7.66506290435791
      vertex 0 -8.521903038024902 7.4833831787109375
      vertex 0 -8.25 7.66506290435791
    endloop
  endfacet
  facet normal 0 0.5555700724609723 -0.8314697195843694
    outer loop
      vertex 22.099998474121094 -8.521903038024902 7.4833831787109375
      vertex 24 -8.25 7.66506290435791
      vertex 24 -8.521903038024902 7.4833831787109375
    endloop
  endfacet
  facet normal 0 0.5555700724609723 -0.8314697195843694
    outer loop
      vertex 24 -8.25 7.66506290435791
      vertex 22.099998474121094 -8.521903038024902 7.4833831787109375
      vertex 22.099998474121094 -8.25 7.66506290435791
    endloop
  endfacet
  facet normal 0 0.5555700724609725 -0.8314697195843694
    outer loop
      vertex 5.09999942779541 -8.521903038024902 7.4833831787109375
      vertex 18.899999618530273 -8.25 7.66506290435791
      vertex 18.899999618530273 -8.521903038024902 7.4833831787109375
    endloop
  endfacet
  facet normal 0 0.5555700724609725 -0.8314697195843694
    outer loop
      vertex 18.899999618530273 -8.25 7.66506290435791
      vertex 5.09999942779541 -8.521903038024902 7.4833831787109375
      vertex 5.09999942779541 -8.25 7.66506290435791
    endloop
  endfacet
  facet normal 0 -0.8314697195843693 -0.5555700724609723
    outer loop
      vertex 0 9.16506290435791 6.75
      vertex 1.8999996185302734 8.983383178710938 7.021903038024902
      vertex 0 8.983383178710938 7.021903038024902
    endloop
  endfacet
  facet normal 0 -0.8314697195843693 -0.5555700724609723
    outer loop
      vertex 1.8999996185302734 8.983383178710938 7.021903038024902
      vertex 0 9.16506290435791 6.75
      vertex 1.8999996185302734 9.16506290435791 6.75
    endloop
  endfacet
  facet normal 0 -0.8314697195843694 -0.5555700724609723
    outer loop
      vertex 22.099998474121094 9.16506290435791 6.75
      vertex 24 8.983383178710938 7.021903038024902
      vertex 22.099998474121094 8.983383178710938 7.021903038024902
    endloop
  endfacet
  facet normal 0 -0.8314697195843694 -0.5555700724609723
    outer loop
      vertex 24 8.983383178710938 7.021903038024902
      vertex 22.099998474121094 9.16506290435791 6.75
      vertex 24 9.16506290435791 6.75
    endloop
  endfacet
  facet normal 0 -0.8314697195843694 -0.5555700724609725
    outer loop
      vertex 5.09999942779541 9.16506290435791 6.75
      vertex 18.899999618530273 8.983383178710938 7.021903038024902
      vertex 5.09999942779541 8.983383178710938 7.021903038024902
    endloop
  endfacet
  facet normal 0 -0.8314697195843694 -0.5555700724609725
    outer loop
      vertex 18.899999618530273 8.983383178710938 7.021903038024902
      vertex 5.09999942779541 9.16506290435791 6.75
      vertex 18.899999618530273 9.16506290435791 6.75
    endloop
  endfacet
  facet normal 0 -0.8968732634638664 -0.4422876318456958
    outer loop
      vertex 0 9.309698104858398 6.456707954406738
      vertex 1.8999996185302734 9.16506290435791 6.75
      vertex 0 9.16506290435791 6.75
    endloop
  endfacet
  facet normal 0 -0.8968732634638664 -0.4422876318456958
    outer loop
      vertex 1.8999996185302734 9.16506290435791 6.75
      vertex 0 9.309698104858398 6.456707954406738
      vertex 1.8999996185302734 9.309698104858398 6.456707954406738
    endloop
  endfacet
  facet normal 0 -0.8968732634638665 -0.44228763184569586
    outer loop
      vertex 22.099998474121094 9.309698104858398 6.456707954406738
      vertex 24 9.16506290435791 6.75
      vertex 22.099998474121094 9.16506290435791 6.75
    endloop
  endfacet
  facet normal 0 -0.8968732634638665 -0.44228763184569586
    outer loop
      vertex 24 9.16506290435791 6.75
      vertex 22.099998474121094 9.309698104858398 6.456707954406738
      vertex 24 9.309698104858398 6.456707954406738
    endloop
  endfacet
  facet normal 0 -0.8968732634638665 -0.44228763184569586
    outer loop
      vertex 5.09999942779541 9.309698104858398 6.456707954406738
      vertex 18.899999618530273 9.16506290435791 6.75
      vertex 5.09999942779541 9.16506290435791 6.75
    endloop
  endfacet
  facet normal 0 -0.8968732634638665 -0.44228763184569586
    outer loop
      vertex 18.899999618530273 9.16506290435791 6.75
      vertex 5.09999942779541 9.309698104858398 6.456707954406738
      vertex 18.899999618530273 9.309698104858398 6.456707954406738
    endloop
  endfacet
  facet normal 0 1 0
    outer loop
      vertex 24 -9.5 5.5
      vertex 22.099998474121094 -9.5 5
      vertex 22.099998474121094 -9.5 5.5
    endloop
  endfacet
  facet normal 0 1 0
    outer loop
      vertex 24 -9.5 0
      vertex 18.899999618530273 -9.5 5
      vertex 22.099998474121094 -9.5 5
    endloop
  endfacet
  facet normal 0 1 0
    outer loop
      vertex 18.899999618530273 -9.5 5
      vertex 24 -9.5 0
      vertex 5.09999942779541 -9.5 5
    endloop
  endfacet
  facet normal 0 1 0
    outer loop
      vertex 0 -9.5 0
      vertex 5.09999942779541 -9.5 5
      vertex 24 -9.5 0
    endloop
  endfacet
  facet normal 0 1 0
    outer loop
      vertex 24 -9.5 0
      vertex 22.099998474121094 -9.5 5
      vertex 24 -9.5 5.5
    endloop
  endfacet
  facet normal 0 1 0
    outer loop
      vertex 18.899999618530273 -9.5 5
      vertex 5.09999942779541 -9.5 5.5
      vertex 18.899999618530273 -9.5 5.5
    endloop
  endfacet
  facet normal 0 1 0
    outer loop
      vertex 5.09999942779541 -9.5 5.5
      vertex 18.899999618530273 -9.5 5
      vertex 5.09999942779541 -9.5 5
    endloop
  endfacet
  facet normal 0 1 0
    outer loop
      vertex 1.8999996185302734 -9.5 5
      vertex 0 -9.5 5.5
      vertex 1.8999996185302734 -9.5 5.5
    endloop
  endfacet
  facet normal 0 1 0
    outer loop
      vertex 1.8999996185302734 -9.5 5
      vertex 0 -9.5 0
      vertex 0 -9.5 5.5
    endloop
  endfacet
  facet normal 0 1 0
    outer loop
      vertex 5.09999942779541 -9.5 5
      vertex 0 -9.5 0
      vertex 1.8999996185302734 -9.5 5
    endloop
  endfacet
  facet normal 0 -0.4422876318456958 -0.8968732634638664
    outer loop
      vertex 0 7.956707954406738 7.809698104858398
      vertex 1.8999996185302734 8.25 7.66506290435791
      vertex 1.8999996185302734 7.956707954406738 7.809698104858398
    endloop
  endfacet
  facet normal 0 -0.4422876318456958 -0.8968732634638664
    outer loop
      vertex 1.8999996185302734 8.25 7.66506290435791
      vertex 0 7.956707954406738 7.809698104858398
      vertex 0 8.25 7.66506290435791
    endloop
  endfacet
  facet normal 0 -0.44228763184569586 -0.8968732634638665
    outer loop
      vertex 22.099998474121094 7.956707954406738 7.809698104858398
      vertex 24 8.25 7.66506290435791
      vertex 24 7.956707954406738 7.809698104858398
    endloop
  endfacet
  facet normal 0 -0.44228763184569586 -0.8968732634638665
    outer loop
      vertex 24 8.25 7.66506290435791
      vertex 22.099998474121094 7.956707954406738 7.809698104858398
      vertex 22.099998474121094 8.25 7.66506290435791
    endloop
  endfacet
  facet normal 0 -0.44228763184569586 -0.8968732634638665
    outer loop
      vertex 5.09999942779541 7.956707954406738 7.809698104858398
      vertex 18.899999618530273 8.25 7.66506290435791
      vertex 18.899999618530273 7.956707954406738 7.809698104858398
    endloop
  endfacet
  facet normal 0 -0.44228763184569586 -0.8968732634638665
    outer loop
      vertex 18.899999618530273 8.25 7.66506290435791
      vertex 5.09999942779541 7.956707954406738 7.809698104858398
      vertex 5.09999942779541 8.25 7.66506290435791
    endloop
  endfacet
  facet normal 0 0.4422876318456958 -0.8968732634638664
    outer loop
      vertex 0 -8.25 7.66506290435791
      vertex 1.8999996185302734 -7.956707954406738 7.809698104858398
      vertex 1.8999996185302734 -8.25 7.66506290435791
    endloop
  endfacet
  facet normal 0 0.4422876318456958 -0.8968732634638664
    outer loop
      vertex 1.8999996185302734 -7.956707954406738 7.809698104858398
      vertex 0 -8.25 7.66506290435791
      vertex 0 -7.956707954406738 7.809698104858398
    endloop
  endfacet
  facet normal 0 0.44228763184569586 -0.8968732634638665
    outer loop
      vertex 22.099998474121094 -8.25 7.66506290435791
      vertex 24 -7.956707954406738 7.809698104858398
      vertex 24 -8.25 7.66506290435791
    endloop
  endfacet
  facet normal 0 0.44228763184569586 -0.8968732634638665
    outer loop
      vertex 24 -7.956707954406738 7.809698104858398
      vertex 22.099998474121094 -8.25 7.66506290435791
      vertex 22.099998474121094 -7.956707954406738 7.809698104858398
    endloop
  endfacet
  facet normal 0 0.44228763184569586 -0.8968732634638665
    outer loop
      vertex 5.09999942779541 -8.25 7.66506290435791
      vertex 18.899999618530273 -7.956707954406738 7.809698104858398
      vertex 18.899999618530273 -8.25 7.66506290435791
    endloop
  endfacet
  facet normal 0 0.44228763184569586 -0.8968732634638665
    outer loop
      vertex 18.899999618530273 -7.956707954406738 7.809698104858398
      vertex 5.09999942779541 -8.25 7.66506290435791
      vertex 5.09999942779541 -7.956707954406738 7.809698104858398
    endloop
  endfacet
  facet normal 0 0.6593447089826737 -0.7518407775164588
    outer loop
      vertex 0 -8.767766952514648 7.267766952514648
      vertex 1.8999996185302734 -8.521903038024902 7.4833831787109375
      vertex 1.8999996185302734 -8.767766952514648 7.267766952514648
    endloop
  endfacet
  facet normal 0 0.6593447089826737 -0.7518407775164588
    outer loop
      vertex 1.8999996185302734 -8.521903038024902 7.4833831787109375
      vertex 0 -8.767766952514648 7.267766952514648
      vertex 0 -8.521903038024902 7.4833831787109375
    endloop
  endfacet
  facet normal 0 0.6593447089826737 -0.7518407775164587
    outer loop
      vertex 22.099998474121094 -8.767766952514648 7.267766952514648
      vertex 24 -8.521903038024902 7.4833831787109375
      vertex 24 -8.767766952514648 7.267766952514648
    endloop
  endfacet
  facet normal 0 0.6593447089826737 -0.7518407775164587
    outer loop
      vertex 24 -8.521903038024902 7.4833831787109375
      vertex 22.099998474121094 -8.767766952514648 7.267766952514648
      vertex 22.099998474121094 -8.521903038024902 7.4833831787109375
    endloop
  endfacet
  facet normal 0 0.6593447089826737 -0.7518407775164587
    outer loop
      vertex 5.09999942779541 -8.767766952514648 7.267766952514648
      vertex 18.899999618530273 -8.521903038024902 7.4833831787109375
      vertex 18.899999618530273 -8.767766952514648 7.267766952514648
    endloop
  endfacet
  facet normal 0 0.6593447089826737 -0.7518407775164587
    outer loop
      vertex 18.899999618530273 -8.521903038024902 7.4833831787109375
      vertex 5.09999942779541 -8.767766952514648 7.267766952514648
      vertex 5.09999942779541 -8.521903038024902 7.4833831787109375
    endloop
  endfacet
  facet normal 0 0.8314697195843693 -0.5555700724609723
    outer loop
      vertex 1.8999996185302734 -9.16506290435791 6.75
      vertex 0 -8.983383178710938 7.021903038024902
      vertex 1.8999996185302734 -8.983383178710938 7.021903038024902
    endloop
  endfacet
  facet normal 0 0.8314697195843693 -0.5555700724609723
    outer loop
      vertex 0 -8.983383178710938 7.021903038024902
      vertex 1.8999996185302734 -9.16506290435791 6.75
      vertex 0 -9.16506290435791 6.75
    endloop
  endfacet
  facet normal 0 0.8314697195843694 -0.5555700724609723
    outer loop
      vertex 24 -9.16506290435791 6.75
      vertex 22.099998474121094 -8.983383178710938 7.021903038024902
      vertex 24 -8.983383178710938 7.021903038024902
    endloop
  endfacet
  facet normal 0 0.8314697195843694 -0.5555700724609723
    outer loop
      vertex 22.099998474121094 -8.983383178710938 7.021903038024902
      vertex 24 -9.16506290435791 6.75
      vertex 22.099998474121094 -9.16506290435791 6.75
    endloop
  endfacet
  facet normal 0 0.8314697195843694 -0.5555700724609725
    outer loop
      vertex 18.899999618530273 -9.16506290435791 6.75
      vertex 5.09999942779541 -8.983383178710938 7.021903038024902
      vertex 18.899999618530273 -8.983383178710938 7.021903038024902
    endloop
  endfacet
  facet normal 0 0.8314697195843694 -0.5555700724609725
    outer loop
      vertex 5.09999942779541 -8.983383178710938 7.021903038024902
      vertex 18.899999618530273 -9.16506290435791 6.75
      vertex 5.09999942779541 -9.16506290435791 6.75
    endloop
  endfacet
  facet normal 0 0.1950913989758835 -0.9807850661820012
    outer loop
      vertex 0 -7.64704704284668 7.914813995361328
      vertex 1.8999996185302734 -7.326314926147461 7.978611946105957
      vertex 1.8999996185302734 -7.64704704284668 7.914813995361328
    endloop
  endfacet
  facet normal 0 0.1950913989758835 -0.9807850661820012
    outer loop
      vertex 1.8999996185302734 -7.326314926147461 7.978611946105957
      vertex 0 -7.64704704284668 7.914813995361328
      vertex 0 -7.326314926147461 7.978611946105957
    endloop
  endfacet
  facet normal 0 0.1950913989758835 -0.9807850661820011
    outer loop
      vertex 22.099998474121094 -7.64704704284668 7.914813995361328
      vertex 24 -7.326314926147461 7.978611946105957
      vertex 24 -7.64704704284668 7.914813995361328
    endloop
  endfacet
  facet normal 0 0.1950913989758835 -0.9807850661820011
    outer loop
      vertex 24 -7.326314926147461 7.978611946105957
      vertex 22.099998474121094 -7.64704704284668 7.914813995361328
      vertex 22.099998474121094 -7.326314926147461 7.978611946105957
    endloop
  endfacet
  facet normal 0 0.19509139897588354 -0.9807850661820013
    outer loop
      vertex 5.09999942779541 -7.64704704284668 7.914813995361328
      vertex 18.899999618530273 -7.326314926147461 7.978611946105957
      vertex 18.899999618530273 -7.64704704284668 7.914813995361328
    endloop
  endfacet
  facet normal 0 0.19509139897588354 -0.9807850661820013
    outer loop
      vertex 18.899999618530273 -7.326314926147461 7.978611946105957
      vertex 5.09999942779541 -7.64704704284668 7.914813995361328
      vertex 5.09999942779541 -7.326314926147461 7.978611946105957
    endloop
  endfacet
  facet normal 0 -0.06540387116447745 -0.997858874609381
    outer loop
      vertex 0 7 8
      vertex 1.8999996185302734 7.326314926147461 7.978611946105957
      vertex 1.8999996185302734 7 8
    endloop
  endfacet
  facet normal 0 -0.06540387116447745 -0.997858874609381
    outer loop
      vertex 1.8999996185302734 7.326314926147461 7.978611946105957
      vertex 0 7 8
      vertex 0 7.326314926147461 7.978611946105957
    endloop
  endfacet
  facet normal 0 -0.06540387116447745 -0.9978588746093812
    outer loop
      vertex 22.099998474121094 7 8
      vertex 24 7.326314926147461 7.978611946105957
      vertex 24 7 8
    endloop
  endfacet
  facet normal 0 -0.06540387116447745 -0.9978588746093812
    outer loop
      vertex 24 7.326314926147461 7.978611946105957
      vertex 22.099998474121094 7 8
      vertex 22.099998474121094 7.326314926147461 7.978611946105957
    endloop
  endfacet
  facet normal 0 -0.06540387116447745 -0.997858874609381
    outer loop
      vertex 5.09999942779541 7 8
      vertex 18.899999618530273 7.326314926147461 7.978611946105957
      vertex 18.899999618530273 7 8
    endloop
  endfacet
  facet normal 0 -0.06540387116447745 -0.997858874609381
    outer loop
      vertex 18.899999618530273 7.326314926147461 7.978611946105957
      vertex 5.09999942779541 7 8
      vertex 5.09999942779541 7.326314926147461 7.978611946105957
    endloop
  endfacet
  facet normal 0 0.9469299663562581 -0.32143994589430797
    outer loop
      vertex 1.8999996185302734 -9.414813995361328 6.14704704284668
      vertex 0 -9.309698104858398 6.456707954406738
      vertex 1.8999996185302734 -9.309698104858398 6.456707954406738
    endloop
  endfacet
  facet normal 0 0.9469299663562581 -0.32143994589430797
    outer loop
      vertex 0 -9.309698104858398 6.456707954406738
      vertex 1.8999996185302734 -9.414813995361328 6.14704704284668
      vertex 0 -9.414813995361328 6.14704704284668
    endloop
  endfacet
  facet normal 0 0.9469299663562581 -0.32143994589430797
    outer loop
      vertex 24 -9.414813995361328 6.14704704284668
      vertex 22.099998474121094 -9.309698104858398 6.456707954406738
      vertex 24 -9.309698104858398 6.456707954406738
    endloop
  endfacet
  facet normal 0 0.9469299663562581 -0.32143994589430797
    outer loop
      vertex 22.099998474121094 -9.309698104858398 6.456707954406738
      vertex 24 -9.414813995361328 6.14704704284668
      vertex 22.099998474121094 -9.414813995361328 6.14704704284668
    endloop
  endfacet
  facet normal 0 0.9469299663562583 -0.321439945894308
    outer loop
      vertex 18.899999618530273 -9.414813995361328 6.14704704284668
      vertex 5.09999942779541 -9.309698104858398 6.456707954406738
      vertex 18.899999618530273 -9.309698104858398 6.456707954406738
    endloop
  endfacet
  facet normal 0 0.9469299663562583 -0.321439945894308
    outer loop
      vertex 5.09999942779541 -9.309698104858398 6.456707954406738
      vertex 18.899999618530273 -9.414813995361328 6.14704704284668
      vertex 5.09999942779541 -9.414813995361328 6.14704704284668
    endloop
  endfacet
  facet normal 0 -0.9807850661820012 -0.1950913989758835
    outer loop
      vertex 0 9.478611946105957 5.826314926147461
      vertex 1.8999996185302734 9.414813995361328 6.14704704284668
      vertex 0 9.414813995361328 6.14704704284668
    endloop
  endfacet
  facet normal 0 -0.9807850661820012 -0.1950913989758835
    outer loop
      vertex 1.8999996185302734 9.414813995361328 6.14704704284668
      vertex 0 9.478611946105957 5.826314926147461
      vertex 1.8999996185302734 9.478611946105957 5.826314926147461
    endloop
  endfacet
  facet normal 0 -0.9807850661820011 -0.1950913989758835
    outer loop
      vertex 22.099998474121094 9.478611946105957 5.826314926147461
      vertex 24 9.414813995361328 6.14704704284668
      vertex 22.099998474121094 9.414813995361328 6.14704704284668
    endloop
  endfacet
  facet normal 0 -0.9807850661820011 -0.1950913989758835
    outer loop
      vertex 24 9.414813995361328 6.14704704284668
      vertex 22.099998474121094 9.478611946105957 5.826314926147461
      vertex 24 9.478611946105957 5.826314926147461
    endloop
  endfacet
  facet normal 0 -0.9807850661820013 -0.19509139897588354
    outer loop
      vertex 5.09999942779541 9.478611946105957 5.826314926147461
      vertex 18.899999618530273 9.414813995361328 6.14704704284668
      vertex 5.09999942779541 9.414813995361328 6.14704704284668
    endloop
  endfacet
  facet normal 0 -0.9807850661820013 -0.19509139897588354
    outer loop
      vertex 18.899999618530273 9.414813995361328 6.14704704284668
      vertex 5.09999942779541 9.478611946105957 5.826314926147461
      vertex 18.899999618530273 9.478611946105957 5.826314926147461
    endloop
  endfacet
  facet normal 0 -0.997858874609381 -0.06540387116447745
    outer loop
      vertex 0 9.5 5.5
      vertex 1.8999996185302734 9.478611946105957 5.826314926147461
      vertex 0 9.478611946105957 5.826314926147461
    endloop
  endfacet
  facet normal 0 -0.997858874609381 -0.06540387116447745
    outer loop
      vertex 1.8999996185302734 9.478611946105957 5.826314926147461
      vertex 0 9.5 5.5
      vertex 1.8999996185302734 9.5 5.5
    endloop
  endfacet
  facet normal 0 -0.9978588746093812 -0.06540387116447745
    outer loop
      vertex 22.099998474121094 9.5 5.5
      vertex 24 9.478611946105957 5.826314926147461
      vertex 22.099998474121094 9.478611946105957 5.826314926147461
    endloop
  endfacet
  facet normal 0 -0.9978588746093812 -0.06540387116447745
    outer loop
      vertex 24 9.478611946105957 5.826314926147461
      vertex 22.099998474121094 9.5 5.5
      vertex 24 9.5 5.5
    endloop
  endfacet
  facet normal 0 -0.997858874609381 -0.06540387116447745
    outer loop
      vertex 5.09999942779541 9.5 5.5
      vertex 18.899999618530273 9.478611946105957 5.826314926147461
      vertex 5.09999942779541 9.478611946105957 5.826314926147461
    endloop
  endfacet
  facet normal 0 -0.997858874609381 -0.06540387116447745
    outer loop
      vertex 18.899999618530273 9.478611946105957 5.826314926147461
      vertex 5.09999942779541 9.5 5.5
      vertex 18.899999618530273 9.5 5.5
    endloop
  endfacet
  facet normal 0 0.32143994589430797 -0.9469299663562581
    outer loop
      vertex 0 -7.956707954406738 7.809698104858398
      vertex 1.8999996185302734 -7.64704704284668 7.914813995361328
      vertex 1.8999996185302734 -7.956707954406738 7.809698104858398
    endloop
  endfacet
  facet normal 0 0.32143994589430797 -0.9469299663562581
    outer loop
      vertex 1.8999996185302734 -7.64704704284668 7.914813995361328
      vertex 0 -7.956707954406738 7.809698104858398
      vertex 0 -7.64704704284668 7.914813995361328
    endloop
  endfacet
  facet normal 0 0.32143994589430797 -0.9469299663562581
    outer loop
      vertex 22.099998474121094 -7.956707954406738 7.809698104858398
      vertex 24 -7.64704704284668 7.914813995361328
      vertex 24 -7.956707954406738 7.809698104858398
    endloop
  endfacet
  facet normal 0 0.32143994589430797 -0.9469299663562581
    outer loop
      vertex 24 -7.64704704284668 7.914813995361328
      vertex 22.099998474121094 -7.956707954406738 7.809698104858398
      vertex 22.099998474121094 -7.64704704284668 7.914813995361328
    endloop
  endfacet
  facet normal 0 0.321439945894308 -0.9469299663562583
    outer loop
      vertex 5.09999942779541 -7.956707954406738 7.809698104858398
      vertex 18.899999618530273 -7.64704704284668 7.914813995361328
      vertex 18.899999618530273 -7.956707954406738 7.809698104858398
    endloop
  endfacet
  facet normal 0 0.321439945894308 -0.9469299663562583
    outer loop
      vertex 18.899999618530273 -7.64704704284668 7.914813995361328
      vertex 5.09999942779541 -7.956707954406738 7.809698104858398
      vertex 5.09999942779541 -7.64704704284668 7.914813995361328
    endloop
  endfacet
  facet normal 0 0.997858874609381 -0.06540387116447745
    outer loop
      vertex 1.8999996185302734 -9.5 5.5
      vertex 0 -9.478611946105957 5.826314926147461
      vertex 1.8999996185302734 -9.478611946105957 5.826314926147461
    endloop
  endfacet
  facet normal 0 0.997858874609381 -0.06540387116447745
    outer loop
      vertex 0 -9.478611946105957 5.826314926147461
      vertex 1.8999996185302734 -9.5 5.5
      vertex 0 -9.5 5.5
    endloop
  endfacet
  facet normal 0 0.9978588746093812 -0.06540387116447745
    outer loop
      vertex 24 -9.5 5.5
      vertex 22.099998474121094 -9.478611946105957 5.826314926147461
      vertex 24 -9.478611946105957 5.826314926147461
    endloop
  endfacet
  facet normal 0 0.9978588746093812 -0.06540387116447745
    outer loop
      vertex 22.099998474121094 -9.478611946105957 5.826314926147461
      vertex 24 -9.5 5.5
      vertex 22.099998474121094 -9.5 5.5
    endloop
  endfacet
  facet normal 0 0.997858874609381 -0.06540387116447745
    outer loop
      vertex 18.899999618530273 -9.5 5.5
      vertex 5.09999942779541 -9.478611946105957 5.826314926147461
      vertex 18.899999618530273 -9.478611946105957 5.826314926147461
    endloop
  endfacet
  facet normal 0 0.997858874609381 -0.06540387116447745
    outer loop
      vertex 5.09999942779541 -9.478611946105957 5.826314926147461
      vertex 18.899999618530273 -9.5 5.5
      vertex 5.09999942779541 -9.5 5.5
    endloop
  endfacet
  facet normal 0 0.9807850661820012 -0.1950913989758835
    outer loop
      vertex 1.8999996185302734 -9.478611946105957 5.826314926147461
      vertex 0 -9.414813995361328 6.14704704284668
      vertex 1.8999996185302734 -9.414813995361328 6.14704704284668
    endloop
  endfacet
  facet normal 0 0.9807850661820012 -0.1950913989758835
    outer loop
      vertex 0 -9.414813995361328 6.14704704284668
      vertex 1.8999996185302734 -9.478611946105957 5.826314926147461
      vertex 0 -9.478611946105957 5.826314926147461
    endloop
  endfacet
  facet normal 0 0.9807850661820011 -0.1950913989758835
    outer loop
      vertex 24 -9.478611946105957 5.826314926147461
      vertex 22.099998474121094 -9.414813995361328 6.14704704284668
      vertex 24 -9.414813995361328 6.14704704284668
    endloop
  endfacet
  facet normal 0 0.9807850661820011 -0.1950913989758835
    outer loop
      vertex 22.099998474121094 -9.414813995361328 6.14704704284668
      vertex 24 -9.478611946105957 5.826314926147461
      vertex 22.099998474121094 -9.478611946105957 5.826314926147461
    endloop
  endfacet
  facet normal 0 0.9807850661820013 -0.19509139897588354
    outer loop
      vertex 18.899999618530273 -9.478611946105957 5.826314926147461
      vertex 5.09999942779541 -9.414813995361328 6.14704704284668
      vertex 18.899999618530273 -9.414813995361328 6.14704704284668
    endloop
  endfacet
  facet normal 0 0.9807850661820013 -0.19509139897588354
    outer loop
      vertex 5.09999942779541 -9.414813995361328 6.14704704284668
      vertex 18.899999618530273 -9.478611946105957 5.826314926147461
      vertex 5.09999942779541 -9.478611946105957 5.826314926147461
    endloop
  endfacet
  facet normal 0 -0.6593447089826737 -0.7518407775164588
    outer loop
      vertex 0 8.521903038024902 7.4833831787109375
      vertex 1.8999996185302734 8.767766952514648 7.267766952514648
      vertex 1.8999996185302734 8.521903038024902 7.4833831787109375
    endloop
  endfacet
  facet normal 0 -0.6593447089826737 -0.7518407775164588
    outer loop
      vertex 1.8999996185302734 8.767766952514648 7.267766952514648
      vertex 0 8.521903038024902 7.4833831787109375
      vertex 0 8.767766952514648 7.267766952514648
    endloop
  endfacet
  facet normal 0 -0.6593447089826737 -0.7518407775164587
    outer loop
      vertex 22.099998474121094 8.521903038024902 7.4833831787109375
      vertex 24 8.767766952514648 7.267766952514648
      vertex 24 8.521903038024902 7.4833831787109375
    endloop
  endfacet
  facet normal 0 -0.6593447089826737 -0.7518407775164587
    outer loop
      vertex 24 8.767766952514648 7.267766952514648
      vertex 22.099998474121094 8.521903038024902 7.4833831787109375
      vertex 22.099998474121094 8.767766952514648 7.267766952514648
    endloop
  endfacet
  facet normal 0 -0.6593447089826737 -0.7518407775164587
    outer loop
      vertex 5.09999942779541 8.521903038024902 7.4833831787109375
      vertex 18.899999618530273 8.767766952514648 7.267766952514648
      vertex 18.899999618530273 8.521903038024902 7.4833831787109375
    endloop
  endfacet
  facet normal 0 -0.6593447089826737 -0.7518407775164587
    outer loop
      vertex 18.899999618530273 8.767766952514648 7.267766952514648
      vertex 5.09999942779541 8.521903038024902 7.4833831787109375
      vertex 5.09999942779541 8.767766952514648 7.267766952514648
    endloop
  endfacet
  facet normal 0 -0.32143994589430797 -0.9469299663562581
    outer loop
      vertex 0 7.64704704284668 7.914813995361328
      vertex 1.8999996185302734 7.956707954406738 7.809698104858398
      vertex 1.8999996185302734 7.64704704284668 7.914813995361328
    endloop
  endfacet
  facet normal 0 -0.32143994589430797 -0.9469299663562581
    outer loop
      vertex 1.8999996185302734 7.956707954406738 7.809698104858398
      vertex 0 7.64704704284668 7.914813995361328
      vertex 0 7.956707954406738 7.809698104858398
    endloop
  endfacet
  facet normal 0 -0.32143994589430797 -0.9469299663562581
    outer loop
      vertex 22.099998474121094 7.64704704284668 7.914813995361328
      vertex 24 7.956707954406738 7.809698104858398
      vertex 24 7.64704704284668 7.914813995361328
    endloop
  endfacet
  facet normal 0 -0.32143994589430797 -0.9469299663562581
    outer loop
      vertex 24 7.956707954406738 7.809698104858398
      vertex 22.099998474121094 7.64704704284668 7.914813995361328
      vertex 22.099998474121094 7.956707954406738 7.809698104858398
    endloop
  endfacet
  facet normal 0 -0.321439945894308 -0.9469299663562583
    outer loop
      vertex 5.09999942779541 7.64704704284668 7.914813995361328
      vertex 18.899999618530273 7.956707954406738 7.809698104858398
      vertex 18.899999618530273 7.64704704284668 7.914813995361328
    endloop
  endfacet
  facet normal 0 -0.321439945894308 -0.9469299663562583
    outer loop
      vertex 18.899999618530273 7.956707954406738 7.809698104858398
      vertex 5.09999942779541 7.64704704284668 7.914813995361328
      vertex 5.09999942779541 7.956707954406738 7.809698104858398
    endloop
  endfacet
  facet normal 0 -0.5555700724609723 -0.8314697195843693
    outer loop
      vertex 0 8.25 7.66506290435791
      vertex 1.8999996185302734 8.521903038024902 7.4833831787109375
      vertex 1.8999996185302734 8.25 7.66506290435791
    endloop
  endfacet
  facet normal 0 -0.5555700724609723 -0.8314697195843693
    outer loop
      vertex 1.8999996185302734 8.521903038024902 7.4833831787109375
      vertex 0 8.25 7.66506290435791
      vertex 0 8.521903038024902 7.4833831787109375
    endloop
  endfacet
  facet normal 0 -0.5555700724609723 -0.8314697195843694
    outer loop
      vertex 22.099998474121094 8.25 7.66506290435791
      vertex 24 8.521903038024902 7.4833831787109375
      vertex 24 8.25 7.66506290435791
    endloop
  endfacet
  facet normal 0 -0.5555700724609723 -0.8314697195843694
    outer loop
      vertex 24 8.521903038024902 7.4833831787109375
      vertex 22.099998474121094 8.25 7.66506290435791
      vertex 22.099998474121094 8.521903038024902 7.4833831787109375
    endloop
  endfacet
  facet normal 0 -0.5555700724609725 -0.8314697195843694
    outer loop
      vertex 5.09999942779541 8.25 7.66506290435791
      vertex 18.899999618530273 8.521903038024902 7.4833831787109375
      vertex 18.899999618530273 8.25 7.66506290435791
    endloop
  endfacet
  facet normal 0 -0.5555700724609725 -0.8314697195843694
    outer loop
      vertex 18.899999618530273 8.521903038024902 7.4833831787109375
      vertex 5.09999942779541 8.25 7.66506290435791
      vertex 5.09999942779541 8.521903038024902 7.4833831787109375
    endloop
  endfacet
  facet normal 0 -0.9469299663562581 -0.32143994589430797
    outer loop
      vertex 0 9.414813995361328 6.14704704284668
      vertex 1.8999996185302734 9.309698104858398 6.456707954406738
      vertex 0 9.309698104858398 6.456707954406738
    endloop
  endfacet
  facet normal 0 -0.9469299663562581 -0.32143994589430797
    outer loop
      vertex 1.8999996185302734 9.309698104858398 6.456707954406738
      vertex 0 9.414813995361328 6.14704704284668
      vertex 1.8999996185302734 9.414813995361328 6.14704704284668
    endloop
  endfacet
  facet normal 0 -0.9469299663562581 -0.32143994589430797
    outer loop
      vertex 22.099998474121094 9.414813995361328 6.14704704284668
      vertex 24 9.309698104858398 6.456707954406738
      vertex 22.099998474121094 9.309698104858398 6.456707954406738
    endloop
  endfacet
  facet normal 0 -0.9469299663562581 -0.32143994589430797
    outer loop
      vertex 24 9.309698104858398 6.456707954406738
      vertex 22.099998474121094 9.414813995361328 6.14704704284668
      vertex 24 9.414813995361328 6.14704704284668
    endloop
  endfacet
  facet normal 0 -0.9469299663562583 -0.321439945894308
    outer loop
      vertex 5.09999942779541 9.414813995361328 6.14704704284668
      vertex 18.899999618530273 9.309698104858398 6.456707954406738
      vertex 5.09999942779541 9.309698104858398 6.456707954406738
    endloop
  endfacet
  facet normal 0 -0.9469299663562583 -0.321439945894308
    outer loop
      vertex 18.899999618530273 9.309698104858398 6.456707954406738
      vertex 5.09999942779541 9.414813995361328 6.14704704284668
      vertex 18.899999618530273 9.414813995361328 6.14704704284668
    endloop
  endfacet
  facet normal 0 0.06540387116447745 -0.997858874609381
    outer loop
      vertex 0 -7.326314926147461 7.978611946105957
      vertex 1.8999996185302734 -7 8
      vertex 1.8999996185302734 -7.326314926147461 7.978611946105957
    endloop
  endfacet
  facet normal 0 0.06540387116447745 -0.997858874609381
    outer loop
      vertex 1.8999996185302734 -7 8
      vertex 0 -7.326314926147461 7.978611946105957
      vertex 0 -7 8
    endloop
  endfacet
  facet normal 0 0.06540387116447745 -0.9978588746093812
    outer loop
      vertex 22.099998474121094 -7.326314926147461 7.978611946105957
      vertex 24 -7 8
      vertex 24 -7.326314926147461 7.978611946105957
    endloop
  endfacet
  facet normal 0 0.06540387116447745 -0.9978588746093812
    outer loop
      vertex 24 -7 8
      vertex 22.099998474121094 -7.326314926147461 7.978611946105957
      vertex 22.099998474121094 -7 8
    endloop
  endfacet
  facet normal 0 0.06540387116447745 -0.997858874609381
    outer loop
      vertex 5.09999942779541 -7.326314926147461 7.978611946105957
      vertex 18.899999618530273 -7 8
      vertex 18.899999618530273 -7.326314926147461 7.978611946105957
    endloop
  endfacet
  facet normal 0 0.06540387116447745 -0.997858874609381
    outer loop
      vertex 18.899999618530273 -7 8
      vertex 5.09999942779541 -7.326314926147461 7.978611946105957
      vertex 5.09999942779541 -7 8
    endloop
  endfacet
  facet normal 0 0.8968732634638664 -0.4422876318456958
    outer loop
      vertex 1.8999996185302734 -9.309698104858398 6.456707954406738
      vertex 0 -9.16506290435791 6.75
      vertex 1.8999996185302734 -9.16506290435791 6.75
    endloop
  endfacet
  facet normal 0 0.8968732634638664 -0.4422876318456958
    outer loop
      vertex 0 -9.16506290435791 6.75
      vertex 1.8999996185302734 -9.309698104858398 6.456707954406738
      vertex 0 -9.309698104858398 6.456707954406738
    endloop
  endfacet
  facet normal 0 0.8968732634638665 -0.44228763184569586
    outer loop
      vertex 24 -9.309698104858398 6.456707954406738
      vertex 22.099998474121094 -9.16506290435791 6.75
      vertex 24 -9.16506290435791 6.75
    endloop
  endfacet
  facet normal 0 0.8968732634638665 -0.44228763184569586
    outer loop
      vertex 22.099998474121094 -9.16506290435791 6.75
      vertex 24 -9.309698104858398 6.456707954406738
      vertex 22.099998474121094 -9.309698104858398 6.456707954406738
    endloop
  endfacet
  facet normal 0 0.8968732634638665 -0.44228763184569586
    outer loop
      vertex 18.899999618530273 -9.309698104858398 6.456707954406738
      vertex 5.09999942779541 -9.16506290435791 6.75
      vertex 18.899999618530273 -9.16506290435791 6.75
    endloop
  endfacet
  facet normal 0 0.8968732634638665 -0.44228763184569586
    outer loop
      vertex 5.09999942779541 -9.16506290435791 6.75
      vertex 18.899999618530273 -9.309698104858398 6.456707954406738
      vertex 5.09999942779541 -9.309698104858398 6.456707954406738
    endloop
  endfacet
  facet normal 0 0.7518407775164588 -0.6593447089826737
    outer loop
      vertex 1.8999996185302734 -8.983383178710938 7.021903038024902
      vertex 0 -8.767766952514648 7.267766952514648
      vertex 1.8999996185302734 -8.767766952514648 7.267766952514648
    endloop
  endfacet
  facet normal 0 0.7518407775164588 -0.6593447089826737
    outer loop
      vertex 0 -8.767766952514648 7.267766952514648
      vertex 1.8999996185302734 -8.983383178710938 7.021903038024902
      vertex 0 -8.983383178710938 7.021903038024902
    endloop
  endfacet
  facet normal 0 0.7518407775164587 -0.6593447089826737
    outer loop
      vertex 24 -8.983383178710938 7.021903038024902
      vertex 22.099998474121094 -8.767766952514648 7.267766952514648
      vertex 24 -8.767766952514648 7.267766952514648
    endloop
  endfacet
  facet normal 0 0.7518407775164587 -0.6593447089826737
    outer loop
      vertex 22.099998474121094 -8.767766952514648 7.267766952514648
      vertex 24 -8.983383178710938 7.021903038024902
      vertex 22.099998474121094 -8.983383178710938 7.021903038024902
    endloop
  endfacet
  facet normal 0 0.7518407775164587 -0.6593447089826737
    outer loop
      vertex 18.899999618530273 -8.983383178710938 7.021903038024902
      vertex 5.09999942779541 -8.767766952514648 7.267766952514648
      vertex 18.899999618530273 -8.767766952514648 7.267766952514648
    endloop
  endfacet
  facet normal 0 0.7518407775164587 -0.6593447089826737
    outer loop
      vertex 5.09999942779541 -8.767766952514648 7.267766952514648
      vertex 18.899999618530273 -8.983383178710938 7.021903038024902
      vertex 5.09999942779541 -8.983383178710938 7.021903038024902
    endloop
  endfacet
  facet normal 0 0 -1
    outer loop
      vertex 24 9.5 0
      vertex 22 11.699999809265137 0
      vertex 24 11.699999809265137 0
    endloop
  endfacet
  facet normal 0 0 -1
    outer loop
      vertex 22 11.699999809265137 0
      vertex 2 11.699999809265137 0
      vertex 22 13.59999942779541 0
    endloop
  endfacet
  facet normal 0 0 -1
    outer loop
      vertex 24 9.5 0
      vertex 2 11.699999809265137 0
      vertex 22 11.699999809265137 0
    endloop
  endfacet
  facet normal 0 0 -1
    outer loop
      vertex 0 9.5 0
      vertex 2 11.699999809265137 0
      vertex 24 9.5 0
    endloop
  endfacet
  facet normal 0 0 -1
    outer loop
      vertex 2 11.699999809265137 0
      vertex 0 9.5 0
      vertex 0 11.699999809265137 0
    endloop
  endfacet
  facet normal 0 0 -1
    outer loop
      vertex 22 13.59999942779541 0
      vertex 2 11.699999809265137 0
      vertex 2 13.59999942779541 0
    endloop
  endfacet
  facet normal 0 0 -1
    outer loop
      vertex 1.9999990463256836 -11.699999809265137 0
      vertex 0 -11.699999809265137 0
      vertex 1.9999990463256836 -11.199999809265137 0
    endloop
  endfacet
  facet normal 0 0 -1
    outer loop
      vertex 6.09999942779541 -11.699999809265137 0
      vertex 5.59999942779541 -11.699999809265137 0
      vertex 6.09999942779541 -11.200000762939453 0
    endloop
  endfacet
  facet normal 0 0 -1
    outer loop
      vertex 10.199999809265137 -11.699999809265137 0
      vertex 9.699999809265137 -11.699999809265137 0
      vertex 10.199999809265137 -11.199999809265137 0
    endloop
  endfacet
  facet normal 0 0 -1
    outer loop
      vertex 14.299999237060547 -11.699999809265137 0
      vertex 13.799999237060547 -11.699999809265137 0
      vertex 14.299999237060547 -11.200000762939453 0
    endloop
  endfacet
  facet normal 0 0 -1
    outer loop
      vertex 18.399999618530273 -11.699999809265137 0
      vertex 17.899999618530273 -11.699999809265137 0
      vertex 18.399999618530273 -11.199999809265137 0
    endloop
  endfacet
  facet normal 0 0 -1
    outer loop
      vertex 22 -11.199999809265137 0
      vertex 24 -11.699999809265137 0
      vertex 22 -11.699999809265137 0
    endloop
  endfacet
  facet normal 0 0 -1
    outer loop
      vertex 24 -11.699999809265137 0
      vertex 22 -11.199999809265137 0
      vertex 24 -9.5 0
    endloop
  endfacet
  facet normal 0 0 -1
    outer loop
      vertex 18.399999618530273 -11.199999809265137 0
      vertex 24 -9.5 0
      vertex 22 -11.199999809265137 0
    endloop
  endfacet
  facet normal 0 0 -1
    outer loop
      vertex 17.899999618530273 -11.200000762939453 0
      vertex 18.399999618530273 -11.199999809265137 0
      vertex 17.899999618530273 -11.699999809265137 0
    endloop
  endfacet
  facet normal 0 0 -1
    outer loop
      vertex 17.899999618530273 -11.200000762939453 0
      vertex 24 -9.5 0
      vertex 18.399999618530273 -11.199999809265137 0
    endloop
  endfacet
  facet normal 0 0 -1
    outer loop
      vertex 14.299999237060547 -11.200000762939453 0
      vertex 24 -9.5 0
      vertex 17.899999618530273 -11.200000762939453 0
    endloop
  endfacet
  facet normal 0 0 -1
    outer loop
      vertex 13.799999237060547 -11.199999809265137 0
      vertex 14.299999237060547 -11.200000762939453 0
      vertex 13.799999237060547 -11.699999809265137 0
    endloop
  endfacet
  facet normal 0 0 -1
    outer loop
      vertex 13.799999237060547 -11.199999809265137 0
      vertex 24 -9.5 0
      vertex 14.299999237060547 -11.200000762939453 0
    endloop
  endfacet
  facet normal 0 0 -1
    outer loop
      vertex 10.199999809265137 -11.199999809265137 0
      vertex 24 -9.5 0
      vertex 13.799999237060547 -11.199999809265137 0
    endloop
  endfacet
  facet normal 0 0 -1
    outer loop
      vertex 9.699999809265137 -11.200000762939453 0
      vertex 10.199999809265137 -11.199999809265137 0
      vertex 9.699999809265137 -11.699999809265137 0
    endloop
  endfacet
  facet normal 0 0 -1
    outer loop
      vertex 0 -9.5 0
      vertex 10.199999809265137 -11.199999809265137 0
      vertex 9.699999809265137 -11.200000762939453 0
    endloop
  endfacet
  facet normal 0 0 -1
    outer loop
      vertex 0 -9.5 0
      vertex 9.699999809265137 -11.200000762939453 0
      vertex 6.09999942779541 -11.200000762939453 0
    endloop
  endfacet
  facet normal 0 0 -1
    outer loop
      vertex 5.59999942779541 -11.199999809265137 0
      vertex 6.09999942779541 -11.200000762939453 0
      vertex 5.59999942779541 -11.699999809265137 0
    endloop
  endfacet
  facet normal 0 0 -1
    outer loop
      vertex 0 -9.5 0
      vertex 6.09999942779541 -11.200000762939453 0
      vertex 5.59999942779541 -11.199999809265137 0
    endloop
  endfacet
  facet normal 0 0 -1
    outer loop
      vertex 0 -9.5 0
      vertex 5.59999942779541 -11.199999809265137 0
      vertex 1.9999990463256836 -11.199999809265137 0
    endloop
  endfacet
  facet normal 0 0 -1
    outer loop
      vertex 10.199999809265137 -11.199999809265137 0
      vertex 0 -9.5 0
      vertex 24 -9.5 0
    endloop
  endfacet
  facet normal 0 0 -1
    outer loop
      vertex 0 -9.5 0
      vertex 1.9999990463256836 -11.199999809265137 0
      vertex 0 -11.699999809265137 0
    endloop
  endfacet
  facet normal 0 0.1950901848716038 0.9807853076829626
    outer loop
      vertex 1.9999990463256836 -13.423542022705078 2.8977766036987305
      vertex 5.59999942779541 -13.80842113494873 2.9743337631225586
      vertex 5.59999942779541 -13.423542022705078 2.8977766036987305
    endloop
  endfacet
  facet normal 0 0.1950901848716038 0.9807853076829626
    outer loop
      vertex 5.59999942779541 -13.80842113494873 2.9743337631225586
      vertex 1.9999990463256836 -13.423542022705078 2.8977766036987305
      vertex 1.9999990463256836 -13.80842113494873 2.9743337631225586
    endloop
  endfacet
  facet normal 0 0.06540519618852311 -0.9978587877608439
    outer loop
      vertex 1.9999990463256836 -14.199999809265137 -3
      vertex 5.59999942779541 -13.80842113494873 -2.9743337631225586
      vertex 5.59999942779541 -14.199999809265137 -3
    endloop
  endfacet
  facet normal 0 0.06540519618852311 -0.9978587877608439
    outer loop
      vertex 5.59999942779541 -13.80842113494873 -2.9743337631225586
      vertex 1.9999990463256836 -14.199999809265137 -3
      vertex 1.9999990463256836 -13.80842113494873 -2.9743337631225586
    endloop
  endfacet
  facet normal 0 0.7518403549106677 -0.65934519087334
    outer loop
      vertex 5.59999942779541 -12.078679084777832 -2.1213197708129883
      vertex 1.9999990463256836 -11.819939613342285 -1.8262834548950195
      vertex 5.59999942779541 -11.819939613342285 -1.8262834548950195
    endloop
  endfacet
  facet normal 0 0.7518403549106677 -0.65934519087334
    outer loop
      vertex 1.9999990463256836 -11.819939613342285 -1.8262834548950195
      vertex 5.59999942779541 -12.078679084777832 -2.1213197708129883
      vertex 1.9999990463256836 -12.078679084777832 -2.1213197708129883
    endloop
  endfacet
  facet normal 0 -0.06540519618852311 -0.9978587877608439
    outer loop
      vertex 1.9999990463256836 -14.591578483581543 -2.9743337631225586
      vertex 5.59999942779541 -14.199999809265137 -3
      vertex 5.59999942779541 -14.591578483581543 -2.9743337631225586
    endloop
  endfacet
  facet normal 0 -0.06540519618852311 -0.9978587877608439
    outer loop
      vertex 5.59999942779541 -14.199999809265137 -3
      vertex 1.9999990463256836 -14.591578483581543 -2.9743337631225586
      vertex 1.9999990463256836 -14.199999809265137 -3
    endloop
  endfacet
  facet normal 0 -0.5555719771183086 -0.8314684469304015
    outer loop
      vertex 1.9999990463256836 -16.026283264160156 -2.380059242248535
      vertex 5.59999942779541 -15.699999809265137 -2.5980758666992188
      vertex 5.59999942779541 -16.026283264160156 -2.380059242248535
    endloop
  endfacet
  facet normal 0 -0.5555719771183086 -0.8314684469304015
    outer loop
      vertex 5.59999942779541 -15.699999809265137 -2.5980758666992188
      vertex 1.9999990463256836 -16.026283264160156 -2.380059242248535
      vertex 1.9999990463256836 -15.699999809265137 -2.5980758666992188
    endloop
  endfacet
  facet normal 0 0.5555708544893759 -0.8314691970493824
    outer loop
      vertex 1.9999990463256836 -12.699999809265137 -2.5980758666992188
      vertex 5.59999942779541 -12.3737154006958 -2.380059242248535
      vertex 5.59999942779541 -12.699999809265137 -2.5980758666992188
    endloop
  endfacet
  facet normal 0 0.5555708544893759 -0.8314691970493824
    outer loop
      vertex 5.59999942779541 -12.3737154006958 -2.380059242248535
      vertex 1.9999990463256836 -12.699999809265137 -2.5980758666992188
      vertex 1.9999990463256836 -12.3737154006958 -2.380059242248535
    endloop
  endfacet
  facet normal 0 -0.3214387783485159 0.9469303626845079
    outer loop
      vertex 1.9999990463256836 -14.976456642150879 2.8977766036987305
      vertex 5.59999942779541 -15.348050117492676 2.7716379165649414
      vertex 5.59999942779541 -14.976456642150879 2.8977766036987305
    endloop
  endfacet
  facet normal 0 -0.3214387783485159 0.9469303626845079
    outer loop
      vertex 5.59999942779541 -15.348050117492676 2.7716379165649414
      vertex 1.9999990463256836 -14.976456642150879 2.8977766036987305
      vertex 1.9999990463256836 -15.348050117492676 2.7716379165649414
    endloop
  endfacet
  facet normal 0 0.06540519618852311 0.9978587877608439
    outer loop
      vertex 1.9999990463256836 -13.80842113494873 2.9743337631225586
      vertex 5.59999942779541 -14.199999809265137 3
      vertex 5.59999942779541 -13.80842113494873 2.9743337631225586
    endloop
  endfacet
  facet normal 0 0.06540519618852311 0.9978587877608439
    outer loop
      vertex 5.59999942779541 -14.199999809265137 3
      vertex 1.9999990463256836 -13.80842113494873 2.9743337631225586
      vertex 1.9999990463256836 -14.199999809265137 3
    endloop
  endfacet
  facet normal 0 -0.44228754355527067 0.8968733070037509
    outer loop
      vertex 1.9999990463256836 -15.348050117492676 2.7716379165649414
      vertex 5.59999942779541 -15.54167366027832 2.6761536598205566
      vertex 5.59999942779541 -15.348050117492676 2.7716379165649414
    endloop
  endfacet
  facet normal 0 -0.44228754355527067 0.8968733070037509
    outer loop
      vertex 5.59999942779541 -15.54167366027832 2.6761536598205566
      vertex 1.9999990463256836 -15.348050117492676 2.7716379165649414
      vertex 1.9999990463256836 -15.54167366027832 2.6761536598205566
    endloop
  endfacet
  facet normal 0 -0.06540519618852311 0.9978587877608439
    outer loop
      vertex 1.9999990463256836 -14.199999809265137 3
      vertex 5.59999942779541 -14.591578483581543 2.9743337631225586
      vertex 5.59999942779541 -14.199999809265137 3
    endloop
  endfacet
  facet normal 0 -0.06540519618852311 0.9978587877608439
    outer loop
      vertex 5.59999942779541 -14.591578483581543 2.9743337631225586
      vertex 1.9999990463256836 -14.199999809265137 3
      vertex 1.9999990463256836 -14.591578483581543 2.9743337631225586
    endloop
  endfacet
  facet normal 0 -0.8968745153639197 -0.44228509322690734
    outer loop
      vertex 1.9999990463256836 -16.798076629638672 -1.5
      vertex 5.59999942779541 -16.971637725830078 -1.1480493545532227
      vertex 1.9999990463256836 -16.971637725830078 -1.1480493545532227
    endloop
  endfacet
  facet normal 0 -0.8968745153639197 -0.44228509322690734
    outer loop
      vertex 5.59999942779541 -16.971637725830078 -1.1480493545532227
      vertex 1.9999990463256836 -16.798076629638672 -1.5
      vertex 5.59999942779541 -16.798076629638672 -1.5
    endloop
  endfacet
  facet normal 0 -0.1950906498792374 -0.9807852151871463
    outer loop
      vertex 1.9999990463256836 -14.976456642150879 -2.8977766036987305
      vertex 5.59999942779541 -14.591578483581543 -2.9743337631225586
      vertex 5.59999942779541 -14.976456642150879 -2.8977766036987305
    endloop
  endfacet
  facet normal 0 -0.1950906498792374 -0.9807852151871463
    outer loop
      vertex 5.59999942779541 -14.591578483581543 -2.9743337631225586
      vertex 1.9999990463256836 -14.976456642150879 -2.8977766036987305
      vertex 1.9999990463256836 -14.591578483581543 -2.9743337631225586
    endloop
  endfacet
  facet normal 0 0.9807853076829626 -0.1950901848716038
    outer loop
      vertex 5.59999942779541 -11.30222225189209 -0.7764568328857422
      vertex 1.9999990463256836 -11.225665092468262 -0.39157772064208984
      vertex 5.59999942779541 -11.225665092468262 -0.39157772064208984
    endloop
  endfacet
  facet normal 0 0.9807853076829626 -0.1950901848716038
    outer loop
      vertex 1.9999990463256836 -11.225665092468262 -0.39157772064208984
      vertex 5.59999942779541 -11.30222225189209 -0.7764568328857422
      vertex 1.9999990463256836 -11.30222225189209 -0.7764568328857422
    endloop
  endfacet
  facet normal 0 -0.7518403549106677 -0.65934519087334
    outer loop
      vertex 1.9999990463256836 -16.321319580078125 -2.1213197708129883
      vertex 5.59999942779541 -16.580059051513672 -1.8262834548950195
      vertex 1.9999990463256836 -16.580059051513672 -1.8262834548950195
    endloop
  endfacet
  facet normal 0 -0.7518403549106677 -0.65934519087334
    outer loop
      vertex 5.59999942779541 -16.580059051513672 -1.8262834548950195
      vertex 1.9999990463256836 -16.321319580078125 -2.1213197708129883
      vertex 5.59999942779541 -16.321319580078125 -2.1213197708129883
    endloop
  endfacet
  facet normal 0 0.32143951806841525 0.9469301115837141
    outer loop
      vertex 1.9999990463256836 -13.051949501037598 2.7716379165649414
      vertex 5.59999942779541 -13.423542022705078 2.8977766036987305
      vertex 5.59999942779541 -13.051949501037598 2.7716379165649414
    endloop
  endfacet
  facet normal 0 0.32143951806841525 0.9469301115837141
    outer loop
      vertex 5.59999942779541 -13.423542022705078 2.8977766036987305
      vertex 1.9999990463256836 -13.051949501037598 2.7716379165649414
      vertex 1.9999990463256836 -13.423542022705078 2.8977766036987305
    endloop
  endfacet
  facet normal 0 0.65934519087334 0.7518403549106677
    outer loop
      vertex 1.9999990463256836 -12.078679084777832 2.1213197708129883
      vertex 5.59999942779541 -12.3737154006958 2.380059242248535
      vertex 5.59999942779541 -12.078679084777832 2.1213197708129883
    endloop
  endfacet
  facet normal 0 0.65934519087334 0.7518403549106677
    outer loop
      vertex 5.59999942779541 -12.3737154006958 2.380059242248535
      vertex 1.9999990463256836 -12.078679084777832 2.1213197708129883
      vertex 1.9999990463256836 -12.3737154006958 2.380059242248535
    endloop
  endfacet
  facet normal 0 -0.9978589359727984 -0.0654029349435823
    outer loop
      vertex 1.9999990463256836 -17.174335479736328 -0.39157772064208984
      vertex 5.59999942779541 -17.200000762939453 0
      vertex 1.9999990463256836 -17.200000762939453 0
    endloop
  endfacet
  facet normal 0 -0.9978589359727984 -0.0654029349435823
    outer loop
      vertex 5.59999942779541 -17.200000762939453 0
      vertex 1.9999990463256836 -17.174335479736328 -0.39157772064208984
      vertex 5.59999942779541 -17.174335479736328 -0.39157772064208984
    endloop
  endfacet
  facet normal 0 -0.9469286321329886 0.3214438763559621
    outer loop
      vertex 1.9999990463256836 -17.0977783203125 0.7764568328857422
      vertex 5.59999942779541 -16.971637725830078 1.1480493545532227
      vertex 1.9999990463256836 -16.971637725830078 1.1480493545532227
    endloop
  endfacet
  facet normal 0 -0.9469286321329886 0.3214438763559621
    outer loop
      vertex 5.59999942779541 -16.971637725830078 1.1480493545532227
      vertex 1.9999990463256836 -17.0977783203125 0.7764568328857422
      vertex 5.59999942779541 -17.0977783203125 0.7764568328857422
    endloop
  endfacet
  facet normal 0 0.7518403549106677 0.65934519087334
    outer loop
      vertex 5.59999942779541 -11.819939613342285 1.8262834548950195
      vertex 1.9999990463256836 -12.078679084777832 2.1213197708129883
      vertex 5.59999942779541 -12.078679084777832 2.1213197708129883
    endloop
  endfacet
  facet normal 0 0.7518403549106677 0.65934519087334
    outer loop
      vertex 1.9999990463256836 -12.078679084777832 2.1213197708129883
      vertex 5.59999942779541 -11.819939613342285 1.8262834548950195
      vertex 1.9999990463256836 -11.819939613342285 1.8262834548950195
    endloop
  endfacet
  facet normal 0 0.8968735513473842 -0.4422870480734554
    outer loop
      vertex 5.59999942779541 -11.601922988891602 -1.5
      vertex 1.9999990463256836 -11.428360939025879 -1.1480493545532227
      vertex 5.59999942779541 -11.428360939025879 -1.1480493545532227
    endloop
  endfacet
  facet normal 0 0.8968735513473842 -0.4422870480734554
    outer loop
      vertex 1.9999990463256836 -11.428360939025879 -1.1480493545532227
      vertex 5.59999942779541 -11.601922988891602 -1.5
      vertex 1.9999990463256836 -11.601922988891602 -1.5
    endloop
  endfacet
  facet normal 0 0.831468425582249 0.55557200906793
    outer loop
      vertex 5.59999942779541 -11.699999809265137 1.6467816829681396
      vertex 1.9999990463256836 -11.819939613342285 1.8262834548950195
      vertex 5.59999942779541 -11.819939613342285 1.8262834548950195
    endloop
  endfacet
  facet normal 0 0.831468425582249 0.55557200906793
    outer loop
      vertex 1.9999990463256836 -11.819939613342285 1.8262834548950195
      vertex 5.59999942779541 -11.699999809265137 1.6467816829681396
      vertex 1.9999990463256836 -11.699999809265137 1.6467816829681396
    endloop
  endfacet
  facet normal 0 -0.65934519087334 -0.7518403549106677
    outer loop
      vertex 1.9999990463256836 -16.321319580078125 -2.1213197708129883
      vertex 5.59999942779541 -16.026283264160156 -2.380059242248535
      vertex 5.59999942779541 -16.321319580078125 -2.1213197708129883
    endloop
  endfacet
  facet normal 0 -0.65934519087334 -0.7518403549106677
    outer loop
      vertex 5.59999942779541 -16.026283264160156 -2.380059242248535
      vertex 1.9999990463256836 -16.321319580078125 -2.1213197708129883
      vertex 1.9999990463256836 -16.026283264160156 -2.380059242248535
    endloop
  endfacet
  facet normal 0 -0.8968743965150728 0.44228533423088306
    outer loop
      vertex 1.9999990463256836 -16.971637725830078 1.1480493545532227
      vertex 5.59999942779541 -16.798076629638672 1.499999761581421
      vertex 1.9999990463256836 -16.798076629638672 1.499999761581421
    endloop
  endfacet
  facet normal 0 -0.8968743965150728 0.44228533423088306
    outer loop
      vertex 5.59999942779541 -16.798076629638672 1.499999761581421
      vertex 1.9999990463256836 -16.971637725830078 1.1480493545532227
      vertex 5.59999942779541 -16.971637725830078 1.1480493545532227
    endloop
  endfacet
  facet normal 0 -0.44228801209293084 -0.8968730759471395
    outer loop
      vertex 1.9999990463256836 -15.699999809265137 -2.5980758666992188
      vertex 5.59999942779541 -15.348050117492676 -2.7716379165649414
      vertex 5.59999942779541 -15.699999809265137 -2.5980758666992188
    endloop
  endfacet
  facet normal 0 -0.44228801209293084 -0.8968730759471395
    outer loop
      vertex 5.59999942779541 -15.348050117492676 -2.7716379165649414
      vertex 1.9999990463256836 -15.699999809265137 -2.5980758666992188
      vertex 1.9999990463256836 -15.348050117492676 -2.7716379165649414
    endloop
  endfacet
  facet normal 0 -0.3214387783485159 -0.9469303626845079
    outer loop
      vertex 1.9999990463256836 -15.348050117492676 -2.7716379165649414
      vertex 5.59999942779541 -14.976456642150879 -2.8977766036987305
      vertex 5.59999942779541 -15.348050117492676 -2.7716379165649414
    endloop
  endfacet
  facet normal 0 -0.3214387783485159 -0.9469303626845079
    outer loop
      vertex 5.59999942779541 -14.976456642150879 -2.8977766036987305
      vertex 1.9999990463256836 -15.348050117492676 -2.7716379165649414
      vertex 1.9999990463256836 -14.976456642150879 -2.8977766036987305
    endloop
  endfacet
  facet normal 0 0.1950901848716038 -0.9807853076829626
    outer loop
      vertex 1.9999990463256836 -13.80842113494873 -2.9743337631225586
      vertex 5.59999942779541 -13.423542022705078 -2.8977766036987305
      vertex 5.59999942779541 -13.80842113494873 -2.9743337631225586
    endloop
  endfacet
  facet normal 0 0.1950901848716038 -0.9807853076829626
    outer loop
      vertex 5.59999942779541 -13.423542022705078 -2.8977766036987305
      vertex 1.9999990463256836 -13.80842113494873 -2.9743337631225586
      vertex 1.9999990463256836 -13.423542022705078 -2.8977766036987305
    endloop
  endfacet
  facet normal 0 0.9978589359727984 -0.0654029349435823
    outer loop
      vertex 5.59999942779541 -11.225665092468262 -0.39157772064208984
      vertex 1.9999990463256836 -11.199999809265137 0
      vertex 5.59999942779541 -11.199999809265137 0
    endloop
  endfacet
  facet normal 0 0.9978589359727984 -0.0654029349435823
    outer loop
      vertex 1.9999990463256836 -11.199999809265137 0
      vertex 5.59999942779541 -11.225665092468262 -0.39157772064208984
      vertex 1.9999990463256836 -11.225665092468262 -0.39157772064208984
    endloop
  endfacet
  facet normal 0 0.44228801209293084 -0.8968730759471395
    outer loop
      vertex 1.9999990463256836 -13.051949501037598 -2.7716379165649414
      vertex 5.59999942779541 -12.699999809265137 -2.5980758666992188
      vertex 5.59999942779541 -13.051949501037598 -2.7716379165649414
    endloop
  endfacet
  facet normal 0 0.44228801209293084 -0.8968730759471395
    outer loop
      vertex 5.59999942779541 -12.699999809265137 -2.5980758666992188
      vertex 1.9999990463256836 -13.051949501037598 -2.7716379165649414
      vertex 1.9999990463256836 -12.699999809265137 -2.5980758666992188
    endloop
  endfacet
  facet normal 0 -0.9807853076829626 -0.1950901848716038
    outer loop
      vertex 1.9999990463256836 -17.0977783203125 -0.7764568328857422
      vertex 5.59999942779541 -17.174335479736328 -0.39157772064208984
      vertex 1.9999990463256836 -17.174335479736328 -0.39157772064208984
    endloop
  endfacet
  facet normal 0 -0.9807853076829626 -0.1950901848716038
    outer loop
      vertex 5.59999942779541 -17.174335479736328 -0.39157772064208984
      vertex 1.9999990463256836 -17.0977783203125 -0.7764568328857422
      vertex 5.59999942779541 -17.0977783203125 -0.7764568328857422
    endloop
  endfacet
  facet normal 0 0.8314684469304015 -0.5555719771183086
    outer loop
      vertex 5.59999942779541 -11.819939613342285 -1.8262834548950195
      vertex 1.9999990463256836 -11.601922988891602 -1.5
      vertex 5.59999942779541 -11.601922988891602 -1.5
    endloop
  endfacet
  facet normal 0 0.8314684469304015 -0.5555719771183086
    outer loop
      vertex 1.9999990463256836 -11.601922988891602 -1.5
      vertex 5.59999942779541 -11.819939613342285 -1.8262834548950195
      vertex 1.9999990463256836 -11.819939613342285 -1.8262834548950195
    endloop
  endfacet
  facet normal 0 0.44228801209293084 0.8968730759471395
    outer loop
      vertex 1.9999990463256836 -12.699999809265137 2.5980758666992188
      vertex 5.59999942779541 -13.051949501037598 2.7716379165649414
      vertex 5.59999942779541 -12.699999809265137 2.5980758666992188
    endloop
  endfacet
  facet normal 0 0.44228801209293084 0.8968730759471395
    outer loop
      vertex 5.59999942779541 -13.051949501037598 2.7716379165649414
      vertex 1.9999990463256836 -12.699999809265137 2.5980758666992188
      vertex 1.9999990463256836 -13.051949501037598 2.7716379165649414
    endloop
  endfacet
  facet normal 0 -0.9469286321329886 -0.3214438763559621
    outer loop
      vertex 1.9999990463256836 -16.971637725830078 -1.1480493545532227
      vertex 5.59999942779541 -17.0977783203125 -0.7764568328857422
      vertex 1.9999990463256836 -17.0977783203125 -0.7764568328857422
    endloop
  endfacet
  facet normal 0 -0.9469286321329886 -0.3214438763559621
    outer loop
      vertex 5.59999942779541 -17.0977783203125 -0.7764568328857422
      vertex 1.9999990463256836 -16.971637725830078 -1.1480493545532227
      vertex 5.59999942779541 -16.971637725830078 -1.1480493545532227
    endloop
  endfacet
  facet normal -1 0 0
    outer loop
      vertex 1.9999990463256836 -11.699999809265137 0
      vertex 1.9999990463256836 -11.225665092468262 -0.39157772064208984
      vertex 1.9999990463256836 -11.30222225189209 -0.7764568328857422
    endloop
  endfacet
  facet normal -1 0 0
    outer loop
      vertex 1.9999990463256836 -11.699999809265137 0
      vertex 1.9999990463256836 -11.30222225189209 -0.7764568328857422
      vertex 1.9999990463256836 -11.428360939025879 -1.1480493545532227
    endloop
  endfacet
  facet normal -1 0 0
    outer loop
      vertex 1.9999990463256836 -13.137537956237793 -0.44008541107177734
      vertex 1.9999990463256836 -11.428360939025879 -1.1480493545532227
      vertex 1.9999990463256836 -11.601922988891602 -1.5
    endloop
  endfacet
  facet normal -1 0 0
    outer loop
      vertex 1.9999990463256836 -11.225665092468262 -0.39157772064208984
      vertex 1.9999990463256836 -11.699999809265137 0
      vertex 1.9999990463256836 -11.199999809265137 0
    endloop
  endfacet
  facet normal -1 0 0
    outer loop
      vertex 1.9999990463256836 -13.204070091247559 -0.5749998092651367
      vertex 1.9999990463256836 -11.601922988891602 -1.5
      vertex 1.9999990463256836 -11.819939613342285 -1.8262834548950195
    endloop
  endfacet
  facet normal -1 0 0
    outer loop
      vertex 1.9999990463256836 -11.428360939025879 -1.1480493545532227
      vertex 1.9999990463256836 -13.137537956237793 -0.44008541107177734
      vertex 1.9999990463256836 -11.699999809265137 0
    endloop
  endfacet
  facet normal -1 0 0
    outer loop
      vertex 1.9999990463256836 -13.05983829498291 0.15010452270507812
      vertex 1.9999990463256836 -11.699999809265137 0
      vertex 1.9999990463256836 -13.049999237060547 0
    endloop
  endfacet
  facet normal -1 0 0
    outer loop
      vertex 1.9999990463256836 -13.287643432617188 -0.7000751495361328
      vertex 1.9999990463256836 -11.819939613342285 -1.8262834548950195
      vertex 1.9999990463256836 -12.078679084777832 -2.1213197708129883
    endloop
  endfacet
  facet normal -1 0 0
    outer loop
      vertex 1.9999990463256836 -13.089184761047363 0.2976417541503906
      vertex 1.9999990463256836 -11.699999809265137 0
      vertex 1.9999990463256836 -13.05983829498291 0.15010452270507812
    endloop
  endfacet
  facet normal -1 0 0
    outer loop
      vertex 1.9999990463256836 -13.386826515197754 -0.8131723403930664
      vertex 1.9999990463256836 -12.078679084777832 -2.1213197708129883
      vertex 1.9999990463256836 -12.3737154006958 -2.380059242248535
    endloop
  endfacet
  facet normal -1 0 0
    outer loop
      vertex 1.9999990463256836 -13.137537956237793 0.44008541107177734
      vertex 1.9999990463256836 -11.699999809265137 0
      vertex 1.9999990463256836 -13.089184761047363 0.2976417541503906
    endloop
  endfacet
  facet normal -1 0 0
    outer loop
      vertex 1.9999990463256836 -13.499923706054688 -0.9123554229736328
      vertex 1.9999990463256836 -12.3737154006958 -2.380059242248535
      vertex 1.9999990463256836 -12.699999809265137 -2.5980758666992188
    endloop
  endfacet
  facet normal -1 0 0
    outer loop
      vertex 1.9999990463256836 -11.699999809265137 0
      vertex 1.9999990463256836 -13.137537956237793 0.44008541107177734
      vertex 1.9999990463256836 -11.699999809265137 1.6467816829681396
    endloop
  endfacet
  facet normal -1 0 0
    outer loop
      vertex 1.9999990463256836 -13.204070091247559 0.5749998092651367
      vertex 1.9999990463256836 -11.699999809265137 1.6467816829681396
      vertex 1.9999990463256836 -13.137537956237793 0.44008541107177734
    endloop
  endfacet
  facet normal -1 0 0
    outer loop
      vertex 1.9999990463256836 -13.625 -0.9959287643432617
      vertex 1.9999990463256836 -12.699999809265137 -2.5980758666992188
      vertex 1.9999990463256836 -13.051949501037598 -2.7716379165649414
    endloop
  endfacet
  facet normal -1 0 0
    outer loop
      vertex 1.9999990463256836 -11.699999809265137 0
      vertex 1.9999990463256836 -13.05983829498291 -0.15010452270507812
      vertex 1.9999990463256836 -13.049999237060547 0
    endloop
  endfacet
  facet normal -1 0 0
    outer loop
      vertex 1.9999990463256836 -11.699999809265137 0
      vertex 1.9999990463256836 -13.089184761047363 -0.2976417541503906
      vertex 1.9999990463256836 -13.05983829498291 -0.15010452270507812
    endloop
  endfacet
  facet normal -1 0 0
    outer loop
      vertex 1.9999990463256836 -11.699999809265137 0
      vertex 1.9999990463256836 -13.137537956237793 -0.44008541107177734
      vertex 1.9999990463256836 -13.089184761047363 -0.2976417541503906
    endloop
  endfacet
  facet normal -1 0 0
    outer loop
      vertex 1.9999990463256836 -11.601922988891602 -1.5
      vertex 1.9999990463256836 -13.204070091247559 -0.5749998092651367
      vertex 1.9999990463256836 -13.137537956237793 -0.44008541107177734
    endloop
  endfacet
  facet normal -1 0 0
    outer loop
      vertex 1.9999990463256836 -11.819939613342285 -1.8262834548950195
      vertex 1.9999990463256836 -13.287643432617188 -0.7000751495361328
      vertex 1.9999990463256836 -13.204070091247559 -0.5749998092651367
    endloop
  endfacet
  facet normal -1 0 0
    outer loop
      vertex 1.9999990463256836 -12.078679084777832 -2.1213197708129883
      vertex 1.9999990463256836 -13.386826515197754 -0.8131723403930664
      vertex 1.9999990463256836 -13.287643432617188 -0.7000751495361328
    endloop
  endfacet
  facet normal -1 0 0
    outer loop
      vertex 1.9999990463256836 -13.759913444519043 -1.0624608993530273
      vertex 1.9999990463256836 -13.051949501037598 -2.7716379165649414
      vertex 1.9999990463256836 -13.423542022705078 -2.8977766036987305
    endloop
  endfacet
  facet normal -1 0 0
    outer loop
      vertex 1.9999990463256836 -12.3737154006958 -2.380059242248535
      vertex 1.9999990463256836 -13.499923706054688 -0.9123554229736328
      vertex 1.9999990463256836 -13.386826515197754 -0.8131723403930664
    endloop
  endfacet
  facet normal -1 0 0
    outer loop
      vertex 1.9999990463256836 -12.699999809265137 -2.5980758666992188
      vertex 1.9999990463256836 -13.625 -0.9959287643432617
      vertex 1.9999990463256836 -13.499923706054688 -0.9123554229736328
    endloop
  endfacet
  facet normal -1 0 0
    outer loop
      vertex 1.9999990463256836 -13.051949501037598 -2.7716379165649414
      vertex 1.9999990463256836 -13.759913444519043 -1.0624608993530273
      vertex 1.9999990463256836 -13.625 -0.9959287643432617
    endloop
  endfacet
  facet normal -1 0 0
    outer loop
      vertex 1.9999990463256836 -13.902358055114746 -1.110814094543457
      vertex 1.9999990463256836 -13.423542022705078 -2.8977766036987305
      vertex 1.9999990463256836 -13.80842113494873 -2.9743337631225586
    endloop
  endfacet
  facet normal -1 0 0
    outer loop
      vertex 1.9999990463256836 -13.423542022705078 -2.8977766036987305
      vertex 1.9999990463256836 -13.902358055114746 -1.110814094543457
      vertex 1.9999990463256836 -13.759913444519043 -1.0624608993530273
    endloop
  endfacet
  facet normal -1 0 0
    outer loop
      vertex 1.9999990463256836 -13.80842113494873 -2.9743337631225586
      vertex 1.9999990463256836 -14.049894332885742 -1.1401615142822266
      vertex 1.9999990463256836 -13.902358055114746 -1.110814094543457
    endloop
  endfacet
  facet normal -1 0 0
    outer loop
      vertex 1.9999990463256836 -14.199999809265137 -3
      vertex 1.9999990463256836 -14.049894332885742 -1.1401615142822266
      vertex 1.9999990463256836 -13.80842113494873 -2.9743337631225586
    endloop
  endfacet
  facet normal -1 0 0
    outer loop
      vertex 1.9999990463256836 -14.199999809265137 -3
      vertex 1.9999990463256836 -14.199999809265137 -1.1499996185302734
      vertex 1.9999990463256836 -14.049894332885742 -1.1401615142822266
    endloop
  endfacet
  facet normal -1 0 0
    outer loop
      vertex 1.9999990463256836 -14.199999809265137 -3
      vertex 1.9999990463256836 -14.350104331970215 -1.1401615142822266
      vertex 1.9999990463256836 -14.199999809265137 -1.1499996185302734
    endloop
  endfacet
  facet normal -1 0 0
    outer loop
      vertex 1.9999990463256836 -14.591578483581543 -2.9743337631225586
      vertex 1.9999990463256836 -14.350104331970215 -1.1401615142822266
      vertex 1.9999990463256836 -14.199999809265137 -3
    endloop
  endfacet
  facet normal -1 0 0
    outer loop
      vertex 1.9999990463256836 -14.350104331970215 -1.1401615142822266
      vertex 1.9999990463256836 -14.591578483581543 -2.9743337631225586
      vertex 1.9999990463256836 -14.497641563415527 -1.110814094543457
    endloop
  endfacet
  facet normal -1 0 0
    outer loop
      vertex 1.9999990463256836 -14.976456642150879 -2.8977766036987305
      vertex 1.9999990463256836 -14.497641563415527 -1.110814094543457
      vertex 1.9999990463256836 -14.591578483581543 -2.9743337631225586
    endloop
  endfacet
  facet normal -1 0 0
    outer loop
      vertex 1.9999990463256836 -14.497641563415527 -1.110814094543457
      vertex 1.9999990463256836 -14.976456642150879 -2.8977766036987305
      vertex 1.9999990463256836 -14.640085220336914 -1.0624608993530273
    endloop
  endfacet
  facet normal -1 0 0
    outer loop
      vertex 1.9999990463256836 -15.348050117492676 -2.7716379165649414
      vertex 1.9999990463256836 -14.640085220336914 -1.0624608993530273
      vertex 1.9999990463256836 -14.976456642150879 -2.8977766036987305
    endloop
  endfacet
  facet normal -1 0 0
    outer loop
      vertex 1.9999990463256836 -14.640085220336914 -1.0624608993530273
      vertex 1.9999990463256836 -15.348050117492676 -2.7716379165649414
      vertex 1.9999990463256836 -14.774999618530273 -0.9959287643432617
    endloop
  endfacet
  facet normal -1 0 0
    outer loop
      vertex 1.9999990463256836 -15.699999809265137 -2.5980758666992188
      vertex 1.9999990463256836 -14.774999618530273 -0.9959287643432617
      vertex 1.9999990463256836 -15.348050117492676 -2.7716379165649414
    endloop
  endfacet
  facet normal -1 0 0
    outer loop
      vertex 1.9999990463256836 -14.774999618530273 -0.9959287643432617
      vertex 1.9999990463256836 -15.699999809265137 -2.5980758666992188
      vertex 1.9999990463256836 -14.90007495880127 -0.9123554229736328
    endloop
  endfacet
  facet normal -1 0 0
    outer loop
      vertex 1.9999990463256836 -16.026283264160156 -2.380059242248535
      vertex 1.9999990463256836 -14.90007495880127 -0.9123554229736328
      vertex 1.9999990463256836 -15.699999809265137 -2.5980758666992188
    endloop
  endfacet
  facet normal -1 0 0
    outer loop
      vertex 1.9999990463256836 -14.90007495880127 -0.9123554229736328
      vertex 1.9999990463256836 -16.026283264160156 -2.380059242248535
      vertex 1.9999990463256836 -15.013172149658203 -0.8131723403930664
    endloop
  endfacet
  facet normal -1 0 0
    outer loop
      vertex 1.9999990463256836 -16.321319580078125 -2.1213197708129883
      vertex 1.9999990463256836 -15.013172149658203 -0.8131723403930664
      vertex 1.9999990463256836 -16.026283264160156 -2.380059242248535
    endloop
  endfacet
  facet normal -1 0 0
    outer loop
      vertex 1.9999990463256836 -15.013172149658203 -0.8131723403930664
      vertex 1.9999990463256836 -16.321319580078125 -2.1213197708129883
      vertex 1.9999990463256836 -15.112356185913086 -0.7000751495361328
    endloop
  endfacet
  facet normal -1 0 0
    outer loop
      vertex 1.9999990463256836 -16.580059051513672 -1.8262834548950195
      vertex 1.9999990463256836 -15.112356185913086 -0.7000751495361328
      vertex 1.9999990463256836 -16.321319580078125 -2.1213197708129883
    endloop
  endfacet
  facet normal -1 0 0
    outer loop
      vertex 1.9999990463256836 -15.112356185913086 -0.7000751495361328
      vertex 1.9999990463256836 -16.580059051513672 -1.8262834548950195
      vertex 1.9999990463256836 -15.195928573608398 -0.5749998092651367
    endloop
  endfacet
  facet normal -1 0 0
    outer loop
      vertex 1.9999990463256836 -16.798076629638672 -1.5
      vertex 1.9999990463256836 -15.195928573608398 -0.5749998092651367
      vertex 1.9999990463256836 -16.580059051513672 -1.8262834548950195
    endloop
  endfacet
  facet normal -1 0 0
    outer loop
      vertex 1.9999990463256836 -15.195928573608398 -0.5749998092651367
      vertex 1.9999990463256836 -16.798076629638672 -1.5
      vertex 1.9999990463256836 -15.262460708618164 -0.44008541107177734
    endloop
  endfacet
  facet normal -1 0 0
    outer loop
      vertex 1.9999990463256836 -16.971637725830078 -1.1480493545532227
      vertex 1.9999990463256836 -15.262460708618164 -0.44008541107177734
      vertex 1.9999990463256836 -16.798076629638672 -1.5
    endloop
  endfacet
  facet normal -1 0 0
    outer loop
      vertex 1.9999990463256836 -15.262460708618164 -0.44008541107177734
      vertex 1.9999990463256836 -16.971637725830078 -1.1480493545532227
      vertex 1.9999990463256836 -15.310813903808594 -0.2976417541503906
    endloop
  endfacet
  facet normal -1 0 0
    outer loop
      vertex 1.9999990463256836 -15.34999942779541 0
      vertex 1.9999990463256836 -16.36506462097168 1.2500001192092896
      vertex 1.9999990463256836 -15.54167366027832 2.6761536598205566
    endloop
  endfacet
  facet normal -1 0 0
    outer loop
      vertex 1.9999990463256836 -17.0977783203125 -0.7764568328857422
      vertex 1.9999990463256836 -15.310813903808594 -0.2976417541503906
      vertex 1.9999990463256836 -16.971637725830078 -1.1480493545532227
    endloop
  endfacet
  facet normal -1 0 0
    outer loop
      vertex 1.9999990463256836 -15.310813903808594 -0.2976417541503906
      vertex 1.9999990463256836 -17.0977783203125 -0.7764568328857422
      vertex 1.9999990463256836 -15.340161323547363 -0.15010452270507812
    endloop
  endfacet
  facet normal -1 0 0
    outer loop
      vertex 1.9999990463256836 -17.174335479736328 -0.39157772064208984
      vertex 1.9999990463256836 -15.340161323547363 -0.15010452270507812
      vertex 1.9999990463256836 -17.0977783203125 -0.7764568328857422
    endloop
  endfacet
  facet normal -1 0 0
    outer loop
      vertex 1.9999990463256836 -15.340161323547363 -0.15010452270507812
      vertex 1.9999990463256836 -17.174335479736328 -0.39157772064208984
      vertex 1.9999990463256836 -15.34999942779541 0
    endloop
  endfacet
  facet normal -1 0 0
    outer loop
      vertex 1.9999990463256836 -16.36506462097168 1.2500001192092896
      vertex 1.9999990463256836 -16.971637725830078 1.1480493545532227
      vertex 1.9999990463256836 -16.798076629638672 1.499999761581421
    endloop
  endfacet
  facet normal -1 0 0
    outer loop
      vertex 1.9999990463256836 -17.200000762939453 0
      vertex 1.9999990463256836 -15.34999942779541 0
      vertex 1.9999990463256836 -17.174335479736328 -0.39157772064208984
    endloop
  endfacet
  facet normal -1 0 0
    outer loop
      vertex 1.9999990463256836 -16.36506462097168 1.2500001192092896
      vertex 1.9999990463256836 -17.0977783203125 0.7764568328857422
      vertex 1.9999990463256836 -16.971637725830078 1.1480493545532227
    endloop
  endfacet
  facet normal -1 0 0
    outer loop
      vertex 1.9999990463256836 -17.174335479736328 0.39157772064208984
      vertex 1.9999990463256836 -15.34999942779541 0
      vertex 1.9999990463256836 -17.200000762939453 0
    endloop
  endfacet
  facet normal -1 0 0
    outer loop
      vertex 1.9999990463256836 -16.36506462097168 1.2500001192092896
      vertex 1.9999990463256836 -17.174335479736328 0.39157772064208984
      vertex 1.9999990463256836 -17.0977783203125 0.7764568328857422
    endloop
  endfacet
  facet normal -1 0 0
    outer loop
      vertex 1.9999990463256836 -15.34999942779541 0
      vertex 1.9999990463256836 -17.174335479736328 0.39157772064208984
      vertex 1.9999990463256836 -16.36506462097168 1.2500001192092896
    endloop
  endfacet
  facet normal -1 0 0
    outer loop
      vertex 1.9999990463256836 -13.287643432617188 0.7000751495361328
      vertex 1.9999990463256836 -11.699999809265137 1.6467816829681396
      vertex 1.9999990463256836 -13.204070091247559 0.5749998092651367
    endloop
  endfacet
  facet normal -1 0 0
    outer loop
      vertex 1.9999990463256836 -11.699999809265137 1.6467816829681396
      vertex 1.9999990463256836 -13.287643432617188 0.7000751495361328
      vertex 1.9999990463256836 -11.819939613342285 1.8262834548950195
    endloop
  endfacet
  facet normal -1 0 0
    outer loop
      vertex 1.9999990463256836 -11.819939613342285 1.8262834548950195
      vertex 1.9999990463256836 -13.287643432617188 0.7000751495361328
      vertex 1.9999990463256836 -12.078679084777832 2.1213197708129883
    endloop
  endfacet
  facet normal -1 0 0
    outer loop
      vertex 1.9999990463256836 -13.386826515197754 0.8131723403930664
      vertex 1.9999990463256836 -12.078679084777832 2.1213197708129883
      vertex 1.9999990463256836 -13.287643432617188 0.7000751495361328
    endloop
  endfacet
  facet normal -1 0 0
    outer loop
      vertex 1.9999990463256836 -12.078679084777832 2.1213197708129883
      vertex 1.9999990463256836 -13.386826515197754 0.8131723403930664
      vertex 1.9999990463256836 -12.3737154006958 2.380059242248535
    endloop
  endfacet
  facet normal -1 0 0
    outer loop
      vertex 1.9999990463256836 -13.499923706054688 0.9123554229736328
      vertex 1.9999990463256836 -12.3737154006958 2.380059242248535
      vertex 1.9999990463256836 -13.386826515197754 0.8131723403930664
    endloop
  endfacet
  facet normal -1 0 0
    outer loop
      vertex 1.9999990463256836 -12.3737154006958 2.380059242248535
      vertex 1.9999990463256836 -13.499923706054688 0.9123554229736328
      vertex 1.9999990463256836 -12.699999809265137 2.5980758666992188
    endloop
  endfacet
  facet normal -1 0 0
    outer loop
      vertex 1.9999990463256836 -13.625 0.9959287643432617
      vertex 1.9999990463256836 -12.699999809265137 2.5980758666992188
      vertex 1.9999990463256836 -13.499923706054688 0.9123554229736328
    endloop
  endfacet
  facet normal -1 0 0
    outer loop
      vertex 1.9999990463256836 -12.699999809265137 2.5980758666992188
      vertex 1.9999990463256836 -13.625 0.9959287643432617
      vertex 1.9999990463256836 -13.051949501037598 2.7716379165649414
    endloop
  endfacet
  facet normal -1 0 0
    outer loop
      vertex 1.9999990463256836 -13.759913444519043 1.0624608993530273
      vertex 1.9999990463256836 -13.051949501037598 2.7716379165649414
      vertex 1.9999990463256836 -13.625 0.9959287643432617
    endloop
  endfacet
  facet normal -1 0 0
    outer loop
      vertex 1.9999990463256836 -13.051949501037598 2.7716379165649414
      vertex 1.9999990463256836 -13.759913444519043 1.0624608993530273
      vertex 1.9999990463256836 -13.423542022705078 2.8977766036987305
    endloop
  endfacet
  facet normal -1 0 0
    outer loop
      vertex 1.9999990463256836 -13.902358055114746 1.110814094543457
      vertex 1.9999990463256836 -13.423542022705078 2.8977766036987305
      vertex 1.9999990463256836 -13.759913444519043 1.0624608993530273
    endloop
  endfacet
  facet normal -1 0 0
    outer loop
      vertex 1.9999990463256836 -13.423542022705078 2.8977766036987305
      vertex 1.9999990463256836 -13.902358055114746 1.110814094543457
      vertex 1.9999990463256836 -13.80842113494873 2.9743337631225586
    endloop
  endfacet
  facet normal -1 0 0
    outer loop
      vertex 1.9999990463256836 -14.049894332885742 1.1401615142822266
      vertex 1.9999990463256836 -13.80842113494873 2.9743337631225586
      vertex 1.9999990463256836 -13.902358055114746 1.110814094543457
    endloop
  endfacet
  facet normal -1 0 0
    outer loop
      vertex 1.9999990463256836 -14.199999809265137 1.1499996185302734
      vertex 1.9999990463256836 -13.80842113494873 2.9743337631225586
      vertex 1.9999990463256836 -14.049894332885742 1.1401615142822266
    endloop
  endfacet
  facet normal -1 0 0
    outer loop
      vertex 1.9999990463256836 -14.199999809265137 1.1499996185302734
      vertex 1.9999990463256836 -14.199999809265137 3
      vertex 1.9999990463256836 -13.80842113494873 2.9743337631225586
    endloop
  endfacet
  facet normal -1 0 0
    outer loop
      vertex 1.9999990463256836 -14.350104331970215 1.1401615142822266
      vertex 1.9999990463256836 -14.199999809265137 3
      vertex 1.9999990463256836 -14.199999809265137 1.1499996185302734
    endloop
  endfacet
  facet normal -1 0 0
    outer loop
      vertex 1.9999990463256836 -14.591578483581543 2.9743337631225586
      vertex 1.9999990463256836 -14.350104331970215 1.1401615142822266
      vertex 1.9999990463256836 -14.497641563415527 1.110814094543457
    endloop
  endfacet
  facet normal -1 0 0
    outer loop
      vertex 1.9999990463256836 -14.350104331970215 1.1401615142822266
      vertex 1.9999990463256836 -14.591578483581543 2.9743337631225586
      vertex 1.9999990463256836 -14.199999809265137 3
    endloop
  endfacet
  facet normal -1 0 0
    outer loop
      vertex 1.9999990463256836 -14.976456642150879 2.8977766036987305
      vertex 1.9999990463256836 -14.497641563415527 1.110814094543457
      vertex 1.9999990463256836 -14.640085220336914 1.0624608993530273
    endloop
  endfacet
  facet normal -1 0 0
    outer loop
      vertex 1.9999990463256836 -15.54167366027832 2.6761536598205566
      vertex 1.9999990463256836 -14.640085220336914 1.0624608993530273
      vertex 1.9999990463256836 -14.774999618530273 0.9959287643432617
    endloop
  endfacet
  facet normal -1 0 0
    outer loop
      vertex 1.9999990463256836 -15.54167366027832 2.6761536598205566
      vertex 1.9999990463256836 -14.774999618530273 0.9959287643432617
      vertex 1.9999990463256836 -14.90007495880127 0.9123554229736328
    endloop
  endfacet
  facet normal -1 0 0
    outer loop
      vertex 1.9999990463256836 -14.497641563415527 1.110814094543457
      vertex 1.9999990463256836 -14.976456642150879 2.8977766036987305
      vertex 1.9999990463256836 -14.591578483581543 2.9743337631225586
    endloop
  endfacet
  facet normal -1 0 0
    outer loop
      vertex 1.9999990463256836 -15.54167366027832 2.6761536598205566
      vertex 1.9999990463256836 -14.90007495880127 0.9123554229736328
      vertex 1.9999990463256836 -15.013172149658203 0.8131723403930664
    endloop
  endfacet
  facet normal -1 0 0
    outer loop
      vertex 1.9999990463256836 -15.54167366027832 2.6761536598205566
      vertex 1.9999990463256836 -15.013172149658203 0.8131723403930664
      vertex 1.9999990463256836 -15.112356185913086 0.7000751495361328
    endloop
  endfacet
  facet normal -1 0 0
    outer loop
      vertex 1.9999990463256836 -15.54167366027832 2.6761536598205566
      vertex 1.9999990463256836 -15.112356185913086 0.7000751495361328
      vertex 1.9999990463256836 -15.195928573608398 0.5749998092651367
    endloop
  endfacet
  facet normal -1 0 0
    outer loop
      vertex 1.9999990463256836 -15.54167366027832 2.6761536598205566
      vertex 1.9999990463256836 -15.195928573608398 0.5749998092651367
      vertex 1.9999990463256836 -15.262460708618164 0.44008541107177734
    endloop
  endfacet
  facet normal -1 0 0
    outer loop
      vertex 1.9999990463256836 -15.54167366027832 2.6761536598205566
      vertex 1.9999990463256836 -15.262460708618164 0.44008541107177734
      vertex 1.9999990463256836 -15.310813903808594 0.2976417541503906
    endloop
  endfacet
  facet normal -1 0 0
    outer loop
      vertex 1.9999990463256836 -15.54167366027832 2.6761536598205566
      vertex 1.9999990463256836 -15.310813903808594 0.2976417541503906
      vertex 1.9999990463256836 -15.340161323547363 0.15010452270507812
    endloop
  endfacet
  facet normal -1 0 0
    outer loop
      vertex 1.9999990463256836 -14.640085220336914 1.0624608993530273
      vertex 1.9999990463256836 -15.348050117492676 2.7716379165649414
      vertex 1.9999990463256836 -14.976456642150879 2.8977766036987305
    endloop
  endfacet
  facet normal -1 0 0
    outer loop
      vertex 1.9999990463256836 -15.54167366027832 2.6761536598205566
      vertex 1.9999990463256836 -15.340161323547363 0.15010452270507812
      vertex 1.9999990463256836 -15.34999942779541 0
    endloop
  endfacet
  facet normal -1 0 0
    outer loop
      vertex 1.9999990463256836 -14.640085220336914 1.0624608993530273
      vertex 1.9999990463256836 -15.54167366027832 2.6761536598205566
      vertex 1.9999990463256836 -15.348050117492676 2.7716379165649414
    endloop
  endfacet
  facet normal 1 0 0
    outer loop
      vertex 5.59999942779541 -13.287643432617188 0.7000751495361328
      vertex 5.59999942779541 -11.699999809265137 1.6467816829681396
      vertex 5.59999942779541 -11.819939613342285 1.8262834548950195
    endloop
  endfacet
  facet normal 1 0 0
    outer loop
      vertex 5.59999942779541 -11.699999809265137 0
      vertex 5.59999942779541 -11.225665092468262 -0.39157772064208984
      vertex 5.59999942779541 -11.199999809265137 0
    endloop
  endfacet
  facet normal 1 0 0
    outer loop
      vertex 5.59999942779541 -11.225665092468262 -0.39157772064208984
      vertex 5.59999942779541 -11.699999809265137 0
      vertex 5.59999942779541 -11.30222225189209 -0.7764568328857422
    endloop
  endfacet
  facet normal 1 0 0
    outer loop
      vertex 5.59999942779541 -11.30222225189209 -0.7764568328857422
      vertex 5.59999942779541 -11.699999809265137 0
      vertex 5.59999942779541 -11.428360939025879 -1.1480493545532227
    endloop
  endfacet
  facet normal 1 0 0
    outer loop
      vertex 5.59999942779541 -13.137537956237793 -0.44008541107177734
      vertex 5.59999942779541 -11.428360939025879 -1.1480493545532227
      vertex 5.59999942779541 -11.699999809265137 0
    endloop
  endfacet
  facet normal 1 0 0
    outer loop
      vertex 5.59999942779541 -11.699999809265137 1.6467816829681396
      vertex 5.59999942779541 -13.137537956237793 0.44008541107177734
      vertex 5.59999942779541 -11.699999809265137 0
    endloop
  endfacet
  facet normal 1 0 0
    outer loop
      vertex 5.59999942779541 -13.05983829498291 -0.15010452270507812
      vertex 5.59999942779541 -11.699999809265137 0
      vertex 5.59999942779541 -13.049999237060547 0
    endloop
  endfacet
  facet normal 1 0 0
    outer loop
      vertex 5.59999942779541 -13.287643432617188 0.7000751495361328
      vertex 5.59999942779541 -11.819939613342285 1.8262834548950195
      vertex 5.59999942779541 -12.078679084777832 2.1213197708129883
    endloop
  endfacet
  facet normal 1 0 0
    outer loop
      vertex 5.59999942779541 -13.089184761047363 -0.2976417541503906
      vertex 5.59999942779541 -11.699999809265137 0
      vertex 5.59999942779541 -13.05983829498291 -0.15010452270507812
    endloop
  endfacet
  facet normal 1 0 0
    outer loop
      vertex 5.59999942779541 -13.386826515197754 0.8131723403930664
      vertex 5.59999942779541 -12.078679084777832 2.1213197708129883
      vertex 5.59999942779541 -12.3737154006958 2.380059242248535
    endloop
  endfacet
  facet normal 1 0 0
    outer loop
      vertex 5.59999942779541 -13.137537956237793 -0.44008541107177734
      vertex 5.59999942779541 -11.699999809265137 0
      vertex 5.59999942779541 -13.089184761047363 -0.2976417541503906
    endloop
  endfacet
  facet normal 1 0 0
    outer loop
      vertex 5.59999942779541 -13.499923706054688 0.9123554229736328
      vertex 5.59999942779541 -12.3737154006958 2.380059242248535
      vertex 5.59999942779541 -12.699999809265137 2.5980758666992188
    endloop
  endfacet
  facet normal 1 0 0
    outer loop
      vertex 5.59999942779541 -11.428360939025879 -1.1480493545532227
      vertex 5.59999942779541 -13.137537956237793 -0.44008541107177734
      vertex 5.59999942779541 -11.601922988891602 -1.5
    endloop
  endfacet
  facet normal 1 0 0
    outer loop
      vertex 5.59999942779541 -13.204070091247559 -0.5749998092651367
      vertex 5.59999942779541 -11.601922988891602 -1.5
      vertex 5.59999942779541 -13.137537956237793 -0.44008541107177734
    endloop
  endfacet
  facet normal 1 0 0
    outer loop
      vertex 5.59999942779541 -13.625 0.9959287643432617
      vertex 5.59999942779541 -12.699999809265137 2.5980758666992188
      vertex 5.59999942779541 -13.051949501037598 2.7716379165649414
    endloop
  endfacet
  facet normal 1 0 0
    outer loop
      vertex 5.59999942779541 -11.699999809265137 0
      vertex 5.59999942779541 -13.05983829498291 0.15010452270507812
      vertex 5.59999942779541 -13.049999237060547 0
    endloop
  endfacet
  facet normal 1 0 0
    outer loop
      vertex 5.59999942779541 -11.699999809265137 0
      vertex 5.59999942779541 -13.089184761047363 0.2976417541503906
      vertex 5.59999942779541 -13.05983829498291 0.15010452270507812
    endloop
  endfacet
  facet normal 1 0 0
    outer loop
      vertex 5.59999942779541 -11.699999809265137 0
      vertex 5.59999942779541 -13.137537956237793 0.44008541107177734
      vertex 5.59999942779541 -13.089184761047363 0.2976417541503906
    endloop
  endfacet
  facet normal 1 0 0
    outer loop
      vertex 5.59999942779541 -11.699999809265137 1.6467816829681396
      vertex 5.59999942779541 -13.204070091247559 0.5749998092651367
      vertex 5.59999942779541 -13.137537956237793 0.44008541107177734
    endloop
  endfacet
  facet normal 1 0 0
    outer loop
      vertex 5.59999942779541 -11.699999809265137 1.6467816829681396
      vertex 5.59999942779541 -13.287643432617188 0.7000751495361328
      vertex 5.59999942779541 -13.204070091247559 0.5749998092651367
    endloop
  endfacet
  facet normal 1 0 0
    outer loop
      vertex 5.59999942779541 -12.078679084777832 2.1213197708129883
      vertex 5.59999942779541 -13.386826515197754 0.8131723403930664
      vertex 5.59999942779541 -13.287643432617188 0.7000751495361328
    endloop
  endfacet
  facet normal 1 0 0
    outer loop
      vertex 5.59999942779541 -13.759913444519043 1.0624608993530273
      vertex 5.59999942779541 -13.051949501037598 2.7716379165649414
      vertex 5.59999942779541 -13.423542022705078 2.8977766036987305
    endloop
  endfacet
  facet normal 1 0 0
    outer loop
      vertex 5.59999942779541 -12.3737154006958 2.380059242248535
      vertex 5.59999942779541 -13.499923706054688 0.9123554229736328
      vertex 5.59999942779541 -13.386826515197754 0.8131723403930664
    endloop
  endfacet
  facet normal 1 0 0
    outer loop
      vertex 5.59999942779541 -12.699999809265137 2.5980758666992188
      vertex 5.59999942779541 -13.625 0.9959287643432617
      vertex 5.59999942779541 -13.499923706054688 0.9123554229736328
    endloop
  endfacet
  facet normal 1 0 0
    outer loop
      vertex 5.59999942779541 -13.051949501037598 2.7716379165649414
      vertex 5.59999942779541 -13.759913444519043 1.0624608993530273
      vertex 5.59999942779541 -13.625 0.9959287643432617
    endloop
  endfacet
  facet normal 1 0 0
    outer loop
      vertex 5.59999942779541 -13.902358055114746 1.110814094543457
      vertex 5.59999942779541 -13.423542022705078 2.8977766036987305
      vertex 5.59999942779541 -13.80842113494873 2.9743337631225586
    endloop
  endfacet
  facet normal 1 0 0
    outer loop
      vertex 5.59999942779541 -13.423542022705078 2.8977766036987305
      vertex 5.59999942779541 -13.902358055114746 1.110814094543457
      vertex 5.59999942779541 -13.759913444519043 1.0624608993530273
    endloop
  endfacet
  facet normal 1 0 0
    outer loop
      vertex 5.59999942779541 -13.80842113494873 2.9743337631225586
      vertex 5.59999942779541 -14.049894332885742 1.1401615142822266
      vertex 5.59999942779541 -13.902358055114746 1.110814094543457
    endloop
  endfacet
  facet normal 1 0 0
    outer loop
      vertex 5.59999942779541 -14.199999809265137 3
      vertex 5.59999942779541 -14.049894332885742 1.1401615142822266
      vertex 5.59999942779541 -13.80842113494873 2.9743337631225586
    endloop
  endfacet
  facet normal 1 0 0
    outer loop
      vertex 5.59999942779541 -14.199999809265137 3
      vertex 5.59999942779541 -14.199999809265137 1.1499996185302734
      vertex 5.59999942779541 -14.049894332885742 1.1401615142822266
    endloop
  endfacet
  facet normal 1 0 0
    outer loop
      vertex 5.59999942779541 -14.199999809265137 3
      vertex 5.59999942779541 -14.350104331970215 1.1401615142822266
      vertex 5.59999942779541 -14.199999809265137 1.1499996185302734
    endloop
  endfacet
  facet normal 1 0 0
    outer loop
      vertex 5.59999942779541 -14.591578483581543 2.9743337631225586
      vertex 5.59999942779541 -14.350104331970215 1.1401615142822266
      vertex 5.59999942779541 -14.199999809265137 3
    endloop
  endfacet
  facet normal 1 0 0
    outer loop
      vertex 5.59999942779541 -14.350104331970215 1.1401615142822266
      vertex 5.59999942779541 -14.591578483581543 2.9743337631225586
      vertex 5.59999942779541 -14.497641563415527 1.110814094543457
    endloop
  endfacet
  facet normal 1 0 0
    outer loop
      vertex 5.59999942779541 -14.976456642150879 2.8977766036987305
      vertex 5.59999942779541 -14.497641563415527 1.110814094543457
      vertex 5.59999942779541 -14.591578483581543 2.9743337631225586
    endloop
  endfacet
  facet normal 1 0 0
    outer loop
      vertex 5.59999942779541 -14.497641563415527 1.110814094543457
      vertex 5.59999942779541 -14.976456642150879 2.8977766036987305
      vertex 5.59999942779541 -14.640085220336914 1.0624608993530273
    endloop
  endfacet
  facet normal 1 0 0
    outer loop
      vertex 5.59999942779541 -15.348050117492676 2.7716379165649414
      vertex 5.59999942779541 -14.640085220336914 1.0624608993530273
      vertex 5.59999942779541 -14.976456642150879 2.8977766036987305
    endloop
  endfacet
  facet normal 1 0 0
    outer loop
      vertex 5.59999942779541 -15.54167366027832 2.6761536598205566
      vertex 5.59999942779541 -14.640085220336914 1.0624608993530273
      vertex 5.59999942779541 -15.348050117492676 2.7716379165649414
    endloop
  endfacet
  facet normal 1 0 0
    outer loop
      vertex 5.59999942779541 -14.640085220336914 1.0624608993530273
      vertex 5.59999942779541 -15.54167366027832 2.6761536598205566
      vertex 5.59999942779541 -14.774999618530273 0.9959287643432617
    endloop
  endfacet
  facet normal 1 0 0
    outer loop
      vertex 5.59999942779541 -14.774999618530273 0.9959287643432617
      vertex 5.59999942779541 -15.54167366027832 2.6761536598205566
      vertex 5.59999942779541 -14.90007495880127 0.9123554229736328
    endloop
  endfacet
  facet normal 1 0 0
    outer loop
      vertex 5.59999942779541 -16.36506462097168 1.2500001192092896
      vertex 5.59999942779541 -14.90007495880127 0.9123554229736328
      vertex 5.59999942779541 -15.54167366027832 2.6761536598205566
    endloop
  endfacet
  facet normal 1 0 0
    outer loop
      vertex 5.59999942779541 -14.90007495880127 0.9123554229736328
      vertex 5.59999942779541 -16.36506462097168 1.2500001192092896
      vertex 5.59999942779541 -15.013172149658203 0.8131723403930664
    endloop
  endfacet
  facet normal 1 0 0
    outer loop
      vertex 5.59999942779541 -15.013172149658203 0.8131723403930664
      vertex 5.59999942779541 -16.36506462097168 1.2500001192092896
      vertex 5.59999942779541 -15.112356185913086 0.7000751495361328
    endloop
  endfacet
  facet normal 1 0 0
    outer loop
      vertex 5.59999942779541 -15.112356185913086 0.7000751495361328
      vertex 5.59999942779541 -16.36506462097168 1.2500001192092896
      vertex 5.59999942779541 -15.195928573608398 0.5749998092651367
    endloop
  endfacet
  facet normal 1 0 0
    outer loop
      vertex 5.59999942779541 -15.195928573608398 0.5749998092651367
      vertex 5.59999942779541 -16.36506462097168 1.2500001192092896
      vertex 5.59999942779541 -15.262460708618164 0.44008541107177734
    endloop
  endfacet
  facet normal 1 0 0
    outer loop
      vertex 5.59999942779541 -15.262460708618164 0.44008541107177734
      vertex 5.59999942779541 -16.36506462097168 1.2500001192092896
      vertex 5.59999942779541 -15.310813903808594 0.2976417541503906
    endloop
  endfacet
  facet normal 1 0 0
    outer loop
      vertex 5.59999942779541 -15.310813903808594 0.2976417541503906
      vertex 5.59999942779541 -16.36506462097168 1.2500001192092896
      vertex 5.59999942779541 -15.340161323547363 0.15010452270507812
    endloop
  endfacet
  facet normal 1 0 0
    outer loop
      vertex 5.59999942779541 -11.601922988891602 -1.5
      vertex 5.59999942779541 -13.204070091247559 -0.5749998092651367
      vertex 5.59999942779541 -11.819939613342285 -1.8262834548950195
    endloop
  endfacet
  facet normal 1 0 0
    outer loop
      vertex 5.59999942779541 -13.287643432617188 -0.7000751495361328
      vertex 5.59999942779541 -11.819939613342285 -1.8262834548950195
      vertex 5.59999942779541 -13.204070091247559 -0.5749998092651367
    endloop
  endfacet
  facet normal 1 0 0
    outer loop
      vertex 5.59999942779541 -11.819939613342285 -1.8262834548950195
      vertex 5.59999942779541 -13.287643432617188 -0.7000751495361328
      vertex 5.59999942779541 -12.078679084777832 -2.1213197708129883
    endloop
  endfacet
  facet normal 1 0 0
    outer loop
      vertex 5.59999942779541 -13.386826515197754 -0.8131723403930664
      vertex 5.59999942779541 -12.078679084777832 -2.1213197708129883
      vertex 5.59999942779541 -13.287643432617188 -0.7000751495361328
    endloop
  endfacet
  facet normal 1 0 0
    outer loop
      vertex 5.59999942779541 -12.078679084777832 -2.1213197708129883
      vertex 5.59999942779541 -13.386826515197754 -0.8131723403930664
      vertex 5.59999942779541 -12.3737154006958 -2.380059242248535
    endloop
  endfacet
  facet normal 1 0 0
    outer loop
      vertex 5.59999942779541 -13.499923706054688 -0.9123554229736328
      vertex 5.59999942779541 -12.3737154006958 -2.380059242248535
      vertex 5.59999942779541 -13.386826515197754 -0.8131723403930664
    endloop
  endfacet
  facet normal 1 0 0
    outer loop
      vertex 5.59999942779541 -12.3737154006958 -2.380059242248535
      vertex 5.59999942779541 -13.499923706054688 -0.9123554229736328
      vertex 5.59999942779541 -12.699999809265137 -2.5980758666992188
    endloop
  endfacet
  facet normal 1 0 0
    outer loop
      vertex 5.59999942779541 -13.625 -0.9959287643432617
      vertex 5.59999942779541 -12.699999809265137 -2.5980758666992188
      vertex 5.59999942779541 -13.499923706054688 -0.9123554229736328
    endloop
  endfacet
  facet normal 1 0 0
    outer loop
      vertex 5.59999942779541 -12.699999809265137 -2.5980758666992188
      vertex 5.59999942779541 -13.625 -0.9959287643432617
      vertex 5.59999942779541 -13.051949501037598 -2.7716379165649414
    endloop
  endfacet
  facet normal 1 0 0
    outer loop
      vertex 5.59999942779541 -13.759913444519043 -1.0624608993530273
      vertex 5.59999942779541 -13.051949501037598 -2.7716379165649414
      vertex 5.59999942779541 -13.625 -0.9959287643432617
    endloop
  endfacet
  facet normal 1 0 0
    outer loop
      vertex 5.59999942779541 -13.051949501037598 -2.7716379165649414
      vertex 5.59999942779541 -13.759913444519043 -1.0624608993530273
      vertex 5.59999942779541 -13.423542022705078 -2.8977766036987305
    endloop
  endfacet
  facet normal 1 0 0
    outer loop
      vertex 5.59999942779541 -13.902358055114746 -1.110814094543457
      vertex 5.59999942779541 -13.423542022705078 -2.8977766036987305
      vertex 5.59999942779541 -13.759913444519043 -1.0624608993530273
    endloop
  endfacet
  facet normal 1 0 0
    outer loop
      vertex 5.59999942779541 -13.423542022705078 -2.8977766036987305
      vertex 5.59999942779541 -13.902358055114746 -1.110814094543457
      vertex 5.59999942779541 -13.80842113494873 -2.9743337631225586
    endloop
  endfacet
  facet normal 1 0 0
    outer loop
      vertex 5.59999942779541 -14.049894332885742 -1.1401615142822266
      vertex 5.59999942779541 -13.80842113494873 -2.9743337631225586
      vertex 5.59999942779541 -13.902358055114746 -1.110814094543457
    endloop
  endfacet
  facet normal 1 0 0
    outer loop
      vertex 5.59999942779541 -14.199999809265137 -1.1499996185302734
      vertex 5.59999942779541 -13.80842113494873 -2.9743337631225586
      vertex 5.59999942779541 -14.049894332885742 -1.1401615142822266
    endloop
  endfacet
  facet normal 1 0 0
    outer loop
      vertex 5.59999942779541 -14.199999809265137 -1.1499996185302734
      vertex 5.59999942779541 -14.199999809265137 -3
      vertex 5.59999942779541 -13.80842113494873 -2.9743337631225586
    endloop
  endfacet
  facet normal 1 0 0
    outer loop
      vertex 5.59999942779541 -14.350104331970215 -1.1401615142822266
      vertex 5.59999942779541 -14.199999809265137 -3
      vertex 5.59999942779541 -14.199999809265137 -1.1499996185302734
    endloop
  endfacet
  facet normal 1 0 0
    outer loop
      vertex 5.59999942779541 -14.591578483581543 -2.9743337631225586
      vertex 5.59999942779541 -14.350104331970215 -1.1401615142822266
      vertex 5.59999942779541 -14.497641563415527 -1.110814094543457
    endloop
  endfacet
  facet normal 1 0 0
    outer loop
      vertex 5.59999942779541 -14.350104331970215 -1.1401615142822266
      vertex 5.59999942779541 -14.591578483581543 -2.9743337631225586
      vertex 5.59999942779541 -14.199999809265137 -3
    endloop
  endfacet
  facet normal 1 0 0
    outer loop
      vertex 5.59999942779541 -14.976456642150879 -2.8977766036987305
      vertex 5.59999942779541 -14.497641563415527 -1.110814094543457
      vertex 5.59999942779541 -14.640085220336914 -1.0624608993530273
    endloop
  endfacet
  facet normal 1 0 0
    outer loop
      vertex 5.59999942779541 -15.348050117492676 -2.7716379165649414
      vertex 5.59999942779541 -14.640085220336914 -1.0624608993530273
      vertex 5.59999942779541 -14.774999618530273 -0.9959287643432617
    endloop
  endfacet
  facet normal 1 0 0
    outer loop
      vertex 5.59999942779541 -15.699999809265137 -2.5980758666992188
      vertex 5.59999942779541 -14.774999618530273 -0.9959287643432617
      vertex 5.59999942779541 -14.90007495880127 -0.9123554229736328
    endloop
  endfacet
  facet normal 1 0 0
    outer loop
      vertex 5.59999942779541 -14.497641563415527 -1.110814094543457
      vertex 5.59999942779541 -14.976456642150879 -2.8977766036987305
      vertex 5.59999942779541 -14.591578483581543 -2.9743337631225586
    endloop
  endfacet
  facet normal 1 0 0
    outer loop
      vertex 5.59999942779541 -16.026283264160156 -2.380059242248535
      vertex 5.59999942779541 -14.90007495880127 -0.9123554229736328
      vertex 5.59999942779541 -15.013172149658203 -0.8131723403930664
    endloop
  endfacet
  facet normal 1 0 0
    outer loop
      vertex 5.59999942779541 -16.321319580078125 -2.1213197708129883
      vertex 5.59999942779541 -15.013172149658203 -0.8131723403930664
      vertex 5.59999942779541 -15.112356185913086 -0.7000751495361328
    endloop
  endfacet
  facet normal 1 0 0
    outer loop
      vertex 5.59999942779541 -16.580059051513672 -1.8262834548950195
      vertex 5.59999942779541 -15.112356185913086 -0.7000751495361328
      vertex 5.59999942779541 -15.195928573608398 -0.5749998092651367
    endloop
  endfacet
  facet normal 1 0 0
    outer loop
      vertex 5.59999942779541 -16.798076629638672 -1.5
      vertex 5.59999942779541 -15.195928573608398 -0.5749998092651367
      vertex 5.59999942779541 -15.262460708618164 -0.44008541107177734
    endloop
  endfacet
  facet normal 1 0 0
    outer loop
      vertex 5.59999942779541 -16.971637725830078 -1.1480493545532227
      vertex 5.59999942779541 -15.262460708618164 -0.44008541107177734
      vertex 5.59999942779541 -15.310813903808594 -0.2976417541503906
    endloop
  endfacet
  facet normal 1 0 0
    outer loop
      vertex 5.59999942779541 -17.0977783203125 -0.7764568328857422
      vertex 5.59999942779541 -15.310813903808594 -0.2976417541503906
      vertex 5.59999942779541 -15.340161323547363 -0.15010452270507812
    endloop
  endfacet
  facet normal 1 0 0
    outer loop
      vertex 5.59999942779541 -14.640085220336914 -1.0624608993530273
      vertex 5.59999942779541 -15.348050117492676 -2.7716379165649414
      vertex 5.59999942779541 -14.976456642150879 -2.8977766036987305
    endloop
  endfacet
  facet normal 1 0 0
    outer loop
      vertex 5.59999942779541 -17.174335479736328 -0.39157772064208984
      vertex 5.59999942779541 -15.340161323547363 -0.15010452270507812
      vertex 5.59999942779541 -15.34999942779541 0
    endloop
  endfacet
  facet normal 1 0 0
    outer loop
      vertex 5.59999942779541 -17.174335479736328 0.39157772064208984
      vertex 5.59999942779541 -15.340161323547363 0.15010452270507812
      vertex 5.59999942779541 -16.36506462097168 1.2500001192092896
    endloop
  endfacet
  facet normal 1 0 0
    outer loop
      vertex 5.59999942779541 -15.340161323547363 0.15010452270507812
      vertex 5.59999942779541 -17.174335479736328 0.39157772064208984
      vertex 5.59999942779541 -15.34999942779541 0
    endloop
  endfacet
  facet normal 1 0 0
    outer loop
      vertex 5.59999942779541 -14.774999618530273 -0.9959287643432617
      vertex 5.59999942779541 -15.699999809265137 -2.5980758666992188
      vertex 5.59999942779541 -15.348050117492676 -2.7716379165649414
    endloop
  endfacet
  facet normal 1 0 0
    outer loop
      vertex 5.59999942779541 -14.90007495880127 -0.9123554229736328
      vertex 5.59999942779541 -16.026283264160156 -2.380059242248535
      vertex 5.59999942779541 -15.699999809265137 -2.5980758666992188
    endloop
  endfacet
  facet normal 1 0 0
    outer loop
      vertex 5.59999942779541 -15.013172149658203 -0.8131723403930664
      vertex 5.59999942779541 -16.321319580078125 -2.1213197708129883
      vertex 5.59999942779541 -16.026283264160156 -2.380059242248535
    endloop
  endfacet
  facet normal 1 0 0
    outer loop
      vertex 5.59999942779541 -15.112356185913086 -0.7000751495361328
      vertex 5.59999942779541 -16.580059051513672 -1.8262834548950195
      vertex 5.59999942779541 -16.321319580078125 -2.1213197708129883
    endloop
  endfacet
  facet normal 1 0 0
    outer loop
      vertex 5.59999942779541 -16.971637725830078 1.1480493545532227
      vertex 5.59999942779541 -16.36506462097168 1.2500001192092896
      vertex 5.59999942779541 -16.798076629638672 1.499999761581421
    endloop
  endfacet
  facet normal 1 0 0
    outer loop
      vertex 5.59999942779541 -15.195928573608398 -0.5749998092651367
      vertex 5.59999942779541 -16.798076629638672 -1.5
      vertex 5.59999942779541 -16.580059051513672 -1.8262834548950195
    endloop
  endfacet
  facet normal 1 0 0
    outer loop
      vertex 5.59999942779541 -17.0977783203125 0.7764568328857422
      vertex 5.59999942779541 -16.36506462097168 1.2500001192092896
      vertex 5.59999942779541 -16.971637725830078 1.1480493545532227
    endloop
  endfacet
  facet normal 1 0 0
    outer loop
      vertex 5.59999942779541 -15.262460708618164 -0.44008541107177734
      vertex 5.59999942779541 -16.971637725830078 -1.1480493545532227
      vertex 5.59999942779541 -16.798076629638672 -1.5
    endloop
  endfacet
  facet normal 1 0 0
    outer loop
      vertex 5.59999942779541 -17.174335479736328 0.39157772064208984
      vertex 5.59999942779541 -16.36506462097168 1.2500001192092896
      vertex 5.59999942779541 -17.0977783203125 0.7764568328857422
    endloop
  endfacet
  facet normal 1 0 0
    outer loop
      vertex 5.59999942779541 -15.310813903808594 -0.2976417541503906
      vertex 5.59999942779541 -17.0977783203125 -0.7764568328857422
      vertex 5.59999942779541 -16.971637725830078 -1.1480493545532227
    endloop
  endfacet
  facet normal 1 0 0
    outer loop
      vertex 5.59999942779541 -15.34999942779541 0
      vertex 5.59999942779541 -17.174335479736328 0.39157772064208984
      vertex 5.59999942779541 -17.200000762939453 0
    endloop
  endfacet
  facet normal 1 0 0
    outer loop
      vertex 5.59999942779541 -15.340161323547363 -0.15010452270507812
      vertex 5.59999942779541 -17.174335479736328 -0.39157772064208984
      vertex 5.59999942779541 -17.0977783203125 -0.7764568328857422
    endloop
  endfacet
  facet normal 1 0 0
    outer loop
      vertex 5.59999942779541 -15.34999942779541 0
      vertex 5.59999942779541 -17.200000762939453 0
      vertex 5.59999942779541 -17.174335479736328 -0.39157772064208984
    endloop
  endfacet
  facet normal 0 -0.831467324299525 -0.5555736572428436
    outer loop
      vertex 1.9999990463256836 -16.580059051513672 -1.8262834548950195
      vertex 5.59999942779541 -16.798076629638672 -1.5
      vertex 1.9999990463256836 -16.798076629638672 -1.5
    endloop
  endfacet
  facet normal 0 -0.831467324299525 -0.5555736572428436
    outer loop
      vertex 5.59999942779541 -16.798076629638672 -1.5
      vertex 1.9999990463256836 -16.580059051513672 -1.8262834548950195
      vertex 5.59999942779541 -16.580059051513672 -1.8262834548950195
    endloop
  endfacet
  facet normal 0 -0.9978589359727984 0.0654029349435823
    outer loop
      vertex 1.9999990463256836 -17.200000762939453 0
      vertex 5.59999942779541 -17.174335479736328 0.39157772064208984
      vertex 1.9999990463256836 -17.174335479736328 0.39157772064208984
    endloop
  endfacet
  facet normal 0 -0.9978589359727984 0.0654029349435823
    outer loop
      vertex 5.59999942779541 -17.174335479736328 0.39157772064208984
      vertex 1.9999990463256836 -17.200000762939453 0
      vertex 5.59999942779541 -17.200000762939453 0
    endloop
  endfacet
  facet normal 0 0.9469301115837141 -0.32143951806841525
    outer loop
      vertex 5.59999942779541 -11.428360939025879 -1.1480493545532227
      vertex 1.9999990463256836 -11.30222225189209 -0.7764568328857422
      vertex 5.59999942779541 -11.30222225189209 -0.7764568328857422
    endloop
  endfacet
  facet normal 0 0.9469301115837141 -0.32143951806841525
    outer loop
      vertex 1.9999990463256836 -11.30222225189209 -0.7764568328857422
      vertex 5.59999942779541 -11.428360939025879 -1.1480493545532227
      vertex 1.9999990463256836 -11.428360939025879 -1.1480493545532227
    endloop
  endfacet
  facet normal 0 0.65934519087334 -0.7518403549106677
    outer loop
      vertex 1.9999990463256836 -12.3737154006958 -2.380059242248535
      vertex 5.59999942779541 -12.078679084777832 -2.1213197708129883
      vertex 5.59999942779541 -12.3737154006958 -2.380059242248535
    endloop
  endfacet
  facet normal 0 0.65934519087334 -0.7518403549106677
    outer loop
      vertex 5.59999942779541 -12.078679084777832 -2.1213197708129883
      vertex 1.9999990463256836 -12.3737154006958 -2.380059242248535
      vertex 1.9999990463256836 -12.078679084777832 -2.1213197708129883
    endloop
  endfacet
  facet normal 0 0.32143951806841525 -0.9469301115837141
    outer loop
      vertex 1.9999990463256836 -13.423542022705078 -2.8977766036987305
      vertex 5.59999942779541 -13.051949501037598 -2.7716379165649414
      vertex 5.59999942779541 -13.423542022705078 -2.8977766036987305
    endloop
  endfacet
  facet normal 0 0.32143951806841525 -0.9469301115837141
    outer loop
      vertex 5.59999942779541 -13.051949501037598 -2.7716379165649414
      vertex 1.9999990463256836 -13.423542022705078 -2.8977766036987305
      vertex 1.9999990463256836 -13.051949501037598 -2.7716379165649414
    endloop
  endfacet
  facet normal 0 0.5555708544893759 0.8314691970493824
    outer loop
      vertex 1.9999990463256836 -12.3737154006958 2.380059242248535
      vertex 5.59999942779541 -12.699999809265137 2.5980758666992188
      vertex 5.59999942779541 -12.3737154006958 2.380059242248535
    endloop
  endfacet
  facet normal 0 0.5555708544893759 0.8314691970493824
    outer loop
      vertex 5.59999942779541 -12.699999809265137 2.5980758666992188
      vertex 1.9999990463256836 -12.3737154006958 2.380059242248535
      vertex 1.9999990463256836 -12.699999809265137 2.5980758666992188
    endloop
  endfacet
  facet normal 0 -0.9807853076829626 0.1950901848716038
    outer loop
      vertex 1.9999990463256836 -17.174335479736328 0.39157772064208984
      vertex 5.59999942779541 -17.0977783203125 0.7764568328857422
      vertex 1.9999990463256836 -17.0977783203125 0.7764568328857422
    endloop
  endfacet
  facet normal 0 -0.9807853076829626 0.1950901848716038
    outer loop
      vertex 5.59999942779541 -17.0977783203125 0.7764568328857422
      vertex 1.9999990463256836 -17.174335479736328 0.39157772064208984
      vertex 5.59999942779541 -17.174335479736328 0.39157772064208984
    endloop
  endfacet
  facet normal 0 -0.1950906498792374 0.9807852151871463
    outer loop
      vertex 1.9999990463256836 -14.591578483581543 2.9743337631225586
      vertex 5.59999942779541 -14.976456642150879 2.8977766036987305
      vertex 5.59999942779541 -14.591578483581543 2.9743337631225586
    endloop
  endfacet
  facet normal 0 -0.1950906498792374 0.9807852151871463
    outer loop
      vertex 5.59999942779541 -14.976456642150879 2.8977766036987305
      vertex 1.9999990463256836 -14.591578483581543 2.9743337631225586
      vertex 1.9999990463256836 -14.976456642150879 2.8977766036987305
    endloop
  endfacet
  facet normal 0 0.1950901848716038 0.9807853076829626
    outer loop
      vertex 10.199999809265137 -13.423542022705078 2.8977766036987305
      vertex 13.799999237060547 -13.80842113494873 2.9743337631225586
      vertex 13.799999237060547 -13.423542022705078 2.8977766036987305
    endloop
  endfacet
  facet normal 0 0.1950901848716038 0.9807853076829626
    outer loop
      vertex 13.799999237060547 -13.80842113494873 2.9743337631225586
      vertex 10.199999809265137 -13.423542022705078 2.8977766036987305
      vertex 10.199999809265137 -13.80842113494873 2.9743337631225586
    endloop
  endfacet
  facet normal 0 0.06540519618852311 -0.9978587877608439
    outer loop
      vertex 10.199999809265137 -14.199999809265137 -3
      vertex 13.799999237060547 -13.80842113494873 -2.9743337631225586
      vertex 13.799999237060547 -14.199999809265137 -3
    endloop
  endfacet
  facet normal 0 0.06540519618852311 -0.9978587877608439
    outer loop
      vertex 13.799999237060547 -13.80842113494873 -2.9743337631225586
      vertex 10.199999809265137 -14.199999809265137 -3
      vertex 10.199999809265137 -13.80842113494873 -2.9743337631225586
    endloop
  endfacet
  facet normal 0 0.7518403549106677 -0.65934519087334
    outer loop
      vertex 13.799999237060547 -12.078679084777832 -2.1213197708129883
      vertex 10.199999809265137 -11.819939613342285 -1.8262834548950195
      vertex 13.799999237060547 -11.819939613342285 -1.8262834548950195
    endloop
  endfacet
  facet normal 0 0.7518403549106677 -0.65934519087334
    outer loop
      vertex 10.199999809265137 -11.819939613342285 -1.8262834548950195
      vertex 13.799999237060547 -12.078679084777832 -2.1213197708129883
      vertex 10.199999809265137 -12.078679084777832 -2.1213197708129883
    endloop
  endfacet
  facet normal 0 -0.06540519618852311 -0.9978587877608439
    outer loop
      vertex 10.199999809265137 -14.591578483581543 -2.9743337631225586
      vertex 13.799999237060547 -14.199999809265137 -3
      vertex 13.799999237060547 -14.591578483581543 -2.9743337631225586
    endloop
  endfacet
  facet normal 0 -0.06540519618852311 -0.9978587877608439
    outer loop
      vertex 13.799999237060547 -14.199999809265137 -3
      vertex 10.199999809265137 -14.591578483581543 -2.9743337631225586
      vertex 10.199999809265137 -14.199999809265137 -3
    endloop
  endfacet
  facet normal 0 -0.5555719771183085 -0.8314684469304013
    outer loop
      vertex 10.199999809265137 -16.026283264160156 -2.380059242248535
      vertex 13.799999237060547 -15.699999809265137 -2.5980758666992188
      vertex 13.799999237060547 -16.026283264160156 -2.380059242248535
    endloop
  endfacet
  facet normal 0 -0.5555719771183085 -0.8314684469304013
    outer loop
      vertex 13.799999237060547 -15.699999809265137 -2.5980758666992188
      vertex 10.199999809265137 -16.026283264160156 -2.380059242248535
      vertex 10.199999809265137 -15.699999809265137 -2.5980758666992188
    endloop
  endfacet
  facet normal 0 -0.9807853076829626 0.1950901848716038
    outer loop
      vertex 10.199999809265137 -17.174335479736328 0.39157772064208984
      vertex 13.799999237060547 -17.0977783203125 0.7764568328857422
      vertex 10.199999809265137 -17.0977783203125 0.7764568328857422
    endloop
  endfacet
  facet normal 0 -0.9807853076829626 0.1950901848716038
    outer loop
      vertex 13.799999237060547 -17.0977783203125 0.7764568328857422
      vertex 10.199999809265137 -17.174335479736328 0.39157772064208984
      vertex 13.799999237060547 -17.174335479736328 0.39157772064208984
    endloop
  endfacet
  facet normal 0 0.5555708544893759 -0.8314691970493823
    outer loop
      vertex 10.199999809265137 -12.699999809265137 -2.5980758666992188
      vertex 13.799999237060547 -12.3737154006958 -2.380059242248535
      vertex 13.799999237060547 -12.699999809265137 -2.5980758666992188
    endloop
  endfacet
  facet normal 0 0.5555708544893759 -0.8314691970493823
    outer loop
      vertex 13.799999237060547 -12.3737154006958 -2.380059242248535
      vertex 10.199999809265137 -12.699999809265137 -2.5980758666992188
      vertex 10.199999809265137 -12.3737154006958 -2.380059242248535
    endloop
  endfacet
  facet normal 0 -0.32143877834851586 0.9469303626845078
    outer loop
      vertex 10.199999809265137 -14.976456642150879 2.8977766036987305
      vertex 13.799999237060547 -15.348050117492676 2.7716379165649414
      vertex 13.799999237060547 -14.976456642150879 2.8977766036987305
    endloop
  endfacet
  facet normal 0 -0.32143877834851586 0.9469303626845078
    outer loop
      vertex 13.799999237060547 -15.348050117492676 2.7716379165649414
      vertex 10.199999809265137 -14.976456642150879 2.8977766036987305
      vertex 10.199999809265137 -15.348050117492676 2.7716379165649414
    endloop
  endfacet
  facet normal 0 0.06540519618852311 0.9978587877608439
    outer loop
      vertex 10.199999809265137 -13.80842113494873 2.9743337631225586
      vertex 13.799999237060547 -14.199999809265137 3
      vertex 13.799999237060547 -13.80842113494873 2.9743337631225586
    endloop
  endfacet
  facet normal 0 0.06540519618852311 0.9978587877608439
    outer loop
      vertex 13.799999237060547 -14.199999809265137 3
      vertex 10.199999809265137 -13.80842113494873 2.9743337631225586
      vertex 10.199999809265137 -14.199999809265137 3
    endloop
  endfacet
  facet normal 0 -0.4422875435552707 0.896873307003751
    outer loop
      vertex 10.199999809265137 -15.348050117492676 2.7716379165649414
      vertex 13.799999237060547 -15.54167366027832 2.6761536598205566
      vertex 13.799999237060547 -15.348050117492676 2.7716379165649414
    endloop
  endfacet
  facet normal 0 -0.4422875435552707 0.896873307003751
    outer loop
      vertex 13.799999237060547 -15.54167366027832 2.6761536598205566
      vertex 10.199999809265137 -15.348050117492676 2.7716379165649414
      vertex 10.199999809265137 -15.54167366027832 2.6761536598205566
    endloop
  endfacet
  facet normal 0 -0.06540519618852311 0.9978587877608439
    outer loop
      vertex 10.199999809265137 -14.199999809265137 3
      vertex 13.799999237060547 -14.591578483581543 2.9743337631225586
      vertex 13.799999237060547 -14.199999809265137 3
    endloop
  endfacet
  facet normal 0 -0.06540519618852311 0.9978587877608439
    outer loop
      vertex 13.799999237060547 -14.591578483581543 2.9743337631225586
      vertex 10.199999809265137 -14.199999809265137 3
      vertex 10.199999809265137 -14.591578483581543 2.9743337631225586
    endloop
  endfacet
  facet normal 0 -0.8968745153639197 -0.44228509322690734
    outer loop
      vertex 10.199999809265137 -16.798076629638672 -1.5
      vertex 13.799999237060547 -16.971637725830078 -1.1480493545532227
      vertex 10.199999809265137 -16.971637725830078 -1.1480493545532227
    endloop
  endfacet
  facet normal 0 -0.8968745153639197 -0.44228509322690734
    outer loop
      vertex 13.799999237060547 -16.971637725830078 -1.1480493545532227
      vertex 10.199999809265137 -16.798076629638672 -1.5
      vertex 13.799999237060547 -16.798076629638672 -1.5
    endloop
  endfacet
  facet normal 0 -0.1950906498792374 -0.9807852151871463
    outer loop
      vertex 10.199999809265137 -14.976456642150879 -2.8977766036987305
      vertex 13.799999237060547 -14.591578483581543 -2.9743337631225586
      vertex 13.799999237060547 -14.976456642150879 -2.8977766036987305
    endloop
  endfacet
  facet normal 0 -0.1950906498792374 -0.9807852151871463
    outer loop
      vertex 13.799999237060547 -14.591578483581543 -2.9743337631225586
      vertex 10.199999809265137 -14.976456642150879 -2.8977766036987305
      vertex 10.199999809265137 -14.591578483581543 -2.9743337631225586
    endloop
  endfacet
  facet normal 0 0.9807853076829626 -0.1950901848716038
    outer loop
      vertex 13.799999237060547 -11.30222225189209 -0.7764568328857422
      vertex 10.199999809265137 -11.225665092468262 -0.39157772064208984
      vertex 13.799999237060547 -11.225665092468262 -0.39157772064208984
    endloop
  endfacet
  facet normal 0 0.9807853076829626 -0.1950901848716038
    outer loop
      vertex 10.199999809265137 -11.225665092468262 -0.39157772064208984
      vertex 13.799999237060547 -11.30222225189209 -0.7764568328857422
      vertex 10.199999809265137 -11.30222225189209 -0.7764568328857422
    endloop
  endfacet
  facet normal 0 -0.7518403549106677 -0.65934519087334
    outer loop
      vertex 10.199999809265137 -16.321319580078125 -2.1213197708129883
      vertex 13.799999237060547 -16.580059051513672 -1.8262834548950195
      vertex 10.199999809265137 -16.580059051513672 -1.8262834548950195
    endloop
  endfacet
  facet normal 0 -0.7518403549106677 -0.65934519087334
    outer loop
      vertex 13.799999237060547 -16.580059051513672 -1.8262834548950195
      vertex 10.199999809265137 -16.321319580078125 -2.1213197708129883
      vertex 13.799999237060547 -16.321319580078125 -2.1213197708129883
    endloop
  endfacet
  facet normal 0 0.32143951806841525 0.946930111583714
    outer loop
      vertex 10.199999809265137 -13.051949501037598 2.7716379165649414
      vertex 13.799999237060547 -13.423542022705078 2.8977766036987305
      vertex 13.799999237060547 -13.051949501037598 2.7716379165649414
    endloop
  endfacet
  facet normal 0 0.32143951806841525 0.946930111583714
    outer loop
      vertex 13.799999237060547 -13.423542022705078 2.8977766036987305
      vertex 10.199999809265137 -13.051949501037598 2.7716379165649414
      vertex 10.199999809265137 -13.423542022705078 2.8977766036987305
    endloop
  endfacet
  facet normal 0 0.65934519087334 0.7518403549106677
    outer loop
      vertex 10.199999809265137 -12.078679084777832 2.1213197708129883
      vertex 13.799999237060547 -12.3737154006958 2.380059242248535
      vertex 13.799999237060547 -12.078679084777832 2.1213197708129883
    endloop
  endfacet
  facet normal 0 0.65934519087334 0.7518403549106677
    outer loop
      vertex 13.799999237060547 -12.3737154006958 2.380059242248535
      vertex 10.199999809265137 -12.078679084777832 2.1213197708129883
      vertex 10.199999809265137 -12.3737154006958 2.380059242248535
    endloop
  endfacet
  facet normal 0 -0.9978589359727985 -0.0654029349435823
    outer loop
      vertex 10.199999809265137 -17.174335479736328 -0.39157772064208984
      vertex 13.799999237060547 -17.200000762939453 0
      vertex 10.199999809265137 -17.200000762939453 0
    endloop
  endfacet
  facet normal 0 -0.9978589359727985 -0.0654029349435823
    outer loop
      vertex 13.799999237060547 -17.200000762939453 0
      vertex 10.199999809265137 -17.174335479736328 -0.39157772064208984
      vertex 13.799999237060547 -17.174335479736328 -0.39157772064208984
    endloop
  endfacet
  facet normal 0 -0.9469286321329887 0.32144387635596217
    outer loop
      vertex 10.199999809265137 -17.0977783203125 0.7764568328857422
      vertex 13.799999237060547 -16.971637725830078 1.1480493545532227
      vertex 10.199999809265137 -16.971637725830078 1.1480493545532227
    endloop
  endfacet
  facet normal 0 -0.9469286321329887 0.32144387635596217
    outer loop
      vertex 13.799999237060547 -16.971637725830078 1.1480493545532227
      vertex 10.199999809265137 -17.0977783203125 0.7764568328857422
      vertex 13.799999237060547 -17.0977783203125 0.7764568328857422
    endloop
  endfacet
  facet normal 0 0.7518403549106677 0.65934519087334
    outer loop
      vertex 13.799999237060547 -11.819939613342285 1.8262834548950195
      vertex 10.199999809265137 -12.078679084777832 2.1213197708129883
      vertex 13.799999237060547 -12.078679084777832 2.1213197708129883
    endloop
  endfacet
  facet normal 0 0.7518403549106677 0.65934519087334
    outer loop
      vertex 10.199999809265137 -12.078679084777832 2.1213197708129883
      vertex 13.799999237060547 -11.819939613342285 1.8262834548950195
      vertex 10.199999809265137 -11.819939613342285 1.8262834548950195
    endloop
  endfacet
  facet normal 0 0.8968735513473841 -0.44228704807345537
    outer loop
      vertex 13.799999237060547 -11.601922988891602 -1.5
      vertex 10.199999809265137 -11.428360939025879 -1.1480493545532227
      vertex 13.799999237060547 -11.428360939025879 -1.1480493545532227
    endloop
  endfacet
  facet normal 0 0.8968735513473841 -0.44228704807345537
    outer loop
      vertex 10.199999809265137 -11.428360939025879 -1.1480493545532227
      vertex 13.799999237060547 -11.601922988891602 -1.5
      vertex 10.199999809265137 -11.601922988891602 -1.5
    endloop
  endfacet
  facet normal 0 0.831468425582249 0.55557200906793
    outer loop
      vertex 13.799999237060547 -11.699999809265137 1.6467816829681396
      vertex 10.199999809265137 -11.819939613342285 1.8262834548950195
      vertex 13.799999237060547 -11.819939613342285 1.8262834548950195
    endloop
  endfacet
  facet normal 0 0.831468425582249 0.55557200906793
    outer loop
      vertex 10.199999809265137 -11.819939613342285 1.8262834548950195
      vertex 13.799999237060547 -11.699999809265137 1.6467816829681396
      vertex 10.199999809265137 -11.699999809265137 1.6467816829681396
    endloop
  endfacet
  facet normal 0 -0.65934519087334 -0.7518403549106677
    outer loop
      vertex 10.199999809265137 -16.321319580078125 -2.1213197708129883
      vertex 13.799999237060547 -16.026283264160156 -2.380059242248535
      vertex 13.799999237060547 -16.321319580078125 -2.1213197708129883
    endloop
  endfacet
  facet normal 0 -0.65934519087334 -0.7518403549106677
    outer loop
      vertex 13.799999237060547 -16.026283264160156 -2.380059242248535
      vertex 10.199999809265137 -16.321319580078125 -2.1213197708129883
      vertex 10.199999809265137 -16.026283264160156 -2.380059242248535
    endloop
  endfacet
  facet normal 0 -0.896874396515073 0.44228533423088306
    outer loop
      vertex 10.199999809265137 -16.971637725830078 1.1480493545532227
      vertex 13.799999237060547 -16.798076629638672 1.499999761581421
      vertex 10.199999809265137 -16.798076629638672 1.499999761581421
    endloop
  endfacet
  facet normal 0 -0.896874396515073 0.44228533423088306
    outer loop
      vertex 13.799999237060547 -16.798076629638672 1.499999761581421
      vertex 10.199999809265137 -16.971637725830078 1.1480493545532227
      vertex 13.799999237060547 -16.971637725830078 1.1480493545532227
    endloop
  endfacet
  facet normal 0 -0.4422880120929309 -0.8968730759471395
    outer loop
      vertex 10.199999809265137 -15.699999809265137 -2.5980758666992188
      vertex 13.799999237060547 -15.348050117492676 -2.7716379165649414
      vertex 13.799999237060547 -15.699999809265137 -2.5980758666992188
    endloop
  endfacet
  facet normal 0 -0.4422880120929309 -0.8968730759471395
    outer loop
      vertex 13.799999237060547 -15.348050117492676 -2.7716379165649414
      vertex 10.199999809265137 -15.699999809265137 -2.5980758666992188
      vertex 10.199999809265137 -15.348050117492676 -2.7716379165649414
    endloop
  endfacet
  facet normal 0 -0.32143877834851586 -0.9469303626845078
    outer loop
      vertex 10.199999809265137 -15.348050117492676 -2.7716379165649414
      vertex 13.799999237060547 -14.976456642150879 -2.8977766036987305
      vertex 13.799999237060547 -15.348050117492676 -2.7716379165649414
    endloop
  endfacet
  facet normal 0 -0.32143877834851586 -0.9469303626845078
    outer loop
      vertex 13.799999237060547 -14.976456642150879 -2.8977766036987305
      vertex 10.199999809265137 -15.348050117492676 -2.7716379165649414
      vertex 10.199999809265137 -14.976456642150879 -2.8977766036987305
    endloop
  endfacet
  facet normal 0 0.1950901848716038 -0.9807853076829626
    outer loop
      vertex 10.199999809265137 -13.80842113494873 -2.9743337631225586
      vertex 13.799999237060547 -13.423542022705078 -2.8977766036987305
      vertex 13.799999237060547 -13.80842113494873 -2.9743337631225586
    endloop
  endfacet
  facet normal 0 0.1950901848716038 -0.9807853076829626
    outer loop
      vertex 13.799999237060547 -13.423542022705078 -2.8977766036987305
      vertex 10.199999809265137 -13.80842113494873 -2.9743337631225586
      vertex 10.199999809265137 -13.423542022705078 -2.8977766036987305
    endloop
  endfacet
  facet normal 0 0.9978589359727985 -0.0654029349435823
    outer loop
      vertex 13.799999237060547 -11.225665092468262 -0.39157772064208984
      vertex 10.199999809265137 -11.199999809265137 0
      vertex 13.799999237060547 -11.199999809265137 0
    endloop
  endfacet
  facet normal 0 0.9978589359727985 -0.0654029349435823
    outer loop
      vertex 10.199999809265137 -11.199999809265137 0
      vertex 13.799999237060547 -11.225665092468262 -0.39157772064208984
      vertex 10.199999809265137 -11.225665092468262 -0.39157772064208984
    endloop
  endfacet
  facet normal 0 0.4422880120929309 -0.8968730759471395
    outer loop
      vertex 10.199999809265137 -13.051949501037598 -2.7716379165649414
      vertex 13.799999237060547 -12.699999809265137 -2.5980758666992188
      vertex 13.799999237060547 -13.051949501037598 -2.7716379165649414
    endloop
  endfacet
  facet normal 0 0.4422880120929309 -0.8968730759471395
    outer loop
      vertex 13.799999237060547 -12.699999809265137 -2.5980758666992188
      vertex 10.199999809265137 -13.051949501037598 -2.7716379165649414
      vertex 10.199999809265137 -12.699999809265137 -2.5980758666992188
    endloop
  endfacet
  facet normal 0 -0.9807853076829626 -0.1950901848716038
    outer loop
      vertex 10.199999809265137 -17.0977783203125 -0.7764568328857422
      vertex 13.799999237060547 -17.174335479736328 -0.39157772064208984
      vertex 10.199999809265137 -17.174335479736328 -0.39157772064208984
    endloop
  endfacet
  facet normal 0 -0.9807853076829626 -0.1950901848716038
    outer loop
      vertex 13.799999237060547 -17.174335479736328 -0.39157772064208984
      vertex 10.199999809265137 -17.0977783203125 -0.7764568328857422
      vertex 13.799999237060547 -17.0977783203125 -0.7764568328857422
    endloop
  endfacet
  facet normal 0 0.8314684469304013 -0.5555719771183085
    outer loop
      vertex 13.799999237060547 -11.819939613342285 -1.8262834548950195
      vertex 10.199999809265137 -11.601922988891602 -1.5
      vertex 13.799999237060547 -11.601922988891602 -1.5
    endloop
  endfacet
  facet normal 0 0.8314684469304013 -0.5555719771183085
    outer loop
      vertex 10.199999809265137 -11.601922988891602 -1.5
      vertex 13.799999237060547 -11.819939613342285 -1.8262834548950195
      vertex 10.199999809265137 -11.819939613342285 -1.8262834548950195
    endloop
  endfacet
  facet normal 0 0.4422880120929309 0.8968730759471395
    outer loop
      vertex 10.199999809265137 -12.699999809265137 2.5980758666992188
      vertex 13.799999237060547 -13.051949501037598 2.7716379165649414
      vertex 13.799999237060547 -12.699999809265137 2.5980758666992188
    endloop
  endfacet
  facet normal 0 0.4422880120929309 0.8968730759471395
    outer loop
      vertex 13.799999237060547 -13.051949501037598 2.7716379165649414
      vertex 10.199999809265137 -12.699999809265137 2.5980758666992188
      vertex 10.199999809265137 -13.051949501037598 2.7716379165649414
    endloop
  endfacet
  facet normal 0 -0.9469286321329887 -0.32144387635596217
    outer loop
      vertex 10.199999809265137 -16.971637725830078 -1.1480493545532227
      vertex 13.799999237060547 -17.0977783203125 -0.7764568328857422
      vertex 10.199999809265137 -17.0977783203125 -0.7764568328857422
    endloop
  endfacet
  facet normal 0 -0.9469286321329887 -0.32144387635596217
    outer loop
      vertex 13.799999237060547 -17.0977783203125 -0.7764568328857422
      vertex 10.199999809265137 -16.971637725830078 -1.1480493545532227
      vertex 13.799999237060547 -16.971637725830078 -1.1480493545532227
    endloop
  endfacet
  facet normal -1 0 0
    outer loop
      vertex 10.199999809265137 -11.699999809265137 0
      vertex 10.199999809265137 -11.225665092468262 -0.39157772064208984
      vertex 10.199999809265137 -11.30222225189209 -0.7764568328857422
    endloop
  endfacet
  facet normal -1 0 0
    outer loop
      vertex 10.199999809265137 -11.699999809265137 0
      vertex 10.199999809265137 -11.30222225189209 -0.7764568328857422
      vertex 10.199999809265137 -11.428360939025879 -1.1480493545532227
    endloop
  endfacet
  facet normal -1 0 0
    outer loop
      vertex 10.199999809265137 -13.137537956237793 -0.44008541107177734
      vertex 10.199999809265137 -11.428360939025879 -1.1480493545532227
      vertex 10.199999809265137 -11.601922988891602 -1.5
    endloop
  endfacet
  facet normal -1 0 0
    outer loop
      vertex 10.199999809265137 -11.225665092468262 -0.39157772064208984
      vertex 10.199999809265137 -11.699999809265137 0
      vertex 10.199999809265137 -11.199999809265137 0
    endloop
  endfacet
  facet normal -1 0 0
    outer loop
      vertex 10.199999809265137 -13.204070091247559 -0.5749998092651367
      vertex 10.199999809265137 -11.601922988891602 -1.5
      vertex 10.199999809265137 -11.819939613342285 -1.8262834548950195
    endloop
  endfacet
  facet normal -1 0 0
    outer loop
      vertex 10.199999809265137 -11.428360939025879 -1.1480493545532227
      vertex 10.199999809265137 -13.137537956237793 -0.44008541107177734
      vertex 10.199999809265137 -11.699999809265137 0
    endloop
  endfacet
  facet normal -1 0 0
    outer loop
      vertex 10.199999809265137 -13.05983829498291 0.15010452270507812
      vertex 10.199999809265137 -11.699999809265137 0
      vertex 10.199999809265137 -13.049999237060547 0
    endloop
  endfacet
  facet normal -1 0 0
    outer loop
      vertex 10.199999809265137 -13.287643432617188 -0.7000751495361328
      vertex 10.199999809265137 -11.819939613342285 -1.8262834548950195
      vertex 10.199999809265137 -12.078679084777832 -2.1213197708129883
    endloop
  endfacet
  facet normal -1 0 0
    outer loop
      vertex 10.199999809265137 -13.089184761047363 0.2976417541503906
      vertex 10.199999809265137 -11.699999809265137 0
      vertex 10.199999809265137 -13.05983829498291 0.15010452270507812
    endloop
  endfacet
  facet normal -1 0 0
    outer loop
      vertex 10.199999809265137 -13.386826515197754 -0.8131723403930664
      vertex 10.199999809265137 -12.078679084777832 -2.1213197708129883
      vertex 10.199999809265137 -12.3737154006958 -2.380059242248535
    endloop
  endfacet
  facet normal -1 0 0
    outer loop
      vertex 10.199999809265137 -13.137537956237793 0.44008541107177734
      vertex 10.199999809265137 -11.699999809265137 0
      vertex 10.199999809265137 -13.089184761047363 0.2976417541503906
    endloop
  endfacet
  facet normal -1 0 0
    outer loop
      vertex 10.199999809265137 -13.499923706054688 -0.9123554229736328
      vertex 10.199999809265137 -12.3737154006958 -2.380059242248535
      vertex 10.199999809265137 -12.699999809265137 -2.5980758666992188
    endloop
  endfacet
  facet normal -1 0 0
    outer loop
      vertex 10.199999809265137 -11.699999809265137 0
      vertex 10.199999809265137 -13.137537956237793 0.44008541107177734
      vertex 10.199999809265137 -11.699999809265137 1.6467816829681396
    endloop
  endfacet
  facet normal -1 0 0
    outer loop
      vertex 10.199999809265137 -13.204070091247559 0.5749998092651367
      vertex 10.199999809265137 -11.699999809265137 1.6467816829681396
      vertex 10.199999809265137 -13.137537956237793 0.44008541107177734
    endloop
  endfacet
  facet normal -1 0 0
    outer loop
      vertex 10.199999809265137 -13.625 -0.9959287643432617
      vertex 10.199999809265137 -12.699999809265137 -2.5980758666992188
      vertex 10.199999809265137 -13.051949501037598 -2.7716379165649414
    endloop
  endfacet
  facet normal -1 0 0
    outer loop
      vertex 10.199999809265137 -11.699999809265137 0
      vertex 10.199999809265137 -13.05983829498291 -0.15010452270507812
      vertex 10.199999809265137 -13.049999237060547 0
    endloop
  endfacet
  facet normal -1 0 0
    outer loop
      vertex 10.199999809265137 -11.699999809265137 0
      vertex 10.199999809265137 -13.089184761047363 -0.2976417541503906
      vertex 10.199999809265137 -13.05983829498291 -0.15010452270507812
    endloop
  endfacet
  facet normal -1 0 0
    outer loop
      vertex 10.199999809265137 -11.699999809265137 0
      vertex 10.199999809265137 -13.137537956237793 -0.44008541107177734
      vertex 10.199999809265137 -13.089184761047363 -0.2976417541503906
    endloop
  endfacet
  facet normal -1 0 0
    outer loop
      vertex 10.199999809265137 -11.601922988891602 -1.5
      vertex 10.199999809265137 -13.204070091247559 -0.5749998092651367
      vertex 10.199999809265137 -13.137537956237793 -0.44008541107177734
    endloop
  endfacet
  facet normal -1 0 0
    outer loop
      vertex 10.199999809265137 -11.819939613342285 -1.8262834548950195
      vertex 10.199999809265137 -13.287643432617188 -0.7000751495361328
      vertex 10.199999809265137 -13.204070091247559 -0.5749998092651367
    endloop
  endfacet
  facet normal -1 0 0
    outer loop
      vertex 10.199999809265137 -12.078679084777832 -2.1213197708129883
      vertex 10.199999809265137 -13.386826515197754 -0.8131723403930664
      vertex 10.199999809265137 -13.287643432617188 -0.7000751495361328
    endloop
  endfacet
  facet normal -1 0 0
    outer loop
      vertex 10.199999809265137 -13.759913444519043 -1.0624608993530273
      vertex 10.199999809265137 -13.051949501037598 -2.7716379165649414
      vertex 10.199999809265137 -13.423542022705078 -2.8977766036987305
    endloop
  endfacet
  facet normal -1 0 0
    outer loop
      vertex 10.199999809265137 -12.3737154006958 -2.380059242248535
      vertex 10.199999809265137 -13.499923706054688 -0.9123554229736328
      vertex 10.199999809265137 -13.386826515197754 -0.8131723403930664
    endloop
  endfacet
  facet normal -1 0 0
    outer loop
      vertex 10.199999809265137 -12.699999809265137 -2.5980758666992188
      vertex 10.199999809265137 -13.625 -0.9959287643432617
      vertex 10.199999809265137 -13.499923706054688 -0.9123554229736328
    endloop
  endfacet
  facet normal -1 0 0
    outer loop
      vertex 10.199999809265137 -13.051949501037598 -2.7716379165649414
      vertex 10.199999809265137 -13.759913444519043 -1.0624608993530273
      vertex 10.199999809265137 -13.625 -0.9959287643432617
    endloop
  endfacet
  facet normal -1 0 0
    outer loop
      vertex 10.199999809265137 -13.902358055114746 -1.110814094543457
      vertex 10.199999809265137 -13.423542022705078 -2.8977766036987305
      vertex 10.199999809265137 -13.80842113494873 -2.9743337631225586
    endloop
  endfacet
  facet normal -1 0 0
    outer loop
      vertex 10.199999809265137 -13.423542022705078 -2.8977766036987305
      vertex 10.199999809265137 -13.902358055114746 -1.110814094543457
      vertex 10.199999809265137 -13.759913444519043 -1.0624608993530273
    endloop
  endfacet
  facet normal -1 0 0
    outer loop
      vertex 10.199999809265137 -13.80842113494873 -2.9743337631225586
      vertex 10.199999809265137 -14.049894332885742 -1.1401615142822266
      vertex 10.199999809265137 -13.902358055114746 -1.110814094543457
    endloop
  endfacet
  facet normal -1 0 0
    outer loop
      vertex 10.199999809265137 -14.199999809265137 -3
      vertex 10.199999809265137 -14.049894332885742 -1.1401615142822266
      vertex 10.199999809265137 -13.80842113494873 -2.9743337631225586
    endloop
  endfacet
  facet normal -1 0 0
    outer loop
      vertex 10.199999809265137 -14.199999809265137 -3
      vertex 10.199999809265137 -14.199999809265137 -1.1499996185302734
      vertex 10.199999809265137 -14.049894332885742 -1.1401615142822266
    endloop
  endfacet
  facet normal -1 0 0
    outer loop
      vertex 10.199999809265137 -14.199999809265137 -3
      vertex 10.199999809265137 -14.350104331970215 -1.1401615142822266
      vertex 10.199999809265137 -14.199999809265137 -1.1499996185302734
    endloop
  endfacet
  facet normal -1 0 0
    outer loop
      vertex 10.199999809265137 -14.591578483581543 -2.9743337631225586
      vertex 10.199999809265137 -14.350104331970215 -1.1401615142822266
      vertex 10.199999809265137 -14.199999809265137 -3
    endloop
  endfacet
  facet normal -1 0 0
    outer loop
      vertex 10.199999809265137 -14.350104331970215 -1.1401615142822266
      vertex 10.199999809265137 -14.591578483581543 -2.9743337631225586
      vertex 10.199999809265137 -14.497641563415527 -1.110814094543457
    endloop
  endfacet
  facet normal -1 0 0
    outer loop
      vertex 10.199999809265137 -14.976456642150879 -2.8977766036987305
      vertex 10.199999809265137 -14.497641563415527 -1.110814094543457
      vertex 10.199999809265137 -14.591578483581543 -2.9743337631225586
    endloop
  endfacet
  facet normal -1 0 0
    outer loop
      vertex 10.199999809265137 -14.497641563415527 -1.110814094543457
      vertex 10.199999809265137 -14.976456642150879 -2.8977766036987305
      vertex 10.199999809265137 -14.640085220336914 -1.0624608993530273
    endloop
  endfacet
  facet normal -1 0 0
    outer loop
      vertex 10.199999809265137 -15.348050117492676 -2.7716379165649414
      vertex 10.199999809265137 -14.640085220336914 -1.0624608993530273
      vertex 10.199999809265137 -14.976456642150879 -2.8977766036987305
    endloop
  endfacet
  facet normal -1 0 0
    outer loop
      vertex 10.199999809265137 -14.640085220336914 -1.0624608993530273
      vertex 10.199999809265137 -15.348050117492676 -2.7716379165649414
      vertex 10.199999809265137 -14.774999618530273 -0.9959287643432617
    endloop
  endfacet
  facet normal -1 0 0
    outer loop
      vertex 10.199999809265137 -15.699999809265137 -2.5980758666992188
      vertex 10.199999809265137 -14.774999618530273 -0.9959287643432617
      vertex 10.199999809265137 -15.348050117492676 -2.7716379165649414
    endloop
  endfacet
  facet normal -1 0 0
    outer loop
      vertex 10.199999809265137 -14.774999618530273 -0.9959287643432617
      vertex 10.199999809265137 -15.699999809265137 -2.5980758666992188
      vertex 10.199999809265137 -14.90007495880127 -0.9123554229736328
    endloop
  endfacet
  facet normal -1 0 0
    outer loop
      vertex 10.199999809265137 -16.026283264160156 -2.380059242248535
      vertex 10.199999809265137 -14.90007495880127 -0.9123554229736328
      vertex 10.199999809265137 -15.699999809265137 -2.5980758666992188
    endloop
  endfacet
  facet normal -1 0 0
    outer loop
      vertex 10.199999809265137 -14.90007495880127 -0.9123554229736328
      vertex 10.199999809265137 -16.026283264160156 -2.380059242248535
      vertex 10.199999809265137 -15.013172149658203 -0.8131723403930664
    endloop
  endfacet
  facet normal -1 0 0
    outer loop
      vertex 10.199999809265137 -16.321319580078125 -2.1213197708129883
      vertex 10.199999809265137 -15.013172149658203 -0.8131723403930664
      vertex 10.199999809265137 -16.026283264160156 -2.380059242248535
    endloop
  endfacet
  facet normal -1 0 0
    outer loop
      vertex 10.199999809265137 -15.013172149658203 -0.8131723403930664
      vertex 10.199999809265137 -16.321319580078125 -2.1213197708129883
      vertex 10.199999809265137 -15.112356185913086 -0.7000751495361328
    endloop
  endfacet
  facet normal -1 0 0
    outer loop
      vertex 10.199999809265137 -16.580059051513672 -1.8262834548950195
      vertex 10.199999809265137 -15.112356185913086 -0.7000751495361328
      vertex 10.199999809265137 -16.321319580078125 -2.1213197708129883
    endloop
  endfacet
  facet normal -1 0 0
    outer loop
      vertex 10.199999809265137 -15.112356185913086 -0.7000751495361328
      vertex 10.199999809265137 -16.580059051513672 -1.8262834548950195
      vertex 10.199999809265137 -15.195928573608398 -0.5749998092651367
    endloop
  endfacet
  facet normal -1 0 0
    outer loop
      vertex 10.199999809265137 -16.798076629638672 -1.5
      vertex 10.199999809265137 -15.195928573608398 -0.5749998092651367
      vertex 10.199999809265137 -16.580059051513672 -1.8262834548950195
    endloop
  endfacet
  facet normal -1 0 0
    outer loop
      vertex 10.199999809265137 -15.195928573608398 -0.5749998092651367
      vertex 10.199999809265137 -16.798076629638672 -1.5
      vertex 10.199999809265137 -15.262460708618164 -0.44008541107177734
    endloop
  endfacet
  facet normal -1 0 0
    outer loop
      vertex 10.199999809265137 -16.971637725830078 -1.1480493545532227
      vertex 10.199999809265137 -15.262460708618164 -0.44008541107177734
      vertex 10.199999809265137 -16.798076629638672 -1.5
    endloop
  endfacet
  facet normal -1 0 0
    outer loop
      vertex 10.199999809265137 -15.262460708618164 -0.44008541107177734
      vertex 10.199999809265137 -16.971637725830078 -1.1480493545532227
      vertex 10.199999809265137 -15.310813903808594 -0.2976417541503906
    endloop
  endfacet
  facet normal -1 0 0
    outer loop
      vertex 10.199999809265137 -15.34999942779541 0
      vertex 10.199999809265137 -16.36506462097168 1.2500001192092896
      vertex 10.199999809265137 -15.54167366027832 2.6761536598205566
    endloop
  endfacet
  facet normal -1 0 0
    outer loop
      vertex 10.199999809265137 -17.0977783203125 -0.7764568328857422
      vertex 10.199999809265137 -15.310813903808594 -0.2976417541503906
      vertex 10.199999809265137 -16.971637725830078 -1.1480493545532227
    endloop
  endfacet
  facet normal -1 0 0
    outer loop
      vertex 10.199999809265137 -15.310813903808594 -0.2976417541503906
      vertex 10.199999809265137 -17.0977783203125 -0.7764568328857422
      vertex 10.199999809265137 -15.340161323547363 -0.15010452270507812
    endloop
  endfacet
  facet normal -1 0 0
    outer loop
      vertex 10.199999809265137 -17.174335479736328 -0.39157772064208984
      vertex 10.199999809265137 -15.340161323547363 -0.15010452270507812
      vertex 10.199999809265137 -17.0977783203125 -0.7764568328857422
    endloop
  endfacet
  facet normal -1 0 0
    outer loop
      vertex 10.199999809265137 -15.340161323547363 -0.15010452270507812
      vertex 10.199999809265137 -17.174335479736328 -0.39157772064208984
      vertex 10.199999809265137 -15.34999942779541 0
    endloop
  endfacet
  facet normal -1 0 0
    outer loop
      vertex 10.199999809265137 -16.36506462097168 1.2500001192092896
      vertex 10.199999809265137 -16.971637725830078 1.1480493545532227
      vertex 10.199999809265137 -16.798076629638672 1.499999761581421
    endloop
  endfacet
  facet normal -1 0 0
    outer loop
      vertex 10.199999809265137 -17.200000762939453 0
      vertex 10.199999809265137 -15.34999942779541 0
      vertex 10.199999809265137 -17.174335479736328 -0.39157772064208984
    endloop
  endfacet
  facet normal -1 0 0
    outer loop
      vertex 10.199999809265137 -16.36506462097168 1.2500001192092896
      vertex 10.199999809265137 -17.0977783203125 0.7764568328857422
      vertex 10.199999809265137 -16.971637725830078 1.1480493545532227
    endloop
  endfacet
  facet normal -1 0 0
    outer loop
      vertex 10.199999809265137 -17.174335479736328 0.39157772064208984
      vertex 10.199999809265137 -15.34999942779541 0
      vertex 10.199999809265137 -17.200000762939453 0
    endloop
  endfacet
  facet normal -1 0 0
    outer loop
      vertex 10.199999809265137 -16.36506462097168 1.2500001192092896
      vertex 10.199999809265137 -17.174335479736328 0.39157772064208984
      vertex 10.199999809265137 -17.0977783203125 0.7764568328857422
    endloop
  endfacet
  facet normal -1 0 0
    outer loop
      vertex 10.199999809265137 -15.34999942779541 0
      vertex 10.199999809265137 -17.174335479736328 0.39157772064208984
      vertex 10.199999809265137 -16.36506462097168 1.2500001192092896
    endloop
  endfacet
  facet normal -1 0 0
    outer loop
      vertex 10.199999809265137 -13.287643432617188 0.7000751495361328
      vertex 10.199999809265137 -11.699999809265137 1.6467816829681396
      vertex 10.199999809265137 -13.204070091247559 0.5749998092651367
    endloop
  endfacet
  facet normal -1 0 0
    outer loop
      vertex 10.199999809265137 -11.699999809265137 1.6467816829681396
      vertex 10.199999809265137 -13.287643432617188 0.7000751495361328
      vertex 10.199999809265137 -11.819939613342285 1.8262834548950195
    endloop
  endfacet
  facet normal -1 0 0
    outer loop
      vertex 10.199999809265137 -11.819939613342285 1.8262834548950195
      vertex 10.199999809265137 -13.287643432617188 0.7000751495361328
      vertex 10.199999809265137 -12.078679084777832 2.1213197708129883
    endloop
  endfacet
  facet normal -1 0 0
    outer loop
      vertex 10.199999809265137 -13.386826515197754 0.8131723403930664
      vertex 10.199999809265137 -12.078679084777832 2.1213197708129883
      vertex 10.199999809265137 -13.287643432617188 0.7000751495361328
    endloop
  endfacet
  facet normal -1 0 0
    outer loop
      vertex 10.199999809265137 -12.078679084777832 2.1213197708129883
      vertex 10.199999809265137 -13.386826515197754 0.8131723403930664
      vertex 10.199999809265137 -12.3737154006958 2.380059242248535
    endloop
  endfacet
  facet normal -1 0 0
    outer loop
      vertex 10.199999809265137 -13.499923706054688 0.9123554229736328
      vertex 10.199999809265137 -12.3737154006958 2.380059242248535
      vertex 10.199999809265137 -13.386826515197754 0.8131723403930664
    endloop
  endfacet
  facet normal -1 0 0
    outer loop
      vertex 10.199999809265137 -12.3737154006958 2.380059242248535
      vertex 10.199999809265137 -13.499923706054688 0.9123554229736328
      vertex 10.199999809265137 -12.699999809265137 2.5980758666992188
    endloop
  endfacet
  facet normal -1 0 0
    outer loop
      vertex 10.199999809265137 -13.625 0.9959287643432617
      vertex 10.199999809265137 -12.699999809265137 2.5980758666992188
      vertex 10.199999809265137 -13.499923706054688 0.9123554229736328
    endloop
  endfacet
  facet normal -1 0 0
    outer loop
      vertex 10.199999809265137 -12.699999809265137 2.5980758666992188
      vertex 10.199999809265137 -13.625 0.9959287643432617
      vertex 10.199999809265137 -13.051949501037598 2.7716379165649414
    endloop
  endfacet
  facet normal -1 0 0
    outer loop
      vertex 10.199999809265137 -13.759913444519043 1.0624608993530273
      vertex 10.199999809265137 -13.051949501037598 2.7716379165649414
      vertex 10.199999809265137 -13.625 0.9959287643432617
    endloop
  endfacet
  facet normal -1 0 0
    outer loop
      vertex 10.199999809265137 -13.051949501037598 2.7716379165649414
      vertex 10.199999809265137 -13.759913444519043 1.0624608993530273
      vertex 10.199999809265137 -13.423542022705078 2.8977766036987305
    endloop
  endfacet
  facet normal -1 0 0
    outer loop
      vertex 10.199999809265137 -13.902358055114746 1.110814094543457
      vertex 10.199999809265137 -13.423542022705078 2.8977766036987305
      vertex 10.199999809265137 -13.759913444519043 1.0624608993530273
    endloop
  endfacet
  facet normal -1 0 0
    outer loop
      vertex 10.199999809265137 -13.423542022705078 2.8977766036987305
      vertex 10.199999809265137 -13.902358055114746 1.110814094543457
      vertex 10.199999809265137 -13.80842113494873 2.9743337631225586
    endloop
  endfacet
  facet normal -1 0 0
    outer loop
      vertex 10.199999809265137 -14.049894332885742 1.1401615142822266
      vertex 10.199999809265137 -13.80842113494873 2.9743337631225586
      vertex 10.199999809265137 -13.902358055114746 1.110814094543457
    endloop
  endfacet
  facet normal -1 0 0
    outer loop
      vertex 10.199999809265137 -14.199999809265137 1.1499996185302734
      vertex 10.199999809265137 -13.80842113494873 2.9743337631225586
      vertex 10.199999809265137 -14.049894332885742 1.1401615142822266
    endloop
  endfacet
  facet normal -1 0 0
    outer loop
      vertex 10.199999809265137 -14.199999809265137 1.1499996185302734
      vertex 10.199999809265137 -14.199999809265137 3
      vertex 10.199999809265137 -13.80842113494873 2.9743337631225586
    endloop
  endfacet
  facet normal -1 0 0
    outer loop
      vertex 10.199999809265137 -14.350104331970215 1.1401615142822266
      vertex 10.199999809265137 -14.199999809265137 3
      vertex 10.199999809265137 -14.199999809265137 1.1499996185302734
    endloop
  endfacet
  facet normal -1 0 0
    outer loop
      vertex 10.199999809265137 -14.591578483581543 2.9743337631225586
      vertex 10.199999809265137 -14.350104331970215 1.1401615142822266
      vertex 10.199999809265137 -14.497641563415527 1.110814094543457
    endloop
  endfacet
  facet normal -1 0 0
    outer loop
      vertex 10.199999809265137 -14.350104331970215 1.1401615142822266
      vertex 10.199999809265137 -14.591578483581543 2.9743337631225586
      vertex 10.199999809265137 -14.199999809265137 3
    endloop
  endfacet
  facet normal -1 0 0
    outer loop
      vertex 10.199999809265137 -14.976456642150879 2.8977766036987305
      vertex 10.199999809265137 -14.497641563415527 1.110814094543457
      vertex 10.199999809265137 -14.640085220336914 1.0624608993530273
    endloop
  endfacet
  facet normal -1 0 0
    outer loop
      vertex 10.199999809265137 -15.54167366027832 2.6761536598205566
      vertex 10.199999809265137 -14.640085220336914 1.0624608993530273
      vertex 10.199999809265137 -14.774999618530273 0.9959287643432617
    endloop
  endfacet
  facet normal -1 0 0
    outer loop
      vertex 10.199999809265137 -15.54167366027832 2.6761536598205566
      vertex 10.199999809265137 -14.774999618530273 0.9959287643432617
      vertex 10.199999809265137 -14.90007495880127 0.9123554229736328
    endloop
  endfacet
  facet normal -1 0 0
    outer loop
      vertex 10.199999809265137 -14.497641563415527 1.110814094543457
      vertex 10.199999809265137 -14.976456642150879 2.8977766036987305
      vertex 10.199999809265137 -14.591578483581543 2.9743337631225586
    endloop
  endfacet
  facet normal -1 0 0
    outer loop
      vertex 10.199999809265137 -15.54167366027832 2.6761536598205566
      vertex 10.199999809265137 -14.90007495880127 0.9123554229736328
      vertex 10.199999809265137 -15.013172149658203 0.8131723403930664
    endloop
  endfacet
  facet normal -1 0 0
    outer loop
      vertex 10.199999809265137 -15.54167366027832 2.6761536598205566
      vertex 10.199999809265137 -15.013172149658203 0.8131723403930664
      vertex 10.199999809265137 -15.112356185913086 0.7000751495361328
    endloop
  endfacet
  facet normal -1 0 0
    outer loop
      vertex 10.199999809265137 -15.54167366027832 2.6761536598205566
      vertex 10.199999809265137 -15.112356185913086 0.7000751495361328
      vertex 10.199999809265137 -15.195928573608398 0.5749998092651367
    endloop
  endfacet
  facet normal -1 0 0
    outer loop
      vertex 10.199999809265137 -15.54167366027832 2.6761536598205566
      vertex 10.199999809265137 -15.195928573608398 0.5749998092651367
      vertex 10.199999809265137 -15.262460708618164 0.44008541107177734
    endloop
  endfacet
  facet normal -1 0 0
    outer loop
      vertex 10.199999809265137 -15.54167366027832 2.6761536598205566
      vertex 10.199999809265137 -15.262460708618164 0.44008541107177734
      vertex 10.199999809265137 -15.310813903808594 0.2976417541503906
    endloop
  endfacet
  facet normal -1 0 0
    outer loop
      vertex 10.199999809265137 -15.54167366027832 2.6761536598205566
      vertex 10.199999809265137 -15.310813903808594 0.2976417541503906
      vertex 10.199999809265137 -15.340161323547363 0.15010452270507812
    endloop
  endfacet
  facet normal -1 0 0
    outer loop
      vertex 10.199999809265137 -14.640085220336914 1.0624608993530273
      vertex 10.199999809265137 -15.348050117492676 2.7716379165649414
      vertex 10.199999809265137 -14.976456642150879 2.8977766036987305
    endloop
  endfacet
  facet normal -1 0 0
    outer loop
      vertex 10.199999809265137 -15.54167366027832 2.6761536598205566
      vertex 10.199999809265137 -15.340161323547363 0.15010452270507812
      vertex 10.199999809265137 -15.34999942779541 0
    endloop
  endfacet
  facet normal -1 0 0
    outer loop
      vertex 10.199999809265137 -14.640085220336914 1.0624608993530273
      vertex 10.199999809265137 -15.54167366027832 2.6761536598205566
      vertex 10.199999809265137 -15.348050117492676 2.7716379165649414
    endloop
  endfacet
  facet normal 1 0 0
    outer loop
      vertex 13.799999237060547 -13.287643432617188 0.7000751495361328
      vertex 13.799999237060547 -11.699999809265137 1.6467816829681396
      vertex 13.799999237060547 -11.819939613342285 1.8262834548950195
    endloop
  endfacet
  facet normal 1 0 0
    outer loop
      vertex 13.799999237060547 -11.699999809265137 0
      vertex 13.799999237060547 -11.225665092468262 -0.39157772064208984
      vertex 13.799999237060547 -11.199999809265137 0
    endloop
  endfacet
  facet normal 1 0 0
    outer loop
      vertex 13.799999237060547 -11.225665092468262 -0.39157772064208984
      vertex 13.799999237060547 -11.699999809265137 0
      vertex 13.799999237060547 -11.30222225189209 -0.7764568328857422
    endloop
  endfacet
  facet normal 1 0 0
    outer loop
      vertex 13.799999237060547 -11.30222225189209 -0.7764568328857422
      vertex 13.799999237060547 -11.699999809265137 0
      vertex 13.799999237060547 -11.428360939025879 -1.1480493545532227
    endloop
  endfacet
  facet normal 1 0 0
    outer loop
      vertex 13.799999237060547 -13.137537956237793 -0.44008541107177734
      vertex 13.799999237060547 -11.428360939025879 -1.1480493545532227
      vertex 13.799999237060547 -11.699999809265137 0
    endloop
  endfacet
  facet normal 1 0 0
    outer loop
      vertex 13.799999237060547 -11.699999809265137 1.6467816829681396
      vertex 13.799999237060547 -13.137537956237793 0.44008541107177734
      vertex 13.799999237060547 -11.699999809265137 0
    endloop
  endfacet
  facet normal 1 0 0
    outer loop
      vertex 13.799999237060547 -13.05983829498291 -0.15010452270507812
      vertex 13.799999237060547 -11.699999809265137 0
      vertex 13.799999237060547 -13.049999237060547 0
    endloop
  endfacet
  facet normal 1 0 0
    outer loop
      vertex 13.799999237060547 -13.287643432617188 0.7000751495361328
      vertex 13.799999237060547 -11.819939613342285 1.8262834548950195
      vertex 13.799999237060547 -12.078679084777832 2.1213197708129883
    endloop
  endfacet
  facet normal 1 0 0
    outer loop
      vertex 13.799999237060547 -13.089184761047363 -0.2976417541503906
      vertex 13.799999237060547 -11.699999809265137 0
      vertex 13.799999237060547 -13.05983829498291 -0.15010452270507812
    endloop
  endfacet
  facet normal 1 0 0
    outer loop
      vertex 13.799999237060547 -13.386826515197754 0.8131723403930664
      vertex 13.799999237060547 -12.078679084777832 2.1213197708129883
      vertex 13.799999237060547 -12.3737154006958 2.380059242248535
    endloop
  endfacet
  facet normal 1 0 0
    outer loop
      vertex 13.799999237060547 -13.137537956237793 -0.44008541107177734
      vertex 13.799999237060547 -11.699999809265137 0
      vertex 13.799999237060547 -13.089184761047363 -0.2976417541503906
    endloop
  endfacet
  facet normal 1 0 0
    outer loop
      vertex 13.799999237060547 -13.499923706054688 0.9123554229736328
      vertex 13.799999237060547 -12.3737154006958 2.380059242248535
      vertex 13.799999237060547 -12.699999809265137 2.5980758666992188
    endloop
  endfacet
  facet normal 1 0 0
    outer loop
      vertex 13.799999237060547 -11.428360939025879 -1.1480493545532227
      vertex 13.799999237060547 -13.137537956237793 -0.44008541107177734
      vertex 13.799999237060547 -11.601922988891602 -1.5
    endloop
  endfacet
  facet normal 1 0 0
    outer loop
      vertex 13.799999237060547 -13.204070091247559 -0.5749998092651367
      vertex 13.799999237060547 -11.601922988891602 -1.5
      vertex 13.799999237060547 -13.137537956237793 -0.44008541107177734
    endloop
  endfacet
  facet normal 1 0 0
    outer loop
      vertex 13.799999237060547 -13.625 0.9959287643432617
      vertex 13.799999237060547 -12.699999809265137 2.5980758666992188
      vertex 13.799999237060547 -13.051949501037598 2.7716379165649414
    endloop
  endfacet
  facet normal 1 0 0
    outer loop
      vertex 13.799999237060547 -11.699999809265137 0
      vertex 13.799999237060547 -13.05983829498291 0.15010452270507812
      vertex 13.799999237060547 -13.049999237060547 0
    endloop
  endfacet
  facet normal 1 0 0
    outer loop
      vertex 13.799999237060547 -11.699999809265137 0
      vertex 13.799999237060547 -13.089184761047363 0.2976417541503906
      vertex 13.799999237060547 -13.05983829498291 0.15010452270507812
    endloop
  endfacet
  facet normal 1 0 0
    outer loop
      vertex 13.799999237060547 -11.699999809265137 0
      vertex 13.799999237060547 -13.137537956237793 0.44008541107177734
      vertex 13.799999237060547 -13.089184761047363 0.2976417541503906
    endloop
  endfacet
  facet normal 1 0 0
    outer loop
      vertex 13.799999237060547 -11.699999809265137 1.6467816829681396
      vertex 13.799999237060547 -13.204070091247559 0.5749998092651367
      vertex 13.799999237060547 -13.137537956237793 0.44008541107177734
    endloop
  endfacet
  facet normal 1 0 0
    outer loop
      vertex 13.799999237060547 -11.699999809265137 1.6467816829681396
      vertex 13.799999237060547 -13.287643432617188 0.7000751495361328
      vertex 13.799999237060547 -13.204070091247559 0.5749998092651367
    endloop
  endfacet
  facet normal 1 0 0
    outer loop
      vertex 13.799999237060547 -12.078679084777832 2.1213197708129883
      vertex 13.799999237060547 -13.386826515197754 0.8131723403930664
      vertex 13.799999237060547 -13.287643432617188 0.7000751495361328
    endloop
  endfacet
  facet normal 1 0 0
    outer loop
      vertex 13.799999237060547 -13.759913444519043 1.0624608993530273
      vertex 13.799999237060547 -13.051949501037598 2.7716379165649414
      vertex 13.799999237060547 -13.423542022705078 2.8977766036987305
    endloop
  endfacet
  facet normal 1 0 0
    outer loop
      vertex 13.799999237060547 -12.3737154006958 2.380059242248535
      vertex 13.799999237060547 -13.499923706054688 0.9123554229736328
      vertex 13.799999237060547 -13.386826515197754 0.8131723403930664
    endloop
  endfacet
  facet normal 1 0 0
    outer loop
      vertex 13.799999237060547 -12.699999809265137 2.5980758666992188
      vertex 13.799999237060547 -13.625 0.9959287643432617
      vertex 13.799999237060547 -13.499923706054688 0.9123554229736328
    endloop
  endfacet
  facet normal 1 0 0
    outer loop
      vertex 13.799999237060547 -13.051949501037598 2.7716379165649414
      vertex 13.799999237060547 -13.759913444519043 1.0624608993530273
      vertex 13.799999237060547 -13.625 0.9959287643432617
    endloop
  endfacet
  facet normal 1 0 0
    outer loop
      vertex 13.799999237060547 -13.902358055114746 1.110814094543457
      vertex 13.799999237060547 -13.423542022705078 2.8977766036987305
      vertex 13.799999237060547 -13.80842113494873 2.9743337631225586
    endloop
  endfacet
  facet normal 1 0 0
    outer loop
      vertex 13.799999237060547 -13.423542022705078 2.8977766036987305
      vertex 13.799999237060547 -13.902358055114746 1.110814094543457
      vertex 13.799999237060547 -13.759913444519043 1.0624608993530273
    endloop
  endfacet
  facet normal 1 0 0
    outer loop
      vertex 13.799999237060547 -13.80842113494873 2.9743337631225586
      vertex 13.799999237060547 -14.049894332885742 1.1401615142822266
      vertex 13.799999237060547 -13.902358055114746 1.110814094543457
    endloop
  endfacet
  facet normal 1 0 0
    outer loop
      vertex 13.799999237060547 -14.199999809265137 3
      vertex 13.799999237060547 -14.049894332885742 1.1401615142822266
      vertex 13.799999237060547 -13.80842113494873 2.9743337631225586
    endloop
  endfacet
  facet normal 1 0 0
    outer loop
      vertex 13.799999237060547 -14.199999809265137 3
      vertex 13.799999237060547 -14.199999809265137 1.1499996185302734
      vertex 13.799999237060547 -14.049894332885742 1.1401615142822266
    endloop
  endfacet
  facet normal 1 0 0
    outer loop
      vertex 13.799999237060547 -14.199999809265137 3
      vertex 13.799999237060547 -14.350104331970215 1.1401615142822266
      vertex 13.799999237060547 -14.199999809265137 1.1499996185302734
    endloop
  endfacet
  facet normal 1 0 0
    outer loop
      vertex 13.799999237060547 -14.591578483581543 2.9743337631225586
      vertex 13.799999237060547 -14.350104331970215 1.1401615142822266
      vertex 13.799999237060547 -14.199999809265137 3
    endloop
  endfacet
  facet normal 1 0 0
    outer loop
      vertex 13.799999237060547 -14.350104331970215 1.1401615142822266
      vertex 13.799999237060547 -14.591578483581543 2.9743337631225586
      vertex 13.799999237060547 -14.497641563415527 1.110814094543457
    endloop
  endfacet
  facet normal 1 0 0
    outer loop
      vertex 13.799999237060547 -14.976456642150879 2.8977766036987305
      vertex 13.799999237060547 -14.497641563415527 1.110814094543457
      vertex 13.799999237060547 -14.591578483581543 2.9743337631225586
    endloop
  endfacet
  facet normal 1 0 0
    outer loop
      vertex 13.799999237060547 -14.497641563415527 1.110814094543457
      vertex 13.799999237060547 -14.976456642150879 2.8977766036987305
      vertex 13.799999237060547 -14.640085220336914 1.0624608993530273
    endloop
  endfacet
  facet normal 1 0 0
    outer loop
      vertex 13.799999237060547 -15.348050117492676 2.7716379165649414
      vertex 13.799999237060547 -14.640085220336914 1.0624608993530273
      vertex 13.799999237060547 -14.976456642150879 2.8977766036987305
    endloop
  endfacet
  facet normal 1 0 0
    outer loop
      vertex 13.799999237060547 -15.54167366027832 2.6761536598205566
      vertex 13.799999237060547 -14.640085220336914 1.0624608993530273
      vertex 13.799999237060547 -15.348050117492676 2.7716379165649414
    endloop
  endfacet
  facet normal 1 0 0
    outer loop
      vertex 13.799999237060547 -14.640085220336914 1.0624608993530273
      vertex 13.799999237060547 -15.54167366027832 2.6761536598205566
      vertex 13.799999237060547 -14.774999618530273 0.9959287643432617
    endloop
  endfacet
  facet normal 1 0 0
    outer loop
      vertex 13.799999237060547 -14.774999618530273 0.9959287643432617
      vertex 13.799999237060547 -15.54167366027832 2.6761536598205566
      vertex 13.799999237060547 -14.90007495880127 0.9123554229736328
    endloop
  endfacet
  facet normal 1 0 0
    outer loop
      vertex 13.799999237060547 -16.36506462097168 1.2500001192092896
      vertex 13.799999237060547 -14.90007495880127 0.9123554229736328
      vertex 13.799999237060547 -15.54167366027832 2.6761536598205566
    endloop
  endfacet
  facet normal 1 0 0
    outer loop
      vertex 13.799999237060547 -14.90007495880127 0.9123554229736328
      vertex 13.799999237060547 -16.36506462097168 1.2500001192092896
      vertex 13.799999237060547 -15.013172149658203 0.8131723403930664
    endloop
  endfacet
  facet normal 1 0 0
    outer loop
      vertex 13.799999237060547 -15.013172149658203 0.8131723403930664
      vertex 13.799999237060547 -16.36506462097168 1.2500001192092896
      vertex 13.799999237060547 -15.112356185913086 0.7000751495361328
    endloop
  endfacet
  facet normal 1 0 0
    outer loop
      vertex 13.799999237060547 -15.112356185913086 0.7000751495361328
      vertex 13.799999237060547 -16.36506462097168 1.2500001192092896
      vertex 13.799999237060547 -15.195928573608398 0.5749998092651367
    endloop
  endfacet
  facet normal 1 0 0
    outer loop
      vertex 13.799999237060547 -15.195928573608398 0.5749998092651367
      vertex 13.799999237060547 -16.36506462097168 1.2500001192092896
      vertex 13.799999237060547 -15.262460708618164 0.44008541107177734
    endloop
  endfacet
  facet normal 1 0 0
    outer loop
      vertex 13.799999237060547 -15.262460708618164 0.44008541107177734
      vertex 13.799999237060547 -16.36506462097168 1.2500001192092896
      vertex 13.799999237060547 -15.310813903808594 0.2976417541503906
    endloop
  endfacet
  facet normal 1 0 0
    outer loop
      vertex 13.799999237060547 -15.310813903808594 0.2976417541503906
      vertex 13.799999237060547 -16.36506462097168 1.2500001192092896
      vertex 13.799999237060547 -15.340161323547363 0.15010452270507812
    endloop
  endfacet
  facet normal 1 0 0
    outer loop
      vertex 13.799999237060547 -11.601922988891602 -1.5
      vertex 13.799999237060547 -13.204070091247559 -0.5749998092651367
      vertex 13.799999237060547 -11.819939613342285 -1.8262834548950195
    endloop
  endfacet
  facet normal 1 0 0
    outer loop
      vertex 13.799999237060547 -13.287643432617188 -0.7000751495361328
      vertex 13.799999237060547 -11.819939613342285 -1.8262834548950195
      vertex 13.799999237060547 -13.204070091247559 -0.5749998092651367
    endloop
  endfacet
  facet normal 1 0 0
    outer loop
      vertex 13.799999237060547 -11.819939613342285 -1.8262834548950195
      vertex 13.799999237060547 -13.287643432617188 -0.7000751495361328
      vertex 13.799999237060547 -12.078679084777832 -2.1213197708129883
    endloop
  endfacet
  facet normal 1 0 0
    outer loop
      vertex 13.799999237060547 -13.386826515197754 -0.8131723403930664
      vertex 13.799999237060547 -12.078679084777832 -2.1213197708129883
      vertex 13.799999237060547 -13.287643432617188 -0.7000751495361328
    endloop
  endfacet
  facet normal 1 0 0
    outer loop
      vertex 13.799999237060547 -12.078679084777832 -2.1213197708129883
      vertex 13.799999237060547 -13.386826515197754 -0.8131723403930664
      vertex 13.799999237060547 -12.3737154006958 -2.380059242248535
    endloop
  endfacet
  facet normal 1 0 0
    outer loop
      vertex 13.799999237060547 -13.499923706054688 -0.9123554229736328
      vertex 13.799999237060547 -12.3737154006958 -2.380059242248535
      vertex 13.799999237060547 -13.386826515197754 -0.8131723403930664
    endloop
  endfacet
  facet normal 1 0 0
    outer loop
      vertex 13.799999237060547 -12.3737154006958 -2.380059242248535
      vertex 13.799999237060547 -13.499923706054688 -0.9123554229736328
      vertex 13.799999237060547 -12.699999809265137 -2.5980758666992188
    endloop
  endfacet
  facet normal 1 0 0
    outer loop
      vertex 13.799999237060547 -13.625 -0.9959287643432617
      vertex 13.799999237060547 -12.699999809265137 -2.5980758666992188
      vertex 13.799999237060547 -13.499923706054688 -0.9123554229736328
    endloop
  endfacet
  facet normal 1 0 0
    outer loop
      vertex 13.799999237060547 -12.699999809265137 -2.5980758666992188
      vertex 13.799999237060547 -13.625 -0.9959287643432617
      vertex 13.799999237060547 -13.051949501037598 -2.7716379165649414
    endloop
  endfacet
  facet normal 1 0 0
    outer loop
      vertex 13.799999237060547 -13.759913444519043 -1.0624608993530273
      vertex 13.799999237060547 -13.051949501037598 -2.7716379165649414
      vertex 13.799999237060547 -13.625 -0.9959287643432617
    endloop
  endfacet
  facet normal 1 0 0
    outer loop
      vertex 13.799999237060547 -13.051949501037598 -2.7716379165649414
      vertex 13.799999237060547 -13.759913444519043 -1.0624608993530273
      vertex 13.799999237060547 -13.423542022705078 -2.8977766036987305
    endloop
  endfacet
  facet normal 1 0 0
    outer loop
      vertex 13.799999237060547 -13.902358055114746 -1.110814094543457
      vertex 13.799999237060547 -13.423542022705078 -2.8977766036987305
      vertex 13.799999237060547 -13.759913444519043 -1.0624608993530273
    endloop
  endfacet
  facet normal 1 0 0
    outer loop
      vertex 13.799999237060547 -13.423542022705078 -2.8977766036987305
      vertex 13.799999237060547 -13.902358055114746 -1.110814094543457
      vertex 13.799999237060547 -13.80842113494873 -2.9743337631225586
    endloop
  endfacet
  facet normal 1 0 0
    outer loop
      vertex 13.799999237060547 -14.049894332885742 -1.1401615142822266
      vertex 13.799999237060547 -13.80842113494873 -2.9743337631225586
      vertex 13.799999237060547 -13.902358055114746 -1.110814094543457
    endloop
  endfacet
  facet normal 1 0 0
    outer loop
      vertex 13.799999237060547 -14.199999809265137 -1.1499996185302734
      vertex 13.799999237060547 -13.80842113494873 -2.9743337631225586
      vertex 13.799999237060547 -14.049894332885742 -1.1401615142822266
    endloop
  endfacet
  facet normal 1 0 0
    outer loop
      vertex 13.799999237060547 -14.199999809265137 -1.1499996185302734
      vertex 13.799999237060547 -14.199999809265137 -3
      vertex 13.799999237060547 -13.80842113494873 -2.9743337631225586
    endloop
  endfacet
  facet normal 1 0 0
    outer loop
      vertex 13.799999237060547 -14.350104331970215 -1.1401615142822266
      vertex 13.799999237060547 -14.199999809265137 -3
      vertex 13.799999237060547 -14.199999809265137 -1.1499996185302734
    endloop
  endfacet
  facet normal 1 0 0
    outer loop
      vertex 13.799999237060547 -14.591578483581543 -2.9743337631225586
      vertex 13.799999237060547 -14.350104331970215 -1.1401615142822266
      vertex 13.799999237060547 -14.497641563415527 -1.110814094543457
    endloop
  endfacet
  facet normal 1 0 0
    outer loop
      vertex 13.799999237060547 -14.350104331970215 -1.1401615142822266
      vertex 13.799999237060547 -14.591578483581543 -2.9743337631225586
      vertex 13.799999237060547 -14.199999809265137 -3
    endloop
  endfacet
  facet normal 1 0 0
    outer loop
      vertex 13.799999237060547 -14.976456642150879 -2.8977766036987305
      vertex 13.799999237060547 -14.497641563415527 -1.110814094543457
      vertex 13.799999237060547 -14.640085220336914 -1.0624608993530273
    endloop
  endfacet
  facet normal 1 0 0
    outer loop
      vertex 13.799999237060547 -15.348050117492676 -2.7716379165649414
      vertex 13.799999237060547 -14.640085220336914 -1.0624608993530273
      vertex 13.799999237060547 -14.774999618530273 -0.9959287643432617
    endloop
  endfacet
  facet normal 1 0 0
    outer loop
      vertex 13.799999237060547 -15.699999809265137 -2.5980758666992188
      vertex 13.799999237060547 -14.774999618530273 -0.9959287643432617
      vertex 13.799999237060547 -14.90007495880127 -0.9123554229736328
    endloop
  endfacet
  facet normal 1 0 0
    outer loop
      vertex 13.799999237060547 -14.497641563415527 -1.110814094543457
      vertex 13.799999237060547 -14.976456642150879 -2.8977766036987305
      vertex 13.799999237060547 -14.591578483581543 -2.9743337631225586
    endloop
  endfacet
  facet normal 1 0 0
    outer loop
      vertex 13.799999237060547 -16.026283264160156 -2.380059242248535
      vertex 13.799999237060547 -14.90007495880127 -0.9123554229736328
      vertex 13.799999237060547 -15.013172149658203 -0.8131723403930664
    endloop
  endfacet
  facet normal 1 0 0
    outer loop
      vertex 13.799999237060547 -16.321319580078125 -2.1213197708129883
      vertex 13.799999237060547 -15.013172149658203 -0.8131723403930664
      vertex 13.799999237060547 -15.112356185913086 -0.7000751495361328
    endloop
  endfacet
  facet normal 1 0 0
    outer loop
      vertex 13.799999237060547 -16.580059051513672 -1.8262834548950195
      vertex 13.799999237060547 -15.112356185913086 -0.7000751495361328
      vertex 13.799999237060547 -15.195928573608398 -0.5749998092651367
    endloop
  endfacet
  facet normal 1 0 0
    outer loop
      vertex 13.799999237060547 -16.798076629638672 -1.5
      vertex 13.799999237060547 -15.195928573608398 -0.5749998092651367
      vertex 13.799999237060547 -15.262460708618164 -0.44008541107177734
    endloop
  endfacet
  facet normal 1 0 0
    outer loop
      vertex 13.799999237060547 -16.971637725830078 -1.1480493545532227
      vertex 13.799999237060547 -15.262460708618164 -0.44008541107177734
      vertex 13.799999237060547 -15.310813903808594 -0.2976417541503906
    endloop
  endfacet
  facet normal 1 0 0
    outer loop
      vertex 13.799999237060547 -17.0977783203125 -0.7764568328857422
      vertex 13.799999237060547 -15.310813903808594 -0.2976417541503906
      vertex 13.799999237060547 -15.340161323547363 -0.15010452270507812
    endloop
  endfacet
  facet normal 1 0 0
    outer loop
      vertex 13.799999237060547 -14.640085220336914 -1.0624608993530273
      vertex 13.799999237060547 -15.348050117492676 -2.7716379165649414
      vertex 13.799999237060547 -14.976456642150879 -2.8977766036987305
    endloop
  endfacet
  facet normal 1 0 0
    outer loop
      vertex 13.799999237060547 -17.174335479736328 -0.39157772064208984
      vertex 13.799999237060547 -15.340161323547363 -0.15010452270507812
      vertex 13.799999237060547 -15.34999942779541 0
    endloop
  endfacet
  facet normal 1 0 0
    outer loop
      vertex 13.799999237060547 -17.174335479736328 0.39157772064208984
      vertex 13.799999237060547 -15.340161323547363 0.15010452270507812
      vertex 13.799999237060547 -16.36506462097168 1.2500001192092896
    endloop
  endfacet
  facet normal 1 0 0
    outer loop
      vertex 13.799999237060547 -15.340161323547363 0.15010452270507812
      vertex 13.799999237060547 -17.174335479736328 0.39157772064208984
      vertex 13.799999237060547 -15.34999942779541 0
    endloop
  endfacet
  facet normal 1 0 0
    outer loop
      vertex 13.799999237060547 -14.774999618530273 -0.9959287643432617
      vertex 13.799999237060547 -15.699999809265137 -2.5980758666992188
      vertex 13.799999237060547 -15.348050117492676 -2.7716379165649414
    endloop
  endfacet
  facet normal 1 0 0
    outer loop
      vertex 13.799999237060547 -14.90007495880127 -0.9123554229736328
      vertex 13.799999237060547 -16.026283264160156 -2.380059242248535
      vertex 13.799999237060547 -15.699999809265137 -2.5980758666992188
    endloop
  endfacet
  facet normal 1 0 0
    outer loop
      vertex 13.799999237060547 -15.013172149658203 -0.8131723403930664
      vertex 13.799999237060547 -16.321319580078125 -2.1213197708129883
      vertex 13.799999237060547 -16.026283264160156 -2.380059242248535
    endloop
  endfacet
  facet normal 1 0 0
    outer loop
      vertex 13.799999237060547 -15.112356185913086 -0.7000751495361328
      vertex 13.799999237060547 -16.580059051513672 -1.8262834548950195
      vertex 13.799999237060547 -16.321319580078125 -2.1213197708129883
    endloop
  endfacet
  facet normal 1 0 0
    outer loop
      vertex 13.799999237060547 -16.971637725830078 1.1480493545532227
      vertex 13.799999237060547 -16.36506462097168 1.2500001192092896
      vertex 13.799999237060547 -16.798076629638672 1.499999761581421
    endloop
  endfacet
  facet normal 1 0 0
    outer loop
      vertex 13.799999237060547 -15.195928573608398 -0.5749998092651367
      vertex 13.799999237060547 -16.798076629638672 -1.5
      vertex 13.799999237060547 -16.580059051513672 -1.8262834548950195
    endloop
  endfacet
  facet normal 1 0 0
    outer loop
      vertex 13.799999237060547 -17.0977783203125 0.7764568328857422
      vertex 13.799999237060547 -16.36506462097168 1.2500001192092896
      vertex 13.799999237060547 -16.971637725830078 1.1480493545532227
    endloop
  endfacet
  facet normal 1 0 0
    outer loop
      vertex 13.799999237060547 -15.262460708618164 -0.44008541107177734
      vertex 13.799999237060547 -16.971637725830078 -1.1480493545532227
      vertex 13.799999237060547 -16.798076629638672 -1.5
    endloop
  endfacet
  facet normal 1 0 0
    outer loop
      vertex 13.799999237060547 -17.174335479736328 0.39157772064208984
      vertex 13.799999237060547 -16.36506462097168 1.2500001192092896
      vertex 13.799999237060547 -17.0977783203125 0.7764568328857422
    endloop
  endfacet
  facet normal 1 0 0
    outer loop
      vertex 13.799999237060547 -15.310813903808594 -0.2976417541503906
      vertex 13.799999237060547 -17.0977783203125 -0.7764568328857422
      vertex 13.799999237060547 -16.971637725830078 -1.1480493545532227
    endloop
  endfacet
  facet normal 1 0 0
    outer loop
      vertex 13.799999237060547 -15.34999942779541 0
      vertex 13.799999237060547 -17.174335479736328 0.39157772064208984
      vertex 13.799999237060547 -17.200000762939453 0
    endloop
  endfacet
  facet normal 1 0 0
    outer loop
      vertex 13.799999237060547 -15.340161323547363 -0.15010452270507812
      vertex 13.799999237060547 -17.174335479736328 -0.39157772064208984
      vertex 13.799999237060547 -17.0977783203125 -0.7764568328857422
    endloop
  endfacet
  facet normal 1 0 0
    outer loop
      vertex 13.799999237060547 -15.34999942779541 0
      vertex 13.799999237060547 -17.200000762939453 0
      vertex 13.799999237060547 -17.174335479736328 -0.39157772064208984
    endloop
  endfacet
  facet normal 0 -0.8314673242995249 -0.5555736572428436
    outer loop
      vertex 10.199999809265137 -16.580059051513672 -1.8262834548950195
      vertex 13.799999237060547 -16.798076629638672 -1.5
      vertex 10.199999809265137 -16.798076629638672 -1.5
    endloop
  endfacet
  facet normal 0 -0.8314673242995249 -0.5555736572428436
    outer loop
      vertex 13.799999237060547 -16.798076629638672 -1.5
      vertex 10.199999809265137 -16.580059051513672 -1.8262834548950195
      vertex 13.799999237060547 -16.580059051513672 -1.8262834548950195
    endloop
  endfacet
  facet normal 0 -0.9978589359727985 0.0654029349435823
    outer loop
      vertex 10.199999809265137 -17.200000762939453 0
      vertex 13.799999237060547 -17.174335479736328 0.39157772064208984
      vertex 10.199999809265137 -17.174335479736328 0.39157772064208984
    endloop
  endfacet
  facet normal 0 -0.9978589359727985 0.0654029349435823
    outer loop
      vertex 13.799999237060547 -17.174335479736328 0.39157772064208984
      vertex 10.199999809265137 -17.200000762939453 0
      vertex 13.799999237060547 -17.200000762939453 0
    endloop
  endfacet
  facet normal 0 0.946930111583714 -0.32143951806841525
    outer loop
      vertex 13.799999237060547 -11.428360939025879 -1.1480493545532227
      vertex 10.199999809265137 -11.30222225189209 -0.7764568328857422
      vertex 13.799999237060547 -11.30222225189209 -0.7764568328857422
    endloop
  endfacet
  facet normal 0 0.946930111583714 -0.32143951806841525
    outer loop
      vertex 10.199999809265137 -11.30222225189209 -0.7764568328857422
      vertex 13.799999237060547 -11.428360939025879 -1.1480493545532227
      vertex 10.199999809265137 -11.428360939025879 -1.1480493545532227
    endloop
  endfacet
  facet normal 0 0.65934519087334 -0.7518403549106677
    outer loop
      vertex 10.199999809265137 -12.3737154006958 -2.380059242248535
      vertex 13.799999237060547 -12.078679084777832 -2.1213197708129883
      vertex 13.799999237060547 -12.3737154006958 -2.380059242248535
    endloop
  endfacet
  facet normal 0 0.65934519087334 -0.7518403549106677
    outer loop
      vertex 13.799999237060547 -12.078679084777832 -2.1213197708129883
      vertex 10.199999809265137 -12.3737154006958 -2.380059242248535
      vertex 10.199999809265137 -12.078679084777832 -2.1213197708129883
    endloop
  endfacet
  facet normal 0 0.32143951806841525 -0.946930111583714
    outer loop
      vertex 10.199999809265137 -13.423542022705078 -2.8977766036987305
      vertex 13.799999237060547 -13.051949501037598 -2.7716379165649414
      vertex 13.799999237060547 -13.423542022705078 -2.8977766036987305
    endloop
  endfacet
  facet normal 0 0.32143951806841525 -0.946930111583714
    outer loop
      vertex 13.799999237060547 -13.051949501037598 -2.7716379165649414
      vertex 10.199999809265137 -13.423542022705078 -2.8977766036987305
      vertex 10.199999809265137 -13.051949501037598 -2.7716379165649414
    endloop
  endfacet
  facet normal 0 0.5555708544893759 0.8314691970493823
    outer loop
      vertex 10.199999809265137 -12.3737154006958 2.380059242248535
      vertex 13.799999237060547 -12.699999809265137 2.5980758666992188
      vertex 13.799999237060547 -12.3737154006958 2.380059242248535
    endloop
  endfacet
  facet normal 0 0.5555708544893759 0.8314691970493823
    outer loop
      vertex 13.799999237060547 -12.699999809265137 2.5980758666992188
      vertex 10.199999809265137 -12.3737154006958 2.380059242248535
      vertex 10.199999809265137 -12.699999809265137 2.5980758666992188
    endloop
  endfacet
  facet normal 0 -0.1950906498792374 0.9807852151871463
    outer loop
      vertex 10.199999809265137 -14.591578483581543 2.9743337631225586
      vertex 13.799999237060547 -14.976456642150879 2.8977766036987305
      vertex 13.799999237060547 -14.591578483581543 2.9743337631225586
    endloop
  endfacet
  facet normal 0 -0.1950906498792374 0.9807852151871463
    outer loop
      vertex 13.799999237060547 -14.976456642150879 2.8977766036987305
      vertex 10.199999809265137 -14.591578483581543 2.9743337631225586
      vertex 10.199999809265137 -14.976456642150879 2.8977766036987305
    endloop
  endfacet
  facet normal 0 0.1950901848716038 0.9807853076829626
    outer loop
      vertex 18.399999618530273 -13.423542022705078 2.8977766036987305
      vertex 22 -13.80842113494873 2.9743337631225586
      vertex 22 -13.423542022705078 2.8977766036987305
    endloop
  endfacet
  facet normal 0 0.1950901848716038 0.9807853076829626
    outer loop
      vertex 22 -13.80842113494873 2.9743337631225586
      vertex 18.399999618530273 -13.423542022705078 2.8977766036987305
      vertex 18.399999618530273 -13.80842113494873 2.9743337631225586
    endloop
  endfacet
  facet normal 0 0.06540519618852311 -0.9978587877608439
    outer loop
      vertex 18.399999618530273 -14.199999809265137 -3
      vertex 22 -13.80842113494873 -2.9743337631225586
      vertex 22 -14.199999809265137 -3
    endloop
  endfacet
  facet normal 0 0.06540519618852311 -0.9978587877608439
    outer loop
      vertex 22 -13.80842113494873 -2.9743337631225586
      vertex 18.399999618530273 -14.199999809265137 -3
      vertex 18.399999618530273 -13.80842113494873 -2.9743337631225586
    endloop
  endfacet
  facet normal 0 0.7518403549106677 -0.65934519087334
    outer loop
      vertex 22 -12.078679084777832 -2.1213197708129883
      vertex 18.399999618530273 -11.819939613342285 -1.8262834548950195
      vertex 22 -11.819939613342285 -1.8262834548950195
    endloop
  endfacet
  facet normal 0 0.7518403549106677 -0.65934519087334
    outer loop
      vertex 18.399999618530273 -11.819939613342285 -1.8262834548950195
      vertex 22 -12.078679084777832 -2.1213197708129883
      vertex 18.399999618530273 -12.078679084777832 -2.1213197708129883
    endloop
  endfacet
  facet normal 0 -0.06540519618852311 -0.9978587877608439
    outer loop
      vertex 18.399999618530273 -14.591578483581543 -2.9743337631225586
      vertex 22 -14.199999809265137 -3
      vertex 22 -14.591578483581543 -2.9743337631225586
    endloop
  endfacet
  facet normal 0 -0.06540519618852311 -0.9978587877608439
    outer loop
      vertex 22 -14.199999809265137 -3
      vertex 18.399999618530273 -14.591578483581543 -2.9743337631225586
      vertex 18.399999618530273 -14.199999809265137 -3
    endloop
  endfacet
  facet normal 0 -0.9807853076829626 0.1950901848716038
    outer loop
      vertex 18.399999618530273 -17.174335479736328 0.39157772064208984
      vertex 22 -17.0977783203125 0.7764568328857422
      vertex 18.399999618530273 -17.0977783203125 0.7764568328857422
    endloop
  endfacet
  facet normal 0 -0.9807853076829626 0.1950901848716038
    outer loop
      vertex 22 -17.0977783203125 0.7764568328857422
      vertex 18.399999618530273 -17.174335479736328 0.39157772064208984
      vertex 22 -17.174335479736328 0.39157772064208984
    endloop
  endfacet
  facet normal 0 -0.9469286321329886 0.3214438763559621
    outer loop
      vertex 18.399999618530273 -17.0977783203125 0.7764568328857422
      vertex 22 -16.971637725830078 1.1480493545532227
      vertex 18.399999618530273 -16.971637725830078 1.1480493545532227
    endloop
  endfacet
  facet normal 0 -0.9469286321329886 0.3214438763559621
    outer loop
      vertex 22 -16.971637725830078 1.1480493545532227
      vertex 18.399999618530273 -17.0977783203125 0.7764568328857422
      vertex 22 -17.0977783203125 0.7764568328857422
    endloop
  endfacet
  facet normal 0 -0.5555719771183086 -0.8314684469304015
    outer loop
      vertex 18.399999618530273 -16.026283264160156 -2.380059242248535
      vertex 22 -15.699999809265137 -2.5980758666992188
      vertex 22 -16.026283264160156 -2.380059242248535
    endloop
  endfacet
  facet normal 0 -0.5555719771183086 -0.8314684469304015
    outer loop
      vertex 22 -15.699999809265137 -2.5980758666992188
      vertex 18.399999618530273 -16.026283264160156 -2.380059242248535
      vertex 18.399999618530273 -15.699999809265137 -2.5980758666992188
    endloop
  endfacet
  facet normal 0 0.5555708544893759 -0.8314691970493824
    outer loop
      vertex 18.399999618530273 -12.699999809265137 -2.5980758666992188
      vertex 22 -12.3737154006958 -2.380059242248535
      vertex 22 -12.699999809265137 -2.5980758666992188
    endloop
  endfacet
  facet normal 0 0.5555708544893759 -0.8314691970493824
    outer loop
      vertex 22 -12.3737154006958 -2.380059242248535
      vertex 18.399999618530273 -12.699999809265137 -2.5980758666992188
      vertex 18.399999618530273 -12.3737154006958 -2.380059242248535
    endloop
  endfacet
  facet normal 0 -0.3214387783485159 0.9469303626845079
    outer loop
      vertex 18.399999618530273 -14.976456642150879 2.8977766036987305
      vertex 22 -15.348050117492676 2.7716379165649414
      vertex 22 -14.976456642150879 2.8977766036987305
    endloop
  endfacet
  facet normal 0 -0.3214387783485159 0.9469303626845079
    outer loop
      vertex 22 -15.348050117492676 2.7716379165649414
      vertex 18.399999618530273 -14.976456642150879 2.8977766036987305
      vertex 18.399999618530273 -15.348050117492676 2.7716379165649414
    endloop
  endfacet
  facet normal 0 0.06540519618852311 0.9978587877608439
    outer loop
      vertex 18.399999618530273 -13.80842113494873 2.9743337631225586
      vertex 22 -14.199999809265137 3
      vertex 22 -13.80842113494873 2.9743337631225586
    endloop
  endfacet
  facet normal 0 0.06540519618852311 0.9978587877608439
    outer loop
      vertex 22 -14.199999809265137 3
      vertex 18.399999618530273 -13.80842113494873 2.9743337631225586
      vertex 18.399999618530273 -14.199999809265137 3
    endloop
  endfacet
  facet normal 0 -0.44228754355527067 0.8968733070037509
    outer loop
      vertex 18.399999618530273 -15.348050117492676 2.7716379165649414
      vertex 22 -15.54167366027832 2.6761536598205566
      vertex 22 -15.348050117492676 2.7716379165649414
    endloop
  endfacet
  facet normal 0 -0.44228754355527067 0.8968733070037509
    outer loop
      vertex 22 -15.54167366027832 2.6761536598205566
      vertex 18.399999618530273 -15.348050117492676 2.7716379165649414
      vertex 18.399999618530273 -15.54167366027832 2.6761536598205566
    endloop
  endfacet
  facet normal 0 -0.8968745153639197 -0.44228509322690734
    outer loop
      vertex 18.399999618530273 -16.798076629638672 -1.5
      vertex 22 -16.971637725830078 -1.1480493545532227
      vertex 18.399999618530273 -16.971637725830078 -1.1480493545532227
    endloop
  endfacet
  facet normal 0 -0.8968745153639197 -0.44228509322690734
    outer loop
      vertex 22 -16.971637725830078 -1.1480493545532227
      vertex 18.399999618530273 -16.798076629638672 -1.5
      vertex 22 -16.798076629638672 -1.5
    endloop
  endfacet
  facet normal 0 -0.1950906498792374 -0.9807852151871463
    outer loop
      vertex 18.399999618530273 -14.976456642150879 -2.8977766036987305
      vertex 22 -14.591578483581543 -2.9743337631225586
      vertex 22 -14.976456642150879 -2.8977766036987305
    endloop
  endfacet
  facet normal 0 -0.1950906498792374 -0.9807852151871463
    outer loop
      vertex 22 -14.591578483581543 -2.9743337631225586
      vertex 18.399999618530273 -14.976456642150879 -2.8977766036987305
      vertex 18.399999618530273 -14.591578483581543 -2.9743337631225586
    endloop
  endfacet
  facet normal 0 0.9807853076829626 -0.1950901848716038
    outer loop
      vertex 22 -11.30222225189209 -0.7764568328857422
      vertex 18.399999618530273 -11.225665092468262 -0.39157772064208984
      vertex 22 -11.225665092468262 -0.39157772064208984
    endloop
  endfacet
  facet normal 0 0.9807853076829626 -0.1950901848716038
    outer loop
      vertex 18.399999618530273 -11.225665092468262 -0.39157772064208984
      vertex 22 -11.30222225189209 -0.7764568328857422
      vertex 18.399999618530273 -11.30222225189209 -0.7764568328857422
    endloop
  endfacet
  facet normal 0 -0.7518403549106677 -0.65934519087334
    outer loop
      vertex 18.399999618530273 -16.321319580078125 -2.1213197708129883
      vertex 22 -16.580059051513672 -1.8262834548950195
      vertex 18.399999618530273 -16.580059051513672 -1.8262834548950195
    endloop
  endfacet
  facet normal 0 -0.7518403549106677 -0.65934519087334
    outer loop
      vertex 22 -16.580059051513672 -1.8262834548950195
      vertex 18.399999618530273 -16.321319580078125 -2.1213197708129883
      vertex 22 -16.321319580078125 -2.1213197708129883
    endloop
  endfacet
  facet normal 0 0.32143951806841525 0.9469301115837141
    outer loop
      vertex 18.399999618530273 -13.051949501037598 2.7716379165649414
      vertex 22 -13.423542022705078 2.8977766036987305
      vertex 22 -13.051949501037598 2.7716379165649414
    endloop
  endfacet
  facet normal 0 0.32143951806841525 0.9469301115837141
    outer loop
      vertex 22 -13.423542022705078 2.8977766036987305
      vertex 18.399999618530273 -13.051949501037598 2.7716379165649414
      vertex 18.399999618530273 -13.423542022705078 2.8977766036987305
    endloop
  endfacet
  facet normal -1 0 0
    outer loop
      vertex 18.399999618530273 -11.699999809265137 0
      vertex 18.399999618530273 -11.225665092468262 -0.39157772064208984
      vertex 18.399999618530273 -11.30222225189209 -0.7764568328857422
    endloop
  endfacet
  facet normal -1 0 0
    outer loop
      vertex 18.399999618530273 -11.699999809265137 0
      vertex 18.399999618530273 -11.30222225189209 -0.7764568328857422
      vertex 18.399999618530273 -11.428360939025879 -1.1480493545532227
    endloop
  endfacet
  facet normal -1 0 0
    outer loop
      vertex 18.399999618530273 -13.137537956237793 -0.44008541107177734
      vertex 18.399999618530273 -11.428360939025879 -1.1480493545532227
      vertex 18.399999618530273 -11.601922988891602 -1.5
    endloop
  endfacet
  facet normal -1 0 0
    outer loop
      vertex 18.399999618530273 -11.225665092468262 -0.39157772064208984
      vertex 18.399999618530273 -11.699999809265137 0
      vertex 18.399999618530273 -11.199999809265137 0
    endloop
  endfacet
  facet normal -1 0 0
    outer loop
      vertex 18.399999618530273 -13.204070091247559 -0.5749998092651367
      vertex 18.399999618530273 -11.601922988891602 -1.5
      vertex 18.399999618530273 -11.819939613342285 -1.8262834548950195
    endloop
  endfacet
  facet normal -1 0 0
    outer loop
      vertex 18.399999618530273 -11.428360939025879 -1.1480493545532227
      vertex 18.399999618530273 -13.137537956237793 -0.44008541107177734
      vertex 18.399999618530273 -11.699999809265137 0
    endloop
  endfacet
  facet normal -1 0 0
    outer loop
      vertex 18.399999618530273 -13.05983829498291 0.15010452270507812
      vertex 18.399999618530273 -11.699999809265137 0
      vertex 18.399999618530273 -13.049999237060547 0
    endloop
  endfacet
  facet normal -1 0 0
    outer loop
      vertex 18.399999618530273 -13.287643432617188 -0.7000751495361328
      vertex 18.399999618530273 -11.819939613342285 -1.8262834548950195
      vertex 18.399999618530273 -12.078679084777832 -2.1213197708129883
    endloop
  endfacet
  facet normal -1 0 0
    outer loop
      vertex 18.399999618530273 -13.089184761047363 0.2976417541503906
      vertex 18.399999618530273 -11.699999809265137 0
      vertex 18.399999618530273 -13.05983829498291 0.15010452270507812
    endloop
  endfacet
  facet normal -1 0 0
    outer loop
      vertex 18.399999618530273 -13.386826515197754 -0.8131723403930664
      vertex 18.399999618530273 -12.078679084777832 -2.1213197708129883
      vertex 18.399999618530273 -12.3737154006958 -2.380059242248535
    endloop
  endfacet
  facet normal -1 0 0
    outer loop
      vertex 18.399999618530273 -13.137537956237793 0.44008541107177734
      vertex 18.399999618530273 -11.699999809265137 0
      vertex 18.399999618530273 -13.089184761047363 0.2976417541503906
    endloop
  endfacet
  facet normal -1 0 0
    outer loop
      vertex 18.399999618530273 -13.499923706054688 -0.9123554229736328
      vertex 18.399999618530273 -12.3737154006958 -2.380059242248535
      vertex 18.399999618530273 -12.699999809265137 -2.5980758666992188
    endloop
  endfacet
  facet normal -1 0 0
    outer loop
      vertex 18.399999618530273 -11.699999809265137 0
      vertex 18.399999618530273 -13.137537956237793 0.44008541107177734
      vertex 18.399999618530273 -11.699999809265137 1.6467816829681396
    endloop
  endfacet
  facet normal -1 0 0
    outer loop
      vertex 18.399999618530273 -13.204070091247559 0.5749998092651367
      vertex 18.399999618530273 -11.699999809265137 1.6467816829681396
      vertex 18.399999618530273 -13.137537956237793 0.44008541107177734
    endloop
  endfacet
  facet normal -1 0 0
    outer loop
      vertex 18.399999618530273 -13.625 -0.9959287643432617
      vertex 18.399999618530273 -12.699999809265137 -2.5980758666992188
      vertex 18.399999618530273 -13.051949501037598 -2.7716379165649414
    endloop
  endfacet
  facet normal -1 0 0
    outer loop
      vertex 18.399999618530273 -11.699999809265137 0
      vertex 18.399999618530273 -13.05983829498291 -0.15010452270507812
      vertex 18.399999618530273 -13.049999237060547 0
    endloop
  endfacet
  facet normal -1 0 0
    outer loop
      vertex 18.399999618530273 -11.699999809265137 0
      vertex 18.399999618530273 -13.089184761047363 -0.2976417541503906
      vertex 18.399999618530273 -13.05983829498291 -0.15010452270507812
    endloop
  endfacet
  facet normal -1 0 0
    outer loop
      vertex 18.399999618530273 -11.699999809265137 0
      vertex 18.399999618530273 -13.137537956237793 -0.44008541107177734
      vertex 18.399999618530273 -13.089184761047363 -0.2976417541503906
    endloop
  endfacet
  facet normal -1 0 0
    outer loop
      vertex 18.399999618530273 -11.601922988891602 -1.5
      vertex 18.399999618530273 -13.204070091247559 -0.5749998092651367
      vertex 18.399999618530273 -13.137537956237793 -0.44008541107177734
    endloop
  endfacet
  facet normal -1 0 0
    outer loop
      vertex 18.399999618530273 -11.819939613342285 -1.8262834548950195
      vertex 18.399999618530273 -13.287643432617188 -0.7000751495361328
      vertex 18.399999618530273 -13.204070091247559 -0.5749998092651367
    endloop
  endfacet
  facet normal -1 0 0
    outer loop
      vertex 18.399999618530273 -12.078679084777832 -2.1213197708129883
      vertex 18.399999618530273 -13.386826515197754 -0.8131723403930664
      vertex 18.399999618530273 -13.287643432617188 -0.7000751495361328
    endloop
  endfacet
  facet normal -1 0 0
    outer loop
      vertex 18.399999618530273 -13.759913444519043 -1.0624608993530273
      vertex 18.399999618530273 -13.051949501037598 -2.7716379165649414
      vertex 18.399999618530273 -13.423542022705078 -2.8977766036987305
    endloop
  endfacet
  facet normal -1 0 0
    outer loop
      vertex 18.399999618530273 -12.3737154006958 -2.380059242248535
      vertex 18.399999618530273 -13.499923706054688 -0.9123554229736328
      vertex 18.399999618530273 -13.386826515197754 -0.8131723403930664
    endloop
  endfacet
  facet normal -1 0 0
    outer loop
      vertex 18.399999618530273 -12.699999809265137 -2.5980758666992188
      vertex 18.399999618530273 -13.625 -0.9959287643432617
      vertex 18.399999618530273 -13.499923706054688 -0.9123554229736328
    endloop
  endfacet
  facet normal -1 0 0
    outer loop
      vertex 18.399999618530273 -13.051949501037598 -2.7716379165649414
      vertex 18.399999618530273 -13.759913444519043 -1.0624608993530273
      vertex 18.399999618530273 -13.625 -0.9959287643432617
    endloop
  endfacet
  facet normal -1 0 0
    outer loop
      vertex 18.399999618530273 -13.902358055114746 -1.110814094543457
      vertex 18.399999618530273 -13.423542022705078 -2.8977766036987305
      vertex 18.399999618530273 -13.80842113494873 -2.9743337631225586
    endloop
  endfacet
  facet normal -1 0 0
    outer loop
      vertex 18.399999618530273 -13.423542022705078 -2.8977766036987305
      vertex 18.399999618530273 -13.902358055114746 -1.110814094543457
      vertex 18.399999618530273 -13.759913444519043 -1.0624608993530273
    endloop
  endfacet
  facet normal -1 0 0
    outer loop
      vertex 18.399999618530273 -13.80842113494873 -2.9743337631225586
      vertex 18.399999618530273 -14.049894332885742 -1.1401615142822266
      vertex 18.399999618530273 -13.902358055114746 -1.110814094543457
    endloop
  endfacet
  facet normal -1 0 0
    outer loop
      vertex 18.399999618530273 -14.199999809265137 -3
      vertex 18.399999618530273 -14.049894332885742 -1.1401615142822266
      vertex 18.399999618530273 -13.80842113494873 -2.9743337631225586
    endloop
  endfacet
  facet normal -1 0 0
    outer loop
      vertex 18.399999618530273 -14.199999809265137 -3
      vertex 18.399999618530273 -14.199999809265137 -1.1499996185302734
      vertex 18.399999618530273 -14.049894332885742 -1.1401615142822266
    endloop
  endfacet
  facet normal -1 0 0
    outer loop
      vertex 18.399999618530273 -14.199999809265137 -3
      vertex 18.399999618530273 -14.350104331970215 -1.1401615142822266
      vertex 18.399999618530273 -14.199999809265137 -1.1499996185302734
    endloop
  endfacet
  facet normal -1 0 0
    outer loop
      vertex 18.399999618530273 -14.591578483581543 -2.9743337631225586
      vertex 18.399999618530273 -14.350104331970215 -1.1401615142822266
      vertex 18.399999618530273 -14.199999809265137 -3
    endloop
  endfacet
  facet normal -1 0 0
    outer loop
      vertex 18.399999618530273 -14.350104331970215 -1.1401615142822266
      vertex 18.399999618530273 -14.591578483581543 -2.9743337631225586
      vertex 18.399999618530273 -14.497641563415527 -1.110814094543457
    endloop
  endfacet
  facet normal -1 0 0
    outer loop
      vertex 18.399999618530273 -14.976456642150879 -2.8977766036987305
      vertex 18.399999618530273 -14.497641563415527 -1.110814094543457
      vertex 18.399999618530273 -14.591578483581543 -2.9743337631225586
    endloop
  endfacet
  facet normal -1 0 0
    outer loop
      vertex 18.399999618530273 -14.497641563415527 -1.110814094543457
      vertex 18.399999618530273 -14.976456642150879 -2.8977766036987305
      vertex 18.399999618530273 -14.640085220336914 -1.0624608993530273
    endloop
  endfacet
  facet normal -1 0 0
    outer loop
      vertex 18.399999618530273 -15.348050117492676 -2.7716379165649414
      vertex 18.399999618530273 -14.640085220336914 -1.0624608993530273
      vertex 18.399999618530273 -14.976456642150879 -2.8977766036987305
    endloop
  endfacet
  facet normal -1 0 0
    outer loop
      vertex 18.399999618530273 -14.640085220336914 -1.0624608993530273
      vertex 18.399999618530273 -15.348050117492676 -2.7716379165649414
      vertex 18.399999618530273 -14.774999618530273 -0.9959287643432617
    endloop
  endfacet
  facet normal -1 0 0
    outer loop
      vertex 18.399999618530273 -15.699999809265137 -2.5980758666992188
      vertex 18.399999618530273 -14.774999618530273 -0.9959287643432617
      vertex 18.399999618530273 -15.348050117492676 -2.7716379165649414
    endloop
  endfacet
  facet normal -1 0 0
    outer loop
      vertex 18.399999618530273 -14.774999618530273 -0.9959287643432617
      vertex 18.399999618530273 -15.699999809265137 -2.5980758666992188
      vertex 18.399999618530273 -14.90007495880127 -0.9123554229736328
    endloop
  endfacet
  facet normal -1 0 0
    outer loop
      vertex 18.399999618530273 -16.026283264160156 -2.380059242248535
      vertex 18.399999618530273 -14.90007495880127 -0.9123554229736328
      vertex 18.399999618530273 -15.699999809265137 -2.5980758666992188
    endloop
  endfacet
  facet normal -1 0 0
    outer loop
      vertex 18.399999618530273 -14.90007495880127 -0.9123554229736328
      vertex 18.399999618530273 -16.026283264160156 -2.380059242248535
      vertex 18.399999618530273 -15.013172149658203 -0.8131723403930664
    endloop
  endfacet
  facet normal -1 0 0
    outer loop
      vertex 18.399999618530273 -16.321319580078125 -2.1213197708129883
      vertex 18.399999618530273 -15.013172149658203 -0.8131723403930664
      vertex 18.399999618530273 -16.026283264160156 -2.380059242248535
    endloop
  endfacet
  facet normal -1 0 0
    outer loop
      vertex 18.399999618530273 -15.013172149658203 -0.8131723403930664
      vertex 18.399999618530273 -16.321319580078125 -2.1213197708129883
      vertex 18.399999618530273 -15.112356185913086 -0.7000751495361328
    endloop
  endfacet
  facet normal -1 0 0
    outer loop
      vertex 18.399999618530273 -16.580059051513672 -1.8262834548950195
      vertex 18.399999618530273 -15.112356185913086 -0.7000751495361328
      vertex 18.399999618530273 -16.321319580078125 -2.1213197708129883
    endloop
  endfacet
  facet normal -1 0 0
    outer loop
      vertex 18.399999618530273 -15.112356185913086 -0.7000751495361328
      vertex 18.399999618530273 -16.580059051513672 -1.8262834548950195
      vertex 18.399999618530273 -15.195928573608398 -0.5749998092651367
    endloop
  endfacet
  facet normal -1 0 0
    outer loop
      vertex 18.399999618530273 -16.798076629638672 -1.5
      vertex 18.399999618530273 -15.195928573608398 -0.5749998092651367
      vertex 18.399999618530273 -16.580059051513672 -1.8262834548950195
    endloop
  endfacet
  facet normal -1 0 0
    outer loop
      vertex 18.399999618530273 -15.195928573608398 -0.5749998092651367
      vertex 18.399999618530273 -16.798076629638672 -1.5
      vertex 18.399999618530273 -15.262460708618164 -0.44008541107177734
    endloop
  endfacet
  facet normal -1 0 0
    outer loop
      vertex 18.399999618530273 -16.971637725830078 -1.1480493545532227
      vertex 18.399999618530273 -15.262460708618164 -0.44008541107177734
      vertex 18.399999618530273 -16.798076629638672 -1.5
    endloop
  endfacet
  facet normal -1 0 0
    outer loop
      vertex 18.399999618530273 -15.262460708618164 -0.44008541107177734
      vertex 18.399999618530273 -16.971637725830078 -1.1480493545532227
      vertex 18.399999618530273 -15.310813903808594 -0.2976417541503906
    endloop
  endfacet
  facet normal -1 0 0
    outer loop
      vertex 18.399999618530273 -15.34999942779541 0
      vertex 18.399999618530273 -16.36506462097168 1.2500001192092896
      vertex 18.399999618530273 -15.54167366027832 2.6761536598205566
    endloop
  endfacet
  facet normal -1 0 0
    outer loop
      vertex 18.399999618530273 -17.0977783203125 -0.7764568328857422
      vertex 18.399999618530273 -15.310813903808594 -0.2976417541503906
      vertex 18.399999618530273 -16.971637725830078 -1.1480493545532227
    endloop
  endfacet
  facet normal -1 0 0
    outer loop
      vertex 18.399999618530273 -15.310813903808594 -0.2976417541503906
      vertex 18.399999618530273 -17.0977783203125 -0.7764568328857422
      vertex 18.399999618530273 -15.340161323547363 -0.15010452270507812
    endloop
  endfacet
  facet normal -1 0 0
    outer loop
      vertex 18.399999618530273 -17.174335479736328 -0.39157772064208984
      vertex 18.399999618530273 -15.340161323547363 -0.15010452270507812
      vertex 18.399999618530273 -17.0977783203125 -0.7764568328857422
    endloop
  endfacet
  facet normal -1 0 0
    outer loop
      vertex 18.399999618530273 -15.340161323547363 -0.15010452270507812
      vertex 18.399999618530273 -17.174335479736328 -0.39157772064208984
      vertex 18.399999618530273 -15.34999942779541 0
    endloop
  endfacet
  facet normal -1 0 0
    outer loop
      vertex 18.399999618530273 -16.36506462097168 1.2500001192092896
      vertex 18.399999618530273 -16.971637725830078 1.1480493545532227
      vertex 18.399999618530273 -16.798076629638672 1.499999761581421
    endloop
  endfacet
  facet normal -1 0 0
    outer loop
      vertex 18.399999618530273 -17.200000762939453 0
      vertex 18.399999618530273 -15.34999942779541 0
      vertex 18.399999618530273 -17.174335479736328 -0.39157772064208984
    endloop
  endfacet
  facet normal -1 0 0
    outer loop
      vertex 18.399999618530273 -16.36506462097168 1.2500001192092896
      vertex 18.399999618530273 -17.0977783203125 0.7764568328857422
      vertex 18.399999618530273 -16.971637725830078 1.1480493545532227
    endloop
  endfacet
  facet normal -1 0 0
    outer loop
      vertex 18.399999618530273 -17.174335479736328 0.39157772064208984
      vertex 18.399999618530273 -15.34999942779541 0
      vertex 18.399999618530273 -17.200000762939453 0
    endloop
  endfacet
  facet normal -1 0 0
    outer loop
      vertex 18.399999618530273 -16.36506462097168 1.2500001192092896
      vertex 18.399999618530273 -17.174335479736328 0.39157772064208984
      vertex 18.399999618530273 -17.0977783203125 0.7764568328857422
    endloop
  endfacet
  facet normal -1 0 0
    outer loop
      vertex 18.399999618530273 -15.34999942779541 0
      vertex 18.399999618530273 -17.174335479736328 0.39157772064208984
      vertex 18.399999618530273 -16.36506462097168 1.2500001192092896
    endloop
  endfacet
  facet normal -1 0 0
    outer loop
      vertex 18.399999618530273 -13.287643432617188 0.7000751495361328
      vertex 18.399999618530273 -11.699999809265137 1.6467816829681396
      vertex 18.399999618530273 -13.204070091247559 0.5749998092651367
    endloop
  endfacet
  facet normal -1 0 0
    outer loop
      vertex 18.399999618530273 -11.699999809265137 1.6467816829681396
      vertex 18.399999618530273 -13.287643432617188 0.7000751495361328
      vertex 18.399999618530273 -11.819939613342285 1.8262834548950195
    endloop
  endfacet
  facet normal -1 0 0
    outer loop
      vertex 18.399999618530273 -11.819939613342285 1.8262834548950195
      vertex 18.399999618530273 -13.287643432617188 0.7000751495361328
      vertex 18.399999618530273 -12.078679084777832 2.1213197708129883
    endloop
  endfacet
  facet normal -1 0 0
    outer loop
      vertex 18.399999618530273 -13.386826515197754 0.8131723403930664
      vertex 18.399999618530273 -12.078679084777832 2.1213197708129883
      vertex 18.399999618530273 -13.287643432617188 0.7000751495361328
    endloop
  endfacet
  facet normal -1 0 0
    outer loop
      vertex 18.399999618530273 -12.078679084777832 2.1213197708129883
      vertex 18.399999618530273 -13.386826515197754 0.8131723403930664
      vertex 18.399999618530273 -12.3737154006958 2.380059242248535
    endloop
  endfacet
  facet normal -1 0 0
    outer loop
      vertex 18.399999618530273 -13.499923706054688 0.9123554229736328
      vertex 18.399999618530273 -12.3737154006958 2.380059242248535
      vertex 18.399999618530273 -13.386826515197754 0.8131723403930664
    endloop
  endfacet
  facet normal -1 0 0
    outer loop
      vertex 18.399999618530273 -12.3737154006958 2.380059242248535
      vertex 18.399999618530273 -13.499923706054688 0.9123554229736328
      vertex 18.399999618530273 -12.699999809265137 2.5980758666992188
    endloop
  endfacet
  facet normal -1 0 0
    outer loop
      vertex 18.399999618530273 -13.625 0.9959287643432617
      vertex 18.399999618530273 -12.699999809265137 2.5980758666992188
      vertex 18.399999618530273 -13.499923706054688 0.9123554229736328
    endloop
  endfacet
  facet normal -1 0 0
    outer loop
      vertex 18.399999618530273 -12.699999809265137 2.5980758666992188
      vertex 18.399999618530273 -13.625 0.9959287643432617
      vertex 18.399999618530273 -13.051949501037598 2.7716379165649414
    endloop
  endfacet
  facet normal -1 0 0
    outer loop
      vertex 18.399999618530273 -13.759913444519043 1.0624608993530273
      vertex 18.399999618530273 -13.051949501037598 2.7716379165649414
      vertex 18.399999618530273 -13.625 0.9959287643432617
    endloop
  endfacet
  facet normal -1 0 0
    outer loop
      vertex 18.399999618530273 -13.051949501037598 2.7716379165649414
      vertex 18.399999618530273 -13.759913444519043 1.0624608993530273
      vertex 18.399999618530273 -13.423542022705078 2.8977766036987305
    endloop
  endfacet
  facet normal -1 0 0
    outer loop
      vertex 18.399999618530273 -13.902358055114746 1.110814094543457
      vertex 18.399999618530273 -13.423542022705078 2.8977766036987305
      vertex 18.399999618530273 -13.759913444519043 1.0624608993530273
    endloop
  endfacet
  facet normal -1 0 0
    outer loop
      vertex 18.399999618530273 -13.423542022705078 2.8977766036987305
      vertex 18.399999618530273 -13.902358055114746 1.110814094543457
      vertex 18.399999618530273 -13.80842113494873 2.9743337631225586
    endloop
  endfacet
  facet normal -1 0 0
    outer loop
      vertex 18.399999618530273 -14.049894332885742 1.1401615142822266
      vertex 18.399999618530273 -13.80842113494873 2.9743337631225586
      vertex 18.399999618530273 -13.902358055114746 1.110814094543457
    endloop
  endfacet
  facet normal -1 0 0
    outer loop
      vertex 18.399999618530273 -14.199999809265137 1.1499996185302734
      vertex 18.399999618530273 -13.80842113494873 2.9743337631225586
      vertex 18.399999618530273 -14.049894332885742 1.1401615142822266
    endloop
  endfacet
  facet normal -1 0 0
    outer loop
      vertex 18.399999618530273 -14.199999809265137 1.1499996185302734
      vertex 18.399999618530273 -14.199999809265137 3
      vertex 18.399999618530273 -13.80842113494873 2.9743337631225586
    endloop
  endfacet
  facet normal -1 0 0
    outer loop
      vertex 18.399999618530273 -14.350104331970215 1.1401615142822266
      vertex 18.399999618530273 -14.199999809265137 3
      vertex 18.399999618530273 -14.199999809265137 1.1499996185302734
    endloop
  endfacet
  facet normal -1 0 0
    outer loop
      vertex 18.399999618530273 -14.591578483581543 2.9743337631225586
      vertex 18.399999618530273 -14.350104331970215 1.1401615142822266
      vertex 18.399999618530273 -14.497641563415527 1.110814094543457
    endloop
  endfacet
  facet normal -1 0 0
    outer loop
      vertex 18.399999618530273 -14.350104331970215 1.1401615142822266
      vertex 18.399999618530273 -14.591578483581543 2.9743337631225586
      vertex 18.399999618530273 -14.199999809265137 3
    endloop
  endfacet
  facet normal -1 0 0
    outer loop
      vertex 18.399999618530273 -14.976456642150879 2.8977766036987305
      vertex 18.399999618530273 -14.497641563415527 1.110814094543457
      vertex 18.399999618530273 -14.640085220336914 1.0624608993530273
    endloop
  endfacet
  facet normal -1 0 0
    outer loop
      vertex 18.399999618530273 -15.54167366027832 2.6761536598205566
      vertex 18.399999618530273 -14.640085220336914 1.0624608993530273
      vertex 18.399999618530273 -14.774999618530273 0.9959287643432617
    endloop
  endfacet
  facet normal -1 0 0
    outer loop
      vertex 18.399999618530273 -15.54167366027832 2.6761536598205566
      vertex 18.399999618530273 -14.774999618530273 0.9959287643432617
      vertex 18.399999618530273 -14.90007495880127 0.9123554229736328
    endloop
  endfacet
  facet normal -1 0 0
    outer loop
      vertex 18.399999618530273 -14.497641563415527 1.110814094543457
      vertex 18.399999618530273 -14.976456642150879 2.8977766036987305
      vertex 18.399999618530273 -14.591578483581543 2.9743337631225586
    endloop
  endfacet
  facet normal -1 0 0
    outer loop
      vertex 18.399999618530273 -15.54167366027832 2.6761536598205566
      vertex 18.399999618530273 -14.90007495880127 0.9123554229736328
      vertex 18.399999618530273 -15.013172149658203 0.8131723403930664
    endloop
  endfacet
  facet normal -1 0 0
    outer loop
      vertex 18.399999618530273 -15.54167366027832 2.6761536598205566
      vertex 18.399999618530273 -15.013172149658203 0.8131723403930664
      vertex 18.399999618530273 -15.112356185913086 0.7000751495361328
    endloop
  endfacet
  facet normal -1 0 0
    outer loop
      vertex 18.399999618530273 -15.54167366027832 2.6761536598205566
      vertex 18.399999618530273 -15.112356185913086 0.7000751495361328
      vertex 18.399999618530273 -15.195928573608398 0.5749998092651367
    endloop
  endfacet
  facet normal -1 0 0
    outer loop
      vertex 18.399999618530273 -15.54167366027832 2.6761536598205566
      vertex 18.399999618530273 -15.195928573608398 0.5749998092651367
      vertex 18.399999618530273 -15.262460708618164 0.44008541107177734
    endloop
  endfacet
  facet normal -1 0 0
    outer loop
      vertex 18.399999618530273 -15.54167366027832 2.6761536598205566
      vertex 18.399999618530273 -15.262460708618164 0.44008541107177734
      vertex 18.399999618530273 -15.310813903808594 0.2976417541503906
    endloop
  endfacet
  facet normal -1 0 0
    outer loop
      vertex 18.399999618530273 -15.54167366027832 2.6761536598205566
      vertex 18.399999618530273 -15.310813903808594 0.2976417541503906
      vertex 18.399999618530273 -15.340161323547363 0.15010452270507812
    endloop
  endfacet
  facet normal -1 0 0
    outer loop
      vertex 18.399999618530273 -14.640085220336914 1.0624608993530273
      vertex 18.399999618530273 -15.348050117492676 2.7716379165649414
      vertex 18.399999618530273 -14.976456642150879 2.8977766036987305
    endloop
  endfacet
  facet normal -1 0 0
    outer loop
      vertex 18.399999618530273 -15.54167366027832 2.6761536598205566
      vertex 18.399999618530273 -15.340161323547363 0.15010452270507812
      vertex 18.399999618530273 -15.34999942779541 0
    endloop
  endfacet
  facet normal -1 0 0
    outer loop
      vertex 18.399999618530273 -14.640085220336914 1.0624608993530273
      vertex 18.399999618530273 -15.54167366027832 2.6761536598205566
      vertex 18.399999618530273 -15.348050117492676 2.7716379165649414
    endloop
  endfacet
  facet normal 0 0.65934519087334 0.7518403549106677
    outer loop
      vertex 18.399999618530273 -12.078679084777832 2.1213197708129883
      vertex 22 -12.3737154006958 2.380059242248535
      vertex 22 -12.078679084777832 2.1213197708129883
    endloop
  endfacet
  facet normal 0 0.65934519087334 0.7518403549106677
    outer loop
      vertex 22 -12.3737154006958 2.380059242248535
      vertex 18.399999618530273 -12.078679084777832 2.1213197708129883
      vertex 18.399999618530273 -12.3737154006958 2.380059242248535
    endloop
  endfacet
  facet normal 0 0.7518403549106677 0.65934519087334
    outer loop
      vertex 22 -11.819939613342285 1.8262834548950195
      vertex 18.399999618530273 -12.078679084777832 2.1213197708129883
      vertex 22 -12.078679084777832 2.1213197708129883
    endloop
  endfacet
  facet normal 0 0.7518403549106677 0.65934519087334
    outer loop
      vertex 18.399999618530273 -12.078679084777832 2.1213197708129883
      vertex 22 -11.819939613342285 1.8262834548950195
      vertex 18.399999618530273 -11.819939613342285 1.8262834548950195
    endloop
  endfacet
  facet normal 0 -0.06540519618852311 0.9978587877608439
    outer loop
      vertex 18.399999618530273 -14.199999809265137 3
      vertex 22 -14.591578483581543 2.9743337631225586
      vertex 22 -14.199999809265137 3
    endloop
  endfacet
  facet normal 0 -0.06540519618852311 0.9978587877608439
    outer loop
      vertex 22 -14.591578483581543 2.9743337631225586
      vertex 18.399999618530273 -14.199999809265137 3
      vertex 18.399999618530273 -14.591578483581543 2.9743337631225586
    endloop
  endfacet
  facet normal 0 0.8968735513473842 -0.4422870480734554
    outer loop
      vertex 22 -11.601922988891602 -1.5
      vertex 18.399999618530273 -11.428360939025879 -1.1480493545532227
      vertex 22 -11.428360939025879 -1.1480493545532227
    endloop
  endfacet
  facet normal 0 0.8968735513473842 -0.4422870480734554
    outer loop
      vertex 18.399999618530273 -11.428360939025879 -1.1480493545532227
      vertex 22 -11.601922988891602 -1.5
      vertex 18.399999618530273 -11.601922988891602 -1.5
    endloop
  endfacet
  facet normal 0 0.831468425582249 0.55557200906793
    outer loop
      vertex 22 -11.699999809265137 1.6467816829681396
      vertex 18.399999618530273 -11.819939613342285 1.8262834548950195
      vertex 22 -11.819939613342285 1.8262834548950195
    endloop
  endfacet
  facet normal 0 0.831468425582249 0.55557200906793
    outer loop
      vertex 18.399999618530273 -11.819939613342285 1.8262834548950195
      vertex 22 -11.699999809265137 1.6467816829681396
      vertex 18.399999618530273 -11.699999809265137 1.6467816829681396
    endloop
  endfacet
  facet normal 0 -0.65934519087334 -0.7518403549106677
    outer loop
      vertex 18.399999618530273 -16.321319580078125 -2.1213197708129883
      vertex 22 -16.026283264160156 -2.380059242248535
      vertex 22 -16.321319580078125 -2.1213197708129883
    endloop
  endfacet
  facet normal 0 -0.65934519087334 -0.7518403549106677
    outer loop
      vertex 22 -16.026283264160156 -2.380059242248535
      vertex 18.399999618530273 -16.321319580078125 -2.1213197708129883
      vertex 18.399999618530273 -16.026283264160156 -2.380059242248535
    endloop
  endfacet
  facet normal 0 -0.8968743965150728 0.44228533423088306
    outer loop
      vertex 18.399999618530273 -16.971637725830078 1.1480493545532227
      vertex 22 -16.798076629638672 1.499999761581421
      vertex 18.399999618530273 -16.798076629638672 1.499999761581421
    endloop
  endfacet
  facet normal 0 -0.8968743965150728 0.44228533423088306
    outer loop
      vertex 22 -16.798076629638672 1.499999761581421
      vertex 18.399999618530273 -16.971637725830078 1.1480493545532227
      vertex 22 -16.971637725830078 1.1480493545532227
    endloop
  endfacet
  facet normal 0 -0.44228801209293084 -0.8968730759471395
    outer loop
      vertex 18.399999618530273 -15.699999809265137 -2.5980758666992188
      vertex 22 -15.348050117492676 -2.7716379165649414
      vertex 22 -15.699999809265137 -2.5980758666992188
    endloop
  endfacet
  facet normal 0 -0.44228801209293084 -0.8968730759471395
    outer loop
      vertex 22 -15.348050117492676 -2.7716379165649414
      vertex 18.399999618530273 -15.699999809265137 -2.5980758666992188
      vertex 18.399999618530273 -15.348050117492676 -2.7716379165649414
    endloop
  endfacet
  facet normal 0 -0.3214387783485159 -0.9469303626845079
    outer loop
      vertex 18.399999618530273 -15.348050117492676 -2.7716379165649414
      vertex 22 -14.976456642150879 -2.8977766036987305
      vertex 22 -15.348050117492676 -2.7716379165649414
    endloop
  endfacet
  facet normal 0 -0.3214387783485159 -0.9469303626845079
    outer loop
      vertex 22 -14.976456642150879 -2.8977766036987305
      vertex 18.399999618530273 -15.348050117492676 -2.7716379165649414
      vertex 18.399999618530273 -14.976456642150879 -2.8977766036987305
    endloop
  endfacet
  facet normal 0 0.1950901848716038 -0.9807853076829626
    outer loop
      vertex 18.399999618530273 -13.80842113494873 -2.9743337631225586
      vertex 22 -13.423542022705078 -2.8977766036987305
      vertex 22 -13.80842113494873 -2.9743337631225586
    endloop
  endfacet
  facet normal 0 0.1950901848716038 -0.9807853076829626
    outer loop
      vertex 22 -13.423542022705078 -2.8977766036987305
      vertex 18.399999618530273 -13.80842113494873 -2.9743337631225586
      vertex 18.399999618530273 -13.423542022705078 -2.8977766036987305
    endloop
  endfacet
  facet normal 0 0.9978589359727984 -0.0654029349435823
    outer loop
      vertex 22 -11.225665092468262 -0.39157772064208984
      vertex 18.399999618530273 -11.199999809265137 0
      vertex 22 -11.199999809265137 0
    endloop
  endfacet
  facet normal 0 0.9978589359727984 -0.0654029349435823
    outer loop
      vertex 18.399999618530273 -11.199999809265137 0
      vertex 22 -11.225665092468262 -0.39157772064208984
      vertex 18.399999618530273 -11.225665092468262 -0.39157772064208984
    endloop
  endfacet
  facet normal 0 0.44228801209293084 -0.8968730759471395
    outer loop
      vertex 18.399999618530273 -13.051949501037598 -2.7716379165649414
      vertex 22 -12.699999809265137 -2.5980758666992188
      vertex 22 -13.051949501037598 -2.7716379165649414
    endloop
  endfacet
  facet normal 0 0.44228801209293084 -0.8968730759471395
    outer loop
      vertex 22 -12.699999809265137 -2.5980758666992188
      vertex 18.399999618530273 -13.051949501037598 -2.7716379165649414
      vertex 18.399999618530273 -12.699999809265137 -2.5980758666992188
    endloop
  endfacet
  facet normal 0 -0.9978589359727984 -0.0654029349435823
    outer loop
      vertex 18.399999618530273 -17.174335479736328 -0.39157772064208984
      vertex 22 -17.200000762939453 0
      vertex 18.399999618530273 -17.200000762939453 0
    endloop
  endfacet
  facet normal 0 -0.9978589359727984 -0.0654029349435823
    outer loop
      vertex 22 -17.200000762939453 0
      vertex 18.399999618530273 -17.174335479736328 -0.39157772064208984
      vertex 22 -17.174335479736328 -0.39157772064208984
    endloop
  endfacet
  facet normal 0 0.8314684469304015 -0.5555719771183086
    outer loop
      vertex 22 -11.819939613342285 -1.8262834548950195
      vertex 18.399999618530273 -11.601922988891602 -1.5
      vertex 22 -11.601922988891602 -1.5
    endloop
  endfacet
  facet normal 0 0.8314684469304015 -0.5555719771183086
    outer loop
      vertex 18.399999618530273 -11.601922988891602 -1.5
      vertex 22 -11.819939613342285 -1.8262834548950195
      vertex 18.399999618530273 -11.819939613342285 -1.8262834548950195
    endloop
  endfacet
  facet normal 0 0.44228801209293084 0.8968730759471395
    outer loop
      vertex 18.399999618530273 -12.699999809265137 2.5980758666992188
      vertex 22 -13.051949501037598 2.7716379165649414
      vertex 22 -12.699999809265137 2.5980758666992188
    endloop
  endfacet
  facet normal 0 0.44228801209293084 0.8968730759471395
    outer loop
      vertex 22 -13.051949501037598 2.7716379165649414
      vertex 18.399999618530273 -12.699999809265137 2.5980758666992188
      vertex 18.399999618530273 -13.051949501037598 2.7716379165649414
    endloop
  endfacet
  facet normal 0 -0.9469286321329886 -0.3214438763559621
    outer loop
      vertex 18.399999618530273 -16.971637725830078 -1.1480493545532227
      vertex 22 -17.0977783203125 -0.7764568328857422
      vertex 18.399999618530273 -17.0977783203125 -0.7764568328857422
    endloop
  endfacet
  facet normal 0 -0.9469286321329886 -0.3214438763559621
    outer loop
      vertex 22 -17.0977783203125 -0.7764568328857422
      vertex 18.399999618530273 -16.971637725830078 -1.1480493545532227
      vertex 22 -16.971637725830078 -1.1480493545532227
    endloop
  endfacet
  facet normal 0 -0.831467324299525 -0.5555736572428436
    outer loop
      vertex 18.399999618530273 -16.580059051513672 -1.8262834548950195
      vertex 22 -16.798076629638672 -1.5
      vertex 18.399999618530273 -16.798076629638672 -1.5
    endloop
  endfacet
  facet normal 0 -0.831467324299525 -0.5555736572428436
    outer loop
      vertex 22 -16.798076629638672 -1.5
      vertex 18.399999618530273 -16.580059051513672 -1.8262834548950195
      vertex 22 -16.580059051513672 -1.8262834548950195
    endloop
  endfacet
  facet normal 1 0 0
    outer loop
      vertex 22 -13.287643432617188 0.7000751495361328
      vertex 22 -11.699999809265137 1.6467816829681396
      vertex 22 -11.819939613342285 1.8262834548950195
    endloop
  endfacet
  facet normal 1 0 0
    outer loop
      vertex 22 -11.699999809265137 0
      vertex 22 -11.225665092468262 -0.39157772064208984
      vertex 22 -11.199999809265137 0
    endloop
  endfacet
  facet normal 1 0 0
    outer loop
      vertex 22 -11.225665092468262 -0.39157772064208984
      vertex 22 -11.699999809265137 0
      vertex 22 -11.30222225189209 -0.7764568328857422
    endloop
  endfacet
  facet normal 1 0 0
    outer loop
      vertex 22 -11.30222225189209 -0.7764568328857422
      vertex 22 -11.699999809265137 0
      vertex 22 -11.428360939025879 -1.1480493545532227
    endloop
  endfacet
  facet normal 1 0 0
    outer loop
      vertex 22 -13.137537956237793 -0.44008541107177734
      vertex 22 -11.428360939025879 -1.1480493545532227
      vertex 22 -11.699999809265137 0
    endloop
  endfacet
  facet normal 1 0 0
    outer loop
      vertex 22 -11.699999809265137 1.6467816829681396
      vertex 22 -13.137537956237793 0.44008541107177734
      vertex 22 -11.699999809265137 0
    endloop
  endfacet
  facet normal 1 0 0
    outer loop
      vertex 22 -13.05983829498291 -0.15010452270507812
      vertex 22 -11.699999809265137 0
      vertex 22 -13.049999237060547 0
    endloop
  endfacet
  facet normal 1 0 0
    outer loop
      vertex 22 -13.287643432617188 0.7000751495361328
      vertex 22 -11.819939613342285 1.8262834548950195
      vertex 22 -12.078679084777832 2.1213197708129883
    endloop
  endfacet
  facet normal 1 0 0
    outer loop
      vertex 22 -13.089184761047363 -0.2976417541503906
      vertex 22 -11.699999809265137 0
      vertex 22 -13.05983829498291 -0.15010452270507812
    endloop
  endfacet
  facet normal 1 0 0
    outer loop
      vertex 22 -13.386826515197754 0.8131723403930664
      vertex 22 -12.078679084777832 2.1213197708129883
      vertex 22 -12.3737154006958 2.380059242248535
    endloop
  endfacet
  facet normal 1 0 0
    outer loop
      vertex 22 -13.137537956237793 -0.44008541107177734
      vertex 22 -11.699999809265137 0
      vertex 22 -13.089184761047363 -0.2976417541503906
    endloop
  endfacet
  facet normal 1 0 0
    outer loop
      vertex 22 -13.499923706054688 0.9123554229736328
      vertex 22 -12.3737154006958 2.380059242248535
      vertex 22 -12.699999809265137 2.5980758666992188
    endloop
  endfacet
  facet normal 1 0 0
    outer loop
      vertex 22 -11.428360939025879 -1.1480493545532227
      vertex 22 -13.137537956237793 -0.44008541107177734
      vertex 22 -11.601922988891602 -1.5
    endloop
  endfacet
  facet normal 1 0 0
    outer loop
      vertex 22 -13.204070091247559 -0.5749998092651367
      vertex 22 -11.601922988891602 -1.5
      vertex 22 -13.137537956237793 -0.44008541107177734
    endloop
  endfacet
  facet normal 1 0 0
    outer loop
      vertex 22 -13.625 0.9959287643432617
      vertex 22 -12.699999809265137 2.5980758666992188
      vertex 22 -13.051949501037598 2.7716379165649414
    endloop
  endfacet
  facet normal 1 0 0
    outer loop
      vertex 22 -11.699999809265137 0
      vertex 22 -13.05983829498291 0.15010452270507812
      vertex 22 -13.049999237060547 0
    endloop
  endfacet
  facet normal 1 0 0
    outer loop
      vertex 22 -11.699999809265137 0
      vertex 22 -13.089184761047363 0.2976417541503906
      vertex 22 -13.05983829498291 0.15010452270507812
    endloop
  endfacet
  facet normal 1 0 0
    outer loop
      vertex 22 -11.699999809265137 0
      vertex 22 -13.137537956237793 0.44008541107177734
      vertex 22 -13.089184761047363 0.2976417541503906
    endloop
  endfacet
  facet normal 1 0 0
    outer loop
      vertex 22 -11.699999809265137 1.6467816829681396
      vertex 22 -13.204070091247559 0.5749998092651367
      vertex 22 -13.137537956237793 0.44008541107177734
    endloop
  endfacet
  facet normal 1 0 0
    outer loop
      vertex 22 -11.699999809265137 1.6467816829681396
      vertex 22 -13.287643432617188 0.7000751495361328
      vertex 22 -13.204070091247559 0.5749998092651367
    endloop
  endfacet
  facet normal 1 0 0
    outer loop
      vertex 22 -12.078679084777832 2.1213197708129883
      vertex 22 -13.386826515197754 0.8131723403930664
      vertex 22 -13.287643432617188 0.7000751495361328
    endloop
  endfacet
  facet normal 1 0 0
    outer loop
      vertex 22 -13.759913444519043 1.0624608993530273
      vertex 22 -13.051949501037598 2.7716379165649414
      vertex 22 -13.423542022705078 2.8977766036987305
    endloop
  endfacet
  facet normal 1 0 0
    outer loop
      vertex 22 -12.3737154006958 2.380059242248535
      vertex 22 -13.499923706054688 0.9123554229736328
      vertex 22 -13.386826515197754 0.8131723403930664
    endloop
  endfacet
  facet normal 1 0 0
    outer loop
      vertex 22 -12.699999809265137 2.5980758666992188
      vertex 22 -13.625 0.9959287643432617
      vertex 22 -13.499923706054688 0.9123554229736328
    endloop
  endfacet
  facet normal 1 0 0
    outer loop
      vertex 22 -13.051949501037598 2.7716379165649414
      vertex 22 -13.759913444519043 1.0624608993530273
      vertex 22 -13.625 0.9959287643432617
    endloop
  endfacet
  facet normal 1 0 0
    outer loop
      vertex 22 -13.902358055114746 1.110814094543457
      vertex 22 -13.423542022705078 2.8977766036987305
      vertex 22 -13.80842113494873 2.9743337631225586
    endloop
  endfacet
  facet normal 1 0 0
    outer loop
      vertex 22 -13.423542022705078 2.8977766036987305
      vertex 22 -13.902358055114746 1.110814094543457
      vertex 22 -13.759913444519043 1.0624608993530273
    endloop
  endfacet
  facet normal 1 0 0
    outer loop
      vertex 22 -13.80842113494873 2.9743337631225586
      vertex 22 -14.049894332885742 1.1401615142822266
      vertex 22 -13.902358055114746 1.110814094543457
    endloop
  endfacet
  facet normal 1 0 0
    outer loop
      vertex 22 -14.199999809265137 3
      vertex 22 -14.049894332885742 1.1401615142822266
      vertex 22 -13.80842113494873 2.9743337631225586
    endloop
  endfacet
  facet normal 1 0 0
    outer loop
      vertex 22 -14.199999809265137 3
      vertex 22 -14.199999809265137 1.1499996185302734
      vertex 22 -14.049894332885742 1.1401615142822266
    endloop
  endfacet
  facet normal 1 0 0
    outer loop
      vertex 22 -14.199999809265137 3
      vertex 22 -14.350104331970215 1.1401615142822266
      vertex 22 -14.199999809265137 1.1499996185302734
    endloop
  endfacet
  facet normal 1 0 0
    outer loop
      vertex 22 -14.591578483581543 2.9743337631225586
      vertex 22 -14.350104331970215 1.1401615142822266
      vertex 22 -14.199999809265137 3
    endloop
  endfacet
  facet normal 1 0 0
    outer loop
      vertex 22 -14.350104331970215 1.1401615142822266
      vertex 22 -14.591578483581543 2.9743337631225586
      vertex 22 -14.497641563415527 1.110814094543457
    endloop
  endfacet
  facet normal 1 0 0
    outer loop
      vertex 22 -14.976456642150879 2.8977766036987305
      vertex 22 -14.497641563415527 1.110814094543457
      vertex 22 -14.591578483581543 2.9743337631225586
    endloop
  endfacet
  facet normal 1 0 0
    outer loop
      vertex 22 -14.497641563415527 1.110814094543457
      vertex 22 -14.976456642150879 2.8977766036987305
      vertex 22 -14.640085220336914 1.0624608993530273
    endloop
  endfacet
  facet normal 1 0 0
    outer loop
      vertex 22 -15.348050117492676 2.7716379165649414
      vertex 22 -14.640085220336914 1.0624608993530273
      vertex 22 -14.976456642150879 2.8977766036987305
    endloop
  endfacet
  facet normal 1 0 0
    outer loop
      vertex 22 -15.54167366027832 2.6761536598205566
      vertex 22 -14.640085220336914 1.0624608993530273
      vertex 22 -15.348050117492676 2.7716379165649414
    endloop
  endfacet
  facet normal 1 0 0
    outer loop
      vertex 22 -14.640085220336914 1.0624608993530273
      vertex 22 -15.54167366027832 2.6761536598205566
      vertex 22 -14.774999618530273 0.9959287643432617
    endloop
  endfacet
  facet normal 1 0 0
    outer loop
      vertex 22 -14.774999618530273 0.9959287643432617
      vertex 22 -15.54167366027832 2.6761536598205566
      vertex 22 -14.90007495880127 0.9123554229736328
    endloop
  endfacet
  facet normal 1 0 0
    outer loop
      vertex 22 -16.36506462097168 1.2500001192092896
      vertex 22 -14.90007495880127 0.9123554229736328
      vertex 22 -15.54167366027832 2.6761536598205566
    endloop
  endfacet
  facet normal 1 0 0
    outer loop
      vertex 22 -14.90007495880127 0.9123554229736328
      vertex 22 -16.36506462097168 1.2500001192092896
      vertex 22 -15.013172149658203 0.8131723403930664
    endloop
  endfacet
  facet normal 1 0 0
    outer loop
      vertex 22 -15.013172149658203 0.8131723403930664
      vertex 22 -16.36506462097168 1.2500001192092896
      vertex 22 -15.112356185913086 0.7000751495361328
    endloop
  endfacet
  facet normal 1 0 0
    outer loop
      vertex 22 -15.112356185913086 0.7000751495361328
      vertex 22 -16.36506462097168 1.2500001192092896
      vertex 22 -15.195928573608398 0.5749998092651367
    endloop
  endfacet
  facet normal 1 0 0
    outer loop
      vertex 22 -15.195928573608398 0.5749998092651367
      vertex 22 -16.36506462097168 1.2500001192092896
      vertex 22 -15.262460708618164 0.44008541107177734
    endloop
  endfacet
  facet normal 1 0 0
    outer loop
      vertex 22 -15.262460708618164 0.44008541107177734
      vertex 22 -16.36506462097168 1.2500001192092896
      vertex 22 -15.310813903808594 0.2976417541503906
    endloop
  endfacet
  facet normal 1 0 0
    outer loop
      vertex 22 -15.310813903808594 0.2976417541503906
      vertex 22 -16.36506462097168 1.2500001192092896
      vertex 22 -15.340161323547363 0.15010452270507812
    endloop
  endfacet
  facet normal 1 0 0
    outer loop
      vertex 22 -11.601922988891602 -1.5
      vertex 22 -13.204070091247559 -0.5749998092651367
      vertex 22 -11.819939613342285 -1.8262834548950195
    endloop
  endfacet
  facet normal 1 0 0
    outer loop
      vertex 22 -13.287643432617188 -0.7000751495361328
      vertex 22 -11.819939613342285 -1.8262834548950195
      vertex 22 -13.204070091247559 -0.5749998092651367
    endloop
  endfacet
  facet normal 1 0 0
    outer loop
      vertex 22 -11.819939613342285 -1.8262834548950195
      vertex 22 -13.287643432617188 -0.7000751495361328
      vertex 22 -12.078679084777832 -2.1213197708129883
    endloop
  endfacet
  facet normal 1 0 0
    outer loop
      vertex 22 -13.386826515197754 -0.8131723403930664
      vertex 22 -12.078679084777832 -2.1213197708129883
      vertex 22 -13.287643432617188 -0.7000751495361328
    endloop
  endfacet
  facet normal 1 0 0
    outer loop
      vertex 22 -12.078679084777832 -2.1213197708129883
      vertex 22 -13.386826515197754 -0.8131723403930664
      vertex 22 -12.3737154006958 -2.380059242248535
    endloop
  endfacet
  facet normal 1 0 0
    outer loop
      vertex 22 -13.499923706054688 -0.9123554229736328
      vertex 22 -12.3737154006958 -2.380059242248535
      vertex 22 -13.386826515197754 -0.8131723403930664
    endloop
  endfacet
  facet normal 1 0 0
    outer loop
      vertex 22 -12.3737154006958 -2.380059242248535
      vertex 22 -13.499923706054688 -0.9123554229736328
      vertex 22 -12.699999809265137 -2.5980758666992188
    endloop
  endfacet
  facet normal 1 0 0
    outer loop
      vertex 22 -13.625 -0.9959287643432617
      vertex 22 -12.699999809265137 -2.5980758666992188
      vertex 22 -13.499923706054688 -0.9123554229736328
    endloop
  endfacet
  facet normal 1 0 0
    outer loop
      vertex 22 -12.699999809265137 -2.5980758666992188
      vertex 22 -13.625 -0.9959287643432617
      vertex 22 -13.051949501037598 -2.7716379165649414
    endloop
  endfacet
  facet normal 1 0 0
    outer loop
      vertex 22 -13.759913444519043 -1.0624608993530273
      vertex 22 -13.051949501037598 -2.7716379165649414
      vertex 22 -13.625 -0.9959287643432617
    endloop
  endfacet
  facet normal 1 0 0
    outer loop
      vertex 22 -13.051949501037598 -2.7716379165649414
      vertex 22 -13.759913444519043 -1.0624608993530273
      vertex 22 -13.423542022705078 -2.8977766036987305
    endloop
  endfacet
  facet normal 1 0 0
    outer loop
      vertex 22 -13.902358055114746 -1.110814094543457
      vertex 22 -13.423542022705078 -2.8977766036987305
      vertex 22 -13.759913444519043 -1.0624608993530273
    endloop
  endfacet
  facet normal 1 0 0
    outer loop
      vertex 22 -13.423542022705078 -2.8977766036987305
      vertex 22 -13.902358055114746 -1.110814094543457
      vertex 22 -13.80842113494873 -2.9743337631225586
    endloop
  endfacet
  facet normal 1 0 0
    outer loop
      vertex 22 -14.049894332885742 -1.1401615142822266
      vertex 22 -13.80842113494873 -2.9743337631225586
      vertex 22 -13.902358055114746 -1.110814094543457
    endloop
  endfacet
  facet normal 1 0 0
    outer loop
      vertex 22 -14.199999809265137 -1.1499996185302734
      vertex 22 -13.80842113494873 -2.9743337631225586
      vertex 22 -14.049894332885742 -1.1401615142822266
    endloop
  endfacet
  facet normal 1 0 0
    outer loop
      vertex 22 -14.199999809265137 -1.1499996185302734
      vertex 22 -14.199999809265137 -3
      vertex 22 -13.80842113494873 -2.9743337631225586
    endloop
  endfacet
  facet normal 1 0 0
    outer loop
      vertex 22 -14.350104331970215 -1.1401615142822266
      vertex 22 -14.199999809265137 -3
      vertex 22 -14.199999809265137 -1.1499996185302734
    endloop
  endfacet
  facet normal 1 0 0
    outer loop
      vertex 22 -14.591578483581543 -2.9743337631225586
      vertex 22 -14.350104331970215 -1.1401615142822266
      vertex 22 -14.497641563415527 -1.110814094543457
    endloop
  endfacet
  facet normal 1 0 0
    outer loop
      vertex 22 -14.350104331970215 -1.1401615142822266
      vertex 22 -14.591578483581543 -2.9743337631225586
      vertex 22 -14.199999809265137 -3
    endloop
  endfacet
  facet normal 1 0 0
    outer loop
      vertex 22 -14.976456642150879 -2.8977766036987305
      vertex 22 -14.497641563415527 -1.110814094543457
      vertex 22 -14.640085220336914 -1.0624608993530273
    endloop
  endfacet
  facet normal 1 0 0
    outer loop
      vertex 22 -15.348050117492676 -2.7716379165649414
      vertex 22 -14.640085220336914 -1.0624608993530273
      vertex 22 -14.774999618530273 -0.9959287643432617
    endloop
  endfacet
  facet normal 1 0 0
    outer loop
      vertex 22 -15.699999809265137 -2.5980758666992188
      vertex 22 -14.774999618530273 -0.9959287643432617
      vertex 22 -14.90007495880127 -0.9123554229736328
    endloop
  endfacet
  facet normal 1 0 0
    outer loop
      vertex 22 -14.497641563415527 -1.110814094543457
      vertex 22 -14.976456642150879 -2.8977766036987305
      vertex 22 -14.591578483581543 -2.9743337631225586
    endloop
  endfacet
  facet normal 1 0 0
    outer loop
      vertex 22 -16.026283264160156 -2.380059242248535
      vertex 22 -14.90007495880127 -0.9123554229736328
      vertex 22 -15.013172149658203 -0.8131723403930664
    endloop
  endfacet
  facet normal 1 0 0
    outer loop
      vertex 22 -16.321319580078125 -2.1213197708129883
      vertex 22 -15.013172149658203 -0.8131723403930664
      vertex 22 -15.112356185913086 -0.7000751495361328
    endloop
  endfacet
  facet normal 1 0 0
    outer loop
      vertex 22 -16.580059051513672 -1.8262834548950195
      vertex 22 -15.112356185913086 -0.7000751495361328
      vertex 22 -15.195928573608398 -0.5749998092651367
    endloop
  endfacet
  facet normal 1 0 0
    outer loop
      vertex 22 -16.798076629638672 -1.5
      vertex 22 -15.195928573608398 -0.5749998092651367
      vertex 22 -15.262460708618164 -0.44008541107177734
    endloop
  endfacet
  facet normal 1 0 0
    outer loop
      vertex 22 -16.971637725830078 -1.1480493545532227
      vertex 22 -15.262460708618164 -0.44008541107177734
      vertex 22 -15.310813903808594 -0.2976417541503906
    endloop
  endfacet
  facet normal 1 0 0
    outer loop
      vertex 22 -17.0977783203125 -0.7764568328857422
      vertex 22 -15.310813903808594 -0.2976417541503906
      vertex 22 -15.340161323547363 -0.15010452270507812
    endloop
  endfacet
  facet normal 1 0 0
    outer loop
      vertex 22 -14.640085220336914 -1.0624608993530273
      vertex 22 -15.348050117492676 -2.7716379165649414
      vertex 22 -14.976456642150879 -2.8977766036987305
    endloop
  endfacet
  facet normal 1 0 0
    outer loop
      vertex 22 -17.174335479736328 -0.39157772064208984
      vertex 22 -15.340161323547363 -0.15010452270507812
      vertex 22 -15.34999942779541 0
    endloop
  endfacet
  facet normal 1 0 0
    outer loop
      vertex 22 -17.174335479736328 0.39157772064208984
      vertex 22 -15.340161323547363 0.15010452270507812
      vertex 22 -16.36506462097168 1.2500001192092896
    endloop
  endfacet
  facet normal 1 0 0
    outer loop
      vertex 22 -15.340161323547363 0.15010452270507812
      vertex 22 -17.174335479736328 0.39157772064208984
      vertex 22 -15.34999942779541 0
    endloop
  endfacet
  facet normal 1 0 0
    outer loop
      vertex 22 -14.774999618530273 -0.9959287643432617
      vertex 22 -15.699999809265137 -2.5980758666992188
      vertex 22 -15.348050117492676 -2.7716379165649414
    endloop
  endfacet
  facet normal 1 0 0
    outer loop
      vertex 22 -14.90007495880127 -0.9123554229736328
      vertex 22 -16.026283264160156 -2.380059242248535
      vertex 22 -15.699999809265137 -2.5980758666992188
    endloop
  endfacet
  facet normal 1 0 0
    outer loop
      vertex 22 -15.013172149658203 -0.8131723403930664
      vertex 22 -16.321319580078125 -2.1213197708129883
      vertex 22 -16.026283264160156 -2.380059242248535
    endloop
  endfacet
  facet normal 1 0 0
    outer loop
      vertex 22 -15.112356185913086 -0.7000751495361328
      vertex 22 -16.580059051513672 -1.8262834548950195
      vertex 22 -16.321319580078125 -2.1213197708129883
    endloop
  endfacet
  facet normal 1 0 0
    outer loop
      vertex 22 -16.971637725830078 1.1480493545532227
      vertex 22 -16.36506462097168 1.2500001192092896
      vertex 22 -16.798076629638672 1.499999761581421
    endloop
  endfacet
  facet normal 1 0 0
    outer loop
      vertex 22 -15.195928573608398 -0.5749998092651367
      vertex 22 -16.798076629638672 -1.5
      vertex 22 -16.580059051513672 -1.8262834548950195
    endloop
  endfacet
  facet normal 1 0 0
    outer loop
      vertex 22 -17.0977783203125 0.7764568328857422
      vertex 22 -16.36506462097168 1.2500001192092896
      vertex 22 -16.971637725830078 1.1480493545532227
    endloop
  endfacet
  facet normal 1 0 0
    outer loop
      vertex 22 -15.262460708618164 -0.44008541107177734
      vertex 22 -16.971637725830078 -1.1480493545532227
      vertex 22 -16.798076629638672 -1.5
    endloop
  endfacet
  facet normal 1 0 0
    outer loop
      vertex 22 -17.174335479736328 0.39157772064208984
      vertex 22 -16.36506462097168 1.2500001192092896
      vertex 22 -17.0977783203125 0.7764568328857422
    endloop
  endfacet
  facet normal 1 0 0
    outer loop
      vertex 22 -15.310813903808594 -0.2976417541503906
      vertex 22 -17.0977783203125 -0.7764568328857422
      vertex 22 -16.971637725830078 -1.1480493545532227
    endloop
  endfacet
  facet normal 1 0 0
    outer loop
      vertex 22 -15.34999942779541 0
      vertex 22 -17.174335479736328 0.39157772064208984
      vertex 22 -17.200000762939453 0
    endloop
  endfacet
  facet normal 1 0 0
    outer loop
      vertex 22 -15.340161323547363 -0.15010452270507812
      vertex 22 -17.174335479736328 -0.39157772064208984
      vertex 22 -17.0977783203125 -0.7764568328857422
    endloop
  endfacet
  facet normal 1 0 0
    outer loop
      vertex 22 -15.34999942779541 0
      vertex 22 -17.200000762939453 0
      vertex 22 -17.174335479736328 -0.39157772064208984
    endloop
  endfacet
  facet normal 0 -0.9978589359727984 0.0654029349435823
    outer loop
      vertex 18.399999618530273 -17.200000762939453 0
      vertex 22 -17.174335479736328 0.39157772064208984
      vertex 18.399999618530273 -17.174335479736328 0.39157772064208984
    endloop
  endfacet
  facet normal 0 -0.9978589359727984 0.0654029349435823
    outer loop
      vertex 22 -17.174335479736328 0.39157772064208984
      vertex 18.399999618530273 -17.200000762939453 0
      vertex 22 -17.200000762939453 0
    endloop
  endfacet
  facet normal 0 0.9469301115837141 -0.32143951806841525
    outer loop
      vertex 22 -11.428360939025879 -1.1480493545532227
      vertex 18.399999618530273 -11.30222225189209 -0.7764568328857422
      vertex 22 -11.30222225189209 -0.7764568328857422
    endloop
  endfacet
  facet normal 0 0.9469301115837141 -0.32143951806841525
    outer loop
      vertex 18.399999618530273 -11.30222225189209 -0.7764568328857422
      vertex 22 -11.428360939025879 -1.1480493545532227
      vertex 18.399999618530273 -11.428360939025879 -1.1480493545532227
    endloop
  endfacet
  facet normal 0 0.65934519087334 -0.7518403549106677
    outer loop
      vertex 18.399999618530273 -12.3737154006958 -2.380059242248535
      vertex 22 -12.078679084777832 -2.1213197708129883
      vertex 22 -12.3737154006958 -2.380059242248535
    endloop
  endfacet
  facet normal 0 0.65934519087334 -0.7518403549106677
    outer loop
      vertex 22 -12.078679084777832 -2.1213197708129883
      vertex 18.399999618530273 -12.3737154006958 -2.380059242248535
      vertex 18.399999618530273 -12.078679084777832 -2.1213197708129883
    endloop
  endfacet
  facet normal 0 0.32143951806841525 -0.9469301115837141
    outer loop
      vertex 18.399999618530273 -13.423542022705078 -2.8977766036987305
      vertex 22 -13.051949501037598 -2.7716379165649414
      vertex 22 -13.423542022705078 -2.8977766036987305
    endloop
  endfacet
  facet normal 0 0.32143951806841525 -0.9469301115837141
    outer loop
      vertex 22 -13.051949501037598 -2.7716379165649414
      vertex 18.399999618530273 -13.423542022705078 -2.8977766036987305
      vertex 18.399999618530273 -13.051949501037598 -2.7716379165649414
    endloop
  endfacet
  facet normal 0 0.5555708544893759 0.8314691970493824
    outer loop
      vertex 18.399999618530273 -12.3737154006958 2.380059242248535
      vertex 22 -12.699999809265137 2.5980758666992188
      vertex 22 -12.3737154006958 2.380059242248535
    endloop
  endfacet
  facet normal 0 0.5555708544893759 0.8314691970493824
    outer loop
      vertex 22 -12.699999809265137 2.5980758666992188
      vertex 18.399999618530273 -12.3737154006958 2.380059242248535
      vertex 18.399999618530273 -12.699999809265137 2.5980758666992188
    endloop
  endfacet
  facet normal 0 -0.9807853076829626 -0.1950901848716038
    outer loop
      vertex 18.399999618530273 -17.0977783203125 -0.7764568328857422
      vertex 22 -17.174335479736328 -0.39157772064208984
      vertex 18.399999618530273 -17.174335479736328 -0.39157772064208984
    endloop
  endfacet
  facet normal 0 -0.9807853076829626 -0.1950901848716038
    outer loop
      vertex 22 -17.174335479736328 -0.39157772064208984
      vertex 18.399999618530273 -17.0977783203125 -0.7764568328857422
      vertex 22 -17.0977783203125 -0.7764568328857422
    endloop
  endfacet
  facet normal 0 -0.1950906498792374 0.9807852151871463
    outer loop
      vertex 18.399999618530273 -14.591578483581543 2.9743337631225586
      vertex 22 -14.976456642150879 2.8977766036987305
      vertex 22 -14.591578483581543 2.9743337631225586
    endloop
  endfacet
  facet normal 0 -0.1950906498792374 0.9807852151871463
    outer loop
      vertex 22 -14.976456642150879 2.8977766036987305
      vertex 18.399999618530273 -14.591578483581543 2.9743337631225586
      vertex 18.399999618530273 -14.976456642150879 2.8977766036987305
    endloop
  endfacet
  facet normal 1 0 0
    outer loop
      vertex 22 11.563702583312988 7.2352752685546875
      vertex 22 13.59999942779541 6.449999809265137
      vertex 22 13.59999942779541 9
    endloop
  endfacet
  facet normal 1 0 0
    outer loop
      vertex 22 11.699999809265137 6.199999809265137
      vertex 22 13.59999942779541 6.449999809265137
      vertex 22 11.665779113769531 6.722104072570801
    endloop
  endfacet
  facet normal 1 0 0
    outer loop
      vertex 22 13.59999942779541 5.049999237060547
      vertex 22 11.699999809265137 6.199999809265137
      vertex 22 13.59999942779541 3.84999942779541
    endloop
  endfacet
  facet normal 1 0 0
    outer loop
      vertex 22 13.59999942779541 3.84999942779541
      vertex 22 11.699999809265137 6.199999809265137
      vertex 22 13.59999942779541 2.4499998092651367
    endloop
  endfacet
  facet normal 1 0 0
    outer loop
      vertex 22 11.699999809265137 0
      vertex 22 13.59999942779541 2.4499998092651367
      vertex 22 11.699999809265137 6.199999809265137
    endloop
  endfacet
  facet normal 1 0 0
    outer loop
      vertex 22 13.59999942779541 6.449999809265137
      vertex 22 11.699999809265137 6.199999809265137
      vertex 22 13.59999942779541 5.049999237060547
    endloop
  endfacet
  facet normal 1 0 0
    outer loop
      vertex 22 13.59999942779541 6.449999809265137
      vertex 22 11.563702583312988 7.2352752685546875
      vertex 22 11.665779113769531 6.722104072570801
    endloop
  endfacet
  facet normal 1 0 0
    outer loop
      vertex 22 11.399999618530273 7.717528343200684
      vertex 22 13.59999942779541 9
      vertex 22 11.399999618530273 9
    endloop
  endfacet
  facet normal 1 0 0
    outer loop
      vertex 22 13.59999942779541 9
      vertex 22 11.399999618530273 7.717528343200684
      vertex 22 11.563702583312988 7.2352752685546875
    endloop
  endfacet
  facet normal 1 0 0
    outer loop
      vertex 22 13.59999942779541 6.449999809265137
      vertex 22 14.859999656677246 5.049999237060547
      vertex 22 14.859999656677246 6.449999809265137
    endloop
  endfacet
  facet normal 1 0 0
    outer loop
      vertex 22 14.859999656677246 5.049999237060547
      vertex 22 13.59999942779541 6.449999809265137
      vertex 22 13.59999942779541 5.049999237060547
    endloop
  endfacet
  facet normal 1 0 0
    outer loop
      vertex 22 13.59999942779541 3.84999942779541
      vertex 22 14.859999656677246 2.4499998092651367
      vertex 22 14.859999656677246 3.84999942779541
    endloop
  endfacet
  facet normal 1 0 0
    outer loop
      vertex 22 14.859999656677246 2.4499998092651367
      vertex 22 13.59999942779541 3.84999942779541
      vertex 22 13.59999942779541 2.4499998092651367
    endloop
  endfacet
  facet normal 1 0 0
    outer loop
      vertex 22 13.59999942779541 2.4499998092651367
      vertex 22 11.699999809265137 0
      vertex 22 13.59999942779541 0
    endloop
  endfacet
  facet normal 0 0 1
    outer loop
      vertex 2 14.859999656677246 3.84999942779541
      vertex 22 13.59999942779541 3.84999942779541
      vertex 22 14.859999656677246 3.84999942779541
    endloop
  endfacet
  facet normal 0 0 1
    outer loop
      vertex 22 13.59999942779541 3.84999942779541
      vertex 2 14.859999656677246 3.84999942779541
      vertex 2 13.59999942779541 3.84999942779541
    endloop
  endfacet
  facet normal 0 0 -1
    outer loop
      vertex 2 13.59999942779541 2.4499998092651367
      vertex 22 14.859999656677246 2.4499998092651367
      vertex 22 13.59999942779541 2.4499998092651367
    endloop
  endfacet
  facet normal 0 0 -1
    outer loop
      vertex 22 14.859999656677246 2.4499998092651367
      vertex 2 13.59999942779541 2.4499998092651367
      vertex 2 14.859999656677246 2.4499998092651367
    endloop
  endfacet
  facet normal -1 0 0
    outer loop
      vertex 2 11.699999809265137 0
      vertex 2 13.59999942779541 2.4499998092651367
      vertex 2 13.59999942779541 0
    endloop
  endfacet
  facet normal -1 0 0
    outer loop
      vertex 2 11.699999809265137 6.199999809265137
      vertex 2 13.59999942779541 2.4499998092651367
      vertex 2 11.699999809265137 0
    endloop
  endfacet
  facet normal -1 0 0
    outer loop
      vertex 2 13.59999942779541 2.4499998092651367
      vertex 2 11.699999809265137 6.199999809265137
      vertex 2 13.59999942779541 3.84999942779541
    endloop
  endfacet
  facet normal -1 0 0
    outer loop
      vertex 2 13.59999942779541 5.049999237060547
      vertex 2 11.699999809265137 6.199999809265137
      vertex 2 13.59999942779541 6.449999809265137
    endloop
  endfacet
  facet normal -1 0 0
    outer loop
      vertex 2 13.59999942779541 3.84999942779541
      vertex 2 11.699999809265137 6.199999809265137
      vertex 2 13.59999942779541 5.049999237060547
    endloop
  endfacet
  facet normal -1 0 0
    outer loop
      vertex 2 11.665779113769531 6.722104072570801
      vertex 2 13.59999942779541 6.449999809265137
      vertex 2 11.699999809265137 6.199999809265137
    endloop
  endfacet
  facet normal -1 0 0
    outer loop
      vertex 2 11.563702583312988 7.2352752685546875
      vertex 2 13.59999942779541 6.449999809265137
      vertex 2 11.665779113769531 6.722104072570801
    endloop
  endfacet
  facet normal -1 0 0
    outer loop
      vertex 2 13.59999942779541 6.449999809265137
      vertex 2 11.563702583312988 7.2352752685546875
      vertex 2 13.59999942779541 9
    endloop
  endfacet
  facet normal -1 0 0
    outer loop
      vertex 2 11.399999618530273 7.717528343200684
      vertex 2 13.59999942779541 9
      vertex 2 11.563702583312988 7.2352752685546875
    endloop
  endfacet
  facet normal -1 0 0
    outer loop
      vertex 2 13.59999942779541 9
      vertex 2 11.399999618530273 7.717528343200684
      vertex 2 11.399999618530273 9
    endloop
  endfacet
  facet normal -1 0 0
    outer loop
      vertex 2 13.59999942779541 2.4499998092651367
      vertex 2 14.859999656677246 3.84999942779541
      vertex 2 14.859999656677246 2.4499998092651367
    endloop
  endfacet
  facet normal -1 0 0
    outer loop
      vertex 2 14.859999656677246 3.84999942779541
      vertex 2 13.59999942779541 2.4499998092651367
      vertex 2 13.59999942779541 3.84999942779541
    endloop
  endfacet
  facet normal -1 0 0
    outer loop
      vertex 2 13.59999942779541 5.049999237060547
      vertex 2 14.859999656677246 6.449999809265137
      vertex 2 14.859999656677246 5.049999237060547
    endloop
  endfacet
  facet normal -1 0 0
    outer loop
      vertex 2 14.859999656677246 6.449999809265137
      vertex 2 13.59999942779541 5.049999237060547
      vertex 2 13.59999942779541 6.449999809265137
    endloop
  endfacet
  facet normal 0 1 0
    outer loop
      vertex 22 14.859999656677246 2.4499998092651367
      vertex 2 14.859999656677246 3.84999942779541
      vertex 22 14.859999656677246 3.84999942779541
    endloop
  endfacet
  facet normal 0 1 0
    outer loop
      vertex 2 14.859999656677246 3.84999942779541
      vertex 22 14.859999656677246 2.4499998092651367
      vertex 2 14.859999656677246 2.4499998092651367
    endloop
  endfacet
  facet normal 0 0 1
    outer loop
      vertex 2 14.859999656677246 6.449999809265137
      vertex 22 13.59999942779541 6.449999809265137
      vertex 22 14.859999656677246 6.449999809265137
    endloop
  endfacet
  facet normal 0 0 1
    outer loop
      vertex 22 13.59999942779541 6.449999809265137
      vertex 2 14.859999656677246 6.449999809265137
      vertex 2 13.59999942779541 6.449999809265137
    endloop
  endfacet
  facet normal 0 0 -1
    outer loop
      vertex 2 13.59999942779541 5.049999237060547
      vertex 22 14.859999656677246 5.049999237060547
      vertex 22 13.59999942779541 5.049999237060547
    endloop
  endfacet
  facet normal 0 0 -1
    outer loop
      vertex 22 14.859999656677246 5.049999237060547
      vertex 2 13.59999942779541 5.049999237060547
      vertex 2 14.859999656677246 5.049999237060547
    endloop
  endfacet
  facet normal 0 1 0
    outer loop
      vertex 22 14.859999656677246 5.049999237060547
      vertex 2 14.859999656677246 6.449999809265137
      vertex 22 14.859999656677246 6.449999809265137
    endloop
  endfacet
  facet normal 0 1 0
    outer loop
      vertex 2 14.859999656677246 6.449999809265137
      vertex 22 14.859999656677246 5.049999237060547
      vertex 2 14.859999656677246 5.049999237060547
    endloop
  endfacet
  facet normal 0 0 1
    outer loop
      vertex 2 13.59999942779541 9
      vertex 22 11.399999618530273 9
      vertex 22 13.59999942779541 9
    endloop
  endfacet
  facet normal 0 0 1
    outer loop
      vertex 22 11.399999618530273 9
      vertex 2 13.59999942779541 9
      vertex 2 11.399999618530273 9
    endloop
  endfacet
  facet normal 0 1 0
    outer loop
      vertex 22 13.59999942779541 6.449999809265137
      vertex 2 13.59999942779541 9
      vertex 22 13.59999942779541 9
    endloop
  endfacet
  facet normal 0 1 0
    outer loop
      vertex 2 13.59999942779541 9
      vertex 22 13.59999942779541 6.449999809265137
      vertex 2 13.59999942779541 6.449999809265137
    endloop
  endfacet
  facet normal 0 1 0
    outer loop
      vertex 22 13.59999942779541 0
      vertex 2 13.59999942779541 2.4499998092651367
      vertex 22 13.59999942779541 2.4499998092651367
    endloop
  endfacet
  facet normal 0 1 0
    outer loop
      vertex 2 13.59999942779541 2.4499998092651367
      vertex 22 13.59999942779541 0
      vertex 2 13.59999942779541 0
    endloop
  endfacet
  facet normal 0 1 0
    outer loop
      vertex 22 13.59999942779541 3.84999942779541
      vertex 2 13.59999942779541 5.049999237060547
      vertex 22 13.59999942779541 5.049999237060547
    endloop
  endfacet
  facet normal 0 1 0
    outer loop
      vertex 2 13.59999942779541 5.049999237060547
      vertex 22 13.59999942779541 3.84999942779541
      vertex 2 13.59999942779541 3.84999942779541
    endloop
  endfacet
  facet normal 0 -1 0
    outer loop
      vertex 2 11.399999618530273 7.717528343200684
      vertex 22 11.399999618530273 9
      vertex 2 11.399999618530273 9
    endloop
  endfacet
  facet normal 0 -1 0
    outer loop
      vertex 22 11.399999618530273 9
      vertex 2 11.399999618530273 7.717528343200684
      vertex 22 11.399999618530273 7.717528343200684
    endloop
  endfacet
  facet normal -1 0 0
    outer loop
      vertex 5.09999942779541 -4 8
      vertex 5.09999942779541 -7 8
      vertex 5.09999942779541 -4 9.299999237060547
    endloop
  endfacet
  facet normal -1 0 0
    outer loop
      vertex 5.09999942779541 9.309698104858398 6.456707954406738
      vertex 5.09999942779541 10.529999732971191 9.026634216308594
      vertex 5.09999942779541 10.529999732971191 5
    endloop
  endfacet
  facet normal -1 0 0
    outer loop
      vertex 5.09999942779541 9.16506290435791 6.75
      vertex 5.09999942779541 10.529999732971191 9.026634216308594
      vertex 5.09999942779541 9.309698104858398 6.456707954406738
    endloop
  endfacet
  facet normal -1 0 0
    outer loop
      vertex 5.09999942779541 8.983383178710938 7.021903038024902
      vertex 5.09999942779541 10.529999732971191 9.026634216308594
      vertex 5.09999942779541 9.16506290435791 6.75
    endloop
  endfacet
  facet normal -1 0 0
    outer loop
      vertex 5.09999942779541 9.5 5.5
      vertex 5.09999942779541 10.529999732971191 5
      vertex 5.09999942779541 9.5 5
    endloop
  endfacet
  facet normal -1 0 0
    outer loop
      vertex 5.09999942779541 9.478611946105957 5.826314926147461
      vertex 5.09999942779541 10.529999732971191 5
      vertex 5.09999942779541 9.5 5.5
    endloop
  endfacet
  facet normal -1 0 0
    outer loop
      vertex 5.09999942779541 9.414813995361328 6.14704704284668
      vertex 5.09999942779541 10.529999732971191 5
      vertex 5.09999942779541 9.478611946105957 5.826314926147461
    endloop
  endfacet
  facet normal -1 0 0
    outer loop
      vertex 5.09999942779541 9.309698104858398 6.456707954406738
      vertex 5.09999942779541 10.529999732971191 5
      vertex 5.09999942779541 9.414813995361328 6.14704704284668
    endloop
  endfacet
  facet normal -1 0 0
    outer loop
      vertex 5.09999942779541 8.767766952514648 7.267766952514648
      vertex 5.09999942779541 10.529999732971191 9.026634216308594
      vertex 5.09999942779541 8.983383178710938 7.021903038024902
    endloop
  endfacet
  facet normal -1 0 0
    outer loop
      vertex 5.09999942779541 10.529999732971191 9.026634216308594
      vertex 5.09999942779541 8.767766952514648 7.267766952514648
      vertex 5.09999942779541 10.528427124023438 9.028427124023438
    endloop
  endfacet
  facet normal -1 0 0
    outer loop
      vertex 5.09999942779541 10.528427124023438 9.028427124023438
      vertex 5.09999942779541 8.767766952514648 7.267766952514648
      vertex 5.09999942779541 10.135045051574707 9.3734130859375
    endloop
  endfacet
  facet normal -1 0 0
    outer loop
      vertex 5.09999942779541 8.521903038024902 7.4833831787109375
      vertex 5.09999942779541 10.135045051574707 9.3734130859375
      vertex 5.09999942779541 8.767766952514648 7.267766952514648
    endloop
  endfacet
  facet normal -1 0 0
    outer loop
      vertex 5.09999942779541 10.135045051574707 9.3734130859375
      vertex 5.09999942779541 8.521903038024902 7.4833831787109375
      vertex 5.09999942779541 9.699999809265137 9.664101600646973
    endloop
  endfacet
  facet normal -1 0 0
    outer loop
      vertex 5.09999942779541 8.25 7.66506290435791
      vertex 5.09999942779541 9.699999809265137 9.664101600646973
      vertex 5.09999942779541 8.521903038024902 7.4833831787109375
    endloop
  endfacet
  facet normal -1 0 0
    outer loop
      vertex 5.09999942779541 9.699999809265137 9.664101600646973
      vertex 5.09999942779541 8.25 7.66506290435791
      vertex 5.09999942779541 9.230732917785645 9.895517349243164
    endloop
  endfacet
  facet normal -1 0 0
    outer loop
      vertex 5.09999942779541 7.956707954406738 7.809698104858398
      vertex 5.09999942779541 9.230732917785645 9.895517349243164
      vertex 5.09999942779541 8.25 7.66506290435791
    endloop
  endfacet
  facet normal -1 0 0
    outer loop
      vertex 5.09999942779541 9.230732917785645 9.895517349243164
      vertex 5.09999942779541 7.956707954406738 7.809698104858398
      vertex 5.09999942779541 8.735275268554688 10.063702583312988
    endloop
  endfacet
  facet normal -1 0 0
    outer loop
      vertex 5.09999942779541 8.735275268554688 10.063702583312988
      vertex 5.09999942779541 7.956707954406738 7.809698104858398
      vertex 5.09999942779541 8.2221040725708 10.165779113769531
    endloop
  endfacet
  facet normal -1 0 0
    outer loop
      vertex 5.09999942779541 7.64704704284668 7.914813995361328
      vertex 5.09999942779541 8.2221040725708 10.165779113769531
      vertex 5.09999942779541 7.956707954406738 7.809698104858398
    endloop
  endfacet
  facet normal -1 0 0
    outer loop
      vertex 5.09999942779541 8.2221040725708 10.165779113769531
      vertex 5.09999942779541 7.64704704284668 7.914813995361328
      vertex 5.09999942779541 7.699999809265137 10.199999809265137
    endloop
  endfacet
  facet normal -1 0 0
    outer loop
      vertex 5.09999942779541 7.326314926147461 7.978611946105957
      vertex 5.09999942779541 7.699999809265137 10.199999809265137
      vertex 5.09999942779541 7.64704704284668 7.914813995361328
    endloop
  endfacet
  facet normal -1 0 0
    outer loop
      vertex 5.09999942779541 7 8
      vertex 5.09999942779541 7.699999809265137 10.199999809265137
      vertex 5.09999942779541 7.326314926147461 7.978611946105957
    endloop
  endfacet
  facet normal -1 0 0
    outer loop
      vertex 5.09999942779541 4 9.299999237060547
      vertex 5.09999942779541 7 8
      vertex 5.09999942779541 4 8
    endloop
  endfacet
  facet normal -1 0 0
    outer loop
      vertex 5.09999942779541 7 8
      vertex 5.09999942779541 4 9.299999237060547
      vertex 5.09999942779541 7.699999809265137 10.199999809265137
    endloop
  endfacet
  facet normal -1 0 0
    outer loop
      vertex 5.09999942779541 -4 9.299999237060547
      vertex 5.09999942779541 7.699999809265137 10.199999809265137
      vertex 5.09999942779541 4 9.299999237060547
    endloop
  endfacet
  facet normal -1 0 0
    outer loop
      vertex 5.09999942779541 -7.699999809265137 10.199999809265137
      vertex 5.09999942779541 -7 8
      vertex 5.09999942779541 -7.326314926147461 7.978611946105957
    endloop
  endfacet
  facet normal -1 0 0
    outer loop
      vertex 5.09999942779541 -7.699999809265137 10.199999809265137
      vertex 5.09999942779541 -7.326314926147461 7.978611946105957
      vertex 5.09999942779541 -7.64704704284668 7.914813995361328
    endloop
  endfacet
  facet normal -1 0 0
    outer loop
      vertex 5.09999942779541 -4 9.299999237060547
      vertex 5.09999942779541 -7.699999809265137 10.199999809265137
      vertex 5.09999942779541 7.699999809265137 10.199999809265137
    endloop
  endfacet
  facet normal -1 0 0
    outer loop
      vertex 5.09999942779541 -7 8
      vertex 5.09999942779541 -7.699999809265137 10.199999809265137
      vertex 5.09999942779541 -4 9.299999237060547
    endloop
  endfacet
  facet normal -1 0 0
    outer loop
      vertex 5.09999942779541 -8.2221040725708 10.165779113769531
      vertex 5.09999942779541 -7.64704704284668 7.914813995361328
      vertex 5.09999942779541 -7.956707954406738 7.809698104858398
    endloop
  endfacet
  facet normal -1 0 0
    outer loop
      vertex 5.09999942779541 -7.64704704284668 7.914813995361328
      vertex 5.09999942779541 -8.2221040725708 10.165779113769531
      vertex 5.09999942779541 -7.699999809265137 10.199999809265137
    endloop
  endfacet
  facet normal -1 0 0
    outer loop
      vertex 5.09999942779541 -9.230732917785645 9.895517349243164
      vertex 5.09999942779541 -7.956707954406738 7.809698104858398
      vertex 5.09999942779541 -8.25 7.66506290435791
    endloop
  endfacet
  facet normal -1 0 0
    outer loop
      vertex 5.09999942779541 -9.699999809265137 9.664101600646973
      vertex 5.09999942779541 -8.25 7.66506290435791
      vertex 5.09999942779541 -8.521903038024902 7.4833831787109375
    endloop
  endfacet
  facet normal -1 0 0
    outer loop
      vertex 5.09999942779541 -7.956707954406738 7.809698104858398
      vertex 5.09999942779541 -8.735275268554688 10.063702583312988
      vertex 5.09999942779541 -8.2221040725708 10.165779113769531
    endloop
  endfacet
  facet normal -1 0 0
    outer loop
      vertex 5.09999942779541 -10.135045051574707 9.3734130859375
      vertex 5.09999942779541 -8.521903038024902 7.4833831787109375
      vertex 5.09999942779541 -8.767766952514648 7.267766952514648
    endloop
  endfacet
  facet normal -1 0 0
    outer loop
      vertex 5.09999942779541 -10.529999732971191 9.026634216308594
      vertex 5.09999942779541 -8.767766952514648 7.267766952514648
      vertex 5.09999942779541 -8.983383178710938 7.021903038024902
    endloop
  endfacet
  facet normal -1 0 0
    outer loop
      vertex 5.09999942779541 -10.529999732971191 9.026634216308594
      vertex 5.09999942779541 -8.983383178710938 7.021903038024902
      vertex 5.09999942779541 -9.16506290435791 6.75
    endloop
  endfacet
  facet normal -1 0 0
    outer loop
      vertex 5.09999942779541 -7.956707954406738 7.809698104858398
      vertex 5.09999942779541 -9.230732917785645 9.895517349243164
      vertex 5.09999942779541 -8.735275268554688 10.063702583312988
    endloop
  endfacet
  facet normal -1 0 0
    outer loop
      vertex 5.09999942779541 -10.529999732971191 9.026634216308594
      vertex 5.09999942779541 -9.16506290435791 6.75
      vertex 5.09999942779541 -9.309698104858398 6.456707954406738
    endloop
  endfacet
  facet normal -1 0 0
    outer loop
      vertex 5.09999942779541 -10.529999732971191 9.026634216308594
      vertex 5.09999942779541 -9.309698104858398 6.456707954406738
      vertex 5.09999942779541 -9.414813995361328 6.14704704284668
    endloop
  endfacet
  facet normal -1 0 0
    outer loop
      vertex 5.09999942779541 -10.529999732971191 5
      vertex 5.09999942779541 -9.414813995361328 6.14704704284668
      vertex 5.09999942779541 -9.478611946105957 5.826314926147461
    endloop
  endfacet
  facet normal -1 0 0
    outer loop
      vertex 5.09999942779541 -10.529999732971191 5
      vertex 5.09999942779541 -9.478611946105957 5.826314926147461
      vertex 5.09999942779541 -9.5 5.5
    endloop
  endfacet
  facet normal -1 0 0
    outer loop
      vertex 5.09999942779541 -8.25 7.66506290435791
      vertex 5.09999942779541 -9.699999809265137 9.664101600646973
      vertex 5.09999942779541 -9.230732917785645 9.895517349243164
    endloop
  endfacet
  facet normal -1 0 0
    outer loop
      vertex 5.09999942779541 -10.529999732971191 5
      vertex 5.09999942779541 -9.5 5.5
      vertex 5.09999942779541 -9.5 5
    endloop
  endfacet
  facet normal -1 0 0
    outer loop
      vertex 5.09999942779541 -8.521903038024902 7.4833831787109375
      vertex 5.09999942779541 -10.135045051574707 9.3734130859375
      vertex 5.09999942779541 -9.699999809265137 9.664101600646973
    endloop
  endfacet
  facet normal -1 0 0
    outer loop
      vertex 5.09999942779541 -8.767766952514648 7.267766952514648
      vertex 5.09999942779541 -10.529999732971191 9.026634216308594
      vertex 5.09999942779541 -10.528427124023438 9.028427124023438
    endloop
  endfacet
  facet normal -1 0 0
    outer loop
      vertex 5.09999942779541 -9.414813995361328 6.14704704284668
      vertex 5.09999942779541 -10.529999732971191 5
      vertex 5.09999942779541 -10.529999732971191 9.026634216308594
    endloop
  endfacet
  facet normal -1 0 0
    outer loop
      vertex 5.09999942779541 -8.767766952514648 7.267766952514648
      vertex 5.09999942779541 -10.528427124023438 9.028427124023438
      vertex 5.09999942779541 -10.135045051574707 9.3734130859375
    endloop
  endfacet
  facet normal 0 0 1
    outer loop
      vertex 1.8999996185302734 10.529999732971191 5
      vertex 5.09999942779541 9.5 5
      vertex 5.09999942779541 10.529999732971191 5
    endloop
  endfacet
  facet normal 0 0 1
    outer loop
      vertex 5.09999942779541 9.5 5
      vertex 1.8999996185302734 10.529999732971191 5
      vertex 1.8999996185302734 9.5 5
    endloop
  endfacet
  facet normal 0 0 1
    outer loop
      vertex 1.8999996185302734 -9.5 5
      vertex 5.09999942779541 -10.529999732971191 5
      vertex 5.09999942779541 -9.5 5
    endloop
  endfacet
  facet normal 0 0 1
    outer loop
      vertex 5.09999942779541 -10.529999732971191 5
      vertex 1.8999996185302734 -9.5 5
      vertex 1.8999996185302734 -10.529999732971191 5
    endloop
  endfacet
  facet normal 1 0 0
    outer loop
      vertex 1.8999996185302734 10.529999732971191 5
      vertex 1.8999996185302734 9.478611946105957 5.826314926147461
      vertex 1.8999996185302734 9.5 5.5
    endloop
  endfacet
  facet normal 1 0 0
    outer loop
      vertex 1.8999996185302734 10.135045051574707 9.3734130859375
      vertex 1.8999996185302734 9.414813995361328 6.14704704284668
      vertex 1.8999996185302734 9.478611946105957 5.826314926147461
    endloop
  endfacet
  facet normal 1 0 0
    outer loop
      vertex 1.8999996185302734 10.135045051574707 9.3734130859375
      vertex 1.8999996185302734 9.309698104858398 6.456707954406738
      vertex 1.8999996185302734 9.414813995361328 6.14704704284668
    endloop
  endfacet
  facet normal 1 0 0
    outer loop
      vertex 1.8999996185302734 8.25 7.66506290435791
      vertex 1.8999996185302734 9.699999809265137 9.664101600646973
      vertex 1.8999996185302734 9.230732917785645 9.895517349243164
    endloop
  endfacet
  facet normal 1 0 0
    outer loop
      vertex 1.8999996185302734 10.135045051574707 9.3734130859375
      vertex 1.8999996185302734 9.16506290435791 6.75
      vertex 1.8999996185302734 9.309698104858398 6.456707954406738
    endloop
  endfacet
  facet normal 1 0 0
    outer loop
      vertex 1.8999996185302734 10.135045051574707 9.3734130859375
      vertex 1.8999996185302734 8.983383178710938 7.021903038024902
      vertex 1.8999996185302734 9.16506290435791 6.75
    endloop
  endfacet
  facet normal 1 0 0
    outer loop
      vertex 1.8999996185302734 10.135045051574707 9.3734130859375
      vertex 1.8999996185302734 8.767766952514648 7.267766952514648
      vertex 1.8999996185302734 8.983383178710938 7.021903038024902
    endloop
  endfacet
  facet normal 1 0 0
    outer loop
      vertex 1.8999996185302734 7.956707954406738 7.809698104858398
      vertex 1.8999996185302734 9.230732917785645 9.895517349243164
      vertex 1.8999996185302734 8.735275268554688 10.063702583312988
    endloop
  endfacet
  facet normal 1 0 0
    outer loop
      vertex 1.8999996185302734 10.135045051574707 9.3734130859375
      vertex 1.8999996185302734 8.521903038024902 7.4833831787109375
      vertex 1.8999996185302734 8.767766952514648 7.267766952514648
    endloop
  endfacet
  facet normal 1 0 0
    outer loop
      vertex 1.8999996185302734 9.699999809265137 9.664101600646973
      vertex 1.8999996185302734 8.25 7.66506290435791
      vertex 1.8999996185302734 8.521903038024902 7.4833831787109375
    endloop
  endfacet
  facet normal 1 0 0
    outer loop
      vertex 1.8999996185302734 7.956707954406738 7.809698104858398
      vertex 1.8999996185302734 8.735275268554688 10.063702583312988
      vertex 1.8999996185302734 8.2221040725708 10.165779113769531
    endloop
  endfacet
  facet normal 1 0 0
    outer loop
      vertex 1.8999996185302734 9.230732917785645 9.895517349243164
      vertex 1.8999996185302734 7.956707954406738 7.809698104858398
      vertex 1.8999996185302734 8.25 7.66506290435791
    endloop
  endfacet
  facet normal 1 0 0
    outer loop
      vertex 1.8999996185302734 7.64704704284668 7.914813995361328
      vertex 1.8999996185302734 8.2221040725708 10.165779113769531
      vertex 1.8999996185302734 7.699999809265137 10.199999809265137
    endloop
  endfacet
  facet normal 1 0 0
    outer loop
      vertex 1.8999996185302734 8.2221040725708 10.165779113769531
      vertex 1.8999996185302734 7.64704704284668 7.914813995361328
      vertex 1.8999996185302734 7.956707954406738 7.809698104858398
    endloop
  endfacet
  facet normal 1 0 0
    outer loop
      vertex 1.8999996185302734 7.699999809265137 10.199999809265137
      vertex 1.8999996185302734 7.326314926147461 7.978611946105957
      vertex 1.8999996185302734 7.64704704284668 7.914813995361328
    endloop
  endfacet
  facet normal 1 0 0
    outer loop
      vertex 1.8999996185302734 7.699999809265137 10.199999809265137
      vertex 1.8999996185302734 7 8
      vertex 1.8999996185302734 7.326314926147461 7.978611946105957
    endloop
  endfacet
  facet normal 1 0 0
    outer loop
      vertex 1.8999996185302734 7.699999809265137 10.199999809265137
      vertex 1.8999996185302734 1.0999994277954102 9.199999809265137
      vertex 1.8999996185302734 7 8
    endloop
  endfacet
  facet normal 1 0 0
    outer loop
      vertex 1.8999996185302734 7.699999809265137 10.199999809265137
      vertex 1.8999996185302734 -1.0999994277954102 9.199999809265137
      vertex 1.8999996185302734 1.0999994277954102 9.199999809265137
    endloop
  endfacet
  facet normal 1 0 0
    outer loop
      vertex 1.8999996185302734 -1.0999994277954102 9.199999809265137
      vertex 1.8999996185302734 -7 8
      vertex 1.8999996185302734 -1.0999994277954102 8
    endloop
  endfacet
  facet normal 1 0 0
    outer loop
      vertex 1.8999996185302734 -7.699999809265137 10.199999809265137
      vertex 1.8999996185302734 -7 8
      vertex 1.8999996185302734 -1.0999994277954102 9.199999809265137
    endloop
  endfacet
  facet normal 1 0 0
    outer loop
      vertex 1.8999996185302734 -7.699999809265137 10.199999809265137
      vertex 1.8999996185302734 -1.0999994277954102 9.199999809265137
      vertex 1.8999996185302734 7.699999809265137 10.199999809265137
    endloop
  endfacet
  facet normal 1 0 0
    outer loop
      vertex 1.8999996185302734 -7 8
      vertex 1.8999996185302734 -7.699999809265137 10.199999809265137
      vertex 1.8999996185302734 -7.326314926147461 7.978611946105957
    endloop
  endfacet
  facet normal 1 0 0
    outer loop
      vertex 1.8999996185302734 -7.699999809265137 10.199999809265137
      vertex 1.8999996185302734 -7.64704704284668 7.914813995361328
      vertex 1.8999996185302734 -7.326314926147461 7.978611946105957
    endloop
  endfacet
  facet normal 1 0 0
    outer loop
      vertex 1.8999996185302734 -8.2221040725708 10.165779113769531
      vertex 1.8999996185302734 -7.64704704284668 7.914813995361328
      vertex 1.8999996185302734 -7.699999809265137 10.199999809265137
    endloop
  endfacet
  facet normal 1 0 0
    outer loop
      vertex 1.8999996185302734 -7.64704704284668 7.914813995361328
      vertex 1.8999996185302734 -8.2221040725708 10.165779113769531
      vertex 1.8999996185302734 -7.956707954406738 7.809698104858398
    endloop
  endfacet
  facet normal 1 0 0
    outer loop
      vertex 1.8999996185302734 -8.735275268554688 10.063702583312988
      vertex 1.8999996185302734 -7.956707954406738 7.809698104858398
      vertex 1.8999996185302734 -8.2221040725708 10.165779113769531
    endloop
  endfacet
  facet normal 1 0 0
    outer loop
      vertex 1.8999996185302734 -9.230732917785645 9.895517349243164
      vertex 1.8999996185302734 -7.956707954406738 7.809698104858398
      vertex 1.8999996185302734 -8.735275268554688 10.063702583312988
    endloop
  endfacet
  facet normal 1 0 0
    outer loop
      vertex 1.8999996185302734 -7.956707954406738 7.809698104858398
      vertex 1.8999996185302734 -9.230732917785645 9.895517349243164
      vertex 1.8999996185302734 -8.25 7.66506290435791
    endloop
  endfacet
  facet normal 1 0 0
    outer loop
      vertex 1.8999996185302734 -9.699999809265137 9.664101600646973
      vertex 1.8999996185302734 -8.25 7.66506290435791
      vertex 1.8999996185302734 -9.230732917785645 9.895517349243164
    endloop
  endfacet
  facet normal 1 0 0
    outer loop
      vertex 1.8999996185302734 -8.25 7.66506290435791
      vertex 1.8999996185302734 -9.699999809265137 9.664101600646973
      vertex 1.8999996185302734 -8.521903038024902 7.4833831787109375
    endloop
  endfacet
  facet normal 1 0 0
    outer loop
      vertex 1.8999996185302734 -10.135045051574707 9.3734130859375
      vertex 1.8999996185302734 -8.521903038024902 7.4833831787109375
      vertex 1.8999996185302734 -9.699999809265137 9.664101600646973
    endloop
  endfacet
  facet normal 1 0 0
    outer loop
      vertex 1.8999996185302734 -8.521903038024902 7.4833831787109375
      vertex 1.8999996185302734 -10.135045051574707 9.3734130859375
      vertex 1.8999996185302734 -8.767766952514648 7.267766952514648
    endloop
  endfacet
  facet normal 1 0 0
    outer loop
      vertex 1.8999996185302734 -10.528427124023438 9.028427124023438
      vertex 1.8999996185302734 -8.767766952514648 7.267766952514648
      vertex 1.8999996185302734 -10.135045051574707 9.3734130859375
    endloop
  endfacet
  facet normal 1 0 0
    outer loop
      vertex 1.8999996185302734 -10.529999732971191 9.026634216308594
      vertex 1.8999996185302734 -8.767766952514648 7.267766952514648
      vertex 1.8999996185302734 -10.528427124023438 9.028427124023438
    endloop
  endfacet
  facet normal 1 0 0
    outer loop
      vertex 1.8999996185302734 -8.767766952514648 7.267766952514648
      vertex 1.8999996185302734 -10.529999732971191 9.026634216308594
      vertex 1.8999996185302734 -8.983383178710938 7.021903038024902
    endloop
  endfacet
  facet normal 1 0 0
    outer loop
      vertex 1.8999996185302734 -8.983383178710938 7.021903038024902
      vertex 1.8999996185302734 -10.529999732971191 9.026634216308594
      vertex 1.8999996185302734 -9.16506290435791 6.75
    endloop
  endfacet
  facet normal 1 0 0
    outer loop
      vertex 1.8999996185302734 -9.16506290435791 6.75
      vertex 1.8999996185302734 -10.529999732971191 9.026634216308594
      vertex 1.8999996185302734 -9.309698104858398 6.456707954406738
    endloop
  endfacet
  facet normal 1 0 0
    outer loop
      vertex 1.8999996185302734 -10.529999732971191 5
      vertex 1.8999996185302734 -9.414813995361328 6.14704704284668
      vertex 1.8999996185302734 -10.529999732971191 9.026634216308594
    endloop
  endfacet
  facet normal 1 0 0
    outer loop
      vertex 1.8999996185302734 -9.414813995361328 6.14704704284668
      vertex 1.8999996185302734 -10.529999732971191 5
      vertex 1.8999996185302734 -9.478611946105957 5.826314926147461
    endloop
  endfacet
  facet normal 1 0 0
    outer loop
      vertex 1.8999996185302734 -9.309698104858398 6.456707954406738
      vertex 1.8999996185302734 -10.529999732971191 9.026634216308594
      vertex 1.8999996185302734 -9.414813995361328 6.14704704284668
    endloop
  endfacet
  facet normal 1 0 0
    outer loop
      vertex 1.8999996185302734 -9.478611946105957 5.826314926147461
      vertex 1.8999996185302734 -10.529999732971191 5
      vertex 1.8999996185302734 -9.5 5.5
    endloop
  endfacet
  facet normal 1 0 0
    outer loop
      vertex 1.8999996185302734 -9.5 5.5
      vertex 1.8999996185302734 -10.529999732971191 5
      vertex 1.8999996185302734 -9.5 5
    endloop
  endfacet
  facet normal 1 0 0
    outer loop
      vertex 1.8999996185302734 9.478611946105957 5.826314926147461
      vertex 1.8999996185302734 10.529999732971191 9.026634216308594
      vertex 1.8999996185302734 10.528427124023438 9.028427124023438
    endloop
  endfacet
  facet normal 1 0 0
    outer loop
      vertex 1.8999996185302734 9.478611946105957 5.826314926147461
      vertex 1.8999996185302734 10.528427124023438 9.028427124023438
      vertex 1.8999996185302734 10.135045051574707 9.3734130859375
    endloop
  endfacet
  facet normal 1 0 0
    outer loop
      vertex 1.8999996185302734 8.521903038024902 7.4833831787109375
      vertex 1.8999996185302734 10.135045051574707 9.3734130859375
      vertex 1.8999996185302734 9.699999809265137 9.664101600646973
    endloop
  endfacet
  facet normal 1 0 0
    outer loop
      vertex 1.8999996185302734 9.478611946105957 5.826314926147461
      vertex 1.8999996185302734 10.529999732971191 5
      vertex 1.8999996185302734 10.529999732971191 9.026634216308594
    endloop
  endfacet
  facet normal 1 0 0
    outer loop
      vertex 1.8999996185302734 10.529999732971191 5
      vertex 1.8999996185302734 9.5 5.5
      vertex 1.8999996185302734 9.5 5
    endloop
  endfacet
  facet normal 1 0 0
    outer loop
      vertex 1.8999996185302734 7 8
      vertex 1.8999996185302734 1.0999994277954102 9.199999809265137
      vertex 1.8999996185302734 1.0999994277954102 8
    endloop
  endfacet
  facet normal 0 -1 0
    outer loop
      vertex 1.8999996185302734 10.529999732971191 5
      vertex 5.09999942779541 10.529999732971191 9.026634216308594
      vertex 1.8999996185302734 10.529999732971191 9.026634216308594
    endloop
  endfacet
  facet normal 0 -1 0
    outer loop
      vertex 5.09999942779541 10.529999732971191 9.026634216308594
      vertex 1.8999996185302734 10.529999732971191 5
      vertex 5.09999942779541 10.529999732971191 5
    endloop
  endfacet
  facet normal 0 1 0
    outer loop
      vertex 5.09999942779541 -10.529999732971191 5
      vertex 1.8999996185302734 -10.529999732971191 9.026634216308594
      vertex 5.09999942779541 -10.529999732971191 9.026634216308594
    endloop
  endfacet
  facet normal 0 1 0
    outer loop
      vertex 1.8999996185302734 -10.529999732971191 9.026634216308594
      vertex 5.09999942779541 -10.529999732971191 5
      vertex 1.8999996185302734 -10.529999732971191 5
    endloop
  endfacet
  facet normal -1 0 0
    outer loop
      vertex 22.099998474121094 -10.529999732971191 5
      vertex 22.099998474121094 -9.5 5.5
      vertex 22.099998474121094 -9.5 5
    endloop
  endfacet
  facet normal -1 0 0
    outer loop
      vertex 22.099998474121094 -9.5 5.5
      vertex 22.099998474121094 -10.135045051574707 9.3734130859375
      vertex 22.099998474121094 -9.699999809265137 9.664101600646973
    endloop
  endfacet
  facet normal -1 0 0
    outer loop
      vertex 22.099998474121094 -9.5 5.5
      vertex 22.099998474121094 -10.529999732971191 9.026634216308594
      vertex 22.099998474121094 -10.135045051574707 9.3734130859375
    endloop
  endfacet
  facet normal -1 0 0
    outer loop
      vertex 22.099998474121094 -9.5 5.5
      vertex 22.099998474121094 -10.529999732971191 5
      vertex 22.099998474121094 -10.529999732971191 9.026634216308594
    endloop
  endfacet
  facet normal -1 0 0
    outer loop
      vertex 22.099998474121094 -10.135045051574707 9.3734130859375
      vertex 22.099998474121094 -10.529999732971191 9.026634216308594
      vertex 22.099998474121094 -10.528427124023438 9.028427124023438
    endloop
  endfacet
  facet normal -1 0 0
    outer loop
      vertex 22.099998474121094 9.309698104858398 6.456707954406738
      vertex 22.099998474121094 10.529999732971191 9.026634216308594
      vertex 22.099998474121094 10.529999732971191 5
    endloop
  endfacet
  facet normal -1 0 0
    outer loop
      vertex 22.099998474121094 9.16506290435791 6.75
      vertex 22.099998474121094 10.529999732971191 9.026634216308594
      vertex 22.099998474121094 9.309698104858398 6.456707954406738
    endloop
  endfacet
  facet normal -1 0 0
    outer loop
      vertex 22.099998474121094 8.983383178710938 7.021903038024902
      vertex 22.099998474121094 10.529999732971191 9.026634216308594
      vertex 22.099998474121094 9.16506290435791 6.75
    endloop
  endfacet
  facet normal -1 0 0
    outer loop
      vertex 22.099998474121094 9.5 5.5
      vertex 22.099998474121094 10.529999732971191 5
      vertex 22.099998474121094 9.5 5
    endloop
  endfacet
  facet normal -1 0 0
    outer loop
      vertex 22.099998474121094 9.478611946105957 5.826314926147461
      vertex 22.099998474121094 10.529999732971191 5
      vertex 22.099998474121094 9.5 5.5
    endloop
  endfacet
  facet normal -1 0 0
    outer loop
      vertex 22.099998474121094 9.414813995361328 6.14704704284668
      vertex 22.099998474121094 10.529999732971191 5
      vertex 22.099998474121094 9.478611946105957 5.826314926147461
    endloop
  endfacet
  facet normal -1 0 0
    outer loop
      vertex 22.099998474121094 9.309698104858398 6.456707954406738
      vertex 22.099998474121094 10.529999732971191 5
      vertex 22.099998474121094 9.414813995361328 6.14704704284668
    endloop
  endfacet
  facet normal -1 0 0
    outer loop
      vertex 22.099998474121094 8.767766952514648 7.267766952514648
      vertex 22.099998474121094 10.529999732971191 9.026634216308594
      vertex 22.099998474121094 8.983383178710938 7.021903038024902
    endloop
  endfacet
  facet normal -1 0 0
    outer loop
      vertex 22.099998474121094 10.529999732971191 9.026634216308594
      vertex 22.099998474121094 8.767766952514648 7.267766952514648
      vertex 22.099998474121094 10.528427124023438 9.028427124023438
    endloop
  endfacet
  facet normal -1 0 0
    outer loop
      vertex 22.099998474121094 10.528427124023438 9.028427124023438
      vertex 22.099998474121094 8.767766952514648 7.267766952514648
      vertex 22.099998474121094 10.135045051574707 9.3734130859375
    endloop
  endfacet
  facet normal -1 0 0
    outer loop
      vertex 22.099998474121094 8.521903038024902 7.4833831787109375
      vertex 22.099998474121094 10.135045051574707 9.3734130859375
      vertex 22.099998474121094 8.767766952514648 7.267766952514648
    endloop
  endfacet
  facet normal -1 0 0
    outer loop
      vertex 22.099998474121094 10.135045051574707 9.3734130859375
      vertex 22.099998474121094 8.521903038024902 7.4833831787109375
      vertex 22.099998474121094 9.699999809265137 9.664101600646973
    endloop
  endfacet
  facet normal -1 0 0
    outer loop
      vertex 22.099998474121094 8.25 7.66506290435791
      vertex 22.099998474121094 9.699999809265137 9.664101600646973
      vertex 22.099998474121094 8.521903038024902 7.4833831787109375
    endloop
  endfacet
  facet normal -1 0 0
    outer loop
      vertex 22.099998474121094 9.699999809265137 9.664101600646973
      vertex 22.099998474121094 8.25 7.66506290435791
      vertex 22.099998474121094 9.230732917785645 9.895517349243164
    endloop
  endfacet
  facet normal -1 0 0
    outer loop
      vertex 22.099998474121094 7.956707954406738 7.809698104858398
      vertex 22.099998474121094 9.230732917785645 9.895517349243164
      vertex 22.099998474121094 8.25 7.66506290435791
    endloop
  endfacet
  facet normal -1 0 0
    outer loop
      vertex 22.099998474121094 9.230732917785645 9.895517349243164
      vertex 22.099998474121094 7.956707954406738 7.809698104858398
      vertex 22.099998474121094 8.735275268554688 10.063702583312988
    endloop
  endfacet
  facet normal -1 0 0
    outer loop
      vertex 22.099998474121094 8.735275268554688 10.063702583312988
      vertex 22.099998474121094 7.956707954406738 7.809698104858398
      vertex 22.099998474121094 8.2221040725708 10.165779113769531
    endloop
  endfacet
  facet normal -1 0 0
    outer loop
      vertex 22.099998474121094 7.64704704284668 7.914813995361328
      vertex 22.099998474121094 8.2221040725708 10.165779113769531
      vertex 22.099998474121094 7.956707954406738 7.809698104858398
    endloop
  endfacet
  facet normal -1 0 0
    outer loop
      vertex 22.099998474121094 8.2221040725708 10.165779113769531
      vertex 22.099998474121094 7.64704704284668 7.914813995361328
      vertex 22.099998474121094 7.699999809265137 10.199999809265137
    endloop
  endfacet
  facet normal -1 0 0
    outer loop
      vertex 22.099998474121094 7.326314926147461 7.978611946105957
      vertex 22.099998474121094 7.699999809265137 10.199999809265137
      vertex 22.099998474121094 7.64704704284668 7.914813995361328
    endloop
  endfacet
  facet normal -1 0 0
    outer loop
      vertex 22.099998474121094 7 8
      vertex 22.099998474121094 7.699999809265137 10.199999809265137
      vertex 22.099998474121094 7.326314926147461 7.978611946105957
    endloop
  endfacet
  facet normal -1 0 0
    outer loop
      vertex 22.099998474121094 -7 8
      vertex 22.099998474121094 7.699999809265137 10.199999809265137
      vertex 22.099998474121094 7 8
    endloop
  endfacet
  facet normal -1 0 0
    outer loop
      vertex 22.099998474121094 -7.699999809265137 10.199999809265137
      vertex 22.099998474121094 -7 8
      vertex 22.099998474121094 -7.326314926147461 7.978611946105957
    endloop
  endfacet
  facet normal -1 0 0
    outer loop
      vertex 22.099998474121094 -7 8
      vertex 22.099998474121094 -7.699999809265137 10.199999809265137
      vertex 22.099998474121094 7.699999809265137 10.199999809265137
    endloop
  endfacet
  facet normal -1 0 0
    outer loop
      vertex 22.099998474121094 -7.64704704284668 7.914813995361328
      vertex 22.099998474121094 -7.699999809265137 10.199999809265137
      vertex 22.099998474121094 -7.326314926147461 7.978611946105957
    endloop
  endfacet
  facet normal -1 0 0
    outer loop
      vertex 22.099998474121094 -8.2221040725708 10.165779113769531
      vertex 22.099998474121094 -7.64704704284668 7.914813995361328
      vertex 22.099998474121094 -7.956707954406738 7.809698104858398
    endloop
  endfacet
  facet normal -1 0 0
    outer loop
      vertex 22.099998474121094 -7.64704704284668 7.914813995361328
      vertex 22.099998474121094 -8.2221040725708 10.165779113769531
      vertex 22.099998474121094 -7.699999809265137 10.199999809265137
    endloop
  endfacet
  facet normal -1 0 0
    outer loop
      vertex 22.099998474121094 -9.230732917785645 9.895517349243164
      vertex 22.099998474121094 -7.956707954406738 7.809698104858398
      vertex 22.099998474121094 -8.25 7.66506290435791
    endloop
  endfacet
  facet normal -1 0 0
    outer loop
      vertex 22.099998474121094 -9.699999809265137 9.664101600646973
      vertex 22.099998474121094 -8.25 7.66506290435791
      vertex 22.099998474121094 -8.521903038024902 7.4833831787109375
    endloop
  endfacet
  facet normal -1 0 0
    outer loop
      vertex 22.099998474121094 -7.956707954406738 7.809698104858398
      vertex 22.099998474121094 -8.735275268554688 10.063702583312988
      vertex 22.099998474121094 -8.2221040725708 10.165779113769531
    endloop
  endfacet
  facet normal -1 0 0
    outer loop
      vertex 22.099998474121094 -9.699999809265137 9.664101600646973
      vertex 22.099998474121094 -8.521903038024902 7.4833831787109375
      vertex 22.099998474121094 -8.767766952514648 7.267766952514648
    endloop
  endfacet
  facet normal -1 0 0
    outer loop
      vertex 22.099998474121094 -9.699999809265137 9.664101600646973
      vertex 22.099998474121094 -8.767766952514648 7.267766952514648
      vertex 22.099998474121094 -8.983383178710938 7.021903038024902
    endloop
  endfacet
  facet normal -1 0 0
    outer loop
      vertex 22.099998474121094 -9.699999809265137 9.664101600646973
      vertex 22.099998474121094 -8.983383178710938 7.021903038024902
      vertex 22.099998474121094 -9.16506290435791 6.75
    endloop
  endfacet
  facet normal -1 0 0
    outer loop
      vertex 22.099998474121094 -7.956707954406738 7.809698104858398
      vertex 22.099998474121094 -9.230732917785645 9.895517349243164
      vertex 22.099998474121094 -8.735275268554688 10.063702583312988
    endloop
  endfacet
  facet normal -1 0 0
    outer loop
      vertex 22.099998474121094 -9.699999809265137 9.664101600646973
      vertex 22.099998474121094 -9.16506290435791 6.75
      vertex 22.099998474121094 -9.309698104858398 6.456707954406738
    endloop
  endfacet
  facet normal -1 0 0
    outer loop
      vertex 22.099998474121094 -9.699999809265137 9.664101600646973
      vertex 22.099998474121094 -9.309698104858398 6.456707954406738
      vertex 22.099998474121094 -9.414813995361328 6.14704704284668
    endloop
  endfacet
  facet normal -1 0 0
    outer loop
      vertex 22.099998474121094 -9.699999809265137 9.664101600646973
      vertex 22.099998474121094 -9.414813995361328 6.14704704284668
      vertex 22.099998474121094 -9.478611946105957 5.826314926147461
    endloop
  endfacet
  facet normal -1 0 0
    outer loop
      vertex 22.099998474121094 -9.699999809265137 9.664101600646973
      vertex 22.099998474121094 -9.478611946105957 5.826314926147461
      vertex 22.099998474121094 -9.5 5.5
    endloop
  endfacet
  facet normal -1 0 0
    outer loop
      vertex 22.099998474121094 -8.25 7.66506290435791
      vertex 22.099998474121094 -9.699999809265137 9.664101600646973
      vertex 22.099998474121094 -9.230732917785645 9.895517349243164
    endloop
  endfacet
  facet normal 0 0 1
    outer loop
      vertex 18.899999618530273 10.529999732971191 5
      vertex 22.099998474121094 9.5 5
      vertex 22.099998474121094 10.529999732971191 5
    endloop
  endfacet
  facet normal 0 0 1
    outer loop
      vertex 22.099998474121094 9.5 5
      vertex 18.899999618530273 10.529999732971191 5
      vertex 18.899999618530273 9.5 5
    endloop
  endfacet
  facet normal 0 0 1
    outer loop
      vertex 18.899999618530273 -9.5 5
      vertex 22.099998474121094 -10.529999732971191 5
      vertex 22.099998474121094 -9.5 5
    endloop
  endfacet
  facet normal 0 0 1
    outer loop
      vertex 22.099998474121094 -10.529999732971191 5
      vertex 18.899999618530273 -9.5 5
      vertex 18.899999618530273 -10.529999732971191 5
    endloop
  endfacet
  facet normal 1 0 0
    outer loop
      vertex 18.899999618530273 10.529999732971191 5
      vertex 18.899999618530273 9.478611946105957 5.826314926147461
      vertex 18.899999618530273 9.5 5.5
    endloop
  endfacet
  facet normal 1 0 0
    outer loop
      vertex 18.899999618530273 10.135045051574707 9.3734130859375
      vertex 18.899999618530273 9.414813995361328 6.14704704284668
      vertex 18.899999618530273 9.478611946105957 5.826314926147461
    endloop
  endfacet
  facet normal 1 0 0
    outer loop
      vertex 18.899999618530273 10.135045051574707 9.3734130859375
      vertex 18.899999618530273 9.309698104858398 6.456707954406738
      vertex 18.899999618530273 9.414813995361328 6.14704704284668
    endloop
  endfacet
  facet normal 1 0 0
    outer loop
      vertex 18.899999618530273 8.25 7.66506290435791
      vertex 18.899999618530273 9.699999809265137 9.664101600646973
      vertex 18.899999618530273 9.230732917785645 9.895517349243164
    endloop
  endfacet
  facet normal 1 0 0
    outer loop
      vertex 18.899999618530273 10.135045051574707 9.3734130859375
      vertex 18.899999618530273 9.16506290435791 6.75
      vertex 18.899999618530273 9.309698104858398 6.456707954406738
    endloop
  endfacet
  facet normal 1 0 0
    outer loop
      vertex 18.899999618530273 10.135045051574707 9.3734130859375
      vertex 18.899999618530273 8.983383178710938 7.021903038024902
      vertex 18.899999618530273 9.16506290435791 6.75
    endloop
  endfacet
  facet normal 1 0 0
    outer loop
      vertex 18.899999618530273 10.135045051574707 9.3734130859375
      vertex 18.899999618530273 8.767766952514648 7.267766952514648
      vertex 18.899999618530273 8.983383178710938 7.021903038024902
    endloop
  endfacet
  facet normal 1 0 0
    outer loop
      vertex 18.899999618530273 7.956707954406738 7.809698104858398
      vertex 18.899999618530273 9.230732917785645 9.895517349243164
      vertex 18.899999618530273 8.735275268554688 10.063702583312988
    endloop
  endfacet
  facet normal 1 0 0
    outer loop
      vertex 18.899999618530273 10.135045051574707 9.3734130859375
      vertex 18.899999618530273 8.521903038024902 7.4833831787109375
      vertex 18.899999618530273 8.767766952514648 7.267766952514648
    endloop
  endfacet
  facet normal 1 0 0
    outer loop
      vertex 18.899999618530273 9.699999809265137 9.664101600646973
      vertex 18.899999618530273 8.25 7.66506290435791
      vertex 18.899999618530273 8.521903038024902 7.4833831787109375
    endloop
  endfacet
  facet normal 1 0 0
    outer loop
      vertex 18.899999618530273 7.956707954406738 7.809698104858398
      vertex 18.899999618530273 8.735275268554688 10.063702583312988
      vertex 18.899999618530273 8.2221040725708 10.165779113769531
    endloop
  endfacet
  facet normal 1 0 0
    outer loop
      vertex 18.899999618530273 9.230732917785645 9.895517349243164
      vertex 18.899999618530273 7.956707954406738 7.809698104858398
      vertex 18.899999618530273 8.25 7.66506290435791
    endloop
  endfacet
  facet normal 1 0 0
    outer loop
      vertex 18.899999618530273 7.64704704284668 7.914813995361328
      vertex 18.899999618530273 8.2221040725708 10.165779113769531
      vertex 18.899999618530273 7.699999809265137 10.199999809265137
    endloop
  endfacet
  facet normal 1 0 0
    outer loop
      vertex 18.899999618530273 8.2221040725708 10.165779113769531
      vertex 18.899999618530273 7.64704704284668 7.914813995361328
      vertex 18.899999618530273 7.956707954406738 7.809698104858398
    endloop
  endfacet
  facet normal 1 0 0
    outer loop
      vertex 18.899999618530273 7.699999809265137 10.199999809265137
      vertex 18.899999618530273 7.326314926147461 7.978611946105957
      vertex 18.899999618530273 7.64704704284668 7.914813995361328
    endloop
  endfacet
  facet normal 1 0 0
    outer loop
      vertex 18.899999618530273 7.699999809265137 10.199999809265137
      vertex 18.899999618530273 7 8
      vertex 18.899999618530273 7.326314926147461 7.978611946105957
    endloop
  endfacet
  facet normal 1 0 0
    outer loop
      vertex 18.899999618530273 7.699999809265137 10.199999809265137
      vertex 18.899999618530273 4 9.299999237060547
      vertex 18.899999618530273 7 8
    endloop
  endfacet
  facet normal 1 0 0
    outer loop
      vertex 18.899999618530273 7.699999809265137 10.199999809265137
      vertex 18.899999618530273 -4 9.299999237060547
      vertex 18.899999618530273 4 9.299999237060547
    endloop
  endfacet
  facet normal 1 0 0
    outer loop
      vertex 18.899999618530273 -4 9.299999237060547
      vertex 18.899999618530273 -7 8
      vertex 18.899999618530273 -4 8
    endloop
  endfacet
  facet normal 1 0 0
    outer loop
      vertex 18.899999618530273 -7.699999809265137 10.199999809265137
      vertex 18.899999618530273 -7 8
      vertex 18.899999618530273 -4 9.299999237060547
    endloop
  endfacet
  facet normal 1 0 0
    outer loop
      vertex 18.899999618530273 -7 8
      vertex 18.899999618530273 -7.699999809265137 10.199999809265137
      vertex 18.899999618530273 -7.326314926147461 7.978611946105957
    endloop
  endfacet
  facet normal 1 0 0
    outer loop
      vertex 18.899999618530273 -7.699999809265137 10.199999809265137
      vertex 18.899999618530273 -4 9.299999237060547
      vertex 18.899999618530273 7.699999809265137 10.199999809265137
    endloop
  endfacet
  facet normal 1 0 0
    outer loop
      vertex 18.899999618530273 -7.326314926147461 7.978611946105957
      vertex 18.899999618530273 -7.699999809265137 10.199999809265137
      vertex 18.899999618530273 -7.64704704284668 7.914813995361328
    endloop
  endfacet
  facet normal 1 0 0
    outer loop
      vertex 18.899999618530273 -8.2221040725708 10.165779113769531
      vertex 18.899999618530273 -7.64704704284668 7.914813995361328
      vertex 18.899999618530273 -7.699999809265137 10.199999809265137
    endloop
  endfacet
  facet normal 1 0 0
    outer loop
      vertex 18.899999618530273 -7.64704704284668 7.914813995361328
      vertex 18.899999618530273 -8.2221040725708 10.165779113769531
      vertex 18.899999618530273 -7.956707954406738 7.809698104858398
    endloop
  endfacet
  facet normal 1 0 0
    outer loop
      vertex 18.899999618530273 -8.735275268554688 10.063702583312988
      vertex 18.899999618530273 -7.956707954406738 7.809698104858398
      vertex 18.899999618530273 -8.2221040725708 10.165779113769531
    endloop
  endfacet
  facet normal 1 0 0
    outer loop
      vertex 18.899999618530273 -9.230732917785645 9.895517349243164
      vertex 18.899999618530273 -7.956707954406738 7.809698104858398
      vertex 18.899999618530273 -8.735275268554688 10.063702583312988
    endloop
  endfacet
  facet normal 1 0 0
    outer loop
      vertex 18.899999618530273 -7.956707954406738 7.809698104858398
      vertex 18.899999618530273 -9.230732917785645 9.895517349243164
      vertex 18.899999618530273 -8.25 7.66506290435791
    endloop
  endfacet
  facet normal 1 0 0
    outer loop
      vertex 18.899999618530273 -9.699999809265137 9.664101600646973
      vertex 18.899999618530273 -8.25 7.66506290435791
      vertex 18.899999618530273 -9.230732917785645 9.895517349243164
    endloop
  endfacet
  facet normal 1 0 0
    outer loop
      vertex 18.899999618530273 -8.25 7.66506290435791
      vertex 18.899999618530273 -9.699999809265137 9.664101600646973
      vertex 18.899999618530273 -8.521903038024902 7.4833831787109375
    endloop
  endfacet
  facet normal 1 0 0
    outer loop
      vertex 18.899999618530273 -10.135045051574707 9.3734130859375
      vertex 18.899999618530273 -8.521903038024902 7.4833831787109375
      vertex 18.899999618530273 -9.699999809265137 9.664101600646973
    endloop
  endfacet
  facet normal 1 0 0
    outer loop
      vertex 18.899999618530273 -8.521903038024902 7.4833831787109375
      vertex 18.899999618530273 -10.135045051574707 9.3734130859375
      vertex 18.899999618530273 -8.767766952514648 7.267766952514648
    endloop
  endfacet
  facet normal 1 0 0
    outer loop
      vertex 18.899999618530273 -10.528427124023438 9.028427124023438
      vertex 18.899999618530273 -8.767766952514648 7.267766952514648
      vertex 18.899999618530273 -10.135045051574707 9.3734130859375
    endloop
  endfacet
  facet normal 1 0 0
    outer loop
      vertex 18.899999618530273 -10.529999732971191 9.026634216308594
      vertex 18.899999618530273 -8.767766952514648 7.267766952514648
      vertex 18.899999618530273 -10.528427124023438 9.028427124023438
    endloop
  endfacet
  facet normal 1 0 0
    outer loop
      vertex 18.899999618530273 -8.767766952514648 7.267766952514648
      vertex 18.899999618530273 -10.529999732971191 9.026634216308594
      vertex 18.899999618530273 -8.983383178710938 7.021903038024902
    endloop
  endfacet
  facet normal 1 0 0
    outer loop
      vertex 18.899999618530273 -8.983383178710938 7.021903038024902
      vertex 18.899999618530273 -10.529999732971191 9.026634216308594
      vertex 18.899999618530273 -9.16506290435791 6.75
    endloop
  endfacet
  facet normal 1 0 0
    outer loop
      vertex 18.899999618530273 -9.16506290435791 6.75
      vertex 18.899999618530273 -10.529999732971191 9.026634216308594
      vertex 18.899999618530273 -9.309698104858398 6.456707954406738
    endloop
  endfacet
  facet normal 1 0 0
    outer loop
      vertex 18.899999618530273 -10.529999732971191 5
      vertex 18.899999618530273 -9.414813995361328 6.14704704284668
      vertex 18.899999618530273 -10.529999732971191 9.026634216308594
    endloop
  endfacet
  facet normal 1 0 0
    outer loop
      vertex 18.899999618530273 -9.414813995361328 6.14704704284668
      vertex 18.899999618530273 -10.529999732971191 5
      vertex 18.899999618530273 -9.478611946105957 5.826314926147461
    endloop
  endfacet
  facet normal 1 0 0
    outer loop
      vertex 18.899999618530273 -9.309698104858398 6.456707954406738
      vertex 18.899999618530273 -10.529999732971191 9.026634216308594
      vertex 18.899999618530273 -9.414813995361328 6.14704704284668
    endloop
  endfacet
  facet normal 1 0 0
    outer loop
      vertex 18.899999618530273 -9.478611946105957 5.826314926147461
      vertex 18.899999618530273 -10.529999732971191 5
      vertex 18.899999618530273 -9.5 5.5
    endloop
  endfacet
  facet normal 1 0 0
    outer loop
      vertex 18.899999618530273 -9.5 5.5
      vertex 18.899999618530273 -10.529999732971191 5
      vertex 18.899999618530273 -9.5 5
    endloop
  endfacet
  facet normal 1 0 0
    outer loop
      vertex 18.899999618530273 9.478611946105957 5.826314926147461
      vertex 18.899999618530273 10.529999732971191 9.026634216308594
      vertex 18.899999618530273 10.528427124023438 9.028427124023438
    endloop
  endfacet
  facet normal 1 0 0
    outer loop
      vertex 18.899999618530273 9.478611946105957 5.826314926147461
      vertex 18.899999618530273 10.528427124023438 9.028427124023438
      vertex 18.899999618530273 10.135045051574707 9.3734130859375
    endloop
  endfacet
  facet normal 1 0 0
    outer loop
      vertex 18.899999618530273 8.521903038024902 7.4833831787109375
      vertex 18.899999618530273 10.135045051574707 9.3734130859375
      vertex 18.899999618530273 9.699999809265137 9.664101600646973
    endloop
  endfacet
  facet normal 1 0 0
    outer loop
      vertex 18.899999618530273 9.478611946105957 5.826314926147461
      vertex 18.899999618530273 10.529999732971191 5
      vertex 18.899999618530273 10.529999732971191 9.026634216308594
    endloop
  endfacet
  facet normal 1 0 0
    outer loop
      vertex 18.899999618530273 10.529999732971191 5
      vertex 18.899999618530273 9.5 5.5
      vertex 18.899999618530273 9.5 5
    endloop
  endfacet
  facet normal 1 0 0
    outer loop
      vertex 18.899999618530273 7 8
      vertex 18.899999618530273 4 9.299999237060547
      vertex 18.899999618530273 4 8
    endloop
  endfacet
  facet normal 0 -1 0
    outer loop
      vertex 18.899999618530273 10.529999732971191 5
      vertex 22.099998474121094 10.529999732971191 9.026634216308594
      vertex 18.899999618530273 10.529999732971191 9.026634216308594
    endloop
  endfacet
  facet normal 0 -1 0
    outer loop
      vertex 22.099998474121094 10.529999732971191 9.026634216308594
      vertex 18.899999618530273 10.529999732971191 5
      vertex 22.099998474121094 10.529999732971191 5
    endloop
  endfacet
  facet normal 0 1 0
    outer loop
      vertex 22.099998474121094 -10.529999732971191 5
      vertex 18.899999618530273 -10.529999732971191 9.026634216308594
      vertex 22.099998474121094 -10.529999732971191 9.026634216308594
    endloop
  endfacet
  facet normal 0 1 0
    outer loop
      vertex 18.899999618530273 -10.529999732971191 9.026634216308594
      vertex 22.099998474121094 -10.529999732971191 5
      vertex 18.899999618530273 -10.529999732971191 5
    endloop
  endfacet
  facet normal 0 0 -1
    outer loop
      vertex 5.09999942779541 -4 9.299999237060547
      vertex 18.899999618530273 4 9.299999237060547
      vertex 18.899999618530273 -4 9.299999237060547
    endloop
  endfacet
  facet normal 0 0 -1
    outer loop
      vertex 18.899999618530273 4 9.299999237060547
      vertex 5.09999942779541 -4 9.299999237060547
      vertex 5.09999942779541 4 9.299999237060547
    endloop
  endfacet
  facet normal 0 -1 0
    outer loop
      vertex 5.09999942779541 4 8
      vertex 18.899999618530273 4 9.299999237060547
      vertex 5.09999942779541 4 9.299999237060547
    endloop
  endfacet
  facet normal 0 -1 0
    outer loop
      vertex 18.899999618530273 4 9.299999237060547
      vertex 5.09999942779541 4 8
      vertex 18.899999618530273 4 8
    endloop
  endfacet
  facet normal 0 1 0
    outer loop
      vertex 18.899999618530273 -4 8
      vertex 5.09999942779541 -4 9.299999237060547
      vertex 18.899999618530273 -4 9.299999237060547
    endloop
  endfacet
  facet normal 0 1 0
    outer loop
      vertex 5.09999942779541 -4 9.299999237060547
      vertex 18.899999618530273 -4 8
      vertex 5.09999942779541 -4 8
    endloop
  endfacet
  facet normal 0 0 -1
    outer loop
      vertex 0 -1.0999994277954102 9.199999809265137
      vertex 1.8999996185302734 1.0999994277954102 9.199999809265137
      vertex 1.8999996185302734 -1.0999994277954102 9.199999809265137
    endloop
  endfacet
  facet normal 0 0 -1
    outer loop
      vertex 1.8999996185302734 1.0999994277954102 9.199999809265137
      vertex 0 -1.0999994277954102 9.199999809265137
      vertex 0 1.0999994277954102 9.199999809265137
    endloop
  endfacet
  facet normal 0 -1 0
    outer loop
      vertex 0 1.0999994277954102 8
      vertex 1.8999996185302734 1.0999994277954102 9.199999809265137
      vertex 0 1.0999994277954102 9.199999809265137
    endloop
  endfacet
  facet normal 0 -1 0
    outer loop
      vertex 1.8999996185302734 1.0999994277954102 9.199999809265137
      vertex 0 1.0999994277954102 8
      vertex 1.8999996185302734 1.0999994277954102 8
    endloop
  endfacet
  facet normal 0 1 0
    outer loop
      vertex 1.8999996185302734 -1.0999994277954102 8
      vertex 0 -1.0999994277954102 9.199999809265137
      vertex 1.8999996185302734 -1.0999994277954102 9.199999809265137
    endloop
  endfacet
  facet normal 0 1 0
    outer loop
      vertex 0 -1.0999994277954102 9.199999809265137
      vertex 1.8999996185302734 -1.0999994277954102 8
      vertex 0 -1.0999994277954102 8
    endloop
  endfacet
  facet normal 0 -0.06540095505103774 0.997859065739452
    outer loop
      vertex 1.9999990463256836 -14.049894332885742 -1.1401615142822266
      vertex 5.59999942779541 -14.199999809265137 -1.1499996185302734
      vertex 5.59999942779541 -14.049894332885742 -1.1401615142822266
    endloop
  endfacet
  facet normal 0 -0.06540095505103774 0.997859065739452
    outer loop
      vertex 5.59999942779541 -14.199999809265137 -1.1499996185302734
      vertex 1.9999990463256836 -14.049894332885742 -1.1401615142822266
      vertex 1.9999990463256836 -14.199999809265137 -1.1499996185302734
    endloop
  endfacet
  facet normal 0 -0.06540095505103775 0.9978590657394522
    outer loop
      vertex 10.199999809265137 -14.049894332885742 -1.1401615142822266
      vertex 13.799999237060547 -14.199999809265137 -1.1499996185302734
      vertex 13.799999237060547 -14.049894332885742 -1.1401615142822266
    endloop
  endfacet
  facet normal 0 -0.06540095505103775 0.9978590657394522
    outer loop
      vertex 13.799999237060547 -14.199999809265137 -1.1499996185302734
      vertex 10.199999809265137 -14.049894332885742 -1.1401615142822266
      vertex 10.199999809265137 -14.199999809265137 -1.1499996185302734
    endloop
  endfacet
  facet normal 0 -0.06540095505103774 0.997859065739452
    outer loop
      vertex 18.399999618530273 -14.049894332885742 -1.1401615142822266
      vertex 22 -14.199999809265137 -1.1499996185302734
      vertex 22 -14.049894332885742 -1.1401615142822266
    endloop
  endfacet
  facet normal 0 -0.06540095505103774 0.997859065739452
    outer loop
      vertex 22 -14.199999809265137 -1.1499996185302734
      vertex 18.399999618530273 -14.049894332885742 -1.1401615142822266
      vertex 18.399999618530273 -14.199999809265137 -1.1499996185302734
    endloop
  endfacet
  facet normal 0 0.6593439669299997 -0.7518414282766089
    outer loop
      vertex 1.9999990463256836 -15.013172149658203 0.8131723403930664
      vertex 5.59999942779541 -14.90007495880127 0.9123554229736328
      vertex 5.59999942779541 -15.013172149658203 0.8131723403930664
    endloop
  endfacet
  facet normal 0 0.6593439669299997 -0.7518414282766089
    outer loop
      vertex 5.59999942779541 -14.90007495880127 0.9123554229736328
      vertex 1.9999990463256836 -15.013172149658203 0.8131723403930664
      vertex 1.9999990463256836 -14.90007495880127 0.9123554229736328
    endloop
  endfacet
  facet normal 0 0.6593439669299997 -0.7518414282766088
    outer loop
      vertex 10.199999809265137 -15.013172149658203 0.8131723403930664
      vertex 13.799999237060547 -14.90007495880127 0.9123554229736328
      vertex 13.799999237060547 -15.013172149658203 0.8131723403930664
    endloop
  endfacet
  facet normal 0 0.6593439669299997 -0.7518414282766088
    outer loop
      vertex 13.799999237060547 -14.90007495880127 0.9123554229736328
      vertex 10.199999809265137 -15.013172149658203 0.8131723403930664
      vertex 10.199999809265137 -14.90007495880127 0.9123554229736328
    endloop
  endfacet
  facet normal 0 0.6593439669299997 -0.7518414282766089
    outer loop
      vertex 18.399999618530273 -15.013172149658203 0.8131723403930664
      vertex 22 -14.90007495880127 0.9123554229736328
      vertex 22 -15.013172149658203 0.8131723403930664
    endloop
  endfacet
  facet normal 0 0.6593439669299997 -0.7518414282766089
    outer loop
      vertex 22 -14.90007495880127 0.9123554229736328
      vertex 18.399999618530273 -15.013172149658203 0.8131723403930664
      vertex 18.399999618530273 -14.90007495880127 0.9123554229736328
    endloop
  endfacet
  facet normal 0 0.5555733162377211 -0.8314675521537933
    outer loop
      vertex 1.9999990463256836 -14.90007495880127 0.9123554229736328
      vertex 5.59999942779541 -14.774999618530273 0.9959287643432617
      vertex 5.59999942779541 -14.90007495880127 0.9123554229736328
    endloop
  endfacet
  facet normal 0 0.5555733162377211 -0.8314675521537933
    outer loop
      vertex 5.59999942779541 -14.774999618530273 0.9959287643432617
      vertex 1.9999990463256836 -14.90007495880127 0.9123554229736328
      vertex 1.9999990463256836 -14.774999618530273 0.9959287643432617
    endloop
  endfacet
  facet normal 0 0.5555733162377212 -0.8314675521537934
    outer loop
      vertex 10.199999809265137 -14.90007495880127 0.9123554229736328
      vertex 13.799999237060547 -14.774999618530273 0.9959287643432617
      vertex 13.799999237060547 -14.90007495880127 0.9123554229736328
    endloop
  endfacet
  facet normal 0 0.5555733162377212 -0.8314675521537934
    outer loop
      vertex 13.799999237060547 -14.774999618530273 0.9959287643432617
      vertex 10.199999809265137 -14.90007495880127 0.9123554229736328
      vertex 10.199999809265137 -14.774999618530273 0.9959287643432617
    endloop
  endfacet
  facet normal 0 0.5555733162377211 -0.8314675521537933
    outer loop
      vertex 18.399999618530273 -14.90007495880127 0.9123554229736328
      vertex 22 -14.774999618530273 0.9959287643432617
      vertex 22 -14.90007495880127 0.9123554229736328
    endloop
  endfacet
  facet normal 0 0.5555733162377211 -0.8314675521537933
    outer loop
      vertex 22 -14.774999618530273 0.9959287643432617
      vertex 18.399999618530273 -14.90007495880127 0.9123554229736328
      vertex 18.399999618530273 -14.774999618530273 0.9959287643432617
    endloop
  endfacet
  facet normal 0 0.7518382855096705 0.6593475505694087
    outer loop
      vertex 5.59999942779541 -15.013172149658203 -0.8131723403930664
      vertex 1.9999990463256836 -15.112356185913086 -0.7000751495361328
      vertex 5.59999942779541 -15.112356185913086 -0.7000751495361328
    endloop
  endfacet
  facet normal 0 0.7518382855096705 0.6593475505694087
    outer loop
      vertex 1.9999990463256836 -15.112356185913086 -0.7000751495361328
      vertex 5.59999942779541 -15.013172149658203 -0.8131723403930664
      vertex 1.9999990463256836 -15.013172149658203 -0.8131723403930664
    endloop
  endfacet
  facet normal 0 0.7518382855096706 0.6593475505694087
    outer loop
      vertex 13.799999237060547 -15.013172149658203 -0.8131723403930664
      vertex 10.199999809265137 -15.112356185913086 -0.7000751495361328
      vertex 13.799999237060547 -15.112356185913086 -0.7000751495361328
    endloop
  endfacet
  facet normal 0 0.7518382855096706 0.6593475505694087
    outer loop
      vertex 10.199999809265137 -15.112356185913086 -0.7000751495361328
      vertex 13.799999237060547 -15.013172149658203 -0.8131723403930664
      vertex 10.199999809265137 -15.013172149658203 -0.8131723403930664
    endloop
  endfacet
  facet normal 0 0.7518382855096705 0.6593475505694087
    outer loop
      vertex 22 -15.013172149658203 -0.8131723403930664
      vertex 18.399999618530273 -15.112356185913086 -0.7000751495361328
      vertex 22 -15.112356185913086 -0.7000751495361328
    endloop
  endfacet
  facet normal 0 0.7518382855096705 0.6593475505694087
    outer loop
      vertex 18.399999618530273 -15.112356185913086 -0.7000751495361328
      vertex 22 -15.013172149658203 -0.8131723403930664
      vertex 18.399999618530273 -15.013172149658203 -0.8131723403930664
    endloop
  endfacet
  facet normal 0 -0.5555703876475168 -0.8314695089834551
    outer loop
      vertex 1.9999990463256836 -13.625 0.9959287643432617
      vertex 5.59999942779541 -13.499923706054688 0.9123554229736328
      vertex 5.59999942779541 -13.625 0.9959287643432617
    endloop
  endfacet
  facet normal 0 -0.5555703876475168 -0.8314695089834551
    outer loop
      vertex 5.59999942779541 -13.499923706054688 0.9123554229736328
      vertex 1.9999990463256836 -13.625 0.9959287643432617
      vertex 1.9999990463256836 -13.499923706054688 0.9123554229736328
    endloop
  endfacet
  facet normal 0 -0.5555703876475168 -0.8314695089834551
    outer loop
      vertex 10.199999809265137 -13.625 0.9959287643432617
      vertex 13.799999237060547 -13.499923706054688 0.9123554229736328
      vertex 13.799999237060547 -13.625 0.9959287643432617
    endloop
  endfacet
  facet normal 0 -0.5555703876475168 -0.8314695089834551
    outer loop
      vertex 13.799999237060547 -13.499923706054688 0.9123554229736328
      vertex 10.199999809265137 -13.625 0.9959287643432617
      vertex 10.199999809265137 -13.499923706054688 0.9123554229736328
    endloop
  endfacet
  facet normal 0 -0.5555703876475168 -0.8314695089834551
    outer loop
      vertex 18.399999618530273 -13.625 0.9959287643432617
      vertex 22 -13.499923706054688 0.9123554229736328
      vertex 22 -13.625 0.9959287643432617
    endloop
  endfacet
  facet normal 0 -0.5555703876475168 -0.8314695089834551
    outer loop
      vertex 22 -13.499923706054688 0.9123554229736328
      vertex 18.399999618530273 -13.625 0.9959287643432617
      vertex 18.399999618530273 -13.499923706054688 0.9123554229736328
    endloop
  endfacet
  facet normal 0 -0.896873488764054 0.4422871749804582
    outer loop
      vertex 1.9999990463256836 -13.204070091247559 -0.5749998092651367
      vertex 5.59999942779541 -13.137537956237793 -0.44008541107177734
      vertex 1.9999990463256836 -13.137537956237793 -0.44008541107177734
    endloop
  endfacet
  facet normal 0 -0.896873488764054 0.4422871749804582
    outer loop
      vertex 5.59999942779541 -13.137537956237793 -0.44008541107177734
      vertex 1.9999990463256836 -13.204070091247559 -0.5749998092651367
      vertex 5.59999942779541 -13.204070091247559 -0.5749998092651367
    endloop
  endfacet
  facet normal 0 -0.8968734887640538 0.44228717498045816
    outer loop
      vertex 10.199999809265137 -13.204070091247559 -0.5749998092651367
      vertex 13.799999237060547 -13.137537956237793 -0.44008541107177734
      vertex 10.199999809265137 -13.137537956237793 -0.44008541107177734
    endloop
  endfacet
  facet normal 0 -0.8968734887640538 0.44228717498045816
    outer loop
      vertex 13.799999237060547 -13.137537956237793 -0.44008541107177734
      vertex 10.199999809265137 -13.204070091247559 -0.5749998092651367
      vertex 13.799999237060547 -13.204070091247559 -0.5749998092651367
    endloop
  endfacet
  facet normal 0 -0.896873488764054 0.4422871749804582
    outer loop
      vertex 18.399999618530273 -13.204070091247559 -0.5749998092651367
      vertex 22 -13.137537956237793 -0.44008541107177734
      vertex 18.399999618530273 -13.137537956237793 -0.44008541107177734
    endloop
  endfacet
  facet normal 0 -0.896873488764054 0.4422871749804582
    outer loop
      vertex 22 -13.137537956237793 -0.44008541107177734
      vertex 18.399999618530273 -13.204070091247559 -0.5749998092651367
      vertex 22 -13.204070091247559 -0.5749998092651367
    endloop
  endfacet
  facet normal 0 0.4422871749804582 0.896873488764054
    outer loop
      vertex 1.9999990463256836 -14.640085220336914 -1.0624608993530273
      vertex 5.59999942779541 -14.774999618530273 -0.9959287643432617
      vertex 5.59999942779541 -14.640085220336914 -1.0624608993530273
    endloop
  endfacet
  facet normal 0 0.4422871749804582 0.896873488764054
    outer loop
      vertex 5.59999942779541 -14.774999618530273 -0.9959287643432617
      vertex 1.9999990463256836 -14.640085220336914 -1.0624608993530273
      vertex 1.9999990463256836 -14.774999618530273 -0.9959287643432617
    endloop
  endfacet
  facet normal 0 0.44228717498045816 0.8968734887640538
    outer loop
      vertex 10.199999809265137 -14.640085220336914 -1.0624608993530273
      vertex 13.799999237060547 -14.774999618530273 -0.9959287643432617
      vertex 13.799999237060547 -14.640085220336914 -1.0624608993530273
    endloop
  endfacet
  facet normal 0 0.44228717498045816 0.8968734887640538
    outer loop
      vertex 13.799999237060547 -14.774999618530273 -0.9959287643432617
      vertex 10.199999809265137 -14.640085220336914 -1.0624608993530273
      vertex 10.199999809265137 -14.774999618530273 -0.9959287643432617
    endloop
  endfacet
  facet normal 0 0.4422871749804582 0.896873488764054
    outer loop
      vertex 18.399999618530273 -14.640085220336914 -1.0624608993530273
      vertex 22 -14.774999618530273 -0.9959287643432617
      vertex 22 -14.640085220336914 -1.0624608993530273
    endloop
  endfacet
  facet normal 0 0.4422871749804582 0.896873488764054
    outer loop
      vertex 22 -14.774999618530273 -0.9959287643432617
      vertex 18.399999618530273 -14.640085220336914 -1.0624608993530273
      vertex 18.399999618530273 -14.774999618530273 -0.9959287643432617
    endloop
  endfacet
  facet normal 0 -0.7518414282766089 -0.6593439669299997
    outer loop
      vertex 1.9999990463256836 -13.287643432617188 0.7000751495361328
      vertex 5.59999942779541 -13.386826515197754 0.8131723403930664
      vertex 1.9999990463256836 -13.386826515197754 0.8131723403930664
    endloop
  endfacet
  facet normal 0 -0.7518414282766089 -0.6593439669299997
    outer loop
      vertex 5.59999942779541 -13.386826515197754 0.8131723403930664
      vertex 1.9999990463256836 -13.287643432617188 0.7000751495361328
      vertex 5.59999942779541 -13.287643432617188 0.7000751495361328
    endloop
  endfacet
  facet normal 0 -0.7518414282766088 -0.6593439669299997
    outer loop
      vertex 10.199999809265137 -13.287643432617188 0.7000751495361328
      vertex 13.799999237060547 -13.386826515197754 0.8131723403930664
      vertex 10.199999809265137 -13.386826515197754 0.8131723403930664
    endloop
  endfacet
  facet normal 0 -0.7518414282766088 -0.6593439669299997
    outer loop
      vertex 13.799999237060547 -13.386826515197754 0.8131723403930664
      vertex 10.199999809265137 -13.287643432617188 0.7000751495361328
      vertex 13.799999237060547 -13.287643432617188 0.7000751495361328
    endloop
  endfacet
  facet normal 0 -0.7518414282766089 -0.6593439669299997
    outer loop
      vertex 18.399999618530273 -13.287643432617188 0.7000751495361328
      vertex 22 -13.386826515197754 0.8131723403930664
      vertex 18.399999618530273 -13.386826515197754 0.8131723403930664
    endloop
  endfacet
  facet normal 0 -0.7518414282766089 -0.6593439669299997
    outer loop
      vertex 22 -13.386826515197754 0.8131723403930664
      vertex 18.399999618530273 -13.287643432617188 0.7000751495361328
      vertex 22 -13.287643432617188 0.7000751495361328
    endloop
  endfacet
  facet normal 0 -0.9469299490026768 0.32143999701622034
    outer loop
      vertex 1.9999990463256836 -13.137537956237793 -0.44008541107177734
      vertex 5.59999942779541 -13.089184761047363 -0.2976417541503906
      vertex 1.9999990463256836 -13.089184761047363 -0.2976417541503906
    endloop
  endfacet
  facet normal 0 -0.9469299490026768 0.32143999701622034
    outer loop
      vertex 5.59999942779541 -13.089184761047363 -0.2976417541503906
      vertex 1.9999990463256836 -13.137537956237793 -0.44008541107177734
      vertex 5.59999942779541 -13.137537956237793 -0.44008541107177734
    endloop
  endfacet
  facet normal 0 -0.946929949002677 0.3214399970162204
    outer loop
      vertex 10.199999809265137 -13.137537956237793 -0.44008541107177734
      vertex 13.799999237060547 -13.089184761047363 -0.2976417541503906
      vertex 10.199999809265137 -13.089184761047363 -0.2976417541503906
    endloop
  endfacet
  facet normal 0 -0.946929949002677 0.3214399970162204
    outer loop
      vertex 13.799999237060547 -13.089184761047363 -0.2976417541503906
      vertex 10.199999809265137 -13.137537956237793 -0.44008541107177734
      vertex 13.799999237060547 -13.137537956237793 -0.44008541107177734
    endloop
  endfacet
  facet normal 0 -0.9469299490026768 0.32143999701622034
    outer loop
      vertex 18.399999618530273 -13.137537956237793 -0.44008541107177734
      vertex 22 -13.089184761047363 -0.2976417541503906
      vertex 18.399999618530273 -13.089184761047363 -0.2976417541503906
    endloop
  endfacet
  facet normal 0 -0.9469299490026768 0.32143999701622034
    outer loop
      vertex 22 -13.089184761047363 -0.2976417541503906
      vertex 18.399999618530273 -13.137537956237793 -0.44008541107177734
      vertex 22 -13.137537956237793 -0.44008541107177734
    endloop
  endfacet
  facet normal 0 -0.19509434720017343 0.9807844797357564
    outer loop
      vertex 1.9999990463256836 -13.902358055114746 -1.110814094543457
      vertex 5.59999942779541 -14.049894332885742 -1.1401615142822266
      vertex 5.59999942779541 -13.902358055114746 -1.110814094543457
    endloop
  endfacet
  facet normal 0 -0.19509434720017343 0.9807844797357564
    outer loop
      vertex 5.59999942779541 -14.049894332885742 -1.1401615142822266
      vertex 1.9999990463256836 -13.902358055114746 -1.110814094543457
      vertex 1.9999990463256836 -14.049894332885742 -1.1401615142822266
    endloop
  endfacet
  facet normal 0 -0.19509434720017343 0.9807844797357563
    outer loop
      vertex 10.199999809265137 -13.902358055114746 -1.110814094543457
      vertex 13.799999237060547 -14.049894332885742 -1.1401615142822266
      vertex 13.799999237060547 -13.902358055114746 -1.110814094543457
    endloop
  endfacet
  facet normal 0 -0.19509434720017343 0.9807844797357563
    outer loop
      vertex 13.799999237060547 -14.049894332885742 -1.1401615142822266
      vertex 10.199999809265137 -13.902358055114746 -1.110814094543457
      vertex 10.199999809265137 -14.049894332885742 -1.1401615142822266
    endloop
  endfacet
  facet normal 0 -0.19509434720017343 0.9807844797357564
    outer loop
      vertex 18.399999618530273 -13.902358055114746 -1.110814094543457
      vertex 22 -14.049894332885742 -1.1401615142822266
      vertex 22 -13.902358055114746 -1.110814094543457
    endloop
  endfacet
  facet normal 0 -0.19509434720017343 0.9807844797357564
    outer loop
      vertex 22 -14.049894332885742 -1.1401615142822266
      vertex 18.399999618530273 -13.902358055114746 -1.110814094543457
      vertex 18.399999618530273 -14.049894332885742 -1.1401615142822266
    endloop
  endfacet
  facet normal 0 0.19509313411729517 0.9807847210373389
    outer loop
      vertex 1.9999990463256836 -14.350104331970215 -1.1401615142822266
      vertex 5.59999942779541 -14.497641563415527 -1.110814094543457
      vertex 5.59999942779541 -14.350104331970215 -1.1401615142822266
    endloop
  endfacet
  facet normal 0 0.19509313411729517 0.9807847210373389
    outer loop
      vertex 5.59999942779541 -14.497641563415527 -1.110814094543457
      vertex 1.9999990463256836 -14.350104331970215 -1.1401615142822266
      vertex 1.9999990463256836 -14.497641563415527 -1.110814094543457
    endloop
  endfacet
  facet normal 0 0.19509313411729517 0.980784721037339
    outer loop
      vertex 10.199999809265137 -14.350104331970215 -1.1401615142822266
      vertex 13.799999237060547 -14.497641563415527 -1.110814094543457
      vertex 13.799999237060547 -14.350104331970215 -1.1401615142822266
    endloop
  endfacet
  facet normal 0 0.19509313411729517 0.980784721037339
    outer loop
      vertex 13.799999237060547 -14.497641563415527 -1.110814094543457
      vertex 10.199999809265137 -14.350104331970215 -1.1401615142822266
      vertex 10.199999809265137 -14.497641563415527 -1.110814094543457
    endloop
  endfacet
  facet normal 0 0.19509313411729517 0.9807847210373389
    outer loop
      vertex 18.399999618530273 -14.350104331970215 -1.1401615142822266
      vertex 22 -14.497641563415527 -1.110814094543457
      vertex 22 -14.350104331970215 -1.1401615142822266
    endloop
  endfacet
  facet normal 0 0.19509313411729517 0.9807847210373389
    outer loop
      vertex 22 -14.497641563415527 -1.110814094543457
      vertex 18.399999618530273 -14.350104331970215 -1.1401615142822266
      vertex 18.399999618530273 -14.497641563415527 -1.110814094543457
    endloop
  endfacet
  facet normal 0 0.8314704807547524 0.5555689332868256
    outer loop
      vertex 5.59999942779541 -15.112356185913086 -0.7000751495361328
      vertex 1.9999990463256836 -15.195928573608398 -0.5749998092651367
      vertex 5.59999942779541 -15.195928573608398 -0.5749998092651367
    endloop
  endfacet
  facet normal 0 0.8314704807547524 0.5555689332868256
    outer loop
      vertex 1.9999990463256836 -15.195928573608398 -0.5749998092651367
      vertex 5.59999942779541 -15.112356185913086 -0.7000751495361328
      vertex 1.9999990463256836 -15.112356185913086 -0.7000751495361328
    endloop
  endfacet
  facet normal 0 0.8314704807547523 0.5555689332868256
    outer loop
      vertex 13.799999237060547 -15.112356185913086 -0.7000751495361328
      vertex 10.199999809265137 -15.195928573608398 -0.5749998092651367
      vertex 13.799999237060547 -15.195928573608398 -0.5749998092651367
    endloop
  endfacet
  facet normal 0 0.8314704807547523 0.5555689332868256
    outer loop
      vertex 10.199999809265137 -15.195928573608398 -0.5749998092651367
      vertex 13.799999237060547 -15.112356185913086 -0.7000751495361328
      vertex 10.199999809265137 -15.112356185913086 -0.7000751495361328
    endloop
  endfacet
  facet normal 0 0.8314704807547524 0.5555689332868256
    outer loop
      vertex 22 -15.112356185913086 -0.7000751495361328
      vertex 18.399999618530273 -15.195928573608398 -0.5749998092651367
      vertex 22 -15.195928573608398 -0.5749998092651367
    endloop
  endfacet
  facet normal 0 0.8314704807547524 0.5555689332868256
    outer loop
      vertex 18.399999618530273 -15.195928573608398 -0.5749998092651367
      vertex 22 -15.112356185913086 -0.7000751495361328
      vertex 18.399999618530273 -15.112356185913086 -0.7000751495361328
    endloop
  endfacet
  facet normal 0 0.32143999701622034 0.9469299490026768
    outer loop
      vertex 1.9999990463256836 -14.497641563415527 -1.110814094543457
      vertex 5.59999942779541 -14.640085220336914 -1.0624608993530273
      vertex 5.59999942779541 -14.497641563415527 -1.110814094543457
    endloop
  endfacet
  facet normal 0 0.32143999701622034 0.9469299490026768
    outer loop
      vertex 5.59999942779541 -14.640085220336914 -1.0624608993530273
      vertex 1.9999990463256836 -14.497641563415527 -1.110814094543457
      vertex 1.9999990463256836 -14.640085220336914 -1.0624608993530273
    endloop
  endfacet
  facet normal 0 0.3214399970162204 0.946929949002677
    outer loop
      vertex 10.199999809265137 -14.497641563415527 -1.110814094543457
      vertex 13.799999237060547 -14.640085220336914 -1.0624608993530273
      vertex 13.799999237060547 -14.497641563415527 -1.110814094543457
    endloop
  endfacet
  facet normal 0 0.3214399970162204 0.946929949002677
    outer loop
      vertex 13.799999237060547 -14.640085220336914 -1.0624608993530273
      vertex 10.199999809265137 -14.497641563415527 -1.110814094543457
      vertex 10.199999809265137 -14.640085220336914 -1.0624608993530273
    endloop
  endfacet
  facet normal 0 0.32143999701622034 0.9469299490026768
    outer loop
      vertex 18.399999618530273 -14.497641563415527 -1.110814094543457
      vertex 22 -14.640085220336914 -1.0624608993530273
      vertex 22 -14.497641563415527 -1.110814094543457
    endloop
  endfacet
  facet normal 0 0.32143999701622034 0.9469299490026768
    outer loop
      vertex 22 -14.640085220336914 -1.0624608993530273
      vertex 18.399999618530273 -14.497641563415527 -1.110814094543457
      vertex 18.399999618530273 -14.640085220336914 -1.0624608993530273
    endloop
  endfacet
  facet normal 0 0.06540136879226292 0.9978590386222387
    outer loop
      vertex 1.9999990463256836 -14.199999809265137 -1.1499996185302734
      vertex 5.59999942779541 -14.350104331970215 -1.1401615142822266
      vertex 5.59999942779541 -14.199999809265137 -1.1499996185302734
    endloop
  endfacet
  facet normal 0 0.06540136879226292 0.9978590386222387
    outer loop
      vertex 5.59999942779541 -14.350104331970215 -1.1401615142822266
      vertex 1.9999990463256836 -14.199999809265137 -1.1499996185302734
      vertex 1.9999990463256836 -14.350104331970215 -1.1401615142822266
    endloop
  endfacet
  facet normal 0 0.06540136879226292 0.9978590386222387
    outer loop
      vertex 10.199999809265137 -14.199999809265137 -1.1499996185302734
      vertex 13.799999237060547 -14.350104331970215 -1.1401615142822266
      vertex 13.799999237060547 -14.199999809265137 -1.1499996185302734
    endloop
  endfacet
  facet normal 0 0.06540136879226292 0.9978590386222387
    outer loop
      vertex 13.799999237060547 -14.350104331970215 -1.1401615142822266
      vertex 10.199999809265137 -14.199999809265137 -1.1499996185302734
      vertex 10.199999809265137 -14.350104331970215 -1.1401615142822266
    endloop
  endfacet
  facet normal 0 0.06540136879226292 0.9978590386222387
    outer loop
      vertex 18.399999618530273 -14.199999809265137 -1.1499996185302734
      vertex 22 -14.350104331970215 -1.1401615142822266
      vertex 22 -14.199999809265137 -1.1499996185302734
    endloop
  endfacet
  facet normal 0 0.06540136879226292 0.9978590386222387
    outer loop
      vertex 22 -14.350104331970215 -1.1401615142822266
      vertex 18.399999618530273 -14.199999809265137 -1.1499996185302734
      vertex 18.399999618530273 -14.350104331970215 -1.1401615142822266
    endloop
  endfacet
  facet normal 0 -0.44228968982228506 0.8968722485822086
    outer loop
      vertex 1.9999990463256836 -13.625 -0.9959287643432617
      vertex 5.59999942779541 -13.759913444519043 -1.0624608993530273
      vertex 5.59999942779541 -13.625 -0.9959287643432617
    endloop
  endfacet
  facet normal 0 -0.44228968982228506 0.8968722485822086
    outer loop
      vertex 5.59999942779541 -13.759913444519043 -1.0624608993530273
      vertex 1.9999990463256836 -13.625 -0.9959287643432617
      vertex 1.9999990463256836 -13.759913444519043 -1.0624608993530273
    endloop
  endfacet
  facet normal 0 -0.442289689822285 0.8968722485822085
    outer loop
      vertex 10.199999809265137 -13.625 -0.9959287643432617
      vertex 13.799999237060547 -13.759913444519043 -1.0624608993530273
      vertex 13.799999237060547 -13.625 -0.9959287643432617
    endloop
  endfacet
  facet normal 0 -0.442289689822285 0.8968722485822085
    outer loop
      vertex 13.799999237060547 -13.759913444519043 -1.0624608993530273
      vertex 10.199999809265137 -13.625 -0.9959287643432617
      vertex 10.199999809265137 -13.759913444519043 -1.0624608993530273
    endloop
  endfacet
  facet normal 0 -0.44228968982228506 0.8968722485822086
    outer loop
      vertex 18.399999618530273 -13.625 -0.9959287643432617
      vertex 22 -13.759913444519043 -1.0624608993530273
      vertex 22 -13.625 -0.9959287643432617
    endloop
  endfacet
  facet normal 0 -0.44228968982228506 0.8968722485822086
    outer loop
      vertex 22 -13.759913444519043 -1.0624608993530273
      vertex 18.399999618530273 -13.625 -0.9959287643432617
      vertex 18.399999618530273 -13.759913444519043 -1.0624608993530273
    endloop
  endfacet
  facet normal 0 0.8314704807547524 -0.5555689332868256
    outer loop
      vertex 5.59999942779541 -15.195928573608398 0.5749998092651367
      vertex 1.9999990463256836 -15.112356185913086 0.7000751495361328
      vertex 5.59999942779541 -15.112356185913086 0.7000751495361328
    endloop
  endfacet
  facet normal 0 0.8314704807547524 -0.5555689332868256
    outer loop
      vertex 1.9999990463256836 -15.112356185913086 0.7000751495361328
      vertex 5.59999942779541 -15.195928573608398 0.5749998092651367
      vertex 1.9999990463256836 -15.195928573608398 0.5749998092651367
    endloop
  endfacet
  facet normal 0 0.8314704807547523 -0.5555689332868256
    outer loop
      vertex 13.799999237060547 -15.195928573608398 0.5749998092651367
      vertex 10.199999809265137 -15.112356185913086 0.7000751495361328
      vertex 13.799999237060547 -15.112356185913086 0.7000751495361328
    endloop
  endfacet
  facet normal 0 0.8314704807547523 -0.5555689332868256
    outer loop
      vertex 10.199999809265137 -15.112356185913086 0.7000751495361328
      vertex 13.799999237060547 -15.195928573608398 0.5749998092651367
      vertex 10.199999809265137 -15.195928573608398 0.5749998092651367
    endloop
  endfacet
  facet normal 0 0.8314704807547524 -0.5555689332868256
    outer loop
      vertex 22 -15.195928573608398 0.5749998092651367
      vertex 18.399999618530273 -15.112356185913086 0.7000751495361328
      vertex 22 -15.112356185913086 0.7000751495361328
    endloop
  endfacet
  facet normal 0 0.8314704807547524 -0.5555689332868256
    outer loop
      vertex 18.399999618530273 -15.112356185913086 0.7000751495361328
      vertex 22 -15.195928573608398 0.5749998092651367
      vertex 18.399999618530273 -15.195928573608398 0.5749998092651367
    endloop
  endfacet
  facet normal 0 -0.19509434720017343 -0.9807844797357564
    outer loop
      vertex 1.9999990463256836 -14.049894332885742 1.1401615142822266
      vertex 5.59999942779541 -13.902358055114746 1.110814094543457
      vertex 5.59999942779541 -14.049894332885742 1.1401615142822266
    endloop
  endfacet
  facet normal 0 -0.19509434720017343 -0.9807844797357564
    outer loop
      vertex 5.59999942779541 -13.902358055114746 1.110814094543457
      vertex 1.9999990463256836 -14.049894332885742 1.1401615142822266
      vertex 1.9999990463256836 -13.902358055114746 1.110814094543457
    endloop
  endfacet
  facet normal 0 -0.19509434720017343 -0.9807844797357563
    outer loop
      vertex 10.199999809265137 -14.049894332885742 1.1401615142822266
      vertex 13.799999237060547 -13.902358055114746 1.110814094543457
      vertex 13.799999237060547 -14.049894332885742 1.1401615142822266
    endloop
  endfacet
  facet normal 0 -0.19509434720017343 -0.9807844797357563
    outer loop
      vertex 13.799999237060547 -13.902358055114746 1.110814094543457
      vertex 10.199999809265137 -14.049894332885742 1.1401615142822266
      vertex 10.199999809265137 -13.902358055114746 1.110814094543457
    endloop
  endfacet
  facet normal 0 -0.19509434720017343 -0.9807844797357564
    outer loop
      vertex 18.399999618530273 -14.049894332885742 1.1401615142822266
      vertex 22 -13.902358055114746 1.110814094543457
      vertex 22 -14.049894332885742 1.1401615142822266
    endloop
  endfacet
  facet normal 0 -0.19509434720017343 -0.9807844797357564
    outer loop
      vertex 22 -13.902358055114746 1.110814094543457
      vertex 18.399999618530273 -14.049894332885742 1.1401615142822266
      vertex 18.399999618530273 -13.902358055114746 1.110814094543457
    endloop
  endfacet
  facet normal 0 -0.9807859340953641 -0.19508703565507385
    outer loop
      vertex 1.9999990463256836 -13.05983829498291 0.15010452270507812
      vertex 5.59999942779541 -13.089184761047363 0.2976417541503906
      vertex 1.9999990463256836 -13.089184761047363 0.2976417541503906
    endloop
  endfacet
  facet normal 0 -0.9807859340953641 -0.19508703565507385
    outer loop
      vertex 5.59999942779541 -13.089184761047363 0.2976417541503906
      vertex 1.9999990463256836 -13.05983829498291 0.15010452270507812
      vertex 5.59999942779541 -13.05983829498291 0.15010452270507812
    endloop
  endfacet
  facet normal 0 -0.9807859340953642 -0.19508703565507385
    outer loop
      vertex 10.199999809265137 -13.05983829498291 0.15010452270507812
      vertex 13.799999237060547 -13.089184761047363 0.2976417541503906
      vertex 10.199999809265137 -13.089184761047363 0.2976417541503906
    endloop
  endfacet
  facet normal 0 -0.9807859340953642 -0.19508703565507385
    outer loop
      vertex 13.799999237060547 -13.089184761047363 0.2976417541503906
      vertex 10.199999809265137 -13.05983829498291 0.15010452270507812
      vertex 13.799999237060547 -13.05983829498291 0.15010452270507812
    endloop
  endfacet
  facet normal 0 -0.9807859340953641 -0.19508703565507385
    outer loop
      vertex 18.399999618530273 -13.05983829498291 0.15010452270507812
      vertex 22 -13.089184761047363 0.2976417541503906
      vertex 18.399999618530273 -13.089184761047363 0.2976417541503906
    endloop
  endfacet
  facet normal 0 -0.9807859340953641 -0.19508703565507385
    outer loop
      vertex 22 -13.089184761047363 0.2976417541503906
      vertex 18.399999618530273 -13.05983829498291 0.15010452270507812
      vertex 22 -13.05983829498291 0.15010452270507812
    endloop
  endfacet
  facet normal 0 -0.32143806731471686 0.9469306040470862
    outer loop
      vertex 1.9999990463256836 -13.759913444519043 -1.0624608993530273
      vertex 5.59999942779541 -13.902358055114746 -1.110814094543457
      vertex 5.59999942779541 -13.759913444519043 -1.0624608993530273
    endloop
  endfacet
  facet normal 0 -0.32143806731471686 0.9469306040470862
    outer loop
      vertex 5.59999942779541 -13.902358055114746 -1.110814094543457
      vertex 1.9999990463256836 -13.759913444519043 -1.0624608993530273
      vertex 1.9999990463256836 -13.902358055114746 -1.110814094543457
    endloop
  endfacet
  facet normal 0 -0.32143806731471686 0.9469306040470862
    outer loop
      vertex 10.199999809265137 -13.759913444519043 -1.0624608993530273
      vertex 13.799999237060547 -13.902358055114746 -1.110814094543457
      vertex 13.799999237060547 -13.759913444519043 -1.0624608993530273
    endloop
  endfacet
  facet normal 0 -0.32143806731471686 0.9469306040470862
    outer loop
      vertex 13.799999237060547 -13.902358055114746 -1.110814094543457
      vertex 10.199999809265137 -13.759913444519043 -1.0624608993530273
      vertex 10.199999809265137 -13.902358055114746 -1.110814094543457
    endloop
  endfacet
  facet normal 0 -0.32143806731471686 0.9469306040470862
    outer loop
      vertex 18.399999618530273 -13.759913444519043 -1.0624608993530273
      vertex 22 -13.902358055114746 -1.110814094543457
      vertex 22 -13.759913444519043 -1.0624608993530273
    endloop
  endfacet
  facet normal 0 -0.32143806731471686 0.9469306040470862
    outer loop
      vertex 22 -13.902358055114746 -1.110814094543457
      vertex 18.399999618530273 -13.759913444519043 -1.0624608993530273
      vertex 18.399999618530273 -13.902358055114746 -1.110814094543457
    endloop
  endfacet
  facet normal 0 0.7518382855096705 -0.6593475505694087
    outer loop
      vertex 5.59999942779541 -15.112356185913086 0.7000751495361328
      vertex 1.9999990463256836 -15.013172149658203 0.8131723403930664
      vertex 5.59999942779541 -15.013172149658203 0.8131723403930664
    endloop
  endfacet
  facet normal 0 0.7518382855096705 -0.6593475505694087
    outer loop
      vertex 1.9999990463256836 -15.013172149658203 0.8131723403930664
      vertex 5.59999942779541 -15.112356185913086 0.7000751495361328
      vertex 1.9999990463256836 -15.112356185913086 0.7000751495361328
    endloop
  endfacet
  facet normal 0 0.7518382855096706 -0.6593475505694087
    outer loop
      vertex 13.799999237060547 -15.112356185913086 0.7000751495361328
      vertex 10.199999809265137 -15.013172149658203 0.8131723403930664
      vertex 13.799999237060547 -15.013172149658203 0.8131723403930664
    endloop
  endfacet
  facet normal 0 0.7518382855096706 -0.6593475505694087
    outer loop
      vertex 10.199999809265137 -15.013172149658203 0.8131723403930664
      vertex 13.799999237060547 -15.112356185913086 0.7000751495361328
      vertex 10.199999809265137 -15.112356185913086 0.7000751495361328
    endloop
  endfacet
  facet normal 0 0.7518382855096705 -0.6593475505694087
    outer loop
      vertex 22 -15.112356185913086 0.7000751495361328
      vertex 18.399999618530273 -15.013172149658203 0.8131723403930664
      vertex 22 -15.013172149658203 0.8131723403930664
    endloop
  endfacet
  facet normal 0 0.7518382855096705 -0.6593475505694087
    outer loop
      vertex 18.399999618530273 -15.013172149658203 0.8131723403930664
      vertex 22 -15.112356185913086 0.7000751495361328
      vertex 18.399999618530273 -15.112356185913086 0.7000751495361328
    endloop
  endfacet
  facet normal 0 -0.896873488764054 -0.4422871749804582
    outer loop
      vertex 1.9999990463256836 -13.137537956237793 0.44008541107177734
      vertex 5.59999942779541 -13.204070091247559 0.5749998092651367
      vertex 1.9999990463256836 -13.204070091247559 0.5749998092651367
    endloop
  endfacet
  facet normal 0 -0.896873488764054 -0.4422871749804582
    outer loop
      vertex 5.59999942779541 -13.204070091247559 0.5749998092651367
      vertex 1.9999990463256836 -13.137537956237793 0.44008541107177734
      vertex 5.59999942779541 -13.137537956237793 0.44008541107177734
    endloop
  endfacet
  facet normal 0 -0.8968734887640538 -0.44228717498045816
    outer loop
      vertex 10.199999809265137 -13.137537956237793 0.44008541107177734
      vertex 13.799999237060547 -13.204070091247559 0.5749998092651367
      vertex 10.199999809265137 -13.204070091247559 0.5749998092651367
    endloop
  endfacet
  facet normal 0 -0.8968734887640538 -0.44228717498045816
    outer loop
      vertex 13.799999237060547 -13.204070091247559 0.5749998092651367
      vertex 10.199999809265137 -13.137537956237793 0.44008541107177734
      vertex 13.799999237060547 -13.137537956237793 0.44008541107177734
    endloop
  endfacet
  facet normal 0 -0.896873488764054 -0.4422871749804582
    outer loop
      vertex 18.399999618530273 -13.137537956237793 0.44008541107177734
      vertex 22 -13.204070091247559 0.5749998092651367
      vertex 18.399999618530273 -13.204070091247559 0.5749998092651367
    endloop
  endfacet
  facet normal 0 -0.896873488764054 -0.4422871749804582
    outer loop
      vertex 22 -13.204070091247559 0.5749998092651367
      vertex 18.399999618530273 -13.137537956237793 0.44008541107177734
      vertex 22 -13.137537956237793 0.44008541107177734
    endloop
  endfacet
  facet normal 0 0.4422871749804582 -0.896873488764054
    outer loop
      vertex 1.9999990463256836 -14.774999618530273 0.9959287643432617
      vertex 5.59999942779541 -14.640085220336914 1.0624608993530273
      vertex 5.59999942779541 -14.774999618530273 0.9959287643432617
    endloop
  endfacet
  facet normal 0 0.4422871749804582 -0.896873488764054
    outer loop
      vertex 5.59999942779541 -14.640085220336914 1.0624608993530273
      vertex 1.9999990463256836 -14.774999618530273 0.9959287643432617
      vertex 1.9999990463256836 -14.640085220336914 1.0624608993530273
    endloop
  endfacet
  facet normal 0 0.44228717498045816 -0.8968734887640538
    outer loop
      vertex 10.199999809265137 -14.774999618530273 0.9959287643432617
      vertex 13.799999237060547 -14.640085220336914 1.0624608993530273
      vertex 13.799999237060547 -14.774999618530273 0.9959287643432617
    endloop
  endfacet
  facet normal 0 0.44228717498045816 -0.8968734887640538
    outer loop
      vertex 13.799999237060547 -14.640085220336914 1.0624608993530273
      vertex 10.199999809265137 -14.774999618530273 0.9959287643432617
      vertex 10.199999809265137 -14.640085220336914 1.0624608993530273
    endloop
  endfacet
  facet normal 0 0.4422871749804582 -0.896873488764054
    outer loop
      vertex 18.399999618530273 -14.774999618530273 0.9959287643432617
      vertex 22 -14.640085220336914 1.0624608993530273
      vertex 22 -14.774999618530273 0.9959287643432617
    endloop
  endfacet
  facet normal 0 0.4422871749804582 -0.896873488764054
    outer loop
      vertex 22 -14.640085220336914 1.0624608993530273
      vertex 18.399999618530273 -14.774999618530273 0.9959287643432617
      vertex 18.399999618530273 -14.640085220336914 1.0624608993530273
    endloop
  endfacet
  facet normal 0 -0.44228968982228506 -0.8968722485822086
    outer loop
      vertex 1.9999990463256836 -13.759913444519043 1.0624608993530273
      vertex 5.59999942779541 -13.625 0.9959287643432617
      vertex 5.59999942779541 -13.759913444519043 1.0624608993530273
    endloop
  endfacet
  facet normal 0 -0.44228968982228506 -0.8968722485822086
    outer loop
      vertex 5.59999942779541 -13.625 0.9959287643432617
      vertex 1.9999990463256836 -13.759913444519043 1.0624608993530273
      vertex 1.9999990463256836 -13.625 0.9959287643432617
    endloop
  endfacet
  facet normal 0 -0.442289689822285 -0.8968722485822085
    outer loop
      vertex 10.199999809265137 -13.759913444519043 1.0624608993530273
      vertex 13.799999237060547 -13.625 0.9959287643432617
      vertex 13.799999237060547 -13.759913444519043 1.0624608993530273
    endloop
  endfacet
  facet normal 0 -0.442289689822285 -0.8968722485822085
    outer loop
      vertex 13.799999237060547 -13.625 0.9959287643432617
      vertex 10.199999809265137 -13.759913444519043 1.0624608993530273
      vertex 10.199999809265137 -13.625 0.9959287643432617
    endloop
  endfacet
  facet normal 0 -0.44228968982228506 -0.8968722485822086
    outer loop
      vertex 18.399999618530273 -13.759913444519043 1.0624608993530273
      vertex 22 -13.625 0.9959287643432617
      vertex 22 -13.759913444519043 1.0624608993530273
    endloop
  endfacet
  facet normal 0 -0.44228968982228506 -0.8968722485822086
    outer loop
      vertex 22 -13.625 0.9959287643432617
      vertex 18.399999618530273 -13.759913444519043 1.0624608993530273
      vertex 18.399999618530273 -13.625 0.9959287643432617
    endloop
  endfacet
  facet normal 0 -0.9807859340953641 0.19508703565507385
    outer loop
      vertex 1.9999990463256836 -13.089184761047363 -0.2976417541503906
      vertex 5.59999942779541 -13.05983829498291 -0.15010452270507812
      vertex 1.9999990463256836 -13.05983829498291 -0.15010452270507812
    endloop
  endfacet
  facet normal 0 -0.9807859340953641 0.19508703565507385
    outer loop
      vertex 5.59999942779541 -13.05983829498291 -0.15010452270507812
      vertex 1.9999990463256836 -13.089184761047363 -0.2976417541503906
      vertex 5.59999942779541 -13.089184761047363 -0.2976417541503906
    endloop
  endfacet
  facet normal 0 -0.9807859340953642 0.19508703565507385
    outer loop
      vertex 10.199999809265137 -13.089184761047363 -0.2976417541503906
      vertex 13.799999237060547 -13.05983829498291 -0.15010452270507812
      vertex 10.199999809265137 -13.05983829498291 -0.15010452270507812
    endloop
  endfacet
  facet normal 0 -0.9807859340953642 0.19508703565507385
    outer loop
      vertex 13.799999237060547 -13.05983829498291 -0.15010452270507812
      vertex 10.199999809265137 -13.089184761047363 -0.2976417541503906
      vertex 13.799999237060547 -13.089184761047363 -0.2976417541503906
    endloop
  endfacet
  facet normal 0 -0.9807859340953641 0.19508703565507385
    outer loop
      vertex 18.399999618530273 -13.089184761047363 -0.2976417541503906
      vertex 22 -13.05983829498291 -0.15010452270507812
      vertex 18.399999618530273 -13.05983829498291 -0.15010452270507812
    endloop
  endfacet
  facet normal 0 -0.9807859340953641 0.19508703565507385
    outer loop
      vertex 22 -13.05983829498291 -0.15010452270507812
      vertex 18.399999618530273 -13.089184761047363 -0.2976417541503906
      vertex 22 -13.089184761047363 -0.2976417541503906
    endloop
  endfacet
  facet normal 0 0.9469299490026768 0.32143999701622034
    outer loop
      vertex 5.59999942779541 -15.262460708618164 -0.44008541107177734
      vertex 1.9999990463256836 -15.310813903808594 -0.2976417541503906
      vertex 5.59999942779541 -15.310813903808594 -0.2976417541503906
    endloop
  endfacet
  facet normal 0 0.9469299490026768 0.32143999701622034
    outer loop
      vertex 1.9999990463256836 -15.310813903808594 -0.2976417541503906
      vertex 5.59999942779541 -15.262460708618164 -0.44008541107177734
      vertex 1.9999990463256836 -15.262460708618164 -0.44008541107177734
    endloop
  endfacet
  facet normal 0 0.946929949002677 0.3214399970162204
    outer loop
      vertex 13.799999237060547 -15.262460708618164 -0.44008541107177734
      vertex 10.199999809265137 -15.310813903808594 -0.2976417541503906
      vertex 13.799999237060547 -15.310813903808594 -0.2976417541503906
    endloop
  endfacet
  facet normal 0 0.946929949002677 0.3214399970162204
    outer loop
      vertex 10.199999809265137 -15.310813903808594 -0.2976417541503906
      vertex 13.799999237060547 -15.262460708618164 -0.44008541107177734
      vertex 10.199999809265137 -15.262460708618164 -0.44008541107177734
    endloop
  endfacet
  facet normal 0 0.9469299490026768 0.32143999701622034
    outer loop
      vertex 22 -15.262460708618164 -0.44008541107177734
      vertex 18.399999618530273 -15.310813903808594 -0.2976417541503906
      vertex 22 -15.310813903808594 -0.2976417541503906
    endloop
  endfacet
  facet normal 0 0.9469299490026768 0.32143999701622034
    outer loop
      vertex 18.399999618530273 -15.310813903808594 -0.2976417541503906
      vertex 22 -15.262460708618164 -0.44008541107177734
      vertex 18.399999618530273 -15.262460708618164 -0.44008541107177734
    endloop
  endfacet
  facet normal 0 -0.9978586248586055 0.06540768147008967
    outer loop
      vertex 1.9999990463256836 -13.05983829498291 -0.15010452270507812
      vertex 5.59999942779541 -13.049999237060547 0
      vertex 1.9999990463256836 -13.049999237060547 0
    endloop
  endfacet
  facet normal 0 -0.9978586248586055 0.06540768147008967
    outer loop
      vertex 5.59999942779541 -13.049999237060547 0
      vertex 1.9999990463256836 -13.05983829498291 -0.15010452270507812
      vertex 5.59999942779541 -13.05983829498291 -0.15010452270507812
    endloop
  endfacet
  facet normal 0 -0.9978586248586055 0.06540768147008967
    outer loop
      vertex 10.199999809265137 -13.05983829498291 -0.15010452270507812
      vertex 13.799999237060547 -13.049999237060547 0
      vertex 10.199999809265137 -13.049999237060547 0
    endloop
  endfacet
  facet normal 0 -0.9978586248586055 0.06540768147008967
    outer loop
      vertex 13.799999237060547 -13.049999237060547 0
      vertex 10.199999809265137 -13.05983829498291 -0.15010452270507812
      vertex 13.799999237060547 -13.05983829498291 -0.15010452270507812
    endloop
  endfacet
  facet normal 0 -0.9978586248586055 0.06540768147008967
    outer loop
      vertex 18.399999618530273 -13.05983829498291 -0.15010452270507812
      vertex 22 -13.049999237060547 0
      vertex 18.399999618530273 -13.049999237060547 0
    endloop
  endfacet
  facet normal 0 -0.9978586248586055 0.06540768147008967
    outer loop
      vertex 22 -13.049999237060547 0
      vertex 18.399999618530273 -13.05983829498291 -0.15010452270507812
      vertex 22 -13.05983829498291 -0.15010452270507812
    endloop
  endfacet
  facet normal 0 -0.7518414282766089 0.6593439669299997
    outer loop
      vertex 1.9999990463256836 -13.386826515197754 -0.8131723403930664
      vertex 5.59999942779541 -13.287643432617188 -0.7000751495361328
      vertex 1.9999990463256836 -13.287643432617188 -0.7000751495361328
    endloop
  endfacet
  facet normal 0 -0.7518414282766089 0.6593439669299997
    outer loop
      vertex 5.59999942779541 -13.287643432617188 -0.7000751495361328
      vertex 1.9999990463256836 -13.386826515197754 -0.8131723403930664
      vertex 5.59999942779541 -13.386826515197754 -0.8131723403930664
    endloop
  endfacet
  facet normal 0 -0.7518414282766088 0.6593439669299997
    outer loop
      vertex 10.199999809265137 -13.386826515197754 -0.8131723403930664
      vertex 13.799999237060547 -13.287643432617188 -0.7000751495361328
      vertex 10.199999809265137 -13.287643432617188 -0.7000751495361328
    endloop
  endfacet
  facet normal 0 -0.7518414282766088 0.6593439669299997
    outer loop
      vertex 13.799999237060547 -13.287643432617188 -0.7000751495361328
      vertex 10.199999809265137 -13.386826515197754 -0.8131723403930664
      vertex 13.799999237060547 -13.386826515197754 -0.8131723403930664
    endloop
  endfacet
  facet normal 0 -0.7518414282766089 0.6593439669299997
    outer loop
      vertex 18.399999618530273 -13.386826515197754 -0.8131723403930664
      vertex 22 -13.287643432617188 -0.7000751495361328
      vertex 18.399999618530273 -13.287643432617188 -0.7000751495361328
    endloop
  endfacet
  facet normal 0 -0.7518414282766089 0.6593439669299997
    outer loop
      vertex 22 -13.287643432617188 -0.7000751495361328
      vertex 18.399999618530273 -13.386826515197754 -0.8131723403930664
      vertex 22 -13.386826515197754 -0.8131723403930664
    endloop
  endfacet
  facet normal 0 -0.06540095505103774 -0.997859065739452
    outer loop
      vertex 1.9999990463256836 -14.199999809265137 1.1499996185302734
      vertex 5.59999942779541 -14.049894332885742 1.1401615142822266
      vertex 5.59999942779541 -14.199999809265137 1.1499996185302734
    endloop
  endfacet
  facet normal 0 -0.06540095505103774 -0.997859065739452
    outer loop
      vertex 5.59999942779541 -14.049894332885742 1.1401615142822266
      vertex 1.9999990463256836 -14.199999809265137 1.1499996185302734
      vertex 1.9999990463256836 -14.049894332885742 1.1401615142822266
    endloop
  endfacet
  facet normal 0 -0.06540095505103775 -0.9978590657394522
    outer loop
      vertex 10.199999809265137 -14.199999809265137 1.1499996185302734
      vertex 13.799999237060547 -14.049894332885742 1.1401615142822266
      vertex 13.799999237060547 -14.199999809265137 1.1499996185302734
    endloop
  endfacet
  facet normal 0 -0.06540095505103775 -0.9978590657394522
    outer loop
      vertex 13.799999237060547 -14.049894332885742 1.1401615142822266
      vertex 10.199999809265137 -14.199999809265137 1.1499996185302734
      vertex 10.199999809265137 -14.049894332885742 1.1401615142822266
    endloop
  endfacet
  facet normal 0 -0.06540095505103774 -0.997859065739452
    outer loop
      vertex 18.399999618530273 -14.199999809265137 1.1499996185302734
      vertex 22 -14.049894332885742 1.1401615142822266
      vertex 22 -14.199999809265137 1.1499996185302734
    endloop
  endfacet
  facet normal 0 -0.06540095505103774 -0.997859065739452
    outer loop
      vertex 22 -14.049894332885742 1.1401615142822266
      vertex 18.399999618530273 -14.199999809265137 1.1499996185302734
      vertex 18.399999618530273 -14.049894332885742 1.1401615142822266
    endloop
  endfacet
  facet normal 0 -0.32143806731471686 -0.9469306040470862
    outer loop
      vertex 1.9999990463256836 -13.902358055114746 1.110814094543457
      vertex 5.59999942779541 -13.759913444519043 1.0624608993530273
      vertex 5.59999942779541 -13.902358055114746 1.110814094543457
    endloop
  endfacet
  facet normal 0 -0.32143806731471686 -0.9469306040470862
    outer loop
      vertex 5.59999942779541 -13.759913444519043 1.0624608993530273
      vertex 1.9999990463256836 -13.902358055114746 1.110814094543457
      vertex 1.9999990463256836 -13.759913444519043 1.0624608993530273
    endloop
  endfacet
  facet normal 0 -0.32143806731471686 -0.9469306040470862
    outer loop
      vertex 10.199999809265137 -13.902358055114746 1.110814094543457
      vertex 13.799999237060547 -13.759913444519043 1.0624608993530273
      vertex 13.799999237060547 -13.902358055114746 1.110814094543457
    endloop
  endfacet
  facet normal 0 -0.32143806731471686 -0.9469306040470862
    outer loop
      vertex 13.799999237060547 -13.759913444519043 1.0624608993530273
      vertex 10.199999809265137 -13.902358055114746 1.110814094543457
      vertex 10.199999809265137 -13.759913444519043 1.0624608993530273
    endloop
  endfacet
  facet normal 0 -0.32143806731471686 -0.9469306040470862
    outer loop
      vertex 18.399999618530273 -13.902358055114746 1.110814094543457
      vertex 22 -13.759913444519043 1.0624608993530273
      vertex 22 -13.902358055114746 1.110814094543457
    endloop
  endfacet
  facet normal 0 -0.32143806731471686 -0.9469306040470862
    outer loop
      vertex 22 -13.759913444519043 1.0624608993530273
      vertex 18.399999618530273 -13.902358055114746 1.110814094543457
      vertex 18.399999618530273 -13.759913444519043 1.0624608993530273
    endloop
  endfacet
  facet normal 0 0.32143999701622034 -0.9469299490026768
    outer loop
      vertex 1.9999990463256836 -14.640085220336914 1.0624608993530273
      vertex 5.59999942779541 -14.497641563415527 1.110814094543457
      vertex 5.59999942779541 -14.640085220336914 1.0624608993530273
    endloop
  endfacet
  facet normal 0 0.32143999701622034 -0.9469299490026768
    outer loop
      vertex 5.59999942779541 -14.497641563415527 1.110814094543457
      vertex 1.9999990463256836 -14.640085220336914 1.0624608993530273
      vertex 1.9999990463256836 -14.497641563415527 1.110814094543457
    endloop
  endfacet
  facet normal 0 0.3214399970162204 -0.946929949002677
    outer loop
      vertex 10.199999809265137 -14.640085220336914 1.0624608993530273
      vertex 13.799999237060547 -14.497641563415527 1.110814094543457
      vertex 13.799999237060547 -14.640085220336914 1.0624608993530273
    endloop
  endfacet
  facet normal 0 0.3214399970162204 -0.946929949002677
    outer loop
      vertex 13.799999237060547 -14.497641563415527 1.110814094543457
      vertex 10.199999809265137 -14.640085220336914 1.0624608993530273
      vertex 10.199999809265137 -14.497641563415527 1.110814094543457
    endloop
  endfacet
  facet normal 0 0.32143999701622034 -0.9469299490026768
    outer loop
      vertex 18.399999618530273 -14.640085220336914 1.0624608993530273
      vertex 22 -14.497641563415527 1.110814094543457
      vertex 22 -14.640085220336914 1.0624608993530273
    endloop
  endfacet
  facet normal 0 0.32143999701622034 -0.9469299490026768
    outer loop
      vertex 22 -14.497641563415527 1.110814094543457
      vertex 18.399999618530273 -14.640085220336914 1.0624608993530273
      vertex 18.399999618530273 -14.497641563415527 1.110814094543457
    endloop
  endfacet
  facet normal 0 0.19509313411729517 -0.9807847210373389
    outer loop
      vertex 1.9999990463256836 -14.497641563415527 1.110814094543457
      vertex 5.59999942779541 -14.350104331970215 1.1401615142822266
      vertex 5.59999942779541 -14.497641563415527 1.110814094543457
    endloop
  endfacet
  facet normal 0 0.19509313411729517 -0.9807847210373389
    outer loop
      vertex 5.59999942779541 -14.350104331970215 1.1401615142822266
      vertex 1.9999990463256836 -14.497641563415527 1.110814094543457
      vertex 1.9999990463256836 -14.350104331970215 1.1401615142822266
    endloop
  endfacet
  facet normal 0 0.19509313411729517 -0.980784721037339
    outer loop
      vertex 10.199999809265137 -14.497641563415527 1.110814094543457
      vertex 13.799999237060547 -14.350104331970215 1.1401615142822266
      vertex 13.799999237060547 -14.497641563415527 1.110814094543457
    endloop
  endfacet
  facet normal 0 0.19509313411729517 -0.980784721037339
    outer loop
      vertex 13.799999237060547 -14.350104331970215 1.1401615142822266
      vertex 10.199999809265137 -14.497641563415527 1.110814094543457
      vertex 10.199999809265137 -14.350104331970215 1.1401615142822266
    endloop
  endfacet
  facet normal 0 0.19509313411729517 -0.9807847210373389
    outer loop
      vertex 18.399999618530273 -14.497641563415527 1.110814094543457
      vertex 22 -14.350104331970215 1.1401615142822266
      vertex 22 -14.497641563415527 1.110814094543457
    endloop
  endfacet
  facet normal 0 0.19509313411729517 -0.9807847210373389
    outer loop
      vertex 22 -14.350104331970215 1.1401615142822266
      vertex 18.399999618530273 -14.497641563415527 1.110814094543457
      vertex 18.399999618530273 -14.350104331970215 1.1401615142822266
    endloop
  endfacet
  facet normal 0 -0.9469299490026768 -0.32143999701622034
    outer loop
      vertex 1.9999990463256836 -13.089184761047363 0.2976417541503906
      vertex 5.59999942779541 -13.137537956237793 0.44008541107177734
      vertex 1.9999990463256836 -13.137537956237793 0.44008541107177734
    endloop
  endfacet
  facet normal 0 -0.9469299490026768 -0.32143999701622034
    outer loop
      vertex 5.59999942779541 -13.137537956237793 0.44008541107177734
      vertex 1.9999990463256836 -13.089184761047363 0.2976417541503906
      vertex 5.59999942779541 -13.089184761047363 0.2976417541503906
    endloop
  endfacet
  facet normal 0 -0.946929949002677 -0.3214399970162204
    outer loop
      vertex 10.199999809265137 -13.089184761047363 0.2976417541503906
      vertex 13.799999237060547 -13.137537956237793 0.44008541107177734
      vertex 10.199999809265137 -13.137537956237793 0.44008541107177734
    endloop
  endfacet
  facet normal 0 -0.946929949002677 -0.3214399970162204
    outer loop
      vertex 13.799999237060547 -13.137537956237793 0.44008541107177734
      vertex 10.199999809265137 -13.089184761047363 0.2976417541503906
      vertex 13.799999237060547 -13.089184761047363 0.2976417541503906
    endloop
  endfacet
  facet normal 0 -0.9469299490026768 -0.32143999701622034
    outer loop
      vertex 18.399999618530273 -13.089184761047363 0.2976417541503906
      vertex 22 -13.137537956237793 0.44008541107177734
      vertex 18.399999618530273 -13.137537956237793 0.44008541107177734
    endloop
  endfacet
  facet normal 0 -0.9469299490026768 -0.32143999701622034
    outer loop
      vertex 22 -13.137537956237793 0.44008541107177734
      vertex 18.399999618530273 -13.089184761047363 0.2976417541503906
      vertex 22 -13.089184761047363 0.2976417541503906
    endloop
  endfacet
  facet normal 0 0.896873488764054 0.4422871749804582
    outer loop
      vertex 5.59999942779541 -15.195928573608398 -0.5749998092651367
      vertex 1.9999990463256836 -15.262460708618164 -0.44008541107177734
      vertex 5.59999942779541 -15.262460708618164 -0.44008541107177734
    endloop
  endfacet
  facet normal 0 0.896873488764054 0.4422871749804582
    outer loop
      vertex 1.9999990463256836 -15.262460708618164 -0.44008541107177734
      vertex 5.59999942779541 -15.195928573608398 -0.5749998092651367
      vertex 1.9999990463256836 -15.195928573608398 -0.5749998092651367
    endloop
  endfacet
  facet normal 0 0.8968734887640538 0.44228717498045816
    outer loop
      vertex 13.799999237060547 -15.195928573608398 -0.5749998092651367
      vertex 10.199999809265137 -15.262460708618164 -0.44008541107177734
      vertex 13.799999237060547 -15.262460708618164 -0.44008541107177734
    endloop
  endfacet
  facet normal 0 0.8968734887640538 0.44228717498045816
    outer loop
      vertex 10.199999809265137 -15.262460708618164 -0.44008541107177734
      vertex 13.799999237060547 -15.195928573608398 -0.5749998092651367
      vertex 10.199999809265137 -15.195928573608398 -0.5749998092651367
    endloop
  endfacet
  facet normal 0 0.896873488764054 0.4422871749804582
    outer loop
      vertex 22 -15.195928573608398 -0.5749998092651367
      vertex 18.399999618530273 -15.262460708618164 -0.44008541107177734
      vertex 22 -15.262460708618164 -0.44008541107177734
    endloop
  endfacet
  facet normal 0 0.896873488764054 0.4422871749804582
    outer loop
      vertex 18.399999618530273 -15.262460708618164 -0.44008541107177734
      vertex 22 -15.195928573608398 -0.5749998092651367
      vertex 18.399999618530273 -15.195928573608398 -0.5749998092651367
    endloop
  endfacet
  facet normal 0 -0.9978586248586055 -0.06540768147008967
    outer loop
      vertex 1.9999990463256836 -13.049999237060547 0
      vertex 5.59999942779541 -13.05983829498291 0.15010452270507812
      vertex 1.9999990463256836 -13.05983829498291 0.15010452270507812
    endloop
  endfacet
  facet normal 0 -0.9978586248586055 -0.06540768147008967
    outer loop
      vertex 5.59999942779541 -13.05983829498291 0.15010452270507812
      vertex 1.9999990463256836 -13.049999237060547 0
      vertex 5.59999942779541 -13.049999237060547 0
    endloop
  endfacet
  facet normal 0 -0.9978586248586055 -0.06540768147008967
    outer loop
      vertex 10.199999809265137 -13.049999237060547 0
      vertex 13.799999237060547 -13.05983829498291 0.15010452270507812
      vertex 10.199999809265137 -13.05983829498291 0.15010452270507812
    endloop
  endfacet
  facet normal 0 -0.9978586248586055 -0.06540768147008967
    outer loop
      vertex 13.799999237060547 -13.05983829498291 0.15010452270507812
      vertex 10.199999809265137 -13.049999237060547 0
      vertex 13.799999237060547 -13.049999237060547 0
    endloop
  endfacet
  facet normal 0 -0.9978586248586055 -0.06540768147008967
    outer loop
      vertex 18.399999618530273 -13.049999237060547 0
      vertex 22 -13.05983829498291 0.15010452270507812
      vertex 18.399999618530273 -13.05983829498291 0.15010452270507812
    endloop
  endfacet
  facet normal 0 -0.9978586248586055 -0.06540768147008967
    outer loop
      vertex 22 -13.05983829498291 0.15010452270507812
      vertex 18.399999618530273 -13.049999237060547 0
      vertex 22 -13.049999237060547 0
    endloop
  endfacet
  facet normal 0 -0.6593439669299997 -0.7518414282766089
    outer loop
      vertex 1.9999990463256836 -13.499923706054688 0.9123554229736328
      vertex 5.59999942779541 -13.386826515197754 0.8131723403930664
      vertex 5.59999942779541 -13.499923706054688 0.9123554229736328
    endloop
  endfacet
  facet normal 0 -0.6593439669299997 -0.7518414282766089
    outer loop
      vertex 5.59999942779541 -13.386826515197754 0.8131723403930664
      vertex 1.9999990463256836 -13.499923706054688 0.9123554229736328
      vertex 1.9999990463256836 -13.386826515197754 0.8131723403930664
    endloop
  endfacet
  facet normal 0 -0.6593439669299997 -0.7518414282766088
    outer loop
      vertex 10.199999809265137 -13.499923706054688 0.9123554229736328
      vertex 13.799999237060547 -13.386826515197754 0.8131723403930664
      vertex 13.799999237060547 -13.499923706054688 0.9123554229736328
    endloop
  endfacet
  facet normal 0 -0.6593439669299997 -0.7518414282766088
    outer loop
      vertex 13.799999237060547 -13.386826515197754 0.8131723403930664
      vertex 10.199999809265137 -13.499923706054688 0.9123554229736328
      vertex 10.199999809265137 -13.386826515197754 0.8131723403930664
    endloop
  endfacet
  facet normal 0 -0.6593439669299997 -0.7518414282766089
    outer loop
      vertex 18.399999618530273 -13.499923706054688 0.9123554229736328
      vertex 22 -13.386826515197754 0.8131723403930664
      vertex 22 -13.499923706054688 0.9123554229736328
    endloop
  endfacet
  facet normal 0 -0.6593439669299997 -0.7518414282766089
    outer loop
      vertex 22 -13.386826515197754 0.8131723403930664
      vertex 18.399999618530273 -13.499923706054688 0.9123554229736328
      vertex 18.399999618530273 -13.386826515197754 0.8131723403930664
    endloop
  endfacet
  facet normal 0 -0.5555703876475168 0.8314695089834551
    outer loop
      vertex 1.9999990463256836 -13.499923706054688 -0.9123554229736328
      vertex 5.59999942779541 -13.625 -0.9959287643432617
      vertex 5.59999942779541 -13.499923706054688 -0.9123554229736328
    endloop
  endfacet
  facet normal 0 -0.5555703876475168 0.8314695089834551
    outer loop
      vertex 5.59999942779541 -13.625 -0.9959287643432617
      vertex 1.9999990463256836 -13.499923706054688 -0.9123554229736328
      vertex 1.9999990463256836 -13.625 -0.9959287643432617
    endloop
  endfacet
  facet normal 0 -0.5555703876475168 0.8314695089834551
    outer loop
      vertex 10.199999809265137 -13.499923706054688 -0.9123554229736328
      vertex 13.799999237060547 -13.625 -0.9959287643432617
      vertex 13.799999237060547 -13.499923706054688 -0.9123554229736328
    endloop
  endfacet
  facet normal 0 -0.5555703876475168 0.8314695089834551
    outer loop
      vertex 13.799999237060547 -13.625 -0.9959287643432617
      vertex 10.199999809265137 -13.499923706054688 -0.9123554229736328
      vertex 10.199999809265137 -13.625 -0.9959287643432617
    endloop
  endfacet
  facet normal 0 -0.5555703876475168 0.8314695089834551
    outer loop
      vertex 18.399999618530273 -13.499923706054688 -0.9123554229736328
      vertex 22 -13.625 -0.9959287643432617
      vertex 22 -13.499923706054688 -0.9123554229736328
    endloop
  endfacet
  facet normal 0 -0.5555703876475168 0.8314695089834551
    outer loop
      vertex 22 -13.625 -0.9959287643432617
      vertex 18.399999618530273 -13.499923706054688 -0.9123554229736328
      vertex 18.399999618530273 -13.625 -0.9959287643432617
    endloop
  endfacet
  facet normal 0 -0.8314675521537933 0.5555733162377211
    outer loop
      vertex 1.9999990463256836 -13.287643432617188 -0.7000751495361328
      vertex 5.59999942779541 -13.204070091247559 -0.5749998092651367
      vertex 1.9999990463256836 -13.204070091247559 -0.5749998092651367
    endloop
  endfacet
  facet normal 0 -0.8314675521537933 0.5555733162377211
    outer loop
      vertex 5.59999942779541 -13.204070091247559 -0.5749998092651367
      vertex 1.9999990463256836 -13.287643432617188 -0.7000751495361328
      vertex 5.59999942779541 -13.287643432617188 -0.7000751495361328
    endloop
  endfacet
  facet normal 0 -0.8314675521537934 0.5555733162377212
    outer loop
      vertex 10.199999809265137 -13.287643432617188 -0.7000751495361328
      vertex 13.799999237060547 -13.204070091247559 -0.5749998092651367
      vertex 10.199999809265137 -13.204070091247559 -0.5749998092651367
    endloop
  endfacet
  facet normal 0 -0.8314675521537934 0.5555733162377212
    outer loop
      vertex 13.799999237060547 -13.204070091247559 -0.5749998092651367
      vertex 10.199999809265137 -13.287643432617188 -0.7000751495361328
      vertex 13.799999237060547 -13.287643432617188 -0.7000751495361328
    endloop
  endfacet
  facet normal 0 -0.8314675521537933 0.5555733162377211
    outer loop
      vertex 18.399999618530273 -13.287643432617188 -0.7000751495361328
      vertex 22 -13.204070091247559 -0.5749998092651367
      vertex 18.399999618530273 -13.204070091247559 -0.5749998092651367
    endloop
  endfacet
  facet normal 0 -0.8314675521537933 0.5555733162377211
    outer loop
      vertex 22 -13.204070091247559 -0.5749998092651367
      vertex 18.399999618530273 -13.287643432617188 -0.7000751495361328
      vertex 22 -13.287643432617188 -0.7000751495361328
    endloop
  endfacet
  facet normal 0 0.06540136879226292 -0.9978590386222387
    outer loop
      vertex 1.9999990463256836 -14.350104331970215 1.1401615142822266
      vertex 5.59999942779541 -14.199999809265137 1.1499996185302734
      vertex 5.59999942779541 -14.350104331970215 1.1401615142822266
    endloop
  endfacet
  facet normal 0 0.06540136879226292 -0.9978590386222387
    outer loop
      vertex 5.59999942779541 -14.199999809265137 1.1499996185302734
      vertex 1.9999990463256836 -14.350104331970215 1.1401615142822266
      vertex 1.9999990463256836 -14.199999809265137 1.1499996185302734
    endloop
  endfacet
  facet normal 0 0.06540136879226292 -0.9978590386222387
    outer loop
      vertex 10.199999809265137 -14.350104331970215 1.1401615142822266
      vertex 13.799999237060547 -14.199999809265137 1.1499996185302734
      vertex 13.799999237060547 -14.350104331970215 1.1401615142822266
    endloop
  endfacet
  facet normal 0 0.06540136879226292 -0.9978590386222387
    outer loop
      vertex 13.799999237060547 -14.199999809265137 1.1499996185302734
      vertex 10.199999809265137 -14.350104331970215 1.1401615142822266
      vertex 10.199999809265137 -14.199999809265137 1.1499996185302734
    endloop
  endfacet
  facet normal 0 0.06540136879226292 -0.9978590386222387
    outer loop
      vertex 18.399999618530273 -14.350104331970215 1.1401615142822266
      vertex 22 -14.199999809265137 1.1499996185302734
      vertex 22 -14.350104331970215 1.1401615142822266
    endloop
  endfacet
  facet normal 0 0.06540136879226292 -0.9978590386222387
    outer loop
      vertex 22 -14.199999809265137 1.1499996185302734
      vertex 18.399999618530273 -14.350104331970215 1.1401615142822266
      vertex 18.399999618530273 -14.199999809265137 1.1499996185302734
    endloop
  endfacet
  facet normal 0 0.9807847210373389 0.19509313411729517
    outer loop
      vertex 5.59999942779541 -15.310813903808594 -0.2976417541503906
      vertex 1.9999990463256836 -15.340161323547363 -0.15010452270507812
      vertex 5.59999942779541 -15.340161323547363 -0.15010452270507812
    endloop
  endfacet
  facet normal 0 0.9807847210373389 0.19509313411729517
    outer loop
      vertex 1.9999990463256836 -15.340161323547363 -0.15010452270507812
      vertex 5.59999942779541 -15.310813903808594 -0.2976417541503906
      vertex 1.9999990463256836 -15.310813903808594 -0.2976417541503906
    endloop
  endfacet
  facet normal 0 0.980784721037339 0.19509313411729517
    outer loop
      vertex 13.799999237060547 -15.310813903808594 -0.2976417541503906
      vertex 10.199999809265137 -15.340161323547363 -0.15010452270507812
      vertex 13.799999237060547 -15.340161323547363 -0.15010452270507812
    endloop
  endfacet
  facet normal 0 0.980784721037339 0.19509313411729517
    outer loop
      vertex 10.199999809265137 -15.340161323547363 -0.15010452270507812
      vertex 13.799999237060547 -15.310813903808594 -0.2976417541503906
      vertex 10.199999809265137 -15.310813903808594 -0.2976417541503906
    endloop
  endfacet
  facet normal 0 0.9807847210373389 0.19509313411729517
    outer loop
      vertex 22 -15.310813903808594 -0.2976417541503906
      vertex 18.399999618530273 -15.340161323547363 -0.15010452270507812
      vertex 22 -15.340161323547363 -0.15010452270507812
    endloop
  endfacet
  facet normal 0 0.9807847210373389 0.19509313411729517
    outer loop
      vertex 18.399999618530273 -15.340161323547363 -0.15010452270507812
      vertex 22 -15.310813903808594 -0.2976417541503906
      vertex 18.399999618530273 -15.310813903808594 -0.2976417541503906
    endloop
  endfacet
  facet normal 0 0.5555733162377211 0.8314675521537933
    outer loop
      vertex 1.9999990463256836 -14.774999618530273 -0.9959287643432617
      vertex 5.59999942779541 -14.90007495880127 -0.9123554229736328
      vertex 5.59999942779541 -14.774999618530273 -0.9959287643432617
    endloop
  endfacet
  facet normal 0 0.5555733162377211 0.8314675521537933
    outer loop
      vertex 5.59999942779541 -14.90007495880127 -0.9123554229736328
      vertex 1.9999990463256836 -14.774999618530273 -0.9959287643432617
      vertex 1.9999990463256836 -14.90007495880127 -0.9123554229736328
    endloop
  endfacet
  facet normal 0 0.5555733162377212 0.8314675521537934
    outer loop
      vertex 10.199999809265137 -14.774999618530273 -0.9959287643432617
      vertex 13.799999237060547 -14.90007495880127 -0.9123554229736328
      vertex 13.799999237060547 -14.774999618530273 -0.9959287643432617
    endloop
  endfacet
  facet normal 0 0.5555733162377212 0.8314675521537934
    outer loop
      vertex 13.799999237060547 -14.90007495880127 -0.9123554229736328
      vertex 10.199999809265137 -14.774999618530273 -0.9959287643432617
      vertex 10.199999809265137 -14.90007495880127 -0.9123554229736328
    endloop
  endfacet
  facet normal 0 0.5555733162377211 0.8314675521537933
    outer loop
      vertex 18.399999618530273 -14.774999618530273 -0.9959287643432617
      vertex 22 -14.90007495880127 -0.9123554229736328
      vertex 22 -14.774999618530273 -0.9959287643432617
    endloop
  endfacet
  facet normal 0 0.5555733162377211 0.8314675521537933
    outer loop
      vertex 22 -14.90007495880127 -0.9123554229736328
      vertex 18.399999618530273 -14.774999618530273 -0.9959287643432617
      vertex 18.399999618530273 -14.90007495880127 -0.9123554229736328
    endloop
  endfacet
  facet normal 0 0.6593439669299997 0.7518414282766089
    outer loop
      vertex 1.9999990463256836 -14.90007495880127 -0.9123554229736328
      vertex 5.59999942779541 -15.013172149658203 -0.8131723403930664
      vertex 5.59999942779541 -14.90007495880127 -0.9123554229736328
    endloop
  endfacet
  facet normal 0 0.6593439669299997 0.7518414282766089
    outer loop
      vertex 5.59999942779541 -15.013172149658203 -0.8131723403930664
      vertex 1.9999990463256836 -14.90007495880127 -0.9123554229736328
      vertex 1.9999990463256836 -15.013172149658203 -0.8131723403930664
    endloop
  endfacet
  facet normal 0 0.6593439669299997 0.7518414282766088
    outer loop
      vertex 10.199999809265137 -14.90007495880127 -0.9123554229736328
      vertex 13.799999237060547 -15.013172149658203 -0.8131723403930664
      vertex 13.799999237060547 -14.90007495880127 -0.9123554229736328
    endloop
  endfacet
  facet normal 0 0.6593439669299997 0.7518414282766088
    outer loop
      vertex 13.799999237060547 -15.013172149658203 -0.8131723403930664
      vertex 10.199999809265137 -14.90007495880127 -0.9123554229736328
      vertex 10.199999809265137 -15.013172149658203 -0.8131723403930664
    endloop
  endfacet
  facet normal 0 0.6593439669299997 0.7518414282766089
    outer loop
      vertex 18.399999618530273 -14.90007495880127 -0.9123554229736328
      vertex 22 -15.013172149658203 -0.8131723403930664
      vertex 22 -14.90007495880127 -0.9123554229736328
    endloop
  endfacet
  facet normal 0 0.6593439669299997 0.7518414282766089
    outer loop
      vertex 22 -15.013172149658203 -0.8131723403930664
      vertex 18.399999618530273 -14.90007495880127 -0.9123554229736328
      vertex 18.399999618530273 -15.013172149658203 -0.8131723403930664
    endloop
  endfacet
  facet normal 0 0.9978590386222387 -0.06540136879226292
    outer loop
      vertex 5.59999942779541 -15.34999942779541 0
      vertex 1.9999990463256836 -15.340161323547363 0.15010452270507812
      vertex 5.59999942779541 -15.340161323547363 0.15010452270507812
    endloop
  endfacet
  facet normal 0 0.9978590386222387 -0.06540136879226292
    outer loop
      vertex 1.9999990463256836 -15.340161323547363 0.15010452270507812
      vertex 5.59999942779541 -15.34999942779541 0
      vertex 1.9999990463256836 -15.34999942779541 0
    endloop
  endfacet
  facet normal 0 0.9978590386222387 -0.06540136879226292
    outer loop
      vertex 13.799999237060547 -15.34999942779541 0
      vertex 10.199999809265137 -15.340161323547363 0.15010452270507812
      vertex 13.799999237060547 -15.340161323547363 0.15010452270507812
    endloop
  endfacet
  facet normal 0 0.9978590386222387 -0.06540136879226292
    outer loop
      vertex 10.199999809265137 -15.340161323547363 0.15010452270507812
      vertex 13.799999237060547 -15.34999942779541 0
      vertex 10.199999809265137 -15.34999942779541 0
    endloop
  endfacet
  facet normal 0 0.9978590386222387 -0.06540136879226292
    outer loop
      vertex 22 -15.34999942779541 0
      vertex 18.399999618530273 -15.340161323547363 0.15010452270507812
      vertex 22 -15.340161323547363 0.15010452270507812
    endloop
  endfacet
  facet normal 0 0.9978590386222387 -0.06540136879226292
    outer loop
      vertex 18.399999618530273 -15.340161323547363 0.15010452270507812
      vertex 22 -15.34999942779541 0
      vertex 18.399999618530273 -15.34999942779541 0
    endloop
  endfacet
  facet normal 0 0.9807847210373389 -0.19509313411729517
    outer loop
      vertex 5.59999942779541 -15.340161323547363 0.15010452270507812
      vertex 1.9999990463256836 -15.310813903808594 0.2976417541503906
      vertex 5.59999942779541 -15.310813903808594 0.2976417541503906
    endloop
  endfacet
  facet normal 0 0.9807847210373389 -0.19509313411729517
    outer loop
      vertex 1.9999990463256836 -15.310813903808594 0.2976417541503906
      vertex 5.59999942779541 -15.340161323547363 0.15010452270507812
      vertex 1.9999990463256836 -15.340161323547363 0.15010452270507812
    endloop
  endfacet
  facet normal 0 0.980784721037339 -0.19509313411729517
    outer loop
      vertex 13.799999237060547 -15.340161323547363 0.15010452270507812
      vertex 10.199999809265137 -15.310813903808594 0.2976417541503906
      vertex 13.799999237060547 -15.310813903808594 0.2976417541503906
    endloop
  endfacet
  facet normal 0 0.980784721037339 -0.19509313411729517
    outer loop
      vertex 10.199999809265137 -15.310813903808594 0.2976417541503906
      vertex 13.799999237060547 -15.340161323547363 0.15010452270507812
      vertex 10.199999809265137 -15.340161323547363 0.15010452270507812
    endloop
  endfacet
  facet normal 0 0.9807847210373389 -0.19509313411729517
    outer loop
      vertex 22 -15.340161323547363 0.15010452270507812
      vertex 18.399999618530273 -15.310813903808594 0.2976417541503906
      vertex 22 -15.310813903808594 0.2976417541503906
    endloop
  endfacet
  facet normal 0 0.9807847210373389 -0.19509313411729517
    outer loop
      vertex 18.399999618530273 -15.310813903808594 0.2976417541503906
      vertex 22 -15.340161323547363 0.15010452270507812
      vertex 18.399999618530273 -15.340161323547363 0.15010452270507812
    endloop
  endfacet
  facet normal 0 0.9978590386222387 0.06540136879226292
    outer loop
      vertex 5.59999942779541 -15.340161323547363 -0.15010452270507812
      vertex 1.9999990463256836 -15.34999942779541 0
      vertex 5.59999942779541 -15.34999942779541 0
    endloop
  endfacet
  facet normal 0 0.9978590386222387 0.06540136879226292
    outer loop
      vertex 1.9999990463256836 -15.34999942779541 0
      vertex 5.59999942779541 -15.340161323547363 -0.15010452270507812
      vertex 1.9999990463256836 -15.340161323547363 -0.15010452270507812
    endloop
  endfacet
  facet normal 0 0.9978590386222387 0.06540136879226292
    outer loop
      vertex 13.799999237060547 -15.340161323547363 -0.15010452270507812
      vertex 10.199999809265137 -15.34999942779541 0
      vertex 13.799999237060547 -15.34999942779541 0
    endloop
  endfacet
  facet normal 0 0.9978590386222387 0.06540136879226292
    outer loop
      vertex 10.199999809265137 -15.34999942779541 0
      vertex 13.799999237060547 -15.340161323547363 -0.15010452270507812
      vertex 10.199999809265137 -15.340161323547363 -0.15010452270507812
    endloop
  endfacet
  facet normal 0 0.9978590386222387 0.06540136879226292
    outer loop
      vertex 22 -15.340161323547363 -0.15010452270507812
      vertex 18.399999618530273 -15.34999942779541 0
      vertex 22 -15.34999942779541 0
    endloop
  endfacet
  facet normal 0 0.9978590386222387 0.06540136879226292
    outer loop
      vertex 18.399999618530273 -15.34999942779541 0
      vertex 22 -15.340161323547363 -0.15010452270507812
      vertex 18.399999618530273 -15.340161323547363 -0.15010452270507812
    endloop
  endfacet
  facet normal 0 -0.8314675521537933 -0.5555733162377211
    outer loop
      vertex 1.9999990463256836 -13.204070091247559 0.5749998092651367
      vertex 5.59999942779541 -13.287643432617188 0.7000751495361328
      vertex 1.9999990463256836 -13.287643432617188 0.7000751495361328
    endloop
  endfacet
  facet normal 0 -0.8314675521537933 -0.5555733162377211
    outer loop
      vertex 5.59999942779541 -13.287643432617188 0.7000751495361328
      vertex 1.9999990463256836 -13.204070091247559 0.5749998092651367
      vertex 5.59999942779541 -13.204070091247559 0.5749998092651367
    endloop
  endfacet
  facet normal 0 -0.8314675521537934 -0.5555733162377212
    outer loop
      vertex 10.199999809265137 -13.204070091247559 0.5749998092651367
      vertex 13.799999237060547 -13.287643432617188 0.7000751495361328
      vertex 10.199999809265137 -13.287643432617188 0.7000751495361328
    endloop
  endfacet
  facet normal 0 -0.8314675521537934 -0.5555733162377212
    outer loop
      vertex 13.799999237060547 -13.287643432617188 0.7000751495361328
      vertex 10.199999809265137 -13.204070091247559 0.5749998092651367
      vertex 13.799999237060547 -13.204070091247559 0.5749998092651367
    endloop
  endfacet
  facet normal 0 -0.8314675521537933 -0.5555733162377211
    outer loop
      vertex 18.399999618530273 -13.204070091247559 0.5749998092651367
      vertex 22 -13.287643432617188 0.7000751495361328
      vertex 18.399999618530273 -13.287643432617188 0.7000751495361328
    endloop
  endfacet
  facet normal 0 -0.8314675521537933 -0.5555733162377211
    outer loop
      vertex 22 -13.287643432617188 0.7000751495361328
      vertex 18.399999618530273 -13.204070091247559 0.5749998092651367
      vertex 22 -13.204070091247559 0.5749998092651367
    endloop
  endfacet
  facet normal 0 -0.6593439669299997 0.7518414282766089
    outer loop
      vertex 1.9999990463256836 -13.386826515197754 -0.8131723403930664
      vertex 5.59999942779541 -13.499923706054688 -0.9123554229736328
      vertex 5.59999942779541 -13.386826515197754 -0.8131723403930664
    endloop
  endfacet
  facet normal 0 -0.6593439669299997 0.7518414282766089
    outer loop
      vertex 5.59999942779541 -13.499923706054688 -0.9123554229736328
      vertex 1.9999990463256836 -13.386826515197754 -0.8131723403930664
      vertex 1.9999990463256836 -13.499923706054688 -0.9123554229736328
    endloop
  endfacet
  facet normal 0 -0.6593439669299997 0.7518414282766088
    outer loop
      vertex 10.199999809265137 -13.386826515197754 -0.8131723403930664
      vertex 13.799999237060547 -13.499923706054688 -0.9123554229736328
      vertex 13.799999237060547 -13.386826515197754 -0.8131723403930664
    endloop
  endfacet
  facet normal 0 -0.6593439669299997 0.7518414282766088
    outer loop
      vertex 13.799999237060547 -13.499923706054688 -0.9123554229736328
      vertex 10.199999809265137 -13.386826515197754 -0.8131723403930664
      vertex 10.199999809265137 -13.499923706054688 -0.9123554229736328
    endloop
  endfacet
  facet normal 0 -0.6593439669299997 0.7518414282766089
    outer loop
      vertex 18.399999618530273 -13.386826515197754 -0.8131723403930664
      vertex 22 -13.499923706054688 -0.9123554229736328
      vertex 22 -13.386826515197754 -0.8131723403930664
    endloop
  endfacet
  facet normal 0 -0.6593439669299997 0.7518414282766089
    outer loop
      vertex 22 -13.499923706054688 -0.9123554229736328
      vertex 18.399999618530273 -13.386826515197754 -0.8131723403930664
      vertex 18.399999618530273 -13.499923706054688 -0.9123554229736328
    endloop
  endfacet
  facet normal 0 0.896873488764054 -0.4422871749804582
    outer loop
      vertex 5.59999942779541 -15.262460708618164 0.44008541107177734
      vertex 1.9999990463256836 -15.195928573608398 0.5749998092651367
      vertex 5.59999942779541 -15.195928573608398 0.5749998092651367
    endloop
  endfacet
  facet normal 0 0.896873488764054 -0.4422871749804582
    outer loop
      vertex 1.9999990463256836 -15.195928573608398 0.5749998092651367
      vertex 5.59999942779541 -15.262460708618164 0.44008541107177734
      vertex 1.9999990463256836 -15.262460708618164 0.44008541107177734
    endloop
  endfacet
  facet normal 0 0.8968734887640538 -0.44228717498045816
    outer loop
      vertex 13.799999237060547 -15.262460708618164 0.44008541107177734
      vertex 10.199999809265137 -15.195928573608398 0.5749998092651367
      vertex 13.799999237060547 -15.195928573608398 0.5749998092651367
    endloop
  endfacet
  facet normal 0 0.8968734887640538 -0.44228717498045816
    outer loop
      vertex 10.199999809265137 -15.195928573608398 0.5749998092651367
      vertex 13.799999237060547 -15.262460708618164 0.44008541107177734
      vertex 10.199999809265137 -15.262460708618164 0.44008541107177734
    endloop
  endfacet
  facet normal 0 0.896873488764054 -0.4422871749804582
    outer loop
      vertex 22 -15.262460708618164 0.44008541107177734
      vertex 18.399999618530273 -15.195928573608398 0.5749998092651367
      vertex 22 -15.195928573608398 0.5749998092651367
    endloop
  endfacet
  facet normal 0 0.896873488764054 -0.4422871749804582
    outer loop
      vertex 18.399999618530273 -15.195928573608398 0.5749998092651367
      vertex 22 -15.262460708618164 0.44008541107177734
      vertex 18.399999618530273 -15.262460708618164 0.44008541107177734
    endloop
  endfacet
  facet normal 0 0.9469299490026768 -0.32143999701622034
    outer loop
      vertex 5.59999942779541 -15.310813903808594 0.2976417541503906
      vertex 1.9999990463256836 -15.262460708618164 0.44008541107177734
      vertex 5.59999942779541 -15.262460708618164 0.44008541107177734
    endloop
  endfacet
  facet normal 0 0.9469299490026768 -0.32143999701622034
    outer loop
      vertex 1.9999990463256836 -15.262460708618164 0.44008541107177734
      vertex 5.59999942779541 -15.310813903808594 0.2976417541503906
      vertex 1.9999990463256836 -15.310813903808594 0.2976417541503906
    endloop
  endfacet
  facet normal 0 0.946929949002677 -0.3214399970162204
    outer loop
      vertex 13.799999237060547 -15.310813903808594 0.2976417541503906
      vertex 10.199999809265137 -15.262460708618164 0.44008541107177734
      vertex 13.799999237060547 -15.262460708618164 0.44008541107177734
    endloop
  endfacet
  facet normal 0 0.946929949002677 -0.3214399970162204
    outer loop
      vertex 10.199999809265137 -15.262460708618164 0.44008541107177734
      vertex 13.799999237060547 -15.310813903808594 0.2976417541503906
      vertex 10.199999809265137 -15.310813903808594 0.2976417541503906
    endloop
  endfacet
  facet normal 0 0.9469299490026768 -0.32143999701622034
    outer loop
      vertex 22 -15.310813903808594 0.2976417541503906
      vertex 18.399999618530273 -15.262460708618164 0.44008541107177734
      vertex 22 -15.262460708618164 0.44008541107177734
    endloop
  endfacet
  facet normal 0 0.9469299490026768 -0.32143999701622034
    outer loop
      vertex 18.399999618530273 -15.262460708618164 0.44008541107177734
      vertex 22 -15.310813903808594 0.2976417541503906
      vertex 18.399999618530273 -15.310813903808594 0.2976417541503906
    endloop
  endfacet
  facet normal 0 0.44228850750418897 0.8968728316376391
    outer loop
      vertex 0 -28.065956115722656 19.783458709716797
      vertex 1.8999996185302734 -28.53522300720215 20.014875411987305
      vertex 1.8999996185302734 -28.065956115722656 19.783458709716797
    endloop
  endfacet
  facet normal 0 0.44228850750418897 0.8968728316376391
    outer loop
      vertex 1.8999996185302734 -28.53522300720215 20.014875411987305
      vertex 0 -28.065956115722656 19.783458709716797
      vertex 0 -28.53522300720215 20.014875411987305
    endloop
  endfacet
  facet normal 0 0.442288507504189 0.8968728316376392
    outer loop
      vertex 22.099998474121094 -28.065956115722656 19.783458709716797
      vertex 24 -28.53522300720215 20.014875411987305
      vertex 24 -28.065956115722656 19.783458709716797
    endloop
  endfacet
  facet normal 0 0.442288507504189 0.8968728316376392
    outer loop
      vertex 24 -28.53522300720215 20.014875411987305
      vertex 22.099998474121094 -28.065956115722656 19.783458709716797
      vertex 22.099998474121094 -28.53522300720215 20.014875411987305
    endloop
  endfacet
  facet normal 0 0.44228850750418897 0.8968728316376391
    outer loop
      vertex 5.09999942779541 -28.065956115722656 19.783458709716797
      vertex 18.899999618530273 -28.53522300720215 20.014875411987305
      vertex 18.899999618530273 -28.065956115722656 19.783458709716797
    endloop
  endfacet
  facet normal 0 0.44228850750418897 0.8968728316376391
    outer loop
      vertex 18.899999618530273 -28.53522300720215 20.014875411987305
      vertex 5.09999942779541 -28.065956115722656 19.783458709716797
      vertex 5.09999942779541 -28.53522300720215 20.014875411987305
    endloop
  endfacet
  facet normal 0 0.8314682606759485 0.555572255866429
    outer loop
      vertex 1.8999996185302734 -13.265063285827637 10.61935806274414
      vertex 0 -13.555752754211426 11.054403305053711
      vertex 1.8999996185302734 -13.555752754211426 11.054403305053711
    endloop
  endfacet
  facet normal 0 0.8314682606759485 0.555572255866429
    outer loop
      vertex 0 -13.555752754211426 11.054403305053711
      vertex 1.8999996185302734 -13.265063285827637 10.61935806274414
      vertex 0 -13.265063285827637 10.61935806274414
    endloop
  endfacet
  facet normal 0 0.8314682606759485 0.555572255866429
    outer loop
      vertex 24 -13.265063285827637 10.61935806274414
      vertex 22.099998474121094 -13.555752754211426 11.054403305053711
      vertex 24 -13.555752754211426 11.054403305053711
    endloop
  endfacet
  facet normal 0 0.8314682606759485 0.555572255866429
    outer loop
      vertex 22.099998474121094 -13.555752754211426 11.054403305053711
      vertex 24 -13.265063285827637 10.61935806274414
      vertex 22.099998474121094 -13.265063285827637 10.61935806274414
    endloop
  endfacet
  facet normal 0 0.8314682606759486 0.5555722558664291
    outer loop
      vertex 18.899999618530273 -13.265063285827637 10.61935806274414
      vertex 5.09999942779541 -13.555752754211426 11.054403305053711
      vertex 18.899999618530273 -13.555752754211426 11.054403305053711
    endloop
  endfacet
  facet normal 0 0.8314682606759486 0.5555722558664291
    outer loop
      vertex 5.09999942779541 -13.555752754211426 11.054403305053711
      vertex 18.899999618530273 -13.265063285827637 10.61935806274414
      vertex 5.09999942779541 -13.265063285827637 10.61935806274414
    endloop
  endfacet
  facet normal 0 -0.8314699446192111 0.555569735672243
    outer loop
      vertex 0 -33.53005599975586 18.31935691833496
      vertex 24 -33.2393684387207 18.75440216064453
      vertex 0 -33.2393684387207 18.75440216064453
    endloop
  endfacet
  facet normal 0 -0.8314699446192111 0.555569735672243
    outer loop
      vertex 24 -33.2393684387207 18.75440216064453
      vertex 0 -33.53005599975586 18.31935691833496
      vertex 24 -33.53005599975586 18.31935691833496
    endloop
  endfacet
  facet normal 0 0.9978587825627341 -0.06540527549378619
    outer loop
      vertex 24 -12.763386726379395 8.09725284576416
      vertex 0 -12.729165077209473 8.619357109069824
      vertex 24 -12.729165077209473 8.619357109069824
    endloop
  endfacet
  facet normal 0 0.9978587825627341 -0.06540527549378619
    outer loop
      vertex 0 -12.729165077209473 8.619357109069824
      vertex 24 -12.763386726379395 8.09725284576416
      vertex 0 -12.763386726379395 8.09725284576416
    endloop
  endfacet
  facet normal 0 0.8968724750851971 -0.44228923052065444
    outer loop
      vertex 24 -13.265064239501953 6.619357585906982
      vertex 0 -13.033647537231445 7.088623523712158
      vertex 24 -13.033647537231445 7.088623523712158
    endloop
  endfacet
  facet normal 0 0.8968724750851971 -0.44228923052065444
    outer loop
      vertex 0 -13.033647537231445 7.088623523712158
      vertex 24 -13.265064239501953 6.619357585906982
      vertex 0 -13.265064239501953 6.619357585906982
    endloop
  endfacet
  facet normal 0 -0.5555705719267222 0.8314693858519475
    outer loop
      vertex 0 -32.065956115722656 19.783458709716797
      vertex 24 -32.50100326538086 19.492769241333008
      vertex 24 -32.065956115722656 19.783458709716797
    endloop
  endfacet
  facet normal 0 -0.5555705719267222 0.8314693858519475
    outer loop
      vertex 24 -32.50100326538086 19.492769241333008
      vertex 0 -32.065956115722656 19.783458709716797
      vertex 0 -32.50100326538086 19.492769241333008
    endloop
  endfacet
  facet normal 0 -0.8660250901836507 0.5000005431721045
    outer loop
      vertex 0 -33.53005599975586 18.31935691833496
      vertex 2 -35.13005828857422 15.548075675964355
      vertex 24 -33.53005599975586 18.31935691833496
    endloop
  endfacet
  facet normal -4.4110369969857726e-7 -0.8660252280285421 0.5000003044178245
    outer loop
      vertex 0 -36.63005828857422 12.949999809265137
      vertex 2 -35.13005828857422 15.548075675964355
      vertex 0 -33.53005599975586 18.31935691833496
    endloop
  endfacet
  facet normal 0 -0.8660253750632596 0.5000000497465381
    outer loop
      vertex 2 -35.13005828857422 15.548075675964355
      vertex 0 -36.63005828857422 12.949999809265137
      vertex 2 -36.63005828857422 12.949999809265137
    endloop
  endfacet
  facet normal 0 -0.8660250901836508 0.5000005431721045
    outer loop
      vertex 22 -35.13005828857422 15.548075675964355
      vertex 24 -33.53005599975586 18.31935691833496
      vertex 2 -35.13005828857422 15.548075675964355
    endloop
  endfacet
  facet normal 0 -0.8660253750632596 0.5000000497465381
    outer loop
      vertex 24 -36.63005828857422 12.949999809265137
      vertex 22 -35.13005828857422 15.548075675964355
      vertex 22 -36.63005828857422 12.949999809265137
    endloop
  endfacet
  facet normal 4.4110369969857726e-7 -0.8660252280285421 0.5000003044178245
    outer loop
      vertex 22 -35.13005828857422 15.548075675964355
      vertex 24 -36.63005828857422 12.949999809265137
      vertex 24 -33.53005599975586 18.31935691833496
    endloop
  endfacet
  facet normal 0 -0.06540164571422856 0.9978590204722662
    outer loop
      vertex 0 -30.065956115722656 20.31935691833496
      vertex 1.8999996185302734 -30.58806037902832 20.285137176513672
      vertex 1.8999996185302734 -30.065956115722656 20.31935691833496
    endloop
  endfacet
  facet normal 0 -0.06540164571422856 0.9978590204722662
    outer loop
      vertex 1.8999996185302734 -30.58806037902832 20.285137176513672
      vertex 0 -30.065956115722656 20.31935691833496
      vertex 0 -30.58806037902832 20.285137176513672
    endloop
  endfacet
  facet normal 0 -0.06540164571422856 0.9978590204722662
    outer loop
      vertex 22.099998474121094 -30.065956115722656 20.31935691833496
      vertex 24 -30.58806037902832 20.285137176513672
      vertex 24 -30.065956115722656 20.31935691833496
    endloop
  endfacet
  facet normal 0 -0.06540164571422856 0.9978590204722662
    outer loop
      vertex 24 -30.58806037902832 20.285137176513672
      vertex 22.099998474121094 -30.065956115722656 20.31935691833496
      vertex 22.099998474121094 -30.58806037902832 20.285137176513672
    endloop
  endfacet
  facet normal 0 -0.06540164571422857 0.9978590204722663
    outer loop
      vertex 5.09999942779541 -30.065956115722656 20.31935691833496
      vertex 18.899999618530273 -30.58806037902832 20.285137176513672
      vertex 18.899999618530273 -30.065956115722656 20.31935691833496
    endloop
  endfacet
  facet normal 0 -0.06540164571422857 0.9978590204722663
    outer loop
      vertex 18.899999618530273 -30.58806037902832 20.285137176513672
      vertex 5.09999942779541 -30.065956115722656 20.31935691833496
      vertex 5.09999942779541 -30.58806037902832 20.285137176513672
    endloop
  endfacet
  facet normal 0 0.7518398266521259 0.6593457932372825
    outer loop
      vertex 1.8999996185302734 -13.555752754211426 11.054403305053711
      vertex 0 -13.900738716125488 11.447784423828125
      vertex 1.8999996185302734 -13.900738716125488 11.447784423828125
    endloop
  endfacet
  facet normal 0 0.7518398266521259 0.6593457932372825
    outer loop
      vertex 0 -13.900738716125488 11.447784423828125
      vertex 1.8999996185302734 -13.555752754211426 11.054403305053711
      vertex 0 -13.555752754211426 11.054403305053711
    endloop
  endfacet
  facet normal 0 0.7518398266521259 0.6593457932372825
    outer loop
      vertex 24 -13.555752754211426 11.054403305053711
      vertex 22.099998474121094 -13.900738716125488 11.447784423828125
      vertex 24 -13.900738716125488 11.447784423828125
    endloop
  endfacet
  facet normal 0 0.7518398266521259 0.6593457932372825
    outer loop
      vertex 22.099998474121094 -13.900738716125488 11.447784423828125
      vertex 24 -13.555752754211426 11.054403305053711
      vertex 22.099998474121094 -13.555752754211426 11.054403305053711
    endloop
  endfacet
  facet normal 0 0.751839826652126 0.6593457932372825
    outer loop
      vertex 18.899999618530273 -13.555752754211426 11.054403305053711
      vertex 5.09999942779541 -13.900738716125488 11.447784423828125
      vertex 18.899999618530273 -13.900738716125488 11.447784423828125
    endloop
  endfacet
  facet normal 0 0.751839826652126 0.6593457932372825
    outer loop
      vertex 5.09999942779541 -13.900738716125488 11.447784423828125
      vertex 18.899999618530273 -13.555752754211426 11.054403305053711
      vertex 5.09999942779541 -13.555752754211426 11.054403305053711
    endloop
  endfacet
  facet normal 0 0.6593468235327169 0.7518389231060841
    outer loop
      vertex 0 -13.900738716125488 11.447784423828125
      vertex 1.8999996185302734 -14.294119834899902 11.792771339416504
      vertex 1.8999996185302734 -13.900738716125488 11.447784423828125
    endloop
  endfacet
  facet normal 0 0.6593468235327169 0.7518389231060841
    outer loop
      vertex 1.8999996185302734 -14.294119834899902 11.792771339416504
      vertex 0 -13.900738716125488 11.447784423828125
      vertex 0 -14.294119834899902 11.792771339416504
    endloop
  endfacet
  facet normal 0 0.659346823532717 0.7518389231060841
    outer loop
      vertex 22.099998474121094 -13.900738716125488 11.447784423828125
      vertex 24 -14.294119834899902 11.792771339416504
      vertex 24 -13.900738716125488 11.447784423828125
    endloop
  endfacet
  facet normal 0 0.659346823532717 0.7518389231060841
    outer loop
      vertex 24 -14.294119834899902 11.792771339416504
      vertex 22.099998474121094 -13.900738716125488 11.447784423828125
      vertex 22.099998474121094 -14.294119834899902 11.792771339416504
    endloop
  endfacet
  facet normal 0 0.6593468235327169 0.7518389231060841
    outer loop
      vertex 5.09999942779541 -13.900738716125488 11.447784423828125
      vertex 18.899999618530273 -14.294119834899902 11.792771339416504
      vertex 18.899999618530273 -13.900738716125488 11.447784423828125
    endloop
  endfacet
  facet normal 0 0.6593468235327169 0.7518389231060841
    outer loop
      vertex 18.899999618530273 -14.294119834899902 11.792771339416504
      vertex 5.09999942779541 -13.900738716125488 11.447784423828125
      vertex 5.09999942779541 -14.294119834899902 11.792771339416504
    endloop
  endfacet
  facet normal 0 0.9469295601884452 0.3214411424216225
    outer loop
      vertex 1.8999996185302734 -12.865461349487305 9.654633522033691
      vertex 0 -13.033647537231445 10.150091171264648
      vertex 1.8999996185302734 -13.033647537231445 10.150091171264648
    endloop
  endfacet
  facet normal 0 0.9469295601884452 0.3214411424216225
    outer loop
      vertex 0 -13.033647537231445 10.150091171264648
      vertex 1.8999996185302734 -12.865461349487305 9.654633522033691
      vertex 0 -12.865461349487305 9.654633522033691
    endloop
  endfacet
  facet normal 0 0.9469295601884452 0.3214411424216225
    outer loop
      vertex 24 -12.865461349487305 9.654633522033691
      vertex 22.099998474121094 -13.033647537231445 10.150091171264648
      vertex 24 -13.033647537231445 10.150091171264648
    endloop
  endfacet
  facet normal 0 0.9469295601884452 0.3214411424216225
    outer loop
      vertex 22.099998474121094 -13.033647537231445 10.150091171264648
      vertex 24 -12.865461349487305 9.654633522033691
      vertex 22.099998474121094 -12.865461349487305 9.654633522033691
    endloop
  endfacet
  facet normal 0 0.9469295601884452 0.3214411424216225
    outer loop
      vertex 18.899999618530273 -12.865461349487305 9.654633522033691
      vertex 5.09999942779541 -13.033647537231445 10.150091171264648
      vertex 18.899999618530273 -13.033647537231445 10.150091171264648
    endloop
  endfacet
  facet normal 0 0.9469295601884452 0.3214411424216225
    outer loop
      vertex 5.09999942779541 -13.033647537231445 10.150091171264648
      vertex 18.899999618530273 -12.865461349487305 9.654633522033691
      vertex 5.09999942779541 -12.865461349487305 9.654633522033691
    endloop
  endfacet
  facet normal 0 0.49999999576560517 0.8660254062291676
    outer loop
      vertex 22.099998474121094 -14.729165077209473 12.08345890045166
      vertex 24 -28.065956115722656 19.783458709716797
      vertex 24 -14.729165077209473 12.08345890045166
    endloop
  endfacet
  facet normal 0 0.49999999576560517 0.8660254062291676
    outer loop
      vertex 24 -28.065956115722656 19.783458709716797
      vertex 22.099998474121094 -14.729165077209473 12.08345890045166
      vertex 22.099998474121094 -28.065956115722656 19.783458709716797
    endloop
  endfacet
  facet normal 0 0.49999999576560517 0.8660254062291676
    outer loop
      vertex 0 -14.729165077209473 12.08345890045166
      vertex 1.8999996185302734 -28.065956115722656 19.783458709716797
      vertex 1.8999996185302734 -14.729165077209473 12.08345890045166
    endloop
  endfacet
  facet normal 0 0.49999999576560517 0.8660254062291676
    outer loop
      vertex 1.8999996185302734 -28.065956115722656 19.783458709716797
      vertex 0 -14.729165077209473 12.08345890045166
      vertex 0 -28.065956115722656 19.783458709716797
    endloop
  endfacet
  facet normal 0 0.4999999957656052 0.8660254062291677
    outer loop
      vertex 5.09999942779541 -14.729165077209473 12.08345890045166
      vertex 18.899999618530273 -28.065956115722656 19.783458709716797
      vertex 18.899999618530273 -14.729165077209473 12.08345890045166
    endloop
  endfacet
  facet normal 0 0.4999999957656052 0.8660254062291677
    outer loop
      vertex 18.899999618530273 -28.065956115722656 19.783458709716797
      vertex 5.09999942779541 -14.729165077209473 12.08345890045166
      vertex 5.09999942779541 -28.065956115722656 19.783458709716797
    endloop
  endfacet
  facet normal 0 0.9808565249495228 0.19473180907069615
    outer loop
      vertex 24 -12.865461349487305 9.654633522033691
      vertex 22.099998474121094 -12.864996910095215 9.652294158935547
      vertex 22.099998474121094 -12.865461349487305 9.654633522033691
    endloop
  endfacet
  facet normal 0 0.9807855651860393 0.19508889031080498
    outer loop
      vertex 24 -12.763386726379395 9.141461372375488
      vertex 18.899999618530273 -12.864996910095215 9.652294158935547
      vertex 22.099998474121094 -12.864996910095215 9.652294158935547
    endloop
  endfacet
  facet normal 0 0.9807855651860394 0.19508889031080498
    outer loop
      vertex 18.899999618530273 -12.864996910095215 9.652294158935547
      vertex 24 -12.763386726379395 9.141461372375488
      vertex 5.09999942779541 -12.864996910095215 9.652294158935547
    endloop
  endfacet
  facet normal 0 0.9807855651860393 0.19508889031080498
    outer loop
      vertex 0 -12.763386726379395 9.141461372375488
      vertex 5.09999942779541 -12.864996910095215 9.652294158935547
      vertex 24 -12.763386726379395 9.141461372375488
    endloop
  endfacet
  facet normal -4.549160632021713e-7 0.9807858889370362 0.19508726268462703
    outer loop
      vertex 24 -12.763386726379395 9.141461372375488
      vertex 22.099998474121094 -12.864996910095215 9.652294158935547
      vertex 24 -12.865461349487305 9.654633522033691
    endloop
  endfacet
  facet normal 0 0.9808565249495228 0.19473180907069615
    outer loop
      vertex 18.899999618530273 -12.864996910095215 9.652294158935547
      vertex 5.09999942779541 -12.865461349487305 9.654633522033691
      vertex 18.899999618530273 -12.865461349487305 9.654633522033691
    endloop
  endfacet
  facet normal 0 0.9808565249495228 0.19473180907069615
    outer loop
      vertex 5.09999942779541 -12.865461349487305 9.654633522033691
      vertex 18.899999618530273 -12.864996910095215 9.652294158935547
      vertex 5.09999942779541 -12.864996910095215 9.652294158935547
    endloop
  endfacet
  facet normal 0 0.9808565249495229 0.19473180907069615
    outer loop
      vertex 1.8999996185302734 -12.864996910095215 9.652294158935547
      vertex 0 -12.865461349487305 9.654633522033691
      vertex 1.8999996185302734 -12.865461349487305 9.654633522033691
    endloop
  endfacet
  facet normal 0 0.9807855651860393 0.19508889031080495
    outer loop
      vertex 5.09999942779541 -12.864996910095215 9.652294158935547
      vertex 0 -12.763386726379395 9.141461372375488
      vertex 1.8999996185302734 -12.864996910095215 9.652294158935547
    endloop
  endfacet
  facet normal 4.5491651987780573e-7 0.9807858889370362 0.195087262684627
    outer loop
      vertex 1.8999996185302734 -12.864996910095215 9.652294158935547
      vertex 0 -12.763386726379395 9.141461372375488
      vertex 0 -12.865461349487305 9.654633522033691
    endloop
  endfacet
  facet normal 0 0.9978587825627341 0.06540527549378619
    outer loop
      vertex 24 -12.729165077209473 8.619357109069824
      vertex 0 -12.763386726379395 9.141461372375488
      vertex 24 -12.763386726379395 9.141461372375488
    endloop
  endfacet
  facet normal 0 0.9978587825627341 0.06540527549378619
    outer loop
      vertex 0 -12.763386726379395 9.141461372375488
      vertex 24 -12.729165077209473 8.619357109069824
      vertex 0 -12.729165077209473 8.619357109069824
    endloop
  endfacet
  facet normal 0 0.5555697356722431 0.8314699446192111
    outer loop
      vertex 22.099998474121094 -14.294119834899902 11.792771339416504
      vertex 24 -14.729165077209473 12.08345890045166
      vertex 24 -14.294119834899902 11.792771339416504
    endloop
  endfacet
  facet normal 0 0.5555697356722431 0.8314699446192111
    outer loop
      vertex 24 -14.729165077209473 12.08345890045166
      vertex 22.099998474121094 -14.294119834899902 11.792771339416504
      vertex 22.099998474121094 -14.729165077209473 12.08345890045166
    endloop
  endfacet
  facet normal 0 0.5555697356722431 0.8314699446192111
    outer loop
      vertex 0 -14.294119834899902 11.792771339416504
      vertex 1.8999996185302734 -14.729165077209473 12.08345890045166
      vertex 1.8999996185302734 -14.294119834899902 11.792771339416504
    endloop
  endfacet
  facet normal 0 0.5555697356722431 0.8314699446192111
    outer loop
      vertex 1.8999996185302734 -14.729165077209473 12.08345890045166
      vertex 0 -14.294119834899902 11.792771339416504
      vertex 0 -14.729165077209473 12.08345890045166
    endloop
  endfacet
  facet normal 0 0.555569735672243 0.831469944619211
    outer loop
      vertex 5.09999942779541 -14.294119834899902 11.792771339416504
      vertex 18.899999618530273 -14.729165077209473 12.08345890045166
      vertex 18.899999618530273 -14.294119834899902 11.792771339416504
    endloop
  endfacet
  facet normal 0 0.555569735672243 0.831469944619211
    outer loop
      vertex 18.899999618530273 -14.729165077209473 12.08345890045166
      vertex 5.09999942779541 -14.294119834899902 11.792771339416504
      vertex 5.09999942779541 -14.729165077209473 12.08345890045166
    endloop
  endfacet
  facet normal 0 0.06540527549378619 0.9978587825627342
    outer loop
      vertex 0 -29.543851852416992 20.28513526916504
      vertex 1.8999996185302734 -30.065956115722656 20.31935691833496
      vertex 1.8999996185302734 -29.543851852416992 20.28513526916504
    endloop
  endfacet
  facet normal 0 0.06540527549378619 0.9978587825627342
    outer loop
      vertex 1.8999996185302734 -30.065956115722656 20.31935691833496
      vertex 0 -29.543851852416992 20.28513526916504
      vertex 0 -30.065956115722656 20.31935691833496
    endloop
  endfacet
  facet normal 0 0.06540527549378619 0.9978587825627342
    outer loop
      vertex 22.099998474121094 -29.543851852416992 20.28513526916504
      vertex 24 -30.065956115722656 20.31935691833496
      vertex 24 -29.543851852416992 20.28513526916504
    endloop
  endfacet
  facet normal 0 0.06540527549378619 0.9978587825627342
    outer loop
      vertex 24 -30.065956115722656 20.31935691833496
      vertex 22.099998474121094 -29.543851852416992 20.28513526916504
      vertex 22.099998474121094 -30.065956115722656 20.31935691833496
    endloop
  endfacet
  facet normal 0 0.06540527549378619 0.9978587825627342
    outer loop
      vertex 5.09999942779541 -29.543851852416992 20.28513526916504
      vertex 18.899999618530273 -30.065956115722656 20.31935691833496
      vertex 18.899999618530273 -29.543851852416992 20.28513526916504
    endloop
  endfacet
  facet normal 0 0.06540527549378619 0.9978587825627342
    outer loop
      vertex 18.899999618530273 -30.065956115722656 20.31935691833496
      vertex 5.09999942779541 -29.543851852416992 20.28513526916504
      vertex 5.09999942779541 -30.065956115722656 20.31935691833496
    endloop
  endfacet
  facet normal 0 0.8968735546524509 0.4422870413714121
    outer loop
      vertex 1.8999996185302734 -13.033647537231445 10.150091171264648
      vertex 0 -13.265063285827637 10.61935806274414
      vertex 1.8999996185302734 -13.265063285827637 10.61935806274414
    endloop
  endfacet
  facet normal 0 0.8968735546524509 0.4422870413714121
    outer loop
      vertex 0 -13.265063285827637 10.61935806274414
      vertex 1.8999996185302734 -13.033647537231445 10.150091171264648
      vertex 0 -13.033647537231445 10.150091171264648
    endloop
  endfacet
  facet normal 0 0.8968735546524509 0.4422870413714121
    outer loop
      vertex 24 -13.033647537231445 10.150091171264648
      vertex 22.099998474121094 -13.265063285827637 10.61935806274414
      vertex 24 -13.265063285827637 10.61935806274414
    endloop
  endfacet
  facet normal 0 0.8968735546524509 0.4422870413714121
    outer loop
      vertex 22.099998474121094 -13.265063285827637 10.61935806274414
      vertex 24 -13.033647537231445 10.150091171264648
      vertex 22.099998474121094 -13.033647537231445 10.150091171264648
    endloop
  endfacet
  facet normal 0 0.8968735546524509 0.4422870413714121
    outer loop
      vertex 18.899999618530273 -13.033647537231445 10.150091171264648
      vertex 5.09999942779541 -13.265063285827637 10.61935806274414
      vertex 18.899999618530273 -13.265063285827637 10.61935806274414
    endloop
  endfacet
  facet normal 0 0.8968735546524509 0.4422870413714121
    outer loop
      vertex 5.09999942779541 -13.265063285827637 10.61935806274414
      vertex 18.899999618530273 -13.033647537231445 10.150091171264648
      vertex 5.09999942779541 -13.033647537231445 10.150091171264648
    endloop
  endfacet
  facet normal 0 0.9807851914311654 -0.19509076930837166
    outer loop
      vertex 24 -12.865463256835938 7.584080696105957
      vertex 0 -12.763386726379395 8.09725284576416
      vertex 24 -12.763386726379395 8.09725284576416
    endloop
  endfacet
  facet normal 0 0.9807851914311654 -0.19509076930837166
    outer loop
      vertex 0 -12.763386726379395 8.09725284576416
      vertex 24 -12.865463256835938 7.584080696105957
      vertex 0 -12.865463256835938 7.584080696105957
    endloop
  endfacet
  facet normal 0 0.32143842849333665 0.9469304814439833
    outer loop
      vertex 22.099998474121094 -28.53522300720215 20.014875411987305
      vertex 24 -29.03067970275879 20.183059692382812
      vertex 24 -28.53522300720215 20.014875411987305
    endloop
  endfacet
  facet normal 0 0.32143842849333665 0.9469304814439833
    outer loop
      vertex 24 -29.03067970275879 20.183059692382812
      vertex 22.099998474121094 -28.53522300720215 20.014875411987305
      vertex 22.099998474121094 -29.03067970275879 20.183059692382812
    endloop
  endfacet
  facet normal 0 0.3214384284933367 0.9469304814439834
    outer loop
      vertex 0 -28.53522300720215 20.014875411987305
      vertex 1.8999996185302734 -29.03067970275879 20.183059692382812
      vertex 1.8999996185302734 -28.53522300720215 20.014875411987305
    endloop
  endfacet
  facet normal 0 0.3214384284933367 0.9469304814439834
    outer loop
      vertex 1.8999996185302734 -29.03067970275879 20.183059692382812
      vertex 0 -28.53522300720215 20.014875411987305
      vertex 0 -29.03067970275879 20.183059692382812
    endloop
  endfacet
  facet normal 0 0.32143842849333665 0.9469304814439834
    outer loop
      vertex 5.09999942779541 -28.53522300720215 20.014875411987305
      vertex 18.899999618530273 -29.03067970275879 20.183059692382812
      vertex 18.899999618530273 -28.53522300720215 20.014875411987305
    endloop
  endfacet
  facet normal 0 0.32143842849333665 0.9469304814439834
    outer loop
      vertex 18.899999618530273 -29.03067970275879 20.183059692382812
      vertex 5.09999942779541 -28.53522300720215 20.014875411987305
      vertex 5.09999942779541 -29.03067970275879 20.183059692382812
    endloop
  endfacet
  facet normal 0 -0.3215012499816794 0.9469091541748965
    outer loop
      vertex 1.8999996185302734 -31.101232528686523 20.183061599731445
      vertex 0 -31.101232528686523 20.183061599731445
      vertex 1.8999996185302734 -31.103490829467773 20.182294845581055
    endloop
  endfacet
  facet normal 0 -0.32150124998167934 0.9469091541748964
    outer loop
      vertex 18.899999618530273 -31.101232528686523 20.183061599731445
      vertex 5.09999942779541 -31.101232528686523 20.183061599731445
      vertex 18.899999618530273 -31.103490829467773 20.182294845581055
    endloop
  endfacet
  facet normal 0 -0.32150124998167934 0.9469091541748964
    outer loop
      vertex 22.099998474121094 -31.103490829467773 20.182294845581055
      vertex 24 -31.101232528686523 20.183061599731445
      vertex 22.099998474121094 -31.101232528686523 20.183061599731445
    endloop
  endfacet
  facet normal -7.894207043353123e-8 -0.32144169721474114 0.9469293718602779
    outer loop
      vertex 24 -31.101232528686523 20.183061599731445
      vertex 22.099998474121094 -31.103490829467773 20.182294845581055
      vertex 24 -31.596689224243164 20.014875411987305
    endloop
  endfacet
  facet normal 0 -0.32144142452045044 0.9469294644281926
    outer loop
      vertex 18.899999618530273 -31.103490829467773 20.182294845581055
      vertex 24 -31.596689224243164 20.014875411987305
      vertex 22.099998474121094 -31.103490829467773 20.182294845581055
    endloop
  endfacet
  facet normal 0 -0.32150124998167934 0.9469091541748964
    outer loop
      vertex 5.09999942779541 -31.103490829467773 20.182294845581055
      vertex 18.899999618530273 -31.103490829467773 20.182294845581055
      vertex 5.09999942779541 -31.101232528686523 20.183061599731445
    endloop
  endfacet
  facet normal 0 -0.32144142452045044 0.9469294644281926
    outer loop
      vertex 18.899999618530273 -31.103490829467773 20.182294845581055
      vertex 5.09999942779541 -31.103490829467773 20.182294845581055
      vertex 24 -31.596689224243164 20.014875411987305
    endloop
  endfacet
  facet normal 0 -0.32144142452045044 0.9469294644281926
    outer loop
      vertex 0 -31.596689224243164 20.014875411987305
      vertex 5.09999942779541 -31.103490829467773 20.182294845581055
      vertex 1.8999996185302734 -31.103490829467773 20.182294845581055
    endloop
  endfacet
  facet normal 7.894214968094194e-8 -0.32144169721474114 0.9469293718602779
    outer loop
      vertex 0 -31.596689224243164 20.014875411987305
      vertex 1.8999996185302734 -31.103490829467773 20.182294845581055
      vertex 0 -31.101232528686523 20.183061599731445
    endloop
  endfacet
  facet normal 0 -0.32144142452045044 0.9469294644281926
    outer loop
      vertex 5.09999942779541 -31.103490829467773 20.182294845581055
      vertex 0 -31.596689224243164 20.014875411987305
      vertex 24 -31.596689224243164 20.014875411987305
    endloop
  endfacet
  facet normal 0 0.19508901599744463 0.9807855401855948
    outer loop
      vertex 0 -29.03067970275879 20.183059692382812
      vertex 1.8999996185302734 -29.543851852416992 20.28513526916504
      vertex 1.8999996185302734 -29.03067970275879 20.183059692382812
    endloop
  endfacet
  facet normal 0 0.19508901599744463 0.9807855401855948
    outer loop
      vertex 1.8999996185302734 -29.543851852416992 20.28513526916504
      vertex 0 -29.03067970275879 20.183059692382812
      vertex 0 -29.543851852416992 20.28513526916504
    endloop
  endfacet
  facet normal 0 0.1950890159974446 0.9807855401855947
    outer loop
      vertex 22.099998474121094 -29.03067970275879 20.183059692382812
      vertex 24 -29.543851852416992 20.28513526916504
      vertex 24 -29.03067970275879 20.183059692382812
    endloop
  endfacet
  facet normal 0 0.1950890159974446 0.9807855401855947
    outer loop
      vertex 24 -29.543851852416992 20.28513526916504
      vertex 22.099998474121094 -29.03067970275879 20.183059692382812
      vertex 22.099998474121094 -29.543851852416992 20.28513526916504
    endloop
  endfacet
  facet normal 0 0.1950890159974446 0.9807855401855947
    outer loop
      vertex 5.09999942779541 -29.03067970275879 20.183059692382812
      vertex 18.899999618530273 -29.543851852416992 20.28513526916504
      vertex 18.899999618530273 -29.03067970275879 20.183059692382812
    endloop
  endfacet
  facet normal 0 0.1950890159974446 0.9807855401855947
    outer loop
      vertex 18.899999618530273 -29.543851852416992 20.28513526916504
      vertex 5.09999942779541 -29.03067970275879 20.183059692382812
      vertex 5.09999942779541 -29.543851852416992 20.28513526916504
    endloop
  endfacet
  facet normal 0 -0.6593476003331742 0.7518382418678136
    outer loop
      vertex 0 -32.50100326538086 19.492769241333008
      vertex 24 -32.89438247680664 19.147783279418945
      vertex 24 -32.50100326538086 19.492769241333008
    endloop
  endfacet
  facet normal 0 -0.6593476003331742 0.7518382418678136
    outer loop
      vertex 24 -32.89438247680664 19.147783279418945
      vertex 0 -32.50100326538086 19.492769241333008
      vertex 0 -32.89438247680664 19.147783279418945
    endloop
  endfacet
  facet normal -1 0 0
    outer loop
      vertex 0 -16.435382843017578 10.528203010559082
      vertex 0 -21.544933319091797 13.478203773498535
      vertex 0 -20.94493293762207 14.517434120178223
    endloop
  endfacet
  facet normal -1 0 0
    outer loop
      vertex 0 -15.185383796691895 8.363140106201172
      vertex 0 -12.729165077209473 8.619357109069824
      vertex 0 -12.763386726379395 8.09725284576416
    endloop
  endfacet
  facet normal -1 0 0
    outer loop
      vertex 0 -12.729165077209473 8.619357109069824
      vertex 0 -15.206770896911621 8.689455032348633
      vertex 0 -12.763386726379395 9.141461372375488
    endloop
  endfacet
  facet normal -1 0 0
    outer loop
      vertex 0 -15.206771850585938 8.036824226379395
      vertex 0 -12.763386726379395 8.09725284576416
      vertex 0 -12.865463256835938 7.584080696105957
    endloop
  endfacet
  facet normal -1 0 0
    outer loop
      vertex 0 -15.206771850585938 8.036824226379395
      vertex 0 -12.865463256835938 7.584080696105957
      vertex 0 -13.033647537231445 7.088623523712158
    endloop
  endfacet
  facet normal -1 0 0
    outer loop
      vertex 0 -12.729165077209473 8.619357109069824
      vertex 0 -15.185383796691895 8.363140106201172
      vertex 0 -15.206770896911621 8.689455032348633
    endloop
  endfacet
  facet normal -1 0 0
    outer loop
      vertex 0 -12.763386726379395 9.141461372375488
      vertex 0 -15.270567893981934 9.010187149047852
      vertex 0 -12.865461349487305 9.654633522033691
    endloop
  endfacet
  facet normal -1 0 0
    outer loop
      vertex 0 -15.27056884765625 7.716092109680176
      vertex 0 -13.033647537231445 7.088623523712158
      vertex 0 -13.265064239501953 6.619357585906982
    endloop
  endfacet
  facet normal -1 0 0
    outer loop
      vertex 0 -15.270567893981934 9.010187149047852
      vertex 0 -12.763386726379395 9.141461372375488
      vertex 0 -15.206770896911621 8.689455032348633
    endloop
  endfacet
  facet normal -1 0 0
    outer loop
      vertex 0 -15.37568473815918 9.31984806060791
      vertex 0 -13.033647537231445 10.150091171264648
      vertex 0 -15.270567893981934 9.010187149047852
    endloop
  endfacet
  facet normal -1 0 0
    outer loop
      vertex 0 -13.033647537231445 10.150091171264648
      vertex 0 -15.37568473815918 9.31984806060791
      vertex 0 -13.265063285827637 10.61935806274414
    endloop
  endfacet
  facet normal -1 0 0
    outer loop
      vertex 0 -13.265063285827637 10.61935806274414
      vertex 0 -15.520319938659668 9.613139152526855
      vertex 0 -13.555752754211426 11.054403305053711
    endloop
  endfacet
  facet normal -1 0 0
    outer loop
      vertex 0 -12.865461349487305 9.654633522033691
      vertex 0 -15.270567893981934 9.010187149047852
      vertex 0 -13.033647537231445 10.150091171264648
    endloop
  endfacet
  facet normal -1 0 0
    outer loop
      vertex 0 -12.763386726379395 8.09725284576416
      vertex 0 -15.206771850585938 8.036824226379395
      vertex 0 -15.185383796691895 8.363140106201172
    endloop
  endfacet
  facet normal -1 0 0
    outer loop
      vertex 0 -13.033647537231445 7.088623523712158
      vertex 0 -15.27056884765625 7.716092109680176
      vertex 0 -15.206771850585938 8.036824226379395
    endloop
  endfacet
  facet normal -1 0 0
    outer loop
      vertex 0 -13.265064239501953 6.619357585906982
      vertex 0 -15.37568473815918 7.406430721282959
      vertex 0 -15.27056884765625 7.716092109680176
    endloop
  endfacet
  facet normal -1 0 0
    outer loop
      vertex 0 -13.265064239501953 6.619357585906982
      vertex 0 -15.520318984985352 7.113139629364014
      vertex 0 -15.37568473815918 7.406430721282959
    endloop
  endfacet
  facet normal -1 0 0
    outer loop
      vertex 0 -16.36506462097168 1.2500001192092896
      vertex 0 -15.520318984985352 7.113139629364014
      vertex 0 -13.265064239501953 6.619357585906982
    endloop
  endfacet
  facet normal -1 0 0
    outer loop
      vertex 0 -15.520318984985352 7.113139629364014
      vertex 0 -16.36506462097168 1.2500001192092896
      vertex 0 -18.27031898498535 2.3499999046325684
    endloop
  endfacet
  facet normal -1 0 0
    outer loop
      vertex 0 -15.520319938659668 9.613139152526855
      vertex 0 -13.265063285827637 10.61935806274414
      vertex 0 -15.37568473815918 9.31984806060791
    endloop
  endfacet
  facet normal -1 0 0
    outer loop
      vertex 0 -15.702000617980957 9.885043144226074
      vertex 0 -13.555752754211426 11.054403305053711
      vertex 0 -15.520319938659668 9.613139152526855
    endloop
  endfacet
  facet normal -1 0 0
    outer loop
      vertex 0 -13.555752754211426 11.054403305053711
      vertex 0 -15.702000617980957 9.885043144226074
      vertex 0 -13.900738716125488 11.447784423828125
    endloop
  endfacet
  facet normal -1 0 0
    outer loop
      vertex 0 -13.900738716125488 11.447784423828125
      vertex 0 -15.702000617980957 9.885043144226074
      vertex 0 -14.294119834899902 11.792771339416504
    endloop
  endfacet
  facet normal -1 0 0
    outer loop
      vertex 0 -15.917616844177246 10.130906105041504
      vertex 0 -14.294119834899902 11.792771339416504
      vertex 0 -15.702000617980957 9.885043144226074
    endloop
  endfacet
  facet normal -1 0 0
    outer loop
      vertex 0 -14.294119834899902 11.792771339416504
      vertex 0 -15.917616844177246 10.130906105041504
      vertex 0 -14.729165077209473 12.08345890045166
    endloop
  endfacet
  facet normal -1 0 0
    outer loop
      vertex 0 -16.163480758666992 10.34652328491211
      vertex 0 -14.729165077209473 12.08345890045166
      vertex 0 -15.917616844177246 10.130906105041504
    endloop
  endfacet
  facet normal -1 0 0
    outer loop
      vertex 0 -16.435382843017578 10.528203010559082
      vertex 0 -14.729165077209473 12.08345890045166
      vertex 0 -16.163480758666992 10.34652328491211
    endloop
  endfacet
  facet normal -1 0 0
    outer loop
      vertex 0 -20.94493293762207 14.517434120178223
      vertex 0 -14.729165077209473 12.08345890045166
      vertex 0 -16.435382843017578 10.528203010559082
    endloop
  endfacet
  facet normal -1 0 0
    outer loop
      vertex 0 -22.850189208984375 15.617433547973633
      vertex 0 -14.729165077209473 12.08345890045166
      vertex 0 -20.94493293762207 14.517434120178223
    endloop
  endfacet
  facet normal -1 0 0
    outer loop
      vertex 0 -22.850189208984375 15.617433547973633
      vertex 0 -28.065956115722656 19.783458709716797
      vertex 0 -14.729165077209473 12.08345890045166
    endloop
  endfacet
  facet normal -1 0 0
    outer loop
      vertex 0 -28.559738159179688 17.5282039642334
      vertex 0 -22.850189208984375 15.617433547973633
      vertex 0 -23.45018768310547 14.578203201293945
    endloop
  endfacet
  facet normal -1 0 0
    outer loop
      vertex 0 -22.850189208984375 15.617433547973633
      vertex 0 -28.559738159179688 17.5282039642334
      vertex 0 -28.065956115722656 19.783458709716797
    endloop
  endfacet
  facet normal -1 0 0
    outer loop
      vertex 0 -28.853029251098633 17.67283821105957
      vertex 0 -28.065956115722656 19.783458709716797
      vertex 0 -28.559738159179688 17.5282039642334
    endloop
  endfacet
  facet normal -1 0 0
    outer loop
      vertex 0 -29.162691116333008 17.7779541015625
      vertex 0 -28.065956115722656 19.783458709716797
      vertex 0 -28.853029251098633 17.67283821105957
    endloop
  endfacet
  facet normal -1 0 0
    outer loop
      vertex 0 -28.065956115722656 19.783458709716797
      vertex 0 -29.162691116333008 17.7779541015625
      vertex 0 -28.53522300720215 20.014875411987305
    endloop
  endfacet
  facet normal -1 0 0
    outer loop
      vertex 0 -29.483423233032227 17.841751098632812
      vertex 0 -28.53522300720215 20.014875411987305
      vertex 0 -29.162691116333008 17.7779541015625
    endloop
  endfacet
  facet normal -1 0 0
    outer loop
      vertex 0 -28.53522300720215 20.014875411987305
      vertex 0 -29.483423233032227 17.841751098632812
      vertex 0 -29.03067970275879 20.183059692382812
    endloop
  endfacet
  facet normal -1 0 0
    outer loop
      vertex 0 -29.483423233032227 17.841751098632812
      vertex 0 -29.543851852416992 20.28513526916504
      vertex 0 -29.03067970275879 20.183059692382812
    endloop
  endfacet
  facet normal -1 0 0
    outer loop
      vertex 0 -29.809738159179688 17.863140106201172
      vertex 0 -29.543851852416992 20.28513526916504
      vertex 0 -29.483423233032227 17.841751098632812
    endloop
  endfacet
  facet normal -1 0 0
    outer loop
      vertex 0 -29.809738159179688 17.863140106201172
      vertex 0 -30.065956115722656 20.31935691833496
      vertex 0 -29.543851852416992 20.28513526916504
    endloop
  endfacet
  facet normal -1 0 0
    outer loop
      vertex 0 -30.13605308532715 17.841751098632812
      vertex 0 -30.065956115722656 20.31935691833496
      vertex 0 -29.809738159179688 17.863140106201172
    endloop
  endfacet
  facet normal -1 0 0
    outer loop
      vertex 0 -30.58806037902832 20.285137176513672
      vertex 0 -30.13605308532715 17.841751098632812
      vertex 0 -30.456787109375 17.7779541015625
    endloop
  endfacet
  facet normal -1 0 0
    outer loop
      vertex 0 -30.13605308532715 17.841751098632812
      vertex 0 -30.58806037902832 20.285137176513672
      vertex 0 -30.065956115722656 20.31935691833496
    endloop
  endfacet
  facet normal -1 0 0
    outer loop
      vertex 0 -31.596689224243164 20.014875411987305
      vertex 0 -30.456787109375 17.7779541015625
      vertex 0 -30.766447067260742 17.67283821105957
    endloop
  endfacet
  facet normal -1 0 0
    outer loop
      vertex 0 -32.065956115722656 19.783458709716797
      vertex 0 -30.766447067260742 17.67283821105957
      vertex 0 -31.059738159179688 17.528202056884766
    endloop
  endfacet
  facet normal -1 0 0
    outer loop
      vertex 0 -30.456787109375 17.7779541015625
      vertex 0 -31.101232528686523 20.183061599731445
      vertex 0 -30.58806037902832 20.285137176513672
    endloop
  endfacet
  facet normal -1 0 0
    outer loop
      vertex 0 -32.50100326538086 19.492769241333008
      vertex 0 -31.059738159179688 17.528202056884766
      vertex 0 -31.331642150878906 17.346521377563477
    endloop
  endfacet
  facet normal -1 0 0
    outer loop
      vertex 0 -33.2393684387207 18.75440216064453
      vertex 0 -31.331642150878906 17.346521377563477
      vertex 0 -31.577505111694336 17.130905151367188
    endloop
  endfacet
  facet normal -1 0 0
    outer loop
      vertex 0 -30.456787109375 17.7779541015625
      vertex 0 -31.596689224243164 20.014875411987305
      vertex 0 -31.101232528686523 20.183061599731445
    endloop
  endfacet
  facet normal -1 0 0
    outer loop
      vertex 0 -33.53005599975586 18.31935691833496
      vertex 0 -31.577505111694336 17.130905151367188
      vertex 0 -31.793121337890625 16.885042190551758
    endloop
  endfacet
  facet normal -1 0 0
    outer loop
      vertex 0 -33.53005599975586 18.31935691833496
      vertex 0 -31.793121337890625 16.885042190551758
      vertex 0 -31.974802017211914 16.613140106201172
    endloop
  endfacet
  facet normal -1 0 0
    outer loop
      vertex 0 -30.766447067260742 17.67283821105957
      vertex 0 -32.065956115722656 19.783458709716797
      vertex 0 -31.596689224243164 20.014875411987305
    endloop
  endfacet
  facet normal -1 0 0
    outer loop
      vertex 0 -31.059738159179688 17.528202056884766
      vertex 0 -32.50100326538086 19.492769241333008
      vertex 0 -32.065956115722656 19.783458709716797
    endloop
  endfacet
  facet normal -1 0 0
    outer loop
      vertex 0 -31.331642150878906 17.346521377563477
      vertex 0 -32.89438247680664 19.147783279418945
      vertex 0 -32.50100326538086 19.492769241333008
    endloop
  endfacet
  facet normal -1 0 0
    outer loop
      vertex 0 -31.331642150878906 17.346521377563477
      vertex 0 -33.2393684387207 18.75440216064453
      vertex 0 -32.89438247680664 19.147783279418945
    endloop
  endfacet
  facet normal -1 0 0
    outer loop
      vertex 0 -31.577505111694336 17.130905151367188
      vertex 0 -33.53005599975586 18.31935691833496
      vertex 0 -33.2393684387207 18.75440216064453
    endloop
  endfacet
  facet normal -1 0 0
    outer loop
      vertex 0 -36.63005828857422 12.949999809265137
      vertex 0 -31.974802017211914 16.613140106201172
      vertex 0 -34.72480392456055 11.850000381469727
    endloop
  endfacet
  facet normal -1 0 0
    outer loop
      vertex 0 -31.974802017211914 16.613140106201172
      vertex 0 -36.63005828857422 12.949999809265137
      vertex 0 -33.53005599975586 18.31935691833496
    endloop
  endfacet
  facet normal -4.5971773536675e-7 0.8660251157190799 -0.5000004989432939
    outer loop
      vertex 6.09999942779541 -16.36506462097168 1.2500001192092896
      vertex 5.59999942779541 -15.54167366027832 2.6761536598205566
      vertex 6.09999942779541 -15.541672706604004 2.676154851913452
    endloop
  endfacet
  facet normal 0 0.8660251855096034 -0.5000003780629142
    outer loop
      vertex 5.59999942779541 -15.54167366027832 2.6761536598205566
      vertex 6.09999942779541 -16.36506462097168 1.2500001192092896
      vertex 5.59999942779541 -16.36506462097168 1.2500001192092896
    endloop
  endfacet
  facet normal 0 0.8660254444321471 -0.49999992959609707
    outer loop
      vertex 10.199999809265137 -15.54167366027832 2.6761536598205566
      vertex 0 -13.265064239501953 6.619357585906982
      vertex 13.799999237060547 -15.54167366027832 2.6761536598205566
    endloop
  endfacet
  facet normal -4.5971773536675e-7 0.8660251157190799 -0.5000004989432939
    outer loop
      vertex 14.299999237060547 -16.36506462097168 1.2500001192092896
      vertex 13.799999237060547 -15.54167366027832 2.6761536598205566
      vertex 14.299999237060547 -15.541672706604004 2.676154851913452
    endloop
  endfacet
  facet normal 0 0.8660251855096034 -0.5000003780629142
    outer loop
      vertex 13.799999237060547 -15.54167366027832 2.6761536598205566
      vertex 14.299999237060547 -16.36506462097168 1.2500001192092896
      vertex 13.799999237060547 -16.36506462097168 1.2500001192092896
    endloop
  endfacet
  facet normal 0 0.8660254696736158 -0.4999998858765802
    outer loop
      vertex 14.299999237060547 -15.541672706604004 2.676154851913452
      vertex 24 -13.265064239501953 6.619357585906982
      vertex 17.899999618530273 -15.541672706604004 2.676154851913452
    endloop
  endfacet
  facet normal 0 0.8660254444321471 -0.49999992959609707
    outer loop
      vertex 18.399999618530273 -15.54167366027832 2.6761536598205566
      vertex 24 -13.265064239501953 6.619357585906982
      vertex 22 -15.54167366027832 2.6761536598205566
    endloop
  endfacet
  facet normal 3.131355521804169e-7 0.8660253756597676 -0.5000000487132581
    outer loop
      vertex 24 -16.36506462097168 1.2500001192092896
      vertex 22 -15.54167366027832 2.6761536598205566
      vertex 24 -13.265064239501953 6.619357585906982
    endloop
  endfacet
  facet normal 0 0.8660251855096034 -0.5000003780629142
    outer loop
      vertex 22 -15.54167366027832 2.6761536598205566
      vertex 24 -16.36506462097168 1.2500001192092896
      vertex 22 -16.36506462097168 1.2500001192092896
    endloop
  endfacet
  facet normal -4.5972282833313486e-7 0.8660259593609291 -0.4999990377118452
    outer loop
      vertex 13.799999237060547 -15.54167366027832 2.6761536598205566
      vertex 24 -13.265064239501953 6.619357585906982
      vertex 14.299999237060547 -15.541672706604004 2.676154851913452
    endloop
  endfacet
  facet normal 0 0.8660254444321471 -0.49999992959609707
    outer loop
      vertex 24 -13.265064239501953 6.619357585906982
      vertex 13.799999237060547 -15.54167366027832 2.6761536598205566
      vertex 0 -13.265064239501953 6.619357585906982
    endloop
  endfacet
  facet normal 0 0.8660254696736158 -0.4999998858765802
    outer loop
      vertex 6.09999942779541 -15.541672706604004 2.676154851913452
      vertex 0 -13.265064239501953 6.619357585906982
      vertex 9.699999809265137 -15.541672706604004 2.676154851913452
    endloop
  endfacet
  facet normal -4.5971801312061774e-7 0.8660251617286282 -0.5000004192525166
    outer loop
      vertex 5.59999942779541 -15.54167366027832 2.6761536598205566
      vertex 0 -13.265064239501953 6.619357585906982
      vertex 6.09999942779541 -15.541672706604004 2.676154851913452
    endloop
  endfacet
  facet normal 0 0.8660254444321471 -0.49999992959609707
    outer loop
      vertex 1.9999990463256836 -15.54167366027832 2.6761536598205566
      vertex 0 -13.265064239501953 6.619357585906982
      vertex 5.59999942779541 -15.54167366027832 2.6761536598205566
    endloop
  endfacet
  facet normal 0 0.8660251855096033 -0.5000003780629141
    outer loop
      vertex 0 -16.36506462097168 1.2500001192092896
      vertex 1.9999990463256836 -15.54167366027832 2.6761536598205566
      vertex 1.9999990463256836 -16.36506462097168 1.2500001192092896
    endloop
  endfacet
  facet normal -3.1313570149515485e-7 0.8660253756597674 -0.5000000487132581
    outer loop
      vertex 1.9999990463256836 -15.54167366027832 2.6761536598205566
      vertex 0 -16.36506462097168 1.2500001192092896
      vertex 0 -13.265064239501953 6.619357585906982
    endloop
  endfacet
  facet normal 4.597180131203271e-7 0.86602516172858 -0.5000004192526
    outer loop
      vertex 24 -13.265064239501953 6.619357585906982
      vertex 18.399999618530273 -15.54167366027832 2.6761536598205566
      vertex 17.899999618530273 -15.541672706604004 2.676154851913452
    endloop
  endfacet
  facet normal 4.5971815668284463e-7 0.8660251855095119 -0.5000003780628612
    outer loop
      vertex 18.399999618530273 -16.36506462097168 1.2500001192092896
      vertex 17.899999618530273 -15.541672706604004 2.676154851913452
      vertex 18.399999618530273 -15.54167366027832 2.6761536598205566
    endloop
  endfacet
  facet normal 0 0.8660251157191715 -0.5000004989433467
    outer loop
      vertex 17.899999618530273 -15.541672706604004 2.676154851913452
      vertex 18.399999618530273 -16.36506462097168 1.2500001192092896
      vertex 17.899999618530273 -16.36506462097168 1.2500001192092896
    endloop
  endfacet
  facet normal 4.597228283328442e-7 0.8660259593608809 -0.49999903771192855
    outer loop
      vertex 0 -13.265064239501953 6.619357585906982
      vertex 10.199999809265137 -15.54167366027832 2.6761536598205566
      vertex 9.699999809265137 -15.541672706604004 2.676154851913452
    endloop
  endfacet
  facet normal 4.5971815668284463e-7 0.8660251855095119 -0.5000003780628612
    outer loop
      vertex 10.199999809265137 -16.36506462097168 1.2500001192092896
      vertex 9.699999809265137 -15.541672706604004 2.676154851913452
      vertex 10.199999809265137 -15.54167366027832 2.6761536598205566
    endloop
  endfacet
  facet normal 0 0.8660251157191715 -0.5000004989433467
    outer loop
      vertex 9.699999809265137 -15.541672706604004 2.676154851913452
      vertex 10.199999809265137 -16.36506462097168 1.2500001192092896
      vertex 9.699999809265137 -16.36506462097168 1.2500001192092896
    endloop
  endfacet
  facet normal 0 -0.19508901599744463 0.9807855401855948
    outer loop
      vertex 0 -30.58806037902832 20.285137176513672
      vertex 1.8999996185302734 -31.101232528686523 20.183061599731445
      vertex 1.8999996185302734 -30.58806037902832 20.285137176513672
    endloop
  endfacet
  facet normal 0 -0.19508901599744463 0.9807855401855948
    outer loop
      vertex 1.8999996185302734 -31.101232528686523 20.183061599731445
      vertex 0 -30.58806037902832 20.285137176513672
      vertex 0 -31.101232528686523 20.183061599731445
    endloop
  endfacet
  facet normal 0 -0.1950890159974446 0.9807855401855947
    outer loop
      vertex 22.099998474121094 -30.58806037902832 20.285137176513672
      vertex 24 -31.101232528686523 20.183061599731445
      vertex 24 -30.58806037902832 20.285137176513672
    endloop
  endfacet
  facet normal 0 -0.1950890159974446 0.9807855401855947
    outer loop
      vertex 24 -31.101232528686523 20.183061599731445
      vertex 22.099998474121094 -30.58806037902832 20.285137176513672
      vertex 22.099998474121094 -31.101232528686523 20.183061599731445
    endloop
  endfacet
  facet normal 0 -0.1950890159974446 0.9807855401855947
    outer loop
      vertex 5.09999942779541 -30.58806037902832 20.285137176513672
      vertex 18.899999618530273 -31.101232528686523 20.183061599731445
      vertex 18.899999618530273 -30.58806037902832 20.285137176513672
    endloop
  endfacet
  facet normal 0 -0.1950890159974446 0.9807855401855947
    outer loop
      vertex 18.899999618530273 -31.101232528686523 20.183061599731445
      vertex 5.09999942779541 -30.58806037902832 20.285137176513672
      vertex 5.09999942779541 -31.101232528686523 20.183061599731445
    endloop
  endfacet
  facet normal 1 0 0
    outer loop
      vertex 24 -12.729165077209473 8.619357109069824
      vertex 24 -15.206770896911621 8.689455032348633
      vertex 24 -15.185383796691895 8.363140106201172
    endloop
  endfacet
  facet normal 1 0 0
    outer loop
      vertex 24 -14.294119834899902 11.792771339416504
      vertex 24 -15.270567893981934 9.010187149047852
      vertex 24 -15.206770896911621 8.689455032348633
    endloop
  endfacet
  facet normal 1 0 0
    outer loop
      vertex 24 -14.294119834899902 11.792771339416504
      vertex 24 -15.37568473815918 9.31984806060791
      vertex 24 -15.270567893981934 9.010187149047852
    endloop
  endfacet
  facet normal 1 0 0
    outer loop
      vertex 24 -14.294119834899902 11.792771339416504
      vertex 24 -15.520319938659668 9.613139152526855
      vertex 24 -15.37568473815918 9.31984806060791
    endloop
  endfacet
  facet normal 1 0 0
    outer loop
      vertex 24 -14.294119834899902 11.792771339416504
      vertex 24 -15.702000617980957 9.885043144226074
      vertex 24 -15.520319938659668 9.613139152526855
    endloop
  endfacet
  facet normal 1 0 0
    outer loop
      vertex 24 -14.294119834899902 11.792771339416504
      vertex 24 -15.917616844177246 10.130906105041504
      vertex 24 -15.702000617980957 9.885043144226074
    endloop
  endfacet
  facet normal 1 0 0
    outer loop
      vertex 24 -14.729165077209473 12.08345890045166
      vertex 24 -16.163480758666992 10.34652328491211
      vertex 24 -15.917616844177246 10.130906105041504
    endloop
  endfacet
  facet normal 1 0 0
    outer loop
      vertex 24 -14.729165077209473 12.08345890045166
      vertex 24 -16.435382843017578 10.528203010559082
      vertex 24 -16.163480758666992 10.34652328491211
    endloop
  endfacet
  facet normal 1 0 0
    outer loop
      vertex 24 -28.065956115722656 19.783458709716797
      vertex 24 -16.435382843017578 10.528203010559082
      vertex 24 -14.729165077209473 12.08345890045166
    endloop
  endfacet
  facet normal 1 0 0
    outer loop
      vertex 24 -29.162691116333008 17.7779541015625
      vertex 24 -28.065956115722656 19.783458709716797
      vertex 24 -28.53522300720215 20.014875411987305
    endloop
  endfacet
  facet normal 1 0 0
    outer loop
      vertex 24 -28.065956115722656 19.783458709716797
      vertex 24 -28.559738159179688 17.5282039642334
      vertex 24 -16.435382843017578 10.528203010559082
    endloop
  endfacet
  facet normal 1 0 0
    outer loop
      vertex 24 -28.065956115722656 19.783458709716797
      vertex 24 -28.853029251098633 17.67283821105957
      vertex 24 -28.559738159179688 17.5282039642334
    endloop
  endfacet
  facet normal 1 0 0
    outer loop
      vertex 24 -29.483423233032227 17.841751098632812
      vertex 24 -28.53522300720215 20.014875411987305
      vertex 24 -29.03067970275879 20.183059692382812
    endloop
  endfacet
  facet normal 1 0 0
    outer loop
      vertex 24 -28.065956115722656 19.783458709716797
      vertex 24 -29.162691116333008 17.7779541015625
      vertex 24 -28.853029251098633 17.67283821105957
    endloop
  endfacet
  facet normal 1 0 0
    outer loop
      vertex 24 -28.53522300720215 20.014875411987305
      vertex 24 -29.483423233032227 17.841751098632812
      vertex 24 -29.162691116333008 17.7779541015625
    endloop
  endfacet
  facet normal 1 0 0
    outer loop
      vertex 24 -29.543851852416992 20.28513526916504
      vertex 24 -29.483423233032227 17.841751098632812
      vertex 24 -29.03067970275879 20.183059692382812
    endloop
  endfacet
  facet normal 1 0 0
    outer loop
      vertex 24 -29.543851852416992 20.28513526916504
      vertex 24 -29.809738159179688 17.863140106201172
      vertex 24 -29.483423233032227 17.841751098632812
    endloop
  endfacet
  facet normal 1 0 0
    outer loop
      vertex 24 -30.065956115722656 20.31935691833496
      vertex 24 -29.809738159179688 17.863140106201172
      vertex 24 -29.543851852416992 20.28513526916504
    endloop
  endfacet
  facet normal 1 0 0
    outer loop
      vertex 24 -30.065956115722656 20.31935691833496
      vertex 24 -30.13605308532715 17.841751098632812
      vertex 24 -29.809738159179688 17.863140106201172
    endloop
  endfacet
  facet normal 1 0 0
    outer loop
      vertex 24 -30.58806037902832 20.285137176513672
      vertex 24 -30.13605308532715 17.841751098632812
      vertex 24 -30.065956115722656 20.31935691833496
    endloop
  endfacet
  facet normal 1 0 0
    outer loop
      vertex 24 -30.13605308532715 17.841751098632812
      vertex 24 -30.58806037902832 20.285137176513672
      vertex 24 -30.456787109375 17.7779541015625
    endloop
  endfacet
  facet normal 1 0 0
    outer loop
      vertex 24 -31.101232528686523 20.183061599731445
      vertex 24 -30.456787109375 17.7779541015625
      vertex 24 -30.58806037902832 20.285137176513672
    endloop
  endfacet
  facet normal 1 0 0
    outer loop
      vertex 24 -31.596689224243164 20.014875411987305
      vertex 24 -30.456787109375 17.7779541015625
      vertex 24 -31.101232528686523 20.183061599731445
    endloop
  endfacet
  facet normal 1 0 0
    outer loop
      vertex 24 -30.456787109375 17.7779541015625
      vertex 24 -31.596689224243164 20.014875411987305
      vertex 24 -30.766447067260742 17.67283821105957
    endloop
  endfacet
  facet normal 1 0 0
    outer loop
      vertex 24 -32.065956115722656 19.783458709716797
      vertex 24 -30.766447067260742 17.67283821105957
      vertex 24 -31.596689224243164 20.014875411987305
    endloop
  endfacet
  facet normal 1 0 0
    outer loop
      vertex 24 -30.766447067260742 17.67283821105957
      vertex 24 -32.065956115722656 19.783458709716797
      vertex 24 -31.059738159179688 17.528202056884766
    endloop
  endfacet
  facet normal 1 0 0
    outer loop
      vertex 24 -32.50100326538086 19.492769241333008
      vertex 24 -31.059738159179688 17.528202056884766
      vertex 24 -32.065956115722656 19.783458709716797
    endloop
  endfacet
  facet normal 1 0 0
    outer loop
      vertex 24 -31.059738159179688 17.528202056884766
      vertex 24 -32.50100326538086 19.492769241333008
      vertex 24 -31.331642150878906 17.346521377563477
    endloop
  endfacet
  facet normal 1 0 0
    outer loop
      vertex 24 -32.89438247680664 19.147783279418945
      vertex 24 -31.331642150878906 17.346521377563477
      vertex 24 -32.50100326538086 19.492769241333008
    endloop
  endfacet
  facet normal 1 0 0
    outer loop
      vertex 24 -33.2393684387207 18.75440216064453
      vertex 24 -31.331642150878906 17.346521377563477
      vertex 24 -32.89438247680664 19.147783279418945
    endloop
  endfacet
  facet normal 1 0 0
    outer loop
      vertex 24 -31.331642150878906 17.346521377563477
      vertex 24 -33.2393684387207 18.75440216064453
      vertex 24 -31.577505111694336 17.130905151367188
    endloop
  endfacet
  facet normal 1 0 0
    outer loop
      vertex 24 -33.53005599975586 18.31935691833496
      vertex 24 -31.577505111694336 17.130905151367188
      vertex 24 -33.2393684387207 18.75440216064453
    endloop
  endfacet
  facet normal 1 0 0
    outer loop
      vertex 24 -31.577505111694336 17.130905151367188
      vertex 24 -33.53005599975586 18.31935691833496
      vertex 24 -31.793121337890625 16.885042190551758
    endloop
  endfacet
  facet normal 1 0 0
    outer loop
      vertex 24 -31.793121337890625 16.885042190551758
      vertex 24 -33.53005599975586 18.31935691833496
      vertex 24 -31.974802017211914 16.613140106201172
    endloop
  endfacet
  facet normal 1 0 0
    outer loop
      vertex 24 -36.63005828857422 12.949999809265137
      vertex 24 -31.974802017211914 16.613140106201172
      vertex 24 -33.53005599975586 18.31935691833496
    endloop
  endfacet
  facet normal 1 0 0
    outer loop
      vertex 24 -31.974802017211914 16.613140106201172
      vertex 24 -36.63005828857422 12.949999809265137
      vertex 24 -34.72480392456055 11.850000381469727
    endloop
  endfacet
  facet normal 1 0 0
    outer loop
      vertex 24 -15.206770896911621 8.689455032348633
      vertex 24 -12.729165077209473 8.619357109069824
      vertex 24 -12.763386726379395 9.141461372375488
    endloop
  endfacet
  facet normal 1 0 0
    outer loop
      vertex 24 -15.206770896911621 8.689455032348633
      vertex 24 -12.763386726379395 9.141461372375488
      vertex 24 -12.865461349487305 9.654633522033691
    endloop
  endfacet
  facet normal 1 0 0
    outer loop
      vertex 24 -12.729165077209473 8.619357109069824
      vertex 24 -15.185383796691895 8.363140106201172
      vertex 24 -12.763386726379395 8.09725284576416
    endloop
  endfacet
  facet normal 1 0 0
    outer loop
      vertex 24 -15.206770896911621 8.689455032348633
      vertex 24 -12.865461349487305 9.654633522033691
      vertex 24 -13.033647537231445 10.150091171264648
    endloop
  endfacet
  facet normal 1 0 0
    outer loop
      vertex 24 -15.206771850585938 8.036824226379395
      vertex 24 -12.763386726379395 8.09725284576416
      vertex 24 -15.185383796691895 8.363140106201172
    endloop
  endfacet
  facet normal 1 0 0
    outer loop
      vertex 24 -15.206770896911621 8.689455032348633
      vertex 24 -13.033647537231445 10.150091171264648
      vertex 24 -13.265063285827637 10.61935806274414
    endloop
  endfacet
  facet normal 1 0 0
    outer loop
      vertex 24 -12.763386726379395 8.09725284576416
      vertex 24 -15.206771850585938 8.036824226379395
      vertex 24 -12.865463256835938 7.584080696105957
    endloop
  endfacet
  facet normal 1 0 0
    outer loop
      vertex 24 -15.206770896911621 8.689455032348633
      vertex 24 -13.265063285827637 10.61935806274414
      vertex 24 -13.555752754211426 11.054403305053711
    endloop
  endfacet
  facet normal 1 0 0
    outer loop
      vertex 24 -15.206770896911621 8.689455032348633
      vertex 24 -13.555752754211426 11.054403305053711
      vertex 24 -13.900738716125488 11.447784423828125
    endloop
  endfacet
  facet normal 1 0 0
    outer loop
      vertex 24 -15.206770896911621 8.689455032348633
      vertex 24 -13.900738716125488 11.447784423828125
      vertex 24 -14.294119834899902 11.792771339416504
    endloop
  endfacet
  facet normal 1 0 0
    outer loop
      vertex 24 -15.917616844177246 10.130906105041504
      vertex 24 -14.294119834899902 11.792771339416504
      vertex 24 -14.729165077209473 12.08345890045166
    endloop
  endfacet
  facet normal 1 0 0
    outer loop
      vertex 24 -12.865463256835938 7.584080696105957
      vertex 24 -15.206771850585938 8.036824226379395
      vertex 24 -13.033647537231445 7.088623523712158
    endloop
  endfacet
  facet normal 1 0 0
    outer loop
      vertex 24 -15.27056884765625 7.716092109680176
      vertex 24 -13.033647537231445 7.088623523712158
      vertex 24 -15.206771850585938 8.036824226379395
    endloop
  endfacet
  facet normal 1 0 0
    outer loop
      vertex 24 -13.033647537231445 7.088623523712158
      vertex 24 -15.27056884765625 7.716092109680176
      vertex 24 -13.265064239501953 6.619357585906982
    endloop
  endfacet
  facet normal 1 0 0
    outer loop
      vertex 24 -15.37568473815918 7.406430721282959
      vertex 24 -13.265064239501953 6.619357585906982
      vertex 24 -15.27056884765625 7.716092109680176
    endloop
  endfacet
  facet normal 1 0 0
    outer loop
      vertex 24 -15.520318984985352 7.113139629364014
      vertex 24 -13.265064239501953 6.619357585906982
      vertex 24 -15.37568473815918 7.406430721282959
    endloop
  endfacet
  facet normal 1 0 0
    outer loop
      vertex 24 -15.520318984985352 7.113139629364014
      vertex 24 -16.36506462097168 1.2500001192092896
      vertex 24 -13.265064239501953 6.619357585906982
    endloop
  endfacet
  facet normal 1 0 0
    outer loop
      vertex 24 -16.36506462097168 1.2500001192092896
      vertex 24 -15.520318984985352 7.113139629364014
      vertex 24 -18.27031898498535 2.3499999046325684
    endloop
  endfacet
  facet normal 0 0.9469305756063826 -0.32143815109872204
    outer loop
      vertex 24 -13.033647537231445 7.088623523712158
      vertex 0 -12.865463256835938 7.584080696105957
      vertex 24 -12.865463256835938 7.584080696105957
    endloop
  endfacet
  facet normal 0 0.9469305756063826 -0.32143815109872204
    outer loop
      vertex 0 -12.865463256835938 7.584080696105957
      vertex 24 -13.033647537231445 7.088623523712158
      vertex 0 -13.033647537231445 7.088623523712158
    endloop
  endfacet
  facet normal 0 -0.751839826652126 0.6593457932372825
    outer loop
      vertex 0 -33.2393684387207 18.75440216064453
      vertex 24 -32.89438247680664 19.147783279418945
      vertex 0 -32.89438247680664 19.147783279418945
    endloop
  endfacet
  facet normal 0 -0.751839826652126 0.6593457932372825
    outer loop
      vertex 24 -32.89438247680664 19.147783279418945
      vertex 0 -33.2393684387207 18.75440216064453
      vertex 24 -33.2393684387207 18.75440216064453
    endloop
  endfacet
  facet normal 0 -0.44228850750418897 0.8968728316376391
    outer loop
      vertex 0 -31.596689224243164 20.014875411987305
      vertex 24 -32.065956115722656 19.783458709716797
      vertex 24 -31.596689224243164 20.014875411987305
    endloop
  endfacet
  facet normal 0 -0.44228850750418897 0.8968728316376391
    outer loop
      vertex 24 -32.065956115722656 19.783458709716797
      vertex 0 -31.596689224243164 20.014875411987305
      vertex 0 -32.065956115722656 19.783458709716797
    endloop
  endfacet
  facet normal 0 -0.3214390582312715 -0.9469302676772947
    outer loop
      vertex 0 -29.162691116333008 17.7779541015625
      vertex 1.8999996185302734 -28.853029251098633 17.67283821105957
      vertex 1.8999996185302734 -29.162691116333008 17.7779541015625
    endloop
  endfacet
  facet normal 0 -0.3214390582312715 -0.9469302676772947
    outer loop
      vertex 1.8999996185302734 -28.853029251098633 17.67283821105957
      vertex 0 -29.162691116333008 17.7779541015625
      vertex 0 -28.853029251098633 17.67283821105957
    endloop
  endfacet
  facet normal 0 -0.32143905823127156 -0.9469302676772948
    outer loop
      vertex 22.099998474121094 -29.162691116333008 17.7779541015625
      vertex 24 -28.853029251098633 17.67283821105957
      vertex 24 -29.162691116333008 17.7779541015625
    endloop
  endfacet
  facet normal 0 -0.32143905823127156 -0.9469302676772948
    outer loop
      vertex 24 -28.853029251098633 17.67283821105957
      vertex 22.099998474121094 -29.162691116333008 17.7779541015625
      vertex 22.099998474121094 -28.853029251098633 17.67283821105957
    endloop
  endfacet
  facet normal 0 -0.3214390582312715 -0.9469302676772947
    outer loop
      vertex 5.09999942779541 -29.162691116333008 17.7779541015625
      vertex 18.899999618530273 -28.853029251098633 17.67283821105957
      vertex 18.899999618530273 -29.162691116333008 17.7779541015625
    endloop
  endfacet
  facet normal 0 -0.3214390582312715 -0.9469302676772947
    outer loop
      vertex 18.899999618530273 -28.853029251098633 17.67283821105957
      vertex 5.09999942779541 -29.162691116333008 17.7779541015625
      vertex 5.09999942779541 -28.853029251098633 17.67283821105957
    endloop
  endfacet
  facet normal 0 0.7518395096963059 -0.659346154655973
    outer loop
      vertex 1.8999996185302734 -31.793121337890625 16.885042190551758
      vertex 0 -31.577505111694336 17.130905151367188
      vertex 1.8999996185302734 -31.577505111694336 17.130905151367188
    endloop
  endfacet
  facet normal 0 0.7518395096963059 -0.659346154655973
    outer loop
      vertex 0 -31.577505111694336 17.130905151367188
      vertex 1.8999996185302734 -31.793121337890625 16.885042190551758
      vertex 0 -31.793121337890625 16.885042190551758
    endloop
  endfacet
  facet normal 0 0.751839509696306 -0.6593461546559731
    outer loop
      vertex 24 -31.793121337890625 16.885042190551758
      vertex 22.099998474121094 -31.577505111694336 17.130905151367188
      vertex 24 -31.577505111694336 17.130905151367188
    endloop
  endfacet
  facet normal 0 0.751839509696306 -0.6593461546559731
    outer loop
      vertex 22.099998474121094 -31.577505111694336 17.130905151367188
      vertex 24 -31.793121337890625 16.885042190551758
      vertex 22.099998474121094 -31.793121337890625 16.885042190551758
    endloop
  endfacet
  facet normal 0 0.7518395096963059 -0.6593461546559731
    outer loop
      vertex 18.899999618530273 -31.793121337890625 16.885042190551758
      vertex 5.09999942779541 -31.577505111694336 17.130905151367188
      vertex 18.899999618530273 -31.577505111694336 17.130905151367188
    endloop
  endfacet
  facet normal 0 0.7518395096963059 -0.6593461546559731
    outer loop
      vertex 5.09999942779541 -31.577505111694336 17.130905151367188
      vertex 18.899999618530273 -31.793121337890625 16.885042190551758
      vertex 5.09999942779541 -31.793121337890625 16.885042190551758
    endloop
  endfacet
  facet normal 0 -0.6593463574550448 -0.7518393318460829
    outer loop
      vertex 0 -16.163480758666992 10.34652328491211
      vertex 1.8999996185302734 -15.917616844177246 10.130906105041504
      vertex 1.8999996185302734 -16.163480758666992 10.34652328491211
    endloop
  endfacet
  facet normal 0 -0.6593463574550448 -0.7518393318460829
    outer loop
      vertex 1.8999996185302734 -15.917616844177246 10.130906105041504
      vertex 0 -16.163480758666992 10.34652328491211
      vertex 0 -15.917616844177246 10.130906105041504
    endloop
  endfacet
  facet normal 0 -0.6593463574550448 -0.7518393318460829
    outer loop
      vertex 22.099998474121094 -16.163480758666992 10.34652328491211
      vertex 24 -15.917616844177246 10.130906105041504
      vertex 24 -16.163480758666992 10.34652328491211
    endloop
  endfacet
  facet normal 0 -0.6593463574550448 -0.7518393318460829
    outer loop
      vertex 24 -15.917616844177246 10.130906105041504
      vertex 22.099998474121094 -16.163480758666992 10.34652328491211
      vertex 22.099998474121094 -15.917616844177246 10.130906105041504
    endloop
  endfacet
  facet normal 0 -0.6593463574550449 -0.751839331846083
    outer loop
      vertex 5.09999942779541 -16.163480758666992 10.34652328491211
      vertex 18.899999618530273 -15.917616844177246 10.130906105041504
      vertex 18.899999618530273 -16.163480758666992 10.34652328491211
    endloop
  endfacet
  facet normal 0 -0.6593463574550449 -0.751839331846083
    outer loop
      vertex 18.899999618530273 -15.917616844177246 10.130906105041504
      vertex 5.09999942779541 -16.163480758666992 10.34652328491211
      vertex 5.09999942779541 -15.917616844177246 10.130906105041504
    endloop
  endfacet
  facet normal 0 0.831467472280022 -0.5555734357762895
    outer loop
      vertex 1.8999996185302734 -31.974802017211914 16.613140106201172
      vertex 0 -31.793121337890625 16.885042190551758
      vertex 1.8999996185302734 -31.793121337890625 16.885042190551758
    endloop
  endfacet
  facet normal 0 0.831467472280022 -0.5555734357762895
    outer loop
      vertex 0 -31.793121337890625 16.885042190551758
      vertex 1.8999996185302734 -31.974802017211914 16.613140106201172
      vertex 0 -31.974802017211914 16.613140106201172
    endloop
  endfacet
  facet normal 0 0.831467472280022 -0.5555734357762895
    outer loop
      vertex 24 -31.974802017211914 16.613140106201172
      vertex 22.099998474121094 -31.793121337890625 16.885042190551758
      vertex 24 -31.793121337890625 16.885042190551758
    endloop
  endfacet
  facet normal 0 0.831467472280022 -0.5555734357762895
    outer loop
      vertex 22.099998474121094 -31.793121337890625 16.885042190551758
      vertex 24 -31.974802017211914 16.613140106201172
      vertex 22.099998474121094 -31.974802017211914 16.613140106201172
    endloop
  endfacet
  facet normal 0 0.831467472280022 -0.5555734357762895
    outer loop
      vertex 18.899999618530273 -31.974802017211914 16.613140106201172
      vertex 5.09999942779541 -31.793121337890625 16.885042190551758
      vertex 18.899999618530273 -31.793121337890625 16.885042190551758
    endloop
  endfacet
  facet normal 0 0.831467472280022 -0.5555734357762895
    outer loop
      vertex 5.09999942779541 -31.793121337890625 16.885042190551758
      vertex 18.899999618530273 -31.974802017211914 16.613140106201172
      vertex 5.09999942779541 -31.974802017211914 16.613140106201172
    endloop
  endfacet
  facet normal 0 0.8660243590360708 -0.5000018095528883
    outer loop
      vertex 24 -31.974802017211914 16.613140106201172
      vertex 22.099998474121094 -32.22480392456055 16.180126190185547
      vertex 22.099998474121094 -31.974802017211914 16.613140106201172
    endloop
  endfacet
  facet normal 0 0.866025343274101 -0.5000001048069646
    outer loop
      vertex 24 -34.72480392456055 11.850000381469727
      vertex 18.899999618530273 -32.22480392456055 16.180126190185547
      vertex 22.099998474121094 -32.22480392456055 16.180126190185547
    endloop
  endfacet
  facet normal 0 0.866025343274101 -0.5000001048069646
    outer loop
      vertex 18.899999618530273 -32.22480392456055 16.180126190185547
      vertex 24 -34.72480392456055 11.850000381469727
      vertex 5.09999942779541 -32.22480392456055 16.180126190185547
    endloop
  endfacet
  facet normal 0 0.866025343274101 -0.5000001048069646
    outer loop
      vertex 0 -34.72480392456055 11.850000381469727
      vertex 5.09999942779541 -32.22480392456055 16.180126190185547
      vertex 24 -34.72480392456055 11.850000381469727
    endloop
  endfacet
  facet normal -4.7092771533079577e-7 0.8660252537976159 -0.5000002597844859
    outer loop
      vertex 24 -34.72480392456055 11.850000381469727
      vertex 22.099998474121094 -32.22480392456055 16.180126190185547
      vertex 24 -31.974802017211914 16.613140106201172
    endloop
  endfacet
  facet normal 0 0.8660243590360708 -0.5000018095528882
    outer loop
      vertex 18.899999618530273 -32.22480392456055 16.180126190185547
      vertex 5.09999942779541 -31.974802017211914 16.613140106201172
      vertex 18.899999618530273 -31.974802017211914 16.613140106201172
    endloop
  endfacet
  facet normal 0 0.8660243590360708 -0.5000018095528882
    outer loop
      vertex 5.09999942779541 -31.974802017211914 16.613140106201172
      vertex 18.899999618530273 -32.22480392456055 16.180126190185547
      vertex 5.09999942779541 -32.22480392456055 16.180126190185547
    endloop
  endfacet
  facet normal 0 0.8660243590360708 -0.5000018095528882
    outer loop
      vertex 1.8999996185302734 -32.22480392456055 16.180126190185547
      vertex 0 -31.974802017211914 16.613140106201172
      vertex 1.8999996185302734 -31.974802017211914 16.613140106201172
    endloop
  endfacet
  facet normal 4.7092818808001384e-7 0.8660252537976159 -0.5000002597844859
    outer loop
      vertex 1.8999996185302734 -32.22480392456055 16.180126190185547
      vertex 0 -34.72480392456055 11.850000381469727
      vertex 0 -31.974802017211914 16.613140106201172
    endloop
  endfacet
  facet normal 0 0.866025343274101 -0.5000001048069646
    outer loop
      vertex 5.09999942779541 -32.22480392456055 16.180126190185547
      vertex 0 -34.72480392456055 11.850000381469727
      vertex 1.8999996185302734 -32.22480392456055 16.180126190185547
    endloop
  endfacet
  facet normal 0 -0.5000000534076209 -0.8660253729495322
    outer loop
      vertex 0 -21.544933319091797 13.478203773498535
      vertex 1.8999996185302734 -16.435382843017578 10.528203010559082
      vertex 1.8999996185302734 -21.544933319091797 13.478203773498535
    endloop
  endfacet
  facet normal 0 -0.5000000534076209 -0.8660253729495322
    outer loop
      vertex 1.8999996185302734 -16.435382843017578 10.528203010559082
      vertex 0 -21.544933319091797 13.478203773498535
      vertex 0 -16.435382843017578 10.528203010559082
    endloop
  endfacet
  facet normal 0 -0.5000000615073615 -0.8660253682731441
    outer loop
      vertex 22.099998474121094 -28.559738159179688 17.5282039642334
      vertex 24 -16.435382843017578 10.528203010559082
      vertex 24 -28.559738159179688 17.5282039642334
    endloop
  endfacet
  facet normal 0 -0.5000000615073615 -0.8660253682731441
    outer loop
      vertex 24 -16.435382843017578 10.528203010559082
      vertex 22.099998474121094 -28.559738159179688 17.5282039642334
      vertex 22.099998474121094 -16.435382843017578 10.528203010559082
    endloop
  endfacet
  facet normal 0 -0.5000000534076209 -0.8660253729495322
    outer loop
      vertex 0 -28.559738159179688 17.5282039642334
      vertex 1.8999996185302734 -23.45018768310547 14.578203201293945
      vertex 1.8999996185302734 -28.559738159179688 17.5282039642334
    endloop
  endfacet
  facet normal 0 -0.5000000534076209 -0.8660253729495322
    outer loop
      vertex 1.8999996185302734 -23.45018768310547 14.578203201293945
      vertex 0 -28.559738159179688 17.5282039642334
      vertex 0 -23.45018768310547 14.578203201293945
    endloop
  endfacet
  facet normal 0 -0.5000000497465381 -0.8660253750632596
    outer loop
      vertex 5.09999942779541 -19.033458709716797 12.028203010559082
      vertex 18.899999618530273 -16.435382843017578 10.528203010559082
      vertex 18.899999618530273 -19.033458709716797 12.028203010559082
    endloop
  endfacet
  facet normal 0 -0.5000000497465381 -0.8660253750632596
    outer loop
      vertex 18.899999618530273 -16.435382843017578 10.528203010559082
      vertex 5.09999942779541 -19.033458709716797 12.028203010559082
      vertex 5.09999942779541 -16.435382843017578 10.528203010559082
    endloop
  endfacet
  facet normal 0 -0.5000000497465381 -0.8660253750632596
    outer loop
      vertex 5.09999942779541 -28.559738159179688 17.5282039642334
      vertex 18.899999618530273 -25.96166229248047 16.0282039642334
      vertex 18.899999618530273 -28.559738159179688 17.5282039642334
    endloop
  endfacet
  facet normal 0 -0.5000000497465381 -0.8660253750632596
    outer loop
      vertex 18.899999618530273 -25.96166229248047 16.0282039642334
      vertex 5.09999942779541 -28.559738159179688 17.5282039642334
      vertex 5.09999942779541 -25.96166229248047 16.0282039642334
    endloop
  endfacet
  facet normal 0 0.659346154655973 -0.7518395096963059
    outer loop
      vertex 0 -31.577505111694336 17.130905151367188
      vertex 1.8999996185302734 -31.331642150878906 17.346521377563477
      vertex 1.8999996185302734 -31.577505111694336 17.130905151367188
    endloop
  endfacet
  facet normal 0 0.659346154655973 -0.7518395096963059
    outer loop
      vertex 1.8999996185302734 -31.331642150878906 17.346521377563477
      vertex 0 -31.577505111694336 17.130905151367188
      vertex 0 -31.331642150878906 17.346521377563477
    endloop
  endfacet
  facet normal 0 0.6593461546559731 -0.751839509696306
    outer loop
      vertex 22.099998474121094 -31.577505111694336 17.130905151367188
      vertex 24 -31.331642150878906 17.346521377563477
      vertex 24 -31.577505111694336 17.130905151367188
    endloop
  endfacet
  facet normal 0 0.6593461546559731 -0.751839509696306
    outer loop
      vertex 24 -31.331642150878906 17.346521377563477
      vertex 22.099998474121094 -31.577505111694336 17.130905151367188
      vertex 22.099998474121094 -31.331642150878906 17.346521377563477
    endloop
  endfacet
  facet normal 0 0.6593461546559731 -0.7518395096963059
    outer loop
      vertex 5.09999942779541 -31.577505111694336 17.130905151367188
      vertex 18.899999618530273 -31.331642150878906 17.346521377563477
      vertex 18.899999618530273 -31.577505111694336 17.130905151367188
    endloop
  endfacet
  facet normal 0 0.6593461546559731 -0.7518395096963059
    outer loop
      vertex 18.899999618530273 -31.331642150878906 17.346521377563477
      vertex 5.09999942779541 -31.577505111694336 17.130905151367188
      vertex 5.09999942779541 -31.331642150878906 17.346521377563477
    endloop
  endfacet
  facet normal 0 -0.19508859367440654 -0.9807856241901909
    outer loop
      vertex 0 -29.483423233032227 17.841751098632812
      vertex 1.8999996185302734 -29.162691116333008 17.7779541015625
      vertex 1.8999996185302734 -29.483423233032227 17.841751098632812
    endloop
  endfacet
  facet normal 0 -0.19508859367440654 -0.9807856241901909
    outer loop
      vertex 1.8999996185302734 -29.162691116333008 17.7779541015625
      vertex 0 -29.483423233032227 17.841751098632812
      vertex 0 -29.162691116333008 17.7779541015625
    endloop
  endfacet
  facet normal 0 -0.19508859367440654 -0.9807856241901909
    outer loop
      vertex 22.099998474121094 -29.483423233032227 17.841751098632812
      vertex 24 -29.162691116333008 17.7779541015625
      vertex 24 -29.483423233032227 17.841751098632812
    endloop
  endfacet
  facet normal 0 -0.19508859367440654 -0.9807856241901909
    outer loop
      vertex 24 -29.162691116333008 17.7779541015625
      vertex 22.099998474121094 -29.483423233032227 17.841751098632812
      vertex 22.099998474121094 -29.162691116333008 17.7779541015625
    endloop
  endfacet
  facet normal 0 -0.19508859367440654 -0.9807856241901909
    outer loop
      vertex 5.09999942779541 -29.483423233032227 17.841751098632812
      vertex 18.899999618530273 -29.162691116333008 17.7779541015625
      vertex 18.899999618530273 -29.483423233032227 17.841751098632812
    endloop
  endfacet
  facet normal 0 -0.19508859367440654 -0.9807856241901909
    outer loop
      vertex 18.899999618530273 -29.162691116333008 17.7779541015625
      vertex 5.09999942779541 -29.483423233032227 17.841751098632812
      vertex 5.09999942779541 -29.162691116333008 17.7779541015625
    endloop
  endfacet
  facet normal 0 -0.8314692725705422 -0.5555707414641393
    outer loop
      vertex 0 -15.520319938659668 9.613139152526855
      vertex 1.8999996185302734 -15.702000617980957 9.885043144226074
      vertex 0 -15.702000617980957 9.885043144226074
    endloop
  endfacet
  facet normal 0 -0.8314692725705422 -0.5555707414641393
    outer loop
      vertex 1.8999996185302734 -15.702000617980957 9.885043144226074
      vertex 0 -15.520319938659668 9.613139152526855
      vertex 1.8999996185302734 -15.520319938659668 9.613139152526855
    endloop
  endfacet
  facet normal 0 -0.831469272570542 -0.5555707414641393
    outer loop
      vertex 22.099998474121094 -15.520319938659668 9.613139152526855
      vertex 24 -15.702000617980957 9.885043144226074
      vertex 22.099998474121094 -15.702000617980957 9.885043144226074
    endloop
  endfacet
  facet normal 0 -0.831469272570542 -0.5555707414641393
    outer loop
      vertex 24 -15.702000617980957 9.885043144226074
      vertex 22.099998474121094 -15.520319938659668 9.613139152526855
      vertex 24 -15.520319938659668 9.613139152526855
    endloop
  endfacet
  facet normal 0 -0.831469272570542 -0.5555707414641393
    outer loop
      vertex 5.09999942779541 -15.520319938659668 9.613139152526855
      vertex 18.899999618530273 -15.702000617980957 9.885043144226074
      vertex 5.09999942779541 -15.702000617980957 9.885043144226074
    endloop
  endfacet
  facet normal 0 -0.831469272570542 -0.5555707414641393
    outer loop
      vertex 18.899999618530273 -15.702000617980957 9.885043144226074
      vertex 5.09999942779541 -15.520319938659668 9.613139152526855
      vertex 18.899999618530273 -15.520319938659668 9.613139152526855
    endloop
  endfacet
  facet normal 0 0.19508747767167411 -0.9807858461742318
    outer loop
      vertex 0 -30.456787109375 17.7779541015625
      vertex 1.8999996185302734 -30.13605308532715 17.841751098632812
      vertex 1.8999996185302734 -30.456787109375 17.7779541015625
    endloop
  endfacet
  facet normal 0 0.19508747767167411 -0.9807858461742318
    outer loop
      vertex 1.8999996185302734 -30.13605308532715 17.841751098632812
      vertex 0 -30.456787109375 17.7779541015625
      vertex 0 -30.13605308532715 17.841751098632812
    endloop
  endfacet
  facet normal 0 0.19508747767167414 -0.9807858461742319
    outer loop
      vertex 22.099998474121094 -30.456787109375 17.7779541015625
      vertex 24 -30.13605308532715 17.841751098632812
      vertex 24 -30.456787109375 17.7779541015625
    endloop
  endfacet
  facet normal 0 0.19508747767167414 -0.9807858461742319
    outer loop
      vertex 24 -30.13605308532715 17.841751098632812
      vertex 22.099998474121094 -30.456787109375 17.7779541015625
      vertex 22.099998474121094 -30.13605308532715 17.841751098632812
    endloop
  endfacet
  facet normal 0 0.19508747767167414 -0.9807858461742318
    outer loop
      vertex 5.09999942779541 -30.456787109375 17.7779541015625
      vertex 18.899999618530273 -30.13605308532715 17.841751098632812
      vertex 18.899999618530273 -30.456787109375 17.7779541015625
    endloop
  endfacet
  facet normal 0 0.19508747767167414 -0.9807858461742318
    outer loop
      vertex 18.899999618530273 -30.13605308532715 17.841751098632812
      vertex 5.09999942779541 -30.456787109375 17.7779541015625
      vertex 5.09999942779541 -30.13605308532715 17.841751098632812
    endloop
  endfacet
  facet normal 0 0.06540677498917946 -0.9978586842762431
    outer loop
      vertex 0 -30.13605308532715 17.841751098632812
      vertex 1.8999996185302734 -29.809738159179688 17.863140106201172
      vertex 1.8999996185302734 -30.13605308532715 17.841751098632812
    endloop
  endfacet
  facet normal 0 0.06540677498917946 -0.9978586842762431
    outer loop
      vertex 1.8999996185302734 -29.809738159179688 17.863140106201172
      vertex 0 -30.13605308532715 17.841751098632812
      vertex 0 -29.809738159179688 17.863140106201172
    endloop
  endfacet
  facet normal 0 0.06540677498917946 -0.997858684276243
    outer loop
      vertex 22.099998474121094 -30.13605308532715 17.841751098632812
      vertex 24 -29.809738159179688 17.863140106201172
      vertex 24 -30.13605308532715 17.841751098632812
    endloop
  endfacet
  facet normal 0 0.06540677498917946 -0.997858684276243
    outer loop
      vertex 24 -29.809738159179688 17.863140106201172
      vertex 22.099998474121094 -30.13605308532715 17.841751098632812
      vertex 22.099998474121094 -29.809738159179688 17.863140106201172
    endloop
  endfacet
  facet normal 0 0.06540677498917946 -0.997858684276243
    outer loop
      vertex 5.09999942779541 -30.13605308532715 17.841751098632812
      vertex 18.899999618530273 -29.809738159179688 17.863140106201172
      vertex 18.899999618530273 -30.13605308532715 17.841751098632812
    endloop
  endfacet
  facet normal 0 0.06540677498917946 -0.997858684276243
    outer loop
      vertex 18.899999618530273 -29.809738159179688 17.863140106201172
      vertex 5.09999942779541 -30.13605308532715 17.841751098632812
      vertex 5.09999942779541 -29.809738159179688 17.863140106201172
    endloop
  endfacet
  facet normal 0 -0.06540677498917946 -0.9978586842762431
    outer loop
      vertex 0 -29.809738159179688 17.863140106201172
      vertex 1.8999996185302734 -29.483423233032227 17.841751098632812
      vertex 1.8999996185302734 -29.809738159179688 17.863140106201172
    endloop
  endfacet
  facet normal 0 -0.06540677498917946 -0.9978586842762431
    outer loop
      vertex 1.8999996185302734 -29.483423233032227 17.841751098632812
      vertex 0 -29.809738159179688 17.863140106201172
      vertex 0 -29.483423233032227 17.841751098632812
    endloop
  endfacet
  facet normal 0 -0.06540677498917946 -0.997858684276243
    outer loop
      vertex 22.099998474121094 -29.809738159179688 17.863140106201172
      vertex 24 -29.483423233032227 17.841751098632812
      vertex 24 -29.809738159179688 17.863140106201172
    endloop
  endfacet
  facet normal 0 -0.06540677498917946 -0.997858684276243
    outer loop
      vertex 24 -29.483423233032227 17.841751098632812
      vertex 22.099998474121094 -29.809738159179688 17.863140106201172
      vertex 22.099998474121094 -29.483423233032227 17.841751098632812
    endloop
  endfacet
  facet normal 0 -0.06540677498917946 -0.997858684276243
    outer loop
      vertex 5.09999942779541 -29.809738159179688 17.863140106201172
      vertex 18.899999618530273 -29.483423233032227 17.841751098632812
      vertex 18.899999618530273 -29.809738159179688 17.863140106201172
    endloop
  endfacet
  facet normal 0 -0.06540677498917946 -0.997858684276243
    outer loop
      vertex 18.899999618530273 -29.483423233032227 17.841751098632812
      vertex 5.09999942779541 -29.809738159179688 17.863140106201172
      vertex 5.09999942779541 -29.483423233032227 17.841751098632812
    endloop
  endfacet
  facet normal 0 0.44229113448062113 -0.8968715361521097
    outer loop
      vertex 0 -31.059738159179688 17.528202056884766
      vertex 1.8999996185302734 -30.766447067260742 17.67283821105957
      vertex 1.8999996185302734 -31.059738159179688 17.528202056884766
    endloop
  endfacet
  facet normal 0 0.44229113448062113 -0.8968715361521097
    outer loop
      vertex 1.8999996185302734 -30.766447067260742 17.67283821105957
      vertex 0 -31.059738159179688 17.528202056884766
      vertex 0 -30.766447067260742 17.67283821105957
    endloop
  endfacet
  facet normal 0 0.4422911344806212 -0.8968715361521098
    outer loop
      vertex 22.099998474121094 -31.059738159179688 17.528202056884766
      vertex 24 -30.766447067260742 17.67283821105957
      vertex 24 -31.059738159179688 17.528202056884766
    endloop
  endfacet
  facet normal 0 0.4422911344806212 -0.8968715361521098
    outer loop
      vertex 24 -30.766447067260742 17.67283821105957
      vertex 22.099998474121094 -31.059738159179688 17.528202056884766
      vertex 22.099998474121094 -30.766447067260742 17.67283821105957
    endloop
  endfacet
  facet normal 0 0.4422911344806212 -0.8968715361521098
    outer loop
      vertex 5.09999942779541 -31.059738159179688 17.528202056884766
      vertex 18.899999618530273 -30.766447067260742 17.67283821105957
      vertex 18.899999618530273 -31.059738159179688 17.528202056884766
    endloop
  endfacet
  facet normal 0 0.4422911344806212 -0.8968715361521098
    outer loop
      vertex 18.899999618530273 -30.766447067260742 17.67283821105957
      vertex 5.09999942779541 -31.059738159179688 17.528202056884766
      vertex 5.09999942779541 -30.766447067260742 17.67283821105957
    endloop
  endfacet
  facet normal 0 -0.9807856241901909 0.19508859367440654
    outer loop
      vertex 0 -15.27056884765625 7.716092109680176
      vertex 1.8999996185302734 -15.206771850585938 8.036824226379395
      vertex 0 -15.206771850585938 8.036824226379395
    endloop
  endfacet
  facet normal 0 -0.9807856241901909 0.19508859367440654
    outer loop
      vertex 1.8999996185302734 -15.206771850585938 8.036824226379395
      vertex 0 -15.27056884765625 7.716092109680176
      vertex 1.8999996185302734 -15.27056884765625 7.716092109680176
    endloop
  endfacet
  facet normal 0 -0.9807856241901909 0.19508859367440654
    outer loop
      vertex 22.099998474121094 -15.27056884765625 7.716092109680176
      vertex 24 -15.206771850585938 8.036824226379395
      vertex 22.099998474121094 -15.206771850585938 8.036824226379395
    endloop
  endfacet
  facet normal 0 -0.9807856241901909 0.19508859367440654
    outer loop
      vertex 24 -15.206771850585938 8.036824226379395
      vertex 22.099998474121094 -15.27056884765625 7.716092109680176
      vertex 24 -15.27056884765625 7.716092109680176
    endloop
  endfacet
  facet normal 0 -0.9807856241901909 0.19508859367440654
    outer loop
      vertex 5.09999942779541 -15.27056884765625 7.716092109680176
      vertex 18.899999618530273 -15.206771850585938 8.036824226379395
      vertex 5.09999942779541 -15.206771850585938 8.036824226379395
    endloop
  endfacet
  facet normal 0 -0.9807856241901909 0.19508859367440654
    outer loop
      vertex 18.899999618530273 -15.206771850585938 8.036824226379395
      vertex 5.09999942779541 -15.27056884765625 7.716092109680176
      vertex 18.899999618530273 -15.27056884765625 7.716092109680176
    endloop
  endfacet
  facet normal 0 -0.8968726929815679 -0.44228878867092053
    outer loop
      vertex 0 -15.37568473815918 9.31984806060791
      vertex 1.8999996185302734 -15.520319938659668 9.613139152526855
      vertex 0 -15.520319938659668 9.613139152526855
    endloop
  endfacet
  facet normal 0 -0.8968726929815679 -0.44228878867092053
    outer loop
      vertex 1.8999996185302734 -15.520319938659668 9.613139152526855
      vertex 0 -15.37568473815918 9.31984806060791
      vertex 1.8999996185302734 -15.37568473815918 9.31984806060791
    endloop
  endfacet
  facet normal 0 -0.8968726929815679 -0.4422887886709206
    outer loop
      vertex 22.099998474121094 -15.37568473815918 9.31984806060791
      vertex 24 -15.520319938659668 9.613139152526855
      vertex 22.099998474121094 -15.520319938659668 9.613139152526855
    endloop
  endfacet
  facet normal 0 -0.8968726929815679 -0.4422887886709206
    outer loop
      vertex 24 -15.520319938659668 9.613139152526855
      vertex 22.099998474121094 -15.37568473815918 9.31984806060791
      vertex 24 -15.37568473815918 9.31984806060791
    endloop
  endfacet
  facet normal 0 -0.8968726929815678 -0.44228878867092053
    outer loop
      vertex 5.09999942779541 -15.37568473815918 9.31984806060791
      vertex 18.899999618530273 -15.520319938659668 9.613139152526855
      vertex 5.09999942779541 -15.520319938659668 9.613139152526855
    endloop
  endfacet
  facet normal 0 -0.8968726929815678 -0.44228878867092053
    outer loop
      vertex 18.899999618530273 -15.520319938659668 9.613139152526855
      vertex 5.09999942779541 -15.37568473815918 9.31984806060791
      vertex 18.899999618530273 -15.37568473815918 9.31984806060791
    endloop
  endfacet
  facet normal 0 -0.9978590649341414 -0.06540096733811383
    outer loop
      vertex 0 -15.185383796691895 8.363140106201172
      vertex 1.8999996185302734 -15.206770896911621 8.689455032348633
      vertex 0 -15.206770896911621 8.689455032348633
    endloop
  endfacet
  facet normal 0 -0.9978590649341414 -0.06540096733811383
    outer loop
      vertex 1.8999996185302734 -15.206770896911621 8.689455032348633
      vertex 0 -15.185383796691895 8.363140106201172
      vertex 1.8999996185302734 -15.185383796691895 8.363140106201172
    endloop
  endfacet
  facet normal 0 -0.9978590649341413 -0.06540096733811382
    outer loop
      vertex 22.099998474121094 -15.185383796691895 8.363140106201172
      vertex 24 -15.206770896911621 8.689455032348633
      vertex 22.099998474121094 -15.206770896911621 8.689455032348633
    endloop
  endfacet
  facet normal 0 -0.9978590649341413 -0.06540096733811382
    outer loop
      vertex 24 -15.206770896911621 8.689455032348633
      vertex 22.099998474121094 -15.185383796691895 8.363140106201172
      vertex 24 -15.185383796691895 8.363140106201172
    endloop
  endfacet
  facet normal 0 -0.9978590649341414 -0.06540096733811383
    outer loop
      vertex 5.09999942779541 -15.185383796691895 8.363140106201172
      vertex 18.899999618530273 -15.206770896911621 8.689455032348633
      vertex 5.09999942779541 -15.206770896911621 8.689455032348633
    endloop
  endfacet
  facet normal 0 -0.9978590649341414 -0.06540096733811383
    outer loop
      vertex 18.899999618530273 -15.206770896911621 8.689455032348633
      vertex 5.09999942779541 -15.185383796691895 8.363140106201172
      vertex 18.899999618530273 -15.185383796691895 8.363140106201172
    endloop
  endfacet
  facet normal 0 -0.8660252955903432 0.5000001873976233
    outer loop
      vertex 0 -15.520318984985352 7.113139629364014
      vertex 1.8999996185302734 -15.770318984985352 6.680127143859863
      vertex 1.8999996185302734 -15.520318984985352 7.113139629364014
    endloop
  endfacet
  facet normal 0 -0.8660254147996931 0.49999998092101916
    outer loop
      vertex 0 -18.27031898498535 2.3499999046325684
      vertex 5.09999942779541 -15.770318984985352 6.680127143859863
      vertex 1.8999996185302734 -15.770318984985352 6.680127143859863
    endloop
  endfacet
  facet normal 0 -0.8660254147996931 0.49999998092101916
    outer loop
      vertex 5.09999942779541 -15.770318984985352 6.680127143859863
      vertex 0 -18.27031898498535 2.3499999046325684
      vertex 18.899999618530273 -15.770318984985352 6.680127143859863
    endloop
  endfacet
  facet normal 0 -0.8660254147996931 0.49999998092101916
    outer loop
      vertex 24 -18.27031898498535 2.3499999046325684
      vertex 18.899999618530273 -15.770318984985352 6.680127143859863
      vertex 0 -18.27031898498535 2.3499999046325684
    endloop
  endfacet
  facet normal -5.703794900063728e-8 -0.8660254039624842 0.49999999969161285
    outer loop
      vertex 0 -18.27031898498535 2.3499999046325684
      vertex 1.8999996185302734 -15.770318984985352 6.680127143859863
      vertex 0 -15.520318984985352 7.113139629364014
    endloop
  endfacet
  facet normal 0 -0.8660252955903434 0.5000001873976233
    outer loop
      vertex 5.09999942779541 -15.770318984985352 6.680127143859863
      vertex 18.899999618530273 -15.520318984985352 7.113139629364014
      vertex 5.09999942779541 -15.520318984985352 7.113139629364014
    endloop
  endfacet
  facet normal 0 -0.8660252955903434 0.5000001873976233
    outer loop
      vertex 18.899999618530273 -15.520318984985352 7.113139629364014
      vertex 5.09999942779541 -15.770318984985352 6.680127143859863
      vertex 18.899999618530273 -15.770318984985352 6.680127143859863
    endloop
  endfacet
  facet normal 0 -0.8660252955903434 0.5000001873976233
    outer loop
      vertex 22.099998474121094 -15.770318984985352 6.680127143859863
      vertex 24 -15.520318984985352 7.113139629364014
      vertex 22.099998474121094 -15.520318984985352 7.113139629364014
    endloop
  endfacet
  facet normal 5.7037891742128505e-8 -0.8660254039624843 0.4999999996916129
    outer loop
      vertex 22.099998474121094 -15.770318984985352 6.680127143859863
      vertex 24 -18.27031898498535 2.3499999046325684
      vertex 24 -15.520318984985352 7.113139629364014
    endloop
  endfacet
  facet normal 0 -0.8660254147996932 0.49999998092101916
    outer loop
      vertex 18.899999618530273 -15.770318984985352 6.680127143859863
      vertex 24 -18.27031898498535 2.3499999046325684
      vertex 22.099998474121094 -15.770318984985352 6.680127143859863
    endloop
  endfacet
  facet normal 0 -0.44228644285214275 -0.8968738498078747
    outer loop
      vertex 0 -28.853029251098633 17.67283821105957
      vertex 1.8999996185302734 -28.559738159179688 17.5282039642334
      vertex 1.8999996185302734 -28.853029251098633 17.67283821105957
    endloop
  endfacet
  facet normal 0 -0.44228644285214275 -0.8968738498078747
    outer loop
      vertex 1.8999996185302734 -28.559738159179688 17.5282039642334
      vertex 0 -28.853029251098633 17.67283821105957
      vertex 0 -28.559738159179688 17.5282039642334
    endloop
  endfacet
  facet normal 0 -0.4422864428521427 -0.8968738498078747
    outer loop
      vertex 22.099998474121094 -28.853029251098633 17.67283821105957
      vertex 24 -28.559738159179688 17.5282039642334
      vertex 24 -28.853029251098633 17.67283821105957
    endloop
  endfacet
  facet normal 0 -0.4422864428521427 -0.8968738498078747
    outer loop
      vertex 24 -28.559738159179688 17.5282039642334
      vertex 22.099998474121094 -28.853029251098633 17.67283821105957
      vertex 22.099998474121094 -28.559738159179688 17.5282039642334
    endloop
  endfacet
  facet normal 0 -0.4422864428521428 -0.8968738498078748
    outer loop
      vertex 5.09999942779541 -28.853029251098633 17.67283821105957
      vertex 18.899999618530273 -28.559738159179688 17.5282039642334
      vertex 18.899999618530273 -28.853029251098633 17.67283821105957
    endloop
  endfacet
  facet normal 0 -0.4422864428521428 -0.8968738498078748
    outer loop
      vertex 18.899999618530273 -28.559738159179688 17.5282039642334
      vertex 5.09999942779541 -28.853029251098633 17.67283821105957
      vertex 5.09999942779541 -28.559738159179688 17.5282039642334
    endloop
  endfacet
  facet normal 0 -0.7518395096963059 -0.659346154655973
    outer loop
      vertex 0 -15.702000617980957 9.885043144226074
      vertex 1.8999996185302734 -15.917616844177246 10.130906105041504
      vertex 0 -15.917616844177246 10.130906105041504
    endloop
  endfacet
  facet normal 0 -0.7518395096963059 -0.659346154655973
    outer loop
      vertex 1.8999996185302734 -15.917616844177246 10.130906105041504
      vertex 0 -15.702000617980957 9.885043144226074
      vertex 1.8999996185302734 -15.702000617980957 9.885043144226074
    endloop
  endfacet
  facet normal 0 -0.751839509696306 -0.6593461546559731
    outer loop
      vertex 22.099998474121094 -15.702000617980957 9.885043144226074
      vertex 24 -15.917616844177246 10.130906105041504
      vertex 22.099998474121094 -15.917616844177246 10.130906105041504
    endloop
  endfacet
  facet normal 0 -0.751839509696306 -0.6593461546559731
    outer loop
      vertex 24 -15.917616844177246 10.130906105041504
      vertex 22.099998474121094 -15.702000617980957 9.885043144226074
      vertex 24 -15.702000617980957 9.885043144226074
    endloop
  endfacet
  facet normal 0 -0.7518395096963059 -0.6593461546559731
    outer loop
      vertex 5.09999942779541 -15.702000617980957 9.885043144226074
      vertex 18.899999618530273 -15.917616844177246 10.130906105041504
      vertex 5.09999942779541 -15.917616844177246 10.130906105041504
    endloop
  endfacet
  facet normal 0 -0.7518395096963059 -0.6593461546559731
    outer loop
      vertex 18.899999618530273 -15.917616844177246 10.130906105041504
      vertex 5.09999942779541 -15.702000617980957 9.885043144226074
      vertex 18.899999618530273 -15.702000617980957 9.885043144226074
    endloop
  endfacet
  facet normal 0 0.5555707414641393 -0.8314692725705422
    outer loop
      vertex 0 -31.331642150878906 17.346521377563477
      vertex 1.8999996185302734 -31.059738159179688 17.528202056884766
      vertex 1.8999996185302734 -31.331642150878906 17.346521377563477
    endloop
  endfacet
  facet normal 0 0.5555707414641393 -0.8314692725705422
    outer loop
      vertex 1.8999996185302734 -31.059738159179688 17.528202056884766
      vertex 0 -31.331642150878906 17.346521377563477
      vertex 0 -31.059738159179688 17.528202056884766
    endloop
  endfacet
  facet normal 0 0.5555707414641393 -0.831469272570542
    outer loop
      vertex 22.099998474121094 -31.331642150878906 17.346521377563477
      vertex 24 -31.059738159179688 17.528202056884766
      vertex 24 -31.331642150878906 17.346521377563477
    endloop
  endfacet
  facet normal 0 0.5555707414641393 -0.831469272570542
    outer loop
      vertex 24 -31.059738159179688 17.528202056884766
      vertex 22.099998474121094 -31.331642150878906 17.346521377563477
      vertex 22.099998474121094 -31.059738159179688 17.528202056884766
    endloop
  endfacet
  facet normal 0 0.5555707414641393 -0.831469272570542
    outer loop
      vertex 5.09999942779541 -31.331642150878906 17.346521377563477
      vertex 18.899999618530273 -31.059738159179688 17.528202056884766
      vertex 18.899999618530273 -31.331642150878906 17.346521377563477
    endloop
  endfacet
  facet normal 0 0.5555707414641393 -0.831469272570542
    outer loop
      vertex 18.899999618530273 -31.059738159179688 17.528202056884766
      vertex 5.09999942779541 -31.331642150878906 17.346521377563477
      vertex 5.09999942779541 -31.059738159179688 17.528202056884766
    endloop
  endfacet
  facet normal 0 0.3214408335619647 -0.9469296650327254
    outer loop
      vertex 0 -30.766447067260742 17.67283821105957
      vertex 1.8999996185302734 -30.456787109375 17.7779541015625
      vertex 1.8999996185302734 -30.766447067260742 17.67283821105957
    endloop
  endfacet
  facet normal 0 0.3214408335619647 -0.9469296650327254
    outer loop
      vertex 1.8999996185302734 -30.456787109375 17.7779541015625
      vertex 0 -30.766447067260742 17.67283821105957
      vertex 0 -30.456787109375 17.7779541015625
    endloop
  endfacet
  facet normal 0 0.3214408335619647 -0.9469296650327252
    outer loop
      vertex 22.099998474121094 -30.766447067260742 17.67283821105957
      vertex 24 -30.456787109375 17.7779541015625
      vertex 24 -30.766447067260742 17.67283821105957
    endloop
  endfacet
  facet normal 0 0.3214408335619647 -0.9469296650327252
    outer loop
      vertex 24 -30.456787109375 17.7779541015625
      vertex 22.099998474121094 -30.766447067260742 17.67283821105957
      vertex 22.099998474121094 -30.456787109375 17.7779541015625
    endloop
  endfacet
  facet normal 0 0.3214408335619646 -0.9469296650327252
    outer loop
      vertex 5.09999942779541 -30.766447067260742 17.67283821105957
      vertex 18.899999618530273 -30.456787109375 17.7779541015625
      vertex 18.899999618530273 -30.766447067260742 17.67283821105957
    endloop
  endfacet
  facet normal 0 0.3214408335619646 -0.9469296650327252
    outer loop
      vertex 18.899999618530273 -30.456787109375 17.7779541015625
      vertex 5.09999942779541 -30.766447067260742 17.67283821105957
      vertex 5.09999942779541 -30.456787109375 17.7779541015625
    endloop
  endfacet
  facet normal 0 -0.9469290786881333 -0.32144256086405765
    outer loop
      vertex 0 -15.270567893981934 9.010187149047852
      vertex 1.8999996185302734 -15.37568473815918 9.31984806060791
      vertex 0 -15.37568473815918 9.31984806060791
    endloop
  endfacet
  facet normal 0 -0.9469290786881333 -0.32144256086405765
    outer loop
      vertex 1.8999996185302734 -15.37568473815918 9.31984806060791
      vertex 0 -15.270567893981934 9.010187149047852
      vertex 1.8999996185302734 -15.270567893981934 9.010187149047852
    endloop
  endfacet
  facet normal 0 -0.9469290786881331 -0.3214425608640576
    outer loop
      vertex 22.099998474121094 -15.270567893981934 9.010187149047852
      vertex 24 -15.37568473815918 9.31984806060791
      vertex 22.099998474121094 -15.37568473815918 9.31984806060791
    endloop
  endfacet
  facet normal 0 -0.9469290786881331 -0.3214425608640576
    outer loop
      vertex 24 -15.37568473815918 9.31984806060791
      vertex 22.099998474121094 -15.270567893981934 9.010187149047852
      vertex 24 -15.270567893981934 9.010187149047852
    endloop
  endfacet
  facet normal 0 -0.9469290786881333 -0.32144256086405765
    outer loop
      vertex 5.09999942779541 -15.270567893981934 9.010187149047852
      vertex 18.899999618530273 -15.37568473815918 9.31984806060791
      vertex 5.09999942779541 -15.37568473815918 9.31984806060791
    endloop
  endfacet
  facet normal 0 -0.9469290786881333 -0.32144256086405765
    outer loop
      vertex 18.899999618530273 -15.37568473815918 9.31984806060791
      vertex 5.09999942779541 -15.270567893981934 9.010187149047852
      vertex 18.899999618530273 -15.270567893981934 9.010187149047852
    endloop
  endfacet
  facet normal 0 -0.9469301170170884 0.3214395020622122
    outer loop
      vertex 0 -15.37568473815918 7.406430721282959
      vertex 1.8999996185302734 -15.27056884765625 7.716092109680176
      vertex 0 -15.27056884765625 7.716092109680176
    endloop
  endfacet
  facet normal 0 -0.9469301170170884 0.3214395020622122
    outer loop
      vertex 1.8999996185302734 -15.27056884765625 7.716092109680176
      vertex 0 -15.37568473815918 7.406430721282959
      vertex 1.8999996185302734 -15.37568473815918 7.406430721282959
    endloop
  endfacet
  facet normal 0 -0.9469301170170885 0.3214395020622122
    outer loop
      vertex 22.099998474121094 -15.37568473815918 7.406430721282959
      vertex 24 -15.27056884765625 7.716092109680176
      vertex 22.099998474121094 -15.27056884765625 7.716092109680176
    endloop
  endfacet
  facet normal 0 -0.9469301170170885 0.3214395020622122
    outer loop
      vertex 24 -15.27056884765625 7.716092109680176
      vertex 22.099998474121094 -15.37568473815918 7.406430721282959
      vertex 24 -15.37568473815918 7.406430721282959
    endloop
  endfacet
  facet normal 0 -0.9469301170170886 0.3214395020622123
    outer loop
      vertex 5.09999942779541 -15.37568473815918 7.406430721282959
      vertex 18.899999618530273 -15.27056884765625 7.716092109680176
      vertex 5.09999942779541 -15.27056884765625 7.716092109680176
    endloop
  endfacet
  facet normal 0 -0.9469301170170886 0.3214395020622123
    outer loop
      vertex 18.899999618530273 -15.27056884765625 7.716092109680176
      vertex 5.09999942779541 -15.37568473815918 7.406430721282959
      vertex 18.899999618530273 -15.37568473815918 7.406430721282959
    endloop
  endfacet
  facet normal 0 -0.9978588870842872 0.06540368083608095
    outer loop
      vertex 0 -15.206771850585938 8.036824226379395
      vertex 1.8999996185302734 -15.185383796691895 8.363140106201172
      vertex 0 -15.185383796691895 8.363140106201172
    endloop
  endfacet
  facet normal 0 -0.9978588870842872 0.06540368083608095
    outer loop
      vertex 1.8999996185302734 -15.185383796691895 8.363140106201172
      vertex 0 -15.206771850585938 8.036824226379395
      vertex 1.8999996185302734 -15.206771850585938 8.036824226379395
    endloop
  endfacet
  facet normal 0 -0.9978588870842872 0.06540368083608095
    outer loop
      vertex 22.099998474121094 -15.206771850585938 8.036824226379395
      vertex 24 -15.185383796691895 8.363140106201172
      vertex 22.099998474121094 -15.185383796691895 8.363140106201172
    endloop
  endfacet
  facet normal 0 -0.9978588870842872 0.06540368083608095
    outer loop
      vertex 24 -15.185383796691895 8.363140106201172
      vertex 22.099998474121094 -15.206771850585938 8.036824226379395
      vertex 24 -15.206771850585938 8.036824226379395
    endloop
  endfacet
  facet normal 0 -0.9978588870842872 0.06540368083608095
    outer loop
      vertex 5.09999942779541 -15.206771850585938 8.036824226379395
      vertex 18.899999618530273 -15.185383796691895 8.363140106201172
      vertex 5.09999942779541 -15.185383796691895 8.363140106201172
    endloop
  endfacet
  facet normal 0 -0.9978588870842872 0.06540368083608095
    outer loop
      vertex 18.899999618530273 -15.185383796691895 8.363140106201172
      vertex 5.09999942779541 -15.206771850585938 8.036824226379395
      vertex 18.899999618530273 -15.206771850585938 8.036824226379395
    endloop
  endfacet
  facet normal 0 -0.5555714196190614 -0.8314688194409102
    outer loop
      vertex 0 -16.435382843017578 10.528203010559082
      vertex 1.8999996185302734 -16.163480758666992 10.34652328491211
      vertex 1.8999996185302734 -16.435382843017578 10.528203010559082
    endloop
  endfacet
  facet normal 0 -0.5555714196190614 -0.8314688194409102
    outer loop
      vertex 1.8999996185302734 -16.163480758666992 10.34652328491211
      vertex 0 -16.435382843017578 10.528203010559082
      vertex 0 -16.163480758666992 10.34652328491211
    endloop
  endfacet
  facet normal 0 -0.5555714196190613 -0.8314688194409101
    outer loop
      vertex 22.099998474121094 -16.435382843017578 10.528203010559082
      vertex 24 -16.163480758666992 10.34652328491211
      vertex 24 -16.435382843017578 10.528203010559082
    endloop
  endfacet
  facet normal 0 -0.5555714196190613 -0.8314688194409101
    outer loop
      vertex 24 -16.163480758666992 10.34652328491211
      vertex 22.099998474121094 -16.435382843017578 10.528203010559082
      vertex 22.099998474121094 -16.163480758666992 10.34652328491211
    endloop
  endfacet
  facet normal 0 -0.5555714196190614 -0.8314688194409102
    outer loop
      vertex 5.09999942779541 -16.435382843017578 10.528203010559082
      vertex 18.899999618530273 -16.163480758666992 10.34652328491211
      vertex 18.899999618530273 -16.435382843017578 10.528203010559082
    endloop
  endfacet
  facet normal 0 -0.5555714196190614 -0.8314688194409102
    outer loop
      vertex 18.899999618530273 -16.163480758666992 10.34652328491211
      vertex 5.09999942779541 -16.435382843017578 10.528203010559082
      vertex 5.09999942779541 -16.163480758666992 10.34652328491211
    endloop
  endfacet
  facet normal 0 -0.9807856241901909 -0.19508859367440654
    outer loop
      vertex 0 -15.206770896911621 8.689455032348633
      vertex 1.8999996185302734 -15.270567893981934 9.010187149047852
      vertex 0 -15.270567893981934 9.010187149047852
    endloop
  endfacet
  facet normal 0 -0.9807856241901909 -0.19508859367440654
    outer loop
      vertex 1.8999996185302734 -15.270567893981934 9.010187149047852
      vertex 0 -15.206770896911621 8.689455032348633
      vertex 1.8999996185302734 -15.206770896911621 8.689455032348633
    endloop
  endfacet
  facet normal 0 -0.9807856241901909 -0.19508859367440654
    outer loop
      vertex 22.099998474121094 -15.206770896911621 8.689455032348633
      vertex 24 -15.270567893981934 9.010187149047852
      vertex 22.099998474121094 -15.270567893981934 9.010187149047852
    endloop
  endfacet
  facet normal 0 -0.9807856241901909 -0.19508859367440654
    outer loop
      vertex 24 -15.270567893981934 9.010187149047852
      vertex 22.099998474121094 -15.206770896911621 8.689455032348633
      vertex 24 -15.206770896911621 8.689455032348633
    endloop
  endfacet
  facet normal 0 -0.9807856241901909 -0.19508859367440654
    outer loop
      vertex 5.09999942779541 -15.206770896911621 8.689455032348633
      vertex 18.899999618530273 -15.270567893981934 9.010187149047852
      vertex 5.09999942779541 -15.270567893981934 9.010187149047852
    endloop
  endfacet
  facet normal 0 -0.9807856241901909 -0.19508859367440654
    outer loop
      vertex 18.899999618530273 -15.270567893981934 9.010187149047852
      vertex 5.09999942779541 -15.206770896911621 8.689455032348633
      vertex 18.899999618530273 -15.206770896911621 8.689455032348633
    endloop
  endfacet
  facet normal 0 -0.8968738498078747 0.44228644285214275
    outer loop
      vertex 0 -15.520318984985352 7.113139629364014
      vertex 1.8999996185302734 -15.37568473815918 7.406430721282959
      vertex 0 -15.37568473815918 7.406430721282959
    endloop
  endfacet
  facet normal 0 -0.8968738498078747 0.44228644285214275
    outer loop
      vertex 1.8999996185302734 -15.37568473815918 7.406430721282959
      vertex 0 -15.520318984985352 7.113139629364014
      vertex 1.8999996185302734 -15.520318984985352 7.113139629364014
    endloop
  endfacet
  facet normal 0 -0.8968738498078747 0.4422864428521427
    outer loop
      vertex 22.099998474121094 -15.520318984985352 7.113139629364014
      vertex 24 -15.37568473815918 7.406430721282959
      vertex 22.099998474121094 -15.37568473815918 7.406430721282959
    endloop
  endfacet
  facet normal 0 -0.8968738498078747 0.4422864428521427
    outer loop
      vertex 24 -15.37568473815918 7.406430721282959
      vertex 22.099998474121094 -15.520318984985352 7.113139629364014
      vertex 24 -15.520318984985352 7.113139629364014
    endloop
  endfacet
  facet normal 0 -0.8968738498078748 0.4422864428521428
    outer loop
      vertex 5.09999942779541 -15.520318984985352 7.113139629364014
      vertex 18.899999618530273 -15.37568473815918 7.406430721282959
      vertex 5.09999942779541 -15.37568473815918 7.406430721282959
    endloop
  endfacet
  facet normal 0 -0.8968738498078748 0.4422864428521428
    outer loop
      vertex 18.899999618530273 -15.37568473815918 7.406430721282959
      vertex 5.09999942779541 -15.520318984985352 7.113139629364014
      vertex 18.899999618530273 -15.520318984985352 7.113139629364014
    endloop
  endfacet
  facet normal 0 -0.49999909607128057 -0.8660259256672992
    outer loop
      vertex 2 -36.63005828857422 12.949999809265137
      vertex 0 -36.63005828857422 12.949999809265137
      vertex 2 -36.3702507019043 12.800000190734863
    endloop
  endfacet
  facet normal 0 -0.49999909607128057 -0.8660259256672992
    outer loop
      vertex 22 -36.3702507019043 12.800000190734863
      vertex 24 -36.63005828857422 12.949999809265137
      vertex 22 -36.63005828857422 12.949999809265137
    endloop
  endfacet
  facet normal -1.7474299825625966e-7 -0.5000001049514542 -0.8660253431906622
    outer loop
      vertex 24 -36.63005828857422 12.949999809265137
      vertex 22 -36.3702507019043 12.800000190734863
      vertex 24 -34.72480392456055 11.850000381469727
    endloop
  endfacet
  facet normal 0 -0.5000002642482696 -0.8660252512205753
    outer loop
      vertex 2 -36.3702507019043 12.800000190734863
      vertex 24 -34.72480392456055 11.850000381469727
      vertex 22 -36.3702507019043 12.800000190734863
    endloop
  endfacet
  facet normal 0 -0.5000002642482696 -0.8660252512205753
    outer loop
      vertex 2 -36.3702507019043 12.800000190734863
      vertex 0 -34.72480392456055 11.850000381469727
      vertex 24 -34.72480392456055 11.850000381469727
    endloop
  endfacet
  facet normal 1.7474299825625966e-7 -0.5000001049514542 -0.8660253431906622
    outer loop
      vertex 0 -34.72480392456055 11.850000381469727
      vertex 2 -36.3702507019043 12.800000190734863
      vertex 0 -36.63005828857422 12.949999809265137
    endloop
  endfacet
  facet normal 4.7042765481805384e-8 -0.50000022687011 -0.8660252728008787
    outer loop
      vertex 24 -18.27031898498535 2.3499999046325684
      vertex 22 -16.798076629638672 1.499999761581421
      vertex 24 -16.36506462097168 1.2500001192092896
    endloop
  endfacet
  facet normal 0 -0.5000002747998031 -0.8660252451286403
    outer loop
      vertex 24 -18.27031898498535 2.3499999046325684
      vertex 18.399999618530273 -16.798076629638672 1.499999761581421
      vertex 22 -16.798076629638672 1.499999761581421
    endloop
  endfacet
  facet normal -6.194296123169076e-7 -0.5000000639088565 -0.8660253668864184
    outer loop
      vertex 18.399999618530273 -16.798076629638672 1.499999761581421
      vertex 17.899999618530273 -16.798076629638672 1.5000001192092896
      vertex 18.399999618530273 -16.36506462097168 1.2500001192092896
    endloop
  endfacet
  facet normal -6.194287954974095e-7 -0.5000020418991411 -0.8660242248899889
    outer loop
      vertex 24 -18.27031898498535 2.3499999046325684
      vertex 17.899999618530273 -16.798076629638672 1.5000001192092896
      vertex 18.399999618530273 -16.798076629638672 1.499999761581421
    endloop
  endfacet
  facet normal 0 -0.500000117022775 -0.8660253362212975
    outer loop
      vertex 24 -18.27031898498535 2.3499999046325684
      vertex 14.299999237060547 -16.798076629638672 1.5000001192092896
      vertex 17.899999618530273 -16.798076629638672 1.5000001192092896
    endloop
  endfacet
  facet normal 6.194293907912025e-7 -0.500000600351162 -0.8660250571710347
    outer loop
      vertex 14.299999237060547 -16.798076629638672 1.5000001192092896
      vertex 13.799999237060547 -16.798076629638672 1.499999761581421
      vertex 14.299999237060547 -16.36506462097168 1.2500001192092896
    endloop
  endfacet
  facet normal 6.194308543803155e-7 -0.49999705613824086 -0.8660271034169249
    outer loop
      vertex 24 -18.27031898498535 2.3499999046325684
      vertex 13.799999237060547 -16.798076629638672 1.499999761581421
      vertex 14.299999237060547 -16.798076629638672 1.5000001192092896
    endloop
  endfacet
  facet normal 0 -0.5000002747998031 -0.8660252451286402
    outer loop
      vertex 24 -18.27031898498535 2.3499999046325684
      vertex 10.199999809265137 -16.798076629638672 1.499999761581421
      vertex 13.799999237060547 -16.798076629638672 1.499999761581421
    endloop
  endfacet
  facet normal -6.194296123169076e-7 -0.5000000639088565 -0.8660253668864184
    outer loop
      vertex 10.199999809265137 -16.798076629638672 1.499999761581421
      vertex 9.699999809265137 -16.798076629638672 1.5000001192092896
      vertex 10.199999809265137 -16.36506462097168 1.2500001192092896
    endloop
  endfacet
  facet normal 0 -0.500000274799803 -0.8660252451286401
    outer loop
      vertex 0 -18.27031898498535 2.3499999046325684
      vertex 10.199999809265137 -16.798076629638672 1.499999761581421
      vertex 24 -18.27031898498535 2.3499999046325684
    endloop
  endfacet
  facet normal -6.194308543801912e-7 -0.49999705613854184 -0.8660271034167512
    outer loop
      vertex 10.199999809265137 -16.798076629638672 1.499999761581421
      vertex 0 -18.27031898498535 2.3499999046325684
      vertex 9.699999809265137 -16.798076629638672 1.5000001192092896
    endloop
  endfacet
  facet normal 6.194293907912025e-7 -0.500000600351162 -0.8660250571710347
    outer loop
      vertex 6.09999942779541 -16.798076629638672 1.5000001192092896
      vertex 5.59999942779541 -16.798076629638672 1.499999761581421
      vertex 6.09999942779541 -16.36506462097168 1.2500001192092896
    endloop
  endfacet
  facet normal 0 -0.500000117022775 -0.8660253362212975
    outer loop
      vertex 9.699999809265137 -16.798076629638672 1.5000001192092896
      vertex 0 -18.27031898498535 2.3499999046325684
      vertex 6.09999942779541 -16.798076629638672 1.5000001192092896
    endloop
  endfacet
  facet normal 6.194287954975337e-7 -0.5000020418988401 -0.8660242248901626
    outer loop
      vertex 6.09999942779541 -16.798076629638672 1.5000001192092896
      vertex 0 -18.27031898498535 2.3499999046325684
      vertex 5.59999942779541 -16.798076629638672 1.499999761581421
    endloop
  endfacet
  facet normal 0 -0.5000002747998031 -0.8660252451286403
    outer loop
      vertex 5.59999942779541 -16.798076629638672 1.499999761581421
      vertex 0 -18.27031898498535 2.3499999046325684
      vertex 1.9999990463256836 -16.798076629638672 1.499999761581421
    endloop
  endfacet
  facet normal -4.704278791355469e-8 -0.50000022687011 -0.8660252728008787
    outer loop
      vertex 0 -16.36506462097168 1.2500001192092896
      vertex 1.9999990463256836 -16.798076629638672 1.499999761581421
      vertex 0 -18.27031898498535 2.3499999046325684
    endloop
  endfacet
  facet normal 0 -0.5000000639089525 -0.8660253668865845
    outer loop
      vertex 1.9999990463256836 -16.798076629638672 1.499999761581421
      vertex 0 -16.36506462097168 1.2500001192092896
      vertex 1.9999990463256836 -16.36506462097168 1.2500001192092896
    endloop
  endfacet
  facet normal 0 -0.5000000639089525 -0.8660253668865845
    outer loop
      vertex 24 -16.36506462097168 1.2500001192092896
      vertex 22 -16.798076629638672 1.499999761581421
      vertex 22 -16.36506462097168 1.2500001192092896
    endloop
  endfacet
  facet normal 0 -0.5000006003512579 -0.8660250571712008
    outer loop
      vertex 18.399999618530273 -16.36506462097168 1.2500001192092896
      vertex 17.899999618530273 -16.798076629638672 1.5000001192092896
      vertex 17.899999618530273 -16.36506462097168 1.2500001192092896
    endloop
  endfacet
  facet normal 0 -0.5000000639089525 -0.8660253668865845
    outer loop
      vertex 14.299999237060547 -16.36506462097168 1.2500001192092896
      vertex 13.799999237060547 -16.798076629638672 1.499999761581421
      vertex 13.799999237060547 -16.36506462097168 1.2500001192092896
    endloop
  endfacet
  facet normal 0 -0.5000006003512579 -0.8660250571712008
    outer loop
      vertex 10.199999809265137 -16.36506462097168 1.2500001192092896
      vertex 9.699999809265137 -16.798076629638672 1.5000001192092896
      vertex 9.699999809265137 -16.36506462097168 1.2500001192092896
    endloop
  endfacet
  facet normal 0 -0.5000000639089525 -0.8660253668865845
    outer loop
      vertex 6.09999942779541 -16.36506462097168 1.2500001192092896
      vertex 5.59999942779541 -16.798076629638672 1.499999761581421
      vertex 5.59999942779541 -16.36506462097168 1.2500001192092896
    endloop
  endfacet
  facet normal 0 -0.659343811722311 -0.7518415643893954
    outer loop
      vertex 6.09999942779541 -16.321321487426758 -2.121319055557251
      vertex 9.699999809265137 -16.026283264160156 -2.380059242248535
      vertex 9.699999809265137 -16.321321487426758 -2.121319055557251
    endloop
  endfacet
  facet normal 0 -0.659343811722311 -0.7518415643893954
    outer loop
      vertex 9.699999809265137 -16.026283264160156 -2.380059242248535
      vertex 6.09999942779541 -16.321321487426758 -2.121319055557251
      vertex 6.09999942779541 -16.026283264160156 -2.380059242248535
    endloop
  endfacet
  facet normal 0 0.4422860706509693 0.8968740333559254
    outer loop
      vertex 6.09999942779541 -12.699999809265137 2.598076343536377
      vertex 9.699999809265137 -13.051950454711914 2.7716379165649414
      vertex 9.699999809265137 -12.699999809265137 2.598076343536377
    endloop
  endfacet
  facet normal 0 0.4422860706509693 0.8968740333559254
    outer loop
      vertex 9.699999809265137 -13.051950454711914 2.7716379165649414
      vertex 6.09999942779541 -12.699999809265137 2.598076343536377
      vertex 6.09999942779541 -13.051950454711914 2.7716379165649414
    endloop
  endfacet
  facet normal 0 -0.32143986792038814 0.9469299928248779
    outer loop
      vertex 6.09999942779541 -14.976457595825195 2.8977773189544678
      vertex 9.699999809265137 -15.348051071166992 2.7716381549835205
      vertex 9.699999809265137 -14.976457595825195 2.8977773189544678
    endloop
  endfacet
  facet normal 0 -0.32143986792038814 0.9469299928248779
    outer loop
      vertex 9.699999809265137 -15.348051071166992 2.7716381549835205
      vertex 6.09999942779541 -14.976457595825195 2.8977773189544678
      vertex 6.09999942779541 -15.348051071166992 2.7716381549835205
    endloop
  endfacet
  facet normal 0 0.5555728171814267 0.8314678856150086
    outer loop
      vertex 6.09999942779541 -12.373716354370117 2.380059242248535
      vertex 9.699999809265137 -12.699999809265137 2.598076343536377
      vertex 9.699999809265137 -12.373716354370117 2.380059242248535
    endloop
  endfacet
  facet normal 0 0.5555728171814267 0.8314678856150086
    outer loop
      vertex 9.699999809265137 -12.699999809265137 2.598076343536377
      vertex 6.09999942779541 -12.373716354370117 2.380059242248535
      vertex 6.09999942779541 -12.699999809265137 2.598076343536377
    endloop
  endfacet
  facet normal 0 0.7518392822488834 -0.6593464140097249
    outer loop
      vertex 9.699999809265137 -12.078680038452148 -2.1213200092315674
      vertex 6.09999942779541 -11.819939613342285 -1.826283574104309
      vertex 9.699999809265137 -11.819939613342285 -1.826283574104309
    endloop
  endfacet
  facet normal 0 0.7518392822488834 -0.6593464140097249
    outer loop
      vertex 6.09999942779541 -11.819939613342285 -1.826283574104309
      vertex 9.699999809265137 -12.078680038452148 -2.1213200092315674
      vertex 6.09999942779541 -12.078680038452148 -2.1213200092315674
    endloop
  endfacet
  facet normal 0 0.44228897611609774 -0.8968726005437863
    outer loop
      vertex 6.09999942779541 -13.051949501037598 -2.7716379165649414
      vertex 9.699999809265137 -12.700000762939453 -2.5980758666992188
      vertex 9.699999809265137 -13.051949501037598 -2.7716379165649414
    endloop
  endfacet
  facet normal 0 0.44228897611609774 -0.8968726005437863
    outer loop
      vertex 9.699999809265137 -12.700000762939453 -2.5980758666992188
      vertex 6.09999942779541 -13.051949501037598 -2.7716379165649414
      vertex 6.09999942779541 -12.700000762939453 -2.5980758666992188
    endloop
  endfacet
  facet normal 0 0.06540398626374683 -0.9978588670652837
    outer loop
      vertex 6.09999942779541 -14.199999809265137 -2.999999523162842
      vertex 9.699999809265137 -13.80842113494873 -2.9743337631225586
      vertex 9.699999809265137 -14.199999809265137 -2.999999523162842
    endloop
  endfacet
  facet normal 0 0.06540398626374683 -0.9978588670652837
    outer loop
      vertex 9.699999809265137 -13.80842113494873 -2.9743337631225586
      vertex 6.09999942779541 -14.199999809265137 -2.999999523162842
      vertex 6.09999942779541 -13.80842113494873 -2.9743337631225586
    endloop
  endfacet
  facet normal 0 0.6593441605736844 -0.7518412584564533
    outer loop
      vertex 6.09999942779541 -12.373716354370117 -2.380058765411377
      vertex 9.699999809265137 -12.078680038452148 -2.1213200092315674
      vertex 9.699999809265137 -12.373716354370117 -2.380058765411377
    endloop
  endfacet
  facet normal 0 0.6593441605736844 -0.7518412584564533
    outer loop
      vertex 9.699999809265137 -12.078680038452148 -2.1213200092315674
      vertex 6.09999942779541 -12.373716354370117 -2.380058765411377
      vertex 6.09999942779541 -12.078680038452148 -2.1213200092315674
    endloop
  endfacet
  facet normal 0 -0.06540398626374683 0.9978588670652837
    outer loop
      vertex 6.09999942779541 -14.200000762939453 2.999999761581421
      vertex 9.699999809265137 -14.59157943725586 2.9743340015411377
      vertex 9.699999809265137 -14.200000762939453 2.999999761581421
    endloop
  endfacet
  facet normal 0 -0.06540398626374683 0.9978588670652837
    outer loop
      vertex 9.699999809265137 -14.59157943725586 2.9743340015411377
      vertex 6.09999942779541 -14.200000762939453 2.999999761581421
      vertex 6.09999942779541 -14.59157943725586 2.9743340015411377
    endloop
  endfacet
  facet normal 0 0.8314697570902048 -0.5555700163294954
    outer loop
      vertex 9.699999809265137 -11.819939613342285 -1.826283574104309
      vertex 6.09999942779541 -11.601923942565918 -1.4999998807907104
      vertex 9.699999809265137 -11.601923942565918 -1.4999998807907104
    endloop
  endfacet
  facet normal 0 0.8314697570902048 -0.5555700163294954
    outer loop
      vertex 6.09999942779541 -11.601923942565918 -1.4999998807907104
      vertex 9.699999809265137 -11.819939613342285 -1.826283574104309
      vertex 6.09999942779541 -11.819939613342285 -1.826283574104309
    endloop
  endfacet
  facet normal 0 -0.1950913537449317 -0.9807850751790476
    outer loop
      vertex 6.09999942779541 -14.976457595825195 -2.8977763652801514
      vertex 9.699999809265137 -14.591578483581543 -2.9743340015411377
      vertex 9.699999809265137 -14.976457595825195 -2.8977763652801514
    endloop
  endfacet
  facet normal 0 -0.1950913537449317 -0.9807850751790476
    outer loop
      vertex 9.699999809265137 -14.591578483581543 -2.9743340015411377
      vertex 6.09999942779541 -14.976457595825195 -2.8977763652801514
      vertex 6.09999942779541 -14.591578483581543 -2.9743340015411377
    endloop
  endfacet
  facet normal 0 -0.5555723971500803 -0.8314681662727162
    outer loop
      vertex 6.09999942779541 -16.026283264160156 -2.380059242248535
      vertex 9.699999809265137 -15.699999809265137 -2.598076105117798
      vertex 9.699999809265137 -16.026283264160156 -2.380059242248535
    endloop
  endfacet
  facet normal 0 -0.5555723971500803 -0.8314681662727162
    outer loop
      vertex 9.699999809265137 -15.699999809265137 -2.598076105117798
      vertex 6.09999942779541 -16.026283264160156 -2.380059242248535
      vertex 6.09999942779541 -15.699999809265137 -2.598076105117798
    endloop
  endfacet
  facet normal 0 -0.06540338130125051 -0.9978589067169582
    outer loop
      vertex 6.09999942779541 -14.591578483581543 -2.9743340015411377
      vertex 9.699999809265137 -14.199999809265137 -2.999999523162842
      vertex 9.699999809265137 -14.591578483581543 -2.9743340015411377
    endloop
  endfacet
  facet normal 0 -0.06540338130125051 -0.9978589067169582
    outer loop
      vertex 9.699999809265137 -14.199999809265137 -2.999999523162842
      vertex 6.09999942779541 -14.591578483581543 -2.9743340015411377
      vertex 6.09999942779541 -14.199999809265137 -2.999999523162842
    endloop
  endfacet
  facet normal 0 0.9978587906847721 -0.06540515157939696
    outer loop
      vertex 9.699999809265137 -11.225666999816895 -0.39157894253730774
      vertex 6.09999942779541 -11.200000762939453 0
      vertex 9.699999809265137 -11.200000762939453 0
    endloop
  endfacet
  facet normal 0 0.9978587906847721 -0.06540515157939696
    outer loop
      vertex 6.09999942779541 -11.200000762939453 0
      vertex 9.699999809265137 -11.225666999816895 -0.39157894253730774
      vertex 6.09999942779541 -11.225666999816895 -0.39157894253730774
    endloop
  endfacet
  facet normal 0 0.6593463956019022 0.7518392983921363
    outer loop
      vertex 6.09999942779541 -12.078680992126465 2.1213197708129883
      vertex 9.699999809265137 -12.373716354370117 2.380059242248535
      vertex 9.699999809265137 -12.078680992126465 2.1213197708129883
    endloop
  endfacet
  facet normal 0 0.6593463956019022 0.7518392983921363
    outer loop
      vertex 9.699999809265137 -12.373716354370117 2.380059242248535
      vertex 6.09999942779541 -12.078680992126465 2.1213197708129883
      vertex 6.09999942779541 -12.373716354370117 2.380059242248535
    endloop
  endfacet
  facet normal 0 -0.7518418399191278 -0.6593434975390449
    outer loop
      vertex 6.09999942779541 -16.321321487426758 -2.121319055557251
      vertex 9.699999809265137 -16.580059051513672 -1.826283574104309
      vertex 6.09999942779541 -16.580059051513672 -1.826283574104309
    endloop
  endfacet
  facet normal 0 -0.7518418399191278 -0.6593434975390449
    outer loop
      vertex 9.699999809265137 -16.580059051513672 -1.826283574104309
      vertex 6.09999942779541 -16.321321487426758 -2.121319055557251
      vertex 9.699999809265137 -16.321321487426758 -2.121319055557251
    endloop
  endfacet
  facet normal -1 0 0
    outer loop
      vertex 6.09999942779541 -13.625 -0.9959287047386169
      vertex 6.09999942779541 -12.700000762939453 -2.5980758666992188
      vertex 6.09999942779541 -13.051949501037598 -2.7716379165649414
    endloop
  endfacet
  facet normal -1 0 0
    outer loop
      vertex 6.09999942779541 -12.700000762939453 -2.5980758666992188
      vertex 6.09999942779541 -13.059839248657227 -0.15010520815849304
      vertex 6.09999942779541 -13.050000190734863 1.5519061946633883e-7
    endloop
  endfacet
  facet normal -1 0 0
    outer loop
      vertex 6.09999942779541 -12.700000762939453 -2.5980758666992188
      vertex 6.09999942779541 -13.08918571472168 -0.2976416349411011
      vertex 6.09999942779541 -13.059839248657227 -0.15010520815849304
    endloop
  endfacet
  facet normal -1 0 0
    outer loop
      vertex 6.09999942779541 -12.700000762939453 -2.5980758666992188
      vertex 6.09999942779541 -13.13753890991211 -0.44008633494377136
      vertex 6.09999942779541 -13.08918571472168 -0.2976416349411011
    endloop
  endfacet
  facet normal -1 0 0
    outer loop
      vertex 6.09999942779541 -12.700000762939453 -2.5980758666992188
      vertex 6.09999942779541 -13.204071044921875 -0.5749996900558472
      vertex 6.09999942779541 -13.13753890991211 -0.44008633494377136
    endloop
  endfacet
  facet normal -1 0 0
    outer loop
      vertex 6.09999942779541 -12.700000762939453 -2.5980758666992188
      vertex 6.09999942779541 -13.287643432617188 -0.7000749707221985
      vertex 6.09999942779541 -13.204071044921875 -0.5749996900558472
    endloop
  endfacet
  facet normal -1 0 0
    outer loop
      vertex 6.09999942779541 -12.700000762939453 -2.5980758666992188
      vertex 6.09999942779541 -13.38682746887207 -0.8131722807884216
      vertex 6.09999942779541 -13.287643432617188 -0.7000749707221985
    endloop
  endfacet
  facet normal -1 0 0
    outer loop
      vertex 6.09999942779541 -13.75991439819336 -1.0624608993530273
      vertex 6.09999942779541 -13.051949501037598 -2.7716379165649414
      vertex 6.09999942779541 -13.423542976379395 -2.8977766036987305
    endloop
  endfacet
  facet normal -1 0 0
    outer loop
      vertex 6.09999942779541 -12.700000762939453 -2.5980758666992188
      vertex 6.09999942779541 -13.499924659729004 -0.9123554825782776
      vertex 6.09999942779541 -13.38682746887207 -0.8131722807884216
    endloop
  endfacet
  facet normal -1 0 0
    outer loop
      vertex 6.09999942779541 -12.700000762939453 -2.5980758666992188
      vertex 6.09999942779541 -13.625 -0.9959287047386169
      vertex 6.09999942779541 -13.499924659729004 -0.9123554825782776
    endloop
  endfacet
  facet normal -1 0 0
    outer loop
      vertex 6.09999942779541 -13.051949501037598 -2.7716379165649414
      vertex 6.09999942779541 -13.75991439819336 -1.0624608993530273
      vertex 6.09999942779541 -13.625 -0.9959287047386169
    endloop
  endfacet
  facet normal -1 0 0
    outer loop
      vertex 6.09999942779541 -13.902358055114746 -1.1108139753341675
      vertex 6.09999942779541 -13.423542976379395 -2.8977766036987305
      vertex 6.09999942779541 -13.80842113494873 -2.9743337631225586
    endloop
  endfacet
  facet normal -1 0 0
    outer loop
      vertex 6.09999942779541 -13.423542976379395 -2.8977766036987305
      vertex 6.09999942779541 -13.902358055114746 -1.1108139753341675
      vertex 6.09999942779541 -13.75991439819336 -1.0624608993530273
    endloop
  endfacet
  facet normal -1 0 0
    outer loop
      vertex 6.09999942779541 -13.80842113494873 -2.9743337631225586
      vertex 6.09999942779541 -14.049895286560059 -1.1401604413986206
      vertex 6.09999942779541 -13.902358055114746 -1.1108139753341675
    endloop
  endfacet
  facet normal -1 0 0
    outer loop
      vertex 6.09999942779541 -14.199999809265137 -2.999999523162842
      vertex 6.09999942779541 -14.049895286560059 -1.1401604413986206
      vertex 6.09999942779541 -13.80842113494873 -2.9743337631225586
    endloop
  endfacet
  facet normal -1 0 0
    outer loop
      vertex 6.09999942779541 -14.199999809265137 -2.999999523162842
      vertex 6.09999942779541 -14.199999809265137 -1.1499993801116943
      vertex 6.09999942779541 -14.049895286560059 -1.1401604413986206
    endloop
  endfacet
  facet normal -1 0 0
    outer loop
      vertex 6.09999942779541 -14.199999809265137 -2.999999523162842
      vertex 6.09999942779541 -14.350105285644531 -1.1401607990264893
      vertex 6.09999942779541 -14.199999809265137 -1.1499993801116943
    endloop
  endfacet
  facet normal -1 0 0
    outer loop
      vertex 6.09999942779541 -14.591578483581543 -2.9743340015411377
      vertex 6.09999942779541 -14.350105285644531 -1.1401607990264893
      vertex 6.09999942779541 -14.199999809265137 -2.999999523162842
    endloop
  endfacet
  facet normal -1 0 0
    outer loop
      vertex 6.09999942779541 -14.350105285644531 -1.1401607990264893
      vertex 6.09999942779541 -14.591578483581543 -2.9743340015411377
      vertex 6.09999942779541 -14.497641563415527 -1.1108139753341675
    endloop
  endfacet
  facet normal -1 0 0
    outer loop
      vertex 6.09999942779541 -14.976457595825195 -2.8977763652801514
      vertex 6.09999942779541 -14.497641563415527 -1.1108139753341675
      vertex 6.09999942779541 -14.591578483581543 -2.9743340015411377
    endloop
  endfacet
  facet normal -1 0 0
    outer loop
      vertex 6.09999942779541 -14.497641563415527 -1.1108139753341675
      vertex 6.09999942779541 -14.976457595825195 -2.8977763652801514
      vertex 6.09999942779541 -14.64008617401123 -1.062461018562317
    endloop
  endfacet
  facet normal -1 0 0
    outer loop
      vertex 6.09999942779541 -15.348050117492676 -2.7716379165649414
      vertex 6.09999942779541 -14.64008617401123 -1.062461018562317
      vertex 6.09999942779541 -14.976457595825195 -2.8977763652801514
    endloop
  endfacet
  facet normal -1 0 0
    outer loop
      vertex 6.09999942779541 -14.64008617401123 -1.062461018562317
      vertex 6.09999942779541 -15.348050117492676 -2.7716379165649414
      vertex 6.09999942779541 -14.774999618530273 -0.9959287643432617
    endloop
  endfacet
  facet normal -1 0 0
    outer loop
      vertex 6.09999942779541 -15.699999809265137 -2.598076105117798
      vertex 6.09999942779541 -14.774999618530273 -0.9959287643432617
      vertex 6.09999942779541 -15.348050117492676 -2.7716379165649414
    endloop
  endfacet
  facet normal -1 0 0
    outer loop
      vertex 6.09999942779541 -14.774999618530273 -0.9959287643432617
      vertex 6.09999942779541 -15.699999809265137 -2.598076105117798
      vertex 6.09999942779541 -14.900075912475586 -0.9123560190200806
    endloop
  endfacet
  facet normal -1 0 0
    outer loop
      vertex 6.09999942779541 -16.026283264160156 -2.380059242248535
      vertex 6.09999942779541 -14.900075912475586 -0.9123560190200806
      vertex 6.09999942779541 -15.699999809265137 -2.598076105117798
    endloop
  endfacet
  facet normal -1 0 0
    outer loop
      vertex 6.09999942779541 -14.900075912475586 -0.9123560190200806
      vertex 6.09999942779541 -16.026283264160156 -2.380059242248535
      vertex 6.09999942779541 -15.013172149658203 -0.8131722807884216
    endloop
  endfacet
  facet normal -1 0 0
    outer loop
      vertex 6.09999942779541 -16.321321487426758 -2.121319055557251
      vertex 6.09999942779541 -15.013172149658203 -0.8131722807884216
      vertex 6.09999942779541 -16.026283264160156 -2.380059242248535
    endloop
  endfacet
  facet normal -1 0 0
    outer loop
      vertex 6.09999942779541 -15.013172149658203 -0.8131722807884216
      vertex 6.09999942779541 -16.321321487426758 -2.121319055557251
      vertex 6.09999942779541 -15.112356185913086 -0.7000748515129089
    endloop
  endfacet
  facet normal -1 0 0
    outer loop
      vertex 6.09999942779541 -16.580059051513672 -1.826283574104309
      vertex 6.09999942779541 -15.112356185913086 -0.7000748515129089
      vertex 6.09999942779541 -16.321321487426758 -2.121319055557251
    endloop
  endfacet
  facet normal -1 0 0
    outer loop
      vertex 6.09999942779541 -15.112356185913086 -0.7000748515129089
      vertex 6.09999942779541 -16.580059051513672 -1.826283574104309
      vertex 6.09999942779541 -15.195928573608398 -0.5749996304512024
    endloop
  endfacet
  facet normal -1 0 0
    outer loop
      vertex 6.09999942779541 -16.798076629638672 -1.4999996423721313
      vertex 6.09999942779541 -15.195928573608398 -0.5749996304512024
      vertex 6.09999942779541 -16.580059051513672 -1.826283574104309
    endloop
  endfacet
  facet normal -1 0 0
    outer loop
      vertex 6.09999942779541 -15.195928573608398 -0.5749996304512024
      vertex 6.09999942779541 -16.798076629638672 -1.4999996423721313
      vertex 6.09999942779541 -15.26246166229248 -0.4400848150253296
    endloop
  endfacet
  facet normal -1 0 0
    outer loop
      vertex 6.09999942779541 -16.971637725830078 -1.1480494737625122
      vertex 6.09999942779541 -15.26246166229248 -0.4400848150253296
      vertex 6.09999942779541 -16.798076629638672 -1.4999996423721313
    endloop
  endfacet
  facet normal -1 0 0
    outer loop
      vertex 6.09999942779541 -15.26246166229248 -0.4400848150253296
      vertex 6.09999942779541 -16.971637725830078 -1.1480494737625122
      vertex 6.09999942779541 -15.31081485748291 -0.29764115810394287
    endloop
  endfacet
  facet normal -1 0 0
    outer loop
      vertex 6.09999942779541 -15.350000381469727 5.123814048602071e-7
      vertex 6.09999942779541 -16.36506462097168 1.2500001192092896
      vertex 6.09999942779541 -15.541672706604004 2.676154851913452
    endloop
  endfacet
  facet normal -1 0 0
    outer loop
      vertex 6.09999942779541 -17.0977783203125 -0.776456356048584
      vertex 6.09999942779541 -15.31081485748291 -0.29764115810394287
      vertex 6.09999942779541 -16.971637725830078 -1.1480494737625122
    endloop
  endfacet
  facet normal -1 0 0
    outer loop
      vertex 6.09999942779541 -15.31081485748291 -0.29764115810394287
      vertex 6.09999942779541 -17.0977783203125 -0.776456356048584
      vertex 6.09999942779541 -15.340161323547363 -0.1501045823097229
    endloop
  endfacet
  facet normal -1 0 0
    outer loop
      vertex 6.09999942779541 -17.174333572387695 -0.39157766103744507
      vertex 6.09999942779541 -15.340161323547363 -0.1501045823097229
      vertex 6.09999942779541 -17.0977783203125 -0.776456356048584
    endloop
  endfacet
  facet normal -1 0 0
    outer loop
      vertex 6.09999942779541 -15.340161323547363 -0.1501045823097229
      vertex 6.09999942779541 -17.174333572387695 -0.39157766103744507
      vertex 6.09999942779541 -15.350000381469727 5.123814048602071e-7
    endloop
  endfacet
  facet normal -1 0 0
    outer loop
      vertex 6.09999942779541 -16.36506462097168 1.2500001192092896
      vertex 6.09999942779541 -16.971637725830078 1.148051142692566
      vertex 6.09999942779541 -16.798076629638672 1.5000001192092896
    endloop
  endfacet
  facet normal -1 0 0
    outer loop
      vertex 6.09999942779541 -17.200000762939453 3.9987753552850336e-7
      vertex 6.09999942779541 -15.350000381469727 5.123814048602071e-7
      vertex 6.09999942779541 -17.174333572387695 -0.39157766103744507
    endloop
  endfacet
  facet normal -1 0 0
    outer loop
      vertex 6.09999942779541 -16.36506462097168 1.2500001192092896
      vertex 6.09999942779541 -17.0977783203125 0.7764575481414795
      vertex 6.09999942779541 -16.971637725830078 1.148051142692566
    endloop
  endfacet
  facet normal -1 0 0
    outer loop
      vertex 6.09999942779541 -17.174333572387695 0.39157962799072266
      vertex 6.09999942779541 -15.350000381469727 5.123814048602071e-7
      vertex 6.09999942779541 -17.200000762939453 3.9987753552850336e-7
    endloop
  endfacet
  facet normal -1 0 0
    outer loop
      vertex 6.09999942779541 -16.36506462097168 1.2500001192092896
      vertex 6.09999942779541 -17.174333572387695 0.39157962799072266
      vertex 6.09999942779541 -17.0977783203125 0.7764575481414795
    endloop
  endfacet
  facet normal -1 0 0
    outer loop
      vertex 6.09999942779541 -15.350000381469727 5.123814048602071e-7
      vertex 6.09999942779541 -17.174333572387695 0.39157962799072266
      vertex 6.09999942779541 -16.36506462097168 1.2500001192092896
    endloop
  endfacet
  facet normal -1 0 0
    outer loop
      vertex 6.09999942779541 -11.699999809265137 0
      vertex 6.09999942779541 -11.225666999816895 -0.39157894253730774
      vertex 6.09999942779541 -11.302223205566406 -0.7764573693275452
    endloop
  endfacet
  facet normal -1 0 0
    outer loop
      vertex 6.09999942779541 -11.699999809265137 0
      vertex 6.09999942779541 -11.302223205566406 -0.7764573693275452
      vertex 6.09999942779541 -11.428361892700195 -1.1480510234832764
    endloop
  endfacet
  facet normal -1 0 0
    outer loop
      vertex 6.09999942779541 -13.050000190734863 1.5519061946633883e-7
      vertex 6.09999942779541 -11.428361892700195 -1.1480510234832764
      vertex 6.09999942779541 -11.601923942565918 -1.4999998807907104
    endloop
  endfacet
  facet normal -1 0 0
    outer loop
      vertex 6.09999942779541 -11.225666999816895 -0.39157894253730774
      vertex 6.09999942779541 -11.699999809265137 0
      vertex 6.09999942779541 -11.200000762939453 0
    endloop
  endfacet
  facet normal -1 0 0
    outer loop
      vertex 6.09999942779541 -13.050000190734863 1.5519061946633883e-7
      vertex 6.09999942779541 -11.601923942565918 -1.4999998807907104
      vertex 6.09999942779541 -11.819939613342285 -1.826283574104309
    endloop
  endfacet
  facet normal -1 0 0
    outer loop
      vertex 6.09999942779541 -11.428361892700195 -1.1480510234832764
      vertex 6.09999942779541 -13.050000190734863 1.5519061946633883e-7
      vertex 6.09999942779541 -11.699999809265137 0
    endloop
  endfacet
  facet normal -1 0 0
    outer loop
      vertex 6.09999942779541 -13.059839248657227 0.15010477602481842
      vertex 6.09999942779541 -11.699999809265137 0
      vertex 6.09999942779541 -13.050000190734863 1.5519061946633883e-7
    endloop
  endfacet
  facet normal -1 0 0
    outer loop
      vertex 6.09999942779541 -13.050000190734863 1.5519061946633883e-7
      vertex 6.09999942779541 -11.819939613342285 -1.826283574104309
      vertex 6.09999942779541 -12.078680038452148 -2.1213200092315674
    endloop
  endfacet
  facet normal -1 0 0
    outer loop
      vertex 6.09999942779541 -13.08918571472168 0.2976418435573578
      vertex 6.09999942779541 -11.699999809265137 0
      vertex 6.09999942779541 -13.059839248657227 0.15010477602481842
    endloop
  endfacet
  facet normal -1 0 0
    outer loop
      vertex 6.09999942779541 -13.050000190734863 1.5519061946633883e-7
      vertex 6.09999942779541 -12.078680038452148 -2.1213200092315674
      vertex 6.09999942779541 -12.373716354370117 -2.380058765411377
    endloop
  endfacet
  facet normal -1 0 0
    outer loop
      vertex 6.09999942779541 -13.137539863586426 0.4400855004787445
      vertex 6.09999942779541 -11.699999809265137 0
      vertex 6.09999942779541 -13.08918571472168 0.2976418435573578
    endloop
  endfacet
  facet normal -1 0 0
    outer loop
      vertex 6.09999942779541 -11.699999809265137 0
      vertex 6.09999942779541 -13.137539863586426 0.4400855004787445
      vertex 6.09999942779541 -11.699999809265137 1.6467801332473755
    endloop
  endfacet
  facet normal -1 0 0
    outer loop
      vertex 6.09999942779541 -13.050000190734863 1.5519061946633883e-7
      vertex 6.09999942779541 -12.373716354370117 -2.380058765411377
      vertex 6.09999942779541 -12.700000762939453 -2.5980758666992188
    endloop
  endfacet
  facet normal -1 0 0
    outer loop
      vertex 6.09999942779541 -13.204071044921875 0.5749998092651367
      vertex 6.09999942779541 -11.699999809265137 1.6467801332473755
      vertex 6.09999942779541 -13.137539863586426 0.4400855004787445
    endloop
  endfacet
  facet normal -1 0 0
    outer loop
      vertex 6.09999942779541 -13.287644386291504 0.7000755071640015
      vertex 6.09999942779541 -11.699999809265137 1.6467801332473755
      vertex 6.09999942779541 -13.204071044921875 0.5749998092651367
    endloop
  endfacet
  facet normal -1 0 0
    outer loop
      vertex 6.09999942779541 -11.699999809265137 1.6467801332473755
      vertex 6.09999942779541 -13.287644386291504 0.7000755071640015
      vertex 6.09999942779541 -11.819940567016602 1.8262838125228882
    endloop
  endfacet
  facet normal -1 0 0
    outer loop
      vertex 6.09999942779541 -11.819940567016602 1.8262838125228882
      vertex 6.09999942779541 -13.287644386291504 0.7000755071640015
      vertex 6.09999942779541 -12.078680992126465 2.1213197708129883
    endloop
  endfacet
  facet normal -1 0 0
    outer loop
      vertex 6.09999942779541 -13.38682746887207 0.813172459602356
      vertex 6.09999942779541 -12.078680992126465 2.1213197708129883
      vertex 6.09999942779541 -13.287644386291504 0.7000755071640015
    endloop
  endfacet
  facet normal -1 0 0
    outer loop
      vertex 6.09999942779541 -12.078680992126465 2.1213197708129883
      vertex 6.09999942779541 -13.38682746887207 0.813172459602356
      vertex 6.09999942779541 -12.373716354370117 2.380059242248535
    endloop
  endfacet
  facet normal -1 0 0
    outer loop
      vertex 6.09999942779541 -13.499924659729004 0.9123566746711731
      vertex 6.09999942779541 -12.373716354370117 2.380059242248535
      vertex 6.09999942779541 -13.38682746887207 0.813172459602356
    endloop
  endfacet
  facet normal -1 0 0
    outer loop
      vertex 6.09999942779541 -12.373716354370117 2.380059242248535
      vertex 6.09999942779541 -13.499924659729004 0.9123566746711731
      vertex 6.09999942779541 -12.699999809265137 2.598076343536377
    endloop
  endfacet
  facet normal -1 0 0
    outer loop
      vertex 6.09999942779541 -13.625 0.9959290027618408
      vertex 6.09999942779541 -12.699999809265137 2.598076343536377
      vertex 6.09999942779541 -13.499924659729004 0.9123566746711731
    endloop
  endfacet
  facet normal -1 0 0
    outer loop
      vertex 6.09999942779541 -12.699999809265137 2.598076343536377
      vertex 6.09999942779541 -13.625 0.9959290027618408
      vertex 6.09999942779541 -13.051950454711914 2.7716379165649414
    endloop
  endfacet
  facet normal -1 0 0
    outer loop
      vertex 6.09999942779541 -13.75991439819336 1.0624616146087646
      vertex 6.09999942779541 -13.051950454711914 2.7716379165649414
      vertex 6.09999942779541 -13.625 0.9959290027618408
    endloop
  endfacet
  facet normal -1 0 0
    outer loop
      vertex 6.09999942779541 -13.051950454711914 2.7716379165649414
      vertex 6.09999942779541 -13.75991439819336 1.0624616146087646
      vertex 6.09999942779541 -13.423543930053711 2.8977770805358887
    endloop
  endfacet
  facet normal -1 0 0
    outer loop
      vertex 6.09999942779541 -13.902358055114746 1.1108142137527466
      vertex 6.09999942779541 -13.423543930053711 2.8977770805358887
      vertex 6.09999942779541 -13.75991439819336 1.0624616146087646
    endloop
  endfacet
  facet normal -1 0 0
    outer loop
      vertex 6.09999942779541 -13.423543930053711 2.8977770805358887
      vertex 6.09999942779541 -13.902358055114746 1.1108142137527466
      vertex 6.09999942779541 -13.808422088623047 2.9743340015411377
    endloop
  endfacet
  facet normal -1 0 0
    outer loop
      vertex 6.09999942779541 -14.049895286560059 1.140161395072937
      vertex 6.09999942779541 -13.808422088623047 2.9743340015411377
      vertex 6.09999942779541 -13.902358055114746 1.1108142137527466
    endloop
  endfacet
  facet normal -1 0 0
    outer loop
      vertex 6.09999942779541 -14.199999809265137 1.1499996185302734
      vertex 6.09999942779541 -13.808422088623047 2.9743340015411377
      vertex 6.09999942779541 -14.049895286560059 1.140161395072937
    endloop
  endfacet
  facet normal -1 0 0
    outer loop
      vertex 6.09999942779541 -14.199999809265137 1.1499996185302734
      vertex 6.09999942779541 -14.200000762939453 2.999999761581421
      vertex 6.09999942779541 -13.808422088623047 2.9743340015411377
    endloop
  endfacet
  facet normal -1 0 0
    outer loop
      vertex 6.09999942779541 -14.350106239318848 1.140161156654358
      vertex 6.09999942779541 -14.200000762939453 2.999999761581421
      vertex 6.09999942779541 -14.199999809265137 1.1499996185302734
    endloop
  endfacet
  facet normal -1 0 0
    outer loop
      vertex 6.09999942779541 -14.59157943725586 2.9743340015411377
      vertex 6.09999942779541 -14.350106239318848 1.140161156654358
      vertex 6.09999942779541 -14.497642517089844 1.1108146905899048
    endloop
  endfacet
  facet normal -1 0 0
    outer loop
      vertex 6.09999942779541 -14.350106239318848 1.140161156654358
      vertex 6.09999942779541 -14.59157943725586 2.9743340015411377
      vertex 6.09999942779541 -14.200000762939453 2.999999761581421
    endloop
  endfacet
  facet normal -1 0 0
    outer loop
      vertex 6.09999942779541 -14.976457595825195 2.8977773189544678
      vertex 6.09999942779541 -14.497642517089844 1.1108146905899048
      vertex 6.09999942779541 -14.64008617401123 1.0624611377716064
    endloop
  endfacet
  facet normal -1 0 0
    outer loop
      vertex 6.09999942779541 -15.541672706604004 2.676154851913452
      vertex 6.09999942779541 -14.64008617401123 1.0624611377716064
      vertex 6.09999942779541 -14.77500057220459 0.9959294199943542
    endloop
  endfacet
  facet normal -1 0 0
    outer loop
      vertex 6.09999942779541 -15.541672706604004 2.676154851913452
      vertex 6.09999942779541 -14.77500057220459 0.9959294199943542
      vertex 6.09999942779541 -14.900076866149902 0.9123561382293701
    endloop
  endfacet
  facet normal -1 0 0
    outer loop
      vertex 6.09999942779541 -14.497642517089844 1.1108146905899048
      vertex 6.09999942779541 -14.976457595825195 2.8977773189544678
      vertex 6.09999942779541 -14.59157943725586 2.9743340015411377
    endloop
  endfacet
  facet normal -1 0 0
    outer loop
      vertex 6.09999942779541 -15.541672706604004 2.676154851913452
      vertex 6.09999942779541 -14.900076866149902 0.9123561382293701
      vertex 6.09999942779541 -15.01317310333252 0.8131729364395142
    endloop
  endfacet
  facet normal -1 0 0
    outer loop
      vertex 6.09999942779541 -15.541672706604004 2.676154851913452
      vertex 6.09999942779541 -15.01317310333252 0.8131729364395142
      vertex 6.09999942779541 -15.112357139587402 0.7000752091407776
    endloop
  endfacet
  facet normal -1 0 0
    outer loop
      vertex 6.09999942779541 -15.541672706604004 2.676154851913452
      vertex 6.09999942779541 -15.112357139587402 0.7000752091407776
      vertex 6.09999942779541 -15.195929527282715 0.5750004053115845
    endloop
  endfacet
  facet normal -1 0 0
    outer loop
      vertex 6.09999942779541 -15.541672706604004 2.676154851913452
      vertex 6.09999942779541 -15.195929527282715 0.5750004053115845
      vertex 6.09999942779541 -15.26246166229248 0.4400865137577057
    endloop
  endfacet
  facet normal -1 0 0
    outer loop
      vertex 6.09999942779541 -15.541672706604004 2.676154851913452
      vertex 6.09999942779541 -15.26246166229248 0.4400865137577057
      vertex 6.09999942779541 -15.31081485748291 0.2976422905921936
    endloop
  endfacet
  facet normal -1 0 0
    outer loop
      vertex 6.09999942779541 -15.541672706604004 2.676154851913452
      vertex 6.09999942779541 -15.31081485748291 0.2976422905921936
      vertex 6.09999942779541 -15.34016227722168 0.15010587871074677
    endloop
  endfacet
  facet normal -1 0 0
    outer loop
      vertex 6.09999942779541 -14.64008617401123 1.0624611377716064
      vertex 6.09999942779541 -15.348051071166992 2.7716381549835205
      vertex 6.09999942779541 -14.976457595825195 2.8977773189544678
    endloop
  endfacet
  facet normal -1 0 0
    outer loop
      vertex 6.09999942779541 -15.541672706604004 2.676154851913452
      vertex 6.09999942779541 -15.34016227722168 0.15010587871074677
      vertex 6.09999942779541 -15.350000381469727 5.123814048602071e-7
    endloop
  endfacet
  facet normal -1 0 0
    outer loop
      vertex 6.09999942779541 -14.64008617401123 1.0624611377716064
      vertex 6.09999942779541 -15.541672706604004 2.676154851913452
      vertex 6.09999942779541 -15.348051071166992 2.7716381549835205
    endloop
  endfacet
  facet normal 0 -0.9469287890751986 -0.32144341402582516
    outer loop
      vertex 6.09999942779541 -16.971637725830078 -1.1480494737625122
      vertex 9.699999809265137 -17.0977783203125 -0.776456356048584
      vertex 6.09999942779541 -17.0977783203125 -0.776456356048584
    endloop
  endfacet
  facet normal 0 -0.9469287890751986 -0.32144341402582516
    outer loop
      vertex 9.699999809265137 -17.0977783203125 -0.776456356048584
      vertex 6.09999942779541 -16.971637725830078 -1.1480494737625122
      vertex 9.699999809265137 -16.971637725830078 -1.1480494737625122
    endloop
  endfacet
  facet normal 0 -0.9978586351850867 0.06540752392925529
    outer loop
      vertex 6.09999942779541 -17.200000762939453 3.9987753552850336e-7
      vertex 9.699999809265137 -17.174333572387695 0.39157962799072266
      vertex 6.09999942779541 -17.174333572387695 0.39157962799072266
    endloop
  endfacet
  facet normal 0 -0.9978586351850867 0.06540752392925529
    outer loop
      vertex 9.699999809265137 -17.174333572387695 0.39157962799072266
      vertex 6.09999942779541 -17.200000762939453 3.9987753552850336e-7
      vertex 9.699999809265137 -17.200000762939453 3.9987753552850336e-7
    endloop
  endfacet
  facet normal 0 -0.9807861972208574 -0.19508571280606196
    outer loop
      vertex 6.09999942779541 -17.0977783203125 -0.776456356048584
      vertex 9.699999809265137 -17.174333572387695 -0.39157766103744507
      vertex 6.09999942779541 -17.174333572387695 -0.39157766103744507
    endloop
  endfacet
  facet normal 0 -0.9807861972208574 -0.19508571280606196
    outer loop
      vertex 9.699999809265137 -17.174333572387695 -0.39157766103744507
      vertex 6.09999942779541 -17.0977783203125 -0.776456356048584
      vertex 9.699999809265137 -17.0977783203125 -0.776456356048584
    endloop
  endfacet
  facet normal 0 -0.4422875233813377 -0.8968733169524014
    outer loop
      vertex 6.09999942779541 -15.699999809265137 -2.598076105117798
      vertex 9.699999809265137 -15.348050117492676 -2.7716379165649414
      vertex 9.699999809265137 -15.699999809265137 -2.598076105117798
    endloop
  endfacet
  facet normal 0 -0.4422875233813377 -0.8968733169524014
    outer loop
      vertex 9.699999809265137 -15.348050117492676 -2.7716379165649414
      vertex 6.09999942779541 -15.699999809265137 -2.598076105117798
      vertex 6.09999942779541 -15.348050117492676 -2.7716379165649414
    endloop
  endfacet
  facet normal 0 -0.9978586224602758 -0.06540771805896291
    outer loop
      vertex 6.09999942779541 -17.174333572387695 -0.39157766103744507
      vertex 9.699999809265137 -17.200000762939453 3.9987753552850336e-7
      vertex 6.09999942779541 -17.200000762939453 3.9987753552850336e-7
    endloop
  endfacet
  facet normal 0 -0.9978586224602758 -0.06540771805896291
    outer loop
      vertex 9.699999809265137 -17.200000762939453 3.9987753552850336e-7
      vertex 6.09999942779541 -17.174333572387695 -0.39157766103744507
      vertex 9.699999809265137 -17.174333572387695 -0.39157766103744507
    endloop
  endfacet
  facet normal 0 -0.9807861220713529 0.19508609061703291
    outer loop
      vertex 6.09999942779541 -17.174333572387695 0.39157962799072266
      vertex 9.699999809265137 -17.0977783203125 0.7764575481414795
      vertex 6.09999942779541 -17.0977783203125 0.7764575481414795
    endloop
  endfacet
  facet normal 0 -0.9807861220713529 0.19508609061703291
    outer loop
      vertex 9.699999809265137 -17.0977783203125 0.7764575481414795
      vertex 6.09999942779541 -17.174333572387695 0.39157962799072266
      vertex 9.699999809265137 -17.174333572387695 0.39157962799072266
    endloop
  endfacet
  facet normal 0 0.5555716945523125 -0.8314686357357517
    outer loop
      vertex 6.09999942779541 -12.700000762939453 -2.5980758666992188
      vertex 9.699999809265137 -12.373716354370117 -2.380058765411377
      vertex 9.699999809265137 -12.700000762939453 -2.5980758666992188
    endloop
  endfacet
  facet normal 0 0.5555716945523125 -0.8314686357357517
    outer loop
      vertex 9.699999809265137 -12.373716354370117 -2.380058765411377
      vertex 6.09999942779541 -12.700000762939453 -2.5980758666992188
      vertex 6.09999942779541 -12.373716354370117 -2.380058765411377
    endloop
  endfacet
  facet normal 0 0.831469111966602 0.5555709818245282
    outer loop
      vertex 9.699999809265137 -11.699999809265137 1.6467801332473755
      vertex 6.09999942779541 -11.819940567016602 1.8262838125228882
      vertex 9.699999809265137 -11.819940567016602 1.8262838125228882
    endloop
  endfacet
  facet normal 0 0.831469111966602 0.5555709818245282
    outer loop
      vertex 6.09999942779541 -11.819940567016602 1.8262838125228882
      vertex 9.699999809265137 -11.699999809265137 1.6467801332473755
      vertex 6.09999942779541 -11.699999809265137 1.6467801332473755
    endloop
  endfacet
  facet normal 0 0.751838753989349 0.6593470163728227
    outer loop
      vertex 9.699999809265137 -11.819940567016602 1.8262838125228882
      vertex 6.09999942779541 -12.078680992126465 2.1213197708129883
      vertex 9.699999809265137 -12.078680992126465 2.1213197708129883
    endloop
  endfacet
  facet normal 0 0.751838753989349 0.6593470163728227
    outer loop
      vertex 6.09999942779541 -12.078680992126465 2.1213197708129883
      vertex 9.699999809265137 -11.819940567016602 1.8262838125228882
      vertex 6.09999942779541 -11.819940567016602 1.8262838125228882
    endloop
  endfacet
  facet normal 0 0.32143986792038814 0.9469299928248779
    outer loop
      vertex 6.09999942779541 -13.051950454711914 2.7716379165649414
      vertex 9.699999809265137 -13.423543930053711 2.8977770805358887
      vertex 9.699999809265137 -13.051950454711914 2.7716379165649414
    endloop
  endfacet
  facet normal 0 0.32143986792038814 0.9469299928248779
    outer loop
      vertex 9.699999809265137 -13.423543930053711 2.8977770805358887
      vertex 6.09999942779541 -13.051950454711914 2.7716379165649414
      vertex 6.09999942779541 -13.423543930053711 2.8977770805358887
    endloop
  endfacet
  facet normal 0 0.06540398626374683 0.9978588670652837
    outer loop
      vertex 6.09999942779541 -13.808422088623047 2.9743340015411377
      vertex 9.699999809265137 -14.200000762939453 2.999999761581421
      vertex 9.699999809265137 -13.808422088623047 2.9743340015411377
    endloop
  endfacet
  facet normal 0 0.06540398626374683 0.9978588670652837
    outer loop
      vertex 9.699999809265137 -14.200000762939453 2.999999761581421
      vertex 6.09999942779541 -13.808422088623047 2.9743340015411377
      vertex 6.09999942779541 -14.200000762939453 2.999999761581421
    endloop
  endfacet
  facet normal 0 0.8968726599693754 -0.442288855613
    outer loop
      vertex 9.699999809265137 -11.601923942565918 -1.4999998807907104
      vertex 6.09999942779541 -11.428361892700195 -1.1480510234832764
      vertex 9.699999809265137 -11.428361892700195 -1.1480510234832764
    endloop
  endfacet
  facet normal 0 0.8968726599693754 -0.442288855613
    outer loop
      vertex 6.09999942779541 -11.428361892700195 -1.1480510234832764
      vertex 9.699999809265137 -11.601923942565918 -1.4999998807907104
      vertex 6.09999942779541 -11.601923942565918 -1.4999998807907104
    endloop
  endfacet
  facet normal 0 -0.4422874948304027 0.8968733310321176
    outer loop
      vertex 6.09999942779541 -15.348051071166992 2.7716381549835205
      vertex 9.699999809265137 -15.541672706604004 2.676154851913452
      vertex 9.699999809265137 -15.348051071166992 2.7716381549835205
    endloop
  endfacet
  facet normal 0 -0.4422874948304027 0.8968733310321176
    outer loop
      vertex 9.699999809265137 -15.541672706604004 2.676154851913452
      vertex 6.09999942779541 -15.348051071166992 2.7716381549835205
      vertex 6.09999942779541 -15.541672706604004 2.676154851913452
    endloop
  endfacet
  facet normal 0 0.1950906498792374 -0.9807852151871463
    outer loop
      vertex 6.09999942779541 -13.80842113494873 -2.9743337631225586
      vertex 9.699999809265137 -13.423542976379395 -2.8977766036987305
      vertex 9.699999809265137 -13.80842113494873 -2.9743337631225586
    endloop
  endfacet
  facet normal 0 0.1950906498792374 -0.9807852151871463
    outer loop
      vertex 9.699999809265137 -13.423542976379395 -2.8977766036987305
      vertex 6.09999942779541 -13.80842113494873 -2.9743337631225586
      vertex 6.09999942779541 -13.423542976379395 -2.8977766036987305
    endloop
  endfacet
  facet normal 0 -0.8314676993613459 -0.555573095927755
    outer loop
      vertex 6.09999942779541 -16.580059051513672 -1.826283574104309
      vertex 9.699999809265137 -16.798076629638672 -1.4999996423721313
      vertex 6.09999942779541 -16.798076629638672 -1.4999996423721313
    endloop
  endfacet
  facet normal 0 -0.8314676993613459 -0.555573095927755
    outer loop
      vertex 9.699999809265137 -16.798076629638672 -1.4999996423721313
      vertex 6.09999942779541 -16.580059051513672 -1.826283574104309
      vertex 9.699999809265137 -16.580059051513672 -1.826283574104309
    endloop
  endfacet
  facet normal 0 0.9807857062072047 -0.1950881813427831
    outer loop
      vertex 9.699999809265137 -11.302223205566406 -0.7764573693275452
      vertex 6.09999942779541 -11.225666999816895 -0.39157894253730774
      vertex 9.699999809265137 -11.225666999816895 -0.39157894253730774
    endloop
  endfacet
  facet normal 0 0.9807857062072047 -0.1950881813427831
    outer loop
      vertex 6.09999942779541 -11.225666999816895 -0.39157894253730774
      vertex 9.699999809265137 -11.302223205566406 -0.7764573693275452
      vertex 6.09999942779541 -11.302223205566406 -0.7764573693275452
    endloop
  endfacet
  facet normal 0 0.3214387783485159 -0.9469303626845079
    outer loop
      vertex 6.09999942779541 -13.423542976379395 -2.8977766036987305
      vertex 9.699999809265137 -13.051949501037598 -2.7716379165649414
      vertex 9.699999809265137 -13.423542976379395 -2.8977766036987305
    endloop
  endfacet
  facet normal 0 0.3214387783485159 -0.9469303626845079
    outer loop
      vertex 9.699999809265137 -13.051949501037598 -2.7716379165649414
      vertex 6.09999942779541 -13.423542976379395 -2.8977766036987305
      vertex 6.09999942779541 -13.051949501037598 -2.7716379165649414
    endloop
  endfacet
  facet normal 0 -0.8968736834179115 0.4422867802595821
    outer loop
      vertex 6.09999942779541 -16.971637725830078 1.148051142692566
      vertex 9.699999809265137 -16.798076629638672 1.5000001192092896
      vertex 6.09999942779541 -16.798076629638672 1.5000001192092896
    endloop
  endfacet
  facet normal 0 -0.8968736834179115 0.4422867802595821
    outer loop
      vertex 9.699999809265137 -16.798076629638672 1.5000001192092896
      vertex 6.09999942779541 -16.971637725830078 1.148051142692566
      vertex 9.699999809265137 -16.971637725830078 1.148051142692566
    endloop
  endfacet
  facet normal 1 0 0
    outer loop
      vertex 9.699999809265137 -13.137539863586426 0.4400855004787445
      vertex 9.699999809265137 -11.699999809265137 0
      vertex 9.699999809265137 -11.699999809265137 1.6467801332473755
    endloop
  endfacet
  facet normal 1 0 0
    outer loop
      vertex 9.699999809265137 -13.287644386291504 0.7000755071640015
      vertex 9.699999809265137 -11.699999809265137 1.6467801332473755
      vertex 9.699999809265137 -11.819940567016602 1.8262838125228882
    endloop
  endfacet
  facet normal 1 0 0
    outer loop
      vertex 9.699999809265137 -13.059839248657227 -0.15010520815849304
      vertex 9.699999809265137 -11.699999809265137 0
      vertex 9.699999809265137 -13.050000190734863 1.5519061946633883e-7
    endloop
  endfacet
  facet normal 1 0 0
    outer loop
      vertex 9.699999809265137 -13.287644386291504 0.7000755071640015
      vertex 9.699999809265137 -11.819940567016602 1.8262838125228882
      vertex 9.699999809265137 -12.078680992126465 2.1213197708129883
    endloop
  endfacet
  facet normal 1 0 0
    outer loop
      vertex 9.699999809265137 -13.38682746887207 0.813172459602356
      vertex 9.699999809265137 -12.078680992126465 2.1213197708129883
      vertex 9.699999809265137 -12.373716354370117 2.380059242248535
    endloop
  endfacet
  facet normal 1 0 0
    outer loop
      vertex 9.699999809265137 -13.08918571472168 -0.2976416349411011
      vertex 9.699999809265137 -11.699999809265137 0
      vertex 9.699999809265137 -13.059839248657227 -0.15010520815849304
    endloop
  endfacet
  facet normal 1 0 0
    outer loop
      vertex 9.699999809265137 -13.499924659729004 0.9123566746711731
      vertex 9.699999809265137 -12.373716354370117 2.380059242248535
      vertex 9.699999809265137 -12.699999809265137 2.598076343536377
    endloop
  endfacet
  facet normal 1 0 0
    outer loop
      vertex 9.699999809265137 -13.13753890991211 -0.44008633494377136
      vertex 9.699999809265137 -11.699999809265137 0
      vertex 9.699999809265137 -13.08918571472168 -0.2976416349411011
    endloop
  endfacet
  facet normal 1 0 0
    outer loop
      vertex 9.699999809265137 -11.699999809265137 0
      vertex 9.699999809265137 -13.13753890991211 -0.44008633494377136
      vertex 9.699999809265137 -11.819939613342285 -1.826283574104309
    endloop
  endfacet
  facet normal 1 0 0
    outer loop
      vertex 9.699999809265137 -13.625 0.9959290027618408
      vertex 9.699999809265137 -12.699999809265137 2.598076343536377
      vertex 9.699999809265137 -13.051950454711914 2.7716379165649414
    endloop
  endfacet
  facet normal 1 0 0
    outer loop
      vertex 9.699999809265137 -11.699999809265137 0
      vertex 9.699999809265137 -13.059839248657227 0.15010477602481842
      vertex 9.699999809265137 -13.050000190734863 1.5519061946633883e-7
    endloop
  endfacet
  facet normal 1 0 0
    outer loop
      vertex 9.699999809265137 -11.699999809265137 0
      vertex 9.699999809265137 -13.08918571472168 0.2976418435573578
      vertex 9.699999809265137 -13.059839248657227 0.15010477602481842
    endloop
  endfacet
  facet normal 1 0 0
    outer loop
      vertex 9.699999809265137 -11.699999809265137 0
      vertex 9.699999809265137 -13.137539863586426 0.4400855004787445
      vertex 9.699999809265137 -13.08918571472168 0.2976418435573578
    endloop
  endfacet
  facet normal 1 0 0
    outer loop
      vertex 9.699999809265137 -11.699999809265137 1.6467801332473755
      vertex 9.699999809265137 -13.204071044921875 0.5749998092651367
      vertex 9.699999809265137 -13.137539863586426 0.4400855004787445
    endloop
  endfacet
  facet normal 1 0 0
    outer loop
      vertex 9.699999809265137 -11.699999809265137 1.6467801332473755
      vertex 9.699999809265137 -13.287644386291504 0.7000755071640015
      vertex 9.699999809265137 -13.204071044921875 0.5749998092651367
    endloop
  endfacet
  facet normal 1 0 0
    outer loop
      vertex 9.699999809265137 -12.078680992126465 2.1213197708129883
      vertex 9.699999809265137 -13.38682746887207 0.813172459602356
      vertex 9.699999809265137 -13.287644386291504 0.7000755071640015
    endloop
  endfacet
  facet normal 1 0 0
    outer loop
      vertex 9.699999809265137 -13.75991439819336 1.0624616146087646
      vertex 9.699999809265137 -13.051950454711914 2.7716379165649414
      vertex 9.699999809265137 -13.423543930053711 2.8977770805358887
    endloop
  endfacet
  facet normal 1 0 0
    outer loop
      vertex 9.699999809265137 -12.373716354370117 2.380059242248535
      vertex 9.699999809265137 -13.499924659729004 0.9123566746711731
      vertex 9.699999809265137 -13.38682746887207 0.813172459602356
    endloop
  endfacet
  facet normal 1 0 0
    outer loop
      vertex 9.699999809265137 -12.699999809265137 2.598076343536377
      vertex 9.699999809265137 -13.625 0.9959290027618408
      vertex 9.699999809265137 -13.499924659729004 0.9123566746711731
    endloop
  endfacet
  facet normal 1 0 0
    outer loop
      vertex 9.699999809265137 -13.051950454711914 2.7716379165649414
      vertex 9.699999809265137 -13.75991439819336 1.0624616146087646
      vertex 9.699999809265137 -13.625 0.9959290027618408
    endloop
  endfacet
  facet normal 1 0 0
    outer loop
      vertex 9.699999809265137 -13.902358055114746 1.1108142137527466
      vertex 9.699999809265137 -13.423543930053711 2.8977770805358887
      vertex 9.699999809265137 -13.808422088623047 2.9743340015411377
    endloop
  endfacet
  facet normal 1 0 0
    outer loop
      vertex 9.699999809265137 -13.423543930053711 2.8977770805358887
      vertex 9.699999809265137 -13.902358055114746 1.1108142137527466
      vertex 9.699999809265137 -13.75991439819336 1.0624616146087646
    endloop
  endfacet
  facet normal 1 0 0
    outer loop
      vertex 9.699999809265137 -13.808422088623047 2.9743340015411377
      vertex 9.699999809265137 -14.049895286560059 1.140161395072937
      vertex 9.699999809265137 -13.902358055114746 1.1108142137527466
    endloop
  endfacet
  facet normal 1 0 0
    outer loop
      vertex 9.699999809265137 -13.808422088623047 2.9743340015411377
      vertex 9.699999809265137 -14.199999809265137 1.1499996185302734
      vertex 9.699999809265137 -14.049895286560059 1.140161395072937
    endloop
  endfacet
  facet normal 1 0 0
    outer loop
      vertex 9.699999809265137 -14.200000762939453 2.999999761581421
      vertex 9.699999809265137 -14.199999809265137 1.1499996185302734
      vertex 9.699999809265137 -13.808422088623047 2.9743340015411377
    endloop
  endfacet
  facet normal 1 0 0
    outer loop
      vertex 9.699999809265137 -14.200000762939453 2.999999761581421
      vertex 9.699999809265137 -14.350106239318848 1.140161156654358
      vertex 9.699999809265137 -14.199999809265137 1.1499996185302734
    endloop
  endfacet
  facet normal 1 0 0
    outer loop
      vertex 9.699999809265137 -14.59157943725586 2.9743340015411377
      vertex 9.699999809265137 -14.350106239318848 1.140161156654358
      vertex 9.699999809265137 -14.200000762939453 2.999999761581421
    endloop
  endfacet
  facet normal 1 0 0
    outer loop
      vertex 9.699999809265137 -14.350106239318848 1.140161156654358
      vertex 9.699999809265137 -14.59157943725586 2.9743340015411377
      vertex 9.699999809265137 -14.497642517089844 1.1108146905899048
    endloop
  endfacet
  facet normal 1 0 0
    outer loop
      vertex 9.699999809265137 -14.976457595825195 2.8977773189544678
      vertex 9.699999809265137 -14.497642517089844 1.1108146905899048
      vertex 9.699999809265137 -14.59157943725586 2.9743340015411377
    endloop
  endfacet
  facet normal 1 0 0
    outer loop
      vertex 9.699999809265137 -14.497642517089844 1.1108146905899048
      vertex 9.699999809265137 -14.976457595825195 2.8977773189544678
      vertex 9.699999809265137 -14.64008617401123 1.0624611377716064
    endloop
  endfacet
  facet normal 1 0 0
    outer loop
      vertex 9.699999809265137 -15.348051071166992 2.7716381549835205
      vertex 9.699999809265137 -14.64008617401123 1.0624611377716064
      vertex 9.699999809265137 -14.976457595825195 2.8977773189544678
    endloop
  endfacet
  facet normal 1 0 0
    outer loop
      vertex 9.699999809265137 -15.541672706604004 2.676154851913452
      vertex 9.699999809265137 -14.64008617401123 1.0624611377716064
      vertex 9.699999809265137 -15.348051071166992 2.7716381549835205
    endloop
  endfacet
  facet normal 1 0 0
    outer loop
      vertex 9.699999809265137 -14.64008617401123 1.0624611377716064
      vertex 9.699999809265137 -15.541672706604004 2.676154851913452
      vertex 9.699999809265137 -14.77500057220459 0.9959294199943542
    endloop
  endfacet
  facet normal 1 0 0
    outer loop
      vertex 9.699999809265137 -14.77500057220459 0.9959294199943542
      vertex 9.699999809265137 -15.541672706604004 2.676154851913452
      vertex 9.699999809265137 -14.900076866149902 0.9123561382293701
    endloop
  endfacet
  facet normal 1 0 0
    outer loop
      vertex 9.699999809265137 -16.36506462097168 1.2500001192092896
      vertex 9.699999809265137 -14.900076866149902 0.9123561382293701
      vertex 9.699999809265137 -15.541672706604004 2.676154851913452
    endloop
  endfacet
  facet normal 1 0 0
    outer loop
      vertex 9.699999809265137 -14.900076866149902 0.9123561382293701
      vertex 9.699999809265137 -16.36506462097168 1.2500001192092896
      vertex 9.699999809265137 -15.01317310333252 0.8131729364395142
    endloop
  endfacet
  facet normal 1 0 0
    outer loop
      vertex 9.699999809265137 -15.01317310333252 0.8131729364395142
      vertex 9.699999809265137 -16.36506462097168 1.2500001192092896
      vertex 9.699999809265137 -15.112357139587402 0.7000752091407776
    endloop
  endfacet
  facet normal 1 0 0
    outer loop
      vertex 9.699999809265137 -15.112357139587402 0.7000752091407776
      vertex 9.699999809265137 -16.36506462097168 1.2500001192092896
      vertex 9.699999809265137 -15.195929527282715 0.5750004053115845
    endloop
  endfacet
  facet normal 1 0 0
    outer loop
      vertex 9.699999809265137 -15.195929527282715 0.5750004053115845
      vertex 9.699999809265137 -16.36506462097168 1.2500001192092896
      vertex 9.699999809265137 -15.26246166229248 0.4400865137577057
    endloop
  endfacet
  facet normal 1 0 0
    outer loop
      vertex 9.699999809265137 -15.26246166229248 0.4400865137577057
      vertex 9.699999809265137 -16.36506462097168 1.2500001192092896
      vertex 9.699999809265137 -15.31081485748291 0.2976422905921936
    endloop
  endfacet
  facet normal 1 0 0
    outer loop
      vertex 9.699999809265137 -15.31081485748291 0.2976422905921936
      vertex 9.699999809265137 -16.36506462097168 1.2500001192092896
      vertex 9.699999809265137 -15.34016227722168 0.15010587871074677
    endloop
  endfacet
  facet normal 1 0 0
    outer loop
      vertex 9.699999809265137 -11.699999809265137 0
      vertex 9.699999809265137 -11.225666999816895 -0.39157894253730774
      vertex 9.699999809265137 -11.200000762939453 0
    endloop
  endfacet
  facet normal 1 0 0
    outer loop
      vertex 9.699999809265137 -11.225666999816895 -0.39157894253730774
      vertex 9.699999809265137 -11.699999809265137 0
      vertex 9.699999809265137 -11.302223205566406 -0.7764573693275452
    endloop
  endfacet
  facet normal 1 0 0
    outer loop
      vertex 9.699999809265137 -11.302223205566406 -0.7764573693275452
      vertex 9.699999809265137 -11.699999809265137 0
      vertex 9.699999809265137 -11.428361892700195 -1.1480510234832764
    endloop
  endfacet
  facet normal 1 0 0
    outer loop
      vertex 9.699999809265137 -11.428361892700195 -1.1480510234832764
      vertex 9.699999809265137 -11.699999809265137 0
      vertex 9.699999809265137 -11.601923942565918 -1.4999998807907104
    endloop
  endfacet
  facet normal 1 0 0
    outer loop
      vertex 9.699999809265137 -11.601923942565918 -1.4999998807907104
      vertex 9.699999809265137 -11.699999809265137 0
      vertex 9.699999809265137 -11.819939613342285 -1.826283574104309
    endloop
  endfacet
  facet normal 1 0 0
    outer loop
      vertex 9.699999809265137 -13.204071044921875 -0.5749996900558472
      vertex 9.699999809265137 -11.819939613342285 -1.826283574104309
      vertex 9.699999809265137 -13.13753890991211 -0.44008633494377136
    endloop
  endfacet
  facet normal 1 0 0
    outer loop
      vertex 9.699999809265137 -13.287643432617188 -0.7000749707221985
      vertex 9.699999809265137 -11.819939613342285 -1.826283574104309
      vertex 9.699999809265137 -13.204071044921875 -0.5749996900558472
    endloop
  endfacet
  facet normal 1 0 0
    outer loop
      vertex 9.699999809265137 -11.819939613342285 -1.826283574104309
      vertex 9.699999809265137 -13.287643432617188 -0.7000749707221985
      vertex 9.699999809265137 -12.078680038452148 -2.1213200092315674
    endloop
  endfacet
  facet normal 1 0 0
    outer loop
      vertex 9.699999809265137 -13.38682746887207 -0.8131722807884216
      vertex 9.699999809265137 -12.078680038452148 -2.1213200092315674
      vertex 9.699999809265137 -13.287643432617188 -0.7000749707221985
    endloop
  endfacet
  facet normal 1 0 0
    outer loop
      vertex 9.699999809265137 -12.078680038452148 -2.1213200092315674
      vertex 9.699999809265137 -13.38682746887207 -0.8131722807884216
      vertex 9.699999809265137 -12.373716354370117 -2.380058765411377
    endloop
  endfacet
  facet normal 1 0 0
    outer loop
      vertex 9.699999809265137 -13.499924659729004 -0.9123554825782776
      vertex 9.699999809265137 -12.373716354370117 -2.380058765411377
      vertex 9.699999809265137 -13.38682746887207 -0.8131722807884216
    endloop
  endfacet
  facet normal 1 0 0
    outer loop
      vertex 9.699999809265137 -12.373716354370117 -2.380058765411377
      vertex 9.699999809265137 -13.499924659729004 -0.9123554825782776
      vertex 9.699999809265137 -12.700000762939453 -2.5980758666992188
    endloop
  endfacet
  facet normal 1 0 0
    outer loop
      vertex 9.699999809265137 -13.625 -0.9959287047386169
      vertex 9.699999809265137 -12.700000762939453 -2.5980758666992188
      vertex 9.699999809265137 -13.499924659729004 -0.9123554825782776
    endloop
  endfacet
  facet normal 1 0 0
    outer loop
      vertex 9.699999809265137 -12.700000762939453 -2.5980758666992188
      vertex 9.699999809265137 -13.625 -0.9959287047386169
      vertex 9.699999809265137 -13.051949501037598 -2.7716379165649414
    endloop
  endfacet
  facet normal 1 0 0
    outer loop
      vertex 9.699999809265137 -13.75991439819336 -1.0624608993530273
      vertex 9.699999809265137 -13.051949501037598 -2.7716379165649414
      vertex 9.699999809265137 -13.625 -0.9959287047386169
    endloop
  endfacet
  facet normal 1 0 0
    outer loop
      vertex 9.699999809265137 -13.051949501037598 -2.7716379165649414
      vertex 9.699999809265137 -13.75991439819336 -1.0624608993530273
      vertex 9.699999809265137 -13.423542976379395 -2.8977766036987305
    endloop
  endfacet
  facet normal 1 0 0
    outer loop
      vertex 9.699999809265137 -13.902358055114746 -1.1108139753341675
      vertex 9.699999809265137 -13.423542976379395 -2.8977766036987305
      vertex 9.699999809265137 -13.75991439819336 -1.0624608993530273
    endloop
  endfacet
  facet normal 1 0 0
    outer loop
      vertex 9.699999809265137 -13.423542976379395 -2.8977766036987305
      vertex 9.699999809265137 -13.902358055114746 -1.1108139753341675
      vertex 9.699999809265137 -13.80842113494873 -2.9743337631225586
    endloop
  endfacet
  facet normal 1 0 0
    outer loop
      vertex 9.699999809265137 -14.049895286560059 -1.1401604413986206
      vertex 9.699999809265137 -13.80842113494873 -2.9743337631225586
      vertex 9.699999809265137 -13.902358055114746 -1.1108139753341675
    endloop
  endfacet
  facet normal 1 0 0
    outer loop
      vertex 9.699999809265137 -14.199999809265137 -1.1499993801116943
      vertex 9.699999809265137 -13.80842113494873 -2.9743337631225586
      vertex 9.699999809265137 -14.049895286560059 -1.1401604413986206
    endloop
  endfacet
  facet normal 1 0 0
    outer loop
      vertex 9.699999809265137 -14.199999809265137 -1.1499993801116943
      vertex 9.699999809265137 -14.199999809265137 -2.999999523162842
      vertex 9.699999809265137 -13.80842113494873 -2.9743337631225586
    endloop
  endfacet
  facet normal 1 0 0
    outer loop
      vertex 9.699999809265137 -14.350105285644531 -1.1401607990264893
      vertex 9.699999809265137 -14.199999809265137 -2.999999523162842
      vertex 9.699999809265137 -14.199999809265137 -1.1499993801116943
    endloop
  endfacet
  facet normal 1 0 0
    outer loop
      vertex 9.699999809265137 -14.591578483581543 -2.9743340015411377
      vertex 9.699999809265137 -14.350105285644531 -1.1401607990264893
      vertex 9.699999809265137 -14.497641563415527 -1.1108139753341675
    endloop
  endfacet
  facet normal 1 0 0
    outer loop
      vertex 9.699999809265137 -14.350105285644531 -1.1401607990264893
      vertex 9.699999809265137 -14.591578483581543 -2.9743340015411377
      vertex 9.699999809265137 -14.199999809265137 -2.999999523162842
    endloop
  endfacet
  facet normal 1 0 0
    outer loop
      vertex 9.699999809265137 -14.976457595825195 -2.8977763652801514
      vertex 9.699999809265137 -14.497641563415527 -1.1108139753341675
      vertex 9.699999809265137 -14.64008617401123 -1.062461018562317
    endloop
  endfacet
  facet normal 1 0 0
    outer loop
      vertex 9.699999809265137 -15.348050117492676 -2.7716379165649414
      vertex 9.699999809265137 -14.64008617401123 -1.062461018562317
      vertex 9.699999809265137 -14.774999618530273 -0.9959287643432617
    endloop
  endfacet
  facet normal 1 0 0
    outer loop
      vertex 9.699999809265137 -15.699999809265137 -2.598076105117798
      vertex 9.699999809265137 -14.774999618530273 -0.9959287643432617
      vertex 9.699999809265137 -14.900075912475586 -0.9123560190200806
    endloop
  endfacet
  facet normal 1 0 0
    outer loop
      vertex 9.699999809265137 -14.497641563415527 -1.1108139753341675
      vertex 9.699999809265137 -14.976457595825195 -2.8977763652801514
      vertex 9.699999809265137 -14.591578483581543 -2.9743340015411377
    endloop
  endfacet
  facet normal 1 0 0
    outer loop
      vertex 9.699999809265137 -16.026283264160156 -2.380059242248535
      vertex 9.699999809265137 -14.900075912475586 -0.9123560190200806
      vertex 9.699999809265137 -15.013172149658203 -0.8131722807884216
    endloop
  endfacet
  facet normal 1 0 0
    outer loop
      vertex 9.699999809265137 -16.321321487426758 -2.121319055557251
      vertex 9.699999809265137 -15.013172149658203 -0.8131722807884216
      vertex 9.699999809265137 -15.112356185913086 -0.7000748515129089
    endloop
  endfacet
  facet normal 1 0 0
    outer loop
      vertex 9.699999809265137 -16.580059051513672 -1.826283574104309
      vertex 9.699999809265137 -15.112356185913086 -0.7000748515129089
      vertex 9.699999809265137 -15.195928573608398 -0.5749996304512024
    endloop
  endfacet
  facet normal 1 0 0
    outer loop
      vertex 9.699999809265137 -16.798076629638672 -1.4999996423721313
      vertex 9.699999809265137 -15.195928573608398 -0.5749996304512024
      vertex 9.699999809265137 -15.26246166229248 -0.4400848150253296
    endloop
  endfacet
  facet normal 1 0 0
    outer loop
      vertex 9.699999809265137 -16.971637725830078 -1.1480494737625122
      vertex 9.699999809265137 -15.26246166229248 -0.4400848150253296
      vertex 9.699999809265137 -15.31081485748291 -0.29764115810394287
    endloop
  endfacet
  facet normal 1 0 0
    outer loop
      vertex 9.699999809265137 -17.0977783203125 -0.776456356048584
      vertex 9.699999809265137 -15.31081485748291 -0.29764115810394287
      vertex 9.699999809265137 -15.340161323547363 -0.1501045823097229
    endloop
  endfacet
  facet normal 1 0 0
    outer loop
      vertex 9.699999809265137 -14.64008617401123 -1.062461018562317
      vertex 9.699999809265137 -15.348050117492676 -2.7716379165649414
      vertex 9.699999809265137 -14.976457595825195 -2.8977763652801514
    endloop
  endfacet
  facet normal 1 0 0
    outer loop
      vertex 9.699999809265137 -17.174333572387695 -0.39157766103744507
      vertex 9.699999809265137 -15.340161323547363 -0.1501045823097229
      vertex 9.699999809265137 -15.350000381469727 5.123814048602071e-7
    endloop
  endfacet
  facet normal 1 0 0
    outer loop
      vertex 9.699999809265137 -17.174333572387695 0.39157962799072266
      vertex 9.699999809265137 -15.34016227722168 0.15010587871074677
      vertex 9.699999809265137 -16.36506462097168 1.2500001192092896
    endloop
  endfacet
  facet normal 1 0 0
    outer loop
      vertex 9.699999809265137 -15.34016227722168 0.15010587871074677
      vertex 9.699999809265137 -17.174333572387695 0.39157962799072266
      vertex 9.699999809265137 -15.350000381469727 5.123814048602071e-7
    endloop
  endfacet
  facet normal 1 0 0
    outer loop
      vertex 9.699999809265137 -14.774999618530273 -0.9959287643432617
      vertex 9.699999809265137 -15.699999809265137 -2.598076105117798
      vertex 9.699999809265137 -15.348050117492676 -2.7716379165649414
    endloop
  endfacet
  facet normal 1 0 0
    outer loop
      vertex 9.699999809265137 -14.900075912475586 -0.9123560190200806
      vertex 9.699999809265137 -16.026283264160156 -2.380059242248535
      vertex 9.699999809265137 -15.699999809265137 -2.598076105117798
    endloop
  endfacet
  facet normal 1 0 0
    outer loop
      vertex 9.699999809265137 -15.013172149658203 -0.8131722807884216
      vertex 9.699999809265137 -16.321321487426758 -2.121319055557251
      vertex 9.699999809265137 -16.026283264160156 -2.380059242248535
    endloop
  endfacet
  facet normal 1 0 0
    outer loop
      vertex 9.699999809265137 -15.112356185913086 -0.7000748515129089
      vertex 9.699999809265137 -16.580059051513672 -1.826283574104309
      vertex 9.699999809265137 -16.321321487426758 -2.121319055557251
    endloop
  endfacet
  facet normal 1 0 0
    outer loop
      vertex 9.699999809265137 -16.971637725830078 1.148051142692566
      vertex 9.699999809265137 -16.36506462097168 1.2500001192092896
      vertex 9.699999809265137 -16.798076629638672 1.5000001192092896
    endloop
  endfacet
  facet normal 1 0 0
    outer loop
      vertex 9.699999809265137 -15.195928573608398 -0.5749996304512024
      vertex 9.699999809265137 -16.798076629638672 -1.4999996423721313
      vertex 9.699999809265137 -16.580059051513672 -1.826283574104309
    endloop
  endfacet
  facet normal 1 0 0
    outer loop
      vertex 9.699999809265137 -17.0977783203125 0.7764575481414795
      vertex 9.699999809265137 -16.36506462097168 1.2500001192092896
      vertex 9.699999809265137 -16.971637725830078 1.148051142692566
    endloop
  endfacet
  facet normal 1 0 0
    outer loop
      vertex 9.699999809265137 -15.26246166229248 -0.4400848150253296
      vertex 9.699999809265137 -16.971637725830078 -1.1480494737625122
      vertex 9.699999809265137 -16.798076629638672 -1.4999996423721313
    endloop
  endfacet
  facet normal 1 0 0
    outer loop
      vertex 9.699999809265137 -17.174333572387695 0.39157962799072266
      vertex 9.699999809265137 -16.36506462097168 1.2500001192092896
      vertex 9.699999809265137 -17.0977783203125 0.7764575481414795
    endloop
  endfacet
  facet normal 1 0 0
    outer loop
      vertex 9.699999809265137 -15.31081485748291 -0.29764115810394287
      vertex 9.699999809265137 -17.0977783203125 -0.776456356048584
      vertex 9.699999809265137 -16.971637725830078 -1.1480494737625122
    endloop
  endfacet
  facet normal 1 0 0
    outer loop
      vertex 9.699999809265137 -15.350000381469727 5.123814048602071e-7
      vertex 9.699999809265137 -17.174333572387695 0.39157962799072266
      vertex 9.699999809265137 -17.200000762939453 3.9987753552850336e-7
    endloop
  endfacet
  facet normal 1 0 0
    outer loop
      vertex 9.699999809265137 -15.340161323547363 -0.1501045823097229
      vertex 9.699999809265137 -17.174333572387695 -0.39157766103744507
      vertex 9.699999809265137 -17.0977783203125 -0.776456356048584
    endloop
  endfacet
  facet normal 1 0 0
    outer loop
      vertex 9.699999809265137 -15.350000381469727 5.123814048602071e-7
      vertex 9.699999809265137 -17.200000762939453 3.9987753552850336e-7
      vertex 9.699999809265137 -17.174333572387695 -0.39157766103744507
    endloop
  endfacet
  facet normal 0 -0.9469289146284791 0.32144304416261804
    outer loop
      vertex 6.09999942779541 -17.0977783203125 0.7764575481414795
      vertex 9.699999809265137 -16.971637725830078 1.148051142692566
      vertex 6.09999942779541 -16.971637725830078 1.148051142692566
    endloop
  endfacet
  facet normal 0 -0.9469289146284791 0.32144304416261804
    outer loop
      vertex 9.699999809265137 -16.971637725830078 1.148051142692566
      vertex 6.09999942779541 -17.0977783203125 0.7764575481414795
      vertex 9.699999809265137 -17.0977783203125 0.7764575481414795
    endloop
  endfacet
  facet normal 0 -0.1950894810025126 0.9807854476908648
    outer loop
      vertex 6.09999942779541 -14.59157943725586 2.9743340015411377
      vertex 9.699999809265137 -14.976457595825195 2.8977773189544678
      vertex 9.699999809265137 -14.59157943725586 2.9743340015411377
    endloop
  endfacet
  facet normal 0 -0.1950894810025126 0.9807854476908648
    outer loop
      vertex 9.699999809265137 -14.976457595825195 2.8977773189544678
      vertex 6.09999942779541 -14.59157943725586 2.9743340015411377
      vertex 6.09999942779541 -14.976457595825195 2.8977773189544678
    endloop
  endfacet
  facet normal 0 0.1950900654409789 0.9807853314391659
    outer loop
      vertex 6.09999942779541 -13.423543930053711 2.8977770805358887
      vertex 9.699999809265137 -13.808422088623047 2.9743340015411377
      vertex 9.699999809265137 -13.423543930053711 2.8977770805358887
    endloop
  endfacet
  facet normal 0 0.1950900654409789 0.9807853314391659
    outer loop
      vertex 9.699999809265137 -13.808422088623047 2.9743340015411377
      vertex 6.09999942779541 -13.423543930053711 2.8977770805358887
      vertex 6.09999942779541 -13.808422088623047 2.9743340015411377
    endloop
  endfacet
  facet normal 0 -0.8968742776660317 -0.44228557523508943
    outer loop
      vertex 6.09999942779541 -16.798076629638672 -1.4999996423721313
      vertex 9.699999809265137 -16.971637725830078 -1.1480494737625122
      vertex 6.09999942779541 -16.971637725830078 -1.1480494737625122
    endloop
  endfacet
  facet normal 0 -0.8968742776660317 -0.44228557523508943
    outer loop
      vertex 9.699999809265137 -16.971637725830078 -1.1480494737625122
      vertex 6.09999942779541 -16.798076629638672 -1.4999996423721313
      vertex 9.699999809265137 -16.798076629638672 -1.4999996423721313
    endloop
  endfacet
  facet normal 0 0.9469304097657139 -0.32143863965139197
    outer loop
      vertex 9.699999809265137 -11.428361892700195 -1.1480510234832764
      vertex 6.09999942779541 -11.302223205566406 -0.7764573693275452
      vertex 9.699999809265137 -11.302223205566406 -0.7764573693275452
    endloop
  endfacet
  facet normal 0 0.9469304097657139 -0.32143863965139197
    outer loop
      vertex 6.09999942779541 -11.302223205566406 -0.7764573693275452
      vertex 9.699999809265137 -11.428361892700195 -1.1480510234832764
      vertex 6.09999942779541 -11.428361892700195 -1.1480510234832764
    endloop
  endfacet
  facet normal 0 -0.32143897328103554 -0.9469302965139692
    outer loop
      vertex 6.09999942779541 -15.348050117492676 -2.7716379165649414
      vertex 9.699999809265137 -14.976457595825195 -2.8977763652801514
      vertex 9.699999809265137 -15.348050117492676 -2.7716379165649414
    endloop
  endfacet
  facet normal 0 -0.32143897328103554 -0.9469302965139692
    outer loop
      vertex 9.699999809265137 -14.976457595825195 -2.8977763652801514
      vertex 6.09999942779541 -15.348050117492676 -2.7716379165649414
      vertex 6.09999942779541 -14.976457595825195 -2.8977763652801514
    endloop
  endfacet
  facet normal 0 -0.8314676993613459 -0.555573095927755
    outer loop
      vertex 14.299999237060547 -16.580059051513672 -1.826283574104309
      vertex 17.899999618530273 -16.798076629638672 -1.4999996423721313
      vertex 14.299999237060547 -16.798076629638672 -1.4999996423721313
    endloop
  endfacet
  facet normal 0 -0.8314676993613459 -0.555573095927755
    outer loop
      vertex 17.899999618530273 -16.798076629638672 -1.4999996423721313
      vertex 14.299999237060547 -16.580059051513672 -1.826283574104309
      vertex 17.899999618530273 -16.580059051513672 -1.826283574104309
    endloop
  endfacet
  facet normal 0 -0.5555723971500803 -0.8314681662727162
    outer loop
      vertex 14.299999237060547 -16.026283264160156 -2.380059242248535
      vertex 17.899999618530273 -15.699999809265137 -2.598076105117798
      vertex 17.899999618530273 -16.026283264160156 -2.380059242248535
    endloop
  endfacet
  facet normal 0 -0.5555723971500803 -0.8314681662727162
    outer loop
      vertex 17.899999618530273 -15.699999809265137 -2.598076105117798
      vertex 14.299999237060547 -16.026283264160156 -2.380059242248535
      vertex 14.299999237060547 -15.699999809265137 -2.598076105117798
    endloop
  endfacet
  facet normal 0 -0.659343811722311 -0.7518415643893954
    outer loop
      vertex 14.299999237060547 -16.321321487426758 -2.121319055557251
      vertex 17.899999618530273 -16.026283264160156 -2.380059242248535
      vertex 17.899999618530273 -16.321321487426758 -2.121319055557251
    endloop
  endfacet
  facet normal 0 -0.659343811722311 -0.7518415643893954
    outer loop
      vertex 17.899999618530273 -16.026283264160156 -2.380059242248535
      vertex 14.299999237060547 -16.321321487426758 -2.121319055557251
      vertex 14.299999237060547 -16.026283264160156 -2.380059242248535
    endloop
  endfacet
  facet normal 0 0.4422860706509693 0.8968740333559254
    outer loop
      vertex 14.299999237060547 -12.699999809265137 2.598076343536377
      vertex 17.899999618530273 -13.051950454711914 2.7716379165649414
      vertex 17.899999618530273 -12.699999809265137 2.598076343536377
    endloop
  endfacet
  facet normal 0 0.4422860706509693 0.8968740333559254
    outer loop
      vertex 17.899999618530273 -13.051950454711914 2.7716379165649414
      vertex 14.299999237060547 -12.699999809265137 2.598076343536377
      vertex 14.299999237060547 -13.051950454711914 2.7716379165649414
    endloop
  endfacet
  facet normal 0 -0.9807861972208574 -0.19508571280606196
    outer loop
      vertex 14.299999237060547 -17.0977783203125 -0.776456356048584
      vertex 17.899999618530273 -17.174333572387695 -0.39157766103744507
      vertex 14.299999237060547 -17.174333572387695 -0.39157766103744507
    endloop
  endfacet
  facet normal 0 -0.9807861972208574 -0.19508571280606196
    outer loop
      vertex 17.899999618530273 -17.174333572387695 -0.39157766103744507
      vertex 14.299999237060547 -17.0977783203125 -0.776456356048584
      vertex 17.899999618530273 -17.0977783203125 -0.776456356048584
    endloop
  endfacet
  facet normal 0 -0.32143986792038814 0.9469299928248779
    outer loop
      vertex 14.299999237060547 -14.976457595825195 2.8977773189544678
      vertex 17.899999618530273 -15.348051071166992 2.7716381549835205
      vertex 17.899999618530273 -14.976457595825195 2.8977773189544678
    endloop
  endfacet
  facet normal 0 -0.32143986792038814 0.9469299928248779
    outer loop
      vertex 17.899999618530273 -15.348051071166992 2.7716381549835205
      vertex 14.299999237060547 -14.976457595825195 2.8977773189544678
      vertex 14.299999237060547 -15.348051071166992 2.7716381549835205
    endloop
  endfacet
  facet normal 0 0.9978587906847721 -0.06540515157939696
    outer loop
      vertex 17.899999618530273 -11.225666999816895 -0.39157894253730774
      vertex 14.299999237060547 -11.200000762939453 0
      vertex 17.899999618530273 -11.200000762939453 0
    endloop
  endfacet
  facet normal 0 0.9978587906847721 -0.06540515157939696
    outer loop
      vertex 14.299999237060547 -11.200000762939453 0
      vertex 17.899999618530273 -11.225666999816895 -0.39157894253730774
      vertex 14.299999237060547 -11.225666999816895 -0.39157894253730774
    endloop
  endfacet
  facet normal 0 -0.1950913537449317 -0.9807850751790476
    outer loop
      vertex 14.299999237060547 -14.976457595825195 -2.8977763652801514
      vertex 17.899999618530273 -14.591578483581543 -2.9743340015411377
      vertex 17.899999618530273 -14.976457595825195 -2.8977763652801514
    endloop
  endfacet
  facet normal 0 -0.1950913537449317 -0.9807850751790476
    outer loop
      vertex 17.899999618530273 -14.591578483581543 -2.9743340015411377
      vertex 14.299999237060547 -14.976457595825195 -2.8977763652801514
      vertex 14.299999237060547 -14.591578483581543 -2.9743340015411377
    endloop
  endfacet
  facet normal 0 0.831469111966602 0.5555709818245282
    outer loop
      vertex 17.899999618530273 -11.699999809265137 1.6467801332473755
      vertex 14.299999237060547 -11.819940567016602 1.8262838125228882
      vertex 17.899999618530273 -11.819940567016602 1.8262838125228882
    endloop
  endfacet
  facet normal 0 0.831469111966602 0.5555709818245282
    outer loop
      vertex 14.299999237060547 -11.819940567016602 1.8262838125228882
      vertex 17.899999618530273 -11.699999809265137 1.6467801332473755
      vertex 14.299999237060547 -11.699999809265137 1.6467801332473755
    endloop
  endfacet
  facet normal 0 -0.32143897328103554 -0.9469302965139692
    outer loop
      vertex 14.299999237060547 -15.348050117492676 -2.7716379165649414
      vertex 17.899999618530273 -14.976457595825195 -2.8977763652801514
      vertex 17.899999618530273 -15.348050117492676 -2.7716379165649414
    endloop
  endfacet
  facet normal 0 -0.32143897328103554 -0.9469302965139692
    outer loop
      vertex 17.899999618530273 -14.976457595825195 -2.8977763652801514
      vertex 14.299999237060547 -15.348050117492676 -2.7716379165649414
      vertex 14.299999237060547 -14.976457595825195 -2.8977763652801514
    endloop
  endfacet
  facet normal 0 -0.7518418399191278 -0.6593434975390449
    outer loop
      vertex 14.299999237060547 -16.321321487426758 -2.121319055557251
      vertex 17.899999618530273 -16.580059051513672 -1.826283574104309
      vertex 14.299999237060547 -16.580059051513672 -1.826283574104309
    endloop
  endfacet
  facet normal 0 -0.7518418399191278 -0.6593434975390449
    outer loop
      vertex 17.899999618530273 -16.580059051513672 -1.826283574104309
      vertex 14.299999237060547 -16.321321487426758 -2.121319055557251
      vertex 17.899999618530273 -16.321321487426758 -2.121319055557251
    endloop
  endfacet
  facet normal 0 0.32143986792038814 0.9469299928248779
    outer loop
      vertex 14.299999237060547 -13.051950454711914 2.7716379165649414
      vertex 17.899999618530273 -13.423543930053711 2.8977770805358887
      vertex 17.899999618530273 -13.051950454711914 2.7716379165649414
    endloop
  endfacet
  facet normal 0 0.32143986792038814 0.9469299928248779
    outer loop
      vertex 17.899999618530273 -13.423543930053711 2.8977770805358887
      vertex 14.299999237060547 -13.051950454711914 2.7716379165649414
      vertex 14.299999237060547 -13.423543930053711 2.8977770805358887
    endloop
  endfacet
  facet normal 0 -0.9978586351850867 0.06540752392925529
    outer loop
      vertex 14.299999237060547 -17.200000762939453 3.9987753552850336e-7
      vertex 17.899999618530273 -17.174333572387695 0.39157962799072266
      vertex 14.299999237060547 -17.174333572387695 0.39157962799072266
    endloop
  endfacet
  facet normal 0 -0.9978586351850867 0.06540752392925529
    outer loop
      vertex 17.899999618530273 -17.174333572387695 0.39157962799072266
      vertex 14.299999237060547 -17.200000762939453 3.9987753552850336e-7
      vertex 17.899999618530273 -17.200000762939453 3.9987753552850336e-7
    endloop
  endfacet
  facet normal 0 0.7518392822488834 -0.6593464140097249
    outer loop
      vertex 17.899999618530273 -12.078680038452148 -2.1213200092315674
      vertex 14.299999237060547 -11.819939613342285 -1.826283574104309
      vertex 17.899999618530273 -11.819939613342285 -1.826283574104309
    endloop
  endfacet
  facet normal 0 0.7518392822488834 -0.6593464140097249
    outer loop
      vertex 14.299999237060547 -11.819939613342285 -1.826283574104309
      vertex 17.899999618530273 -12.078680038452148 -2.1213200092315674
      vertex 14.299999237060547 -12.078680038452148 -2.1213200092315674
    endloop
  endfacet
  facet normal 0 0.06540398626374683 0.9978588670652837
    outer loop
      vertex 14.299999237060547 -13.808422088623047 2.9743340015411377
      vertex 17.899999618530273 -14.200000762939453 2.999999761581421
      vertex 17.899999618530273 -13.808422088623047 2.9743340015411377
    endloop
  endfacet
  facet normal 0 0.06540398626374683 0.9978588670652837
    outer loop
      vertex 17.899999618530273 -14.200000762939453 2.999999761581421
      vertex 14.299999237060547 -13.808422088623047 2.9743340015411377
      vertex 14.299999237060547 -14.200000762939453 2.999999761581421
    endloop
  endfacet
  facet normal 0 -0.06540338130125051 -0.9978589067169582
    outer loop
      vertex 14.299999237060547 -14.591578483581543 -2.9743340015411377
      vertex 17.899999618530273 -14.199999809265137 -2.999999523162842
      vertex 17.899999618530273 -14.591578483581543 -2.9743340015411377
    endloop
  endfacet
  facet normal 0 -0.06540338130125051 -0.9978589067169582
    outer loop
      vertex 17.899999618530273 -14.199999809265137 -2.999999523162842
      vertex 14.299999237060547 -14.591578483581543 -2.9743340015411377
      vertex 14.299999237060547 -14.199999809265137 -2.999999523162842
    endloop
  endfacet
  facet normal 0 0.06540398626374683 -0.9978588670652837
    outer loop
      vertex 14.299999237060547 -14.199999809265137 -2.999999523162842
      vertex 17.899999618530273 -13.80842113494873 -2.9743337631225586
      vertex 17.899999618530273 -14.199999809265137 -2.999999523162842
    endloop
  endfacet
  facet normal 0 0.06540398626374683 -0.9978588670652837
    outer loop
      vertex 17.899999618530273 -13.80842113494873 -2.9743337631225586
      vertex 14.299999237060547 -14.199999809265137 -2.999999523162842
      vertex 14.299999237060547 -13.80842113494873 -2.9743337631225586
    endloop
  endfacet
  facet normal 0 -0.9469287890751986 -0.32144341402582516
    outer loop
      vertex 14.299999237060547 -16.971637725830078 -1.1480494737625122
      vertex 17.899999618530273 -17.0977783203125 -0.776456356048584
      vertex 14.299999237060547 -17.0977783203125 -0.776456356048584
    endloop
  endfacet
  facet normal 0 -0.9469287890751986 -0.32144341402582516
    outer loop
      vertex 17.899999618530273 -17.0977783203125 -0.776456356048584
      vertex 14.299999237060547 -16.971637725830078 -1.1480494737625122
      vertex 17.899999618530273 -16.971637725830078 -1.1480494737625122
    endloop
  endfacet
  facet normal 0 0.9469304097657139 -0.32143863965139197
    outer loop
      vertex 17.899999618530273 -11.428361892700195 -1.1480510234832764
      vertex 14.299999237060547 -11.302223205566406 -0.7764573693275452
      vertex 17.899999618530273 -11.302223205566406 -0.7764573693275452
    endloop
  endfacet
  facet normal 0 0.9469304097657139 -0.32143863965139197
    outer loop
      vertex 14.299999237060547 -11.302223205566406 -0.7764573693275452
      vertex 17.899999618530273 -11.428361892700195 -1.1480510234832764
      vertex 14.299999237060547 -11.428361892700195 -1.1480510234832764
    endloop
  endfacet
  facet normal 0 0.3214387783485159 -0.9469303626845079
    outer loop
      vertex 14.299999237060547 -13.423542976379395 -2.8977766036987305
      vertex 17.899999618530273 -13.051949501037598 -2.7716379165649414
      vertex 17.899999618530273 -13.423542976379395 -2.8977766036987305
    endloop
  endfacet
  facet normal 0 0.3214387783485159 -0.9469303626845079
    outer loop
      vertex 17.899999618530273 -13.051949501037598 -2.7716379165649414
      vertex 14.299999237060547 -13.423542976379395 -2.8977766036987305
      vertex 14.299999237060547 -13.051949501037598 -2.7716379165649414
    endloop
  endfacet
  facet normal 0 0.8314697570902048 -0.5555700163294954
    outer loop
      vertex 17.899999618530273 -11.819939613342285 -1.826283574104309
      vertex 14.299999237060547 -11.601923942565918 -1.4999998807907104
      vertex 17.899999618530273 -11.601923942565918 -1.4999998807907104
    endloop
  endfacet
  facet normal 0 0.8314697570902048 -0.5555700163294954
    outer loop
      vertex 14.299999237060547 -11.601923942565918 -1.4999998807907104
      vertex 17.899999618530273 -11.819939613342285 -1.826283574104309
      vertex 14.299999237060547 -11.819939613342285 -1.826283574104309
    endloop
  endfacet
  facet normal 0 0.9807857062072047 -0.1950881813427831
    outer loop
      vertex 17.899999618530273 -11.302223205566406 -0.7764573693275452
      vertex 14.299999237060547 -11.225666999816895 -0.39157894253730774
      vertex 17.899999618530273 -11.225666999816895 -0.39157894253730774
    endloop
  endfacet
  facet normal 0 0.9807857062072047 -0.1950881813427831
    outer loop
      vertex 14.299999237060547 -11.225666999816895 -0.39157894253730774
      vertex 17.899999618530273 -11.302223205566406 -0.7764573693275452
      vertex 14.299999237060547 -11.302223205566406 -0.7764573693275452
    endloop
  endfacet
  facet normal 0 0.5555716945523125 -0.8314686357357517
    outer loop
      vertex 14.299999237060547 -12.700000762939453 -2.5980758666992188
      vertex 17.899999618530273 -12.373716354370117 -2.380058765411377
      vertex 17.899999618530273 -12.700000762939453 -2.5980758666992188
    endloop
  endfacet
  facet normal 0 0.5555716945523125 -0.8314686357357517
    outer loop
      vertex 17.899999618530273 -12.373716354370117 -2.380058765411377
      vertex 14.299999237060547 -12.700000762939453 -2.5980758666992188
      vertex 14.299999237060547 -12.373716354370117 -2.380058765411377
    endloop
  endfacet
  facet normal 0 0.6593463956019022 0.7518392983921363
    outer loop
      vertex 14.299999237060547 -12.078680992126465 2.1213197708129883
      vertex 17.899999618530273 -12.373716354370117 2.380059242248535
      vertex 17.899999618530273 -12.078680992126465 2.1213197708129883
    endloop
  endfacet
  facet normal 0 0.6593463956019022 0.7518392983921363
    outer loop
      vertex 17.899999618530273 -12.373716354370117 2.380059242248535
      vertex 14.299999237060547 -12.078680992126465 2.1213197708129883
      vertex 14.299999237060547 -12.373716354370117 2.380059242248535
    endloop
  endfacet
  facet normal 0 -0.4422874948304027 0.8968733310321176
    outer loop
      vertex 14.299999237060547 -15.348051071166992 2.7716381549835205
      vertex 17.899999618530273 -15.541672706604004 2.676154851913452
      vertex 17.899999618530273 -15.348051071166992 2.7716381549835205
    endloop
  endfacet
  facet normal 0 -0.4422874948304027 0.8968733310321176
    outer loop
      vertex 17.899999618530273 -15.541672706604004 2.676154851913452
      vertex 14.299999237060547 -15.348051071166992 2.7716381549835205
      vertex 14.299999237060547 -15.541672706604004 2.676154851913452
    endloop
  endfacet
  facet normal 0 -0.4422875233813377 -0.8968733169524014
    outer loop
      vertex 14.299999237060547 -15.699999809265137 -2.598076105117798
      vertex 17.899999618530273 -15.348050117492676 -2.7716379165649414
      vertex 17.899999618530273 -15.699999809265137 -2.598076105117798
    endloop
  endfacet
  facet normal 0 -0.4422875233813377 -0.8968733169524014
    outer loop
      vertex 17.899999618530273 -15.348050117492676 -2.7716379165649414
      vertex 14.299999237060547 -15.699999809265137 -2.598076105117798
      vertex 14.299999237060547 -15.348050117492676 -2.7716379165649414
    endloop
  endfacet
  facet normal 0 -0.8968742776660317 -0.44228557523508943
    outer loop
      vertex 14.299999237060547 -16.798076629638672 -1.4999996423721313
      vertex 17.899999618530273 -16.971637725830078 -1.1480494737625122
      vertex 14.299999237060547 -16.971637725830078 -1.1480494737625122
    endloop
  endfacet
  facet normal 0 -0.8968742776660317 -0.44228557523508943
    outer loop
      vertex 17.899999618530273 -16.971637725830078 -1.1480494737625122
      vertex 14.299999237060547 -16.798076629638672 -1.4999996423721313
      vertex 17.899999618530273 -16.798076629638672 -1.4999996423721313
    endloop
  endfacet
  facet normal 0 -0.9978586224602758 -0.06540771805896291
    outer loop
      vertex 14.299999237060547 -17.174333572387695 -0.39157766103744507
      vertex 17.899999618530273 -17.200000762939453 3.9987753552850336e-7
      vertex 14.299999237060547 -17.200000762939453 3.9987753552850336e-7
    endloop
  endfacet
  facet normal 0 -0.9978586224602758 -0.06540771805896291
    outer loop
      vertex 17.899999618530273 -17.200000762939453 3.9987753552850336e-7
      vertex 14.299999237060547 -17.174333572387695 -0.39157766103744507
      vertex 17.899999618530273 -17.174333572387695 -0.39157766103744507
    endloop
  endfacet
  facet normal 0 -0.1950894810025126 0.9807854476908648
    outer loop
      vertex 14.299999237060547 -14.59157943725586 2.9743340015411377
      vertex 17.899999618530273 -14.976457595825195 2.8977773189544678
      vertex 17.899999618530273 -14.59157943725586 2.9743340015411377
    endloop
  endfacet
  facet normal 0 -0.1950894810025126 0.9807854476908648
    outer loop
      vertex 17.899999618530273 -14.976457595825195 2.8977773189544678
      vertex 14.299999237060547 -14.59157943725586 2.9743340015411377
      vertex 14.299999237060547 -14.976457595825195 2.8977773189544678
    endloop
  endfacet
  facet normal 0 0.5555728171814267 0.8314678856150086
    outer loop
      vertex 14.299999237060547 -12.373716354370117 2.380059242248535
      vertex 17.899999618530273 -12.699999809265137 2.598076343536377
      vertex 17.899999618530273 -12.373716354370117 2.380059242248535
    endloop
  endfacet
  facet normal 0 0.5555728171814267 0.8314678856150086
    outer loop
      vertex 17.899999618530273 -12.699999809265137 2.598076343536377
      vertex 14.299999237060547 -12.373716354370117 2.380059242248535
      vertex 14.299999237060547 -12.699999809265137 2.598076343536377
    endloop
  endfacet
  facet normal 0 0.1950900654409789 0.9807853314391659
    outer loop
      vertex 14.299999237060547 -13.423543930053711 2.8977770805358887
      vertex 17.899999618530273 -13.808422088623047 2.9743340015411377
      vertex 17.899999618530273 -13.423543930053711 2.8977770805358887
    endloop
  endfacet
  facet normal 0 0.1950900654409789 0.9807853314391659
    outer loop
      vertex 17.899999618530273 -13.808422088623047 2.9743340015411377
      vertex 14.299999237060547 -13.423543930053711 2.8977770805358887
      vertex 14.299999237060547 -13.808422088623047 2.9743340015411377
    endloop
  endfacet
  facet normal 0 -0.9807861220713529 0.19508609061703291
    outer loop
      vertex 14.299999237060547 -17.174333572387695 0.39157962799072266
      vertex 17.899999618530273 -17.0977783203125 0.7764575481414795
      vertex 14.299999237060547 -17.0977783203125 0.7764575481414795
    endloop
  endfacet
  facet normal 0 -0.9807861220713529 0.19508609061703291
    outer loop
      vertex 17.899999618530273 -17.0977783203125 0.7764575481414795
      vertex 14.299999237060547 -17.174333572387695 0.39157962799072266
      vertex 17.899999618530273 -17.174333572387695 0.39157962799072266
    endloop
  endfacet
  facet normal 0 -0.8968736834179115 0.4422867802595821
    outer loop
      vertex 14.299999237060547 -16.971637725830078 1.148051142692566
      vertex 17.899999618530273 -16.798076629638672 1.5000001192092896
      vertex 14.299999237060547 -16.798076629638672 1.5000001192092896
    endloop
  endfacet
  facet normal 0 -0.8968736834179115 0.4422867802595821
    outer loop
      vertex 17.899999618530273 -16.798076629638672 1.5000001192092896
      vertex 14.299999237060547 -16.971637725830078 1.148051142692566
      vertex 17.899999618530273 -16.971637725830078 1.148051142692566
    endloop
  endfacet
  facet normal -1 0 0
    outer loop
      vertex 14.299999237060547 -13.625 -0.9959287047386169
      vertex 14.299999237060547 -12.700000762939453 -2.5980758666992188
      vertex 14.299999237060547 -13.051949501037598 -2.7716379165649414
    endloop
  endfacet
  facet normal -1 0 0
    outer loop
      vertex 14.299999237060547 -12.700000762939453 -2.5980758666992188
      vertex 14.299999237060547 -13.059839248657227 -0.15010520815849304
      vertex 14.299999237060547 -13.050000190734863 1.5519061946633883e-7
    endloop
  endfacet
  facet normal -1 0 0
    outer loop
      vertex 14.299999237060547 -12.700000762939453 -2.5980758666992188
      vertex 14.299999237060547 -13.08918571472168 -0.2976416349411011
      vertex 14.299999237060547 -13.059839248657227 -0.15010520815849304
    endloop
  endfacet
  facet normal -1 0 0
    outer loop
      vertex 14.299999237060547 -12.700000762939453 -2.5980758666992188
      vertex 14.299999237060547 -13.13753890991211 -0.44008633494377136
      vertex 14.299999237060547 -13.08918571472168 -0.2976416349411011
    endloop
  endfacet
  facet normal -1 0 0
    outer loop
      vertex 14.299999237060547 -12.700000762939453 -2.5980758666992188
      vertex 14.299999237060547 -13.204071044921875 -0.5749996900558472
      vertex 14.299999237060547 -13.13753890991211 -0.44008633494377136
    endloop
  endfacet
  facet normal -1 0 0
    outer loop
      vertex 14.299999237060547 -12.700000762939453 -2.5980758666992188
      vertex 14.299999237060547 -13.287643432617188 -0.7000749707221985
      vertex 14.299999237060547 -13.204071044921875 -0.5749996900558472
    endloop
  endfacet
  facet normal -1 0 0
    outer loop
      vertex 14.299999237060547 -12.700000762939453 -2.5980758666992188
      vertex 14.299999237060547 -13.38682746887207 -0.8131722807884216
      vertex 14.299999237060547 -13.287643432617188 -0.7000749707221985
    endloop
  endfacet
  facet normal -1 0 0
    outer loop
      vertex 14.299999237060547 -13.75991439819336 -1.0624608993530273
      vertex 14.299999237060547 -13.051949501037598 -2.7716379165649414
      vertex 14.299999237060547 -13.423542976379395 -2.8977766036987305
    endloop
  endfacet
  facet normal -1 0 0
    outer loop
      vertex 14.299999237060547 -12.700000762939453 -2.5980758666992188
      vertex 14.299999237060547 -13.499924659729004 -0.9123554825782776
      vertex 14.299999237060547 -13.38682746887207 -0.8131722807884216
    endloop
  endfacet
  facet normal -1 0 0
    outer loop
      vertex 14.299999237060547 -12.700000762939453 -2.5980758666992188
      vertex 14.299999237060547 -13.625 -0.9959287047386169
      vertex 14.299999237060547 -13.499924659729004 -0.9123554825782776
    endloop
  endfacet
  facet normal -1 0 0
    outer loop
      vertex 14.299999237060547 -13.051949501037598 -2.7716379165649414
      vertex 14.299999237060547 -13.75991439819336 -1.0624608993530273
      vertex 14.299999237060547 -13.625 -0.9959287047386169
    endloop
  endfacet
  facet normal -1 0 0
    outer loop
      vertex 14.299999237060547 -13.902358055114746 -1.1108139753341675
      vertex 14.299999237060547 -13.423542976379395 -2.8977766036987305
      vertex 14.299999237060547 -13.80842113494873 -2.9743337631225586
    endloop
  endfacet
  facet normal -1 0 0
    outer loop
      vertex 14.299999237060547 -13.423542976379395 -2.8977766036987305
      vertex 14.299999237060547 -13.902358055114746 -1.1108139753341675
      vertex 14.299999237060547 -13.75991439819336 -1.0624608993530273
    endloop
  endfacet
  facet normal -1 0 0
    outer loop
      vertex 14.299999237060547 -13.80842113494873 -2.9743337631225586
      vertex 14.299999237060547 -14.049895286560059 -1.1401604413986206
      vertex 14.299999237060547 -13.902358055114746 -1.1108139753341675
    endloop
  endfacet
  facet normal -1 0 0
    outer loop
      vertex 14.299999237060547 -14.199999809265137 -2.999999523162842
      vertex 14.299999237060547 -14.049895286560059 -1.1401604413986206
      vertex 14.299999237060547 -13.80842113494873 -2.9743337631225586
    endloop
  endfacet
  facet normal -1 0 0
    outer loop
      vertex 14.299999237060547 -14.199999809265137 -2.999999523162842
      vertex 14.299999237060547 -14.199999809265137 -1.1499993801116943
      vertex 14.299999237060547 -14.049895286560059 -1.1401604413986206
    endloop
  endfacet
  facet normal -1 0 0
    outer loop
      vertex 14.299999237060547 -14.199999809265137 -2.999999523162842
      vertex 14.299999237060547 -14.350105285644531 -1.1401607990264893
      vertex 14.299999237060547 -14.199999809265137 -1.1499993801116943
    endloop
  endfacet
  facet normal -1 0 0
    outer loop
      vertex 14.299999237060547 -14.591578483581543 -2.9743340015411377
      vertex 14.299999237060547 -14.350105285644531 -1.1401607990264893
      vertex 14.299999237060547 -14.199999809265137 -2.999999523162842
    endloop
  endfacet
  facet normal -1 0 0
    outer loop
      vertex 14.299999237060547 -14.350105285644531 -1.1401607990264893
      vertex 14.299999237060547 -14.591578483581543 -2.9743340015411377
      vertex 14.299999237060547 -14.497641563415527 -1.1108139753341675
    endloop
  endfacet
  facet normal -1 0 0
    outer loop
      vertex 14.299999237060547 -14.976457595825195 -2.8977763652801514
      vertex 14.299999237060547 -14.497641563415527 -1.1108139753341675
      vertex 14.299999237060547 -14.591578483581543 -2.9743340015411377
    endloop
  endfacet
  facet normal -1 0 0
    outer loop
      vertex 14.299999237060547 -14.497641563415527 -1.1108139753341675
      vertex 14.299999237060547 -14.976457595825195 -2.8977763652801514
      vertex 14.299999237060547 -14.64008617401123 -1.062461018562317
    endloop
  endfacet
  facet normal -1 0 0
    outer loop
      vertex 14.299999237060547 -15.348050117492676 -2.7716379165649414
      vertex 14.299999237060547 -14.64008617401123 -1.062461018562317
      vertex 14.299999237060547 -14.976457595825195 -2.8977763652801514
    endloop
  endfacet
  facet normal -1 0 0
    outer loop
      vertex 14.299999237060547 -14.64008617401123 -1.062461018562317
      vertex 14.299999237060547 -15.348050117492676 -2.7716379165649414
      vertex 14.299999237060547 -14.774999618530273 -0.9959287643432617
    endloop
  endfacet
  facet normal -1 0 0
    outer loop
      vertex 14.299999237060547 -15.699999809265137 -2.598076105117798
      vertex 14.299999237060547 -14.774999618530273 -0.9959287643432617
      vertex 14.299999237060547 -15.348050117492676 -2.7716379165649414
    endloop
  endfacet
  facet normal -1 0 0
    outer loop
      vertex 14.299999237060547 -14.774999618530273 -0.9959287643432617
      vertex 14.299999237060547 -15.699999809265137 -2.598076105117798
      vertex 14.299999237060547 -14.900075912475586 -0.9123560190200806
    endloop
  endfacet
  facet normal -1 0 0
    outer loop
      vertex 14.299999237060547 -16.026283264160156 -2.380059242248535
      vertex 14.299999237060547 -14.900075912475586 -0.9123560190200806
      vertex 14.299999237060547 -15.699999809265137 -2.598076105117798
    endloop
  endfacet
  facet normal -1 0 0
    outer loop
      vertex 14.299999237060547 -14.900075912475586 -0.9123560190200806
      vertex 14.299999237060547 -16.026283264160156 -2.380059242248535
      vertex 14.299999237060547 -15.013172149658203 -0.8131722807884216
    endloop
  endfacet
  facet normal -1 0 0
    outer loop
      vertex 14.299999237060547 -16.321321487426758 -2.121319055557251
      vertex 14.299999237060547 -15.013172149658203 -0.8131722807884216
      vertex 14.299999237060547 -16.026283264160156 -2.380059242248535
    endloop
  endfacet
  facet normal -1 0 0
    outer loop
      vertex 14.299999237060547 -15.013172149658203 -0.8131722807884216
      vertex 14.299999237060547 -16.321321487426758 -2.121319055557251
      vertex 14.299999237060547 -15.112356185913086 -0.7000748515129089
    endloop
  endfacet
  facet normal -1 0 0
    outer loop
      vertex 14.299999237060547 -16.580059051513672 -1.826283574104309
      vertex 14.299999237060547 -15.112356185913086 -0.7000748515129089
      vertex 14.299999237060547 -16.321321487426758 -2.121319055557251
    endloop
  endfacet
  facet normal -1 0 0
    outer loop
      vertex 14.299999237060547 -15.112356185913086 -0.7000748515129089
      vertex 14.299999237060547 -16.580059051513672 -1.826283574104309
      vertex 14.299999237060547 -15.195928573608398 -0.5749996304512024
    endloop
  endfacet
  facet normal -1 0 0
    outer loop
      vertex 14.299999237060547 -16.798076629638672 -1.4999996423721313
      vertex 14.299999237060547 -15.195928573608398 -0.5749996304512024
      vertex 14.299999237060547 -16.580059051513672 -1.826283574104309
    endloop
  endfacet
  facet normal -1 0 0
    outer loop
      vertex 14.299999237060547 -15.195928573608398 -0.5749996304512024
      vertex 14.299999237060547 -16.798076629638672 -1.4999996423721313
      vertex 14.299999237060547 -15.26246166229248 -0.4400848150253296
    endloop
  endfacet
  facet normal -1 0 0
    outer loop
      vertex 14.299999237060547 -16.971637725830078 -1.1480494737625122
      vertex 14.299999237060547 -15.26246166229248 -0.4400848150253296
      vertex 14.299999237060547 -16.798076629638672 -1.4999996423721313
    endloop
  endfacet
  facet normal -1 0 0
    outer loop
      vertex 14.299999237060547 -15.26246166229248 -0.4400848150253296
      vertex 14.299999237060547 -16.971637725830078 -1.1480494737625122
      vertex 14.299999237060547 -15.31081485748291 -0.29764115810394287
    endloop
  endfacet
  facet normal -1 0 0
    outer loop
      vertex 14.299999237060547 -15.350000381469727 5.123814048602071e-7
      vertex 14.299999237060547 -16.36506462097168 1.2500001192092896
      vertex 14.299999237060547 -15.541672706604004 2.676154851913452
    endloop
  endfacet
  facet normal -1 0 0
    outer loop
      vertex 14.299999237060547 -17.0977783203125 -0.776456356048584
      vertex 14.299999237060547 -15.31081485748291 -0.29764115810394287
      vertex 14.299999237060547 -16.971637725830078 -1.1480494737625122
    endloop
  endfacet
  facet normal -1 0 0
    outer loop
      vertex 14.299999237060547 -15.31081485748291 -0.29764115810394287
      vertex 14.299999237060547 -17.0977783203125 -0.776456356048584
      vertex 14.299999237060547 -15.340161323547363 -0.1501045823097229
    endloop
  endfacet
  facet normal -1 0 0
    outer loop
      vertex 14.299999237060547 -17.174333572387695 -0.39157766103744507
      vertex 14.299999237060547 -15.340161323547363 -0.1501045823097229
      vertex 14.299999237060547 -17.0977783203125 -0.776456356048584
    endloop
  endfacet
  facet normal -1 0 0
    outer loop
      vertex 14.299999237060547 -15.340161323547363 -0.1501045823097229
      vertex 14.299999237060547 -17.174333572387695 -0.39157766103744507
      vertex 14.299999237060547 -15.350000381469727 5.123814048602071e-7
    endloop
  endfacet
  facet normal -1 0 0
    outer loop
      vertex 14.299999237060547 -16.36506462097168 1.2500001192092896
      vertex 14.299999237060547 -16.971637725830078 1.148051142692566
      vertex 14.299999237060547 -16.798076629638672 1.5000001192092896
    endloop
  endfacet
  facet normal -1 0 0
    outer loop
      vertex 14.299999237060547 -17.200000762939453 3.9987753552850336e-7
      vertex 14.299999237060547 -15.350000381469727 5.123814048602071e-7
      vertex 14.299999237060547 -17.174333572387695 -0.39157766103744507
    endloop
  endfacet
  facet normal -1 0 0
    outer loop
      vertex 14.299999237060547 -16.36506462097168 1.2500001192092896
      vertex 14.299999237060547 -17.0977783203125 0.7764575481414795
      vertex 14.299999237060547 -16.971637725830078 1.148051142692566
    endloop
  endfacet
  facet normal -1 0 0
    outer loop
      vertex 14.299999237060547 -17.174333572387695 0.39157962799072266
      vertex 14.299999237060547 -15.350000381469727 5.123814048602071e-7
      vertex 14.299999237060547 -17.200000762939453 3.9987753552850336e-7
    endloop
  endfacet
  facet normal -1 0 0
    outer loop
      vertex 14.299999237060547 -16.36506462097168 1.2500001192092896
      vertex 14.299999237060547 -17.174333572387695 0.39157962799072266
      vertex 14.299999237060547 -17.0977783203125 0.7764575481414795
    endloop
  endfacet
  facet normal -1 0 0
    outer loop
      vertex 14.299999237060547 -15.350000381469727 5.123814048602071e-7
      vertex 14.299999237060547 -17.174333572387695 0.39157962799072266
      vertex 14.299999237060547 -16.36506462097168 1.2500001192092896
    endloop
  endfacet
  facet normal -1 0 0
    outer loop
      vertex 14.299999237060547 -11.699999809265137 0
      vertex 14.299999237060547 -11.225666999816895 -0.39157894253730774
      vertex 14.299999237060547 -11.302223205566406 -0.7764573693275452
    endloop
  endfacet
  facet normal -1 0 0
    outer loop
      vertex 14.299999237060547 -11.699999809265137 0
      vertex 14.299999237060547 -11.302223205566406 -0.7764573693275452
      vertex 14.299999237060547 -11.428361892700195 -1.1480510234832764
    endloop
  endfacet
  facet normal -1 0 0
    outer loop
      vertex 14.299999237060547 -13.050000190734863 1.5519061946633883e-7
      vertex 14.299999237060547 -11.428361892700195 -1.1480510234832764
      vertex 14.299999237060547 -11.601923942565918 -1.4999998807907104
    endloop
  endfacet
  facet normal -1 0 0
    outer loop
      vertex 14.299999237060547 -11.225666999816895 -0.39157894253730774
      vertex 14.299999237060547 -11.699999809265137 0
      vertex 14.299999237060547 -11.200000762939453 0
    endloop
  endfacet
  facet normal -1 0 0
    outer loop
      vertex 14.299999237060547 -13.050000190734863 1.5519061946633883e-7
      vertex 14.299999237060547 -11.601923942565918 -1.4999998807907104
      vertex 14.299999237060547 -11.819939613342285 -1.826283574104309
    endloop
  endfacet
  facet normal -1 0 0
    outer loop
      vertex 14.299999237060547 -11.428361892700195 -1.1480510234832764
      vertex 14.299999237060547 -13.050000190734863 1.5519061946633883e-7
      vertex 14.299999237060547 -11.699999809265137 0
    endloop
  endfacet
  facet normal -1 0 0
    outer loop
      vertex 14.299999237060547 -13.059839248657227 0.15010477602481842
      vertex 14.299999237060547 -11.699999809265137 0
      vertex 14.299999237060547 -13.050000190734863 1.5519061946633883e-7
    endloop
  endfacet
  facet normal -1 0 0
    outer loop
      vertex 14.299999237060547 -13.050000190734863 1.5519061946633883e-7
      vertex 14.299999237060547 -11.819939613342285 -1.826283574104309
      vertex 14.299999237060547 -12.078680038452148 -2.1213200092315674
    endloop
  endfacet
  facet normal -1 0 0
    outer loop
      vertex 14.299999237060547 -13.08918571472168 0.2976418435573578
      vertex 14.299999237060547 -11.699999809265137 0
      vertex 14.299999237060547 -13.059839248657227 0.15010477602481842
    endloop
  endfacet
  facet normal -1 0 0
    outer loop
      vertex 14.299999237060547 -13.050000190734863 1.5519061946633883e-7
      vertex 14.299999237060547 -12.078680038452148 -2.1213200092315674
      vertex 14.299999237060547 -12.373716354370117 -2.380058765411377
    endloop
  endfacet
  facet normal -1 0 0
    outer loop
      vertex 14.299999237060547 -13.137539863586426 0.4400855004787445
      vertex 14.299999237060547 -11.699999809265137 0
      vertex 14.299999237060547 -13.08918571472168 0.2976418435573578
    endloop
  endfacet
  facet normal -1 0 0
    outer loop
      vertex 14.299999237060547 -11.699999809265137 0
      vertex 14.299999237060547 -13.137539863586426 0.4400855004787445
      vertex 14.299999237060547 -11.699999809265137 1.6467801332473755
    endloop
  endfacet
  facet normal -1 0 0
    outer loop
      vertex 14.299999237060547 -13.050000190734863 1.5519061946633883e-7
      vertex 14.299999237060547 -12.373716354370117 -2.380058765411377
      vertex 14.299999237060547 -12.700000762939453 -2.5980758666992188
    endloop
  endfacet
  facet normal -1 0 0
    outer loop
      vertex 14.299999237060547 -13.204071044921875 0.5749998092651367
      vertex 14.299999237060547 -11.699999809265137 1.6467801332473755
      vertex 14.299999237060547 -13.137539863586426 0.4400855004787445
    endloop
  endfacet
  facet normal -1 0 0
    outer loop
      vertex 14.299999237060547 -13.287644386291504 0.7000755071640015
      vertex 14.299999237060547 -11.699999809265137 1.6467801332473755
      vertex 14.299999237060547 -13.204071044921875 0.5749998092651367
    endloop
  endfacet
  facet normal -1 0 0
    outer loop
      vertex 14.299999237060547 -11.699999809265137 1.6467801332473755
      vertex 14.299999237060547 -13.287644386291504 0.7000755071640015
      vertex 14.299999237060547 -11.819940567016602 1.8262838125228882
    endloop
  endfacet
  facet normal -1 0 0
    outer loop
      vertex 14.299999237060547 -11.819940567016602 1.8262838125228882
      vertex 14.299999237060547 -13.287644386291504 0.7000755071640015
      vertex 14.299999237060547 -12.078680992126465 2.1213197708129883
    endloop
  endfacet
  facet normal -1 0 0
    outer loop
      vertex 14.299999237060547 -13.38682746887207 0.813172459602356
      vertex 14.299999237060547 -12.078680992126465 2.1213197708129883
      vertex 14.299999237060547 -13.287644386291504 0.7000755071640015
    endloop
  endfacet
  facet normal -1 0 0
    outer loop
      vertex 14.299999237060547 -12.078680992126465 2.1213197708129883
      vertex 14.299999237060547 -13.38682746887207 0.813172459602356
      vertex 14.299999237060547 -12.373716354370117 2.380059242248535
    endloop
  endfacet
  facet normal -1 0 0
    outer loop
      vertex 14.299999237060547 -13.499924659729004 0.9123566746711731
      vertex 14.299999237060547 -12.373716354370117 2.380059242248535
      vertex 14.299999237060547 -13.38682746887207 0.813172459602356
    endloop
  endfacet
  facet normal -1 0 0
    outer loop
      vertex 14.299999237060547 -12.373716354370117 2.380059242248535
      vertex 14.299999237060547 -13.499924659729004 0.9123566746711731
      vertex 14.299999237060547 -12.699999809265137 2.598076343536377
    endloop
  endfacet
  facet normal -1 0 0
    outer loop
      vertex 14.299999237060547 -13.625 0.9959290027618408
      vertex 14.299999237060547 -12.699999809265137 2.598076343536377
      vertex 14.299999237060547 -13.499924659729004 0.9123566746711731
    endloop
  endfacet
  facet normal -1 0 0
    outer loop
      vertex 14.299999237060547 -12.699999809265137 2.598076343536377
      vertex 14.299999237060547 -13.625 0.9959290027618408
      vertex 14.299999237060547 -13.051950454711914 2.7716379165649414
    endloop
  endfacet
  facet normal -1 0 0
    outer loop
      vertex 14.299999237060547 -13.75991439819336 1.0624616146087646
      vertex 14.299999237060547 -13.051950454711914 2.7716379165649414
      vertex 14.299999237060547 -13.625 0.9959290027618408
    endloop
  endfacet
  facet normal -1 0 0
    outer loop
      vertex 14.299999237060547 -13.051950454711914 2.7716379165649414
      vertex 14.299999237060547 -13.75991439819336 1.0624616146087646
      vertex 14.299999237060547 -13.423543930053711 2.8977770805358887
    endloop
  endfacet
  facet normal -1 0 0
    outer loop
      vertex 14.299999237060547 -13.902358055114746 1.1108142137527466
      vertex 14.299999237060547 -13.423543930053711 2.8977770805358887
      vertex 14.299999237060547 -13.75991439819336 1.0624616146087646
    endloop
  endfacet
  facet normal -1 0 0
    outer loop
      vertex 14.299999237060547 -13.423543930053711 2.8977770805358887
      vertex 14.299999237060547 -13.902358055114746 1.1108142137527466
      vertex 14.299999237060547 -13.808422088623047 2.9743340015411377
    endloop
  endfacet
  facet normal -1 0 0
    outer loop
      vertex 14.299999237060547 -14.049895286560059 1.140161395072937
      vertex 14.299999237060547 -13.808422088623047 2.9743340015411377
      vertex 14.299999237060547 -13.902358055114746 1.1108142137527466
    endloop
  endfacet
  facet normal -1 0 0
    outer loop
      vertex 14.299999237060547 -14.199999809265137 1.1499996185302734
      vertex 14.299999237060547 -13.808422088623047 2.9743340015411377
      vertex 14.299999237060547 -14.049895286560059 1.140161395072937
    endloop
  endfacet
  facet normal -1 0 0
    outer loop
      vertex 14.299999237060547 -14.199999809265137 1.1499996185302734
      vertex 14.299999237060547 -14.200000762939453 2.999999761581421
      vertex 14.299999237060547 -13.808422088623047 2.9743340015411377
    endloop
  endfacet
  facet normal -1 0 0
    outer loop
      vertex 14.299999237060547 -14.350106239318848 1.140161156654358
      vertex 14.299999237060547 -14.200000762939453 2.999999761581421
      vertex 14.299999237060547 -14.199999809265137 1.1499996185302734
    endloop
  endfacet
  facet normal -1 0 0
    outer loop
      vertex 14.299999237060547 -14.59157943725586 2.9743340015411377
      vertex 14.299999237060547 -14.350106239318848 1.140161156654358
      vertex 14.299999237060547 -14.497642517089844 1.1108146905899048
    endloop
  endfacet
  facet normal -1 0 0
    outer loop
      vertex 14.299999237060547 -14.350106239318848 1.140161156654358
      vertex 14.299999237060547 -14.59157943725586 2.9743340015411377
      vertex 14.299999237060547 -14.200000762939453 2.999999761581421
    endloop
  endfacet
  facet normal -1 0 0
    outer loop
      vertex 14.299999237060547 -14.976457595825195 2.8977773189544678
      vertex 14.299999237060547 -14.497642517089844 1.1108146905899048
      vertex 14.299999237060547 -14.64008617401123 1.0624611377716064
    endloop
  endfacet
  facet normal -1 0 0
    outer loop
      vertex 14.299999237060547 -15.541672706604004 2.676154851913452
      vertex 14.299999237060547 -14.64008617401123 1.0624611377716064
      vertex 14.299999237060547 -14.77500057220459 0.9959294199943542
    endloop
  endfacet
  facet normal -1 0 0
    outer loop
      vertex 14.299999237060547 -15.541672706604004 2.676154851913452
      vertex 14.299999237060547 -14.77500057220459 0.9959294199943542
      vertex 14.299999237060547 -14.900076866149902 0.9123561382293701
    endloop
  endfacet
  facet normal -1 0 0
    outer loop
      vertex 14.299999237060547 -14.497642517089844 1.1108146905899048
      vertex 14.299999237060547 -14.976457595825195 2.8977773189544678
      vertex 14.299999237060547 -14.59157943725586 2.9743340015411377
    endloop
  endfacet
  facet normal -1 0 0
    outer loop
      vertex 14.299999237060547 -15.541672706604004 2.676154851913452
      vertex 14.299999237060547 -14.900076866149902 0.9123561382293701
      vertex 14.299999237060547 -15.01317310333252 0.8131729364395142
    endloop
  endfacet
  facet normal -1 0 0
    outer loop
      vertex 14.299999237060547 -15.541672706604004 2.676154851913452
      vertex 14.299999237060547 -15.01317310333252 0.8131729364395142
      vertex 14.299999237060547 -15.112357139587402 0.7000752091407776
    endloop
  endfacet
  facet normal -1 0 0
    outer loop
      vertex 14.299999237060547 -15.541672706604004 2.676154851913452
      vertex 14.299999237060547 -15.112357139587402 0.7000752091407776
      vertex 14.299999237060547 -15.195929527282715 0.5750004053115845
    endloop
  endfacet
  facet normal -1 0 0
    outer loop
      vertex 14.299999237060547 -15.541672706604004 2.676154851913452
      vertex 14.299999237060547 -15.195929527282715 0.5750004053115845
      vertex 14.299999237060547 -15.26246166229248 0.4400865137577057
    endloop
  endfacet
  facet normal -1 0 0
    outer loop
      vertex 14.299999237060547 -15.541672706604004 2.676154851913452
      vertex 14.299999237060547 -15.26246166229248 0.4400865137577057
      vertex 14.299999237060547 -15.31081485748291 0.2976422905921936
    endloop
  endfacet
  facet normal -1 0 0
    outer loop
      vertex 14.299999237060547 -15.541672706604004 2.676154851913452
      vertex 14.299999237060547 -15.31081485748291 0.2976422905921936
      vertex 14.299999237060547 -15.34016227722168 0.15010587871074677
    endloop
  endfacet
  facet normal -1 0 0
    outer loop
      vertex 14.299999237060547 -14.64008617401123 1.0624611377716064
      vertex 14.299999237060547 -15.348051071166992 2.7716381549835205
      vertex 14.299999237060547 -14.976457595825195 2.8977773189544678
    endloop
  endfacet
  facet normal -1 0 0
    outer loop
      vertex 14.299999237060547 -15.541672706604004 2.676154851913452
      vertex 14.299999237060547 -15.34016227722168 0.15010587871074677
      vertex 14.299999237060547 -15.350000381469727 5.123814048602071e-7
    endloop
  endfacet
  facet normal -1 0 0
    outer loop
      vertex 14.299999237060547 -14.64008617401123 1.0624611377716064
      vertex 14.299999237060547 -15.541672706604004 2.676154851913452
      vertex 14.299999237060547 -15.348051071166992 2.7716381549835205
    endloop
  endfacet
  facet normal 0 0.44228897611609774 -0.8968726005437863
    outer loop
      vertex 14.299999237060547 -13.051949501037598 -2.7716379165649414
      vertex 17.899999618530273 -12.700000762939453 -2.5980758666992188
      vertex 17.899999618530273 -13.051949501037598 -2.7716379165649414
    endloop
  endfacet
  facet normal 0 0.44228897611609774 -0.8968726005437863
    outer loop
      vertex 17.899999618530273 -12.700000762939453 -2.5980758666992188
      vertex 14.299999237060547 -13.051949501037598 -2.7716379165649414
      vertex 14.299999237060547 -12.700000762939453 -2.5980758666992188
    endloop
  endfacet
  facet normal 0 0.6593441605736844 -0.7518412584564533
    outer loop
      vertex 14.299999237060547 -12.373716354370117 -2.380058765411377
      vertex 17.899999618530273 -12.078680038452148 -2.1213200092315674
      vertex 17.899999618530273 -12.373716354370117 -2.380058765411377
    endloop
  endfacet
  facet normal 0 0.6593441605736844 -0.7518412584564533
    outer loop
      vertex 17.899999618530273 -12.078680038452148 -2.1213200092315674
      vertex 14.299999237060547 -12.373716354370117 -2.380058765411377
      vertex 14.299999237060547 -12.078680038452148 -2.1213200092315674
    endloop
  endfacet
  facet normal 0 -0.9469289146284791 0.32144304416261804
    outer loop
      vertex 14.299999237060547 -17.0977783203125 0.7764575481414795
      vertex 17.899999618530273 -16.971637725830078 1.148051142692566
      vertex 14.299999237060547 -16.971637725830078 1.148051142692566
    endloop
  endfacet
  facet normal 0 -0.9469289146284791 0.32144304416261804
    outer loop
      vertex 17.899999618530273 -16.971637725830078 1.148051142692566
      vertex 14.299999237060547 -17.0977783203125 0.7764575481414795
      vertex 17.899999618530273 -17.0977783203125 0.7764575481414795
    endloop
  endfacet
  facet normal 1 0 0
    outer loop
      vertex 17.899999618530273 -13.137539863586426 0.4400855004787445
      vertex 17.899999618530273 -11.699999809265137 0
      vertex 17.899999618530273 -11.699999809265137 1.6467801332473755
    endloop
  endfacet
  facet normal 1 0 0
    outer loop
      vertex 17.899999618530273 -13.287644386291504 0.7000755071640015
      vertex 17.899999618530273 -11.699999809265137 1.6467801332473755
      vertex 17.899999618530273 -11.819940567016602 1.8262838125228882
    endloop
  endfacet
  facet normal 1 0 0
    outer loop
      vertex 17.899999618530273 -13.059839248657227 -0.15010520815849304
      vertex 17.899999618530273 -11.699999809265137 0
      vertex 17.899999618530273 -13.050000190734863 1.5519061946633883e-7
    endloop
  endfacet
  facet normal 1 0 0
    outer loop
      vertex 17.899999618530273 -13.287644386291504 0.7000755071640015
      vertex 17.899999618530273 -11.819940567016602 1.8262838125228882
      vertex 17.899999618530273 -12.078680992126465 2.1213197708129883
    endloop
  endfacet
  facet normal 1 0 0
    outer loop
      vertex 17.899999618530273 -13.38682746887207 0.813172459602356
      vertex 17.899999618530273 -12.078680992126465 2.1213197708129883
      vertex 17.899999618530273 -12.373716354370117 2.380059242248535
    endloop
  endfacet
  facet normal 1 0 0
    outer loop
      vertex 17.899999618530273 -13.08918571472168 -0.2976416349411011
      vertex 17.899999618530273 -11.699999809265137 0
      vertex 17.899999618530273 -13.059839248657227 -0.15010520815849304
    endloop
  endfacet
  facet normal 1 0 0
    outer loop
      vertex 17.899999618530273 -13.499924659729004 0.9123566746711731
      vertex 17.899999618530273 -12.373716354370117 2.380059242248535
      vertex 17.899999618530273 -12.699999809265137 2.598076343536377
    endloop
  endfacet
  facet normal 1 0 0
    outer loop
      vertex 17.899999618530273 -13.13753890991211 -0.44008633494377136
      vertex 17.899999618530273 -11.699999809265137 0
      vertex 17.899999618530273 -13.08918571472168 -0.2976416349411011
    endloop
  endfacet
  facet normal 1 0 0
    outer loop
      vertex 17.899999618530273 -11.699999809265137 0
      vertex 17.899999618530273 -13.13753890991211 -0.44008633494377136
      vertex 17.899999618530273 -11.819939613342285 -1.826283574104309
    endloop
  endfacet
  facet normal 1 0 0
    outer loop
      vertex 17.899999618530273 -13.625 0.9959290027618408
      vertex 17.899999618530273 -12.699999809265137 2.598076343536377
      vertex 17.899999618530273 -13.051950454711914 2.7716379165649414
    endloop
  endfacet
  facet normal 1 0 0
    outer loop
      vertex 17.899999618530273 -11.699999809265137 0
      vertex 17.899999618530273 -13.059839248657227 0.15010477602481842
      vertex 17.899999618530273 -13.050000190734863 1.5519061946633883e-7
    endloop
  endfacet
  facet normal 1 0 0
    outer loop
      vertex 17.899999618530273 -11.699999809265137 0
      vertex 17.899999618530273 -13.08918571472168 0.2976418435573578
      vertex 17.899999618530273 -13.059839248657227 0.15010477602481842
    endloop
  endfacet
  facet normal 1 0 0
    outer loop
      vertex 17.899999618530273 -11.699999809265137 0
      vertex 17.899999618530273 -13.137539863586426 0.4400855004787445
      vertex 17.899999618530273 -13.08918571472168 0.2976418435573578
    endloop
  endfacet
  facet normal 1 0 0
    outer loop
      vertex 17.899999618530273 -11.699999809265137 1.6467801332473755
      vertex 17.899999618530273 -13.204071044921875 0.5749998092651367
      vertex 17.899999618530273 -13.137539863586426 0.4400855004787445
    endloop
  endfacet
  facet normal 1 0 0
    outer loop
      vertex 17.899999618530273 -11.699999809265137 1.6467801332473755
      vertex 17.899999618530273 -13.287644386291504 0.7000755071640015
      vertex 17.899999618530273 -13.204071044921875 0.5749998092651367
    endloop
  endfacet
  facet normal 1 0 0
    outer loop
      vertex 17.899999618530273 -12.078680992126465 2.1213197708129883
      vertex 17.899999618530273 -13.38682746887207 0.813172459602356
      vertex 17.899999618530273 -13.287644386291504 0.7000755071640015
    endloop
  endfacet
  facet normal 1 0 0
    outer loop
      vertex 17.899999618530273 -13.75991439819336 1.0624616146087646
      vertex 17.899999618530273 -13.051950454711914 2.7716379165649414
      vertex 17.899999618530273 -13.423543930053711 2.8977770805358887
    endloop
  endfacet
  facet normal 1 0 0
    outer loop
      vertex 17.899999618530273 -12.373716354370117 2.380059242248535
      vertex 17.899999618530273 -13.499924659729004 0.9123566746711731
      vertex 17.899999618530273 -13.38682746887207 0.813172459602356
    endloop
  endfacet
  facet normal 1 0 0
    outer loop
      vertex 17.899999618530273 -12.699999809265137 2.598076343536377
      vertex 17.899999618530273 -13.625 0.9959290027618408
      vertex 17.899999618530273 -13.499924659729004 0.9123566746711731
    endloop
  endfacet
  facet normal 1 0 0
    outer loop
      vertex 17.899999618530273 -13.051950454711914 2.7716379165649414
      vertex 17.899999618530273 -13.75991439819336 1.0624616146087646
      vertex 17.899999618530273 -13.625 0.9959290027618408
    endloop
  endfacet
  facet normal 1 0 0
    outer loop
      vertex 17.899999618530273 -13.902358055114746 1.1108142137527466
      vertex 17.899999618530273 -13.423543930053711 2.8977770805358887
      vertex 17.899999618530273 -13.808422088623047 2.9743340015411377
    endloop
  endfacet
  facet normal 1 0 0
    outer loop
      vertex 17.899999618530273 -13.423543930053711 2.8977770805358887
      vertex 17.899999618530273 -13.902358055114746 1.1108142137527466
      vertex 17.899999618530273 -13.75991439819336 1.0624616146087646
    endloop
  endfacet
  facet normal 1 0 0
    outer loop
      vertex 17.899999618530273 -13.808422088623047 2.9743340015411377
      vertex 17.899999618530273 -14.049895286560059 1.140161395072937
      vertex 17.899999618530273 -13.902358055114746 1.1108142137527466
    endloop
  endfacet
  facet normal 1 0 0
    outer loop
      vertex 17.899999618530273 -13.808422088623047 2.9743340015411377
      vertex 17.899999618530273 -14.199999809265137 1.1499996185302734
      vertex 17.899999618530273 -14.049895286560059 1.140161395072937
    endloop
  endfacet
  facet normal 1 0 0
    outer loop
      vertex 17.899999618530273 -14.200000762939453 2.999999761581421
      vertex 17.899999618530273 -14.199999809265137 1.1499996185302734
      vertex 17.899999618530273 -13.808422088623047 2.9743340015411377
    endloop
  endfacet
  facet normal 1 0 0
    outer loop
      vertex 17.899999618530273 -14.200000762939453 2.999999761581421
      vertex 17.899999618530273 -14.350106239318848 1.140161156654358
      vertex 17.899999618530273 -14.199999809265137 1.1499996185302734
    endloop
  endfacet
  facet normal 1 0 0
    outer loop
      vertex 17.899999618530273 -14.59157943725586 2.9743340015411377
      vertex 17.899999618530273 -14.350106239318848 1.140161156654358
      vertex 17.899999618530273 -14.200000762939453 2.999999761581421
    endloop
  endfacet
  facet normal 1 0 0
    outer loop
      vertex 17.899999618530273 -14.350106239318848 1.140161156654358
      vertex 17.899999618530273 -14.59157943725586 2.9743340015411377
      vertex 17.899999618530273 -14.497642517089844 1.1108146905899048
    endloop
  endfacet
  facet normal 1 0 0
    outer loop
      vertex 17.899999618530273 -14.976457595825195 2.8977773189544678
      vertex 17.899999618530273 -14.497642517089844 1.1108146905899048
      vertex 17.899999618530273 -14.59157943725586 2.9743340015411377
    endloop
  endfacet
  facet normal 1 0 0
    outer loop
      vertex 17.899999618530273 -14.497642517089844 1.1108146905899048
      vertex 17.899999618530273 -14.976457595825195 2.8977773189544678
      vertex 17.899999618530273 -14.64008617401123 1.0624611377716064
    endloop
  endfacet
  facet normal 1 0 0
    outer loop
      vertex 17.899999618530273 -15.348051071166992 2.7716381549835205
      vertex 17.899999618530273 -14.64008617401123 1.0624611377716064
      vertex 17.899999618530273 -14.976457595825195 2.8977773189544678
    endloop
  endfacet
  facet normal 1 0 0
    outer loop
      vertex 17.899999618530273 -15.541672706604004 2.676154851913452
      vertex 17.899999618530273 -14.64008617401123 1.0624611377716064
      vertex 17.899999618530273 -15.348051071166992 2.7716381549835205
    endloop
  endfacet
  facet normal 1 0 0
    outer loop
      vertex 17.899999618530273 -14.64008617401123 1.0624611377716064
      vertex 17.899999618530273 -15.541672706604004 2.676154851913452
      vertex 17.899999618530273 -14.77500057220459 0.9959294199943542
    endloop
  endfacet
  facet normal 1 0 0
    outer loop
      vertex 17.899999618530273 -14.77500057220459 0.9959294199943542
      vertex 17.899999618530273 -15.541672706604004 2.676154851913452
      vertex 17.899999618530273 -14.900076866149902 0.9123561382293701
    endloop
  endfacet
  facet normal 1 0 0
    outer loop
      vertex 17.899999618530273 -16.36506462097168 1.2500001192092896
      vertex 17.899999618530273 -14.900076866149902 0.9123561382293701
      vertex 17.899999618530273 -15.541672706604004 2.676154851913452
    endloop
  endfacet
  facet normal 1 0 0
    outer loop
      vertex 17.899999618530273 -14.900076866149902 0.9123561382293701
      vertex 17.899999618530273 -16.36506462097168 1.2500001192092896
      vertex 17.899999618530273 -15.01317310333252 0.8131729364395142
    endloop
  endfacet
  facet normal 1 0 0
    outer loop
      vertex 17.899999618530273 -15.01317310333252 0.8131729364395142
      vertex 17.899999618530273 -16.36506462097168 1.2500001192092896
      vertex 17.899999618530273 -15.112357139587402 0.7000752091407776
    endloop
  endfacet
  facet normal 1 0 0
    outer loop
      vertex 17.899999618530273 -15.112357139587402 0.7000752091407776
      vertex 17.899999618530273 -16.36506462097168 1.2500001192092896
      vertex 17.899999618530273 -15.195929527282715 0.5750004053115845
    endloop
  endfacet
  facet normal 1 0 0
    outer loop
      vertex 17.899999618530273 -15.195929527282715 0.5750004053115845
      vertex 17.899999618530273 -16.36506462097168 1.2500001192092896
      vertex 17.899999618530273 -15.26246166229248 0.4400865137577057
    endloop
  endfacet
  facet normal 1 0 0
    outer loop
      vertex 17.899999618530273 -15.26246166229248 0.4400865137577057
      vertex 17.899999618530273 -16.36506462097168 1.2500001192092896
      vertex 17.899999618530273 -15.31081485748291 0.2976422905921936
    endloop
  endfacet
  facet normal 1 0 0
    outer loop
      vertex 17.899999618530273 -15.31081485748291 0.2976422905921936
      vertex 17.899999618530273 -16.36506462097168 1.2500001192092896
      vertex 17.899999618530273 -15.34016227722168 0.15010587871074677
    endloop
  endfacet
  facet normal 1 0 0
    outer loop
      vertex 17.899999618530273 -11.699999809265137 0
      vertex 17.899999618530273 -11.225666999816895 -0.39157894253730774
      vertex 17.899999618530273 -11.200000762939453 0
    endloop
  endfacet
  facet normal 1 0 0
    outer loop
      vertex 17.899999618530273 -11.225666999816895 -0.39157894253730774
      vertex 17.899999618530273 -11.699999809265137 0
      vertex 17.899999618530273 -11.302223205566406 -0.7764573693275452
    endloop
  endfacet
  facet normal 1 0 0
    outer loop
      vertex 17.899999618530273 -11.302223205566406 -0.7764573693275452
      vertex 17.899999618530273 -11.699999809265137 0
      vertex 17.899999618530273 -11.428361892700195 -1.1480510234832764
    endloop
  endfacet
  facet normal 1 0 0
    outer loop
      vertex 17.899999618530273 -11.428361892700195 -1.1480510234832764
      vertex 17.899999618530273 -11.699999809265137 0
      vertex 17.899999618530273 -11.601923942565918 -1.4999998807907104
    endloop
  endfacet
  facet normal 1 0 0
    outer loop
      vertex 17.899999618530273 -11.601923942565918 -1.4999998807907104
      vertex 17.899999618530273 -11.699999809265137 0
      vertex 17.899999618530273 -11.819939613342285 -1.826283574104309
    endloop
  endfacet
  facet normal 1 0 0
    outer loop
      vertex 17.899999618530273 -13.204071044921875 -0.5749996900558472
      vertex 17.899999618530273 -11.819939613342285 -1.826283574104309
      vertex 17.899999618530273 -13.13753890991211 -0.44008633494377136
    endloop
  endfacet
  facet normal 1 0 0
    outer loop
      vertex 17.899999618530273 -13.287643432617188 -0.7000749707221985
      vertex 17.899999618530273 -11.819939613342285 -1.826283574104309
      vertex 17.899999618530273 -13.204071044921875 -0.5749996900558472
    endloop
  endfacet
  facet normal 1 0 0
    outer loop
      vertex 17.899999618530273 -11.819939613342285 -1.826283574104309
      vertex 17.899999618530273 -13.287643432617188 -0.7000749707221985
      vertex 17.899999618530273 -12.078680038452148 -2.1213200092315674
    endloop
  endfacet
  facet normal 1 0 0
    outer loop
      vertex 17.899999618530273 -13.38682746887207 -0.8131722807884216
      vertex 17.899999618530273 -12.078680038452148 -2.1213200092315674
      vertex 17.899999618530273 -13.287643432617188 -0.7000749707221985
    endloop
  endfacet
  facet normal 1 0 0
    outer loop
      vertex 17.899999618530273 -12.078680038452148 -2.1213200092315674
      vertex 17.899999618530273 -13.38682746887207 -0.8131722807884216
      vertex 17.899999618530273 -12.373716354370117 -2.380058765411377
    endloop
  endfacet
  facet normal 1 0 0
    outer loop
      vertex 17.899999618530273 -13.499924659729004 -0.9123554825782776
      vertex 17.899999618530273 -12.373716354370117 -2.380058765411377
      vertex 17.899999618530273 -13.38682746887207 -0.8131722807884216
    endloop
  endfacet
  facet normal 1 0 0
    outer loop
      vertex 17.899999618530273 -12.373716354370117 -2.380058765411377
      vertex 17.899999618530273 -13.499924659729004 -0.9123554825782776
      vertex 17.899999618530273 -12.700000762939453 -2.5980758666992188
    endloop
  endfacet
  facet normal 1 0 0
    outer loop
      vertex 17.899999618530273 -13.625 -0.9959287047386169
      vertex 17.899999618530273 -12.700000762939453 -2.5980758666992188
      vertex 17.899999618530273 -13.499924659729004 -0.9123554825782776
    endloop
  endfacet
  facet normal 1 0 0
    outer loop
      vertex 17.899999618530273 -12.700000762939453 -2.5980758666992188
      vertex 17.899999618530273 -13.625 -0.9959287047386169
      vertex 17.899999618530273 -13.051949501037598 -2.7716379165649414
    endloop
  endfacet
  facet normal 1 0 0
    outer loop
      vertex 17.899999618530273 -13.75991439819336 -1.0624608993530273
      vertex 17.899999618530273 -13.051949501037598 -2.7716379165649414
      vertex 17.899999618530273 -13.625 -0.9959287047386169
    endloop
  endfacet
  facet normal 1 0 0
    outer loop
      vertex 17.899999618530273 -13.051949501037598 -2.7716379165649414
      vertex 17.899999618530273 -13.75991439819336 -1.0624608993530273
      vertex 17.899999618530273 -13.423542976379395 -2.8977766036987305
    endloop
  endfacet
  facet normal 1 0 0
    outer loop
      vertex 17.899999618530273 -13.902358055114746 -1.1108139753341675
      vertex 17.899999618530273 -13.423542976379395 -2.8977766036987305
      vertex 17.899999618530273 -13.75991439819336 -1.0624608993530273
    endloop
  endfacet
  facet normal 1 0 0
    outer loop
      vertex 17.899999618530273 -13.423542976379395 -2.8977766036987305
      vertex 17.899999618530273 -13.902358055114746 -1.1108139753341675
      vertex 17.899999618530273 -13.80842113494873 -2.9743337631225586
    endloop
  endfacet
  facet normal 1 0 0
    outer loop
      vertex 17.899999618530273 -14.049895286560059 -1.1401604413986206
      vertex 17.899999618530273 -13.80842113494873 -2.9743337631225586
      vertex 17.899999618530273 -13.902358055114746 -1.1108139753341675
    endloop
  endfacet
  facet normal 1 0 0
    outer loop
      vertex 17.899999618530273 -14.199999809265137 -1.1499993801116943
      vertex 17.899999618530273 -13.80842113494873 -2.9743337631225586
      vertex 17.899999618530273 -14.049895286560059 -1.1401604413986206
    endloop
  endfacet
  facet normal 1 0 0
    outer loop
      vertex 17.899999618530273 -14.199999809265137 -1.1499993801116943
      vertex 17.899999618530273 -14.199999809265137 -2.999999523162842
      vertex 17.899999618530273 -13.80842113494873 -2.9743337631225586
    endloop
  endfacet
  facet normal 1 0 0
    outer loop
      vertex 17.899999618530273 -14.350105285644531 -1.1401607990264893
      vertex 17.899999618530273 -14.199999809265137 -2.999999523162842
      vertex 17.899999618530273 -14.199999809265137 -1.1499993801116943
    endloop
  endfacet
  facet normal 1 0 0
    outer loop
      vertex 17.899999618530273 -14.591578483581543 -2.9743340015411377
      vertex 17.899999618530273 -14.350105285644531 -1.1401607990264893
      vertex 17.899999618530273 -14.497641563415527 -1.1108139753341675
    endloop
  endfacet
  facet normal 1 0 0
    outer loop
      vertex 17.899999618530273 -14.350105285644531 -1.1401607990264893
      vertex 17.899999618530273 -14.591578483581543 -2.9743340015411377
      vertex 17.899999618530273 -14.199999809265137 -2.999999523162842
    endloop
  endfacet
  facet normal 1 0 0
    outer loop
      vertex 17.899999618530273 -14.976457595825195 -2.8977763652801514
      vertex 17.899999618530273 -14.497641563415527 -1.1108139753341675
      vertex 17.899999618530273 -14.64008617401123 -1.062461018562317
    endloop
  endfacet
  facet normal 1 0 0
    outer loop
      vertex 17.899999618530273 -15.348050117492676 -2.7716379165649414
      vertex 17.899999618530273 -14.64008617401123 -1.062461018562317
      vertex 17.899999618530273 -14.774999618530273 -0.9959287643432617
    endloop
  endfacet
  facet normal 1 0 0
    outer loop
      vertex 17.899999618530273 -15.699999809265137 -2.598076105117798
      vertex 17.899999618530273 -14.774999618530273 -0.9959287643432617
      vertex 17.899999618530273 -14.900075912475586 -0.9123560190200806
    endloop
  endfacet
  facet normal 1 0 0
    outer loop
      vertex 17.899999618530273 -14.497641563415527 -1.1108139753341675
      vertex 17.899999618530273 -14.976457595825195 -2.8977763652801514
      vertex 17.899999618530273 -14.591578483581543 -2.9743340015411377
    endloop
  endfacet
  facet normal 1 0 0
    outer loop
      vertex 17.899999618530273 -16.026283264160156 -2.380059242248535
      vertex 17.899999618530273 -14.900075912475586 -0.9123560190200806
      vertex 17.899999618530273 -15.013172149658203 -0.8131722807884216
    endloop
  endfacet
  facet normal 1 0 0
    outer loop
      vertex 17.899999618530273 -16.321321487426758 -2.121319055557251
      vertex 17.899999618530273 -15.013172149658203 -0.8131722807884216
      vertex 17.899999618530273 -15.112356185913086 -0.7000748515129089
    endloop
  endfacet
  facet normal 1 0 0
    outer loop
      vertex 17.899999618530273 -16.580059051513672 -1.826283574104309
      vertex 17.899999618530273 -15.112356185913086 -0.7000748515129089
      vertex 17.899999618530273 -15.195928573608398 -0.5749996304512024
    endloop
  endfacet
  facet normal 1 0 0
    outer loop
      vertex 17.899999618530273 -16.798076629638672 -1.4999996423721313
      vertex 17.899999618530273 -15.195928573608398 -0.5749996304512024
      vertex 17.899999618530273 -15.26246166229248 -0.4400848150253296
    endloop
  endfacet
  facet normal 1 0 0
    outer loop
      vertex 17.899999618530273 -16.971637725830078 -1.1480494737625122
      vertex 17.899999618530273 -15.26246166229248 -0.4400848150253296
      vertex 17.899999618530273 -15.31081485748291 -0.29764115810394287
    endloop
  endfacet
  facet normal 1 0 0
    outer loop
      vertex 17.899999618530273 -17.0977783203125 -0.776456356048584
      vertex 17.899999618530273 -15.31081485748291 -0.29764115810394287
      vertex 17.899999618530273 -15.340161323547363 -0.1501045823097229
    endloop
  endfacet
  facet normal 1 0 0
    outer loop
      vertex 17.899999618530273 -14.64008617401123 -1.062461018562317
      vertex 17.899999618530273 -15.348050117492676 -2.7716379165649414
      vertex 17.899999618530273 -14.976457595825195 -2.8977763652801514
    endloop
  endfacet
  facet normal 1 0 0
    outer loop
      vertex 17.899999618530273 -17.174333572387695 -0.39157766103744507
      vertex 17.899999618530273 -15.340161323547363 -0.1501045823097229
      vertex 17.899999618530273 -15.350000381469727 5.123814048602071e-7
    endloop
  endfacet
  facet normal 1 0 0
    outer loop
      vertex 17.899999618530273 -17.174333572387695 0.39157962799072266
      vertex 17.899999618530273 -15.34016227722168 0.15010587871074677
      vertex 17.899999618530273 -16.36506462097168 1.2500001192092896
    endloop
  endfacet
  facet normal 1 0 0
    outer loop
      vertex 17.899999618530273 -15.34016227722168 0.15010587871074677
      vertex 17.899999618530273 -17.174333572387695 0.39157962799072266
      vertex 17.899999618530273 -15.350000381469727 5.123814048602071e-7
    endloop
  endfacet
  facet normal 1 0 0
    outer loop
      vertex 17.899999618530273 -14.774999618530273 -0.9959287643432617
      vertex 17.899999618530273 -15.699999809265137 -2.598076105117798
      vertex 17.899999618530273 -15.348050117492676 -2.7716379165649414
    endloop
  endfacet
  facet normal 1 0 0
    outer loop
      vertex 17.899999618530273 -14.900075912475586 -0.9123560190200806
      vertex 17.899999618530273 -16.026283264160156 -2.380059242248535
      vertex 17.899999618530273 -15.699999809265137 -2.598076105117798
    endloop
  endfacet
  facet normal 1 0 0
    outer loop
      vertex 17.899999618530273 -15.013172149658203 -0.8131722807884216
      vertex 17.899999618530273 -16.321321487426758 -2.121319055557251
      vertex 17.899999618530273 -16.026283264160156 -2.380059242248535
    endloop
  endfacet
  facet normal 1 0 0
    outer loop
      vertex 17.899999618530273 -15.112356185913086 -0.7000748515129089
      vertex 17.899999618530273 -16.580059051513672 -1.826283574104309
      vertex 17.899999618530273 -16.321321487426758 -2.121319055557251
    endloop
  endfacet
  facet normal 1 0 0
    outer loop
      vertex 17.899999618530273 -16.971637725830078 1.148051142692566
      vertex 17.899999618530273 -16.36506462097168 1.2500001192092896
      vertex 17.899999618530273 -16.798076629638672 1.5000001192092896
    endloop
  endfacet
  facet normal 1 0 0
    outer loop
      vertex 17.899999618530273 -15.195928573608398 -0.5749996304512024
      vertex 17.899999618530273 -16.798076629638672 -1.4999996423721313
      vertex 17.899999618530273 -16.580059051513672 -1.826283574104309
    endloop
  endfacet
  facet normal 1 0 0
    outer loop
      vertex 17.899999618530273 -17.0977783203125 0.7764575481414795
      vertex 17.899999618530273 -16.36506462097168 1.2500001192092896
      vertex 17.899999618530273 -16.971637725830078 1.148051142692566
    endloop
  endfacet
  facet normal 1 0 0
    outer loop
      vertex 17.899999618530273 -15.26246166229248 -0.4400848150253296
      vertex 17.899999618530273 -16.971637725830078 -1.1480494737625122
      vertex 17.899999618530273 -16.798076629638672 -1.4999996423721313
    endloop
  endfacet
  facet normal 1 0 0
    outer loop
      vertex 17.899999618530273 -17.174333572387695 0.39157962799072266
      vertex 17.899999618530273 -16.36506462097168 1.2500001192092896
      vertex 17.899999618530273 -17.0977783203125 0.7764575481414795
    endloop
  endfacet
  facet normal 1 0 0
    outer loop
      vertex 17.899999618530273 -15.31081485748291 -0.29764115810394287
      vertex 17.899999618530273 -17.0977783203125 -0.776456356048584
      vertex 17.899999618530273 -16.971637725830078 -1.1480494737625122
    endloop
  endfacet
  facet normal 1 0 0
    outer loop
      vertex 17.899999618530273 -15.350000381469727 5.123814048602071e-7
      vertex 17.899999618530273 -17.174333572387695 0.39157962799072266
      vertex 17.899999618530273 -17.200000762939453 3.9987753552850336e-7
    endloop
  endfacet
  facet normal 1 0 0
    outer loop
      vertex 17.899999618530273 -15.340161323547363 -0.1501045823097229
      vertex 17.899999618530273 -17.174333572387695 -0.39157766103744507
      vertex 17.899999618530273 -17.0977783203125 -0.776456356048584
    endloop
  endfacet
  facet normal 1 0 0
    outer loop
      vertex 17.899999618530273 -15.350000381469727 5.123814048602071e-7
      vertex 17.899999618530273 -17.200000762939453 3.9987753552850336e-7
      vertex 17.899999618530273 -17.174333572387695 -0.39157766103744507
    endloop
  endfacet
  facet normal 0 -0.06540398626374683 0.9978588670652837
    outer loop
      vertex 14.299999237060547 -14.200000762939453 2.999999761581421
      vertex 17.899999618530273 -14.59157943725586 2.9743340015411377
      vertex 17.899999618530273 -14.200000762939453 2.999999761581421
    endloop
  endfacet
  facet normal 0 -0.06540398626374683 0.9978588670652837
    outer loop
      vertex 17.899999618530273 -14.59157943725586 2.9743340015411377
      vertex 14.299999237060547 -14.200000762939453 2.999999761581421
      vertex 14.299999237060547 -14.59157943725586 2.9743340015411377
    endloop
  endfacet
  facet normal 0 0.8968726599693754 -0.442288855613
    outer loop
      vertex 17.899999618530273 -11.601923942565918 -1.4999998807907104
      vertex 14.299999237060547 -11.428361892700195 -1.1480510234832764
      vertex 17.899999618530273 -11.428361892700195 -1.1480510234832764
    endloop
  endfacet
  facet normal 0 0.8968726599693754 -0.442288855613
    outer loop
      vertex 14.299999237060547 -11.428361892700195 -1.1480510234832764
      vertex 17.899999618530273 -11.601923942565918 -1.4999998807907104
      vertex 14.299999237060547 -11.601923942565918 -1.4999998807907104
    endloop
  endfacet
  facet normal 0 0.1950906498792374 -0.9807852151871463
    outer loop
      vertex 14.299999237060547 -13.80842113494873 -2.9743337631225586
      vertex 17.899999618530273 -13.423542976379395 -2.8977766036987305
      vertex 17.899999618530273 -13.80842113494873 -2.9743337631225586
    endloop
  endfacet
  facet normal 0 0.1950906498792374 -0.9807852151871463
    outer loop
      vertex 17.899999618530273 -13.423542976379395 -2.8977766036987305
      vertex 14.299999237060547 -13.80842113494873 -2.9743337631225586
      vertex 14.299999237060547 -13.423542976379395 -2.8977766036987305
    endloop
  endfacet
  facet normal 0 0.751838753989349 0.6593470163728227
    outer loop
      vertex 17.899999618530273 -11.819940567016602 1.8262838125228882
      vertex 14.299999237060547 -12.078680992126465 2.1213197708129883
      vertex 17.899999618530273 -12.078680992126465 2.1213197708129883
    endloop
  endfacet
  facet normal 0 0.751838753989349 0.6593470163728227
    outer loop
      vertex 14.299999237060547 -12.078680992126465 2.1213197708129883
      vertex 17.899999618530273 -11.819940567016602 1.8262838125228882
      vertex 14.299999237060547 -11.819940567016602 1.8262838125228882
    endloop
  endfacet
  facet normal 1 0 0
    outer loop
      vertex 22 -39.15492630004883 14.17679500579834
      vertex 22 -35.13005828857422 15.548075675964355
      vertex 22 -38.767364501953125 17.648075103759766
    endloop
  endfacet
  facet normal 1 0 0
    outer loop
      vertex 22 -36.63005828857422 12.949999809265137
      vertex 22 -36.47024917602539 12.626794815063477
      vertex 22 -36.3702507019043 12.800000190734863
    endloop
  endfacet
  facet normal 1 0 0
    outer loop
      vertex 22 -36.63005828857422 12.949999809265137
      vertex 22 -39.15492630004883 14.17679500579834
      vertex 22 -36.47024917602539 12.626794815063477
    endloop
  endfacet
  facet normal 1 0 0
    outer loop
      vertex 22 -35.13005828857422 15.548075675964355
      vertex 22 -39.15492630004883 14.17679500579834
      vertex 22 -36.63005828857422 12.949999809265137
    endloop
  endfacet
  facet normal 1 0 0
    outer loop
      vertex 22 -38.767364501953125 17.648075103759766
      vertex 22 -40.1075553894043 14.726795196533203
      vertex 22 -39.15492630004883 14.17679500579834
    endloop
  endfacet
  facet normal 1 0 0
    outer loop
      vertex 22 -40.1075553894043 14.726795196533203
      vertex 22 -38.767364501953125 17.648075103759766
      vertex 22 -40.36736297607422 14.876794815063477
    endloop
  endfacet
  facet normal 1 0 0
    outer loop
      vertex 22 -45.73746109008789 5.275515079498291
      vertex 22 -46.53746032714844 3.8898749351501465
      vertex 22 -46.407554626464844 3.8148751258850098
    endloop
  endfacet
  facet normal 1 0 0
    outer loop
      vertex 22 -40.1075553894043 14.726795196533203
      vertex 22 -44.65492630004883 4.650515079498291
      vertex 22 -39.15492630004883 14.17679500579834
    endloop
  endfacet
  facet normal 1 0 0
    outer loop
      vertex 22 -45.6075553894043 5.200515270233154
      vertex 22 -44.65492630004883 4.650515079498291
      vertex 22 -40.1075553894043 14.726795196533203
    endloop
  endfacet
  facet normal 1 0 0
    outer loop
      vertex 22 -44.65492630004883 4.650515079498291
      vertex 22 -45.6075553894043 5.200515270233154
      vertex 22 -45.45492935180664 3.2648749351501465
    endloop
  endfacet
  facet normal 1 0 0
    outer loop
      vertex 22 -46.407554626464844 3.8148751258850098
      vertex 22 -45.45492935180664 3.2648749351501465
      vertex 22 -45.6075553894043 5.200515270233154
    endloop
  endfacet
  facet normal 1 0 0
    outer loop
      vertex 22 -46.407554626464844 3.8148751258850098
      vertex 22 -45.6075553894043 5.200515270233154
      vertex 22 -45.73746109008789 5.275515079498291
    endloop
  endfacet
  facet normal 1 0 0
    outer loop
      vertex 22 -45.45492935180664 3.2648749351501465
      vertex 22 -46.407554626464844 3.8148751258850098
      vertex 22 -45.554927825927734 3.0916693210601807
    endloop
  endfacet
  facet normal 1 0 0
    outer loop
      vertex 22 -45.554927825927734 3.0916693210601807
      vertex 22 -46.407554626464844 3.8148751258850098
      vertex 22 -46.5075569152832 3.641669511795044
    endloop
  endfacet
  facet normal 1 0 0
    outer loop
      vertex 22 -44.65492630004883 4.650515079498291
      vertex 22 -44.6322021484375 2.789875030517578
      vertex 22 -43.83220291137695 4.175515174865723
    endloop
  endfacet
  facet normal 1 0 0
    outer loop
      vertex 22 -44.6322021484375 2.789875030517578
      vertex 22 -44.65492630004883 4.650515079498291
      vertex 22 -45.45492935180664 3.2648749351501465
    endloop
  endfacet
  facet normal 0 -0.4999996792441113 -0.8660255889728581
    outer loop
      vertex 2 -46.5075569152832 3.641669511795044
      vertex 22 -45.554927825927734 3.0916693210601807
      vertex 22 -46.5075569152832 3.641669511795044
    endloop
  endfacet
  facet normal 0 -0.4999996792441113 -0.8660255889728581
    outer loop
      vertex 22 -45.554927825927734 3.0916693210601807
      vertex 2 -46.5075569152832 3.641669511795044
      vertex 2 -45.554927825927734 3.0916693210601807
    endloop
  endfacet
  facet normal -1 0 0
    outer loop
      vertex 2 -44.6322021484375 2.789875030517578
      vertex 2 -44.65492630004883 4.650515079498291
      vertex 2 -43.83220291137695 4.175515174865723
    endloop
  endfacet
  facet normal -1 0 0
    outer loop
      vertex 2 -44.65492630004883 4.650515079498291
      vertex 2 -44.6322021484375 2.789875030517578
      vertex 2 -45.45492935180664 3.2648749351501465
    endloop
  endfacet
  facet normal -1 0 0
    outer loop
      vertex 2 -44.65492630004883 4.650515079498291
      vertex 2 -40.1075553894043 14.726795196533203
      vertex 2 -39.15492630004883 14.17679500579834
    endloop
  endfacet
  facet normal -1 0 0
    outer loop
      vertex 2 -45.6075553894043 5.200515270233154
      vertex 2 -44.65492630004883 4.650515079498291
      vertex 2 -45.45492935180664 3.2648749351501465
    endloop
  endfacet
  facet normal -1 0 0
    outer loop
      vertex 2 -46.407554626464844 3.8148751258850098
      vertex 2 -45.45492935180664 3.2648749351501465
      vertex 2 -45.554927825927734 3.0916693210601807
    endloop
  endfacet
  facet normal -1 0 0
    outer loop
      vertex 2 -44.65492630004883 4.650515079498291
      vertex 2 -45.6075553894043 5.200515270233154
      vertex 2 -40.1075553894043 14.726795196533203
    endloop
  endfacet
  facet normal -1 0 0
    outer loop
      vertex 2 -45.45492935180664 3.2648749351501465
      vertex 2 -46.407554626464844 3.8148751258850098
      vertex 2 -45.6075553894043 5.200515270233154
    endloop
  endfacet
  facet normal -1 0 0
    outer loop
      vertex 2 -45.6075553894043 5.200515270233154
      vertex 2 -46.407554626464844 3.8148751258850098
      vertex 2 -45.73746109008789 5.275515079498291
    endloop
  endfacet
  facet normal -1 0 0
    outer loop
      vertex 2 -46.407554626464844 3.8148751258850098
      vertex 2 -45.554927825927734 3.0916693210601807
      vertex 2 -46.5075569152832 3.641669511795044
    endloop
  endfacet
  facet normal -1 0 0
    outer loop
      vertex 2 -36.47024917602539 12.626794815063477
      vertex 2 -36.63005828857422 12.949999809265137
      vertex 2 -36.3702507019043 12.800000190734863
    endloop
  endfacet
  facet normal -1 0 0
    outer loop
      vertex 2 -39.15492630004883 14.17679500579834
      vertex 2 -36.63005828857422 12.949999809265137
      vertex 2 -36.47024917602539 12.626794815063477
    endloop
  endfacet
  facet normal -1 0 0
    outer loop
      vertex 2 -35.13005828857422 15.548075675964355
      vertex 2 -39.15492630004883 14.17679500579834
      vertex 2 -38.767364501953125 17.648075103759766
    endloop
  endfacet
  facet normal -1 0 0
    outer loop
      vertex 2 -40.1075553894043 14.726795196533203
      vertex 2 -38.767364501953125 17.648075103759766
      vertex 2 -39.15492630004883 14.17679500579834
    endloop
  endfacet
  facet normal -1 0 0
    outer loop
      vertex 2 -38.767364501953125 17.648075103759766
      vertex 2 -40.1075553894043 14.726795196533203
      vertex 2 -40.36736297607422 14.876794815063477
    endloop
  endfacet
  facet normal -1 0 0
    outer loop
      vertex 2 -39.15492630004883 14.17679500579834
      vertex 2 -35.13005828857422 15.548075675964355
      vertex 2 -36.63005828857422 12.949999809265137
    endloop
  endfacet
  facet normal -1 0 0
    outer loop
      vertex 2 -45.73746109008789 5.275515079498291
      vertex 2 -46.407554626464844 3.8148751258850098
      vertex 2 -46.53746032714844 3.8898749351501465
    endloop
  endfacet
  facet normal 0 -0.8660211150162636 0.5000074282908084
    outer loop
      vertex 2 -46.5075569152832 3.641669511795044
      vertex 22 -46.407554626464844 3.8148751258850098
      vertex 2 -46.407554626464844 3.8148751258850098
    endloop
  endfacet
  facet normal 0 -0.8660211150162636 0.5000074282908084
    outer loop
      vertex 22 -46.407554626464844 3.8148751258850098
      vertex 2 -46.5075569152832 3.641669511795044
      vertex 22 -46.5075569152832 3.641669511795044
    endloop
  endfacet
  facet normal 0 -0.8660254147996932 0.49999998092101916
    outer loop
      vertex 2 -45.6075553894043 5.200515270233154
      vertex 22 -40.1075553894043 14.726795196533203
      vertex 2 -40.1075553894043 14.726795196533203
    endloop
  endfacet
  facet normal 0 -0.8660254147996932 0.49999998092101916
    outer loop
      vertex 22 -40.1075553894043 14.726795196533203
      vertex 2 -45.6075553894043 5.200515270233154
      vertex 22 -45.6075553894043 5.200515270233154
    endloop
  endfacet
  facet normal 0 0.8660293740541996 -0.49999312322800116
    outer loop
      vertex 22 -45.554927825927734 3.0916693210601807
      vertex 2 -45.45492935180664 3.2648749351501465
      vertex 22 -45.45492935180664 3.2648749351501465
    endloop
  endfacet
  facet normal 0 0.8660293740541996 -0.49999312322800116
    outer loop
      vertex 2 -45.45492935180664 3.2648749351501465
      vertex 22 -45.554927825927734 3.0916693210601807
      vertex 2 -45.554927825927734 3.0916693210601807
    endloop
  endfacet
  facet normal 0 0.8660254147996932 -0.49999998092101916
    outer loop
      vertex 22 -44.65492630004883 4.650515079498291
      vertex 2 -39.15492630004883 14.17679500579834
      vertex 22 -39.15492630004883 14.17679500579834
    endloop
  endfacet
  facet normal 0 0.8660254147996932 -0.49999998092101916
    outer loop
      vertex 2 -39.15492630004883 14.17679500579834
      vertex 22 -44.65492630004883 4.650515079498291
      vertex 2 -44.65492630004883 4.650515079498291
    endloop
  endfacet
  facet normal 0 -0.49999359008316246 -0.8660291045200216
    outer loop
      vertex 2 -46.53746032714844 3.8898749351501465
      vertex 22 -46.407554626464844 3.8148751258850098
      vertex 22 -46.53746032714844 3.8898749351501465
    endloop
  endfacet
  facet normal 0 -0.49999359008316246 -0.8660291045200216
    outer loop
      vertex 22 -46.407554626464844 3.8148751258850098
      vertex 2 -46.53746032714844 3.8898749351501465
      vertex 2 -46.407554626464844 3.8148751258850098
    endloop
  endfacet
  facet normal 0 -0.4999985255015647 -0.8660262550848336
    outer loop
      vertex 2 -45.45492935180664 3.2648749351501465
      vertex 22 -44.6322021484375 2.789875030517578
      vertex 22 -45.45492935180664 3.2648749351501465
    endloop
  endfacet
  facet normal 0 -0.4999985255015647 -0.8660262550848336
    outer loop
      vertex 22 -44.6322021484375 2.789875030517578
      vertex 2 -45.45492935180664 3.2648749351501465
      vertex 2 -44.6322021484375 2.789875030517578
    endloop
  endfacet
  facet normal 0 0.49999359008316246 0.8660291045200216
    outer loop
      vertex 2 -45.6075553894043 5.200515270233154
      vertex 22 -45.73746109008789 5.275515079498291
      vertex 22 -45.6075553894043 5.200515270233154
    endloop
  endfacet
  facet normal 0 0.49999359008316246 0.8660291045200216
    outer loop
      vertex 22 -45.73746109008789 5.275515079498291
      vertex 2 -45.6075553894043 5.200515270233154
      vertex 2 -45.73746109008789 5.275515079498291
    endloop
  endfacet
  facet normal 0 0.5000002642482696 0.8660252512205753
    outer loop
      vertex 2 -43.83220291137695 4.175515174865723
      vertex 22 -44.65492630004883 4.650515079498291
      vertex 22 -43.83220291137695 4.175515174865723
    endloop
  endfacet
  facet normal 0 0.5000002642482696 0.8660252512205753
    outer loop
      vertex 22 -44.65492630004883 4.650515079498291
      vertex 2 -43.83220291137695 4.175515174865723
      vertex 2 -44.65492630004883 4.650515079498291
    endloop
  endfacet
  facet normal 0 -0.8660255318693096 0.49999977815043
    outer loop
      vertex 2 -46.53746032714844 3.8898749351501465
      vertex 22 -45.73746109008789 5.275515079498291
      vertex 2 -45.73746109008789 5.275515079498291
    endloop
  endfacet
  facet normal 0 -0.8660255318693096 0.49999977815043
    outer loop
      vertex 22 -45.73746109008789 5.275515079498291
      vertex 2 -46.53746032714844 3.8898749351501465
      vertex 22 -46.53746032714844 3.8898749351501465
    endloop
  endfacet
  facet normal 0 0.8660255318693096 -0.49999977815043
    outer loop
      vertex 22 -44.6322021484375 2.789875030517578
      vertex 2 -43.83220291137695 4.175515174865723
      vertex 22 -43.83220291137695 4.175515174865723
    endloop
  endfacet
  facet normal 0 0.8660255318693096 -0.49999977815043
    outer loop
      vertex 2 -43.83220291137695 4.175515174865723
      vertex 22 -44.6322021484375 2.789875030517578
      vertex 2 -44.6322021484375 2.789875030517578
    endloop
  endfacet
  facet normal 0 -0.4999990960712805 -0.8660259256672991
    outer loop
      vertex 2 -40.36736297607422 14.876794815063477
      vertex 22 -40.1075553894043 14.726795196533203
      vertex 22 -40.36736297607422 14.876794815063477
    endloop
  endfacet
  facet normal 0 -0.4999990960712805 -0.8660259256672991
    outer loop
      vertex 22 -40.1075553894043 14.726795196533203
      vertex 2 -40.36736297607422 14.876794815063477
      vertex 2 -40.1075553894043 14.726795196533203
    endloop
  endfacet
  facet normal 0 -0.5000002735063898 -0.8660252458753934
    outer loop
      vertex 2 -39.15492630004883 14.17679500579834
      vertex 22 -36.47024917602539 12.626794815063477
      vertex 22 -39.15492630004883 14.17679500579834
    endloop
  endfacet
  facet normal 0 -0.5000002735063898 -0.8660252458753934
    outer loop
      vertex 22 -36.47024917602539 12.626794815063477
      vertex 2 -39.15492630004883 14.17679500579834
      vertex 2 -36.47024917602539 12.626794815063477
    endloop
  endfacet
  facet normal 0 0.49999994756713323 0.8660254340565664
    outer loop
      vertex 2 -35.13005828857422 15.548075675964355
      vertex 22 -38.767364501953125 17.648075103759766
      vertex 22 -35.13005828857422 15.548075675964355
    endloop
  endfacet
  facet normal 0 0.49999994756713323 0.8660254340565664
    outer loop
      vertex 22 -38.767364501953125 17.648075103759766
      vertex 2 -35.13005828857422 15.548075675964355
      vertex 2 -38.767364501953125 17.648075103759766
    endloop
  endfacet
  facet normal 0 -0.8660255318693096 0.49999977815043
    outer loop
      vertex 2 -40.36736297607422 14.876794815063477
      vertex 22 -38.767364501953125 17.648075103759766
      vertex 2 -38.767364501953125 17.648075103759766
    endloop
  endfacet
  facet normal 0 -0.8660255318693096 0.49999977815043
    outer loop
      vertex 22 -38.767364501953125 17.648075103759766
      vertex 2 -40.36736297607422 14.876794815063477
      vertex 22 -40.36736297607422 14.876794815063477
    endloop
  endfacet
  facet normal 0 0.8660290760382634 -0.49999363941585484
    outer loop
      vertex 22 -36.47024917602539 12.626794815063477
      vertex 2 -36.3702507019043 12.800000190734863
      vertex 22 -36.3702507019043 12.800000190734863
    endloop
  endfacet
  facet normal 0 0.8660290760382634 -0.49999363941585484
    outer loop
      vertex 2 -36.3702507019043 12.800000190734863
      vertex 22 -36.47024917602539 12.626794815063477
      vertex 2 -36.47024917602539 12.626794815063477
    endloop
  endfacet
  facet normal -1 0 0
    outer loop
      vertex 5.09999942779541 -16.435382843017578 10.528203010559082
      vertex 5.09999942779541 -19.033458709716797 12.028203010559082
      vertex 5.09999942779541 -18.383459091186523 13.154035568237305
    endloop
  endfacet
  facet normal -1 0 0
    outer loop
      vertex 5.09999942779541 -12.864996910095215 9.652294158935547
      vertex 5.09999942779541 -15.206771850585938 8.036824226379395
      vertex 5.09999942779541 -15.185383796691895 8.363140106201172
    endloop
  endfacet
  facet normal -1 0 0
    outer loop
      vertex 5.09999942779541 -14.878313064575195 6.165127277374268
      vertex 5.09999942779541 -15.27056884765625 7.716092109680176
      vertex 5.09999942779541 -15.206771850585938 8.036824226379395
    endloop
  endfacet
  facet normal -1 0 0
    outer loop
      vertex 5.09999942779541 -14.878313064575195 6.165127277374268
      vertex 5.09999942779541 -15.37568473815918 7.406430721282959
      vertex 5.09999942779541 -15.27056884765625 7.716092109680176
    endloop
  endfacet
  facet normal -1 0 0
    outer loop
      vertex 5.09999942779541 -14.878313064575195 6.165127277374268
      vertex 5.09999942779541 -15.520318984985352 7.113139629364014
      vertex 5.09999942779541 -15.37568473815918 7.406430721282959
    endloop
  endfacet
  facet normal -1 0 0
    outer loop
      vertex 5.09999942779541 -15.520318984985352 7.113139629364014
      vertex 5.09999942779541 -14.878313064575195 6.165127277374268
      vertex 5.09999942779541 -15.770318984985352 6.680127143859863
    endloop
  endfacet
  facet normal -1 0 0
    outer loop
      vertex 5.09999942779541 -15.270567893981934 9.010187149047852
      vertex 5.09999942779541 -12.865461349487305 9.654633522033691
      vertex 5.09999942779541 -12.864996910095215 9.652294158935547
    endloop
  endfacet
  facet normal -1 0 0
    outer loop
      vertex 5.09999942779541 -12.865461349487305 9.654633522033691
      vertex 5.09999942779541 -15.270567893981934 9.010187149047852
      vertex 5.09999942779541 -13.033647537231445 10.150091171264648
    endloop
  endfacet
  facet normal -1 0 0
    outer loop
      vertex 5.09999942779541 -13.033647537231445 10.150091171264648
      vertex 5.09999942779541 -15.37568473815918 9.31984806060791
      vertex 5.09999942779541 -13.265063285827637 10.61935806274414
    endloop
  endfacet
  facet normal -1 0 0
    outer loop
      vertex 5.09999942779541 -15.520319938659668 9.613139152526855
      vertex 5.09999942779541 -13.265063285827637 10.61935806274414
      vertex 5.09999942779541 -15.37568473815918 9.31984806060791
    endloop
  endfacet
  facet normal -1 0 0
    outer loop
      vertex 5.09999942779541 -15.702000617980957 9.885043144226074
      vertex 5.09999942779541 -13.555752754211426 11.054403305053711
      vertex 5.09999942779541 -15.520319938659668 9.613139152526855
    endloop
  endfacet
  facet normal -1 0 0
    outer loop
      vertex 5.09999942779541 -13.555752754211426 11.054403305053711
      vertex 5.09999942779541 -15.702000617980957 9.885043144226074
      vertex 5.09999942779541 -13.900738716125488 11.447784423828125
    endloop
  endfacet
  facet normal -1 0 0
    outer loop
      vertex 5.09999942779541 -15.206771850585938 8.036824226379395
      vertex 5.09999942779541 -12.864996910095215 9.652294158935547
      vertex 5.09999942779541 -14.878313064575195 6.165127277374268
    endloop
  endfacet
  facet normal -1 0 0
    outer loop
      vertex 5.09999942779541 -15.206770896911621 8.689455032348633
      vertex 5.09999942779541 -12.864996910095215 9.652294158935547
      vertex 5.09999942779541 -15.185383796691895 8.363140106201172
    endloop
  endfacet
  facet normal -1 0 0
    outer loop
      vertex 5.09999942779541 -15.270567893981934 9.010187149047852
      vertex 5.09999942779541 -12.864996910095215 9.652294158935547
      vertex 5.09999942779541 -15.206770896911621 8.689455032348633
    endloop
  endfacet
  facet normal -1 0 0
    outer loop
      vertex 5.09999942779541 -13.033647537231445 10.150091171264648
      vertex 5.09999942779541 -15.270567893981934 9.010187149047852
      vertex 5.09999942779541 -15.37568473815918 9.31984806060791
    endloop
  endfacet
  facet normal -1 0 0
    outer loop
      vertex 5.09999942779541 -13.265063285827637 10.61935806274414
      vertex 5.09999942779541 -15.520319938659668 9.613139152526855
      vertex 5.09999942779541 -13.555752754211426 11.054403305053711
    endloop
  endfacet
  facet normal -1 0 0
    outer loop
      vertex 5.09999942779541 -13.900738716125488 11.447784423828125
      vertex 5.09999942779541 -15.702000617980957 9.885043144226074
      vertex 5.09999942779541 -14.294119834899902 11.792771339416504
    endloop
  endfacet
  facet normal -1 0 0
    outer loop
      vertex 5.09999942779541 -15.917616844177246 10.130906105041504
      vertex 5.09999942779541 -14.294119834899902 11.792771339416504
      vertex 5.09999942779541 -15.702000617980957 9.885043144226074
    endloop
  endfacet
  facet normal -1 0 0
    outer loop
      vertex 5.09999942779541 -14.294119834899902 11.792771339416504
      vertex 5.09999942779541 -15.917616844177246 10.130906105041504
      vertex 5.09999942779541 -14.729165077209473 12.08345890045166
    endloop
  endfacet
  facet normal -1 0 0
    outer loop
      vertex 5.09999942779541 -16.163480758666992 10.34652328491211
      vertex 5.09999942779541 -14.729165077209473 12.08345890045166
      vertex 5.09999942779541 -15.917616844177246 10.130906105041504
    endloop
  endfacet
  facet normal -1 0 0
    outer loop
      vertex 5.09999942779541 -16.435382843017578 10.528203010559082
      vertex 5.09999942779541 -14.729165077209473 12.08345890045166
      vertex 5.09999942779541 -16.163480758666992 10.34652328491211
    endloop
  endfacet
  facet normal -1 0 0
    outer loop
      vertex 5.09999942779541 -18.383459091186523 13.154035568237305
      vertex 5.09999942779541 -14.729165077209473 12.08345890045166
      vertex 5.09999942779541 -16.435382843017578 10.528203010559082
    endloop
  endfacet
  facet normal -1 0 0
    outer loop
      vertex 5.09999942779541 -25.311662673950195 17.154035568237305
      vertex 5.09999942779541 -14.729165077209473 12.08345890045166
      vertex 5.09999942779541 -18.383459091186523 13.154035568237305
    endloop
  endfacet
  facet normal -1 0 0
    outer loop
      vertex 5.09999942779541 -25.311662673950195 17.154035568237305
      vertex 5.09999942779541 -28.065956115722656 19.783458709716797
      vertex 5.09999942779541 -14.729165077209473 12.08345890045166
    endloop
  endfacet
  facet normal -1 0 0
    outer loop
      vertex 5.09999942779541 -28.559738159179688 17.5282039642334
      vertex 5.09999942779541 -25.311662673950195 17.154035568237305
      vertex 5.09999942779541 -25.96166229248047 16.0282039642334
    endloop
  endfacet
  facet normal -1 0 0
    outer loop
      vertex 5.09999942779541 -25.311662673950195 17.154035568237305
      vertex 5.09999942779541 -28.559738159179688 17.5282039642334
      vertex 5.09999942779541 -28.065956115722656 19.783458709716797
    endloop
  endfacet
  facet normal -1 0 0
    outer loop
      vertex 5.09999942779541 -28.853029251098633 17.67283821105957
      vertex 5.09999942779541 -28.065956115722656 19.783458709716797
      vertex 5.09999942779541 -28.559738159179688 17.5282039642334
    endloop
  endfacet
  facet normal -1 0 0
    outer loop
      vertex 5.09999942779541 -29.162691116333008 17.7779541015625
      vertex 5.09999942779541 -28.065956115722656 19.783458709716797
      vertex 5.09999942779541 -28.853029251098633 17.67283821105957
    endloop
  endfacet
  facet normal -1 0 0
    outer loop
      vertex 5.09999942779541 -28.065956115722656 19.783458709716797
      vertex 5.09999942779541 -29.162691116333008 17.7779541015625
      vertex 5.09999942779541 -28.53522300720215 20.014875411987305
    endloop
  endfacet
  facet normal -1 0 0
    outer loop
      vertex 5.09999942779541 -29.483423233032227 17.841751098632812
      vertex 5.09999942779541 -28.53522300720215 20.014875411987305
      vertex 5.09999942779541 -29.162691116333008 17.7779541015625
    endloop
  endfacet
  facet normal -1 0 0
    outer loop
      vertex 5.09999942779541 -28.53522300720215 20.014875411987305
      vertex 5.09999942779541 -29.483423233032227 17.841751098632812
      vertex 5.09999942779541 -29.03067970275879 20.183059692382812
    endloop
  endfacet
  facet normal -1 0 0
    outer loop
      vertex 5.09999942779541 -29.483423233032227 17.841751098632812
      vertex 5.09999942779541 -29.543851852416992 20.28513526916504
      vertex 5.09999942779541 -29.03067970275879 20.183059692382812
    endloop
  endfacet
  facet normal -1 0 0
    outer loop
      vertex 5.09999942779541 -29.809738159179688 17.863140106201172
      vertex 5.09999942779541 -29.543851852416992 20.28513526916504
      vertex 5.09999942779541 -29.483423233032227 17.841751098632812
    endloop
  endfacet
  facet normal -1 0 0
    outer loop
      vertex 5.09999942779541 -29.809738159179688 17.863140106201172
      vertex 5.09999942779541 -30.065956115722656 20.31935691833496
      vertex 5.09999942779541 -29.543851852416992 20.28513526916504
    endloop
  endfacet
  facet normal -1 0 0
    outer loop
      vertex 5.09999942779541 -30.13605308532715 17.841751098632812
      vertex 5.09999942779541 -30.065956115722656 20.31935691833496
      vertex 5.09999942779541 -29.809738159179688 17.863140106201172
    endloop
  endfacet
  facet normal -1 0 0
    outer loop
      vertex 5.09999942779541 -30.58806037902832 20.285137176513672
      vertex 5.09999942779541 -30.13605308532715 17.841751098632812
      vertex 5.09999942779541 -30.456787109375 17.7779541015625
    endloop
  endfacet
  facet normal -1 0 0
    outer loop
      vertex 5.09999942779541 -30.13605308532715 17.841751098632812
      vertex 5.09999942779541 -30.58806037902832 20.285137176513672
      vertex 5.09999942779541 -30.065956115722656 20.31935691833496
    endloop
  endfacet
  facet normal -1 0 0
    outer loop
      vertex 5.09999942779541 -31.103490829467773 20.182294845581055
      vertex 5.09999942779541 -30.456787109375 17.7779541015625
      vertex 5.09999942779541 -30.766447067260742 17.67283821105957
    endloop
  endfacet
  facet normal -1 0 0
    outer loop
      vertex 5.09999942779541 -31.103490829467773 20.182294845581055
      vertex 5.09999942779541 -30.766447067260742 17.67283821105957
      vertex 5.09999942779541 -31.059738159179688 17.528202056884766
    endloop
  endfacet
  facet normal -1 0 0
    outer loop
      vertex 5.09999942779541 -30.456787109375 17.7779541015625
      vertex 5.09999942779541 -31.101232528686523 20.183061599731445
      vertex 5.09999942779541 -30.58806037902832 20.285137176513672
    endloop
  endfacet
  facet normal -1 0 0
    outer loop
      vertex 5.09999942779541 -30.456787109375 17.7779541015625
      vertex 5.09999942779541 -31.103490829467773 20.182294845581055
      vertex 5.09999942779541 -31.101232528686523 20.183061599731445
    endloop
  endfacet
  facet normal -1 0 0
    outer loop
      vertex 5.09999942779541 -31.331642150878906 17.346521377563477
      vertex 5.09999942779541 -31.103490829467773 20.182294845581055
      vertex 5.09999942779541 -31.059738159179688 17.528202056884766
    endloop
  endfacet
  facet normal -1 0 0
    outer loop
      vertex 5.09999942779541 -31.577505111694336 17.130905151367188
      vertex 5.09999942779541 -31.103490829467773 20.182294845581055
      vertex 5.09999942779541 -31.331642150878906 17.346521377563477
    endloop
  endfacet
  facet normal -1 0 0
    outer loop
      vertex 5.09999942779541 -33.1168098449707 16.695127487182617
      vertex 5.09999942779541 -31.577505111694336 17.130905151367188
      vertex 5.09999942779541 -31.793121337890625 16.885042190551758
    endloop
  endfacet
  facet normal -1 0 0
    outer loop
      vertex 5.09999942779541 -33.1168098449707 16.695127487182617
      vertex 5.09999942779541 -31.793121337890625 16.885042190551758
      vertex 5.09999942779541 -31.974802017211914 16.613140106201172
    endloop
  endfacet
  facet normal -1 0 0
    outer loop
      vertex 5.09999942779541 -33.1168098449707 16.695127487182617
      vertex 5.09999942779541 -31.974802017211914 16.613140106201172
      vertex 5.09999942779541 -32.22480392456055 16.180126190185547
    endloop
  endfacet
  facet normal -1 0 0
    outer loop
      vertex 5.09999942779541 -31.577505111694336 17.130905151367188
      vertex 5.09999942779541 -33.1168098449707 16.695127487182617
      vertex 5.09999942779541 -31.103490829467773 20.182294845581055
    endloop
  endfacet
  facet normal 0 0.5000010476177782 0.8660247989411876
    outer loop
      vertex 1.8999996185302734 -32.22480392456055 16.180126190185547
      vertex 5.09999942779541 -33.1168098449707 16.695127487182617
      vertex 5.09999942779541 -32.22480392456055 16.180126190185547
    endloop
  endfacet
  facet normal 0 0.5000010476177782 0.8660247989411876
    outer loop
      vertex 5.09999942779541 -33.1168098449707 16.695127487182617
      vertex 1.8999996185302734 -32.22480392456055 16.180126190185547
      vertex 1.8999996185302734 -33.1168098449707 16.695127487182617
    endloop
  endfacet
  facet normal 0 0.5000000059840202 0.866025400329563
    outer loop
      vertex 1.8999996185302734 -14.878313064575195 6.165127277374268
      vertex 5.09999942779541 -15.770318984985352 6.680127143859863
      vertex 5.09999942779541 -14.878313064575195 6.165127277374268
    endloop
  endfacet
  facet normal 0 0.5000000059840202 0.866025400329563
    outer loop
      vertex 5.09999942779541 -15.770318984985352 6.680127143859863
      vertex 1.8999996185302734 -14.878313064575195 6.165127277374268
      vertex 1.8999996185302734 -15.770318984985352 6.680127143859863
    endloop
  endfacet
  facet normal 1 0 0
    outer loop
      vertex 1.8999996185302734 -15.270567893981934 9.010187149047852
      vertex 1.8999996185302734 -12.865461349487305 9.654633522033691
      vertex 1.8999996185302734 -13.033647537231445 10.150091171264648
    endloop
  endfacet
  facet normal 1 0 0
    outer loop
      vertex 1.8999996185302734 -15.37568473815918 9.31984806060791
      vertex 1.8999996185302734 -13.033647537231445 10.150091171264648
      vertex 1.8999996185302734 -13.265063285827637 10.61935806274414
    endloop
  endfacet
  facet normal 1 0 0
    outer loop
      vertex 1.8999996185302734 -15.520319938659668 9.613139152526855
      vertex 1.8999996185302734 -13.265063285827637 10.61935806274414
      vertex 1.8999996185302734 -13.555752754211426 11.054403305053711
    endloop
  endfacet
  facet normal 1 0 0
    outer loop
      vertex 1.8999996185302734 -15.702000617980957 9.885043144226074
      vertex 1.8999996185302734 -13.555752754211426 11.054403305053711
      vertex 1.8999996185302734 -13.900738716125488 11.447784423828125
    endloop
  endfacet
  facet normal 1 0 0
    outer loop
      vertex 1.8999996185302734 -15.702000617980957 9.885043144226074
      vertex 1.8999996185302734 -13.900738716125488 11.447784423828125
      vertex 1.8999996185302734 -14.294119834899902 11.792771339416504
    endloop
  endfacet
  facet normal 1 0 0
    outer loop
      vertex 1.8999996185302734 -15.917616844177246 10.130906105041504
      vertex 1.8999996185302734 -14.294119834899902 11.792771339416504
      vertex 1.8999996185302734 -14.729165077209473 12.08345890045166
    endloop
  endfacet
  facet normal 1 0 0
    outer loop
      vertex 1.8999996185302734 -13.265063285827637 10.61935806274414
      vertex 1.8999996185302734 -15.520319938659668 9.613139152526855
      vertex 1.8999996185302734 -15.37568473815918 9.31984806060791
    endloop
  endfacet
  facet normal 1 0 0
    outer loop
      vertex 1.8999996185302734 -15.206771850585938 8.036824226379395
      vertex 1.8999996185302734 -12.864996910095215 9.652294158935547
      vertex 1.8999996185302734 -15.185383796691895 8.363140106201172
    endloop
  endfacet
  facet normal 1 0 0
    outer loop
      vertex 1.8999996185302734 -12.864996910095215 9.652294158935547
      vertex 1.8999996185302734 -15.206770896911621 8.689455032348633
      vertex 1.8999996185302734 -15.185383796691895 8.363140106201172
    endloop
  endfacet
  facet normal 1 0 0
    outer loop
      vertex 1.8999996185302734 -12.864996910095215 9.652294158935547
      vertex 1.8999996185302734 -15.270567893981934 9.010187149047852
      vertex 1.8999996185302734 -15.206770896911621 8.689455032348633
    endloop
  endfacet
  facet normal 1 0 0
    outer loop
      vertex 1.8999996185302734 -12.865461349487305 9.654633522033691
      vertex 1.8999996185302734 -15.270567893981934 9.010187149047852
      vertex 1.8999996185302734 -12.864996910095215 9.652294158935547
    endloop
  endfacet
  facet normal 1 0 0
    outer loop
      vertex 1.8999996185302734 -15.270567893981934 9.010187149047852
      vertex 1.8999996185302734 -13.033647537231445 10.150091171264648
      vertex 1.8999996185302734 -15.37568473815918 9.31984806060791
    endloop
  endfacet
  facet normal 1 0 0
    outer loop
      vertex 1.8999996185302734 -13.555752754211426 11.054403305053711
      vertex 1.8999996185302734 -15.702000617980957 9.885043144226074
      vertex 1.8999996185302734 -15.520319938659668 9.613139152526855
    endloop
  endfacet
  facet normal 1 0 0
    outer loop
      vertex 1.8999996185302734 -14.294119834899902 11.792771339416504
      vertex 1.8999996185302734 -15.917616844177246 10.130906105041504
      vertex 1.8999996185302734 -15.702000617980957 9.885043144226074
    endloop
  endfacet
  facet normal 1 0 0
    outer loop
      vertex 1.8999996185302734 -14.729165077209473 12.08345890045166
      vertex 1.8999996185302734 -16.163480758666992 10.34652328491211
      vertex 1.8999996185302734 -15.917616844177246 10.130906105041504
    endloop
  endfacet
  facet normal 1 0 0
    outer loop
      vertex 1.8999996185302734 -14.729165077209473 12.08345890045166
      vertex 1.8999996185302734 -16.435382843017578 10.528203010559082
      vertex 1.8999996185302734 -16.163480758666992 10.34652328491211
    endloop
  endfacet
  facet normal 1 0 0
    outer loop
      vertex 1.8999996185302734 -14.729165077209473 12.08345890045166
      vertex 1.8999996185302734 -20.94493293762207 14.517434120178223
      vertex 1.8999996185302734 -16.435382843017578 10.528203010559082
    endloop
  endfacet
  facet normal 1 0 0
    outer loop
      vertex 1.8999996185302734 -14.729165077209473 12.08345890045166
      vertex 1.8999996185302734 -22.850189208984375 15.617433547973633
      vertex 1.8999996185302734 -20.94493293762207 14.517434120178223
    endloop
  endfacet
  facet normal 1 0 0
    outer loop
      vertex 1.8999996185302734 -28.065956115722656 19.783458709716797
      vertex 1.8999996185302734 -22.850189208984375 15.617433547973633
      vertex 1.8999996185302734 -14.729165077209473 12.08345890045166
    endloop
  endfacet
  facet normal 1 0 0
    outer loop
      vertex 1.8999996185302734 -28.559738159179688 17.5282039642334
      vertex 1.8999996185302734 -22.850189208984375 15.617433547973633
      vertex 1.8999996185302734 -28.065956115722656 19.783458709716797
    endloop
  endfacet
  facet normal 1 0 0
    outer loop
      vertex 1.8999996185302734 -29.162691116333008 17.7779541015625
      vertex 1.8999996185302734 -28.065956115722656 19.783458709716797
      vertex 1.8999996185302734 -28.53522300720215 20.014875411987305
    endloop
  endfacet
  facet normal 1 0 0
    outer loop
      vertex 1.8999996185302734 -22.850189208984375 15.617433547973633
      vertex 1.8999996185302734 -28.559738159179688 17.5282039642334
      vertex 1.8999996185302734 -23.45018768310547 14.578203201293945
    endloop
  endfacet
  facet normal 1 0 0
    outer loop
      vertex 1.8999996185302734 -28.065956115722656 19.783458709716797
      vertex 1.8999996185302734 -28.853029251098633 17.67283821105957
      vertex 1.8999996185302734 -28.559738159179688 17.5282039642334
    endloop
  endfacet
  facet normal 1 0 0
    outer loop
      vertex 1.8999996185302734 -29.483423233032227 17.841751098632812
      vertex 1.8999996185302734 -28.53522300720215 20.014875411987305
      vertex 1.8999996185302734 -29.03067970275879 20.183059692382812
    endloop
  endfacet
  facet normal 1 0 0
    outer loop
      vertex 1.8999996185302734 -28.065956115722656 19.783458709716797
      vertex 1.8999996185302734 -29.162691116333008 17.7779541015625
      vertex 1.8999996185302734 -28.853029251098633 17.67283821105957
    endloop
  endfacet
  facet normal 1 0 0
    outer loop
      vertex 1.8999996185302734 -28.53522300720215 20.014875411987305
      vertex 1.8999996185302734 -29.483423233032227 17.841751098632812
      vertex 1.8999996185302734 -29.162691116333008 17.7779541015625
    endloop
  endfacet
  facet normal 1 0 0
    outer loop
      vertex 1.8999996185302734 -29.543851852416992 20.28513526916504
      vertex 1.8999996185302734 -29.483423233032227 17.841751098632812
      vertex 1.8999996185302734 -29.03067970275879 20.183059692382812
    endloop
  endfacet
  facet normal 1 0 0
    outer loop
      vertex 1.8999996185302734 -29.543851852416992 20.28513526916504
      vertex 1.8999996185302734 -29.809738159179688 17.863140106201172
      vertex 1.8999996185302734 -29.483423233032227 17.841751098632812
    endloop
  endfacet
  facet normal 1 0 0
    outer loop
      vertex 1.8999996185302734 -30.065956115722656 20.31935691833496
      vertex 1.8999996185302734 -29.809738159179688 17.863140106201172
      vertex 1.8999996185302734 -29.543851852416992 20.28513526916504
    endloop
  endfacet
  facet normal 1 0 0
    outer loop
      vertex 1.8999996185302734 -30.065956115722656 20.31935691833496
      vertex 1.8999996185302734 -30.13605308532715 17.841751098632812
      vertex 1.8999996185302734 -29.809738159179688 17.863140106201172
    endloop
  endfacet
  facet normal 1 0 0
    outer loop
      vertex 1.8999996185302734 -30.58806037902832 20.285137176513672
      vertex 1.8999996185302734 -30.13605308532715 17.841751098632812
      vertex 1.8999996185302734 -30.065956115722656 20.31935691833496
    endloop
  endfacet
  facet normal 1 0 0
    outer loop
      vertex 1.8999996185302734 -30.13605308532715 17.841751098632812
      vertex 1.8999996185302734 -30.58806037902832 20.285137176513672
      vertex 1.8999996185302734 -30.456787109375 17.7779541015625
    endloop
  endfacet
  facet normal 1 0 0
    outer loop
      vertex 1.8999996185302734 -31.101232528686523 20.183061599731445
      vertex 1.8999996185302734 -30.456787109375 17.7779541015625
      vertex 1.8999996185302734 -30.58806037902832 20.285137176513672
    endloop
  endfacet
  facet normal 1 0 0
    outer loop
      vertex 1.8999996185302734 -31.103490829467773 20.182294845581055
      vertex 1.8999996185302734 -30.456787109375 17.7779541015625
      vertex 1.8999996185302734 -31.101232528686523 20.183061599731445
    endloop
  endfacet
  facet normal 1 0 0
    outer loop
      vertex 1.8999996185302734 -30.456787109375 17.7779541015625
      vertex 1.8999996185302734 -31.103490829467773 20.182294845581055
      vertex 1.8999996185302734 -30.766447067260742 17.67283821105957
    endloop
  endfacet
  facet normal 1 0 0
    outer loop
      vertex 1.8999996185302734 -30.766447067260742 17.67283821105957
      vertex 1.8999996185302734 -31.103490829467773 20.182294845581055
      vertex 1.8999996185302734 -31.059738159179688 17.528202056884766
    endloop
  endfacet
  facet normal 1 0 0
    outer loop
      vertex 1.8999996185302734 -31.103490829467773 20.182294845581055
      vertex 1.8999996185302734 -31.331642150878906 17.346521377563477
      vertex 1.8999996185302734 -31.059738159179688 17.528202056884766
    endloop
  endfacet
  facet normal 1 0 0
    outer loop
      vertex 1.8999996185302734 -31.103490829467773 20.182294845581055
      vertex 1.8999996185302734 -31.577505111694336 17.130905151367188
      vertex 1.8999996185302734 -31.331642150878906 17.346521377563477
    endloop
  endfacet
  facet normal 1 0 0
    outer loop
      vertex 1.8999996185302734 -33.1168098449707 16.695127487182617
      vertex 1.8999996185302734 -31.577505111694336 17.130905151367188
      vertex 1.8999996185302734 -31.103490829467773 20.182294845581055
    endloop
  endfacet
  facet normal 1 0 0
    outer loop
      vertex 1.8999996185302734 -31.577505111694336 17.130905151367188
      vertex 1.8999996185302734 -33.1168098449707 16.695127487182617
      vertex 1.8999996185302734 -31.793121337890625 16.885042190551758
    endloop
  endfacet
  facet normal 1 0 0
    outer loop
      vertex 1.8999996185302734 -31.793121337890625 16.885042190551758
      vertex 1.8999996185302734 -33.1168098449707 16.695127487182617
      vertex 1.8999996185302734 -31.974802017211914 16.613140106201172
    endloop
  endfacet
  facet normal 1 0 0
    outer loop
      vertex 1.8999996185302734 -31.974802017211914 16.613140106201172
      vertex 1.8999996185302734 -33.1168098449707 16.695127487182617
      vertex 1.8999996185302734 -32.22480392456055 16.180126190185547
    endloop
  endfacet
  facet normal 1 0 0
    outer loop
      vertex 1.8999996185302734 -12.864996910095215 9.652294158935547
      vertex 1.8999996185302734 -15.206771850585938 8.036824226379395
      vertex 1.8999996185302734 -14.878313064575195 6.165127277374268
    endloop
  endfacet
  facet normal 1 0 0
    outer loop
      vertex 1.8999996185302734 -15.27056884765625 7.716092109680176
      vertex 1.8999996185302734 -14.878313064575195 6.165127277374268
      vertex 1.8999996185302734 -15.206771850585938 8.036824226379395
    endloop
  endfacet
  facet normal 1 0 0
    outer loop
      vertex 1.8999996185302734 -15.37568473815918 7.406430721282959
      vertex 1.8999996185302734 -14.878313064575195 6.165127277374268
      vertex 1.8999996185302734 -15.27056884765625 7.716092109680176
    endloop
  endfacet
  facet normal 1 0 0
    outer loop
      vertex 1.8999996185302734 -15.520318984985352 7.113139629364014
      vertex 1.8999996185302734 -14.878313064575195 6.165127277374268
      vertex 1.8999996185302734 -15.37568473815918 7.406430721282959
    endloop
  endfacet
  facet normal 1 0 0
    outer loop
      vertex 1.8999996185302734 -14.878313064575195 6.165127277374268
      vertex 1.8999996185302734 -15.520318984985352 7.113139629364014
      vertex 1.8999996185302734 -15.770318984985352 6.680127143859863
    endloop
  endfacet
  facet normal 1 0 0
    outer loop
      vertex 1.8999996185302734 -16.435382843017578 10.528203010559082
      vertex 1.8999996185302734 -20.94493293762207 14.517434120178223
      vertex 1.8999996185302734 -21.544933319091797 13.478203773498535
    endloop
  endfacet
  facet normal 0 0.8660251884496456 -0.5000003729706168
    outer loop
      vertex 5.09999942779541 -33.1168098449707 16.695127487182617
      vertex 1.8999996185302734 -31.103490829467773 20.182294845581055
      vertex 5.09999942779541 -31.103490829467773 20.182294845581055
    endloop
  endfacet
  facet normal 0 0.8660251884496456 -0.5000003729706168
    outer loop
      vertex 1.8999996185302734 -31.103490829467773 20.182294845581055
      vertex 5.09999942779541 -33.1168098449707 16.695127487182617
      vertex 1.8999996185302734 -33.1168098449707 16.695127487182617
    endloop
  endfacet
  facet normal 0 -0.8660254665107044 0.49999989135490497
    outer loop
      vertex 1.8999996185302734 -14.878313064575195 6.165127277374268
      vertex 5.09999942779541 -12.864996910095215 9.652294158935547
      vertex 1.8999996185302734 -12.864996910095215 9.652294158935547
    endloop
  endfacet
  facet normal 0 -0.8660254665107044 0.49999989135490497
    outer loop
      vertex 5.09999942779541 -12.864996910095215 9.652294158935547
      vertex 1.8999996185302734 -14.878313064575195 6.165127277374268
      vertex 5.09999942779541 -14.878313064575195 6.165127277374268
    endloop
  endfacet
  facet normal -1 0 0
    outer loop
      vertex 22.099998474121094 -12.864996910095215 9.652294158935547
      vertex 22.099998474121094 -15.206771850585938 8.036824226379395
      vertex 22.099998474121094 -15.185383796691895 8.363140106201172
    endloop
  endfacet
  facet normal -1 0 0
    outer loop
      vertex 22.099998474121094 -14.878313064575195 6.165127277374268
      vertex 22.099998474121094 -15.27056884765625 7.716092109680176
      vertex 22.099998474121094 -15.206771850585938 8.036824226379395
    endloop
  endfacet
  facet normal -1 0 0
    outer loop
      vertex 22.099998474121094 -14.878313064575195 6.165127277374268
      vertex 22.099998474121094 -15.37568473815918 7.406430721282959
      vertex 22.099998474121094 -15.27056884765625 7.716092109680176
    endloop
  endfacet
  facet normal -1 0 0
    outer loop
      vertex 22.099998474121094 -14.878313064575195 6.165127277374268
      vertex 22.099998474121094 -15.520318984985352 7.113139629364014
      vertex 22.099998474121094 -15.37568473815918 7.406430721282959
    endloop
  endfacet
  facet normal -1 0 0
    outer loop
      vertex 22.099998474121094 -15.520318984985352 7.113139629364014
      vertex 22.099998474121094 -14.878313064575195 6.165127277374268
      vertex 22.099998474121094 -15.770318984985352 6.680127143859863
    endloop
  endfacet
  facet normal -1 0 0
    outer loop
      vertex 22.099998474121094 -15.270567893981934 9.010187149047852
      vertex 22.099998474121094 -12.865461349487305 9.654633522033691
      vertex 22.099998474121094 -12.864996910095215 9.652294158935547
    endloop
  endfacet
  facet normal -1 0 0
    outer loop
      vertex 22.099998474121094 -12.865461349487305 9.654633522033691
      vertex 22.099998474121094 -15.270567893981934 9.010187149047852
      vertex 22.099998474121094 -13.033647537231445 10.150091171264648
    endloop
  endfacet
  facet normal -1 0 0
    outer loop
      vertex 22.099998474121094 -13.033647537231445 10.150091171264648
      vertex 22.099998474121094 -15.37568473815918 9.31984806060791
      vertex 22.099998474121094 -13.265063285827637 10.61935806274414
    endloop
  endfacet
  facet normal -1 0 0
    outer loop
      vertex 22.099998474121094 -15.520319938659668 9.613139152526855
      vertex 22.099998474121094 -13.265063285827637 10.61935806274414
      vertex 22.099998474121094 -15.37568473815918 9.31984806060791
    endloop
  endfacet
  facet normal -1 0 0
    outer loop
      vertex 22.099998474121094 -15.702000617980957 9.885043144226074
      vertex 22.099998474121094 -13.555752754211426 11.054403305053711
      vertex 22.099998474121094 -15.520319938659668 9.613139152526855
    endloop
  endfacet
  facet normal -1 0 0
    outer loop
      vertex 22.099998474121094 -13.555752754211426 11.054403305053711
      vertex 22.099998474121094 -15.702000617980957 9.885043144226074
      vertex 22.099998474121094 -13.900738716125488 11.447784423828125
    endloop
  endfacet
  facet normal -1 0 0
    outer loop
      vertex 22.099998474121094 -15.206771850585938 8.036824226379395
      vertex 22.099998474121094 -12.864996910095215 9.652294158935547
      vertex 22.099998474121094 -14.878313064575195 6.165127277374268
    endloop
  endfacet
  facet normal -1 0 0
    outer loop
      vertex 22.099998474121094 -15.206770896911621 8.689455032348633
      vertex 22.099998474121094 -12.864996910095215 9.652294158935547
      vertex 22.099998474121094 -15.185383796691895 8.363140106201172
    endloop
  endfacet
  facet normal -1 0 0
    outer loop
      vertex 22.099998474121094 -15.270567893981934 9.010187149047852
      vertex 22.099998474121094 -12.864996910095215 9.652294158935547
      vertex 22.099998474121094 -15.206770896911621 8.689455032348633
    endloop
  endfacet
  facet normal -1 0 0
    outer loop
      vertex 22.099998474121094 -13.033647537231445 10.150091171264648
      vertex 22.099998474121094 -15.270567893981934 9.010187149047852
      vertex 22.099998474121094 -15.37568473815918 9.31984806060791
    endloop
  endfacet
  facet normal -1 0 0
    outer loop
      vertex 22.099998474121094 -13.265063285827637 10.61935806274414
      vertex 22.099998474121094 -15.520319938659668 9.613139152526855
      vertex 22.099998474121094 -13.555752754211426 11.054403305053711
    endloop
  endfacet
  facet normal -1 0 0
    outer loop
      vertex 22.099998474121094 -13.900738716125488 11.447784423828125
      vertex 22.099998474121094 -15.702000617980957 9.885043144226074
      vertex 22.099998474121094 -14.294119834899902 11.792771339416504
    endloop
  endfacet
  facet normal -1 0 0
    outer loop
      vertex 22.099998474121094 -15.917616844177246 10.130906105041504
      vertex 22.099998474121094 -14.294119834899902 11.792771339416504
      vertex 22.099998474121094 -15.702000617980957 9.885043144226074
    endloop
  endfacet
  facet normal -1 0 0
    outer loop
      vertex 22.099998474121094 -14.294119834899902 11.792771339416504
      vertex 22.099998474121094 -15.917616844177246 10.130906105041504
      vertex 22.099998474121094 -14.729165077209473 12.08345890045166
    endloop
  endfacet
  facet normal -1 0 0
    outer loop
      vertex 22.099998474121094 -16.163480758666992 10.34652328491211
      vertex 22.099998474121094 -14.729165077209473 12.08345890045166
      vertex 22.099998474121094 -15.917616844177246 10.130906105041504
    endloop
  endfacet
  facet normal -1 0 0
    outer loop
      vertex 22.099998474121094 -16.435382843017578 10.528203010559082
      vertex 22.099998474121094 -14.729165077209473 12.08345890045166
      vertex 22.099998474121094 -16.163480758666992 10.34652328491211
    endloop
  endfacet
  facet normal -1 0 0
    outer loop
      vertex 22.099998474121094 -16.435382843017578 10.528203010559082
      vertex 22.099998474121094 -28.065956115722656 19.783458709716797
      vertex 22.099998474121094 -14.729165077209473 12.08345890045166
    endloop
  endfacet
  facet normal -1 0 0
    outer loop
      vertex 22.099998474121094 -28.559738159179688 17.5282039642334
      vertex 22.099998474121094 -28.065956115722656 19.783458709716797
      vertex 22.099998474121094 -16.435382843017578 10.528203010559082
    endloop
  endfacet
  facet normal -1 0 0
    outer loop
      vertex 22.099998474121094 -28.853029251098633 17.67283821105957
      vertex 22.099998474121094 -28.065956115722656 19.783458709716797
      vertex 22.099998474121094 -28.559738159179688 17.5282039642334
    endloop
  endfacet
  facet normal -1 0 0
    outer loop
      vertex 22.099998474121094 -29.162691116333008 17.7779541015625
      vertex 22.099998474121094 -28.065956115722656 19.783458709716797
      vertex 22.099998474121094 -28.853029251098633 17.67283821105957
    endloop
  endfacet
  facet normal -1 0 0
    outer loop
      vertex 22.099998474121094 -28.065956115722656 19.783458709716797
      vertex 22.099998474121094 -29.162691116333008 17.7779541015625
      vertex 22.099998474121094 -28.53522300720215 20.014875411987305
    endloop
  endfacet
  facet normal -1 0 0
    outer loop
      vertex 22.099998474121094 -29.483423233032227 17.841751098632812
      vertex 22.099998474121094 -28.53522300720215 20.014875411987305
      vertex 22.099998474121094 -29.162691116333008 17.7779541015625
    endloop
  endfacet
  facet normal -1 0 0
    outer loop
      vertex 22.099998474121094 -28.53522300720215 20.014875411987305
      vertex 22.099998474121094 -29.483423233032227 17.841751098632812
      vertex 22.099998474121094 -29.03067970275879 20.183059692382812
    endloop
  endfacet
  facet normal -1 0 0
    outer loop
      vertex 22.099998474121094 -29.483423233032227 17.841751098632812
      vertex 22.099998474121094 -29.543851852416992 20.28513526916504
      vertex 22.099998474121094 -29.03067970275879 20.183059692382812
    endloop
  endfacet
  facet normal -1 0 0
    outer loop
      vertex 22.099998474121094 -29.809738159179688 17.863140106201172
      vertex 22.099998474121094 -29.543851852416992 20.28513526916504
      vertex 22.099998474121094 -29.483423233032227 17.841751098632812
    endloop
  endfacet
  facet normal -1 0 0
    outer loop
      vertex 22.099998474121094 -29.809738159179688 17.863140106201172
      vertex 22.099998474121094 -30.065956115722656 20.31935691833496
      vertex 22.099998474121094 -29.543851852416992 20.28513526916504
    endloop
  endfacet
  facet normal -1 0 0
    outer loop
      vertex 22.099998474121094 -30.13605308532715 17.841751098632812
      vertex 22.099998474121094 -30.065956115722656 20.31935691833496
      vertex 22.099998474121094 -29.809738159179688 17.863140106201172
    endloop
  endfacet
  facet normal -1 0 0
    outer loop
      vertex 22.099998474121094 -30.58806037902832 20.285137176513672
      vertex 22.099998474121094 -30.13605308532715 17.841751098632812
      vertex 22.099998474121094 -30.456787109375 17.7779541015625
    endloop
  endfacet
  facet normal -1 0 0
    outer loop
      vertex 22.099998474121094 -30.13605308532715 17.841751098632812
      vertex 22.099998474121094 -30.58806037902832 20.285137176513672
      vertex 22.099998474121094 -30.065956115722656 20.31935691833496
    endloop
  endfacet
  facet normal -1 0 0
    outer loop
      vertex 22.099998474121094 -31.103490829467773 20.182294845581055
      vertex 22.099998474121094 -30.456787109375 17.7779541015625
      vertex 22.099998474121094 -30.766447067260742 17.67283821105957
    endloop
  endfacet
  facet normal -1 0 0
    outer loop
      vertex 22.099998474121094 -31.103490829467773 20.182294845581055
      vertex 22.099998474121094 -30.766447067260742 17.67283821105957
      vertex 22.099998474121094 -31.059738159179688 17.528202056884766
    endloop
  endfacet
  facet normal -1 0 0
    outer loop
      vertex 22.099998474121094 -30.456787109375 17.7779541015625
      vertex 22.099998474121094 -31.101232528686523 20.183061599731445
      vertex 22.099998474121094 -30.58806037902832 20.285137176513672
    endloop
  endfacet
  facet normal -1 0 0
    outer loop
      vertex 22.099998474121094 -30.456787109375 17.7779541015625
      vertex 22.099998474121094 -31.103490829467773 20.182294845581055
      vertex 22.099998474121094 -31.101232528686523 20.183061599731445
    endloop
  endfacet
  facet normal -1 0 0
    outer loop
      vertex 22.099998474121094 -31.331642150878906 17.346521377563477
      vertex 22.099998474121094 -31.103490829467773 20.182294845581055
      vertex 22.099998474121094 -31.059738159179688 17.528202056884766
    endloop
  endfacet
  facet normal -1 0 0
    outer loop
      vertex 22.099998474121094 -31.577505111694336 17.130905151367188
      vertex 22.099998474121094 -31.103490829467773 20.182294845581055
      vertex 22.099998474121094 -31.331642150878906 17.346521377563477
    endloop
  endfacet
  facet normal -1 0 0
    outer loop
      vertex 22.099998474121094 -33.1168098449707 16.695127487182617
      vertex 22.099998474121094 -31.577505111694336 17.130905151367188
      vertex 22.099998474121094 -31.793121337890625 16.885042190551758
    endloop
  endfacet
  facet normal -1 0 0
    outer loop
      vertex 22.099998474121094 -33.1168098449707 16.695127487182617
      vertex 22.099998474121094 -31.793121337890625 16.885042190551758
      vertex 22.099998474121094 -31.974802017211914 16.613140106201172
    endloop
  endfacet
  facet normal -1 0 0
    outer loop
      vertex 22.099998474121094 -33.1168098449707 16.695127487182617
      vertex 22.099998474121094 -31.974802017211914 16.613140106201172
      vertex 22.099998474121094 -32.22480392456055 16.180126190185547
    endloop
  endfacet
  facet normal -1 0 0
    outer loop
      vertex 22.099998474121094 -31.577505111694336 17.130905151367188
      vertex 22.099998474121094 -33.1168098449707 16.695127487182617
      vertex 22.099998474121094 -31.103490829467773 20.182294845581055
    endloop
  endfacet
  facet normal 0 0.5000010476177782 0.8660247989411876
    outer loop
      vertex 18.899999618530273 -32.22480392456055 16.180126190185547
      vertex 22.099998474121094 -33.1168098449707 16.695127487182617
      vertex 22.099998474121094 -32.22480392456055 16.180126190185547
    endloop
  endfacet
  facet normal 0 0.5000010476177782 0.8660247989411876
    outer loop
      vertex 22.099998474121094 -33.1168098449707 16.695127487182617
      vertex 18.899999618530273 -32.22480392456055 16.180126190185547
      vertex 18.899999618530273 -33.1168098449707 16.695127487182617
    endloop
  endfacet
  facet normal 0 0.5000000059840201 0.866025400329563
    outer loop
      vertex 18.899999618530273 -14.878313064575195 6.165127277374268
      vertex 22.099998474121094 -15.770318984985352 6.680127143859863
      vertex 22.099998474121094 -14.878313064575195 6.165127277374268
    endloop
  endfacet
  facet normal 0 0.5000000059840201 0.866025400329563
    outer loop
      vertex 22.099998474121094 -15.770318984985352 6.680127143859863
      vertex 18.899999618530273 -14.878313064575195 6.165127277374268
      vertex 18.899999618530273 -15.770318984985352 6.680127143859863
    endloop
  endfacet
  facet normal 1 0 0
    outer loop
      vertex 18.899999618530273 -15.270567893981934 9.010187149047852
      vertex 18.899999618530273 -12.865461349487305 9.654633522033691
      vertex 18.899999618530273 -13.033647537231445 10.150091171264648
    endloop
  endfacet
  facet normal 1 0 0
    outer loop
      vertex 18.899999618530273 -15.37568473815918 9.31984806060791
      vertex 18.899999618530273 -13.033647537231445 10.150091171264648
      vertex 18.899999618530273 -13.265063285827637 10.61935806274414
    endloop
  endfacet
  facet normal 1 0 0
    outer loop
      vertex 18.899999618530273 -15.520319938659668 9.613139152526855
      vertex 18.899999618530273 -13.265063285827637 10.61935806274414
      vertex 18.899999618530273 -13.555752754211426 11.054403305053711
    endloop
  endfacet
  facet normal 1 0 0
    outer loop
      vertex 18.899999618530273 -15.702000617980957 9.885043144226074
      vertex 18.899999618530273 -13.555752754211426 11.054403305053711
      vertex 18.899999618530273 -13.900738716125488 11.447784423828125
    endloop
  endfacet
  facet normal 1 0 0
    outer loop
      vertex 18.899999618530273 -15.702000617980957 9.885043144226074
      vertex 18.899999618530273 -13.900738716125488 11.447784423828125
      vertex 18.899999618530273 -14.294119834899902 11.792771339416504
    endloop
  endfacet
  facet normal 1 0 0
    outer loop
      vertex 18.899999618530273 -15.917616844177246 10.130906105041504
      vertex 18.899999618530273 -14.294119834899902 11.792771339416504
      vertex 18.899999618530273 -14.729165077209473 12.08345890045166
    endloop
  endfacet
  facet normal 1 0 0
    outer loop
      vertex 18.899999618530273 -13.265063285827637 10.61935806274414
      vertex 18.899999618530273 -15.520319938659668 9.613139152526855
      vertex 18.899999618530273 -15.37568473815918 9.31984806060791
    endloop
  endfacet
  facet normal 1 0 0
    outer loop
      vertex 18.899999618530273 -15.206771850585938 8.036824226379395
      vertex 18.899999618530273 -12.864996910095215 9.652294158935547
      vertex 18.899999618530273 -15.185383796691895 8.363140106201172
    endloop
  endfacet
  facet normal 1 0 0
    outer loop
      vertex 18.899999618530273 -12.864996910095215 9.652294158935547
      vertex 18.899999618530273 -15.206770896911621 8.689455032348633
      vertex 18.899999618530273 -15.185383796691895 8.363140106201172
    endloop
  endfacet
  facet normal 1 0 0
    outer loop
      vertex 18.899999618530273 -12.864996910095215 9.652294158935547
      vertex 18.899999618530273 -15.270567893981934 9.010187149047852
      vertex 18.899999618530273 -15.206770896911621 8.689455032348633
    endloop
  endfacet
  facet normal 1 0 0
    outer loop
      vertex 18.899999618530273 -12.865461349487305 9.654633522033691
      vertex 18.899999618530273 -15.270567893981934 9.010187149047852
      vertex 18.899999618530273 -12.864996910095215 9.652294158935547
    endloop
  endfacet
  facet normal 1 0 0
    outer loop
      vertex 18.899999618530273 -15.270567893981934 9.010187149047852
      vertex 18.899999618530273 -13.033647537231445 10.150091171264648
      vertex 18.899999618530273 -15.37568473815918 9.31984806060791
    endloop
  endfacet
  facet normal 1 0 0
    outer loop
      vertex 18.899999618530273 -13.555752754211426 11.054403305053711
      vertex 18.899999618530273 -15.702000617980957 9.885043144226074
      vertex 18.899999618530273 -15.520319938659668 9.613139152526855
    endloop
  endfacet
  facet normal 1 0 0
    outer loop
      vertex 18.899999618530273 -14.294119834899902 11.792771339416504
      vertex 18.899999618530273 -15.917616844177246 10.130906105041504
      vertex 18.899999618530273 -15.702000617980957 9.885043144226074
    endloop
  endfacet
  facet normal 1 0 0
    outer loop
      vertex 18.899999618530273 -14.729165077209473 12.08345890045166
      vertex 18.899999618530273 -16.163480758666992 10.34652328491211
      vertex 18.899999618530273 -15.917616844177246 10.130906105041504
    endloop
  endfacet
  facet normal 1 0 0
    outer loop
      vertex 18.899999618530273 -14.729165077209473 12.08345890045166
      vertex 18.899999618530273 -16.435382843017578 10.528203010559082
      vertex 18.899999618530273 -16.163480758666992 10.34652328491211
    endloop
  endfacet
  facet normal 1 0 0
    outer loop
      vertex 18.899999618530273 -14.729165077209473 12.08345890045166
      vertex 18.899999618530273 -18.383459091186523 13.154035568237305
      vertex 18.899999618530273 -16.435382843017578 10.528203010559082
    endloop
  endfacet
  facet normal 1 0 0
    outer loop
      vertex 18.899999618530273 -14.729165077209473 12.08345890045166
      vertex 18.899999618530273 -25.311662673950195 17.154035568237305
      vertex 18.899999618530273 -18.383459091186523 13.154035568237305
    endloop
  endfacet
  facet normal 1 0 0
    outer loop
      vertex 18.899999618530273 -28.065956115722656 19.783458709716797
      vertex 18.899999618530273 -25.311662673950195 17.154035568237305
      vertex 18.899999618530273 -14.729165077209473 12.08345890045166
    endloop
  endfacet
  facet normal 1 0 0
    outer loop
      vertex 18.899999618530273 -28.559738159179688 17.5282039642334
      vertex 18.899999618530273 -25.311662673950195 17.154035568237305
      vertex 18.899999618530273 -28.065956115722656 19.783458709716797
    endloop
  endfacet
  facet normal 1 0 0
    outer loop
      vertex 18.899999618530273 -29.162691116333008 17.7779541015625
      vertex 18.899999618530273 -28.065956115722656 19.783458709716797
      vertex 18.899999618530273 -28.53522300720215 20.014875411987305
    endloop
  endfacet
  facet normal 1 0 0
    outer loop
      vertex 18.899999618530273 -25.311662673950195 17.154035568237305
      vertex 18.899999618530273 -28.559738159179688 17.5282039642334
      vertex 18.899999618530273 -25.96166229248047 16.0282039642334
    endloop
  endfacet
  facet normal 1 0 0
    outer loop
      vertex 18.899999618530273 -28.065956115722656 19.783458709716797
      vertex 18.899999618530273 -28.853029251098633 17.67283821105957
      vertex 18.899999618530273 -28.559738159179688 17.5282039642334
    endloop
  endfacet
  facet normal 1 0 0
    outer loop
      vertex 18.899999618530273 -29.483423233032227 17.841751098632812
      vertex 18.899999618530273 -28.53522300720215 20.014875411987305
      vertex 18.899999618530273 -29.03067970275879 20.183059692382812
    endloop
  endfacet
  facet normal 1 0 0
    outer loop
      vertex 18.899999618530273 -28.065956115722656 19.783458709716797
      vertex 18.899999618530273 -29.162691116333008 17.7779541015625
      vertex 18.899999618530273 -28.853029251098633 17.67283821105957
    endloop
  endfacet
  facet normal 1 0 0
    outer loop
      vertex 18.899999618530273 -28.53522300720215 20.014875411987305
      vertex 18.899999618530273 -29.483423233032227 17.841751098632812
      vertex 18.899999618530273 -29.162691116333008 17.7779541015625
    endloop
  endfacet
  facet normal 1 0 0
    outer loop
      vertex 18.899999618530273 -29.543851852416992 20.28513526916504
      vertex 18.899999618530273 -29.483423233032227 17.841751098632812
      vertex 18.899999618530273 -29.03067970275879 20.183059692382812
    endloop
  endfacet
  facet normal 1 0 0
    outer loop
      vertex 18.899999618530273 -29.543851852416992 20.28513526916504
      vertex 18.899999618530273 -29.809738159179688 17.863140106201172
      vertex 18.899999618530273 -29.483423233032227 17.841751098632812
    endloop
  endfacet
  facet normal 1 0 0
    outer loop
      vertex 18.899999618530273 -30.065956115722656 20.31935691833496
      vertex 18.899999618530273 -29.809738159179688 17.863140106201172
      vertex 18.899999618530273 -29.543851852416992 20.28513526916504
    endloop
  endfacet
  facet normal 1 0 0
    outer loop
      vertex 18.899999618530273 -30.065956115722656 20.31935691833496
      vertex 18.899999618530273 -30.13605308532715 17.841751098632812
      vertex 18.899999618530273 -29.809738159179688 17.863140106201172
    endloop
  endfacet
  facet normal 1 0 0
    outer loop
      vertex 18.899999618530273 -30.58806037902832 20.285137176513672
      vertex 18.899999618530273 -30.13605308532715 17.841751098632812
      vertex 18.899999618530273 -30.065956115722656 20.31935691833496
    endloop
  endfacet
  facet normal 1 0 0
    outer loop
      vertex 18.899999618530273 -30.13605308532715 17.841751098632812
      vertex 18.899999618530273 -30.58806037902832 20.285137176513672
      vertex 18.899999618530273 -30.456787109375 17.7779541015625
    endloop
  endfacet
  facet normal 1 0 0
    outer loop
      vertex 18.899999618530273 -31.101232528686523 20.183061599731445
      vertex 18.899999618530273 -30.456787109375 17.7779541015625
      vertex 18.899999618530273 -30.58806037902832 20.285137176513672
    endloop
  endfacet
  facet normal 1 0 0
    outer loop
      vertex 18.899999618530273 -31.103490829467773 20.182294845581055
      vertex 18.899999618530273 -30.456787109375 17.7779541015625
      vertex 18.899999618530273 -31.101232528686523 20.183061599731445
    endloop
  endfacet
  facet normal 1 0 0
    outer loop
      vertex 18.899999618530273 -30.456787109375 17.7779541015625
      vertex 18.899999618530273 -31.103490829467773 20.182294845581055
      vertex 18.899999618530273 -30.766447067260742 17.67283821105957
    endloop
  endfacet
  facet normal 1 0 0
    outer loop
      vertex 18.899999618530273 -30.766447067260742 17.67283821105957
      vertex 18.899999618530273 -31.103490829467773 20.182294845581055
      vertex 18.899999618530273 -31.059738159179688 17.528202056884766
    endloop
  endfacet
  facet normal 1 0 0
    outer loop
      vertex 18.899999618530273 -31.103490829467773 20.182294845581055
      vertex 18.899999618530273 -31.331642150878906 17.346521377563477
      vertex 18.899999618530273 -31.059738159179688 17.528202056884766
    endloop
  endfacet
  facet normal 1 0 0
    outer loop
      vertex 18.899999618530273 -31.103490829467773 20.182294845581055
      vertex 18.899999618530273 -31.577505111694336 17.130905151367188
      vertex 18.899999618530273 -31.331642150878906 17.346521377563477
    endloop
  endfacet
  facet normal 1 0 0
    outer loop
      vertex 18.899999618530273 -33.1168098449707 16.695127487182617
      vertex 18.899999618530273 -31.577505111694336 17.130905151367188
      vertex 18.899999618530273 -31.103490829467773 20.182294845581055
    endloop
  endfacet
  facet normal 1 0 0
    outer loop
      vertex 18.899999618530273 -31.577505111694336 17.130905151367188
      vertex 18.899999618530273 -33.1168098449707 16.695127487182617
      vertex 18.899999618530273 -31.793121337890625 16.885042190551758
    endloop
  endfacet
  facet normal 1 0 0
    outer loop
      vertex 18.899999618530273 -31.793121337890625 16.885042190551758
      vertex 18.899999618530273 -33.1168098449707 16.695127487182617
      vertex 18.899999618530273 -31.974802017211914 16.613140106201172
    endloop
  endfacet
  facet normal 1 0 0
    outer loop
      vertex 18.899999618530273 -31.974802017211914 16.613140106201172
      vertex 18.899999618530273 -33.1168098449707 16.695127487182617
      vertex 18.899999618530273 -32.22480392456055 16.180126190185547
    endloop
  endfacet
  facet normal 1 0 0
    outer loop
      vertex 18.899999618530273 -12.864996910095215 9.652294158935547
      vertex 18.899999618530273 -15.206771850585938 8.036824226379395
      vertex 18.899999618530273 -14.878313064575195 6.165127277374268
    endloop
  endfacet
  facet normal 1 0 0
    outer loop
      vertex 18.899999618530273 -15.27056884765625 7.716092109680176
      vertex 18.899999618530273 -14.878313064575195 6.165127277374268
      vertex 18.899999618530273 -15.206771850585938 8.036824226379395
    endloop
  endfacet
  facet normal 1 0 0
    outer loop
      vertex 18.899999618530273 -15.37568473815918 7.406430721282959
      vertex 18.899999618530273 -14.878313064575195 6.165127277374268
      vertex 18.899999618530273 -15.27056884765625 7.716092109680176
    endloop
  endfacet
  facet normal 1 0 0
    outer loop
      vertex 18.899999618530273 -15.520318984985352 7.113139629364014
      vertex 18.899999618530273 -14.878313064575195 6.165127277374268
      vertex 18.899999618530273 -15.37568473815918 7.406430721282959
    endloop
  endfacet
  facet normal 1 0 0
    outer loop
      vertex 18.899999618530273 -14.878313064575195 6.165127277374268
      vertex 18.899999618530273 -15.520318984985352 7.113139629364014
      vertex 18.899999618530273 -15.770318984985352 6.680127143859863
    endloop
  endfacet
  facet normal 1 0 0
    outer loop
      vertex 18.899999618530273 -16.435382843017578 10.528203010559082
      vertex 18.899999618530273 -18.383459091186523 13.154035568237305
      vertex 18.899999618530273 -19.033458709716797 12.028203010559082
    endloop
  endfacet
  facet normal 0 0.8660251884496455 -0.5000003729706168
    outer loop
      vertex 22.099998474121094 -33.1168098449707 16.695127487182617
      vertex 18.899999618530273 -31.103490829467773 20.182294845581055
      vertex 22.099998474121094 -31.103490829467773 20.182294845581055
    endloop
  endfacet
  facet normal 0 0.8660251884496455 -0.5000003729706168
    outer loop
      vertex 18.899999618530273 -31.103490829467773 20.182294845581055
      vertex 22.099998474121094 -33.1168098449707 16.695127487182617
      vertex 18.899999618530273 -33.1168098449707 16.695127487182617
    endloop
  endfacet
  facet normal 0 -0.8660254665107044 0.499999891354905
    outer loop
      vertex 18.899999618530273 -14.878313064575195 6.165127277374268
      vertex 22.099998474121094 -12.864996910095215 9.652294158935547
      vertex 18.899999618530273 -12.864996910095215 9.652294158935547
    endloop
  endfacet
  facet normal 0 -0.8660254665107044 0.499999891354905
    outer loop
      vertex 22.099998474121094 -12.864996910095215 9.652294158935547
      vertex 18.899999618530273 -14.878313064575195 6.165127277374268
      vertex 22.099998474121094 -14.878313064575195 6.165127277374268
    endloop
  endfacet
  facet normal 0 -0.49999998092101916 -0.8660254147996932
    outer loop
      vertex 5.09999942779541 -25.311662673950195 17.154035568237305
      vertex 18.899999618530273 -18.383459091186523 13.154035568237305
      vertex 18.899999618530273 -25.311662673950195 17.154035568237305
    endloop
  endfacet
  facet normal 0 -0.49999998092101916 -0.8660254147996932
    outer loop
      vertex 18.899999618530273 -18.383459091186523 13.154035568237305
      vertex 5.09999942779541 -25.311662673950195 17.154035568237305
      vertex 5.09999942779541 -18.383459091186523 13.154035568237305
    endloop
  endfacet
  facet normal 0 0.8660252575936811 -0.5000002532097344
    outer loop
      vertex 18.899999618530273 -25.96166229248047 16.0282039642334
      vertex 5.09999942779541 -25.311662673950195 17.154035568237305
      vertex 18.899999618530273 -25.311662673950195 17.154035568237305
    endloop
  endfacet
  facet normal 0 0.8660252575936811 -0.5000002532097344
    outer loop
      vertex 5.09999942779541 -25.311662673950195 17.154035568237305
      vertex 18.899999618530273 -25.96166229248047 16.0282039642334
      vertex 5.09999942779541 -25.96166229248047 16.0282039642334
    endloop
  endfacet
  facet normal 0 -0.8660254409927994 0.4999999355532229
    outer loop
      vertex 5.09999942779541 -19.033458709716797 12.028203010559082
      vertex 18.899999618530273 -18.383459091186523 13.154035568237305
      vertex 5.09999942779541 -18.383459091186523 13.154035568237305
    endloop
  endfacet
  facet normal 0 -0.8660254409927994 0.4999999355532229
    outer loop
      vertex 18.899999618530273 -18.383459091186523 13.154035568237305
      vertex 5.09999942779541 -19.033458709716797 12.028203010559082
      vertex 18.899999618530273 -19.033458709716797 12.028203010559082
    endloop
  endfacet
  facet normal 0 -0.49999972953946786 -0.8660255599348433
    outer loop
      vertex 0 -22.850189208984375 15.617433547973633
      vertex 1.8999996185302734 -20.94493293762207 14.517434120178223
      vertex 1.8999996185302734 -22.850189208984375 15.617433547973633
    endloop
  endfacet
  facet normal 0 -0.49999972953946786 -0.8660255599348433
    outer loop
      vertex 1.8999996185302734 -20.94493293762207 14.517434120178223
      vertex 0 -22.850189208984375 15.617433547973633
      vertex 0 -20.94493293762207 14.517434120178223
    endloop
  endfacet
  facet normal 0 0.8660259256672991 -0.4999990960712805
    outer loop
      vertex 1.8999996185302734 -23.45018768310547 14.578203201293945
      vertex 0 -22.850189208984375 15.617433547973633
      vertex 1.8999996185302734 -22.850189208984375 15.617433547973633
    endloop
  endfacet
  facet normal 0 0.8660259256672991 -0.4999990960712805
    outer loop
      vertex 0 -22.850189208984375 15.617433547973633
      vertex 1.8999996185302734 -23.45018768310547 14.578203201293945
      vertex 0 -23.45018768310547 14.578203201293945
    endloop
  endfacet
  facet normal 0 -0.8660252374121951 0.5000002881650683
    outer loop
      vertex 0 -21.544933319091797 13.478203773498535
      vertex 1.8999996185302734 -20.94493293762207 14.517434120178223
      vertex 0 -20.94493293762207 14.517434120178223
    endloop
  endfacet
  facet normal 0 -0.8660252374121951 0.5000002881650683
    outer loop
      vertex 1.8999996185302734 -20.94493293762207 14.517434120178223
      vertex 0 -21.544933319091797 13.478203773498535
      vertex 1.8999996185302734 -21.544933319091797 13.478203773498535
    endloop
  endfacet
  facet normal 0 -0.44228972477059686 -0.8968722313475592
    outer loop
      vertex 6.09999942779541 -13.75991439819336 1.0624616146087646
      vertex 9.699999809265137 -13.625 0.9959290027618408
      vertex 9.699999809265137 -13.75991439819336 1.0624616146087646
    endloop
  endfacet
  facet normal 0 -0.44228972477059686 -0.8968722313475592
    outer loop
      vertex 9.699999809265137 -13.625 0.9959290027618408
      vertex 6.09999942779541 -13.75991439819336 1.0624616146087646
      vertex 6.09999942779541 -13.625 0.9959290027618408
    endloop
  endfacet
  facet normal 0 -0.44228972477059686 -0.8968722313475592
    outer loop
      vertex 14.299999237060547 -13.75991439819336 1.0624616146087646
      vertex 17.899999618530273 -13.625 0.9959290027618408
      vertex 17.899999618530273 -13.75991439819336 1.0624616146087646
    endloop
  endfacet
  facet normal 0 -0.44228972477059686 -0.8968722313475592
    outer loop
      vertex 17.899999618530273 -13.625 0.9959290027618408
      vertex 14.299999237060547 -13.75991439819336 1.0624616146087646
      vertex 14.299999237060547 -13.625 0.9959290027618408
    endloop
  endfacet
  facet normal 0 0.9807845136690634 -0.19509417660950015
    outer loop
      vertex 9.699999809265137 -15.34016227722168 0.15010587871074677
      vertex 6.09999942779541 -15.31081485748291 0.2976422905921936
      vertex 9.699999809265137 -15.31081485748291 0.2976422905921936
    endloop
  endfacet
  facet normal 0 0.9807845136690634 -0.19509417660950015
    outer loop
      vertex 6.09999942779541 -15.31081485748291 0.2976422905921936
      vertex 9.699999809265137 -15.34016227722168 0.15010587871074677
      vertex 6.09999942779541 -15.34016227722168 0.15010587871074677
    endloop
  endfacet
  facet normal 0 0.9807845136690634 -0.19509417660950015
    outer loop
      vertex 17.899999618530273 -15.34016227722168 0.15010587871074677
      vertex 14.299999237060547 -15.31081485748291 0.2976422905921936
      vertex 17.899999618530273 -15.31081485748291 0.2976422905921936
    endloop
  endfacet
  facet normal 0 0.9807845136690634 -0.19509417660950015
    outer loop
      vertex 14.299999237060547 -15.31081485748291 0.2976422905921936
      vertex 17.899999618530273 -15.34016227722168 0.15010587871074677
      vertex 14.299999237060547 -15.34016227722168 0.15010587871074677
    endloop
  endfacet
  facet normal 0 -0.321439286423575 0.9469301902165242
    outer loop
      vertex 6.09999942779541 -13.75991439819336 -1.0624608993530273
      vertex 9.699999809265137 -13.902358055114746 -1.1108139753341675
      vertex 9.699999809265137 -13.75991439819336 -1.0624608993530273
    endloop
  endfacet
  facet normal 0 -0.321439286423575 0.9469301902165242
    outer loop
      vertex 9.699999809265137 -13.902358055114746 -1.1108139753341675
      vertex 6.09999942779541 -13.75991439819336 -1.0624608993530273
      vertex 6.09999942779541 -13.902358055114746 -1.1108139753341675
    endloop
  endfacet
  facet normal 0 -0.321439286423575 0.9469301902165242
    outer loop
      vertex 14.299999237060547 -13.75991439819336 -1.0624608993530273
      vertex 17.899999618530273 -13.902358055114746 -1.1108139753341675
      vertex 17.899999618530273 -13.75991439819336 -1.0624608993530273
    endloop
  endfacet
  facet normal 0 -0.321439286423575 0.9469301902165242
    outer loop
      vertex 17.899999618530273 -13.902358055114746 -1.1108139753341675
      vertex 14.299999237060547 -13.75991439819336 -1.0624608993530273
      vertex 14.299999237060547 -13.902358055114746 -1.1108139753341675
    endloop
  endfacet
  facet normal 0 -0.5555686593508568 -0.83147066379223
    outer loop
      vertex 6.09999942779541 -13.625 0.9959290027618408
      vertex 9.699999809265137 -13.499924659729004 0.9123566746711731
      vertex 9.699999809265137 -13.625 0.9959290027618408
    endloop
  endfacet
  facet normal 0 -0.5555686593508568 -0.83147066379223
    outer loop
      vertex 9.699999809265137 -13.499924659729004 0.9123566746711731
      vertex 6.09999942779541 -13.625 0.9959290027618408
      vertex 6.09999942779541 -13.499924659729004 0.9123566746711731
    endloop
  endfacet
  facet normal 0 -0.5555686593508568 -0.83147066379223
    outer loop
      vertex 14.299999237060547 -13.625 0.9959290027618408
      vertex 17.899999618530273 -13.499924659729004 0.9123566746711731
      vertex 17.899999618530273 -13.625 0.9959290027618408
    endloop
  endfacet
  facet normal 0 -0.5555686593508568 -0.83147066379223
    outer loop
      vertex 17.899999618530273 -13.499924659729004 0.9123566746711731
      vertex 14.299999237060547 -13.625 0.9959290027618408
      vertex 14.299999237060547 -13.499924659729004 0.9123566746711731
    endloop
  endfacet
  facet normal 0 -0.6593482224967949 -0.7518376962418931
    outer loop
      vertex 6.09999942779541 -13.499924659729004 0.9123566746711731
      vertex 9.699999809265137 -13.38682746887207 0.813172459602356
      vertex 9.699999809265137 -13.499924659729004 0.9123566746711731
    endloop
  endfacet
  facet normal 0 -0.6593482224967949 -0.7518376962418931
    outer loop
      vertex 9.699999809265137 -13.38682746887207 0.813172459602356
      vertex 6.09999942779541 -13.499924659729004 0.9123566746711731
      vertex 6.09999942779541 -13.38682746887207 0.813172459602356
    endloop
  endfacet
  facet normal 0 -0.6593482224967949 -0.7518376962418931
    outer loop
      vertex 14.299999237060547 -13.499924659729004 0.9123566746711731
      vertex 17.899999618530273 -13.38682746887207 0.813172459602356
      vertex 17.899999618530273 -13.499924659729004 0.9123566746711731
    endloop
  endfacet
  facet normal 0 -0.6593482224967949 -0.7518376962418931
    outer loop
      vertex 17.899999618530273 -13.38682746887207 0.813172459602356
      vertex 14.299999237060547 -13.499924659729004 0.9123566746711731
      vertex 14.299999237060547 -13.38682746887207 0.813172459602356
    endloop
  endfacet
  facet normal 0 -0.8968758873220795 -0.44228231113196553
    outer loop
      vertex 6.09999942779541 -13.137539863586426 0.4400855004787445
      vertex 9.699999809265137 -13.204071044921875 0.5749998092651367
      vertex 6.09999942779541 -13.204071044921875 0.5749998092651367
    endloop
  endfacet
  facet normal 0 -0.8968758873220795 -0.44228231113196553
    outer loop
      vertex 9.699999809265137 -13.204071044921875 0.5749998092651367
      vertex 6.09999942779541 -13.137539863586426 0.4400855004787445
      vertex 9.699999809265137 -13.137539863586426 0.4400855004787445
    endloop
  endfacet
  facet normal 0 -0.8968758873220795 -0.44228231113196553
    outer loop
      vertex 14.299999237060547 -13.137539863586426 0.4400855004787445
      vertex 17.899999618530273 -13.204071044921875 0.5749998092651367
      vertex 14.299999237060547 -13.204071044921875 0.5749998092651367
    endloop
  endfacet
  facet normal 0 -0.8968758873220795 -0.44228231113196553
    outer loop
      vertex 17.899999618530273 -13.204071044921875 0.5749998092651367
      vertex 14.299999237060547 -13.137539863586426 0.4400855004787445
      vertex 17.899999618530273 -13.137539863586426 0.4400855004787445
    endloop
  endfacet
  facet normal 0 -0.19509160950386123 -0.9807850243051189
    outer loop
      vertex 6.09999942779541 -14.049895286560059 1.140161395072937
      vertex 9.699999809265137 -13.902358055114746 1.1108142137527466
      vertex 9.699999809265137 -14.049895286560059 1.140161395072937
    endloop
  endfacet
  facet normal 0 -0.19509160950386123 -0.9807850243051189
    outer loop
      vertex 9.699999809265137 -13.902358055114746 1.1108142137527466
      vertex 6.09999942779541 -14.049895286560059 1.140161395072937
      vertex 6.09999942779541 -13.902358055114746 1.1108142137527466
    endloop
  endfacet
  facet normal 0 -0.19509160950386123 -0.9807850243051189
    outer loop
      vertex 14.299999237060547 -14.049895286560059 1.140161395072937
      vertex 17.899999618530273 -13.902358055114746 1.1108142137527466
      vertex 17.899999618530273 -14.049895286560059 1.140161395072937
    endloop
  endfacet
  facet normal 0 -0.19509160950386123 -0.9807850243051189
    outer loop
      vertex 17.899999618530273 -13.902358055114746 1.1108142137527466
      vertex 14.299999237060547 -14.049895286560059 1.140161395072937
      vertex 14.299999237060547 -13.902358055114746 1.1108142137527466
    endloop
  endfacet
  facet normal 0 0.9978590626102647 -0.065401002794789
    outer loop
      vertex 9.699999809265137 -15.350000381469727 5.123814048602071e-7
      vertex 6.09999942779541 -15.34016227722168 0.15010587871074677
      vertex 9.699999809265137 -15.34016227722168 0.15010587871074677
    endloop
  endfacet
  facet normal 0 0.9978590626102647 -0.065401002794789
    outer loop
      vertex 6.09999942779541 -15.34016227722168 0.15010587871074677
      vertex 9.699999809265137 -15.350000381469727 5.123814048602071e-7
      vertex 6.09999942779541 -15.350000381469727 5.123814048602071e-7
    endloop
  endfacet
  facet normal 0 0.9978590626102647 -0.065401002794789
    outer loop
      vertex 17.899999618530273 -15.350000381469727 5.123814048602071e-7
      vertex 14.299999237060547 -15.34016227722168 0.15010587871074677
      vertex 17.899999618530273 -15.34016227722168 0.15010587871074677
    endloop
  endfacet
  facet normal 0 0.9978590626102647 -0.065401002794789
    outer loop
      vertex 14.299999237060547 -15.34016227722168 0.15010587871074677
      vertex 17.899999618530273 -15.350000381469727 5.123814048602071e-7
      vertex 14.299999237060547 -15.350000381469727 5.123814048602071e-7
    endloop
  endfacet
  facet normal 0 -0.751840739244628 -0.6593447526234597
    outer loop
      vertex 6.09999942779541 -13.287644386291504 0.7000755071640015
      vertex 9.699999809265137 -13.38682746887207 0.813172459602356
      vertex 6.09999942779541 -13.38682746887207 0.813172459602356
    endloop
  endfacet
  facet normal 0 -0.751840739244628 -0.6593447526234597
    outer loop
      vertex 9.699999809265137 -13.38682746887207 0.813172459602356
      vertex 6.09999942779541 -13.287644386291504 0.7000755071640015
      vertex 9.699999809265137 -13.287644386291504 0.7000755071640015
    endloop
  endfacet
  facet normal 0 -0.751840739244628 -0.6593447526234597
    outer loop
      vertex 14.299999237060547 -13.287644386291504 0.7000755071640015
      vertex 17.899999618530273 -13.38682746887207 0.813172459602356
      vertex 14.299999237060547 -13.38682746887207 0.813172459602356
    endloop
  endfacet
  facet normal 0 -0.751840739244628 -0.6593447526234597
    outer loop
      vertex 17.899999618530273 -13.38682746887207 0.813172459602356
      vertex 14.299999237060547 -13.287644386291504 0.7000755071640015
      vertex 17.899999618530273 -13.287644386291504 0.7000755071640015
    endloop
  endfacet
  facet normal 0 -0.9978586276494152 -0.06540763889352337
    outer loop
      vertex 6.09999942779541 -13.050000190734863 1.5519061946633883e-7
      vertex 9.699999809265137 -13.059839248657227 0.15010477602481842
      vertex 6.09999942779541 -13.059839248657227 0.15010477602481842
    endloop
  endfacet
  facet normal 0 -0.9978586276494152 -0.06540763889352337
    outer loop
      vertex 9.699999809265137 -13.059839248657227 0.15010477602481842
      vertex 6.09999942779541 -13.050000190734863 1.5519061946633883e-7
      vertex 9.699999809265137 -13.050000190734863 1.5519061946633883e-7
    endloop
  endfacet
  facet normal 0 -0.9978586276494152 -0.06540763889352337
    outer loop
      vertex 14.299999237060547 -13.050000190734863 1.5519061946633883e-7
      vertex 17.899999618530273 -13.059839248657227 0.15010477602481842
      vertex 14.299999237060547 -13.059839248657227 0.15010477602481842
    endloop
  endfacet
  facet normal 0 -0.9978586276494152 -0.06540763889352337
    outer loop
      vertex 17.899999618530273 -13.059839248657227 0.15010477602481842
      vertex 14.299999237060547 -13.050000190734863 1.5519061946633883e-7
      vertex 17.899999618530273 -13.050000190734863 1.5519061946633883e-7
    endloop
  endfacet
  facet normal 0 0.06540411137113668 0.9978588588651964
    outer loop
      vertex 6.09999942779541 -14.199999809265137 -1.1499993801116943
      vertex 9.699999809265137 -14.350105285644531 -1.1401607990264893
      vertex 9.699999809265137 -14.199999809265137 -1.1499993801116943
    endloop
  endfacet
  facet normal 0 0.06540411137113668 0.9978588588651964
    outer loop
      vertex 9.699999809265137 -14.350105285644531 -1.1401607990264893
      vertex 6.09999942779541 -14.199999809265137 -1.1499993801116943
      vertex 6.09999942779541 -14.350105285644531 -1.1401607990264893
    endloop
  endfacet
  facet normal 0 0.06540411137113668 0.9978588588651964
    outer loop
      vertex 14.299999237060547 -14.199999809265137 -1.1499993801116943
      vertex 17.899999618530273 -14.350105285644531 -1.1401607990264893
      vertex 17.899999618530273 -14.199999809265137 -1.1499993801116943
    endloop
  endfacet
  facet normal 0 0.06540411137113668 0.9978588588651964
    outer loop
      vertex 17.899999618530273 -14.350105285644531 -1.1401607990264893
      vertex 14.299999237060547 -14.199999809265137 -1.1499993801116943
      vertex 14.299999237060547 -14.350105285644531 -1.1401607990264893
    endloop
  endfacet
  facet normal 0 -0.9807858926245165 -0.19508724414663944
    outer loop
      vertex 6.09999942779541 -13.059839248657227 0.15010477602481842
      vertex 9.699999809265137 -13.08918571472168 0.2976418435573578
      vertex 6.09999942779541 -13.08918571472168 0.2976418435573578
    endloop
  endfacet
  facet normal 0 -0.9807858926245165 -0.19508724414663944
    outer loop
      vertex 9.699999809265137 -13.08918571472168 0.2976418435573578
      vertex 6.09999942779541 -13.059839248657227 0.15010477602481842
      vertex 9.699999809265137 -13.059839248657227 0.15010477602481842
    endloop
  endfacet
  facet normal 0 -0.9807858926245165 -0.19508724414663944
    outer loop
      vertex 14.299999237060547 -13.059839248657227 0.15010477602481842
      vertex 17.899999618530273 -13.08918571472168 0.2976418435573578
      vertex 14.299999237060547 -13.08918571472168 0.2976418435573578
    endloop
  endfacet
  facet normal 0 -0.9807858926245165 -0.19508724414663944
    outer loop
      vertex 17.899999618530273 -13.08918571472168 0.2976418435573578
      vertex 14.299999237060547 -13.059839248657227 0.15010477602481842
      vertex 17.899999618530273 -13.059839248657227 0.15010477602481842
    endloop
  endfacet
  facet normal 0 -0.8314682859685428 -0.555572218013584
    outer loop
      vertex 6.09999942779541 -13.204071044921875 0.5749998092651367
      vertex 9.699999809265137 -13.287644386291504 0.7000755071640015
      vertex 6.09999942779541 -13.287644386291504 0.7000755071640015
    endloop
  endfacet
  facet normal 0 -0.8314682859685428 -0.555572218013584
    outer loop
      vertex 9.699999809265137 -13.287644386291504 0.7000755071640015
      vertex 6.09999942779541 -13.204071044921875 0.5749998092651367
      vertex 9.699999809265137 -13.204071044921875 0.5749998092651367
    endloop
  endfacet
  facet normal 0 -0.8314682859685428 -0.555572218013584
    outer loop
      vertex 14.299999237060547 -13.204071044921875 0.5749998092651367
      vertex 17.899999618530273 -13.287644386291504 0.7000755071640015
      vertex 14.299999237060547 -13.287644386291504 0.7000755071640015
    endloop
  endfacet
  facet normal 0 -0.8314682859685428 -0.555572218013584
    outer loop
      vertex 17.899999618530273 -13.287644386291504 0.7000755071640015
      vertex 14.299999237060547 -13.204071044921875 0.5749998092651367
      vertex 17.899999618530273 -13.204071044921875 0.5749998092651367
    endloop
  endfacet
  facet normal 0 0.32143664613544876 0.9469310864689121
    outer loop
      vertex 6.09999942779541 -14.497641563415527 -1.1108139753341675
      vertex 9.699999809265137 -14.64008617401123 -1.062461018562317
      vertex 9.699999809265137 -14.497641563415527 -1.1108139753341675
    endloop
  endfacet
  facet normal 0 0.32143664613544876 0.9469310864689121
    outer loop
      vertex 9.699999809265137 -14.64008617401123 -1.062461018562317
      vertex 6.09999942779541 -14.497641563415527 -1.1108139753341675
      vertex 6.09999942779541 -14.64008617401123 -1.062461018562317
    endloop
  endfacet
  facet normal 0 0.32143664613544876 0.9469310864689121
    outer loop
      vertex 14.299999237060547 -14.497641563415527 -1.1108139753341675
      vertex 17.899999618530273 -14.64008617401123 -1.062461018562317
      vertex 17.899999618530273 -14.497641563415527 -1.1108139753341675
    endloop
  endfacet
  facet normal 0 0.32143664613544876 0.9469310864689121
    outer loop
      vertex 17.899999618530273 -14.64008617401123 -1.062461018562317
      vertex 14.299999237060547 -14.497641563415527 -1.1108139753341675
      vertex 14.299999237060547 -14.64008617401123 -1.062461018562317
    endloop
  endfacet
  facet normal 0 0.5555701137145972 -0.8314696920195886
    outer loop
      vertex 6.09999942779541 -14.900076866149902 0.9123561382293701
      vertex 9.699999809265137 -14.77500057220459 0.9959294199943542
      vertex 9.699999809265137 -14.900076866149902 0.9123561382293701
    endloop
  endfacet
  facet normal 0 0.5555701137145972 -0.8314696920195886
    outer loop
      vertex 9.699999809265137 -14.77500057220459 0.9959294199943542
      vertex 6.09999942779541 -14.900076866149902 0.9123561382293701
      vertex 6.09999942779541 -14.77500057220459 0.9959294199943542
    endloop
  endfacet
  facet normal 0 0.5555701137145972 -0.8314696920195886
    outer loop
      vertex 14.299999237060547 -14.900076866149902 0.9123561382293701
      vertex 17.899999618530273 -14.77500057220459 0.9959294199943542
      vertex 17.899999618530273 -14.900076866149902 0.9123561382293701
    endloop
  endfacet
  facet normal 0 0.5555701137145972 -0.8314696920195886
    outer loop
      vertex 17.899999618530273 -14.77500057220459 0.9959294199943542
      vertex 14.299999237060547 -14.900076866149902 0.9123561382293701
      vertex 14.299999237060547 -14.77500057220459 0.9959294199943542
    endloop
  endfacet
  facet normal 0 0.6593475576669889 -0.751838279285231
    outer loop
      vertex 6.09999942779541 -15.01317310333252 0.8131729364395142
      vertex 9.699999809265137 -14.900076866149902 0.9123561382293701
      vertex 9.699999809265137 -15.01317310333252 0.8131729364395142
    endloop
  endfacet
  facet normal 0 0.6593475576669889 -0.751838279285231
    outer loop
      vertex 9.699999809265137 -14.900076866149902 0.9123561382293701
      vertex 6.09999942779541 -15.01317310333252 0.8131729364395142
      vertex 6.09999942779541 -14.900076866149902 0.9123561382293701
    endloop
  endfacet
  facet normal 0 0.6593475576669889 -0.751838279285231
    outer loop
      vertex 14.299999237060547 -15.01317310333252 0.8131729364395142
      vertex 17.899999618530273 -14.900076866149902 0.9123561382293701
      vertex 17.899999618530273 -15.01317310333252 0.8131729364395142
    endloop
  endfacet
  facet normal 0 0.6593475576669889 -0.751838279285231
    outer loop
      vertex 17.899999618530273 -14.900076866149902 0.9123561382293701
      vertex 14.299999237060547 -15.01317310333252 0.8131729364395142
      vertex 14.299999237060547 -14.900076866149902 0.9123561382293701
    endloop
  endfacet
  facet normal 0 0.751838974543798 0.6593467648793995
    outer loop
      vertex 9.699999809265137 -15.013172149658203 -0.8131722807884216
      vertex 6.09999942779541 -15.112356185913086 -0.7000748515129089
      vertex 9.699999809265137 -15.112356185913086 -0.7000748515129089
    endloop
  endfacet
  facet normal 0 0.751838974543798 0.6593467648793995
    outer loop
      vertex 6.09999942779541 -15.112356185913086 -0.7000748515129089
      vertex 9.699999809265137 -15.013172149658203 -0.8131722807884216
      vertex 6.09999942779541 -15.013172149658203 -0.8131722807884216
    endloop
  endfacet
  facet normal 0 0.751838974543798 0.6593467648793995
    outer loop
      vertex 17.899999618530273 -15.013172149658203 -0.8131722807884216
      vertex 14.299999237060547 -15.112356185913086 -0.7000748515129089
      vertex 17.899999618530273 -15.112356185913086 -0.7000748515129089
    endloop
  endfacet
  facet normal 0 0.751838974543798 0.6593467648793995
    outer loop
      vertex 14.299999237060547 -15.112356185913086 -0.7000748515129089
      vertex 17.899999618530273 -15.013172149658203 -0.8131722807884216
      vertex 14.299999237060547 -15.013172149658203 -0.8131722807884216
    endloop
  endfacet
  facet normal 0 -0.9978586487664957 0.06540731673065003
    outer loop
      vertex 6.09999942779541 -13.059839248657227 -0.15010520815849304
      vertex 9.699999809265137 -13.050000190734863 1.5519061946633883e-7
      vertex 6.09999942779541 -13.050000190734863 1.5519061946633883e-7
    endloop
  endfacet
  facet normal 0 -0.9978586487664957 0.06540731673065003
    outer loop
      vertex 9.699999809265137 -13.050000190734863 1.5519061946633883e-7
      vertex 6.09999942779541 -13.059839248657227 -0.15010520815849304
      vertex 9.699999809265137 -13.059839248657227 -0.15010520815849304
    endloop
  endfacet
  facet normal 0 -0.9978586487664957 0.06540731673065003
    outer loop
      vertex 14.299999237060547 -13.059839248657227 -0.15010520815849304
      vertex 17.899999618530273 -13.050000190734863 1.5519061946633883e-7
      vertex 14.299999237060547 -13.050000190734863 1.5519061946633883e-7
    endloop
  endfacet
  facet normal 0 -0.9978586487664957 0.06540731673065003
    outer loop
      vertex 17.899999618530273 -13.050000190734863 1.5519061946633883e-7
      vertex 14.299999237060547 -13.059839248657227 -0.15010520815849304
      vertex 17.899999618530273 -13.059839248657227 -0.15010520815849304
    endloop
  endfacet
  facet normal 0 -0.442287493704812 0.8968733315871957
    outer loop
      vertex 6.09999942779541 -13.625 -0.9959287047386169
      vertex 9.699999809265137 -13.75991439819336 -1.0624608993530273
      vertex 9.699999809265137 -13.625 -0.9959287047386169
    endloop
  endfacet
  facet normal 0 -0.442287493704812 0.8968733315871957
    outer loop
      vertex 9.699999809265137 -13.75991439819336 -1.0624608993530273
      vertex 6.09999942779541 -13.625 -0.9959287047386169
      vertex 6.09999942779541 -13.75991439819336 -1.0624608993530273
    endloop
  endfacet
  facet normal 0 -0.442287493704812 0.8968733315871957
    outer loop
      vertex 14.299999237060547 -13.625 -0.9959287047386169
      vertex 17.899999618530273 -13.75991439819336 -1.0624608993530273
      vertex 17.899999618530273 -13.625 -0.9959287047386169
    endloop
  endfacet
  facet normal 0 -0.442287493704812 0.8968733315871957
    outer loop
      vertex 17.899999618530273 -13.75991439819336 -1.0624608993530273
      vertex 14.299999237060547 -13.625 -0.9959287047386169
      vertex 14.299999237060547 -13.75991439819336 -1.0624608993530273
    endloop
  endfacet
  facet normal 0 -0.946928019277125 -0.3214456817378338
    outer loop
      vertex 6.09999942779541 -13.08918571472168 0.2976418435573578
      vertex 9.699999809265137 -13.137539863586426 0.4400855004787445
      vertex 6.09999942779541 -13.137539863586426 0.4400855004787445
    endloop
  endfacet
  facet normal 0 -0.946928019277125 -0.3214456817378338
    outer loop
      vertex 9.699999809265137 -13.137539863586426 0.4400855004787445
      vertex 6.09999942779541 -13.08918571472168 0.2976418435573578
      vertex 9.699999809265137 -13.08918571472168 0.2976418435573578
    endloop
  endfacet
  facet normal 0 -0.946928019277125 -0.3214456817378338
    outer loop
      vertex 14.299999237060547 -13.08918571472168 0.2976418435573578
      vertex 17.899999618530273 -13.137539863586426 0.4400855004787445
      vertex 14.299999237060547 -13.137539863586426 0.4400855004787445
    endloop
  endfacet
  facet normal 0 -0.946928019277125 -0.3214456817378338
    outer loop
      vertex 17.899999618530273 -13.137539863586426 0.4400855004787445
      vertex 14.299999237060547 -13.08918571472168 0.2976418435573578
      vertex 17.899999618530273 -13.08918571472168 0.2976418435573578
    endloop
  endfacet
  facet normal 0 0.9807857682111757 0.19508786962395713
    outer loop
      vertex 9.699999809265137 -15.31081485748291 -0.29764115810394287
      vertex 6.09999942779541 -15.340161323547363 -0.1501045823097229
      vertex 9.699999809265137 -15.340161323547363 -0.1501045823097229
    endloop
  endfacet
  facet normal 0 0.9807857682111757 0.19508786962395713
    outer loop
      vertex 6.09999942779541 -15.340161323547363 -0.1501045823097229
      vertex 9.699999809265137 -15.31081485748291 -0.29764115810394287
      vertex 6.09999942779541 -15.31081485748291 -0.29764115810394287
    endloop
  endfacet
  facet normal 0 0.9807857682111757 0.19508786962395713
    outer loop
      vertex 17.899999618530273 -15.31081485748291 -0.29764115810394287
      vertex 14.299999237060547 -15.340161323547363 -0.1501045823097229
      vertex 17.899999618530273 -15.340161323547363 -0.1501045823097229
    endloop
  endfacet
  facet normal 0 0.9807857682111757 0.19508786962395713
    outer loop
      vertex 14.299999237060547 -15.340161323547363 -0.1501045823097229
      vertex 17.899999618530273 -15.31081485748291 -0.29764115810394287
      vertex 14.299999237060547 -15.31081485748291 -0.29764115810394287
    endloop
  endfacet
  facet normal 0 0.6593495734613553 0.7518365114679714
    outer loop
      vertex 6.09999942779541 -14.900075912475586 -0.9123560190200806
      vertex 9.699999809265137 -15.013172149658203 -0.8131722807884216
      vertex 9.699999809265137 -14.900075912475586 -0.9123560190200806
    endloop
  endfacet
  facet normal 0 0.6593495734613553 0.7518365114679714
    outer loop
      vertex 9.699999809265137 -15.013172149658203 -0.8131722807884216
      vertex 6.09999942779541 -14.900075912475586 -0.9123560190200806
      vertex 6.09999942779541 -15.013172149658203 -0.8131722807884216
    endloop
  endfacet
  facet normal 0 0.6593495734613553 0.7518365114679714
    outer loop
      vertex 14.299999237060547 -14.900075912475586 -0.9123560190200806
      vertex 17.899999618530273 -15.013172149658203 -0.8131722807884216
      vertex 17.899999618530273 -14.900075912475586 -0.9123560190200806
    endloop
  endfacet
  facet normal 0 0.6593495734613553 0.7518365114679714
    outer loop
      vertex 17.899999618530273 -15.013172149658203 -0.8131722807884216
      vertex 14.299999237060547 -14.900075912475586 -0.9123560190200806
      vertex 14.299999237060547 -15.013172149658203 -0.8131722807884216
    endloop
  endfacet
  facet normal 0 0.9469303379367178 -0.32143885125331934
    outer loop
      vertex 9.699999809265137 -15.31081485748291 0.2976422905921936
      vertex 6.09999942779541 -15.26246166229248 0.4400865137577057
      vertex 9.699999809265137 -15.26246166229248 0.4400865137577057
    endloop
  endfacet
  facet normal 0 0.9469303379367178 -0.32143885125331934
    outer loop
      vertex 6.09999942779541 -15.26246166229248 0.4400865137577057
      vertex 9.699999809265137 -15.31081485748291 0.2976422905921936
      vertex 6.09999942779541 -15.31081485748291 0.2976422905921936
    endloop
  endfacet
  facet normal 0 0.9469303379367178 -0.32143885125331934
    outer loop
      vertex 17.899999618530273 -15.31081485748291 0.2976422905921936
      vertex 14.299999237060547 -15.26246166229248 0.4400865137577057
      vertex 17.899999618530273 -15.26246166229248 0.4400865137577057
    endloop
  endfacet
  facet normal 0 0.9469303379367178 -0.32143885125331934
    outer loop
      vertex 14.299999237060547 -15.26246166229248 0.4400865137577057
      vertex 17.899999618530273 -15.31081485748291 0.2976422905921936
      vertex 14.299999237060547 -15.31081485748291 0.2976422905921936
    endloop
  endfacet
  facet normal 0 -0.0654021578774207 -0.9978589869039497
    outer loop
      vertex 6.09999942779541 -14.199999809265137 1.1499996185302734
      vertex 9.699999809265137 -14.049895286560059 1.140161395072937
      vertex 9.699999809265137 -14.199999809265137 1.1499996185302734
    endloop
  endfacet
  facet normal 0 -0.0654021578774207 -0.9978589869039497
    outer loop
      vertex 9.699999809265137 -14.049895286560059 1.140161395072937
      vertex 6.09999942779541 -14.199999809265137 1.1499996185302734
      vertex 6.09999942779541 -14.049895286560059 1.140161395072937
    endloop
  endfacet
  facet normal 0 -0.0654021578774207 -0.9978589869039497
    outer loop
      vertex 14.299999237060547 -14.199999809265137 1.1499996185302734
      vertex 17.899999618530273 -14.049895286560059 1.140161395072937
      vertex 17.899999618530273 -14.199999809265137 1.1499996185302734
    endloop
  endfacet
  facet normal 0 -0.0654021578774207 -0.9978589869039497
    outer loop
      vertex 17.899999618530273 -14.049895286560059 1.140161395072937
      vertex 14.299999237060547 -14.199999809265137 1.1499996185302734
      vertex 14.299999237060547 -14.049895286560059 1.140161395072937
    endloop
  endfacet
  facet normal 0 0.8314702361518664 0.5555692993619781
    outer loop
      vertex 9.699999809265137 -15.112356185913086 -0.7000748515129089
      vertex 6.09999942779541 -15.195928573608398 -0.5749996304512024
      vertex 9.699999809265137 -15.195928573608398 -0.5749996304512024
    endloop
  endfacet
  facet normal 0 0.8314702361518664 0.5555692993619781
    outer loop
      vertex 6.09999942779541 -15.195928573608398 -0.5749996304512024
      vertex 9.699999809265137 -15.112356185913086 -0.7000748515129089
      vertex 6.09999942779541 -15.112356185913086 -0.7000748515129089
    endloop
  endfacet
  facet normal 0 0.8314702361518664 0.5555692993619781
    outer loop
      vertex 17.899999618530273 -15.112356185913086 -0.7000748515129089
      vertex 14.299999237060547 -15.195928573608398 -0.5749996304512024
      vertex 17.899999618530273 -15.195928573608398 -0.5749996304512024
    endloop
  endfacet
  facet normal 0 0.8314702361518664 0.5555692993619781
    outer loop
      vertex 14.299999237060547 -15.195928573608398 -0.5749996304512024
      vertex 17.899999618530273 -15.112356185913086 -0.7000748515129089
      vertex 14.299999237060547 -15.112356185913086 -0.7000748515129089
    endloop
  endfacet
  facet normal 0 -0.3214364440475634 -0.9469311550678104
    outer loop
      vertex 6.09999942779541 -13.902358055114746 1.1108142137527466
      vertex 9.699999809265137 -13.75991439819336 1.0624616146087646
      vertex 9.699999809265137 -13.902358055114746 1.1108142137527466
    endloop
  endfacet
  facet normal 0 -0.3214364440475634 -0.9469311550678104
    outer loop
      vertex 9.699999809265137 -13.75991439819336 1.0624616146087646
      vertex 6.09999942779541 -13.902358055114746 1.1108142137527466
      vertex 6.09999942779541 -13.75991439819336 1.0624616146087646
    endloop
  endfacet
  facet normal 0 -0.3214364440475634 -0.9469311550678104
    outer loop
      vertex 14.299999237060547 -13.902358055114746 1.1108142137527466
      vertex 17.899999618530273 -13.75991439819336 1.0624616146087646
      vertex 17.899999618530273 -13.902358055114746 1.1108142137527466
    endloop
  endfacet
  facet normal 0 -0.3214364440475634 -0.9469311550678104
    outer loop
      vertex 17.899999618530273 -13.75991439819336 1.0624616146087646
      vertex 14.299999237060547 -13.902358055114746 1.1108142137527466
      vertex 14.299999237060547 -13.75991439819336 1.0624616146087646
    endloop
  endfacet
  facet normal 0 0.7518398358329936 -0.6593457827685085
    outer loop
      vertex 9.699999809265137 -15.112357139587402 0.7000752091407776
      vertex 6.09999942779541 -15.01317310333252 0.8131729364395142
      vertex 9.699999809265137 -15.01317310333252 0.8131729364395142
    endloop
  endfacet
  facet normal 0 0.7518398358329936 -0.6593457827685085
    outer loop
      vertex 6.09999942779541 -15.01317310333252 0.8131729364395142
      vertex 9.699999809265137 -15.112357139587402 0.7000752091407776
      vertex 6.09999942779541 -15.112357139587402 0.7000752091407776
    endloop
  endfacet
  facet normal 0 0.7518398358329936 -0.6593457827685085
    outer loop
      vertex 17.899999618530273 -15.112357139587402 0.7000752091407776
      vertex 14.299999237060547 -15.01317310333252 0.8131729364395142
      vertex 17.899999618530273 -15.01317310333252 0.8131729364395142
    endloop
  endfacet
  facet normal 0 0.7518398358329936 -0.6593457827685085
    outer loop
      vertex 14.299999237060547 -15.01317310333252 0.8131729364395142
      vertex 17.899999618530273 -15.112357139587402 0.7000752091407776
      vertex 14.299999237060547 -15.112357139587402 0.7000752091407776
    endloop
  endfacet
  facet normal 0 -0.19508703565507385 0.9807859340953641
    outer loop
      vertex 6.09999942779541 -13.902358055114746 -1.1108139753341675
      vertex 9.699999809265137 -14.049895286560059 -1.1401604413986206
      vertex 9.699999809265137 -13.902358055114746 -1.1108139753341675
    endloop
  endfacet
  facet normal 0 -0.19508703565507385 0.9807859340953641
    outer loop
      vertex 9.699999809265137 -14.049895286560059 -1.1401604413986206
      vertex 6.09999942779541 -13.902358055114746 -1.1108139753341675
      vertex 6.09999942779541 -14.049895286560059 -1.1401604413986206
    endloop
  endfacet
  facet normal 0 -0.19508703565507385 0.9807859340953641
    outer loop
      vertex 14.299999237060547 -13.902358055114746 -1.1108139753341675
      vertex 17.899999618530273 -14.049895286560059 -1.1401604413986206
      vertex 17.899999618530273 -13.902358055114746 -1.1108139753341675
    endloop
  endfacet
  facet normal 0 -0.19508703565507385 0.9807859340953641
    outer loop
      vertex 17.899999618530273 -14.049895286560059 -1.1401604413986206
      vertex 14.299999237060547 -13.902358055114746 -1.1108139753341675
      vertex 14.299999237060547 -14.049895286560059 -1.1401604413986206
    endloop
  endfacet
  facet normal 0 -0.06540689238579078 0.997858676581225
    outer loop
      vertex 6.09999942779541 -14.049895286560059 -1.1401604413986206
      vertex 9.699999809265137 -14.199999809265137 -1.1499993801116943
      vertex 9.699999809265137 -14.049895286560059 -1.1401604413986206
    endloop
  endfacet
  facet normal 0 -0.06540689238579078 0.997858676581225
    outer loop
      vertex 9.699999809265137 -14.199999809265137 -1.1499993801116943
      vertex 6.09999942779541 -14.049895286560059 -1.1401604413986206
      vertex 6.09999942779541 -14.199999809265137 -1.1499993801116943
    endloop
  endfacet
  facet normal 0 -0.06540689238579078 0.997858676581225
    outer loop
      vertex 14.299999237060547 -14.049895286560059 -1.1401604413986206
      vertex 17.899999618530273 -14.199999809265137 -1.1499993801116943
      vertex 17.899999618530273 -14.049895286560059 -1.1401604413986206
    endloop
  endfacet
  facet normal 0 -0.06540689238579078 0.997858676581225
    outer loop
      vertex 17.899999618530273 -14.199999809265137 -1.1499993801116943
      vertex 14.299999237060547 -14.049895286560059 -1.1401604413986206
      vertex 14.299999237060547 -14.199999809265137 -1.1499993801116943
    endloop
  endfacet
  facet normal 0 0.5555676483101804 0.831471339344355
    outer loop
      vertex 6.09999942779541 -14.774999618530273 -0.9959287643432617
      vertex 9.699999809265137 -14.900075912475586 -0.9123560190200806
      vertex 9.699999809265137 -14.774999618530273 -0.9959287643432617
    endloop
  endfacet
  facet normal 0 0.5555676483101804 0.831471339344355
    outer loop
      vertex 9.699999809265137 -14.900075912475586 -0.9123560190200806
      vertex 6.09999942779541 -14.774999618530273 -0.9959287643432617
      vertex 6.09999942779541 -14.900075912475586 -0.9123560190200806
    endloop
  endfacet
  facet normal 0 0.5555676483101804 0.831471339344355
    outer loop
      vertex 14.299999237060547 -14.774999618530273 -0.9959287643432617
      vertex 17.899999618530273 -14.900075912475586 -0.9123560190200806
      vertex 17.899999618530273 -14.774999618530273 -0.9959287643432617
    endloop
  endfacet
  facet normal 0 0.5555676483101804 0.831471339344355
    outer loop
      vertex 17.899999618530273 -14.900075912475586 -0.9123560190200806
      vertex 14.299999237060547 -14.774999618530273 -0.9959287643432617
      vertex 14.299999237060547 -14.900075912475586 -0.9123560190200806
    endloop
  endfacet
  facet normal 0 -0.9469306654568947 0.3214378864063203
    outer loop
      vertex 6.09999942779541 -13.13753890991211 -0.44008633494377136
      vertex 9.699999809265137 -13.08918571472168 -0.2976416349411011
      vertex 6.09999942779541 -13.08918571472168 -0.2976416349411011
    endloop
  endfacet
  facet normal 0 -0.9469306654568947 0.3214378864063203
    outer loop
      vertex 9.699999809265137 -13.08918571472168 -0.2976416349411011
      vertex 6.09999942779541 -13.13753890991211 -0.44008633494377136
      vertex 9.699999809265137 -13.13753890991211 -0.44008633494377136
    endloop
  endfacet
  facet normal 0 -0.9469306654568947 0.3214378864063203
    outer loop
      vertex 14.299999237060547 -13.13753890991211 -0.44008633494377136
      vertex 17.899999618530273 -13.08918571472168 -0.2976416349411011
      vertex 14.299999237060547 -13.08918571472168 -0.2976416349411011
    endloop
  endfacet
  facet normal 0 -0.9469306654568947 0.3214378864063203
    outer loop
      vertex 17.899999618530273 -13.08918571472168 -0.2976416349411011
      vertex 14.299999237060547 -13.13753890991211 -0.44008633494377136
      vertex 17.899999618530273 -13.13753890991211 -0.44008633494377136
    endloop
  endfacet
  facet normal 0 0.1950905356421123 0.9807852379103562
    outer loop
      vertex 6.09999942779541 -14.350105285644531 -1.1401607990264893
      vertex 9.699999809265137 -14.497641563415527 -1.1108139753341675
      vertex 9.699999809265137 -14.350105285644531 -1.1401607990264893
    endloop
  endfacet
  facet normal 0 0.1950905356421123 0.9807852379103562
    outer loop
      vertex 9.699999809265137 -14.497641563415527 -1.1108139753341675
      vertex 6.09999942779541 -14.350105285644531 -1.1401607990264893
      vertex 6.09999942779541 -14.497641563415527 -1.1108139753341675
    endloop
  endfacet
  facet normal 0 0.1950905356421123 0.9807852379103562
    outer loop
      vertex 14.299999237060547 -14.350105285644531 -1.1401607990264893
      vertex 17.899999618530273 -14.497641563415527 -1.1108139753341675
      vertex 17.899999618530273 -14.350105285644531 -1.1401607990264893
    endloop
  endfacet
  facet normal 0 0.1950905356421123 0.9807852379103562
    outer loop
      vertex 17.899999618530273 -14.497641563415527 -1.1108139753341675
      vertex 14.299999237060547 -14.350105285644531 -1.1401607990264893
      vertex 14.299999237060547 -14.497641563415527 -1.1108139753341675
    endloop
  endfacet
  facet normal 0 -0.8968721323140759 0.44228992558999425
    outer loop
      vertex 6.09999942779541 -13.204071044921875 -0.5749996900558472
      vertex 9.699999809265137 -13.13753890991211 -0.44008633494377136
      vertex 6.09999942779541 -13.13753890991211 -0.44008633494377136
    endloop
  endfacet
  facet normal 0 -0.8968721323140759 0.44228992558999425
    outer loop
      vertex 9.699999809265137 -13.13753890991211 -0.44008633494377136
      vertex 6.09999942779541 -13.204071044921875 -0.5749996900558472
      vertex 9.699999809265137 -13.204071044921875 -0.5749996900558472
    endloop
  endfacet
  facet normal 0 -0.8968721323140759 0.44228992558999425
    outer loop
      vertex 14.299999237060547 -13.204071044921875 -0.5749996900558472
      vertex 17.899999618530273 -13.13753890991211 -0.44008633494377136
      vertex 14.299999237060547 -13.13753890991211 -0.44008633494377136
    endloop
  endfacet
  facet normal 0 -0.8968721323140759 0.44228992558999425
    outer loop
      vertex 17.899999618530273 -13.13753890991211 -0.44008633494377136
      vertex 14.299999237060547 -13.204071044921875 -0.5749996900558472
      vertex 17.899999618530273 -13.204071044921875 -0.5749996900558472
    endloop
  endfacet
  facet normal 0 0.3214421287908982 -0.9469292253586725
    outer loop
      vertex 6.09999942779541 -14.64008617401123 1.0624611377716064
      vertex 9.699999809265137 -14.497642517089844 1.1108146905899048
      vertex 9.699999809265137 -14.64008617401123 1.0624611377716064
    endloop
  endfacet
  facet normal 0 0.3214421287908982 -0.9469292253586725
    outer loop
      vertex 9.699999809265137 -14.497642517089844 1.1108146905899048
      vertex 6.09999942779541 -14.64008617401123 1.0624611377716064
      vertex 6.09999942779541 -14.497642517089844 1.1108146905899048
    endloop
  endfacet
  facet normal 0 0.3214421287908982 -0.9469292253586725
    outer loop
      vertex 14.299999237060547 -14.64008617401123 1.0624611377716064
      vertex 17.899999618530273 -14.497642517089844 1.1108146905899048
      vertex 17.899999618530273 -14.64008617401123 1.0624611377716064
    endloop
  endfacet
  facet normal 0 0.3214421287908982 -0.9469292253586725
    outer loop
      vertex 17.899999618530273 -14.497642517089844 1.1108146905899048
      vertex 14.299999237060547 -14.64008617401123 1.0624611377716064
      vertex 14.299999237060547 -14.497642517089844 1.1108146905899048
    endloop
  endfacet
  facet normal 0 0.831469380037959 -0.5555705806279634
    outer loop
      vertex 9.699999809265137 -15.195929527282715 0.5750004053115845
      vertex 6.09999942779541 -15.112357139587402 0.7000752091407776
      vertex 9.699999809265137 -15.112357139587402 0.7000752091407776
    endloop
  endfacet
  facet normal 0 0.831469380037959 -0.5555705806279634
    outer loop
      vertex 6.09999942779541 -15.112357139587402 0.7000752091407776
      vertex 9.699999809265137 -15.195929527282715 0.5750004053115845
      vertex 6.09999942779541 -15.195929527282715 0.5750004053115845
    endloop
  endfacet
  facet normal 0 0.831469380037959 -0.5555705806279634
    outer loop
      vertex 17.899999618530273 -15.195929527282715 0.5750004053115845
      vertex 14.299999237060547 -15.112357139587402 0.7000752091407776
      vertex 17.899999618530273 -15.112357139587402 0.7000752091407776
    endloop
  endfacet
  facet normal 0 0.831469380037959 -0.5555705806279634
    outer loop
      vertex 14.299999237060547 -15.112357139587402 0.7000752091407776
      vertex 17.899999618530273 -15.195929527282715 0.5750004053115845
      vertex 14.299999237060547 -15.195929527282715 0.5750004053115845
    endloop
  endfacet
  facet normal 0 0.8968728299200827 -0.44228851098705085
    outer loop
      vertex 9.699999809265137 -15.26246166229248 0.4400865137577057
      vertex 6.09999942779541 -15.195929527282715 0.5750004053115845
      vertex 9.699999809265137 -15.195929527282715 0.5750004053115845
    endloop
  endfacet
  facet normal 0 0.8968728299200827 -0.44228851098705085
    outer loop
      vertex 6.09999942779541 -15.195929527282715 0.5750004053115845
      vertex 9.699999809265137 -15.26246166229248 0.4400865137577057
      vertex 6.09999942779541 -15.26246166229248 0.4400865137577057
    endloop
  endfacet
  facet normal 0 0.8968728299200827 -0.44228851098705085
    outer loop
      vertex 17.899999618530273 -15.26246166229248 0.4400865137577057
      vertex 14.299999237060547 -15.195929527282715 0.5750004053115845
      vertex 17.899999618530273 -15.195929527282715 0.5750004053115845
    endloop
  endfacet
  facet normal 0 0.8968728299200827 -0.44228851098705085
    outer loop
      vertex 14.299999237060547 -15.195929527282715 0.5750004053115845
      vertex 17.899999618530273 -15.26246166229248 0.4400865137577057
      vertex 14.299999237060547 -15.26246166229248 0.4400865137577057
    endloop
  endfacet
  facet normal 0 0.8968715165112368 0.4422911743080956
    outer loop
      vertex 9.699999809265137 -15.195928573608398 -0.5749996304512024
      vertex 6.09999942779541 -15.26246166229248 -0.4400848150253296
      vertex 9.699999809265137 -15.26246166229248 -0.4400848150253296
    endloop
  endfacet
  facet normal 0 0.8968715165112368 0.4422911743080956
    outer loop
      vertex 6.09999942779541 -15.26246166229248 -0.4400848150253296
      vertex 9.699999809265137 -15.195928573608398 -0.5749996304512024
      vertex 6.09999942779541 -15.195928573608398 -0.5749996304512024
    endloop
  endfacet
  facet normal 0 0.8968715165112368 0.4422911743080956
    outer loop
      vertex 17.899999618530273 -15.195928573608398 -0.5749996304512024
      vertex 14.299999237060547 -15.26246166229248 -0.4400848150253296
      vertex 17.899999618530273 -15.26246166229248 -0.4400848150253296
    endloop
  endfacet
  facet normal 0 0.8968715165112368 0.4422911743080956
    outer loop
      vertex 14.299999237060547 -15.26246166229248 -0.4400848150253296
      vertex 17.899999618530273 -15.195928573608398 -0.5749996304512024
      vertex 14.299999237060547 -15.195928573608398 -0.5749996304512024
    endloop
  endfacet
  facet normal 0 0.9469299490026768 0.32143999701622034
    outer loop
      vertex 9.699999809265137 -15.26246166229248 -0.4400848150253296
      vertex 6.09999942779541 -15.31081485748291 -0.29764115810394287
      vertex 9.699999809265137 -15.31081485748291 -0.29764115810394287
    endloop
  endfacet
  facet normal 0 0.9469299490026768 0.32143999701622034
    outer loop
      vertex 6.09999942779541 -15.31081485748291 -0.29764115810394287
      vertex 9.699999809265137 -15.26246166229248 -0.4400848150253296
      vertex 6.09999942779541 -15.26246166229248 -0.4400848150253296
    endloop
  endfacet
  facet normal 0 0.9469299490026768 0.32143999701622034
    outer loop
      vertex 17.899999618530273 -15.26246166229248 -0.4400848150253296
      vertex 14.299999237060547 -15.31081485748291 -0.29764115810394287
      vertex 17.899999618530273 -15.31081485748291 -0.29764115810394287
    endloop
  endfacet
  facet normal 0 0.9469299490026768 0.32143999701622034
    outer loop
      vertex 14.299999237060547 -15.31081485748291 -0.29764115810394287
      vertex 17.899999618530273 -15.26246166229248 -0.4400848150253296
      vertex 14.299999237060547 -15.26246166229248 -0.4400848150253296
    endloop
  endfacet
  facet normal 0 0.0654029085404475 -0.997858937703346
    outer loop
      vertex 6.09999942779541 -14.350106239318848 1.140161156654358
      vertex 9.699999809265137 -14.199999809265137 1.1499996185302734
      vertex 9.699999809265137 -14.350106239318848 1.140161156654358
    endloop
  endfacet
  facet normal 0 0.0654029085404475 -0.997858937703346
    outer loop
      vertex 9.699999809265137 -14.199999809265137 1.1499996185302734
      vertex 6.09999942779541 -14.350106239318848 1.140161156654358
      vertex 6.09999942779541 -14.199999809265137 1.1499996185302734
    endloop
  endfacet
  facet normal 0 0.0654029085404475 -0.997858937703346
    outer loop
      vertex 14.299999237060547 -14.350106239318848 1.140161156654358
      vertex 17.899999618530273 -14.199999809265137 1.1499996185302734
      vertex 17.899999618530273 -14.350106239318848 1.140161156654358
    endloop
  endfacet
  facet normal 0 0.0654029085404475 -0.997858937703346
    outer loop
      vertex 17.899999618530273 -14.199999809265137 1.1499996185302734
      vertex 14.299999237060547 -14.350106239318848 1.140161156654358
      vertex 14.299999237060547 -14.199999809265137 1.1499996185302734
    endloop
  endfacet
  facet normal 0 0.4422849439052895 -0.8968745890004326
    outer loop
      vertex 6.09999942779541 -14.77500057220459 0.9959294199943542
      vertex 9.699999809265137 -14.64008617401123 1.0624611377716064
      vertex 9.699999809265137 -14.77500057220459 0.9959294199943542
    endloop
  endfacet
  facet normal 0 0.4422849439052895 -0.8968745890004326
    outer loop
      vertex 9.699999809265137 -14.64008617401123 1.0624611377716064
      vertex 6.09999942779541 -14.77500057220459 0.9959294199943542
      vertex 6.09999942779541 -14.64008617401123 1.0624611377716064
    endloop
  endfacet
  facet normal 0 0.4422849439052895 -0.8968745890004326
    outer loop
      vertex 14.299999237060547 -14.77500057220459 0.9959294199943542
      vertex 17.899999618530273 -14.64008617401123 1.0624611377716064
      vertex 17.899999618530273 -14.77500057220459 0.9959294199943542
    endloop
  endfacet
  facet normal 0 0.4422849439052895 -0.8968745890004326
    outer loop
      vertex 17.899999618530273 -14.64008617401123 1.0624611377716064
      vertex 14.299999237060547 -14.77500057220459 0.9959294199943542
      vertex 14.299999237060547 -14.64008617401123 1.0624611377716064
    endloop
  endfacet
  facet normal 0 0.44229032727268675 0.8968719342252938
    outer loop
      vertex 6.09999942779541 -14.64008617401123 -1.062461018562317
      vertex 9.699999809265137 -14.774999618530273 -0.9959287643432617
      vertex 9.699999809265137 -14.64008617401123 -1.062461018562317
    endloop
  endfacet
  facet normal 0 0.44229032727268675 0.8968719342252938
    outer loop
      vertex 9.699999809265137 -14.774999618530273 -0.9959287643432617
      vertex 6.09999942779541 -14.64008617401123 -1.062461018562317
      vertex 6.09999942779541 -14.774999618530273 -0.9959287643432617
    endloop
  endfacet
  facet normal 0 0.44229032727268675 0.8968719342252938
    outer loop
      vertex 14.299999237060547 -14.64008617401123 -1.062461018562317
      vertex 17.899999618530273 -14.774999618530273 -0.9959287643432617
      vertex 17.899999618530273 -14.64008617401123 -1.062461018562317
    endloop
  endfacet
  facet normal 0 0.44229032727268675 0.8968719342252938
    outer loop
      vertex 17.899999618530273 -14.774999618530273 -0.9959287643432617
      vertex 14.299999237060547 -14.64008617401123 -1.062461018562317
      vertex 14.299999237060547 -14.774999618530273 -0.9959287643432617
    endloop
  endfacet
  facet normal 0 -0.9807857305099271 0.19508805916331443
    outer loop
      vertex 6.09999942779541 -13.08918571472168 -0.2976416349411011
      vertex 9.699999809265137 -13.059839248657227 -0.15010520815849304
      vertex 6.09999942779541 -13.059839248657227 -0.15010520815849304
    endloop
  endfacet
  facet normal 0 -0.9807857305099271 0.19508805916331443
    outer loop
      vertex 9.699999809265137 -13.059839248657227 -0.15010520815849304
      vertex 6.09999942779541 -13.08918571472168 -0.2976416349411011
      vertex 9.699999809265137 -13.08918571472168 -0.2976416349411011
    endloop
  endfacet
  facet normal 0 -0.9807857305099271 0.19508805916331443
    outer loop
      vertex 14.299999237060547 -13.08918571472168 -0.2976416349411011
      vertex 17.899999618530273 -13.059839248657227 -0.15010520815849304
      vertex 14.299999237060547 -13.059839248657227 -0.15010520815849304
    endloop
  endfacet
  facet normal 0 -0.9807857305099271 0.19508805916331443
    outer loop
      vertex 17.899999618530273 -13.059839248657227 -0.15010520815849304
      vertex 14.299999237060547 -13.08918571472168 -0.2976416349411011
      vertex 17.899999618530273 -13.08918571472168 -0.2976416349411011
    endloop
  endfacet
  facet normal 0 -0.6593444148873836 0.7518410354302388
    outer loop
      vertex 6.09999942779541 -13.38682746887207 -0.8131722807884216
      vertex 9.699999809265137 -13.499924659729004 -0.9123554825782776
      vertex 9.699999809265137 -13.38682746887207 -0.8131722807884216
    endloop
  endfacet
  facet normal 0 -0.6593444148873836 0.7518410354302388
    outer loop
      vertex 9.699999809265137 -13.499924659729004 -0.9123554825782776
      vertex 6.09999942779541 -13.38682746887207 -0.8131722807884216
      vertex 6.09999942779541 -13.499924659729004 -0.9123554825782776
    endloop
  endfacet
  facet normal 0 -0.6593444148873836 0.7518410354302388
    outer loop
      vertex 14.299999237060547 -13.38682746887207 -0.8131722807884216
      vertex 17.899999618530273 -13.499924659729004 -0.9123554825782776
      vertex 17.899999618530273 -13.38682746887207 -0.8131722807884216
    endloop
  endfacet
  facet normal 0 -0.6593444148873836 0.7518410354302388
    outer loop
      vertex 17.899999618530273 -13.499924659729004 -0.9123554825782776
      vertex 14.299999237060547 -13.38682746887207 -0.8131722807884216
      vertex 14.299999237060547 -13.499924659729004 -0.9123554825782776
    endloop
  endfacet
  facet normal 0 0.9978586411259143 0.0654074332957927
    outer loop
      vertex 9.699999809265137 -15.340161323547363 -0.1501045823097229
      vertex 6.09999942779541 -15.350000381469727 5.123814048602071e-7
      vertex 9.699999809265137 -15.350000381469727 5.123814048602071e-7
    endloop
  endfacet
  facet normal 0 0.9978586411259143 0.0654074332957927
    outer loop
      vertex 6.09999942779541 -15.350000381469727 5.123814048602071e-7
      vertex 9.699999809265137 -15.340161323547363 -0.1501045823097229
      vertex 6.09999942779541 -15.340161323547363 -0.1501045823097229
    endloop
  endfacet
  facet normal 0 0.9978586411259143 0.0654074332957927
    outer loop
      vertex 17.899999618530273 -15.340161323547363 -0.1501045823097229
      vertex 14.299999237060547 -15.350000381469727 5.123814048602071e-7
      vertex 17.899999618530273 -15.350000381469727 5.123814048602071e-7
    endloop
  endfacet
  facet normal 0 0.9978586411259143 0.0654074332957927
    outer loop
      vertex 14.299999237060547 -15.350000381469727 5.123814048602071e-7
      vertex 17.899999618530273 -15.340161323547363 -0.1501045823097229
      vertex 14.299999237060547 -15.340161323547363 -0.1501045823097229
    endloop
  endfacet
  facet normal 0 -0.8314703584533699 0.555569116324355
    outer loop
      vertex 6.09999942779541 -13.287643432617188 -0.7000749707221985
      vertex 9.699999809265137 -13.204071044921875 -0.5749996900558472
      vertex 6.09999942779541 -13.204071044921875 -0.5749996900558472
    endloop
  endfacet
  facet normal 0 -0.8314703584533699 0.555569116324355
    outer loop
      vertex 9.699999809265137 -13.204071044921875 -0.5749996900558472
      vertex 6.09999942779541 -13.287643432617188 -0.7000749707221985
      vertex 9.699999809265137 -13.287643432617188 -0.7000749707221985
    endloop
  endfacet
  facet normal 0 -0.8314703584533699 0.555569116324355
    outer loop
      vertex 14.299999237060547 -13.287643432617188 -0.7000749707221985
      vertex 17.899999618530273 -13.204071044921875 -0.5749996900558472
      vertex 14.299999237060547 -13.204071044921875 -0.5749996900558472
    endloop
  endfacet
  facet normal 0 -0.8314703584533699 0.555569116324355
    outer loop
      vertex 17.899999618530273 -13.204071044921875 -0.5749996900558472
      vertex 14.299999237060547 -13.287643432617188 -0.7000749707221985
      vertex 17.899999618530273 -13.287643432617188 -0.7000749707221985
    endloop
  endfacet
  facet normal 0 -0.7518386300270422 0.65934715772426
    outer loop
      vertex 6.09999942779541 -13.38682746887207 -0.8131722807884216
      vertex 9.699999809265137 -13.287643432617188 -0.7000749707221985
      vertex 6.09999942779541 -13.287643432617188 -0.7000749707221985
    endloop
  endfacet
  facet normal 0 -0.7518386300270422 0.65934715772426
    outer loop
      vertex 9.699999809265137 -13.287643432617188 -0.7000749707221985
      vertex 6.09999942779541 -13.38682746887207 -0.8131722807884216
      vertex 9.699999809265137 -13.38682746887207 -0.8131722807884216
    endloop
  endfacet
  facet normal 0 -0.7518386300270422 0.65934715772426
    outer loop
      vertex 14.299999237060547 -13.38682746887207 -0.8131722807884216
      vertex 17.899999618530273 -13.287643432617188 -0.7000749707221985
      vertex 14.299999237060547 -13.287643432617188 -0.7000749707221985
    endloop
  endfacet
  facet normal 0 -0.7518386300270422 0.65934715772426
    outer loop
      vertex 17.899999618530273 -13.287643432617188 -0.7000749707221985
      vertex 14.299999237060547 -13.38682746887207 -0.8131722807884216
      vertex 17.899999618530273 -13.38682746887207 -0.8131722807884216
    endloop
  endfacet
  facet normal 0 0.1950882487030327 -0.9807856928085685
    outer loop
      vertex 6.09999942779541 -14.497642517089844 1.1108146905899048
      vertex 9.699999809265137 -14.350106239318848 1.140161156654358
      vertex 9.699999809265137 -14.497642517089844 1.1108146905899048
    endloop
  endfacet
  facet normal 0 0.1950882487030327 -0.9807856928085685
    outer loop
      vertex 9.699999809265137 -14.350106239318848 1.140161156654358
      vertex 6.09999942779541 -14.497642517089844 1.1108146905899048
      vertex 6.09999942779541 -14.350106239318848 1.140161156654358
    endloop
  endfacet
  facet normal 0 0.1950882487030327 -0.9807856928085685
    outer loop
      vertex 14.299999237060547 -14.497642517089844 1.1108146905899048
      vertex 17.899999618530273 -14.350106239318848 1.140161156654358
      vertex 17.899999618530273 -14.497642517089844 1.1108146905899048
    endloop
  endfacet
  facet normal 0 0.1950882487030327 -0.9807856928085685
    outer loop
      vertex 17.899999618530273 -14.350106239318848 1.140161156654358
      vertex 14.299999237060547 -14.497642517089844 1.1108146905899048
      vertex 14.299999237060547 -14.350106239318848 1.140161156654358
    endloop
  endfacet
  facet normal 0 -0.555572768371392 0.8314679182290485
    outer loop
      vertex 6.09999942779541 -13.499924659729004 -0.9123554825782776
      vertex 9.699999809265137 -13.625 -0.9959287047386169
      vertex 9.699999809265137 -13.499924659729004 -0.9123554825782776
    endloop
  endfacet
  facet normal 0 -0.555572768371392 0.8314679182290485
    outer loop
      vertex 9.699999809265137 -13.625 -0.9959287047386169
      vertex 6.09999942779541 -13.499924659729004 -0.9123554825782776
      vertex 6.09999942779541 -13.625 -0.9959287047386169
    endloop
  endfacet
  facet normal 0 -0.555572768371392 0.8314679182290485
    outer loop
      vertex 14.299999237060547 -13.499924659729004 -0.9123554825782776
      vertex 17.899999618530273 -13.625 -0.9959287047386169
      vertex 17.899999618530273 -13.499924659729004 -0.9123554825782776
    endloop
  endfacet
  facet normal 0 -0.555572768371392 0.8314679182290485
    outer loop
      vertex 17.899999618530273 -13.625 -0.9959287047386169
      vertex 14.299999237060547 -13.499924659729004 -0.9123554825782776
      vertex 14.299999237060547 -13.625 -0.9959287047386169
    endloop
  endfacet
endsolid OpenSCAD_Model
