solid OpenSCAD_Model
  facet normal 0 0.9805907940394903 -0.19606553660702758
    outer loop
      vertex 24 11.454559326171875 -2.9609031677246094
      vertex 22 11.446742057800293 -3
      vertex 22 11.454559326171875 -2.9609031677246094
    endloop
  endfacet
  facet normal 0 0.9805901505483176 -0.19606875489895834
    outer loop
      vertex 22 11.446742057800293 -3
      vertex 24 11.26611328125 -3.9033708572387695
      vertex 2 11.446742057800293 -3
    endloop
  endfacet
  facet normal 6.271351580629261e-8 0.9805901772427571 -0.19606862139315984
    outer loop
      vertex 24 11.26611328125 -3.9033708572387695
      vertex 22 11.446742057800293 -3
      vertex 24 11.454559326171875 -2.9609031677246094
    endloop
  endfacet
  facet normal 0 0.9805907940394903 -0.19606553660702758
    outer loop
      vertex 2 11.446742057800293 -3
      vertex 0 11.454559326171875 -2.9609031677246094
      vertex 2 11.454559326171875 -2.9609031677246094
    endloop
  endfacet
  facet normal 0 0.9805901505483176 -0.19606875489895836
    outer loop
      vertex 0 11.26611328125 -3.9033708572387695
      vertex 2 11.446742057800293 -3
      vertex 24 11.26611328125 -3.9033708572387695
    endloop
  endfacet
  facet normal -6.271351580629261e-8 0.9805901772427571 -0.19606862139315984
    outer loop
      vertex 2 11.446742057800293 -3
      vertex 0 11.26611328125 -3.9033708572387695
      vertex 0 11.454559326171875 -2.9609031677246094
    endloop
  endfacet
  facet normal 0 0.6460325833253916 -0.7633098330834741
    outer loop
      vertex 22.099998474121094 8.181295394897461 -9.42357063293457
      vertex 24 8.68696117401123 -8.995596885681152
      vertex 24 8.181295394897461 -9.42357063293457
    endloop
  endfacet
  facet normal 0 0.6460325833253916 -0.7633098330834741
    outer loop
      vertex 24 8.68696117401123 -8.995596885681152
      vertex 22.099998474121094 8.181295394897461 -9.42357063293457
      vertex 22.099998474121094 8.68696117401123 -8.995596885681152
    endloop
  endfacet
  facet normal 0 0.6460325833253916 -0.7633098330834741
    outer loop
      vertex 0 8.181295394897461 -9.42357063293457
      vertex 1.8999996185302734 8.68696117401123 -8.995596885681152
      vertex 1.8999996185302734 8.181295394897461 -9.42357063293457
    endloop
  endfacet
  facet normal 0 0.6460325833253916 -0.7633098330834741
    outer loop
      vertex 1.8999996185302734 8.68696117401123 -8.995596885681152
      vertex 0 8.181295394897461 -9.42357063293457
      vertex 0 8.68696117401123 -8.995596885681152
    endloop
  endfacet
  facet normal 0 0.6460325833253915 -0.763309833083474
    outer loop
      vertex 5.09999942779541 8.181295394897461 -9.42357063293457
      vertex 18.899999618530273 8.68696117401123 -8.995596885681152
      vertex 18.899999618530273 8.181295394897461 -9.42357063293457
    endloop
  endfacet
  facet normal 0 0.6460325833253915 -0.763309833083474
    outer loop
      vertex 18.899999618530273 8.68696117401123 -8.995596885681152
      vertex 5.09999942779541 8.181295394897461 -9.42357063293457
      vertex 5.09999942779541 8.68696117401123 -8.995596885681152
    endloop
  endfacet
  facet normal 0 -0.9238019575620807 -0.3828706611957454
    outer loop
      vertex 5.09999942779541 -10.406159400939941 -6.470810890197754
      vertex 18.899999618530273 -10.529999732971191 -6.1720051765441895
      vertex 5.09999942779541 -10.529999732971191 -6.1720051765441895
    endloop
  endfacet
  facet normal 0 -0.9238019575620807 -0.3828706611957454
    outer loop
      vertex 18.899999618530273 -10.529999732971191 -6.1720051765441895
      vertex 5.09999942779541 -10.406159400939941 -6.470810890197754
      vertex 18.899999618530273 -10.406159400939941 -6.470810890197754
    endloop
  endfacet
  facet normal 0 -0.9238019145245973 -0.3828707650378764
    outer loop
      vertex 5.09999942779541 -10.529999732971191 -6.1720051765441895
      vertex 0 -10.739376068115234 -5.666815757751465
      vertex 1.8999996185302734 -10.529999732971191 -6.1720051765441895
    endloop
  endfacet
  facet normal 1.2024085699211497e-8 -0.9238019305195282 -0.3828707264448309
    outer loop
      vertex 0 -10.406159400939941 -6.470810890197754
      vertex 1.8999996185302734 -10.529999732971191 -6.1720051765441895
      vertex 0 -10.739376068115234 -5.666815757751465
    endloop
  endfacet
  facet normal 0 -0.9238019575620809 -0.3828706611957455
    outer loop
      vertex 1.8999996185302734 -10.529999732971191 -6.1720051765441895
      vertex 0 -10.406159400939941 -6.470810890197754
      vertex 1.8999996185302734 -10.406159400939941 -6.470810890197754
    endloop
  endfacet
  facet normal 0 -0.9238019145245973 -0.3828707650378764
    outer loop
      vertex 0 -10.739376068115234 -5.666815757751465
      vertex 5.09999942779541 -10.529999732971191 -6.1720051765441895
      vertex 24 -10.739376068115234 -5.666815757751465
    endloop
  endfacet
  facet normal 0 -0.9238019145245973 -0.38287076503787637
    outer loop
      vertex 18.899999618530273 -10.529999732971191 -6.1720051765441895
      vertex 24 -10.739376068115234 -5.666815757751465
      vertex 5.09999942779541 -10.529999732971191 -6.1720051765441895
    endloop
  endfacet
  facet normal 0 -0.9238019145245973 -0.3828707650378764
    outer loop
      vertex 22.099998474121094 -10.529999732971191 -6.1720051765441895
      vertex 24 -10.739376068115234 -5.666815757751465
      vertex 18.899999618530273 -10.529999732971191 -6.1720051765441895
    endloop
  endfacet
  facet normal 0 -0.9238019575620808 -0.3828706611957455
    outer loop
      vertex 24 -10.406159400939941 -6.470810890197754
      vertex 22.099998474121094 -10.529999732971191 -6.1720051765441895
      vertex 22.099998474121094 -10.406159400939941 -6.470810890197754
    endloop
  endfacet
  facet normal -1.2024073628629916e-8 -0.9238019305195282 -0.3828707264448309
    outer loop
      vertex 22.099998474121094 -10.529999732971191 -6.1720051765441895
      vertex 24 -10.406159400939941 -6.470810890197754
      vertex 24 -10.739376068115234 -5.666815757751465
    endloop
  endfacet
  facet normal 0 -0.948223393855029 -0.3176041488174401
    outer loop
      vertex 0 -10.739376068115234 -5.666815757751465
      vertex 24 -11.02695083618164 -4.808246612548828
      vertex 0 -11.02695083618164 -4.808246612548828
    endloop
  endfacet
  facet normal 0 -0.948223393855029 -0.3176041488174401
    outer loop
      vertex 24 -11.02695083618164 -4.808246612548828
      vertex 0 -10.739376068115234 -5.666815757751465
      vertex 24 -10.739376068115234 -5.666815757751465
    endloop
  endfacet
  facet normal 0 -0.9805901772427591 -0.19606862139316023
    outer loop
      vertex 0 -11.26611328125 -3.9033708572387695
      vertex 24 -11.454559326171875 -2.9609031677246094
      vertex 0 -11.454559326171875 -2.9609031677246094
    endloop
  endfacet
  facet normal 0 -0.9805901772427591 -0.19606862139316023
    outer loop
      vertex 24 -11.454559326171875 -2.9609031677246094
      vertex 0 -11.26611328125 -3.9033708572387695
      vertex 24 -11.26611328125 -3.9033708572387695
    endloop
  endfacet
  facet normal 0 0 -1
    outer loop
      vertex 22.099998474121094 -6 -10.199999809265137
      vertex 24 6 -10.199999809265137
      vertex 24 -6 -10.199999809265137
    endloop
  endfacet
  facet normal 0 0 -1
    outer loop
      vertex 24 6 -10.199999809265137
      vertex 22.099998474121094 -6 -10.199999809265137
      vertex 22.099998474121094 6 -10.199999809265137
    endloop
  endfacet
  facet normal 0 0 -1
    outer loop
      vertex 0 -6 -10.199999809265137
      vertex 1.8999996185302734 6 -10.199999809265137
      vertex 1.8999996185302734 -6 -10.199999809265137
    endloop
  endfacet
  facet normal 0 0 -1
    outer loop
      vertex 1.8999996185302734 6 -10.199999809265137
      vertex 0 -6 -10.199999809265137
      vertex 0 6 -10.199999809265137
    endloop
  endfacet
  facet normal 0 0 -1
    outer loop
      vertex 5.09999942779541 -6 -10.199999809265137
      vertex 18.899999618530273 6 -10.199999809265137
      vertex 18.899999618530273 -6 -10.199999809265137
    endloop
  endfacet
  facet normal 0 0 -1
    outer loop
      vertex 18.899999618530273 6 -10.199999809265137
      vertex 5.09999942779541 -6 -10.199999809265137
      vertex 5.09999942779541 6 -10.199999809265137
    endloop
  endfacet
  facet normal 0 0.990344666055023 -0.13862699021606448
    outer loop
      vertex 24 11.454559326171875 -2.9609031677246094
      vertex 22 11.590476036071777 -1.9899206161499023
      vertex 24 11.590476036071777 -1.9899206161499023
    endloop
  endfacet
  facet normal 0 0.990344666055023 -0.13862699021606448
    outer loop
      vertex 22 11.590476036071777 -1.9899206161499023
      vertex 24 11.454559326171875 -2.9609031677246094
      vertex 22 11.454559326171875 -2.9609031677246094
    endloop
  endfacet
  facet normal 0 0.990344666055023 -0.13862699021606448
    outer loop
      vertex 2 11.454559326171875 -2.9609031677246094
      vertex 0 11.590476036071777 -1.9899206161499023
      vertex 2 11.590476036071777 -1.9899206161499023
    endloop
  endfacet
  facet normal 0 0.990344666055023 -0.13862699021606448
    outer loop
      vertex 0 11.590476036071777 -1.9899206161499023
      vertex 2 11.454559326171875 -2.9609031677246094
      vertex 0 11.454559326171875 -2.9609031677246094
    endloop
  endfacet
  facet normal 0 -0.9965820540719399 -0.08260877375771289
    outer loop
      vertex 0 -11.672552108764648 -0.9997739791870117
      vertex 6.09999942779541 -11.62786865234375 -1.5388296842575073
      vertex 6.09999942779541 -11.672552108764648 -0.9997739791870117
    endloop
  endfacet
  facet normal 0 -0.9965819187257832 -0.08261040654080083
    outer loop
      vertex 0 -11.590476036071777 -1.9899206161499023
      vertex 9.699999809265137 -11.62786865234375 -1.5388296842575073
      vertex 6.09999942779541 -11.62786865234375 -1.5388296842575073
    endloop
  endfacet
  facet normal 0 -0.9965819187257833 -0.08261040654080085
    outer loop
      vertex 9.699999809265137 -11.62786865234375 -1.5388296842575073
      vertex 0 -11.590476036071777 -1.9899206161499023
      vertex 14.299999237060547 -11.62786865234375 -1.5388296842575073
    endloop
  endfacet
  facet normal 0 -0.9965819187257833 -0.08261040654080085
    outer loop
      vertex 24 -11.590476036071777 -1.9899206161499023
      vertex 14.299999237060547 -11.62786865234375 -1.5388296842575073
      vertex 0 -11.590476036071777 -1.9899206161499023
    endloop
  endfacet
  facet normal -6.61867205111413e-8 -0.9965819924112729 -0.08260951762099408
    outer loop
      vertex 0 -11.590476036071777 -1.9899206161499023
      vertex 6.09999942779541 -11.62786865234375 -1.5388296842575073
      vertex 0 -11.672552108764648 -0.9997739791870117
    endloop
  endfacet
  facet normal 0 -0.9965820540719399 -0.08260877375771289
    outer loop
      vertex 9.699999809265137 -11.62786865234375 -1.5388296842575073
      vertex 14.299999237060547 -11.672552108764648 -0.9997739791870117
      vertex 9.699999809265137 -11.672552108764648 -0.9997739791870117
    endloop
  endfacet
  facet normal 0 -0.9965820540719399 -0.08260877375771289
    outer loop
      vertex 14.299999237060547 -11.672552108764648 -0.9997739791870117
      vertex 9.699999809265137 -11.62786865234375 -1.5388296842575073
      vertex 14.299999237060547 -11.62786865234375 -1.5388296842575073
    endloop
  endfacet
  facet normal 0 -0.9965820540719399 -0.08260877375771289
    outer loop
      vertex 17.899999618530273 -11.62786865234375 -1.5388296842575073
      vertex 24 -11.672552108764648 -0.9997739791870117
      vertex 17.899999618530273 -11.672552108764648 -0.9997739791870117
    endloop
  endfacet
  facet normal 6.618671016350661e-8 -0.9965819924112727 -0.08260951762099407
    outer loop
      vertex 17.899999618530273 -11.62786865234375 -1.5388296842575073
      vertex 24 -11.590476036071777 -1.9899206161499023
      vertex 24 -11.672552108764648 -0.9997739791870117
    endloop
  endfacet
  facet normal 0 -0.9965819187257832 -0.08261040654080083
    outer loop
      vertex 14.299999237060547 -11.62786865234375 -1.5388296842575073
      vertex 24 -11.590476036071777 -1.9899206161499023
      vertex 17.899999618530273 -11.62786865234375 -1.5388296842575073
    endloop
  endfacet
  facet normal 0 -0.8920999149186521 -0.4518381809919715
    outer loop
      vertex 0 -10.030508041381836 -7.212489128112793
      vertex 1.8999996185302734 -10.406159400939941 -6.470810890197754
      vertex 0 -10.406159400939941 -6.470810890197754
    endloop
  endfacet
  facet normal 0 -0.8920999149186521 -0.4518381809919715
    outer loop
      vertex 1.8999996185302734 -10.406159400939941 -6.470810890197754
      vertex 0 -10.030508041381836 -7.212489128112793
      vertex 1.8999996185302734 -10.030508041381836 -7.212489128112793
    endloop
  endfacet
  facet normal 0 -0.8920999149186521 -0.4518381809919715
    outer loop
      vertex 22.099998474121094 -10.030508041381836 -7.212489128112793
      vertex 24 -10.406159400939941 -6.470810890197754
      vertex 22.099998474121094 -10.406159400939941 -6.470810890197754
    endloop
  endfacet
  facet normal 0 -0.8920999149186521 -0.4518381809919715
    outer loop
      vertex 24 -10.406159400939941 -6.470810890197754
      vertex 22.099998474121094 -10.030508041381836 -7.212489128112793
      vertex 24 -10.030508041381836 -7.212489128112793
    endloop
  endfacet
  facet normal 0 -0.8920999149186521 -0.4518381809919715
    outer loop
      vertex 5.09999942779541 -10.030508041381836 -7.212489128112793
      vertex 18.899999618530273 -10.406159400939941 -6.470810890197754
      vertex 5.09999942779541 -10.406159400939941 -6.470810890197754
    endloop
  endfacet
  facet normal 0 -0.8920999149186521 -0.4518381809919715
    outer loop
      vertex 18.899999618530273 -10.406159400939941 -6.470810890197754
      vertex 5.09999942779541 -10.030508041381836 -7.212489128112793
      vertex 18.899999618530273 -10.030508041381836 -7.212489128112793
    endloop
  endfacet
  facet normal 0 0.7986613944551442 -0.6017806718456191
    outer loop
      vertex 24 9.166749954223633 -8.480989456176758
      vertex 22.099998474121094 9.61604118347168 -7.884706497192383
      vertex 24 9.61604118347168 -7.884706497192383
    endloop
  endfacet
  facet normal 0 0.7986613944551442 -0.6017806718456191
    outer loop
      vertex 22.099998474121094 9.61604118347168 -7.884706497192383
      vertex 24 9.166749954223633 -8.480989456176758
      vertex 22.099998474121094 9.166749954223633 -8.480989456176758
    endloop
  endfacet
  facet normal 0 0.7986613944551441 -0.6017806718456191
    outer loop
      vertex 1.8999996185302734 9.166749954223633 -8.480989456176758
      vertex 0 9.61604118347168 -7.884706497192383
      vertex 1.8999996185302734 9.61604118347168 -7.884706497192383
    endloop
  endfacet
  facet normal 0 0.7986613944551441 -0.6017806718456191
    outer loop
      vertex 0 9.61604118347168 -7.884706497192383
      vertex 1.8999996185302734 9.166749954223633 -8.480989456176758
      vertex 0 9.166749954223633 -8.480989456176758
    endloop
  endfacet
  facet normal 0 0.7986613944551442 -0.6017806718456191
    outer loop
      vertex 18.899999618530273 9.166749954223633 -8.480989456176758
      vertex 5.09999942779541 9.61604118347168 -7.884706497192383
      vertex 18.899999618530273 9.61604118347168 -7.884706497192383
    endloop
  endfacet
  facet normal 0 0.7986613944551442 -0.6017806718456191
    outer loop
      vertex 5.09999942779541 9.61604118347168 -7.884706497192383
      vertex 18.899999618530273 9.166749954223633 -8.480989456176758
      vertex 5.09999942779541 9.166749954223633 -8.480989456176758
    endloop
  endfacet
  facet normal 0 -0.7314177931727592 -0.6819296238104712
    outer loop
      vertex 0 -8.68696117401123 -8.995596885681152
      vertex 1.8999996185302734 -9.166749954223633 -8.480989456176758
      vertex 0 -9.166749954223633 -8.480989456176758
    endloop
  endfacet
  facet normal 0 -0.7314177931727592 -0.6819296238104712
    outer loop
      vertex 1.8999996185302734 -9.166749954223633 -8.480989456176758
      vertex 0 -8.68696117401123 -8.995596885681152
      vertex 1.8999996185302734 -8.68696117401123 -8.995596885681152
    endloop
  endfacet
  facet normal 0 -0.7314177931727592 -0.6819296238104712
    outer loop
      vertex 22.099998474121094 -8.68696117401123 -8.995596885681152
      vertex 24 -9.166749954223633 -8.480989456176758
      vertex 22.099998474121094 -9.166749954223633 -8.480989456176758
    endloop
  endfacet
  facet normal 0 -0.7314177931727592 -0.6819296238104712
    outer loop
      vertex 24 -9.166749954223633 -8.480989456176758
      vertex 22.099998474121094 -8.68696117401123 -8.995596885681152
      vertex 24 -8.68696117401123 -8.995596885681152
    endloop
  endfacet
  facet normal 0 -0.7314177931727592 -0.6819296238104712
    outer loop
      vertex 5.09999942779541 -8.68696117401123 -8.995596885681152
      vertex 18.899999618530273 -9.166749954223633 -8.480989456176758
      vertex 5.09999942779541 -9.166749954223633 -8.480989456176758
    endloop
  endfacet
  facet normal 0 -0.7314177931727592 -0.6819296238104712
    outer loop
      vertex 18.899999618530273 -9.166749954223633 -8.480989456176758
      vertex 5.09999942779541 -8.68696117401123 -8.995596885681152
      vertex 18.899999618530273 -8.68696117401123 -8.995596885681152
    endloop
  endfacet
  facet normal 0 0.25655875810131024 -0.9665286357069373
    outer loop
      vertex 0 6.558697700500488 -10.150883674621582
      vertex 1.8999996185302734 7.1120147705078125 -10.004009246826172
      vertex 1.8999996185302734 6.558697700500488 -10.150883674621582
    endloop
  endfacet
  facet normal 0 0.25655875810131024 -0.9665286357069373
    outer loop
      vertex 1.8999996185302734 7.1120147705078125 -10.004009246826172
      vertex 0 6.558697700500488 -10.150883674621582
      vertex 0 7.1120147705078125 -10.004009246826172
    endloop
  endfacet
  facet normal 0 0.25655875810131024 -0.9665286357069373
    outer loop
      vertex 22.099998474121094 6.558697700500488 -10.150883674621582
      vertex 24 7.1120147705078125 -10.004009246826172
      vertex 24 6.558697700500488 -10.150883674621582
    endloop
  endfacet
  facet normal 0 0.25655875810131024 -0.9665286357069373
    outer loop
      vertex 24 7.1120147705078125 -10.004009246826172
      vertex 22.099998474121094 6.558697700500488 -10.150883674621582
      vertex 22.099998474121094 7.1120147705078125 -10.004009246826172
    endloop
  endfacet
  facet normal 0 0.25655875810131024 -0.9665286357069373
    outer loop
      vertex 5.09999942779541 6.558697700500488 -10.150883674621582
      vertex 18.899999618530273 7.1120147705078125 -10.004009246826172
      vertex 18.899999618530273 6.558697700500488 -10.150883674621582
    endloop
  endfacet
  facet normal 0 0.25655875810131024 -0.9665286357069373
    outer loop
      vertex 18.899999618530273 7.1120147705078125 -10.004009246826172
      vertex 5.09999942779541 6.558697700500488 -10.150883674621582
      vertex 5.09999942779541 7.1120147705078125 -10.004009246826172
    endloop
  endfacet
  facet normal 0 0.08757406901757718 -0.9961580107772584
    outer loop
      vertex 22.099998474121094 6 -10.199999809265137
      vertex 24 6.558697700500488 -10.150883674621582
      vertex 24 6 -10.199999809265137
    endloop
  endfacet
  facet normal 0 0.08757406901757718 -0.9961580107772584
    outer loop
      vertex 24 6.558697700500488 -10.150883674621582
      vertex 22.099998474121094 6 -10.199999809265137
      vertex 22.099998474121094 6.558697700500488 -10.150883674621582
    endloop
  endfacet
  facet normal 0 0.0875740690175772 -0.9961580107772585
    outer loop
      vertex 0 6 -10.199999809265137
      vertex 1.8999996185302734 6.558697700500488 -10.150883674621582
      vertex 1.8999996185302734 6 -10.199999809265137
    endloop
  endfacet
  facet normal 0 0.0875740690175772 -0.9961580107772585
    outer loop
      vertex 1.8999996185302734 6.558697700500488 -10.150883674621582
      vertex 0 6 -10.199999809265137
      vertex 0 6.558697700500488 -10.150883674621582
    endloop
  endfacet
  facet normal 0 0.0875740690175772 -0.9961580107772585
    outer loop
      vertex 5.09999942779541 6 -10.199999809265137
      vertex 18.899999618530273 6.558697700500488 -10.150883674621582
      vertex 18.899999618530273 6 -10.199999809265137
    endloop
  endfacet
  facet normal 0 0.0875740690175772 -0.9961580107772585
    outer loop
      vertex 18.899999618530273 6.558697700500488 -10.150883674621582
      vertex 5.09999942779541 6 -10.199999809265137
      vertex 5.09999942779541 6.558697700500488 -10.150883674621582
    endloop
  endfacet
  facet normal 0 0.9668012308024505 -0.2555296071277588
    outer loop
      vertex 24 11.02695083618164 -4.808246612548828
      vertex 0 11.26611328125 -3.9033708572387695
      vertex 24 11.26611328125 -3.9033708572387695
    endloop
  endfacet
  facet normal 0 0.9668012308024505 -0.2555296071277588
    outer loop
      vertex 0 11.26611328125 -3.9033708572387695
      vertex 24 11.02695083618164 -4.808246612548828
      vertex 0 11.02695083618164 -4.808246612548828
    endloop
  endfacet
  facet normal 0 0.8920999149186521 -0.4518381809919715
    outer loop
      vertex 24 10.030508041381836 -7.212489128112793
      vertex 22.099998474121094 10.406159400939941 -6.470810890197754
      vertex 24 10.406159400939941 -6.470810890197754
    endloop
  endfacet
  facet normal 0 0.8920999149186521 -0.4518381809919715
    outer loop
      vertex 22.099998474121094 10.406159400939941 -6.470810890197754
      vertex 24 10.030508041381836 -7.212489128112793
      vertex 22.099998474121094 10.030508041381836 -7.212489128112793
    endloop
  endfacet
  facet normal 0 0.8920999149186521 -0.4518381809919715
    outer loop
      vertex 1.8999996185302734 10.030508041381836 -7.212489128112793
      vertex 0 10.406159400939941 -6.470810890197754
      vertex 1.8999996185302734 10.406159400939941 -6.470810890197754
    endloop
  endfacet
  facet normal 0 0.8920999149186521 -0.4518381809919715
    outer loop
      vertex 0 10.406159400939941 -6.470810890197754
      vertex 1.8999996185302734 10.030508041381836 -7.212489128112793
      vertex 0 10.030508041381836 -7.212489128112793
    endloop
  endfacet
  facet normal 0 0.8920999149186521 -0.4518381809919715
    outer loop
      vertex 18.899999618530273 10.030508041381836 -7.212489128112793
      vertex 5.09999942779541 10.406159400939941 -6.470810890197754
      vertex 18.899999618530273 10.406159400939941 -6.470810890197754
    endloop
  endfacet
  facet normal 0 0.8920999149186521 -0.4518381809919715
    outer loop
      vertex 5.09999942779541 10.406159400939941 -6.470810890197754
      vertex 18.899999618530273 10.030508041381836 -7.212489128112793
      vertex 5.09999942779541 10.030508041381836 -7.212489128112793
    endloop
  endfacet
  facet normal 0 0.948223393855029 -0.3176041488174401
    outer loop
      vertex 24 10.739376068115234 -5.666815757751465
      vertex 0 11.02695083618164 -4.808246612548828
      vertex 24 11.02695083618164 -4.808246612548828
    endloop
  endfacet
  facet normal 0 0.948223393855029 -0.3176041488174401
    outer loop
      vertex 0 11.02695083618164 -4.808246612548828
      vertex 24 10.739376068115234 -5.666815757751465
      vertex 0 10.739376068115234 -5.666815757751465
    endloop
  endfacet
  facet normal 0 0.996581992411275 -0.08260951762099425
    outer loop
      vertex 2 11.590476036071777 -1.9899206161499023
      vertex 0 11.672552108764648 -0.9997739791870117
      vertex 2 11.672552108764648 -0.9997739791870117
    endloop
  endfacet
  facet normal 0 0.996581992411275 -0.08260951762099425
    outer loop
      vertex 0 11.672552108764648 -0.9997739791870117
      vertex 2 11.590476036071777 -1.9899206161499023
      vertex 0 11.590476036071777 -1.9899206161499023
    endloop
  endfacet
  facet normal 0 0.996581992411275 -0.08260951762099425
    outer loop
      vertex 24 11.590476036071777 -1.9899206161499023
      vertex 22 11.672552108764648 -0.9997739791870117
      vertex 24 11.672552108764648 -0.9997739791870117
    endloop
  endfacet
  facet normal 0 0.996581992411275 -0.08260951762099425
    outer loop
      vertex 22 11.672552108764648 -0.9997739791870117
      vertex 24 11.590476036071777 -1.9899206161499023
      vertex 22 11.590476036071777 -1.9899206161499023
    endloop
  endfacet
  facet normal 0 0.9996233544318948 -0.027443565262672057
    outer loop
      vertex 24 11.672552108764648 -0.9997739791870117
      vertex 22 11.699999809265137 0
      vertex 24 11.699999809265137 0
    endloop
  endfacet
  facet normal 0 0.9996233544318948 -0.027443565262672057
    outer loop
      vertex 22 11.699999809265137 0
      vertex 24 11.672552108764648 -0.9997739791870117
      vertex 22 11.672552108764648 -0.9997739791870117
    endloop
  endfacet
  facet normal 0 0.9996233544318948 -0.027443565262672057
    outer loop
      vertex 2 11.672552108764648 -0.9997739791870117
      vertex 0 11.699999809265137 0
      vertex 2 11.699999809265137 0
    endloop
  endfacet
  facet normal 0 0.9996233544318948 -0.027443565262672057
    outer loop
      vertex 0 11.699999809265137 0
      vertex 2 11.672552108764648 -0.9997739791870117
      vertex 0 11.672552108764648 -0.9997739791870117
    endloop
  endfacet
  facet normal 0 0.8512088769327336 -0.5248270646898029
    outer loop
      vertex 24 9.61604118347168 -7.884706497192383
      vertex 22.099998474121094 10.030508041381836 -7.212489128112793
      vertex 24 10.030508041381836 -7.212489128112793
    endloop
  endfacet
  facet normal 0 0.8512088769327336 -0.5248270646898029
    outer loop
      vertex 22.099998474121094 10.030508041381836 -7.212489128112793
      vertex 24 9.61604118347168 -7.884706497192383
      vertex 22.099998474121094 9.61604118347168 -7.884706497192383
    endloop
  endfacet
  facet normal 0 0.8512088769327336 -0.5248270646898028
    outer loop
      vertex 1.8999996185302734 9.61604118347168 -7.884706497192383
      vertex 0 10.030508041381836 -7.212489128112793
      vertex 1.8999996185302734 10.030508041381836 -7.212489128112793
    endloop
  endfacet
  facet normal 0 0.8512088769327336 -0.5248270646898028
    outer loop
      vertex 0 10.030508041381836 -7.212489128112793
      vertex 1.8999996185302734 9.61604118347168 -7.884706497192383
      vertex 0 9.61604118347168 -7.884706497192383
    endloop
  endfacet
  facet normal 0 0.8512088769327335 -0.5248270646898028
    outer loop
      vertex 18.899999618530273 9.61604118347168 -7.884706497192383
      vertex 5.09999942779541 10.030508041381836 -7.212489128112793
      vertex 18.899999618530273 10.030508041381836 -7.212489128112793
    endloop
  endfacet
  facet normal 0 0.8512088769327335 -0.5248270646898028
    outer loop
      vertex 5.09999942779541 10.030508041381836 -7.212489128112793
      vertex 18.899999618530273 9.61604118347168 -7.884706497192383
      vertex 5.09999942779541 9.61604118347168 -7.884706497192383
    endloop
  endfacet
  facet normal 0 -0.4090288262306334 -0.9125214623845241
    outer loop
      vertex 22.099998474121094 -7.6546220779418945 -9.760790824890137
      vertex 24 -7.1120147705078125 -10.004009246826172
      vertex 24 -7.6546220779418945 -9.760790824890137
    endloop
  endfacet
  facet normal 0 -0.4090288262306334 -0.9125214623845241
    outer loop
      vertex 24 -7.1120147705078125 -10.004009246826172
      vertex 22.099998474121094 -7.6546220779418945 -9.760790824890137
      vertex 22.099998474121094 -7.1120147705078125 -10.004009246826172
    endloop
  endfacet
  facet normal 0 -0.40902882623063336 -0.912521462384524
    outer loop
      vertex 0 -7.6546220779418945 -9.760790824890137
      vertex 1.8999996185302734 -7.1120147705078125 -10.004009246826172
      vertex 1.8999996185302734 -7.6546220779418945 -9.760790824890137
    endloop
  endfacet
  facet normal 0 -0.40902882623063336 -0.912521462384524
    outer loop
      vertex 1.8999996185302734 -7.1120147705078125 -10.004009246826172
      vertex 0 -7.6546220779418945 -9.760790824890137
      vertex 0 -7.1120147705078125 -10.004009246826172
    endloop
  endfacet
  facet normal 0 -0.4090288262306334 -0.912521462384524
    outer loop
      vertex 5.09999942779541 -7.6546220779418945 -9.760790824890137
      vertex 18.899999618530273 -7.1120147705078125 -10.004009246826172
      vertex 18.899999618530273 -7.6546220779418945 -9.760790824890137
    endloop
  endfacet
  facet normal 0 -0.4090288262306334 -0.912521462384524
    outer loop
      vertex 18.899999618530273 -7.1120147705078125 -10.004009246826172
      vertex 5.09999942779541 -7.6546220779418945 -9.760790824890137
      vertex 5.09999942779541 -7.1120147705078125 -10.004009246826172
    endloop
  endfacet
  facet normal 0 -0.9668012308024505 -0.2555296071277588
    outer loop
      vertex 0 -11.02695083618164 -4.808246612548828
      vertex 24 -11.26611328125 -3.9033708572387695
      vertex 0 -11.26611328125 -3.9033708572387695
    endloop
  endfacet
  facet normal 0 -0.9668012308024505 -0.2555296071277588
    outer loop
      vertex 24 -11.26611328125 -3.9033708572387695
      vertex 0 -11.02695083618164 -4.808246612548828
      vertex 24 -11.02695083618164 -4.808246612548828
    endloop
  endfacet
  facet normal 0 0.40902882623063336 -0.912521462384524
    outer loop
      vertex 0 7.1120147705078125 -10.004009246826172
      vertex 1.8999996185302734 7.6546220779418945 -9.760790824890137
      vertex 1.8999996185302734 7.1120147705078125 -10.004009246826172
    endloop
  endfacet
  facet normal 0 0.40902882623063336 -0.912521462384524
    outer loop
      vertex 1.8999996185302734 7.6546220779418945 -9.760790824890137
      vertex 0 7.1120147705078125 -10.004009246826172
      vertex 0 7.6546220779418945 -9.760790824890137
    endloop
  endfacet
  facet normal 0 0.4090288262306334 -0.9125214623845241
    outer loop
      vertex 22.099998474121094 7.1120147705078125 -10.004009246826172
      vertex 24 7.6546220779418945 -9.760790824890137
      vertex 24 7.1120147705078125 -10.004009246826172
    endloop
  endfacet
  facet normal 0 0.4090288262306334 -0.9125214623845241
    outer loop
      vertex 24 7.6546220779418945 -9.760790824890137
      vertex 22.099998474121094 7.1120147705078125 -10.004009246826172
      vertex 22.099998474121094 7.6546220779418945 -9.760790824890137
    endloop
  endfacet
  facet normal 0 0.4090288262306334 -0.912521462384524
    outer loop
      vertex 5.09999942779541 7.1120147705078125 -10.004009246826172
      vertex 18.899999618530273 7.6546220779418945 -9.760790824890137
      vertex 18.899999618530273 7.1120147705078125 -10.004009246826172
    endloop
  endfacet
  facet normal 0 0.4090288262306334 -0.912521462384524
    outer loop
      vertex 18.899999618530273 7.6546220779418945 -9.760790824890137
      vertex 5.09999942779541 7.1120147705078125 -10.004009246826172
      vertex 5.09999942779541 7.6546220779418945 -9.760790824890137
    endloop
  endfacet
  facet normal 0 0.9238019575620807 -0.3828706611957454
    outer loop
      vertex 18.899999618530273 10.406159400939941 -6.470810890197754
      vertex 5.09999942779541 10.529999732971191 -6.1720051765441895
      vertex 18.899999618530273 10.529999732971191 -6.1720051765441895
    endloop
  endfacet
  facet normal 0 0.9238019575620807 -0.3828706611957454
    outer loop
      vertex 5.09999942779541 10.529999732971191 -6.1720051765441895
      vertex 18.899999618530273 10.406159400939941 -6.470810890197754
      vertex 5.09999942779541 10.406159400939941 -6.470810890197754
    endloop
  endfacet
  facet normal 0 0.9238019145245973 -0.3828707650378764
    outer loop
      vertex 18.899999618530273 10.529999732971191 -6.1720051765441895
      vertex 24 10.739376068115234 -5.666815757751465
      vertex 22.099998474121094 10.529999732971191 -6.1720051765441895
    endloop
  endfacet
  facet normal -1.2024073628629916e-8 0.9238019305195282 -0.3828707264448309
    outer loop
      vertex 24 10.406159400939941 -6.470810890197754
      vertex 22.099998474121094 10.529999732971191 -6.1720051765441895
      vertex 24 10.739376068115234 -5.666815757751465
    endloop
  endfacet
  facet normal 0 0.9238019575620808 -0.3828706611957455
    outer loop
      vertex 22.099998474121094 10.529999732971191 -6.1720051765441895
      vertex 24 10.406159400939941 -6.470810890197754
      vertex 22.099998474121094 10.406159400939941 -6.470810890197754
    endloop
  endfacet
  facet normal 0 0.9238019145245973 -0.3828707650378764
    outer loop
      vertex 24 10.739376068115234 -5.666815757751465
      vertex 18.899999618530273 10.529999732971191 -6.1720051765441895
      vertex 0 10.739376068115234 -5.666815757751465
    endloop
  endfacet
  facet normal 0 0.9238019145245973 -0.38287076503787637
    outer loop
      vertex 5.09999942779541 10.529999732971191 -6.1720051765441895
      vertex 0 10.739376068115234 -5.666815757751465
      vertex 18.899999618530273 10.529999732971191 -6.1720051765441895
    endloop
  endfacet
  facet normal 0 0.9238019145245973 -0.3828707650378764
    outer loop
      vertex 1.8999996185302734 10.529999732971191 -6.1720051765441895
      vertex 0 10.739376068115234 -5.666815757751465
      vertex 5.09999942779541 10.529999732971191 -6.1720051765441895
    endloop
  endfacet
  facet normal 0 0.9238019575620809 -0.3828706611957455
    outer loop
      vertex 0 10.406159400939941 -6.470810890197754
      vertex 1.8999996185302734 10.529999732971191 -6.1720051765441895
      vertex 1.8999996185302734 10.406159400939941 -6.470810890197754
    endloop
  endfacet
  facet normal 1.2024085699211497e-8 0.9238019305195282 -0.3828707264448309
    outer loop
      vertex 1.8999996185302734 10.529999732971191 -6.1720051765441895
      vertex 0 10.406159400939941 -6.470810890197754
      vertex 0 10.739376068115234 -5.666815757751465
    endloop
  endfacet
  facet normal 0 -0.990344666055023 -0.13862699021606448
    outer loop
      vertex 0 -11.454559326171875 -2.9609031677246094
      vertex 24 -11.590476036071777 -1.9899206161499023
      vertex 0 -11.590476036071777 -1.9899206161499023
    endloop
  endfacet
  facet normal 0 -0.990344666055023 -0.13862699021606448
    outer loop
      vertex 24 -11.590476036071777 -1.9899206161499023
      vertex 0 -11.454559326171875 -2.9609031677246094
      vertex 24 -11.454559326171875 -2.9609031677246094
    endloop
  endfacet
  facet normal 0 -0.9996233544318948 -0.027443565262672057
    outer loop
      vertex 0 -11.672552108764648 -0.9997739791870117
      vertex 6.09999942779541 -11.699999809265137 0
      vertex 0 -11.699999809265137 0
    endloop
  endfacet
  facet normal 0 -0.9996233544318948 -0.027443565262672057
    outer loop
      vertex 6.09999942779541 -11.699999809265137 0
      vertex 0 -11.672552108764648 -0.9997739791870117
      vertex 6.09999942779541 -11.672552108764648 -0.9997739791870117
    endloop
  endfacet
  facet normal 0 -0.9996233544318948 -0.027443565262672057
    outer loop
      vertex 17.899999618530273 -11.672552108764648 -0.9997739791870117
      vertex 24 -11.699999809265137 0
      vertex 17.899999618530273 -11.699999809265137 0
    endloop
  endfacet
  facet normal 0 -0.9996233544318948 -0.027443565262672057
    outer loop
      vertex 24 -11.699999809265137 0
      vertex 17.899999618530273 -11.672552108764648 -0.9997739791870117
      vertex 24 -11.672552108764648 -0.9997739791870117
    endloop
  endfacet
  facet normal 0 -0.9996233544318948 -0.02744356526267206
    outer loop
      vertex 9.699999809265137 -11.672552108764648 -0.9997739791870117
      vertex 14.299999237060547 -11.699999809265137 0
      vertex 9.699999809265137 -11.699999809265137 0
    endloop
  endfacet
  facet normal 0 -0.9996233544318948 -0.02744356526267206
    outer loop
      vertex 14.299999237060547 -11.699999809265137 0
      vertex 9.699999809265137 -11.672552108764648 -0.9997739791870117
      vertex 14.299999237060547 -11.672552108764648 -0.9997739791870117
    endloop
  endfacet
  facet normal 0 -0.8512088769327336 -0.5248270646898028
    outer loop
      vertex 0 -9.61604118347168 -7.884706497192383
      vertex 1.8999996185302734 -10.030508041381836 -7.212489128112793
      vertex 0 -10.030508041381836 -7.212489128112793
    endloop
  endfacet
  facet normal 0 -0.8512088769327336 -0.5248270646898028
    outer loop
      vertex 1.8999996185302734 -10.030508041381836 -7.212489128112793
      vertex 0 -9.61604118347168 -7.884706497192383
      vertex 1.8999996185302734 -9.61604118347168 -7.884706497192383
    endloop
  endfacet
  facet normal 0 -0.8512088769327336 -0.5248270646898029
    outer loop
      vertex 22.099998474121094 -9.61604118347168 -7.884706497192383
      vertex 24 -10.030508041381836 -7.212489128112793
      vertex 22.099998474121094 -10.030508041381836 -7.212489128112793
    endloop
  endfacet
  facet normal 0 -0.8512088769327336 -0.5248270646898029
    outer loop
      vertex 24 -10.030508041381836 -7.212489128112793
      vertex 22.099998474121094 -9.61604118347168 -7.884706497192383
      vertex 24 -9.61604118347168 -7.884706497192383
    endloop
  endfacet
  facet normal 0 -0.8512088769327335 -0.5248270646898028
    outer loop
      vertex 5.09999942779541 -9.61604118347168 -7.884706497192383
      vertex 18.899999618530273 -10.030508041381836 -7.212489128112793
      vertex 5.09999942779541 -10.030508041381836 -7.212489128112793
    endloop
  endfacet
  facet normal 0 -0.8512088769327335 -0.5248270646898028
    outer loop
      vertex 18.899999618530273 -10.030508041381836 -7.212489128112793
      vertex 5.09999942779541 -9.61604118347168 -7.884706497192383
      vertex 18.899999618530273 -9.61604118347168 -7.884706497192383
    endloop
  endfacet
  facet normal 0 -0.7986613944551441 -0.6017806718456191
    outer loop
      vertex 0 -9.166749954223633 -8.480989456176758
      vertex 1.8999996185302734 -9.61604118347168 -7.884706497192383
      vertex 0 -9.61604118347168 -7.884706497192383
    endloop
  endfacet
  facet normal 0 -0.7986613944551441 -0.6017806718456191
    outer loop
      vertex 1.8999996185302734 -9.61604118347168 -7.884706497192383
      vertex 0 -9.166749954223633 -8.480989456176758
      vertex 1.8999996185302734 -9.166749954223633 -8.480989456176758
    endloop
  endfacet
  facet normal 0 -0.7986613944551442 -0.6017806718456191
    outer loop
      vertex 22.099998474121094 -9.166749954223633 -8.480989456176758
      vertex 24 -9.61604118347168 -7.884706497192383
      vertex 22.099998474121094 -9.61604118347168 -7.884706497192383
    endloop
  endfacet
  facet normal 0 -0.7986613944551442 -0.6017806718456191
    outer loop
      vertex 24 -9.61604118347168 -7.884706497192383
      vertex 22.099998474121094 -9.166749954223633 -8.480989456176758
      vertex 24 -9.166749954223633 -8.480989456176758
    endloop
  endfacet
  facet normal 0 -0.7986613944551442 -0.6017806718456191
    outer loop
      vertex 5.09999942779541 -9.166749954223633 -8.480989456176758
      vertex 18.899999618530273 -9.61604118347168 -7.884706497192383
      vertex 5.09999942779541 -9.61604118347168 -7.884706497192383
    endloop
  endfacet
  facet normal 0 -0.7986613944551442 -0.6017806718456191
    outer loop
      vertex 18.899999618530273 -9.61604118347168 -7.884706497192383
      vertex 5.09999942779541 -9.166749954223633 -8.480989456176758
      vertex 18.899999618530273 -9.166749954223633 -8.480989456176758
    endloop
  endfacet
  facet normal 0 0.7314177931727592 -0.6819296238104712
    outer loop
      vertex 24 8.68696117401123 -8.995596885681152
      vertex 22.099998474121094 9.166749954223633 -8.480989456176758
      vertex 24 9.166749954223633 -8.480989456176758
    endloop
  endfacet
  facet normal 0 0.7314177931727592 -0.6819296238104712
    outer loop
      vertex 22.099998474121094 9.166749954223633 -8.480989456176758
      vertex 24 8.68696117401123 -8.995596885681152
      vertex 22.099998474121094 8.68696117401123 -8.995596885681152
    endloop
  endfacet
  facet normal 0 0.7314177931727592 -0.6819296238104712
    outer loop
      vertex 1.8999996185302734 8.68696117401123 -8.995596885681152
      vertex 0 9.166749954223633 -8.480989456176758
      vertex 1.8999996185302734 9.166749954223633 -8.480989456176758
    endloop
  endfacet
  facet normal 0 0.7314177931727592 -0.6819296238104712
    outer loop
      vertex 0 9.166749954223633 -8.480989456176758
      vertex 1.8999996185302734 8.68696117401123 -8.995596885681152
      vertex 0 8.68696117401123 -8.995596885681152
    endloop
  endfacet
  facet normal 0 0.7314177931727592 -0.6819296238104712
    outer loop
      vertex 18.899999618530273 8.68696117401123 -8.995596885681152
      vertex 5.09999942779541 9.166749954223633 -8.480989456176758
      vertex 18.899999618530273 9.166749954223633 -8.480989456176758
    endloop
  endfacet
  facet normal 0 0.7314177931727592 -0.6819296238104712
    outer loop
      vertex 5.09999942779541 9.166749954223633 -8.480989456176758
      vertex 18.899999618530273 8.68696117401123 -8.995596885681152
      vertex 5.09999942779541 8.68696117401123 -8.995596885681152
    endloop
  endfacet
  facet normal -1 0 0
    outer loop
      vertex 0 9.432747840881348 -1.5607223510742188
      vertex 0 11.672552108764648 -0.9997739791870117
      vertex 0 11.590476036071777 -1.9899206161499023
    endloop
  endfacet
  facet normal -1 0 0
    outer loop
      vertex 0 9.34929084777832 -2.322277069091797
      vertex 0 11.590476036071777 -1.9899206161499023
      vertex 0 11.454559326171875 -2.9609031677246094
    endloop
  endfacet
  facet normal -1 0 0
    outer loop
      vertex 0 9.233577728271484 -3.061467170715332
      vertex 0 11.454559326171875 -2.9609031677246094
      vertex 0 11.26611328125 -3.9033708572387695
    endloop
  endfacet
  facet normal -1 0 0
    outer loop
      vertex 0 9.086724281311035 -3.7711734771728516
      vertex 0 11.26611328125 -3.9033708572387695
      vertex 0 11.02695083618164 -4.808246612548828
    endloop
  endfacet
  facet normal -1 0 0
    outer loop
      vertex 0 8.91014289855957 -4.444561004638672
      vertex 0 11.02695083618164 -4.808246612548828
      vertex 0 10.739376068115234 -5.666815757751465
    endloop
  endfacet
  facet normal -1 0 0
    outer loop
      vertex 0 8.705535888671875 -5.075145721435547
      vertex 0 10.739376068115234 -5.666815757751465
      vertex 0 10.406159400939941 -6.470810890197754
    endloop
  endfacet
  facet normal -1 0 0
    outer loop
      vertex 0 8.474873542785645 -5.656853675842285
      vertex 0 10.406159400939941 -6.470810890197754
      vertex 0 10.030508041381836 -7.212489128112793
    endloop
  endfacet
  facet normal -1 0 0
    outer loop
      vertex 0 7.94449520111084 -6.651756286621094
      vertex 0 10.030508041381836 -7.212489128112793
      vertex 0 9.61604118347168 -7.884706497192383
    endloop
  endfacet
  facet normal -1 0 0
    outer loop
      vertex 0 11.26611328125 -3.9033708572387695
      vertex 0 9.086724281311035 -3.7711734771728516
      vertex 0 9.233577728271484 -3.061467170715332
    endloop
  endfacet
  facet normal -1 0 0
    outer loop
      vertex 0 11.699999809265137 0
      vertex 0 9.483145713806152 -0.7841367721557617
      vertex 0 9.5 0
    endloop
  endfacet
  facet normal -1 0 0
    outer loop
      vertex 0 11.672552108764648 -0.9997739791870117
      vertex 0 9.483145713806152 -0.7841367721557617
      vertex 0 11.699999809265137 0
    endloop
  endfacet
  facet normal -1 0 0
    outer loop
      vertex 0 11.672552108764648 -0.9997739791870117
      vertex 0 9.432747840881348 -1.5607223510742188
      vertex 0 9.483145713806152 -0.7841367721557617
    endloop
  endfacet
  facet normal -1 0 0
    outer loop
      vertex 0 11.590476036071777 -1.9899206161499023
      vertex 0 9.34929084777832 -2.322277069091797
      vertex 0 9.432747840881348 -1.5607223510742188
    endloop
  endfacet
  facet normal -1 0 0
    outer loop
      vertex 0 7.649888038635254 -7.0553693771362305
      vertex 0 9.61604118347168 -7.884706497192383
      vertex 0 9.166749954223633 -8.480989456176758
    endloop
  endfacet
  facet normal -1 0 0
    outer loop
      vertex 0 11.454559326171875 -2.9609031677246094
      vertex 0 9.233577728271484 -3.061467170715332
      vertex 0 9.34929084777832 -2.322277069091797
    endloop
  endfacet
  facet normal -1 0 0
    outer loop
      vertex 0 11.02695083618164 -4.808246612548828
      vertex 0 8.91014289855957 -4.444561004638672
      vertex 0 9.086724281311035 -3.7711734771728516
    endloop
  endfacet
  facet normal -1 0 0
    outer loop
      vertex 0 10.739376068115234 -5.666815757751465
      vertex 0 8.705535888671875 -5.075145721435547
      vertex 0 8.91014289855957 -4.444561004638672
    endloop
  endfacet
  facet normal -1 0 0
    outer loop
      vertex 0 7.339391708374023 -7.391036033630371
      vertex 0 9.166749954223633 -8.480989456176758
      vertex 0 8.68696117401123 -8.995596885681152
    endloop
  endfacet
  facet normal -1 0 0
    outer loop
      vertex 0 10.406159400939941 -6.470810890197754
      vertex 0 8.474873542785645 -5.656853675842285
      vertex 0 8.705535888671875 -5.075145721435547
    endloop
  endfacet
  facet normal -1 0 0
    outer loop
      vertex 0 10.030508041381836 -7.212489128112793
      vertex 0 8.220376014709473 -6.184082984924316
      vertex 0 8.474873542785645 -5.656853675842285
    endloop
  endfacet
  facet normal -1 0 0
    outer loop
      vertex 0 7.015995979309082 -7.655522346496582
      vertex 0 8.68696117401123 -8.995596885681152
      vertex 0 8.181295394897461 -9.42357063293457
    endloop
  endfacet
  facet normal -1 0 0
    outer loop
      vertex 0 10.030508041381836 -7.212489128112793
      vertex 0 7.94449520111084 -6.651756286621094
      vertex 0 8.220376014709473 -6.184082984924316
    endloop
  endfacet
  facet normal -1 0 0
    outer loop
      vertex 0 6.6828155517578125 -7.846282005310059
      vertex 0 8.181295394897461 -9.42357063293457
      vertex 0 7.6546220779418945 -9.760790824890137
    endloop
  endfacet
  facet normal -1 0 0
    outer loop
      vertex 0 9.61604118347168 -7.884706497192383
      vertex 0 7.649888038635254 -7.0553693771362305
      vertex 0 7.94449520111084 -6.651756286621094
    endloop
  endfacet
  facet normal -1 0 0
    outer loop
      vertex 0 9.166749954223633 -8.480989456176758
      vertex 0 7.339391708374023 -7.391036033630371
      vertex 0 7.649888038635254 -7.0553693771362305
    endloop
  endfacet
  facet normal -1 0 0
    outer loop
      vertex 0 6.6828155517578125 -7.846282005310059
      vertex 0 7.6546220779418945 -9.760790824890137
      vertex 0 7.1120147705078125 -10.004009246826172
    endloop
  endfacet
  facet normal -1 0 0
    outer loop
      vertex 0 8.68696117401123 -8.995596885681152
      vertex 0 7.015995979309082 -7.655522346496582
      vertex 0 7.339391708374023 -7.391036033630371
    endloop
  endfacet
  facet normal -1 0 0
    outer loop
      vertex 0 8.181295394897461 -9.42357063293457
      vertex 0 6.6828155517578125 -7.846282005310059
      vertex 0 7.015995979309082 -7.655522346496582
    endloop
  endfacet
  facet normal -1 0 0
    outer loop
      vertex 0 6.343059539794922 -7.961477279663086
      vertex 0 7.1120147705078125 -10.004009246826172
      vertex 0 6.558697700500488 -10.150883674621582
    endloop
  endfacet
  facet normal -1 0 0
    outer loop
      vertex 0 7.1120147705078125 -10.004009246826172
      vertex 0 6.343059539794922 -7.961477279663086
      vertex 0 6.6828155517578125 -7.846282005310059
    endloop
  endfacet
  facet normal -1 0 0
    outer loop
      vertex 0 6 -8
      vertex 0 6.558697700500488 -10.150883674621582
      vertex 0 6 -10.199999809265137
    endloop
  endfacet
  facet normal -1 0 0
    outer loop
      vertex 0 6.558697700500488 -10.150883674621582
      vertex 0 6 -8
      vertex 0 6.343059539794922 -7.961477279663086
    endloop
  endfacet
  facet normal -1 0 0
    outer loop
      vertex 0 6 -10.199999809265137
      vertex 0 1.0999994277954102 -9.199999809265137
      vertex 0 6 -8
    endloop
  endfacet
  facet normal -1 0 0
    outer loop
      vertex 0 6 -10.199999809265137
      vertex 0 -1.0999994277954102 -9.199999809265137
      vertex 0 1.0999994277954102 -9.199999809265137
    endloop
  endfacet
  facet normal -1 0 0
    outer loop
      vertex 0 -6 -10.199999809265137
      vertex 0 -1.0999994277954102 -9.199999809265137
      vertex 0 6 -10.199999809265137
    endloop
  endfacet
  facet normal -1 0 0
    outer loop
      vertex 0 -6 -8
      vertex 0 -1.0999994277954102 -9.199999809265137
      vertex 0 -6 -10.199999809265137
    endloop
  endfacet
  facet normal -1 0 0
    outer loop
      vertex 0 -1.0999994277954102 -9.199999809265137
      vertex 0 -6 -8
      vertex 0 -1.0999994277954102 -8
    endloop
  endfacet
  facet normal -1 0 0
    outer loop
      vertex 0 -6.558697700500488 -10.150883674621582
      vertex 0 -6 -8
      vertex 0 -6 -10.199999809265137
    endloop
  endfacet
  facet normal -1 0 0
    outer loop
      vertex 0 -6 -8
      vertex 0 -6.558697700500488 -10.150883674621582
      vertex 0 -6.343059539794922 -7.961477279663086
    endloop
  endfacet
  facet normal -1 0 0
    outer loop
      vertex 0 -7.1120147705078125 -10.004009246826172
      vertex 0 -6.343059539794922 -7.961477279663086
      vertex 0 -6.558697700500488 -10.150883674621582
    endloop
  endfacet
  facet normal -1 0 0
    outer loop
      vertex 0 -6.343059539794922 -7.961477279663086
      vertex 0 -7.1120147705078125 -10.004009246826172
      vertex 0 -6.6828155517578125 -7.846282005310059
    endloop
  endfacet
  facet normal -1 0 0
    outer loop
      vertex 0 -7.6546220779418945 -9.760790824890137
      vertex 0 -6.6828155517578125 -7.846282005310059
      vertex 0 -7.1120147705078125 -10.004009246826172
    endloop
  endfacet
  facet normal -1 0 0
    outer loop
      vertex 0 -8.181295394897461 -9.42357063293457
      vertex 0 -6.6828155517578125 -7.846282005310059
      vertex 0 -7.6546220779418945 -9.760790824890137
    endloop
  endfacet
  facet normal -1 0 0
    outer loop
      vertex 0 -6.6828155517578125 -7.846282005310059
      vertex 0 -8.181295394897461 -9.42357063293457
      vertex 0 -7.015995979309082 -7.655522346496582
    endloop
  endfacet
  facet normal -1 0 0
    outer loop
      vertex 0 -8.68696117401123 -8.995596885681152
      vertex 0 -7.015995979309082 -7.655522346496582
      vertex 0 -8.181295394897461 -9.42357063293457
    endloop
  endfacet
  facet normal -1 0 0
    outer loop
      vertex 0 -7.015995979309082 -7.655522346496582
      vertex 0 -8.68696117401123 -8.995596885681152
      vertex 0 -7.339391708374023 -7.391036033630371
    endloop
  endfacet
  facet normal -1 0 0
    outer loop
      vertex 0 -9.166749954223633 -8.480989456176758
      vertex 0 -7.339391708374023 -7.391036033630371
      vertex 0 -8.68696117401123 -8.995596885681152
    endloop
  endfacet
  facet normal -1 0 0
    outer loop
      vertex 0 -7.339391708374023 -7.391036033630371
      vertex 0 -9.166749954223633 -8.480989456176758
      vertex 0 -7.649888038635254 -7.0553693771362305
    endloop
  endfacet
  facet normal -1 0 0
    outer loop
      vertex 0 -9.61604118347168 -7.884706497192383
      vertex 0 -7.649888038635254 -7.0553693771362305
      vertex 0 -9.166749954223633 -8.480989456176758
    endloop
  endfacet
  facet normal -1 0 0
    outer loop
      vertex 0 -7.649888038635254 -7.0553693771362305
      vertex 0 -9.61604118347168 -7.884706497192383
      vertex 0 -7.94449520111084 -6.651756286621094
    endloop
  endfacet
  facet normal -1 0 0
    outer loop
      vertex 0 -10.030508041381836 -7.212489128112793
      vertex 0 -7.94449520111084 -6.651756286621094
      vertex 0 -9.61604118347168 -7.884706497192383
    endloop
  endfacet
  facet normal -1 0 0
    outer loop
      vertex 0 -7.94449520111084 -6.651756286621094
      vertex 0 -10.030508041381836 -7.212489128112793
      vertex 0 -8.220376014709473 -6.184082984924316
    endloop
  endfacet
  facet normal -1 0 0
    outer loop
      vertex 0 -8.220376014709473 -6.184082984924316
      vertex 0 -10.030508041381836 -7.212489128112793
      vertex 0 -8.474873542785645 -5.656853675842285
    endloop
  endfacet
  facet normal -1 0 0
    outer loop
      vertex 0 -10.406159400939941 -6.470810890197754
      vertex 0 -8.474873542785645 -5.656853675842285
      vertex 0 -10.030508041381836 -7.212489128112793
    endloop
  endfacet
  facet normal -1 0 0
    outer loop
      vertex 0 -8.474873542785645 -5.656853675842285
      vertex 0 -10.406159400939941 -6.470810890197754
      vertex 0 -8.705535888671875 -5.075145721435547
    endloop
  endfacet
  facet normal -1 0 0
    outer loop
      vertex 0 -10.739376068115234 -5.666815757751465
      vertex 0 -8.705535888671875 -5.075145721435547
      vertex 0 -10.406159400939941 -6.470810890197754
    endloop
  endfacet
  facet normal -1 0 0
    outer loop
      vertex 0 -8.705535888671875 -5.075145721435547
      vertex 0 -10.739376068115234 -5.666815757751465
      vertex 0 -8.91014289855957 -4.444561004638672
    endloop
  endfacet
  facet normal -1 0 0
    outer loop
      vertex 0 -11.02695083618164 -4.808246612548828
      vertex 0 -8.91014289855957 -4.444561004638672
      vertex 0 -10.739376068115234 -5.666815757751465
    endloop
  endfacet
  facet normal -1 0 0
    outer loop
      vertex 0 -8.91014289855957 -4.444561004638672
      vertex 0 -11.02695083618164 -4.808246612548828
      vertex 0 -9.086724281311035 -3.7711734771728516
    endloop
  endfacet
  facet normal -1 0 0
    outer loop
      vertex 0 -11.26611328125 -3.9033708572387695
      vertex 0 -9.086724281311035 -3.7711734771728516
      vertex 0 -11.02695083618164 -4.808246612548828
    endloop
  endfacet
  facet normal -1 0 0
    outer loop
      vertex 0 -9.086724281311035 -3.7711734771728516
      vertex 0 -11.26611328125 -3.9033708572387695
      vertex 0 -9.233577728271484 -3.061467170715332
    endloop
  endfacet
  facet normal -1 0 0
    outer loop
      vertex 0 -11.454559326171875 -2.9609031677246094
      vertex 0 -9.233577728271484 -3.061467170715332
      vertex 0 -11.26611328125 -3.9033708572387695
    endloop
  endfacet
  facet normal -1 0 0
    outer loop
      vertex 0 -9.233577728271484 -3.061467170715332
      vertex 0 -11.454559326171875 -2.9609031677246094
      vertex 0 -9.34929084777832 -2.322277069091797
    endloop
  endfacet
  facet normal -1 0 0
    outer loop
      vertex 0 -11.590476036071777 -1.9899206161499023
      vertex 0 -9.34929084777832 -2.322277069091797
      vertex 0 -11.454559326171875 -2.9609031677246094
    endloop
  endfacet
  facet normal -1 0 0
    outer loop
      vertex 0 -9.34929084777832 -2.322277069091797
      vertex 0 -11.590476036071777 -1.9899206161499023
      vertex 0 -9.432747840881348 -1.5607223510742188
    endloop
  endfacet
  facet normal -1 0 0
    outer loop
      vertex 0 -11.672552108764648 -0.9997739791870117
      vertex 0 -9.432747840881348 -1.5607223510742188
      vertex 0 -11.590476036071777 -1.9899206161499023
    endloop
  endfacet
  facet normal -1 0 0
    outer loop
      vertex 0 -9.432747840881348 -1.5607223510742188
      vertex 0 -11.672552108764648 -0.9997739791870117
      vertex 0 -9.483145713806152 -0.7841367721557617
    endloop
  endfacet
  facet normal -1 0 0
    outer loop
      vertex 0 -11.699999809265137 0
      vertex 0 -9.483145713806152 -0.7841367721557617
      vertex 0 -11.672552108764648 -0.9997739791870117
    endloop
  endfacet
  facet normal -1 0 0
    outer loop
      vertex 0 -9.483145713806152 -0.7841367721557617
      vertex 0 -11.699999809265137 0
      vertex 0 -9.5 0
    endloop
  endfacet
  facet normal -1 0 0
    outer loop
      vertex 0 6 -8
      vertex 0 1.0999994277954102 -9.199999809265137
      vertex 0 1.0999994277954102 -8
    endloop
  endfacet
  facet normal 0 -0.5392230135707361 -0.8421630136949103
    outer loop
      vertex 22.099998474121094 -8.181295394897461 -9.42357063293457
      vertex 24 -7.6546220779418945 -9.760790824890137
      vertex 24 -8.181295394897461 -9.42357063293457
    endloop
  endfacet
  facet normal 0 -0.5392230135707361 -0.8421630136949103
    outer loop
      vertex 24 -7.6546220779418945 -9.760790824890137
      vertex 22.099998474121094 -8.181295394897461 -9.42357063293457
      vertex 22.099998474121094 -7.6546220779418945 -9.760790824890137
    endloop
  endfacet
  facet normal 0 -0.5392230135707361 -0.8421630136949104
    outer loop
      vertex 0 -8.181295394897461 -9.42357063293457
      vertex 1.8999996185302734 -7.6546220779418945 -9.760790824890137
      vertex 1.8999996185302734 -8.181295394897461 -9.42357063293457
    endloop
  endfacet
  facet normal 0 -0.5392230135707361 -0.8421630136949104
    outer loop
      vertex 1.8999996185302734 -7.6546220779418945 -9.760790824890137
      vertex 0 -8.181295394897461 -9.42357063293457
      vertex 0 -7.6546220779418945 -9.760790824890137
    endloop
  endfacet
  facet normal 0 -0.539223013570736 -0.8421630136949102
    outer loop
      vertex 5.09999942779541 -8.181295394897461 -9.42357063293457
      vertex 18.899999618530273 -7.6546220779418945 -9.760790824890137
      vertex 18.899999618530273 -8.181295394897461 -9.42357063293457
    endloop
  endfacet
  facet normal 0 -0.539223013570736 -0.8421630136949102
    outer loop
      vertex 18.899999618530273 -7.6546220779418945 -9.760790824890137
      vertex 5.09999942779541 -8.181295394897461 -9.42357063293457
      vertex 5.09999942779541 -7.6546220779418945 -9.760790824890137
    endloop
  endfacet
  facet normal 0 -0.6460325833253916 -0.7633098330834741
    outer loop
      vertex 22.099998474121094 -8.68696117401123 -8.995596885681152
      vertex 24 -8.181295394897461 -9.42357063293457
      vertex 24 -8.68696117401123 -8.995596885681152
    endloop
  endfacet
  facet normal 0 -0.6460325833253916 -0.7633098330834741
    outer loop
      vertex 24 -8.181295394897461 -9.42357063293457
      vertex 22.099998474121094 -8.68696117401123 -8.995596885681152
      vertex 22.099998474121094 -8.181295394897461 -9.42357063293457
    endloop
  endfacet
  facet normal 0 -0.6460325833253916 -0.7633098330834741
    outer loop
      vertex 0 -8.68696117401123 -8.995596885681152
      vertex 1.8999996185302734 -8.181295394897461 -9.42357063293457
      vertex 1.8999996185302734 -8.68696117401123 -8.995596885681152
    endloop
  endfacet
  facet normal 0 -0.6460325833253916 -0.7633098330834741
    outer loop
      vertex 1.8999996185302734 -8.181295394897461 -9.42357063293457
      vertex 0 -8.68696117401123 -8.995596885681152
      vertex 0 -8.181295394897461 -9.42357063293457
    endloop
  endfacet
  facet normal 0 -0.6460325833253915 -0.763309833083474
    outer loop
      vertex 5.09999942779541 -8.68696117401123 -8.995596885681152
      vertex 18.899999618530273 -8.181295394897461 -9.42357063293457
      vertex 18.899999618530273 -8.68696117401123 -8.995596885681152
    endloop
  endfacet
  facet normal 0 -0.6460325833253915 -0.763309833083474
    outer loop
      vertex 18.899999618530273 -8.181295394897461 -9.42357063293457
      vertex 5.09999942779541 -8.68696117401123 -8.995596885681152
      vertex 5.09999942779541 -8.181295394897461 -9.42357063293457
    endloop
  endfacet
  facet normal 0 -0.25655875810131024 -0.9665286357069373
    outer loop
      vertex 0 -7.1120147705078125 -10.004009246826172
      vertex 1.8999996185302734 -6.558697700500488 -10.150883674621582
      vertex 1.8999996185302734 -7.1120147705078125 -10.004009246826172
    endloop
  endfacet
  facet normal 0 -0.25655875810131024 -0.9665286357069373
    outer loop
      vertex 1.8999996185302734 -6.558697700500488 -10.150883674621582
      vertex 0 -7.1120147705078125 -10.004009246826172
      vertex 0 -6.558697700500488 -10.150883674621582
    endloop
  endfacet
  facet normal 0 -0.25655875810131024 -0.9665286357069373
    outer loop
      vertex 22.099998474121094 -7.1120147705078125 -10.004009246826172
      vertex 24 -6.558697700500488 -10.150883674621582
      vertex 24 -7.1120147705078125 -10.004009246826172
    endloop
  endfacet
  facet normal 0 -0.25655875810131024 -0.9665286357069373
    outer loop
      vertex 24 -6.558697700500488 -10.150883674621582
      vertex 22.099998474121094 -7.1120147705078125 -10.004009246826172
      vertex 22.099998474121094 -6.558697700500488 -10.150883674621582
    endloop
  endfacet
  facet normal 0 -0.25655875810131024 -0.9665286357069373
    outer loop
      vertex 5.09999942779541 -7.1120147705078125 -10.004009246826172
      vertex 18.899999618530273 -6.558697700500488 -10.150883674621582
      vertex 18.899999618530273 -7.1120147705078125 -10.004009246826172
    endloop
  endfacet
  facet normal 0 -0.25655875810131024 -0.9665286357069373
    outer loop
      vertex 18.899999618530273 -6.558697700500488 -10.150883674621582
      vertex 5.09999942779541 -7.1120147705078125 -10.004009246826172
      vertex 5.09999942779541 -6.558697700500488 -10.150883674621582
    endloop
  endfacet
  facet normal 0 0.5392230135707361 -0.8421630136949103
    outer loop
      vertex 22.099998474121094 7.6546220779418945 -9.760790824890137
      vertex 24 8.181295394897461 -9.42357063293457
      vertex 24 7.6546220779418945 -9.760790824890137
    endloop
  endfacet
  facet normal 0 0.5392230135707361 -0.8421630136949103
    outer loop
      vertex 24 8.181295394897461 -9.42357063293457
      vertex 22.099998474121094 7.6546220779418945 -9.760790824890137
      vertex 22.099998474121094 8.181295394897461 -9.42357063293457
    endloop
  endfacet
  facet normal 0 0.5392230135707361 -0.8421630136949104
    outer loop
      vertex 0 7.6546220779418945 -9.760790824890137
      vertex 1.8999996185302734 8.181295394897461 -9.42357063293457
      vertex 1.8999996185302734 7.6546220779418945 -9.760790824890137
    endloop
  endfacet
  facet normal 0 0.5392230135707361 -0.8421630136949104
    outer loop
      vertex 1.8999996185302734 8.181295394897461 -9.42357063293457
      vertex 0 7.6546220779418945 -9.760790824890137
      vertex 0 8.181295394897461 -9.42357063293457
    endloop
  endfacet
  facet normal 0 0.539223013570736 -0.8421630136949102
    outer loop
      vertex 5.09999942779541 7.6546220779418945 -9.760790824890137
      vertex 18.899999618530273 8.181295394897461 -9.42357063293457
      vertex 18.899999618530273 7.6546220779418945 -9.760790824890137
    endloop
  endfacet
  facet normal 0 0.539223013570736 -0.8421630136949102
    outer loop
      vertex 18.899999618530273 8.181295394897461 -9.42357063293457
      vertex 5.09999942779541 7.6546220779418945 -9.760790824890137
      vertex 5.09999942779541 8.181295394897461 -9.42357063293457
    endloop
  endfacet
  facet normal 0 -0.0875740690175772 -0.9961580107772585
    outer loop
      vertex 0 -6.558697700500488 -10.150883674621582
      vertex 1.8999996185302734 -6 -10.199999809265137
      vertex 1.8999996185302734 -6.558697700500488 -10.150883674621582
    endloop
  endfacet
  facet normal 0 -0.0875740690175772 -0.9961580107772585
    outer loop
      vertex 1.8999996185302734 -6 -10.199999809265137
      vertex 0 -6.558697700500488 -10.150883674621582
      vertex 0 -6 -10.199999809265137
    endloop
  endfacet
  facet normal 0 -0.08757406901757718 -0.9961580107772584
    outer loop
      vertex 22.099998474121094 -6.558697700500488 -10.150883674621582
      vertex 24 -6 -10.199999809265137
      vertex 24 -6.558697700500488 -10.150883674621582
    endloop
  endfacet
  facet normal 0 -0.08757406901757718 -0.9961580107772584
    outer loop
      vertex 24 -6 -10.199999809265137
      vertex 22.099998474121094 -6.558697700500488 -10.150883674621582
      vertex 22.099998474121094 -6 -10.199999809265137
    endloop
  endfacet
  facet normal 0 -0.0875740690175772 -0.9961580107772585
    outer loop
      vertex 5.09999942779541 -6.558697700500488 -10.150883674621582
      vertex 18.899999618530273 -6 -10.199999809265137
      vertex 18.899999618530273 -6.558697700500488 -10.150883674621582
    endloop
  endfacet
  facet normal 0 -0.0875740690175772 -0.9961580107772585
    outer loop
      vertex 18.899999618530273 -6 -10.199999809265137
      vertex 5.09999942779541 -6.558697700500488 -10.150883674621582
      vertex 5.09999942779541 -6 -10.199999809265137
    endloop
  endfacet
  facet normal 1 0 0
    outer loop
      vertex 24 9.483145713806152 -0.7841367721557617
      vertex 24 11.672552108764648 -0.9997739791870117
      vertex 24 11.699999809265137 0
    endloop
  endfacet
  facet normal 1 0 0
    outer loop
      vertex 24 9.432747840881348 -1.5607223510742188
      vertex 24 11.672552108764648 -0.9997739791870117
      vertex 24 9.483145713806152 -0.7841367721557617
    endloop
  endfacet
  facet normal 1 0 0
    outer loop
      vertex 24 9.34929084777832 -2.322277069091797
      vertex 24 11.590476036071777 -1.9899206161499023
      vertex 24 9.432747840881348 -1.5607223510742188
    endloop
  endfacet
  facet normal 1 0 0
    outer loop
      vertex 24 11.590476036071777 -1.9899206161499023
      vertex 24 9.34929084777832 -2.322277069091797
      vertex 24 11.454559326171875 -2.9609031677246094
    endloop
  endfacet
  facet normal 1 0 0
    outer loop
      vertex 24 11.454559326171875 -2.9609031677246094
      vertex 24 9.233577728271484 -3.061467170715332
      vertex 24 11.26611328125 -3.9033708572387695
    endloop
  endfacet
  facet normal 1 0 0
    outer loop
      vertex 24 9.086724281311035 -3.7711734771728516
      vertex 24 11.26611328125 -3.9033708572387695
      vertex 24 9.233577728271484 -3.061467170715332
    endloop
  endfacet
  facet normal 1 0 0
    outer loop
      vertex 24 8.91014289855957 -4.444561004638672
      vertex 24 11.02695083618164 -4.808246612548828
      vertex 24 9.086724281311035 -3.7711734771728516
    endloop
  endfacet
  facet normal 1 0 0
    outer loop
      vertex 24 11.02695083618164 -4.808246612548828
      vertex 24 8.91014289855957 -4.444561004638672
      vertex 24 10.739376068115234 -5.666815757751465
    endloop
  endfacet
  facet normal 1 0 0
    outer loop
      vertex 24 9.483145713806152 -0.7841367721557617
      vertex 24 11.699999809265137 0
      vertex 24 9.5 0
    endloop
  endfacet
  facet normal 1 0 0
    outer loop
      vertex 24 11.672552108764648 -0.9997739791870117
      vertex 24 9.432747840881348 -1.5607223510742188
      vertex 24 11.590476036071777 -1.9899206161499023
    endloop
  endfacet
  facet normal 1 0 0
    outer loop
      vertex 24 9.233577728271484 -3.061467170715332
      vertex 24 11.454559326171875 -2.9609031677246094
      vertex 24 9.34929084777832 -2.322277069091797
    endloop
  endfacet
  facet normal 1 0 0
    outer loop
      vertex 24 11.26611328125 -3.9033708572387695
      vertex 24 9.086724281311035 -3.7711734771728516
      vertex 24 11.02695083618164 -4.808246612548828
    endloop
  endfacet
  facet normal 1 0 0
    outer loop
      vertex 24 8.705535888671875 -5.075145721435547
      vertex 24 10.739376068115234 -5.666815757751465
      vertex 24 8.91014289855957 -4.444561004638672
    endloop
  endfacet
  facet normal 1 0 0
    outer loop
      vertex 24 10.739376068115234 -5.666815757751465
      vertex 24 8.705535888671875 -5.075145721435547
      vertex 24 10.406159400939941 -6.470810890197754
    endloop
  endfacet
  facet normal 1 0 0
    outer loop
      vertex 24 8.474873542785645 -5.656853675842285
      vertex 24 10.406159400939941 -6.470810890197754
      vertex 24 8.705535888671875 -5.075145721435547
    endloop
  endfacet
  facet normal 1 0 0
    outer loop
      vertex 24 10.406159400939941 -6.470810890197754
      vertex 24 8.474873542785645 -5.656853675842285
      vertex 24 10.030508041381836 -7.212489128112793
    endloop
  endfacet
  facet normal 1 0 0
    outer loop
      vertex 24 8.220376014709473 -6.184082984924316
      vertex 24 10.030508041381836 -7.212489128112793
      vertex 24 8.474873542785645 -5.656853675842285
    endloop
  endfacet
  facet normal 1 0 0
    outer loop
      vertex 24 7.94449520111084 -6.651756286621094
      vertex 24 10.030508041381836 -7.212489128112793
      vertex 24 8.220376014709473 -6.184082984924316
    endloop
  endfacet
  facet normal 1 0 0
    outer loop
      vertex 24 10.030508041381836 -7.212489128112793
      vertex 24 7.94449520111084 -6.651756286621094
      vertex 24 9.61604118347168 -7.884706497192383
    endloop
  endfacet
  facet normal 1 0 0
    outer loop
      vertex 24 7.649888038635254 -7.0553693771362305
      vertex 24 9.61604118347168 -7.884706497192383
      vertex 24 7.94449520111084 -6.651756286621094
    endloop
  endfacet
  facet normal 1 0 0
    outer loop
      vertex 24 9.61604118347168 -7.884706497192383
      vertex 24 7.649888038635254 -7.0553693771362305
      vertex 24 9.166749954223633 -8.480989456176758
    endloop
  endfacet
  facet normal 1 0 0
    outer loop
      vertex 24 7.339391708374023 -7.391036033630371
      vertex 24 9.166749954223633 -8.480989456176758
      vertex 24 7.649888038635254 -7.0553693771362305
    endloop
  endfacet
  facet normal 1 0 0
    outer loop
      vertex 24 9.166749954223633 -8.480989456176758
      vertex 24 7.339391708374023 -7.391036033630371
      vertex 24 8.68696117401123 -8.995596885681152
    endloop
  endfacet
  facet normal 1 0 0
    outer loop
      vertex 24 7.015995979309082 -7.655522346496582
      vertex 24 8.68696117401123 -8.995596885681152
      vertex 24 7.339391708374023 -7.391036033630371
    endloop
  endfacet
  facet normal 1 0 0
    outer loop
      vertex 24 8.68696117401123 -8.995596885681152
      vertex 24 7.015995979309082 -7.655522346496582
      vertex 24 8.181295394897461 -9.42357063293457
    endloop
  endfacet
  facet normal 1 0 0
    outer loop
      vertex 24 6.6828155517578125 -7.846282005310059
      vertex 24 8.181295394897461 -9.42357063293457
      vertex 24 7.015995979309082 -7.655522346496582
    endloop
  endfacet
  facet normal 1 0 0
    outer loop
      vertex 24 8.181295394897461 -9.42357063293457
      vertex 24 6.6828155517578125 -7.846282005310059
      vertex 24 7.6546220779418945 -9.760790824890137
    endloop
  endfacet
  facet normal 1 0 0
    outer loop
      vertex 24 7.6546220779418945 -9.760790824890137
      vertex 24 6.6828155517578125 -7.846282005310059
      vertex 24 7.1120147705078125 -10.004009246826172
    endloop
  endfacet
  facet normal 1 0 0
    outer loop
      vertex 24 6.343059539794922 -7.961477279663086
      vertex 24 7.1120147705078125 -10.004009246826172
      vertex 24 6.6828155517578125 -7.846282005310059
    endloop
  endfacet
  facet normal 1 0 0
    outer loop
      vertex 24 7.1120147705078125 -10.004009246826172
      vertex 24 6.343059539794922 -7.961477279663086
      vertex 24 6.558697700500488 -10.150883674621582
    endloop
  endfacet
  facet normal 1 0 0
    outer loop
      vertex 24 6 -8
      vertex 24 6.558697700500488 -10.150883674621582
      vertex 24 6.343059539794922 -7.961477279663086
    endloop
  endfacet
  facet normal 1 0 0
    outer loop
      vertex 24 6 -8
      vertex 24 6 -10.199999809265137
      vertex 24 6.558697700500488 -10.150883674621582
    endloop
  endfacet
  facet normal 1 0 0
    outer loop
      vertex 24 -6 -8
      vertex 24 6 -10.199999809265137
      vertex 24 6 -8
    endloop
  endfacet
  facet normal 1 0 0
    outer loop
      vertex 24 -6 -8
      vertex 24 -6 -10.199999809265137
      vertex 24 6 -10.199999809265137
    endloop
  endfacet
  facet normal 1 0 0
    outer loop
      vertex 24 -6.558697700500488 -10.150883674621582
      vertex 24 -6 -8
      vertex 24 -6.343059539794922 -7.961477279663086
    endloop
  endfacet
  facet normal 1 0 0
    outer loop
      vertex 24 -6 -8
      vertex 24 -6.558697700500488 -10.150883674621582
      vertex 24 -6 -10.199999809265137
    endloop
  endfacet
  facet normal 1 0 0
    outer loop
      vertex 24 -7.1120147705078125 -10.004009246826172
      vertex 24 -6.343059539794922 -7.961477279663086
      vertex 24 -6.6828155517578125 -7.846282005310059
    endloop
  endfacet
  facet normal 1 0 0
    outer loop
      vertex 24 -8.181295394897461 -9.42357063293457
      vertex 24 -6.6828155517578125 -7.846282005310059
      vertex 24 -7.015995979309082 -7.655522346496582
    endloop
  endfacet
  facet normal 1 0 0
    outer loop
      vertex 24 -6.343059539794922 -7.961477279663086
      vertex 24 -7.1120147705078125 -10.004009246826172
      vertex 24 -6.558697700500488 -10.150883674621582
    endloop
  endfacet
  facet normal 1 0 0
    outer loop
      vertex 24 -8.68696117401123 -8.995596885681152
      vertex 24 -7.015995979309082 -7.655522346496582
      vertex 24 -7.339391708374023 -7.391036033630371
    endloop
  endfacet
  facet normal 1 0 0
    outer loop
      vertex 24 -9.166749954223633 -8.480989456176758
      vertex 24 -7.339391708374023 -7.391036033630371
      vertex 24 -7.649888038635254 -7.0553693771362305
    endloop
  endfacet
  facet normal 1 0 0
    outer loop
      vertex 24 -6.6828155517578125 -7.846282005310059
      vertex 24 -7.6546220779418945 -9.760790824890137
      vertex 24 -7.1120147705078125 -10.004009246826172
    endloop
  endfacet
  facet normal 1 0 0
    outer loop
      vertex 24 -9.61604118347168 -7.884706497192383
      vertex 24 -7.649888038635254 -7.0553693771362305
      vertex 24 -7.94449520111084 -6.651756286621094
    endloop
  endfacet
  facet normal 1 0 0
    outer loop
      vertex 24 -6.6828155517578125 -7.846282005310059
      vertex 24 -8.181295394897461 -9.42357063293457
      vertex 24 -7.6546220779418945 -9.760790824890137
    endloop
  endfacet
  facet normal 1 0 0
    outer loop
      vertex 24 -10.030508041381836 -7.212489128112793
      vertex 24 -7.94449520111084 -6.651756286621094
      vertex 24 -8.220376014709473 -6.184082984924316
    endloop
  endfacet
  facet normal 1 0 0
    outer loop
      vertex 24 -10.030508041381836 -7.212489128112793
      vertex 24 -8.220376014709473 -6.184082984924316
      vertex 24 -8.474873542785645 -5.656853675842285
    endloop
  endfacet
  facet normal 1 0 0
    outer loop
      vertex 24 -7.015995979309082 -7.655522346496582
      vertex 24 -8.68696117401123 -8.995596885681152
      vertex 24 -8.181295394897461 -9.42357063293457
    endloop
  endfacet
  facet normal 1 0 0
    outer loop
      vertex 24 -10.406159400939941 -6.470810890197754
      vertex 24 -8.474873542785645 -5.656853675842285
      vertex 24 -8.705535888671875 -5.075145721435547
    endloop
  endfacet
  facet normal 1 0 0
    outer loop
      vertex 24 -10.739376068115234 -5.666815757751465
      vertex 24 -8.705535888671875 -5.075145721435547
      vertex 24 -8.91014289855957 -4.444561004638672
    endloop
  endfacet
  facet normal 1 0 0
    outer loop
      vertex 24 -11.02695083618164 -4.808246612548828
      vertex 24 -8.91014289855957 -4.444561004638672
      vertex 24 -9.086724281311035 -3.7711734771728516
    endloop
  endfacet
  facet normal 1 0 0
    outer loop
      vertex 24 -7.339391708374023 -7.391036033630371
      vertex 24 -9.166749954223633 -8.480989456176758
      vertex 24 -8.68696117401123 -8.995596885681152
    endloop
  endfacet
  facet normal 1 0 0
    outer loop
      vertex 24 -11.26611328125 -3.9033708572387695
      vertex 24 -9.086724281311035 -3.7711734771728516
      vertex 24 -9.233577728271484 -3.061467170715332
    endloop
  endfacet
  facet normal 1 0 0
    outer loop
      vertex 24 -11.454559326171875 -2.9609031677246094
      vertex 24 -9.233577728271484 -3.061467170715332
      vertex 24 -9.34929084777832 -2.322277069091797
    endloop
  endfacet
  facet normal 1 0 0
    outer loop
      vertex 24 -11.590476036071777 -1.9899206161499023
      vertex 24 -9.34929084777832 -2.322277069091797
      vertex 24 -9.432747840881348 -1.5607223510742188
    endloop
  endfacet
  facet normal 1 0 0
    outer loop
      vertex 24 -11.672552108764648 -0.9997739791870117
      vertex 24 -9.432747840881348 -1.5607223510742188
      vertex 24 -9.483145713806152 -0.7841367721557617
    endloop
  endfacet
  facet normal 1 0 0
    outer loop
      vertex 24 -7.649888038635254 -7.0553693771362305
      vertex 24 -9.61604118347168 -7.884706497192383
      vertex 24 -9.166749954223633 -8.480989456176758
    endloop
  endfacet
  facet normal 1 0 0
    outer loop
      vertex 24 -11.699999809265137 0
      vertex 24 -9.483145713806152 -0.7841367721557617
      vertex 24 -9.5 0
    endloop
  endfacet
  facet normal 1 0 0
    outer loop
      vertex 24 -7.94449520111084 -6.651756286621094
      vertex 24 -10.030508041381836 -7.212489128112793
      vertex 24 -9.61604118347168 -7.884706497192383
    endloop
  endfacet
  facet normal 1 0 0
    outer loop
      vertex 24 -8.474873542785645 -5.656853675842285
      vertex 24 -10.406159400939941 -6.470810890197754
      vertex 24 -10.030508041381836 -7.212489128112793
    endloop
  endfacet
  facet normal 1 0 0
    outer loop
      vertex 24 -8.705535888671875 -5.075145721435547
      vertex 24 -10.739376068115234 -5.666815757751465
      vertex 24 -10.406159400939941 -6.470810890197754
    endloop
  endfacet
  facet normal 1 0 0
    outer loop
      vertex 24 -8.91014289855957 -4.444561004638672
      vertex 24 -11.02695083618164 -4.808246612548828
      vertex 24 -10.739376068115234 -5.666815757751465
    endloop
  endfacet
  facet normal 1 0 0
    outer loop
      vertex 24 -9.086724281311035 -3.7711734771728516
      vertex 24 -11.26611328125 -3.9033708572387695
      vertex 24 -11.02695083618164 -4.808246612548828
    endloop
  endfacet
  facet normal 1 0 0
    outer loop
      vertex 24 -9.233577728271484 -3.061467170715332
      vertex 24 -11.454559326171875 -2.9609031677246094
      vertex 24 -11.26611328125 -3.9033708572387695
    endloop
  endfacet
  facet normal 1 0 0
    outer loop
      vertex 24 -9.34929084777832 -2.322277069091797
      vertex 24 -11.590476036071777 -1.9899206161499023
      vertex 24 -11.454559326171875 -2.9609031677246094
    endloop
  endfacet
  facet normal 1 0 0
    outer loop
      vertex 24 -9.432747840881348 -1.5607223510742188
      vertex 24 -11.672552108764648 -0.9997739791870117
      vertex 24 -11.590476036071777 -1.9899206161499023
    endloop
  endfacet
  facet normal 1 0 0
    outer loop
      vertex 24 -9.483145713806152 -0.7841367721557617
      vertex 24 -11.699999809265137 0
      vertex 24 -11.672552108764648 -0.9997739791870117
    endloop
  endfacet
  facet normal 0 0.8077159555991721 0.5895718235045805
    outer loop
      vertex 1.8999996185302734 -7.649888038635254 -7.0553693771362305
      vertex 0 -7.94449520111084 -6.651756286621094
      vertex 1.8999996185302734 -7.94449520111084 -6.651756286621094
    endloop
  endfacet
  facet normal 0 0.8077159555991721 0.5895718235045805
    outer loop
      vertex 0 -7.94449520111084 -6.651756286621094
      vertex 1.8999996185302734 -7.649888038635254 -7.0553693771362305
      vertex 0 -7.649888038635254 -7.0553693771362305
    endloop
  endfacet
  facet normal 0 0.8077159555991721 0.5895718235045805
    outer loop
      vertex 24 -7.649888038635254 -7.0553693771362305
      vertex 22.099998474121094 -7.94449520111084 -6.651756286621094
      vertex 24 -7.94449520111084 -6.651756286621094
    endloop
  endfacet
  facet normal 0 0.8077159555991721 0.5895718235045805
    outer loop
      vertex 22.099998474121094 -7.94449520111084 -6.651756286621094
      vertex 24 -7.649888038635254 -7.0553693771362305
      vertex 22.099998474121094 -7.649888038635254 -7.0553693771362305
    endloop
  endfacet
  facet normal 0 0.8077159555991721 0.5895718235045805
    outer loop
      vertex 18.899999618530273 -7.649888038635254 -7.0553693771362305
      vertex 5.09999942779541 -7.94449520111084 -6.651756286621094
      vertex 18.899999618530273 -7.94449520111084 -6.651756286621094
    endloop
  endfacet
  facet normal 0 0.8077159555991721 0.5895718235045805
    outer loop
      vertex 5.09999942779541 -7.94449520111084 -6.651756286621094
      vertex 18.899999618530273 -7.649888038635254 -7.0553693771362305
      vertex 5.09999942779541 -7.649888038635254 -7.0553693771362305
    endloop
  endfacet
  facet normal 0 -0.9295860875909355 0.368605081024906
    outer loop
      vertex 0 8.474873542785645 -5.656853675842285
      vertex 1.8999996185302734 8.705535888671875 -5.075145721435547
      vertex 0 8.705535888671875 -5.075145721435547
    endloop
  endfacet
  facet normal 0 -0.9295860875909355 0.368605081024906
    outer loop
      vertex 1.8999996185302734 8.705535888671875 -5.075145721435547
      vertex 0 8.474873542785645 -5.656853675842285
      vertex 1.8999996185302734 8.474873542785645 -5.656853675842285
    endloop
  endfacet
  facet normal 0 -0.9295860875909355 0.368605081024906
    outer loop
      vertex 22.099998474121094 8.474873542785645 -5.656853675842285
      vertex 24 8.705535888671875 -5.075145721435547
      vertex 22.099998474121094 8.705535888671875 -5.075145721435547
    endloop
  endfacet
  facet normal 0 -0.9295860875909355 0.368605081024906
    outer loop
      vertex 24 8.705535888671875 -5.075145721435547
      vertex 22.099998474121094 8.474873542785645 -5.656853675842285
      vertex 24 8.474873542785645 -5.656853675842285
    endloop
  endfacet
  facet normal 0 -0.9295860875909354 0.36860508102490597
    outer loop
      vertex 5.09999942779541 8.474873542785645 -5.656853675842285
      vertex 18.899999618530273 8.705535888671875 -5.075145721435547
      vertex 5.09999942779541 8.705535888671875 -5.075145721435547
    endloop
  endfacet
  facet normal 0 -0.9295860875909354 0.36860508102490597
    outer loop
      vertex 18.899999618530273 8.705535888671875 -5.075145721435547
      vertex 5.09999942779541 8.474873542785645 -5.656853675842285
      vertex 18.899999618530273 8.474873542785645 -5.656853675842285
    endloop
  endfacet
  facet normal 0 0.9295860875909355 0.368605081024906
    outer loop
      vertex 1.8999996185302734 -8.474873542785645 -5.656853675842285
      vertex 0 -8.705535888671875 -5.075145721435547
      vertex 1.8999996185302734 -8.705535888671875 -5.075145721435547
    endloop
  endfacet
  facet normal 0 0.9295860875909355 0.368605081024906
    outer loop
      vertex 0 -8.705535888671875 -5.075145721435547
      vertex 1.8999996185302734 -8.474873542785645 -5.656853675842285
      vertex 0 -8.474873542785645 -5.656853675842285
    endloop
  endfacet
  facet normal 0 0.9295860875909355 0.368605081024906
    outer loop
      vertex 24 -8.474873542785645 -5.656853675842285
      vertex 22.099998474121094 -8.705535888671875 -5.075145721435547
      vertex 24 -8.705535888671875 -5.075145721435547
    endloop
  endfacet
  facet normal 0 0.9295860875909355 0.368605081024906
    outer loop
      vertex 22.099998474121094 -8.705535888671875 -5.075145721435547
      vertex 24 -8.474873542785645 -5.656853675842285
      vertex 22.099998474121094 -8.474873542785645 -5.656853675842285
    endloop
  endfacet
  facet normal 0 0.9295860875909354 0.36860508102490597
    outer loop
      vertex 18.899999618530273 -8.474873542785645 -5.656853675842285
      vertex 5.09999942779541 -8.705535888671875 -5.075145721435547
      vertex 18.899999618530273 -8.705535888671875 -5.075145721435547
    endloop
  endfacet
  facet normal 0 0.9295860875909354 0.36860508102490597
    outer loop
      vertex 5.09999942779541 -8.705535888671875 -5.075145721435547
      vertex 18.899999618530273 -8.474873542785645 -5.656853675842285
      vertex 5.09999942779541 -8.474873542785645 -5.656853675842285
    endloop
  endfacet
  facet normal 0 0.9511819288341878 0.3086307474301193
    outer loop
      vertex 18.899999618530273 -8.705535888671875 -5.075145721435547
      vertex 5.09999942779541 -8.729918479919434 -5
      vertex 18.899999618530273 -8.729918479919434 -5
    endloop
  endfacet
  facet normal 0 0.9511819288341878 0.3086307474301193
    outer loop
      vertex 5.09999942779541 -8.729918479919434 -5
      vertex 18.899999618530273 -8.705535888671875 -5.075145721435547
      vertex 5.09999942779541 -8.705535888671875 -5.075145721435547
    endloop
  endfacet
  facet normal 0 0.9511815811402227 0.3086318190005462
    outer loop
      vertex 18.899999618530273 -8.729918479919434 -5
      vertex 24 -8.91014289855957 -4.444561004638672
      vertex 22.099998474121094 -8.729918479919434 -5
    endloop
  endfacet
  facet normal 4.126072653572336e-8 0.9511816225743778 0.30863169130335993
    outer loop
      vertex 24 -8.705535888671875 -5.075145721435547
      vertex 22.099998474121094 -8.729918479919434 -5
      vertex 24 -8.91014289855957 -4.444561004638672
    endloop
  endfacet
  facet normal 0 0.9511819288341877 0.30863074743011926
    outer loop
      vertex 22.099998474121094 -8.729918479919434 -5
      vertex 24 -8.705535888671875 -5.075145721435547
      vertex 22.099998474121094 -8.705535888671875 -5.075145721435547
    endloop
  endfacet
  facet normal 0 0.9511815811402227 0.30863181900054626
    outer loop
      vertex 24 -8.91014289855957 -4.444561004638672
      vertex 18.899999618530273 -8.729918479919434 -5
      vertex 0 -8.91014289855957 -4.444561004638672
    endloop
  endfacet
  facet normal 0 0.9511815811402227 0.3086318190005462
    outer loop
      vertex 5.09999942779541 -8.729918479919434 -5
      vertex 0 -8.91014289855957 -4.444561004638672
      vertex 18.899999618530273 -8.729918479919434 -5
    endloop
  endfacet
  facet normal 0 0.9511815811402227 0.30863181900054626
    outer loop
      vertex 1.8999996185302734 -8.729918479919434 -5
      vertex 0 -8.91014289855957 -4.444561004638672
      vertex 5.09999942779541 -8.729918479919434 -5
    endloop
  endfacet
  facet normal 0 0.9511819288341877 0.30863074743011926
    outer loop
      vertex 0 -8.705535888671875 -5.075145721435547
      vertex 1.8999996185302734 -8.729918479919434 -5
      vertex 1.8999996185302734 -8.705535888671875 -5.075145721435547
    endloop
  endfacet
  facet normal -4.126076795604238e-8 0.9511816225743777 0.3086316913033599
    outer loop
      vertex 1.8999996185302734 -8.729918479919434 -5
      vertex 0 -8.705535888671875 -5.075145721435547
      vertex 0 -8.91014289855957 -4.444561004638672
    endloop
  endfacet
  facet normal 0 0.9792555848189687 0.20262897029018279
    outer loop
      vertex 24 -9.086724281311035 -3.7711734771728516
      vertex 0 -9.233577728271484 -3.061467170715332
      vertex 24 -9.233577728271484 -3.061467170715332
    endloop
  endfacet
  facet normal 0 0.9792555848189687 0.20262897029018279
    outer loop
      vertex 0 -9.233577728271484 -3.061467170715332
      vertex 24 -9.086724281311035 -3.7711734771728516
      vertex 0 -9.086724281311035 -3.7711734771728516
    endloop
  endfacet
  facet normal 0 -0.49686692324430637 0.867826745719292
    outer loop
      vertex 0 7.015995979309082 -7.655522346496582
      vertex 1.8999996185302734 6.6828155517578125 -7.846282005310059
      vertex 1.8999996185302734 7.015995979309082 -7.655522346496582
    endloop
  endfacet
  facet normal 0 -0.49686692324430637 0.867826745719292
    outer loop
      vertex 1.8999996185302734 6.6828155517578125 -7.846282005310059
      vertex 0 7.015995979309082 -7.655522346496582
      vertex 0 6.6828155517578125 -7.846282005310059
    endloop
  endfacet
  facet normal 0 -0.49686692324430637 0.867826745719292
    outer loop
      vertex 22.099998474121094 7.015995979309082 -7.655522346496582
      vertex 24 6.6828155517578125 -7.846282005310059
      vertex 24 7.015995979309082 -7.655522346496582
    endloop
  endfacet
  facet normal 0 -0.49686692324430637 0.867826745719292
    outer loop
      vertex 24 6.6828155517578125 -7.846282005310059
      vertex 22.099998474121094 7.015995979309082 -7.655522346496582
      vertex 22.099998474121094 6.6828155517578125 -7.846282005310059
    endloop
  endfacet
  facet normal 0 -0.4968669232443063 0.8678267457192919
    outer loop
      vertex 5.09999942779541 7.015995979309082 -7.655522346496582
      vertex 18.899999618530273 6.6828155517578125 -7.846282005310059
      vertex 18.899999618530273 7.015995979309082 -7.655522346496582
    endloop
  endfacet
  facet normal 0 -0.4968669232443063 0.8678267457192919
    outer loop
      vertex 18.899999618530273 6.6828155517578125 -7.846282005310059
      vertex 5.09999942779541 7.015995979309082 -7.655522346496582
      vertex 5.09999942779541 6.6828155517578125 -7.846282005310059
    endloop
  endfacet
  facet normal 0 -0.9940488227735585 0.10893547605120403
    outer loop
      vertex 0 9.34929084777832 -2.322277069091797
      vertex 24 9.432747840881348 -1.5607223510742188
      vertex 0 9.432747840881348 -1.5607223510742188
    endloop
  endfacet
  facet normal 0 -0.9940488227735585 0.10893547605120403
    outer loop
      vertex 24 9.432747840881348 -1.5607223510742188
      vertex 0 9.34929084777832 -2.322277069091797
      vertex 24 9.34929084777832 -2.322277069091797
    endloop
  endfacet
  facet normal 0 0.9940488227735585 0.10893547605120403
    outer loop
      vertex 24 -9.34929084777832 -2.322277069091797
      vertex 0 -9.432747840881348 -1.5607223510742188
      vertex 24 -9.432747840881348 -1.5607223510742188
    endloop
  endfacet
  facet normal 0 0.9940488227735585 0.10893547605120403
    outer loop
      vertex 0 -9.432747840881348 -1.5607223510742188
      vertex 24 -9.34929084777832 -2.322277069091797
      vertex 0 -9.34929084777832 -2.322277069091797
    endloop
  endfacet
  facet normal 0 0.987968232286549 0.1546569493834399
    outer loop
      vertex 24 -9.233577728271484 -3.061467170715332
      vertex 0 -9.34929084777832 -2.322277069091797
      vertex 24 -9.34929084777832 -2.322277069091797
    endloop
  endfacet
  facet normal 0 0.987968232286549 0.1546569493834399
    outer loop
      vertex 0 -9.34929084777832 -2.322277069091797
      vertex 24 -9.233577728271484 -3.061467170715332
      vertex 0 -9.233577728271484 -3.061467170715332
    endloop
  endfacet
  facet normal 0 0.7340943451854691 0.6790474890364571
    outer loop
      vertex 1.8999996185302734 -7.339391708374023 -7.391036033630371
      vertex 0 -7.649888038635254 -7.0553693771362305
      vertex 1.8999996185302734 -7.649888038635254 -7.0553693771362305
    endloop
  endfacet
  facet normal 0 0.7340943451854691 0.6790474890364571
    outer loop
      vertex 0 -7.649888038635254 -7.0553693771362305
      vertex 1.8999996185302734 -7.339391708374023 -7.391036033630371
      vertex 0 -7.339391708374023 -7.391036033630371
    endloop
  endfacet
  facet normal 0 0.7340943451854692 0.6790474890364571
    outer loop
      vertex 24 -7.339391708374023 -7.391036033630371
      vertex 22.099998474121094 -7.649888038635254 -7.0553693771362305
      vertex 24 -7.649888038635254 -7.0553693771362305
    endloop
  endfacet
  facet normal 0 0.7340943451854692 0.6790474890364571
    outer loop
      vertex 22.099998474121094 -7.649888038635254 -7.0553693771362305
      vertex 24 -7.339391708374023 -7.391036033630371
      vertex 22.099998474121094 -7.339391708374023 -7.391036033630371
    endloop
  endfacet
  facet normal 0 0.7340943451854691 0.6790474890364571
    outer loop
      vertex 18.899999618530273 -7.339391708374023 -7.391036033630371
      vertex 5.09999942779541 -7.649888038635254 -7.0553693771362305
      vertex 18.899999618530273 -7.649888038635254 -7.0553693771362305
    endloop
  endfacet
  facet normal 0 0.7340943451854691 0.6790474890364571
    outer loop
      vertex 5.09999942779541 -7.649888038635254 -7.0553693771362305
      vertex 18.899999618530273 -7.339391708374023 -7.391036033630371
      vertex 5.09999942779541 -7.339391708374023 -7.391036033630371
    endloop
  endfacet
  facet normal 0 -0.9792555848189687 0.20262897029018279
    outer loop
      vertex 0 9.086724281311035 -3.7711734771728516
      vertex 24 9.233577728271484 -3.061467170715332
      vertex 0 9.233577728271484 -3.061467170715332
    endloop
  endfacet
  facet normal 0 -0.9792555848189687 0.20262897029018279
    outer loop
      vertex 24 9.233577728271484 -3.061467170715332
      vertex 0 9.086724281311035 -3.7711734771728516
      vertex 24 9.086724281311035 -3.7711734771728516
    endloop
  endfacet
  facet normal 0 -0.8077159555991721 0.5895718235045805
    outer loop
      vertex 0 7.649888038635254 -7.0553693771362305
      vertex 1.8999996185302734 7.94449520111084 -6.651756286621094
      vertex 0 7.94449520111084 -6.651756286621094
    endloop
  endfacet
  facet normal 0 -0.8077159555991721 0.5895718235045805
    outer loop
      vertex 1.8999996185302734 7.94449520111084 -6.651756286621094
      vertex 0 7.649888038635254 -7.0553693771362305
      vertex 1.8999996185302734 7.649888038635254 -7.0553693771362305
    endloop
  endfacet
  facet normal 0 -0.8077159555991721 0.5895718235045805
    outer loop
      vertex 22.099998474121094 7.649888038635254 -7.0553693771362305
      vertex 24 7.94449520111084 -6.651756286621094
      vertex 22.099998474121094 7.94449520111084 -6.651756286621094
    endloop
  endfacet
  facet normal 0 -0.8077159555991721 0.5895718235045805
    outer loop
      vertex 24 7.94449520111084 -6.651756286621094
      vertex 22.099998474121094 7.649888038635254 -7.0553693771362305
      vertex 24 7.649888038635254 -7.0553693771362305
    endloop
  endfacet
  facet normal 0 -0.8077159555991721 0.5895718235045805
    outer loop
      vertex 5.09999942779541 7.649888038635254 -7.0553693771362305
      vertex 18.899999618530273 7.94449520111084 -6.651756286621094
      vertex 5.09999942779541 7.94449520111084 -6.651756286621094
    endloop
  endfacet
  facet normal 0 -0.8077159555991721 0.5895718235045805
    outer loop
      vertex 18.899999618530273 7.94449520111084 -6.651756286621094
      vertex 5.09999942779541 7.649888038635254 -7.0553693771362305
      vertex 18.899999618530273 7.649888038635254 -7.0553693771362305
    endloop
  endfacet
  facet normal 0 0 1
    outer loop
      vertex 0 -1.0999994277954102 -8
      vertex 1.8999996185302734 -6 -8
      vertex 1.8999996185302734 -1.0999994277954102 -8
    endloop
  endfacet
  facet normal 0 0 1
    outer loop
      vertex 1.8999996185302734 -6 -8
      vertex 0 -1.0999994277954102 -8
      vertex 0 -6 -8
    endloop
  endfacet
  facet normal 0 0 1
    outer loop
      vertex 22.099998474121094 6 -8
      vertex 24 -6 -8
      vertex 24 6 -8
    endloop
  endfacet
  facet normal 0 0 1
    outer loop
      vertex 24 -6 -8
      vertex 22.099998474121094 6 -8
      vertex 22.099998474121094 -6 -8
    endloop
  endfacet
  facet normal 0 0 1
    outer loop
      vertex 0 6 -8
      vertex 1.8999996185302734 1.0999994277954102 -8
      vertex 1.8999996185302734 6 -8
    endloop
  endfacet
  facet normal 0 0 1
    outer loop
      vertex 1.8999996185302734 1.0999994277954102 -8
      vertex 0 6 -8
      vertex 0 1.0999994277954102 -8
    endloop
  endfacet
  facet normal 0 0 1
    outer loop
      vertex 5.09999942779541 -4 -8
      vertex 18.899999618530273 -6 -8
      vertex 18.899999618530273 -4 -8
    endloop
  endfacet
  facet normal 0 0 1
    outer loop
      vertex 18.899999618530273 -6 -8
      vertex 5.09999942779541 -4 -8
      vertex 5.09999942779541 -6 -8
    endloop
  endfacet
  facet normal 0 0 1
    outer loop
      vertex 5.09999942779541 6 -8
      vertex 18.899999618530273 4 -8
      vertex 18.899999618530273 6 -8
    endloop
  endfacet
  facet normal 0 0 1
    outer loop
      vertex 18.899999618530273 4 -8
      vertex 5.09999942779541 6 -8
      vertex 5.09999942779541 4 -8
    endloop
  endfacet
  facet normal 0 -0.11159030559850282 0.9937542974480326
    outer loop
      vertex 0 6.343059539794922 -7.961477279663086
      vertex 1.8999996185302734 6 -8
      vertex 1.8999996185302734 6.343059539794922 -7.961477279663086
    endloop
  endfacet
  facet normal 0 -0.11159030559850282 0.9937542974480326
    outer loop
      vertex 1.8999996185302734 6 -8
      vertex 0 6.343059539794922 -7.961477279663086
      vertex 0 6 -8
    endloop
  endfacet
  facet normal 0 -0.11159030559850282 0.9937542974480326
    outer loop
      vertex 22.099998474121094 6.343059539794922 -7.961477279663086
      vertex 24 6 -8
      vertex 24 6.343059539794922 -7.961477279663086
    endloop
  endfacet
  facet normal 0 -0.11159030559850282 0.9937542974480326
    outer loop
      vertex 24 6 -8
      vertex 22.099998474121094 6.343059539794922 -7.961477279663086
      vertex 22.099998474121094 6 -8
    endloop
  endfacet
  facet normal 0 -0.11159030559850283 0.9937542974480327
    outer loop
      vertex 5.09999942779541 6.343059539794922 -7.961477279663086
      vertex 18.899999618530273 6 -8
      vertex 18.899999618530273 6.343059539794922 -7.961477279663086
    endloop
  endfacet
  facet normal 0 -0.11159030559850283 0.9937542974480327
    outer loop
      vertex 18.899999618530273 6 -8
      vertex 5.09999942779541 6.343059539794922 -7.961477279663086
      vertex 5.09999942779541 6 -8
    endloop
  endfacet
  facet normal 0 0.11159030559850282 0.9937542974480326
    outer loop
      vertex 0 -6 -8
      vertex 1.8999996185302734 -6.343059539794922 -7.961477279663086
      vertex 1.8999996185302734 -6 -8
    endloop
  endfacet
  facet normal 0 0.11159030559850282 0.9937542974480326
    outer loop
      vertex 1.8999996185302734 -6.343059539794922 -7.961477279663086
      vertex 0 -6 -8
      vertex 0 -6.343059539794922 -7.961477279663086
    endloop
  endfacet
  facet normal 0 0.11159030559850282 0.9937542974480326
    outer loop
      vertex 22.099998474121094 -6 -8
      vertex 24 -6.343059539794922 -7.961477279663086
      vertex 24 -6 -8
    endloop
  endfacet
  facet normal 0 0.11159030559850282 0.9937542974480326
    outer loop
      vertex 24 -6.343059539794922 -7.961477279663086
      vertex 22.099998474121094 -6 -8
      vertex 22.099998474121094 -6.343059539794922 -7.961477279663086
    endloop
  endfacet
  facet normal 0 0.11159030559850283 0.9937542974480327
    outer loop
      vertex 5.09999942779541 -6 -8
      vertex 18.899999618530273 -6.343059539794922 -7.961477279663086
      vertex 18.899999618530273 -6 -8
    endloop
  endfacet
  facet normal 0 0.11159030559850283 0.9937542974480327
    outer loop
      vertex 18.899999618530273 -6.343059539794922 -7.961477279663086
      vertex 5.09999942779541 -6 -8
      vertex 5.09999942779541 -6.343059539794922 -7.961477279663086
    endloop
  endfacet
  facet normal 0 0.3210986460179256 0.9470457536600092
    outer loop
      vertex 0 -6.343059539794922 -7.961477279663086
      vertex 1.8999996185302734 -6.6828155517578125 -7.846282005310059
      vertex 1.8999996185302734 -6.343059539794922 -7.961477279663086
    endloop
  endfacet
  facet normal 0 0.3210986460179256 0.9470457536600092
    outer loop
      vertex 1.8999996185302734 -6.6828155517578125 -7.846282005310059
      vertex 0 -6.343059539794922 -7.961477279663086
      vertex 0 -6.6828155517578125 -7.846282005310059
    endloop
  endfacet
  facet normal 0 0.3210986460179256 0.9470457536600092
    outer loop
      vertex 22.099998474121094 -6.343059539794922 -7.961477279663086
      vertex 24 -6.6828155517578125 -7.846282005310059
      vertex 24 -6.343059539794922 -7.961477279663086
    endloop
  endfacet
  facet normal 0 0.3210986460179256 0.9470457536600092
    outer loop
      vertex 24 -6.6828155517578125 -7.846282005310059
      vertex 22.099998474121094 -6.343059539794922 -7.961477279663086
      vertex 22.099998474121094 -6.6828155517578125 -7.846282005310059
    endloop
  endfacet
  facet normal 0 0.3210986460179256 0.9470457536600093
    outer loop
      vertex 5.09999942779541 -6.343059539794922 -7.961477279663086
      vertex 18.899999618530273 -6.6828155517578125 -7.846282005310059
      vertex 18.899999618530273 -6.343059539794922 -7.961477279663086
    endloop
  endfacet
  facet normal 0 0.3210986460179256 0.9470457536600093
    outer loop
      vertex 18.899999618530273 -6.6828155517578125 -7.846282005310059
      vertex 5.09999942779541 -6.343059539794922 -7.961477279663086
      vertex 5.09999942779541 -6.6828155517578125 -7.846282005310059
    endloop
  endfacet
  facet normal 0 -0.9997690826090175 0.021489100938000293
    outer loop
      vertex 0 9.483145713806152 -0.7841367721557617
      vertex 24 9.5 0
      vertex 0 9.5 0
    endloop
  endfacet
  facet normal 0 -0.9997690826090175 0.021489100938000293
    outer loop
      vertex 24 9.5 0
      vertex 0 9.483145713806152 -0.7841367721557617
      vertex 24 9.483145713806152 -0.7841367721557617
    endloop
  endfacet
  facet normal 0 0.9672954345962191 0.2536524043042203
    outer loop
      vertex 24 -8.91014289855957 -4.444561004638672
      vertex 0 -9.086724281311035 -3.7711734771728516
      vertex 24 -9.086724281311035 -3.7711734771728516
    endloop
  endfacet
  facet normal 0 0.9672954345962191 0.2536524043042203
    outer loop
      vertex 0 -9.086724281311035 -3.7711734771728516
      vertex 24 -8.91014289855957 -4.444561004638672
      vertex 0 -8.91014289855957 -4.444561004638672
    endloop
  endfacet
  facet normal 0 -0.7340943451854691 0.6790474890364571
    outer loop
      vertex 0 7.339391708374023 -7.391036033630371
      vertex 1.8999996185302734 7.649888038635254 -7.0553693771362305
      vertex 0 7.649888038635254 -7.0553693771362305
    endloop
  endfacet
  facet normal 0 -0.7340943451854691 0.6790474890364571
    outer loop
      vertex 1.8999996185302734 7.649888038635254 -7.0553693771362305
      vertex 0 7.339391708374023 -7.391036033630371
      vertex 1.8999996185302734 7.339391708374023 -7.391036033630371
    endloop
  endfacet
  facet normal 0 -0.7340943451854692 0.6790474890364571
    outer loop
      vertex 22.099998474121094 7.339391708374023 -7.391036033630371
      vertex 24 7.649888038635254 -7.0553693771362305
      vertex 22.099998474121094 7.649888038635254 -7.0553693771362305
    endloop
  endfacet
  facet normal 0 -0.7340943451854692 0.6790474890364571
    outer loop
      vertex 24 7.649888038635254 -7.0553693771362305
      vertex 22.099998474121094 7.339391708374023 -7.391036033630371
      vertex 24 7.339391708374023 -7.391036033630371
    endloop
  endfacet
  facet normal 0 -0.7340943451854691 0.6790474890364571
    outer loop
      vertex 5.09999942779541 7.339391708374023 -7.391036033630371
      vertex 18.899999618530273 7.649888038635254 -7.0553693771362305
      vertex 5.09999942779541 7.649888038635254 -7.0553693771362305
    endloop
  endfacet
  facet normal 0 -0.7340943451854691 0.6790474890364571
    outer loop
      vertex 18.899999618530273 7.649888038635254 -7.0553693771362305
      vertex 5.09999942779541 7.339391708374023 -7.391036033630371
      vertex 18.899999618530273 7.339391708374023 -7.391036033630371
    endloop
  endfacet
  facet normal 0 0.9979008348153594 0.06476051169353708
    outer loop
      vertex 24 -9.432747840881348 -1.5607223510742188
      vertex 0 -9.483145713806152 -0.7841367721557617
      vertex 24 -9.483145713806152 -0.7841367721557617
    endloop
  endfacet
  facet normal 0 0.9979008348153594 0.06476051169353708
    outer loop
      vertex 0 -9.483145713806152 -0.7841367721557617
      vertex 24 -9.432747840881348 -1.5607223510742188
      vertex 0 -9.432747840881348 -1.5607223510742188
    endloop
  endfacet
  facet normal 0 -0.8613066822529618 0.5080854250088221
    outer loop
      vertex 0 7.94449520111084 -6.651756286621094
      vertex 1.8999996185302734 8.220376014709473 -6.184082984924316
      vertex 0 8.220376014709473 -6.184082984924316
    endloop
  endfacet
  facet normal 0 -0.8613066822529618 0.5080854250088221
    outer loop
      vertex 1.8999996185302734 8.220376014709473 -6.184082984924316
      vertex 0 7.94449520111084 -6.651756286621094
      vertex 1.8999996185302734 7.94449520111084 -6.651756286621094
    endloop
  endfacet
  facet normal 0 -0.8613066822529618 0.5080854250088221
    outer loop
      vertex 22.099998474121094 7.94449520111084 -6.651756286621094
      vertex 24 8.220376014709473 -6.184082984924316
      vertex 22.099998474121094 8.220376014709473 -6.184082984924316
    endloop
  endfacet
  facet normal 0 -0.8613066822529618 0.5080854250088221
    outer loop
      vertex 24 8.220376014709473 -6.184082984924316
      vertex 22.099998474121094 7.94449520111084 -6.651756286621094
      vertex 24 7.94449520111084 -6.651756286621094
    endloop
  endfacet
  facet normal 0 -0.8613066822529618 0.5080854250088221
    outer loop
      vertex 5.09999942779541 7.94449520111084 -6.651756286621094
      vertex 18.899999618530273 8.220376014709473 -6.184082984924316
      vertex 5.09999942779541 8.220376014709473 -6.184082984924316
    endloop
  endfacet
  facet normal 0 -0.8613066822529618 0.5080854250088221
    outer loop
      vertex 18.899999618530273 8.220376014709473 -6.184082984924316
      vertex 5.09999942779541 7.94449520111084 -6.651756286621094
      vertex 18.899999618530273 7.94449520111084 -6.651756286621094
    endloop
  endfacet
  facet normal 0 -0.9672954345962191 0.2536524043042203
    outer loop
      vertex 0 8.91014289855957 -4.444561004638672
      vertex 24 9.086724281311035 -3.7711734771728516
      vertex 0 9.086724281311035 -3.7711734771728516
    endloop
  endfacet
  facet normal 0 -0.9672954345962191 0.2536524043042203
    outer loop
      vertex 24 9.086724281311035 -3.7711734771728516
      vertex 0 8.91014289855957 -4.444561004638672
      vertex 24 8.91014289855957 -4.444561004638672
    endloop
  endfacet
  facet normal 0 -0.3210986460179256 0.9470457536600092
    outer loop
      vertex 0 6.6828155517578125 -7.846282005310059
      vertex 1.8999996185302734 6.343059539794922 -7.961477279663086
      vertex 1.8999996185302734 6.6828155517578125 -7.846282005310059
    endloop
  endfacet
  facet normal 0 -0.3210986460179256 0.9470457536600092
    outer loop
      vertex 1.8999996185302734 6.343059539794922 -7.961477279663086
      vertex 0 6.6828155517578125 -7.846282005310059
      vertex 0 6.343059539794922 -7.961477279663086
    endloop
  endfacet
  facet normal 0 -0.3210986460179256 0.9470457536600092
    outer loop
      vertex 22.099998474121094 6.6828155517578125 -7.846282005310059
      vertex 24 6.343059539794922 -7.961477279663086
      vertex 24 6.6828155517578125 -7.846282005310059
    endloop
  endfacet
  facet normal 0 -0.3210986460179256 0.9470457536600092
    outer loop
      vertex 24 6.343059539794922 -7.961477279663086
      vertex 22.099998474121094 6.6828155517578125 -7.846282005310059
      vertex 22.099998474121094 6.343059539794922 -7.961477279663086
    endloop
  endfacet
  facet normal 0 -0.3210986460179256 0.9470457536600093
    outer loop
      vertex 5.09999942779541 6.6828155517578125 -7.846282005310059
      vertex 18.899999618530273 6.343059539794922 -7.961477279663086
      vertex 18.899999618530273 6.6828155517578125 -7.846282005310059
    endloop
  endfacet
  facet normal 0 -0.3210986460179256 0.9470457536600093
    outer loop
      vertex 18.899999618530273 6.343059539794922 -7.961477279663086
      vertex 5.09999942779541 6.6828155517578125 -7.846282005310059
      vertex 5.09999942779541 6.343059539794922 -7.961477279663086
    endloop
  endfacet
  facet normal 0 -0.987968232286549 0.1546569493834399
    outer loop
      vertex 0 9.233577728271484 -3.061467170715332
      vertex 24 9.34929084777832 -2.322277069091797
      vertex 0 9.34929084777832 -2.322277069091797
    endloop
  endfacet
  facet normal 0 -0.987968232286549 0.1546569493834399
    outer loop
      vertex 24 9.34929084777832 -2.322277069091797
      vertex 0 9.233577728271484 -3.061467170715332
      vertex 24 9.233577728271484 -3.061467170715332
    endloop
  endfacet
  facet normal 0 -0.633079782480594 0.7740865513715658
    outer loop
      vertex 0 7.339391708374023 -7.391036033630371
      vertex 1.8999996185302734 7.015995979309082 -7.655522346496582
      vertex 1.8999996185302734 7.339391708374023 -7.391036033630371
    endloop
  endfacet
  facet normal 0 -0.633079782480594 0.7740865513715658
    outer loop
      vertex 1.8999996185302734 7.015995979309082 -7.655522346496582
      vertex 0 7.339391708374023 -7.391036033630371
      vertex 0 7.015995979309082 -7.655522346496582
    endloop
  endfacet
  facet normal 0 -0.633079782480594 0.7740865513715658
    outer loop
      vertex 22.099998474121094 7.339391708374023 -7.391036033630371
      vertex 24 7.015995979309082 -7.655522346496582
      vertex 24 7.339391708374023 -7.391036033630371
    endloop
  endfacet
  facet normal 0 -0.633079782480594 0.7740865513715658
    outer loop
      vertex 24 7.015995979309082 -7.655522346496582
      vertex 22.099998474121094 7.339391708374023 -7.391036033630371
      vertex 22.099998474121094 7.015995979309082 -7.655522346496582
    endloop
  endfacet
  facet normal 0 -0.6330797824805939 0.7740865513715658
    outer loop
      vertex 5.09999942779541 7.339391708374023 -7.391036033630371
      vertex 18.899999618530273 7.015995979309082 -7.655522346496582
      vertex 18.899999618530273 7.339391708374023 -7.391036033630371
    endloop
  endfacet
  facet normal 0 -0.6330797824805939 0.7740865513715658
    outer loop
      vertex 18.899999618530273 7.015995979309082 -7.655522346496582
      vertex 5.09999942779541 7.339391708374023 -7.391036033630371
      vertex 5.09999942779541 7.015995979309082 -7.655522346496582
    endloop
  endfacet
  facet normal 0 0.9997690826090175 0.021489100938000293
    outer loop
      vertex 24 -9.483145713806152 -0.7841367721557617
      vertex 0 -9.5 0
      vertex 24 -9.5 0
    endloop
  endfacet
  facet normal 0 0.9997690826090175 0.021489100938000293
    outer loop
      vertex 0 -9.5 0
      vertex 24 -9.483145713806152 -0.7841367721557617
      vertex 0 -9.483145713806152 -0.7841367721557617
    endloop
  endfacet
  facet normal 0 0.8613066822529618 0.5080854250088221
    outer loop
      vertex 1.8999996185302734 -7.94449520111084 -6.651756286621094
      vertex 0 -8.220376014709473 -6.184082984924316
      vertex 1.8999996185302734 -8.220376014709473 -6.184082984924316
    endloop
  endfacet
  facet normal 0 0.8613066822529618 0.5080854250088221
    outer loop
      vertex 0 -8.220376014709473 -6.184082984924316
      vertex 1.8999996185302734 -7.94449520111084 -6.651756286621094
      vertex 0 -7.94449520111084 -6.651756286621094
    endloop
  endfacet
  facet normal 0 0.8613066822529618 0.5080854250088221
    outer loop
      vertex 24 -7.94449520111084 -6.651756286621094
      vertex 22.099998474121094 -8.220376014709473 -6.184082984924316
      vertex 24 -8.220376014709473 -6.184082984924316
    endloop
  endfacet
  facet normal 0 0.8613066822529618 0.5080854250088221
    outer loop
      vertex 22.099998474121094 -8.220376014709473 -6.184082984924316
      vertex 24 -7.94449520111084 -6.651756286621094
      vertex 22.099998474121094 -7.94449520111084 -6.651756286621094
    endloop
  endfacet
  facet normal 0 0.8613066822529618 0.5080854250088221
    outer loop
      vertex 18.899999618530273 -7.94449520111084 -6.651756286621094
      vertex 5.09999942779541 -8.220376014709473 -6.184082984924316
      vertex 18.899999618530273 -8.220376014709473 -6.184082984924316
    endloop
  endfacet
  facet normal 0 0.8613066822529618 0.5080854250088221
    outer loop
      vertex 5.09999942779541 -8.220376014709473 -6.184082984924316
      vertex 18.899999618530273 -7.94449520111084 -6.651756286621094
      vertex 5.09999942779541 -7.94449520111084 -6.651756286621094
    endloop
  endfacet
  facet normal 0 -0.9005696691299032 0.4347117102669958
    outer loop
      vertex 0 8.220376014709473 -6.184082984924316
      vertex 1.8999996185302734 8.474873542785645 -5.656853675842285
      vertex 0 8.474873542785645 -5.656853675842285
    endloop
  endfacet
  facet normal 0 -0.9005696691299032 0.4347117102669958
    outer loop
      vertex 1.8999996185302734 8.474873542785645 -5.656853675842285
      vertex 0 8.220376014709473 -6.184082984924316
      vertex 1.8999996185302734 8.220376014709473 -6.184082984924316
    endloop
  endfacet
  facet normal 0 -0.9005696691299031 0.4347117102669958
    outer loop
      vertex 22.099998474121094 8.220376014709473 -6.184082984924316
      vertex 24 8.474873542785645 -5.656853675842285
      vertex 22.099998474121094 8.474873542785645 -5.656853675842285
    endloop
  endfacet
  facet normal 0 -0.9005696691299031 0.4347117102669958
    outer loop
      vertex 24 8.474873542785645 -5.656853675842285
      vertex 22.099998474121094 8.220376014709473 -6.184082984924316
      vertex 24 8.220376014709473 -6.184082984924316
    endloop
  endfacet
  facet normal 0 -0.9005696691299032 0.43471171026699584
    outer loop
      vertex 5.09999942779541 8.220376014709473 -6.184082984924316
      vertex 18.899999618530273 8.474873542785645 -5.656853675842285
      vertex 5.09999942779541 8.474873542785645 -5.656853675842285
    endloop
  endfacet
  facet normal 0 -0.9005696691299032 0.43471171026699584
    outer loop
      vertex 18.899999618530273 8.474873542785645 -5.656853675842285
      vertex 5.09999942779541 8.220376014709473 -6.184082984924316
      vertex 18.899999618530273 8.220376014709473 -6.184082984924316
    endloop
  endfacet
  facet normal 0 -0.9511819288341878 0.3086307474301193
    outer loop
      vertex 5.09999942779541 8.705535888671875 -5.075145721435547
      vertex 18.899999618530273 8.729918479919434 -5
      vertex 5.09999942779541 8.729918479919434 -5
    endloop
  endfacet
  facet normal 0 -0.9511819288341878 0.3086307474301193
    outer loop
      vertex 18.899999618530273 8.729918479919434 -5
      vertex 5.09999942779541 8.705535888671875 -5.075145721435547
      vertex 18.899999618530273 8.705535888671875 -5.075145721435547
    endloop
  endfacet
  facet normal 0 -0.9511815811402227 0.30863181900054626
    outer loop
      vertex 5.09999942779541 8.729918479919434 -5
      vertex 0 8.91014289855957 -4.444561004638672
      vertex 1.8999996185302734 8.729918479919434 -5
    endloop
  endfacet
  facet normal -4.126076795604238e-8 -0.9511816225743777 0.3086316913033599
    outer loop
      vertex 0 8.705535888671875 -5.075145721435547
      vertex 1.8999996185302734 8.729918479919434 -5
      vertex 0 8.91014289855957 -4.444561004638672
    endloop
  endfacet
  facet normal 0 -0.9511819288341877 0.30863074743011926
    outer loop
      vertex 1.8999996185302734 8.729918479919434 -5
      vertex 0 8.705535888671875 -5.075145721435547
      vertex 1.8999996185302734 8.705535888671875 -5.075145721435547
    endloop
  endfacet
  facet normal 0 -0.9511815811402227 0.30863181900054626
    outer loop
      vertex 0 8.91014289855957 -4.444561004638672
      vertex 5.09999942779541 8.729918479919434 -5
      vertex 24 8.91014289855957 -4.444561004638672
    endloop
  endfacet
  facet normal 0 -0.9511815811402227 0.3086318190005462
    outer loop
      vertex 18.899999618530273 8.729918479919434 -5
      vertex 24 8.91014289855957 -4.444561004638672
      vertex 5.09999942779541 8.729918479919434 -5
    endloop
  endfacet
  facet normal 0 -0.9511815811402227 0.3086318190005462
    outer loop
      vertex 22.099998474121094 8.729918479919434 -5
      vertex 24 8.91014289855957 -4.444561004638672
      vertex 18.899999618530273 8.729918479919434 -5
    endloop
  endfacet
  facet normal 0 -0.9511819288341877 0.30863074743011926
    outer loop
      vertex 24 8.705535888671875 -5.075145721435547
      vertex 22.099998474121094 8.729918479919434 -5
      vertex 22.099998474121094 8.705535888671875 -5.075145721435547
    endloop
  endfacet
  facet normal 4.126072653572336e-8 -0.9511816225743778 0.30863169130335993
    outer loop
      vertex 22.099998474121094 8.729918479919434 -5
      vertex 24 8.705535888671875 -5.075145721435547
      vertex 24 8.91014289855957 -4.444561004638672
    endloop
  endfacet
  facet normal 0 0.49686692324430637 0.867826745719292
    outer loop
      vertex 0 -6.6828155517578125 -7.846282005310059
      vertex 1.8999996185302734 -7.015995979309082 -7.655522346496582
      vertex 1.8999996185302734 -6.6828155517578125 -7.846282005310059
    endloop
  endfacet
  facet normal 0 0.49686692324430637 0.867826745719292
    outer loop
      vertex 1.8999996185302734 -7.015995979309082 -7.655522346496582
      vertex 0 -6.6828155517578125 -7.846282005310059
      vertex 0 -7.015995979309082 -7.655522346496582
    endloop
  endfacet
  facet normal 0 0.49686692324430637 0.867826745719292
    outer loop
      vertex 22.099998474121094 -6.6828155517578125 -7.846282005310059
      vertex 24 -7.015995979309082 -7.655522346496582
      vertex 24 -6.6828155517578125 -7.846282005310059
    endloop
  endfacet
  facet normal 0 0.49686692324430637 0.867826745719292
    outer loop
      vertex 24 -7.015995979309082 -7.655522346496582
      vertex 22.099998474121094 -6.6828155517578125 -7.846282005310059
      vertex 22.099998474121094 -7.015995979309082 -7.655522346496582
    endloop
  endfacet
  facet normal 0 0.4968669232443063 0.8678267457192919
    outer loop
      vertex 5.09999942779541 -6.6828155517578125 -7.846282005310059
      vertex 18.899999618530273 -7.015995979309082 -7.655522346496582
      vertex 18.899999618530273 -6.6828155517578125 -7.846282005310059
    endloop
  endfacet
  facet normal 0 0.4968669232443063 0.8678267457192919
    outer loop
      vertex 18.899999618530273 -7.015995979309082 -7.655522346496582
      vertex 5.09999942779541 -6.6828155517578125 -7.846282005310059
      vertex 5.09999942779541 -7.015995979309082 -7.655522346496582
    endloop
  endfacet
  facet normal 0 0.633079782480594 0.7740865513715658
    outer loop
      vertex 0 -7.015995979309082 -7.655522346496582
      vertex 1.8999996185302734 -7.339391708374023 -7.391036033630371
      vertex 1.8999996185302734 -7.015995979309082 -7.655522346496582
    endloop
  endfacet
  facet normal 0 0.633079782480594 0.7740865513715658
    outer loop
      vertex 1.8999996185302734 -7.339391708374023 -7.391036033630371
      vertex 0 -7.015995979309082 -7.655522346496582
      vertex 0 -7.339391708374023 -7.391036033630371
    endloop
  endfacet
  facet normal 0 0.633079782480594 0.7740865513715658
    outer loop
      vertex 22.099998474121094 -7.015995979309082 -7.655522346496582
      vertex 24 -7.339391708374023 -7.391036033630371
      vertex 24 -7.015995979309082 -7.655522346496582
    endloop
  endfacet
  facet normal 0 0.633079782480594 0.7740865513715658
    outer loop
      vertex 24 -7.339391708374023 -7.391036033630371
      vertex 22.099998474121094 -7.015995979309082 -7.655522346496582
      vertex 22.099998474121094 -7.339391708374023 -7.391036033630371
    endloop
  endfacet
  facet normal 0 0.6330797824805939 0.7740865513715658
    outer loop
      vertex 5.09999942779541 -7.015995979309082 -7.655522346496582
      vertex 18.899999618530273 -7.339391708374023 -7.391036033630371
      vertex 18.899999618530273 -7.015995979309082 -7.655522346496582
    endloop
  endfacet
  facet normal 0 0.6330797824805939 0.7740865513715658
    outer loop
      vertex 18.899999618530273 -7.339391708374023 -7.391036033630371
      vertex 5.09999942779541 -7.015995979309082 -7.655522346496582
      vertex 5.09999942779541 -7.339391708374023 -7.391036033630371
    endloop
  endfacet
  facet normal 0 0.9005696691299032 0.4347117102669958
    outer loop
      vertex 1.8999996185302734 -8.220376014709473 -6.184082984924316
      vertex 0 -8.474873542785645 -5.656853675842285
      vertex 1.8999996185302734 -8.474873542785645 -5.656853675842285
    endloop
  endfacet
  facet normal 0 0.9005696691299032 0.4347117102669958
    outer loop
      vertex 0 -8.474873542785645 -5.656853675842285
      vertex 1.8999996185302734 -8.220376014709473 -6.184082984924316
      vertex 0 -8.220376014709473 -6.184082984924316
    endloop
  endfacet
  facet normal 0 0.9005696691299031 0.4347117102669958
    outer loop
      vertex 24 -8.220376014709473 -6.184082984924316
      vertex 22.099998474121094 -8.474873542785645 -5.656853675842285
      vertex 24 -8.474873542785645 -5.656853675842285
    endloop
  endfacet
  facet normal 0 0.9005696691299031 0.4347117102669958
    outer loop
      vertex 22.099998474121094 -8.474873542785645 -5.656853675842285
      vertex 24 -8.220376014709473 -6.184082984924316
      vertex 22.099998474121094 -8.220376014709473 -6.184082984924316
    endloop
  endfacet
  facet normal 0 0.9005696691299032 0.43471171026699584
    outer loop
      vertex 18.899999618530273 -8.220376014709473 -6.184082984924316
      vertex 5.09999942779541 -8.474873542785645 -5.656853675842285
      vertex 18.899999618530273 -8.474873542785645 -5.656853675842285
    endloop
  endfacet
  facet normal 0 0.9005696691299032 0.43471171026699584
    outer loop
      vertex 5.09999942779541 -8.474873542785645 -5.656853675842285
      vertex 18.899999618530273 -8.220376014709473 -6.184082984924316
      vertex 5.09999942779541 -8.220376014709473 -6.184082984924316
    endloop
  endfacet
  facet normal 0 -0.9979008348153594 0.06476051169353708
    outer loop
      vertex 0 9.432747840881348 -1.5607223510742188
      vertex 24 9.483145713806152 -0.7841367721557617
      vertex 0 9.483145713806152 -0.7841367721557617
    endloop
  endfacet
  facet normal 0 -0.9979008348153594 0.06476051169353708
    outer loop
      vertex 24 9.483145713806152 -0.7841367721557617
      vertex 0 9.432747840881348 -1.5607223510742188
      vertex 24 9.432747840881348 -1.5607223510742188
    endloop
  endfacet
  facet normal 0 0 1
    outer loop
      vertex 6.09999942779541 -15.5 0
      vertex 9.699999809265137 -17.200000762939453 0
      vertex 9.699999809265137 -15.5 0
    endloop
  endfacet
  facet normal 0 0 1
    outer loop
      vertex 9.699999809265137 -17.200000762939453 0
      vertex 6.09999942779541 -15.5 0
      vertex 6.09999942779541 -17.200000762939453 0
    endloop
  endfacet
  facet normal 0 0 1
    outer loop
      vertex 14.299999237060547 -15.5 0
      vertex 17.899999618530273 -17.200000762939453 0
      vertex 17.899999618530273 -15.5 0
    endloop
  endfacet
  facet normal 0 0 1
    outer loop
      vertex 17.899999618530273 -17.200000762939453 0
      vertex 14.299999237060547 -15.5 0
      vertex 14.299999237060547 -17.200000762939453 0
    endloop
  endfacet
  facet normal 0 0 1
    outer loop
      vertex 2 11.699999809265137 0
      vertex 0 11.699999809265137 0
      vertex 2 11.399999618530273 0
    endloop
  endfacet
  facet normal 0 0 1
    outer loop
      vertex 22 11.399999618530273 0
      vertex 24 11.699999809265137 0
      vertex 22 11.699999809265137 0
    endloop
  endfacet
  facet normal 0 0 1
    outer loop
      vertex 24 11.699999809265137 0
      vertex 22 11.399999618530273 0
      vertex 24 9.5 0
    endloop
  endfacet
  facet normal 0 0 1
    outer loop
      vertex 2 11.399999618530273 0
      vertex 24 9.5 0
      vertex 22 11.399999618530273 0
    endloop
  endfacet
  facet normal 0 0 1
    outer loop
      vertex 2 11.399999618530273 0
      vertex 0 9.5 0
      vertex 24 9.5 0
    endloop
  endfacet
  facet normal 0 0 1
    outer loop
      vertex 0 9.5 0
      vertex 2 11.399999618530273 0
      vertex 0 11.699999809265137 0
    endloop
  endfacet
  facet normal 0 0 1
    outer loop
      vertex 24 -9.5 0
      vertex 17.899999618530273 -11.699999809265137 0
      vertex 24 -11.699999809265137 0
    endloop
  endfacet
  facet normal 0 0 1
    outer loop
      vertex 17.899999618530273 -11.699999809265137 0
      vertex 14.299999237060547 -11.699999809265137 0
      vertex 17.899999618530273 -12.899999618530273 0
    endloop
  endfacet
  facet normal 0 0 1
    outer loop
      vertex 24 -9.5 0
      vertex 14.299999237060547 -11.699999809265137 0
      vertex 17.899999618530273 -11.699999809265137 0
    endloop
  endfacet
  facet normal 0 0 1
    outer loop
      vertex 24 -9.5 0
      vertex 9.699999809265137 -11.699999809265137 0
      vertex 14.299999237060547 -11.699999809265137 0
    endloop
  endfacet
  facet normal 0 0 1
    outer loop
      vertex 9.699999809265137 -11.699999809265137 0
      vertex 6.09999942779541 -11.699999809265137 0
      vertex 9.699999809265137 -12.899999618530273 0
    endloop
  endfacet
  facet normal 0 0 1
    outer loop
      vertex 0 -9.5 0
      vertex 9.699999809265137 -11.699999809265137 0
      vertex 24 -9.5 0
    endloop
  endfacet
  facet normal 0 0 1
    outer loop
      vertex 9.699999809265137 -11.699999809265137 0
      vertex 0 -9.5 0
      vertex 6.09999942779541 -11.699999809265137 0
    endloop
  endfacet
  facet normal 0 0 1
    outer loop
      vertex 6.09999942779541 -11.699999809265137 0
      vertex 0 -9.5 0
      vertex 0 -11.699999809265137 0
    endloop
  endfacet
  facet normal 0 0 1
    outer loop
      vertex 17.899999618530273 -12.899999618530273 0
      vertex 14.299999237060547 -11.699999809265137 0
      vertex 14.299999237060547 -12.899999618530273 0
    endloop
  endfacet
  facet normal 0 0 1
    outer loop
      vertex 9.699999809265137 -12.899999618530273 0
      vertex 6.09999942779541 -11.699999809265137 0
      vertex 6.09999942779541 -12.899999618530273 0
    endloop
  endfacet
  facet normal 0 0.06540519618852311 -0.9978587877608439
    outer loop
      vertex 6.09999942779541 -14.199999809265137 -3
      vertex 9.699999809265137 -13.80842113494873 -2.9743337631225586
      vertex 9.699999809265137 -14.199999809265137 -3
    endloop
  endfacet
  facet normal 0 0.06540519618852311 -0.9978587877608439
    outer loop
      vertex 9.699999809265137 -13.80842113494873 -2.9743337631225586
      vertex 6.09999942779541 -14.199999809265137 -3
      vertex 6.09999942779541 -13.80842113494873 -2.9743337631225586
    endloop
  endfacet
  facet normal 0 0.7518403549106677 -0.65934519087334
    outer loop
      vertex 9.699999809265137 -12.078679084777832 -2.1213197708129883
      vertex 6.09999942779541 -11.819939613342285 -1.8262834548950195
      vertex 9.699999809265137 -11.819939613342285 -1.8262834548950195
    endloop
  endfacet
  facet normal 0 0.7518403549106677 -0.65934519087334
    outer loop
      vertex 6.09999942779541 -11.819939613342285 -1.8262834548950195
      vertex 9.699999809265137 -12.078679084777832 -2.1213197708129883
      vertex 6.09999942779541 -12.078679084777832 -2.1213197708129883
    endloop
  endfacet
  facet normal 0 -0.06540519618852311 -0.9978587877608439
    outer loop
      vertex 6.09999942779541 -14.591578483581543 -2.9743337631225586
      vertex 9.699999809265137 -14.199999809265137 -3
      vertex 9.699999809265137 -14.591578483581543 -2.9743337631225586
    endloop
  endfacet
  facet normal 0 -0.06540519618852311 -0.9978587877608439
    outer loop
      vertex 9.699999809265137 -14.199999809265137 -3
      vertex 6.09999942779541 -14.591578483581543 -2.9743337631225586
      vertex 6.09999942779541 -14.199999809265137 -3
    endloop
  endfacet
  facet normal 0 -0.5555719771183086 -0.8314684469304015
    outer loop
      vertex 6.09999942779541 -16.026283264160156 -2.380059242248535
      vertex 9.699999809265137 -15.699999809265137 -2.5980758666992188
      vertex 9.699999809265137 -16.026283264160156 -2.380059242248535
    endloop
  endfacet
  facet normal 0 -0.5555719771183086 -0.8314684469304015
    outer loop
      vertex 9.699999809265137 -15.699999809265137 -2.5980758666992188
      vertex 6.09999942779541 -16.026283264160156 -2.380059242248535
      vertex 6.09999942779541 -15.699999809265137 -2.5980758666992188
    endloop
  endfacet
  facet normal 0 0.5555708544893759 -0.8314691970493824
    outer loop
      vertex 6.09999942779541 -12.699999809265137 -2.5980758666992188
      vertex 9.699999809265137 -12.3737154006958 -2.380059242248535
      vertex 9.699999809265137 -12.699999809265137 -2.5980758666992188
    endloop
  endfacet
  facet normal 0 0.5555708544893759 -0.8314691970493824
    outer loop
      vertex 9.699999809265137 -12.3737154006958 -2.380059242248535
      vertex 6.09999942779541 -12.699999809265137 -2.5980758666992188
      vertex 6.09999942779541 -12.3737154006958 -2.380059242248535
    endloop
  endfacet
  facet normal 0 -0.8968745153639197 -0.44228509322690734
    outer loop
      vertex 6.09999942779541 -16.798076629638672 -1.5
      vertex 9.699999809265137 -16.971637725830078 -1.1480493545532227
      vertex 6.09999942779541 -16.971637725830078 -1.1480493545532227
    endloop
  endfacet
  facet normal 0 -0.8968745153639197 -0.44228509322690734
    outer loop
      vertex 9.699999809265137 -16.971637725830078 -1.1480493545532227
      vertex 6.09999942779541 -16.798076629638672 -1.5
      vertex 9.699999809265137 -16.798076629638672 -1.5
    endloop
  endfacet
  facet normal 0 -0.1950906498792374 -0.9807852151871463
    outer loop
      vertex 6.09999942779541 -14.976456642150879 -2.8977766036987305
      vertex 9.699999809265137 -14.591578483581543 -2.9743337631225586
      vertex 9.699999809265137 -14.976456642150879 -2.8977766036987305
    endloop
  endfacet
  facet normal 0 -0.1950906498792374 -0.9807852151871463
    outer loop
      vertex 9.699999809265137 -14.591578483581543 -2.9743337631225586
      vertex 6.09999942779541 -14.976456642150879 -2.8977766036987305
      vertex 6.09999942779541 -14.591578483581543 -2.9743337631225586
    endloop
  endfacet
  facet normal 0 -0.7518403549106677 -0.65934519087334
    outer loop
      vertex 6.09999942779541 -16.321319580078125 -2.1213197708129883
      vertex 9.699999809265137 -16.580059051513672 -1.8262834548950195
      vertex 6.09999942779541 -16.580059051513672 -1.8262834548950195
    endloop
  endfacet
  facet normal 0 -0.7518403549106677 -0.65934519087334
    outer loop
      vertex 9.699999809265137 -16.580059051513672 -1.8262834548950195
      vertex 6.09999942779541 -16.321319580078125 -2.1213197708129883
      vertex 9.699999809265137 -16.321319580078125 -2.1213197708129883
    endloop
  endfacet
  facet normal -1 0 0
    outer loop
      vertex 6.09999942779541 -11.819939613342285 -1.8262834548950195
      vertex 6.09999942779541 -11.672552108764648 -0.9997739791870117
      vertex 6.09999942779541 -11.62786865234375 -1.5388296842575073
    endloop
  endfacet
  facet normal -1 0 0
    outer loop
      vertex 6.09999942779541 -13.16864013671875 -0.7913894653320312
      vertex 6.09999942779541 -11.672552108764648 -0.9997739791870117
      vertex 6.09999942779541 -11.819939613342285 -1.8262834548950195
    endloop
  endfacet
  facet normal -1 0 0
    outer loop
      vertex 6.09999942779541 -13.16864013671875 -0.7913894653320312
      vertex 6.09999942779541 -11.819939613342285 -1.8262834548950195
      vertex 6.09999942779541 -12.078679084777832 -2.1213197708129883
    endloop
  endfacet
  facet normal -1 0 0
    outer loop
      vertex 6.09999942779541 -13.280760765075684 -0.9192380905151367
      vertex 6.09999942779541 -12.078679084777832 -2.1213197708129883
      vertex 6.09999942779541 -12.3737154006958 -2.380059242248535
    endloop
  endfacet
  facet normal -1 0 0
    outer loop
      vertex 6.09999942779541 -13.408609390258789 -1.0313587188720703
      vertex 6.09999942779541 -12.3737154006958 -2.380059242248535
      vertex 6.09999942779541 -12.699999809265137 -2.5980758666992188
    endloop
  endfacet
  facet normal -1 0 0
    outer loop
      vertex 6.09999942779541 -11.672552108764648 -0.9997739791870117
      vertex 6.09999942779541 -13.074166297912598 -0.6499996185302734
      vertex 6.09999942779541 -12.998955726623535 -0.49748802185058594
    endloop
  endfacet
  facet normal -1 0 0
    outer loop
      vertex 6.09999942779541 -11.699999809265137 0
      vertex 6.09999942779541 -12.911121368408203 -0.16968345642089844
      vertex 6.09999942779541 -12.899999618530273 0
    endloop
  endfacet
  facet normal -1 0 0
    outer loop
      vertex 6.09999942779541 -11.699999809265137 0
      vertex 6.09999942779541 -12.944295883178711 -0.33646392822265625
      vertex 6.09999942779541 -12.911121368408203 -0.16968345642089844
    endloop
  endfacet
  facet normal -1 0 0
    outer loop
      vertex 6.09999942779541 -11.672552108764648 -0.9997739791870117
      vertex 6.09999942779541 -12.944295883178711 -0.33646392822265625
      vertex 6.09999942779541 -11.699999809265137 0
    endloop
  endfacet
  facet normal -1 0 0
    outer loop
      vertex 6.09999942779541 -13.549999237060547 -1.1258325576782227
      vertex 6.09999942779541 -12.699999809265137 -2.5980758666992188
      vertex 6.09999942779541 -13.051949501037598 -2.7716379165649414
    endloop
  endfacet
  facet normal -1 0 0
    outer loop
      vertex 6.09999942779541 -12.944295883178711 -0.33646392822265625
      vertex 6.09999942779541 -11.672552108764648 -0.9997739791870117
      vertex 6.09999942779541 -12.998955726623535 -0.49748802185058594
    endloop
  endfacet
  facet normal -1 0 0
    outer loop
      vertex 6.09999942779541 -11.672552108764648 -0.9997739791870117
      vertex 6.09999942779541 -13.16864013671875 -0.7913894653320312
      vertex 6.09999942779541 -13.074166297912598 -0.6499996185302734
    endloop
  endfacet
  facet normal -1 0 0
    outer loop
      vertex 6.09999942779541 -12.078679084777832 -2.1213197708129883
      vertex 6.09999942779541 -13.280760765075684 -0.9192380905151367
      vertex 6.09999942779541 -13.16864013671875 -0.7913894653320312
    endloop
  endfacet
  facet normal -1 0 0
    outer loop
      vertex 6.09999942779541 -12.3737154006958 -2.380059242248535
      vertex 6.09999942779541 -13.408609390258789 -1.0313587188720703
      vertex 6.09999942779541 -13.280760765075684 -0.9192380905151367
    endloop
  endfacet
  facet normal -1 0 0
    outer loop
      vertex 6.09999942779541 -13.702510833740234 -1.2010431289672852
      vertex 6.09999942779541 -13.051949501037598 -2.7716379165649414
      vertex 6.09999942779541 -13.423542022705078 -2.8977766036987305
    endloop
  endfacet
  facet normal -1 0 0
    outer loop
      vertex 6.09999942779541 -12.699999809265137 -2.5980758666992188
      vertex 6.09999942779541 -13.549999237060547 -1.1258325576782227
      vertex 6.09999942779541 -13.408609390258789 -1.0313587188720703
    endloop
  endfacet
  facet normal -1 0 0
    outer loop
      vertex 6.09999942779541 -13.051949501037598 -2.7716379165649414
      vertex 6.09999942779541 -13.702510833740234 -1.2010431289672852
      vertex 6.09999942779541 -13.549999237060547 -1.1258325576782227
    endloop
  endfacet
  facet normal -1 0 0
    outer loop
      vertex 6.09999942779541 -13.863534927368164 -1.2557029724121094
      vertex 6.09999942779541 -13.423542022705078 -2.8977766036987305
      vertex 6.09999942779541 -13.80842113494873 -2.9743337631225586
    endloop
  endfacet
  facet normal -1 0 0
    outer loop
      vertex 6.09999942779541 -13.423542022705078 -2.8977766036987305
      vertex 6.09999942779541 -13.863534927368164 -1.2557029724121094
      vertex 6.09999942779541 -13.702510833740234 -1.2010431289672852
    endloop
  endfacet
  facet normal -1 0 0
    outer loop
      vertex 6.09999942779541 -13.80842113494873 -2.9743337631225586
      vertex 6.09999942779541 -14.030315399169922 -1.2888774871826172
      vertex 6.09999942779541 -13.863534927368164 -1.2557029724121094
    endloop
  endfacet
  facet normal -1 0 0
    outer loop
      vertex 6.09999942779541 -14.199999809265137 -3
      vertex 6.09999942779541 -14.030315399169922 -1.2888774871826172
      vertex 6.09999942779541 -13.80842113494873 -2.9743337631225586
    endloop
  endfacet
  facet normal -1 0 0
    outer loop
      vertex 6.09999942779541 -14.199999809265137 -3
      vertex 6.09999942779541 -14.199999809265137 -1.2999992370605469
      vertex 6.09999942779541 -14.030315399169922 -1.2888774871826172
    endloop
  endfacet
  facet normal -1 0 0
    outer loop
      vertex 6.09999942779541 -14.199999809265137 -3
      vertex 6.09999942779541 -14.369683265686035 -1.2888774871826172
      vertex 6.09999942779541 -14.199999809265137 -1.2999992370605469
    endloop
  endfacet
  facet normal -1 0 0
    outer loop
      vertex 6.09999942779541 -14.591578483581543 -2.9743337631225586
      vertex 6.09999942779541 -14.369683265686035 -1.2888774871826172
      vertex 6.09999942779541 -14.199999809265137 -3
    endloop
  endfacet
  facet normal -1 0 0
    outer loop
      vertex 6.09999942779541 -14.369683265686035 -1.2888774871826172
      vertex 6.09999942779541 -14.591578483581543 -2.9743337631225586
      vertex 6.09999942779541 -14.53646469116211 -1.2557029724121094
    endloop
  endfacet
  facet normal -1 0 0
    outer loop
      vertex 6.09999942779541 -14.976456642150879 -2.8977766036987305
      vertex 6.09999942779541 -14.53646469116211 -1.2557029724121094
      vertex 6.09999942779541 -14.591578483581543 -2.9743337631225586
    endloop
  endfacet
  facet normal -1 0 0
    outer loop
      vertex 6.09999942779541 -14.53646469116211 -1.2557029724121094
      vertex 6.09999942779541 -14.976456642150879 -2.8977766036987305
      vertex 6.09999942779541 -14.697487831115723 -1.2010431289672852
    endloop
  endfacet
  facet normal -1 0 0
    outer loop
      vertex 6.09999942779541 -15.348050117492676 -2.7716379165649414
      vertex 6.09999942779541 -14.697487831115723 -1.2010431289672852
      vertex 6.09999942779541 -14.976456642150879 -2.8977766036987305
    endloop
  endfacet
  facet normal -1 0 0
    outer loop
      vertex 6.09999942779541 -14.697487831115723 -1.2010431289672852
      vertex 6.09999942779541 -15.348050117492676 -2.7716379165649414
      vertex 6.09999942779541 -14.84999942779541 -1.1258325576782227
    endloop
  endfacet
  facet normal -1 0 0
    outer loop
      vertex 6.09999942779541 -15.699999809265137 -2.5980758666992188
      vertex 6.09999942779541 -14.84999942779541 -1.1258325576782227
      vertex 6.09999942779541 -15.348050117492676 -2.7716379165649414
    endloop
  endfacet
  facet normal -1 0 0
    outer loop
      vertex 6.09999942779541 -14.84999942779541 -1.1258325576782227
      vertex 6.09999942779541 -15.699999809265137 -2.5980758666992188
      vertex 6.09999942779541 -14.991389274597168 -1.0313587188720703
    endloop
  endfacet
  facet normal -1 0 0
    outer loop
      vertex 6.09999942779541 -16.026283264160156 -2.380059242248535
      vertex 6.09999942779541 -14.991389274597168 -1.0313587188720703
      vertex 6.09999942779541 -15.699999809265137 -2.5980758666992188
    endloop
  endfacet
  facet normal -1 0 0
    outer loop
      vertex 6.09999942779541 -14.991389274597168 -1.0313587188720703
      vertex 6.09999942779541 -16.026283264160156 -2.380059242248535
      vertex 6.09999942779541 -15.119237899780273 -0.9192380905151367
    endloop
  endfacet
  facet normal -1 0 0
    outer loop
      vertex 6.09999942779541 -16.321319580078125 -2.1213197708129883
      vertex 6.09999942779541 -15.119237899780273 -0.9192380905151367
      vertex 6.09999942779541 -16.026283264160156 -2.380059242248535
    endloop
  endfacet
  facet normal -1 0 0
    outer loop
      vertex 6.09999942779541 -15.119237899780273 -0.9192380905151367
      vertex 6.09999942779541 -16.321319580078125 -2.1213197708129883
      vertex 6.09999942779541 -15.231358528137207 -0.7913894653320312
    endloop
  endfacet
  facet normal -1 0 0
    outer loop
      vertex 6.09999942779541 -16.580059051513672 -1.8262834548950195
      vertex 6.09999942779541 -15.231358528137207 -0.7913894653320312
      vertex 6.09999942779541 -16.321319580078125 -2.1213197708129883
    endloop
  endfacet
  facet normal -1 0 0
    outer loop
      vertex 6.09999942779541 -15.231358528137207 -0.7913894653320312
      vertex 6.09999942779541 -16.580059051513672 -1.8262834548950195
      vertex 6.09999942779541 -15.32583236694336 -0.6499996185302734
    endloop
  endfacet
  facet normal -1 0 0
    outer loop
      vertex 6.09999942779541 -16.798076629638672 -1.5
      vertex 6.09999942779541 -15.32583236694336 -0.6499996185302734
      vertex 6.09999942779541 -16.580059051513672 -1.8262834548950195
    endloop
  endfacet
  facet normal -1 0 0
    outer loop
      vertex 6.09999942779541 -15.32583236694336 -0.6499996185302734
      vertex 6.09999942779541 -16.798076629638672 -1.5
      vertex 6.09999942779541 -15.401042938232422 -0.49748802185058594
    endloop
  endfacet
  facet normal -1 0 0
    outer loop
      vertex 6.09999942779541 -16.971637725830078 -1.1480493545532227
      vertex 6.09999942779541 -15.401042938232422 -0.49748802185058594
      vertex 6.09999942779541 -16.798076629638672 -1.5
    endloop
  endfacet
  facet normal -1 0 0
    outer loop
      vertex 6.09999942779541 -15.401042938232422 -0.49748802185058594
      vertex 6.09999942779541 -16.971637725830078 -1.1480493545532227
      vertex 6.09999942779541 -15.455702781677246 -0.33646392822265625
    endloop
  endfacet
  facet normal -1 0 0
    outer loop
      vertex 6.09999942779541 -17.0977783203125 -0.7764568328857422
      vertex 6.09999942779541 -15.455702781677246 -0.33646392822265625
      vertex 6.09999942779541 -16.971637725830078 -1.1480493545532227
    endloop
  endfacet
  facet normal -1 0 0
    outer loop
      vertex 6.09999942779541 -15.455702781677246 -0.33646392822265625
      vertex 6.09999942779541 -17.0977783203125 -0.7764568328857422
      vertex 6.09999942779541 -15.48887825012207 -0.16968345642089844
    endloop
  endfacet
  facet normal -1 0 0
    outer loop
      vertex 6.09999942779541 -17.174335479736328 -0.39157772064208984
      vertex 6.09999942779541 -15.48887825012207 -0.16968345642089844
      vertex 6.09999942779541 -17.0977783203125 -0.7764568328857422
    endloop
  endfacet
  facet normal -1 0 0
    outer loop
      vertex 6.09999942779541 -15.48887825012207 -0.16968345642089844
      vertex 6.09999942779541 -17.174335479736328 -0.39157772064208984
      vertex 6.09999942779541 -15.5 0
    endloop
  endfacet
  facet normal -1 0 0
    outer loop
      vertex 6.09999942779541 -15.5 0
      vertex 6.09999942779541 -17.174335479736328 -0.39157772064208984
      vertex 6.09999942779541 -17.200000762939453 0
    endloop
  endfacet
  facet normal 0 -0.65934519087334 -0.7518403549106677
    outer loop
      vertex 6.09999942779541 -16.321319580078125 -2.1213197708129883
      vertex 9.699999809265137 -16.026283264160156 -2.380059242248535
      vertex 9.699999809265137 -16.321319580078125 -2.1213197708129883
    endloop
  endfacet
  facet normal 0 -0.65934519087334 -0.7518403549106677
    outer loop
      vertex 9.699999809265137 -16.026283264160156 -2.380059242248535
      vertex 6.09999942779541 -16.321319580078125 -2.1213197708129883
      vertex 6.09999942779541 -16.026283264160156 -2.380059242248535
    endloop
  endfacet
  facet normal 0 -0.44228801209293084 -0.8968730759471395
    outer loop
      vertex 6.09999942779541 -15.699999809265137 -2.5980758666992188
      vertex 9.699999809265137 -15.348050117492676 -2.7716379165649414
      vertex 9.699999809265137 -15.699999809265137 -2.5980758666992188
    endloop
  endfacet
  facet normal 0 -0.44228801209293084 -0.8968730759471395
    outer loop
      vertex 9.699999809265137 -15.348050117492676 -2.7716379165649414
      vertex 6.09999942779541 -15.699999809265137 -2.5980758666992188
      vertex 6.09999942779541 -15.348050117492676 -2.7716379165649414
    endloop
  endfacet
  facet normal 0 -0.3214387783485159 -0.9469303626845079
    outer loop
      vertex 6.09999942779541 -15.348050117492676 -2.7716379165649414
      vertex 9.699999809265137 -14.976456642150879 -2.8977766036987305
      vertex 9.699999809265137 -15.348050117492676 -2.7716379165649414
    endloop
  endfacet
  facet normal 0 -0.3214387783485159 -0.9469303626845079
    outer loop
      vertex 9.699999809265137 -14.976456642150879 -2.8977766036987305
      vertex 6.09999942779541 -15.348050117492676 -2.7716379165649414
      vertex 6.09999942779541 -14.976456642150879 -2.8977766036987305
    endloop
  endfacet
  facet normal 0 0.1950901848716038 -0.9807853076829626
    outer loop
      vertex 6.09999942779541 -13.80842113494873 -2.9743337631225586
      vertex 9.699999809265137 -13.423542022705078 -2.8977766036987305
      vertex 9.699999809265137 -13.80842113494873 -2.9743337631225586
    endloop
  endfacet
  facet normal 0 0.1950901848716038 -0.9807853076829626
    outer loop
      vertex 9.699999809265137 -13.423542022705078 -2.8977766036987305
      vertex 6.09999942779541 -13.80842113494873 -2.9743337631225586
      vertex 6.09999942779541 -13.423542022705078 -2.8977766036987305
    endloop
  endfacet
  facet normal 0 0.44228801209293084 -0.8968730759471395
    outer loop
      vertex 6.09999942779541 -13.051949501037598 -2.7716379165649414
      vertex 9.699999809265137 -12.699999809265137 -2.5980758666992188
      vertex 9.699999809265137 -13.051949501037598 -2.7716379165649414
    endloop
  endfacet
  facet normal 0 0.44228801209293084 -0.8968730759471395
    outer loop
      vertex 9.699999809265137 -12.699999809265137 -2.5980758666992188
      vertex 6.09999942779541 -13.051949501037598 -2.7716379165649414
      vertex 6.09999942779541 -12.699999809265137 -2.5980758666992188
    endloop
  endfacet
  facet normal 0 -0.9978589359727984 -0.0654029349435823
    outer loop
      vertex 6.09999942779541 -17.174335479736328 -0.39157772064208984
      vertex 9.699999809265137 -17.200000762939453 0
      vertex 6.09999942779541 -17.200000762939453 0
    endloop
  endfacet
  facet normal 0 -0.9978589359727984 -0.0654029349435823
    outer loop
      vertex 9.699999809265137 -17.200000762939453 0
      vertex 6.09999942779541 -17.174335479736328 -0.39157772064208984
      vertex 9.699999809265137 -17.174335479736328 -0.39157772064208984
    endloop
  endfacet
  facet normal 0 0.8314689548113495 -0.5555712170234541
    outer loop
      vertex 9.699999809265137 -11.819939613342285 -1.8262834548950195
      vertex 6.09999942779541 -11.62786865234375 -1.5388296842575073
      vertex 9.699999809265137 -11.62786865234375 -1.5388296842575073
    endloop
  endfacet
  facet normal 0 0.8314689548113495 -0.5555712170234541
    outer loop
      vertex 6.09999942779541 -11.62786865234375 -1.5388296842575073
      vertex 9.699999809265137 -11.819939613342285 -1.8262834548950195
      vertex 6.09999942779541 -11.819939613342285 -1.8262834548950195
    endloop
  endfacet
  facet normal 0 -0.9469286321329886 -0.3214438763559621
    outer loop
      vertex 6.09999942779541 -16.971637725830078 -1.1480493545532227
      vertex 9.699999809265137 -17.0977783203125 -0.7764568328857422
      vertex 6.09999942779541 -17.0977783203125 -0.7764568328857422
    endloop
  endfacet
  facet normal 0 -0.9469286321329886 -0.3214438763559621
    outer loop
      vertex 9.699999809265137 -17.0977783203125 -0.7764568328857422
      vertex 6.09999942779541 -16.971637725830078 -1.1480493545532227
      vertex 9.699999809265137 -16.971637725830078 -1.1480493545532227
    endloop
  endfacet
  facet normal 0 -0.831467324299525 -0.5555736572428436
    outer loop
      vertex 6.09999942779541 -16.580059051513672 -1.8262834548950195
      vertex 9.699999809265137 -16.798076629638672 -1.5
      vertex 6.09999942779541 -16.798076629638672 -1.5
    endloop
  endfacet
  facet normal 0 -0.831467324299525 -0.5555736572428436
    outer loop
      vertex 9.699999809265137 -16.798076629638672 -1.5
      vertex 6.09999942779541 -16.580059051513672 -1.8262834548950195
      vertex 9.699999809265137 -16.580059051513672 -1.8262834548950195
    endloop
  endfacet
  facet normal 1 0 0
    outer loop
      vertex 9.699999809265137 -11.672552108764648 -0.9997739791870117
      vertex 9.699999809265137 -11.819939613342285 -1.8262834548950195
      vertex 9.699999809265137 -11.62786865234375 -1.5388296842575073
    endloop
  endfacet
  facet normal 1 0 0
    outer loop
      vertex 9.699999809265137 -12.944295883178711 -0.33646392822265625
      vertex 9.699999809265137 -11.672552108764648 -0.9997739791870117
      vertex 9.699999809265137 -11.699999809265137 0
    endloop
  endfacet
  facet normal 1 0 0
    outer loop
      vertex 9.699999809265137 -13.074166297912598 -0.6499996185302734
      vertex 9.699999809265137 -11.672552108764648 -0.9997739791870117
      vertex 9.699999809265137 -12.998955726623535 -0.49748802185058594
    endloop
  endfacet
  facet normal 1 0 0
    outer loop
      vertex 9.699999809265137 -13.16864013671875 -0.7913894653320312
      vertex 9.699999809265137 -11.672552108764648 -0.9997739791870117
      vertex 9.699999809265137 -13.074166297912598 -0.6499996185302734
    endloop
  endfacet
  facet normal 1 0 0
    outer loop
      vertex 9.699999809265137 -11.819939613342285 -1.8262834548950195
      vertex 9.699999809265137 -13.16864013671875 -0.7913894653320312
      vertex 9.699999809265137 -12.078679084777832 -2.1213197708129883
    endloop
  endfacet
  facet normal 1 0 0
    outer loop
      vertex 9.699999809265137 -12.911121368408203 -0.16968345642089844
      vertex 9.699999809265137 -11.699999809265137 0
      vertex 9.699999809265137 -12.899999618530273 0
    endloop
  endfacet
  facet normal 1 0 0
    outer loop
      vertex 9.699999809265137 -12.944295883178711 -0.33646392822265625
      vertex 9.699999809265137 -11.699999809265137 0
      vertex 9.699999809265137 -12.911121368408203 -0.16968345642089844
    endloop
  endfacet
  facet normal 1 0 0
    outer loop
      vertex 9.699999809265137 -11.672552108764648 -0.9997739791870117
      vertex 9.699999809265137 -12.944295883178711 -0.33646392822265625
      vertex 9.699999809265137 -12.998955726623535 -0.49748802185058594
    endloop
  endfacet
  facet normal 1 0 0
    outer loop
      vertex 9.699999809265137 -11.672552108764648 -0.9997739791870117
      vertex 9.699999809265137 -13.16864013671875 -0.7913894653320312
      vertex 9.699999809265137 -11.819939613342285 -1.8262834548950195
    endloop
  endfacet
  facet normal 1 0 0
    outer loop
      vertex 9.699999809265137 -13.280760765075684 -0.9192380905151367
      vertex 9.699999809265137 -12.078679084777832 -2.1213197708129883
      vertex 9.699999809265137 -13.16864013671875 -0.7913894653320312
    endloop
  endfacet
  facet normal 1 0 0
    outer loop
      vertex 9.699999809265137 -12.078679084777832 -2.1213197708129883
      vertex 9.699999809265137 -13.280760765075684 -0.9192380905151367
      vertex 9.699999809265137 -12.3737154006958 -2.380059242248535
    endloop
  endfacet
  facet normal 1 0 0
    outer loop
      vertex 9.699999809265137 -13.408609390258789 -1.0313587188720703
      vertex 9.699999809265137 -12.3737154006958 -2.380059242248535
      vertex 9.699999809265137 -13.280760765075684 -0.9192380905151367
    endloop
  endfacet
  facet normal 1 0 0
    outer loop
      vertex 9.699999809265137 -12.3737154006958 -2.380059242248535
      vertex 9.699999809265137 -13.408609390258789 -1.0313587188720703
      vertex 9.699999809265137 -12.699999809265137 -2.5980758666992188
    endloop
  endfacet
  facet normal 1 0 0
    outer loop
      vertex 9.699999809265137 -13.549999237060547 -1.1258325576782227
      vertex 9.699999809265137 -12.699999809265137 -2.5980758666992188
      vertex 9.699999809265137 -13.408609390258789 -1.0313587188720703
    endloop
  endfacet
  facet normal 1 0 0
    outer loop
      vertex 9.699999809265137 -12.699999809265137 -2.5980758666992188
      vertex 9.699999809265137 -13.549999237060547 -1.1258325576782227
      vertex 9.699999809265137 -13.051949501037598 -2.7716379165649414
    endloop
  endfacet
  facet normal 1 0 0
    outer loop
      vertex 9.699999809265137 -13.702510833740234 -1.2010431289672852
      vertex 9.699999809265137 -13.051949501037598 -2.7716379165649414
      vertex 9.699999809265137 -13.549999237060547 -1.1258325576782227
    endloop
  endfacet
  facet normal 1 0 0
    outer loop
      vertex 9.699999809265137 -13.051949501037598 -2.7716379165649414
      vertex 9.699999809265137 -13.702510833740234 -1.2010431289672852
      vertex 9.699999809265137 -13.423542022705078 -2.8977766036987305
    endloop
  endfacet
  facet normal 1 0 0
    outer loop
      vertex 9.699999809265137 -13.863534927368164 -1.2557029724121094
      vertex 9.699999809265137 -13.423542022705078 -2.8977766036987305
      vertex 9.699999809265137 -13.702510833740234 -1.2010431289672852
    endloop
  endfacet
  facet normal 1 0 0
    outer loop
      vertex 9.699999809265137 -13.423542022705078 -2.8977766036987305
      vertex 9.699999809265137 -13.863534927368164 -1.2557029724121094
      vertex 9.699999809265137 -13.80842113494873 -2.9743337631225586
    endloop
  endfacet
  facet normal 1 0 0
    outer loop
      vertex 9.699999809265137 -14.030315399169922 -1.2888774871826172
      vertex 9.699999809265137 -13.80842113494873 -2.9743337631225586
      vertex 9.699999809265137 -13.863534927368164 -1.2557029724121094
    endloop
  endfacet
  facet normal 1 0 0
    outer loop
      vertex 9.699999809265137 -14.199999809265137 -1.2999992370605469
      vertex 9.699999809265137 -13.80842113494873 -2.9743337631225586
      vertex 9.699999809265137 -14.030315399169922 -1.2888774871826172
    endloop
  endfacet
  facet normal 1 0 0
    outer loop
      vertex 9.699999809265137 -14.199999809265137 -1.2999992370605469
      vertex 9.699999809265137 -14.199999809265137 -3
      vertex 9.699999809265137 -13.80842113494873 -2.9743337631225586
    endloop
  endfacet
  facet normal 1 0 0
    outer loop
      vertex 9.699999809265137 -14.369683265686035 -1.2888774871826172
      vertex 9.699999809265137 -14.199999809265137 -3
      vertex 9.699999809265137 -14.199999809265137 -1.2999992370605469
    endloop
  endfacet
  facet normal 1 0 0
    outer loop
      vertex 9.699999809265137 -14.591578483581543 -2.9743337631225586
      vertex 9.699999809265137 -14.369683265686035 -1.2888774871826172
      vertex 9.699999809265137 -14.53646469116211 -1.2557029724121094
    endloop
  endfacet
  facet normal 1 0 0
    outer loop
      vertex 9.699999809265137 -14.369683265686035 -1.2888774871826172
      vertex 9.699999809265137 -14.591578483581543 -2.9743337631225586
      vertex 9.699999809265137 -14.199999809265137 -3
    endloop
  endfacet
  facet normal 1 0 0
    outer loop
      vertex 9.699999809265137 -14.976456642150879 -2.8977766036987305
      vertex 9.699999809265137 -14.53646469116211 -1.2557029724121094
      vertex 9.699999809265137 -14.697487831115723 -1.2010431289672852
    endloop
  endfacet
  facet normal 1 0 0
    outer loop
      vertex 9.699999809265137 -15.348050117492676 -2.7716379165649414
      vertex 9.699999809265137 -14.697487831115723 -1.2010431289672852
      vertex 9.699999809265137 -14.84999942779541 -1.1258325576782227
    endloop
  endfacet
  facet normal 1 0 0
    outer loop
      vertex 9.699999809265137 -14.53646469116211 -1.2557029724121094
      vertex 9.699999809265137 -14.976456642150879 -2.8977766036987305
      vertex 9.699999809265137 -14.591578483581543 -2.9743337631225586
    endloop
  endfacet
  facet normal 1 0 0
    outer loop
      vertex 9.699999809265137 -15.699999809265137 -2.5980758666992188
      vertex 9.699999809265137 -14.84999942779541 -1.1258325576782227
      vertex 9.699999809265137 -14.991389274597168 -1.0313587188720703
    endloop
  endfacet
  facet normal 1 0 0
    outer loop
      vertex 9.699999809265137 -16.026283264160156 -2.380059242248535
      vertex 9.699999809265137 -14.991389274597168 -1.0313587188720703
      vertex 9.699999809265137 -15.119237899780273 -0.9192380905151367
    endloop
  endfacet
  facet normal 1 0 0
    outer loop
      vertex 9.699999809265137 -16.321319580078125 -2.1213197708129883
      vertex 9.699999809265137 -15.119237899780273 -0.9192380905151367
      vertex 9.699999809265137 -15.231358528137207 -0.7913894653320312
    endloop
  endfacet
  facet normal 1 0 0
    outer loop
      vertex 9.699999809265137 -16.580059051513672 -1.8262834548950195
      vertex 9.699999809265137 -15.231358528137207 -0.7913894653320312
      vertex 9.699999809265137 -15.32583236694336 -0.6499996185302734
    endloop
  endfacet
  facet normal 1 0 0
    outer loop
      vertex 9.699999809265137 -14.697487831115723 -1.2010431289672852
      vertex 9.699999809265137 -15.348050117492676 -2.7716379165649414
      vertex 9.699999809265137 -14.976456642150879 -2.8977766036987305
    endloop
  endfacet
  facet normal 1 0 0
    outer loop
      vertex 9.699999809265137 -16.798076629638672 -1.5
      vertex 9.699999809265137 -15.32583236694336 -0.6499996185302734
      vertex 9.699999809265137 -15.401042938232422 -0.49748802185058594
    endloop
  endfacet
  facet normal 1 0 0
    outer loop
      vertex 9.699999809265137 -16.971637725830078 -1.1480493545532227
      vertex 9.699999809265137 -15.401042938232422 -0.49748802185058594
      vertex 9.699999809265137 -15.455702781677246 -0.33646392822265625
    endloop
  endfacet
  facet normal 1 0 0
    outer loop
      vertex 9.699999809265137 -17.0977783203125 -0.7764568328857422
      vertex 9.699999809265137 -15.455702781677246 -0.33646392822265625
      vertex 9.699999809265137 -15.48887825012207 -0.16968345642089844
    endloop
  endfacet
  facet normal 1 0 0
    outer loop
      vertex 9.699999809265137 -17.174335479736328 -0.39157772064208984
      vertex 9.699999809265137 -15.48887825012207 -0.16968345642089844
      vertex 9.699999809265137 -15.5 0
    endloop
  endfacet
  facet normal 1 0 0
    outer loop
      vertex 9.699999809265137 -14.84999942779541 -1.1258325576782227
      vertex 9.699999809265137 -15.699999809265137 -2.5980758666992188
      vertex 9.699999809265137 -15.348050117492676 -2.7716379165649414
    endloop
  endfacet
  facet normal 1 0 0
    outer loop
      vertex 9.699999809265137 -14.991389274597168 -1.0313587188720703
      vertex 9.699999809265137 -16.026283264160156 -2.380059242248535
      vertex 9.699999809265137 -15.699999809265137 -2.5980758666992188
    endloop
  endfacet
  facet normal 1 0 0
    outer loop
      vertex 9.699999809265137 -15.119237899780273 -0.9192380905151367
      vertex 9.699999809265137 -16.321319580078125 -2.1213197708129883
      vertex 9.699999809265137 -16.026283264160156 -2.380059242248535
    endloop
  endfacet
  facet normal 1 0 0
    outer loop
      vertex 9.699999809265137 -15.231358528137207 -0.7913894653320312
      vertex 9.699999809265137 -16.580059051513672 -1.8262834548950195
      vertex 9.699999809265137 -16.321319580078125 -2.1213197708129883
    endloop
  endfacet
  facet normal 1 0 0
    outer loop
      vertex 9.699999809265137 -15.32583236694336 -0.6499996185302734
      vertex 9.699999809265137 -16.798076629638672 -1.5
      vertex 9.699999809265137 -16.580059051513672 -1.8262834548950195
    endloop
  endfacet
  facet normal 1 0 0
    outer loop
      vertex 9.699999809265137 -15.401042938232422 -0.49748802185058594
      vertex 9.699999809265137 -16.971637725830078 -1.1480493545532227
      vertex 9.699999809265137 -16.798076629638672 -1.5
    endloop
  endfacet
  facet normal 1 0 0
    outer loop
      vertex 9.699999809265137 -15.455702781677246 -0.33646392822265625
      vertex 9.699999809265137 -17.0977783203125 -0.7764568328857422
      vertex 9.699999809265137 -16.971637725830078 -1.1480493545532227
    endloop
  endfacet
  facet normal 1 0 0
    outer loop
      vertex 9.699999809265137 -15.48887825012207 -0.16968345642089844
      vertex 9.699999809265137 -17.174335479736328 -0.39157772064208984
      vertex 9.699999809265137 -17.0977783203125 -0.7764568328857422
    endloop
  endfacet
  facet normal 1 0 0
    outer loop
      vertex 9.699999809265137 -17.174335479736328 -0.39157772064208984
      vertex 9.699999809265137 -15.5 0
      vertex 9.699999809265137 -17.200000762939453 0
    endloop
  endfacet
  facet normal 0 0.65934519087334 -0.7518403549106677
    outer loop
      vertex 6.09999942779541 -12.3737154006958 -2.380059242248535
      vertex 9.699999809265137 -12.078679084777832 -2.1213197708129883
      vertex 9.699999809265137 -12.3737154006958 -2.380059242248535
    endloop
  endfacet
  facet normal 0 0.65934519087334 -0.7518403549106677
    outer loop
      vertex 9.699999809265137 -12.078679084777832 -2.1213197708129883
      vertex 6.09999942779541 -12.3737154006958 -2.380059242248535
      vertex 6.09999942779541 -12.078679084777832 -2.1213197708129883
    endloop
  endfacet
  facet normal 0 0.32143951806841525 -0.9469301115837141
    outer loop
      vertex 6.09999942779541 -13.423542022705078 -2.8977766036987305
      vertex 9.699999809265137 -13.051949501037598 -2.7716379165649414
      vertex 9.699999809265137 -13.423542022705078 -2.8977766036987305
    endloop
  endfacet
  facet normal 0 0.32143951806841525 -0.9469301115837141
    outer loop
      vertex 9.699999809265137 -13.051949501037598 -2.7716379165649414
      vertex 6.09999942779541 -13.423542022705078 -2.8977766036987305
      vertex 6.09999942779541 -13.051949501037598 -2.7716379165649414
    endloop
  endfacet
  facet normal 0 -0.9807853076829626 -0.1950901848716038
    outer loop
      vertex 6.09999942779541 -17.0977783203125 -0.7764568328857422
      vertex 9.699999809265137 -17.174335479736328 -0.39157772064208984
      vertex 6.09999942779541 -17.174335479736328 -0.39157772064208984
    endloop
  endfacet
  facet normal 0 -0.9807853076829626 -0.1950901848716038
    outer loop
      vertex 9.699999809265137 -17.174335479736328 -0.39157772064208984
      vertex 6.09999942779541 -17.0977783203125 -0.7764568328857422
      vertex 9.699999809265137 -17.0977783203125 -0.7764568328857422
    endloop
  endfacet
  facet normal 0 0.06540519618852311 -0.9978587877608439
    outer loop
      vertex 14.299999237060547 -14.199999809265137 -3
      vertex 17.899999618530273 -13.80842113494873 -2.9743337631225586
      vertex 17.899999618530273 -14.199999809265137 -3
    endloop
  endfacet
  facet normal 0 0.06540519618852311 -0.9978587877608439
    outer loop
      vertex 17.899999618530273 -13.80842113494873 -2.9743337631225586
      vertex 14.299999237060547 -14.199999809265137 -3
      vertex 14.299999237060547 -13.80842113494873 -2.9743337631225586
    endloop
  endfacet
  facet normal 0 0.7518403549106677 -0.65934519087334
    outer loop
      vertex 17.899999618530273 -12.078679084777832 -2.1213197708129883
      vertex 14.299999237060547 -11.819939613342285 -1.8262834548950195
      vertex 17.899999618530273 -11.819939613342285 -1.8262834548950195
    endloop
  endfacet
  facet normal 0 0.7518403549106677 -0.65934519087334
    outer loop
      vertex 14.299999237060547 -11.819939613342285 -1.8262834548950195
      vertex 17.899999618530273 -12.078679084777832 -2.1213197708129883
      vertex 14.299999237060547 -12.078679084777832 -2.1213197708129883
    endloop
  endfacet
  facet normal 0 -0.8968745153639197 -0.44228509322690734
    outer loop
      vertex 14.299999237060547 -16.798076629638672 -1.5
      vertex 17.899999618530273 -16.971637725830078 -1.1480493545532227
      vertex 14.299999237060547 -16.971637725830078 -1.1480493545532227
    endloop
  endfacet
  facet normal 0 -0.8968745153639197 -0.44228509322690734
    outer loop
      vertex 17.899999618530273 -16.971637725830078 -1.1480493545532227
      vertex 14.299999237060547 -16.798076629638672 -1.5
      vertex 17.899999618530273 -16.798076629638672 -1.5
    endloop
  endfacet
  facet normal 0 -0.44228801209293084 -0.8968730759471395
    outer loop
      vertex 14.299999237060547 -15.699999809265137 -2.5980758666992188
      vertex 17.899999618530273 -15.348050117492676 -2.7716379165649414
      vertex 17.899999618530273 -15.699999809265137 -2.5980758666992188
    endloop
  endfacet
  facet normal 0 -0.44228801209293084 -0.8968730759471395
    outer loop
      vertex 17.899999618530273 -15.348050117492676 -2.7716379165649414
      vertex 14.299999237060547 -15.699999809265137 -2.5980758666992188
      vertex 14.299999237060547 -15.348050117492676 -2.7716379165649414
    endloop
  endfacet
  facet normal 0 0.1950901848716038 -0.9807853076829626
    outer loop
      vertex 14.299999237060547 -13.80842113494873 -2.9743337631225586
      vertex 17.899999618530273 -13.423542022705078 -2.8977766036987305
      vertex 17.899999618530273 -13.80842113494873 -2.9743337631225586
    endloop
  endfacet
  facet normal 0 0.1950901848716038 -0.9807853076829626
    outer loop
      vertex 17.899999618530273 -13.423542022705078 -2.8977766036987305
      vertex 14.299999237060547 -13.80842113494873 -2.9743337631225586
      vertex 14.299999237060547 -13.423542022705078 -2.8977766036987305
    endloop
  endfacet
  facet normal 0 -0.9807853076829626 -0.1950901848716038
    outer loop
      vertex 14.299999237060547 -17.0977783203125 -0.7764568328857422
      vertex 17.899999618530273 -17.174335479736328 -0.39157772064208984
      vertex 14.299999237060547 -17.174335479736328 -0.39157772064208984
    endloop
  endfacet
  facet normal 0 -0.9807853076829626 -0.1950901848716038
    outer loop
      vertex 17.899999618530273 -17.174335479736328 -0.39157772064208984
      vertex 14.299999237060547 -17.0977783203125 -0.7764568328857422
      vertex 17.899999618530273 -17.0977783203125 -0.7764568328857422
    endloop
  endfacet
  facet normal 0 -0.831467324299525 -0.5555736572428436
    outer loop
      vertex 14.299999237060547 -16.580059051513672 -1.8262834548950195
      vertex 17.899999618530273 -16.798076629638672 -1.5
      vertex 14.299999237060547 -16.798076629638672 -1.5
    endloop
  endfacet
  facet normal 0 -0.831467324299525 -0.5555736572428436
    outer loop
      vertex 17.899999618530273 -16.798076629638672 -1.5
      vertex 14.299999237060547 -16.580059051513672 -1.8262834548950195
      vertex 17.899999618530273 -16.580059051513672 -1.8262834548950195
    endloop
  endfacet
  facet normal 0 -0.9469286321329886 -0.3214438763559621
    outer loop
      vertex 14.299999237060547 -16.971637725830078 -1.1480493545532227
      vertex 17.899999618530273 -17.0977783203125 -0.7764568328857422
      vertex 14.299999237060547 -17.0977783203125 -0.7764568328857422
    endloop
  endfacet
  facet normal 0 -0.9469286321329886 -0.3214438763559621
    outer loop
      vertex 17.899999618530273 -17.0977783203125 -0.7764568328857422
      vertex 14.299999237060547 -16.971637725830078 -1.1480493545532227
      vertex 17.899999618530273 -16.971637725830078 -1.1480493545532227
    endloop
  endfacet
  facet normal 0 -0.5555719771183086 -0.8314684469304015
    outer loop
      vertex 14.299999237060547 -16.026283264160156 -2.380059242248535
      vertex 17.899999618530273 -15.699999809265137 -2.5980758666992188
      vertex 17.899999618530273 -16.026283264160156 -2.380059242248535
    endloop
  endfacet
  facet normal 0 -0.5555719771183086 -0.8314684469304015
    outer loop
      vertex 17.899999618530273 -15.699999809265137 -2.5980758666992188
      vertex 14.299999237060547 -16.026283264160156 -2.380059242248535
      vertex 14.299999237060547 -15.699999809265137 -2.5980758666992188
    endloop
  endfacet
  facet normal 0 -0.1950906498792374 -0.9807852151871463
    outer loop
      vertex 14.299999237060547 -14.976456642150879 -2.8977766036987305
      vertex 17.899999618530273 -14.591578483581543 -2.9743337631225586
      vertex 17.899999618530273 -14.976456642150879 -2.8977766036987305
    endloop
  endfacet
  facet normal 0 -0.1950906498792374 -0.9807852151871463
    outer loop
      vertex 17.899999618530273 -14.591578483581543 -2.9743337631225586
      vertex 14.299999237060547 -14.976456642150879 -2.8977766036987305
      vertex 14.299999237060547 -14.591578483581543 -2.9743337631225586
    endloop
  endfacet
  facet normal 0 -0.7518403549106677 -0.65934519087334
    outer loop
      vertex 14.299999237060547 -16.321319580078125 -2.1213197708129883
      vertex 17.899999618530273 -16.580059051513672 -1.8262834548950195
      vertex 14.299999237060547 -16.580059051513672 -1.8262834548950195
    endloop
  endfacet
  facet normal 0 -0.7518403549106677 -0.65934519087334
    outer loop
      vertex 17.899999618530273 -16.580059051513672 -1.8262834548950195
      vertex 14.299999237060547 -16.321319580078125 -2.1213197708129883
      vertex 17.899999618530273 -16.321319580078125 -2.1213197708129883
    endloop
  endfacet
  facet normal 0 0.8314689548113495 -0.5555712170234541
    outer loop
      vertex 17.899999618530273 -11.819939613342285 -1.8262834548950195
      vertex 14.299999237060547 -11.62786865234375 -1.5388296842575073
      vertex 17.899999618530273 -11.62786865234375 -1.5388296842575073
    endloop
  endfacet
  facet normal 0 0.8314689548113495 -0.5555712170234541
    outer loop
      vertex 14.299999237060547 -11.62786865234375 -1.5388296842575073
      vertex 17.899999618530273 -11.819939613342285 -1.8262834548950195
      vertex 14.299999237060547 -11.819939613342285 -1.8262834548950195
    endloop
  endfacet
  facet normal 0 -0.65934519087334 -0.7518403549106677
    outer loop
      vertex 14.299999237060547 -16.321319580078125 -2.1213197708129883
      vertex 17.899999618530273 -16.026283264160156 -2.380059242248535
      vertex 17.899999618530273 -16.321319580078125 -2.1213197708129883
    endloop
  endfacet
  facet normal 0 -0.65934519087334 -0.7518403549106677
    outer loop
      vertex 17.899999618530273 -16.026283264160156 -2.380059242248535
      vertex 14.299999237060547 -16.321319580078125 -2.1213197708129883
      vertex 14.299999237060547 -16.026283264160156 -2.380059242248535
    endloop
  endfacet
  facet normal 0 0.65934519087334 -0.7518403549106677
    outer loop
      vertex 14.299999237060547 -12.3737154006958 -2.380059242248535
      vertex 17.899999618530273 -12.078679084777832 -2.1213197708129883
      vertex 17.899999618530273 -12.3737154006958 -2.380059242248535
    endloop
  endfacet
  facet normal 0 0.65934519087334 -0.7518403549106677
    outer loop
      vertex 17.899999618530273 -12.078679084777832 -2.1213197708129883
      vertex 14.299999237060547 -12.3737154006958 -2.380059242248535
      vertex 14.299999237060547 -12.078679084777832 -2.1213197708129883
    endloop
  endfacet
  facet normal 0 -0.06540519618852311 -0.9978587877608439
    outer loop
      vertex 14.299999237060547 -14.591578483581543 -2.9743337631225586
      vertex 17.899999618530273 -14.199999809265137 -3
      vertex 17.899999618530273 -14.591578483581543 -2.9743337631225586
    endloop
  endfacet
  facet normal 0 -0.06540519618852311 -0.9978587877608439
    outer loop
      vertex 17.899999618530273 -14.199999809265137 -3
      vertex 14.299999237060547 -14.591578483581543 -2.9743337631225586
      vertex 14.299999237060547 -14.199999809265137 -3
    endloop
  endfacet
  facet normal 0 0.32143951806841525 -0.9469301115837141
    outer loop
      vertex 14.299999237060547 -13.423542022705078 -2.8977766036987305
      vertex 17.899999618530273 -13.051949501037598 -2.7716379165649414
      vertex 17.899999618530273 -13.423542022705078 -2.8977766036987305
    endloop
  endfacet
  facet normal 0 0.32143951806841525 -0.9469301115837141
    outer loop
      vertex 17.899999618530273 -13.051949501037598 -2.7716379165649414
      vertex 14.299999237060547 -13.423542022705078 -2.8977766036987305
      vertex 14.299999237060547 -13.051949501037598 -2.7716379165649414
    endloop
  endfacet
  facet normal -1 0 0
    outer loop
      vertex 14.299999237060547 -11.819939613342285 -1.8262834548950195
      vertex 14.299999237060547 -11.672552108764648 -0.9997739791870117
      vertex 14.299999237060547 -11.62786865234375 -1.5388296842575073
    endloop
  endfacet
  facet normal -1 0 0
    outer loop
      vertex 14.299999237060547 -13.16864013671875 -0.7913894653320312
      vertex 14.299999237060547 -11.672552108764648 -0.9997739791870117
      vertex 14.299999237060547 -11.819939613342285 -1.8262834548950195
    endloop
  endfacet
  facet normal -1 0 0
    outer loop
      vertex 14.299999237060547 -13.16864013671875 -0.7913894653320312
      vertex 14.299999237060547 -11.819939613342285 -1.8262834548950195
      vertex 14.299999237060547 -12.078679084777832 -2.1213197708129883
    endloop
  endfacet
  facet normal -1 0 0
    outer loop
      vertex 14.299999237060547 -13.280760765075684 -0.9192380905151367
      vertex 14.299999237060547 -12.078679084777832 -2.1213197708129883
      vertex 14.299999237060547 -12.3737154006958 -2.380059242248535
    endloop
  endfacet
  facet normal -1 0 0
    outer loop
      vertex 14.299999237060547 -13.408609390258789 -1.0313587188720703
      vertex 14.299999237060547 -12.3737154006958 -2.380059242248535
      vertex 14.299999237060547 -12.699999809265137 -2.5980758666992188
    endloop
  endfacet
  facet normal -1 0 0
    outer loop
      vertex 14.299999237060547 -11.672552108764648 -0.9997739791870117
      vertex 14.299999237060547 -13.074166297912598 -0.6499996185302734
      vertex 14.299999237060547 -12.998955726623535 -0.49748802185058594
    endloop
  endfacet
  facet normal -1 0 0
    outer loop
      vertex 14.299999237060547 -11.699999809265137 0
      vertex 14.299999237060547 -12.911121368408203 -0.16968345642089844
      vertex 14.299999237060547 -12.899999618530273 0
    endloop
  endfacet
  facet normal -1 0 0
    outer loop
      vertex 14.299999237060547 -11.699999809265137 0
      vertex 14.299999237060547 -12.944295883178711 -0.33646392822265625
      vertex 14.299999237060547 -12.911121368408203 -0.16968345642089844
    endloop
  endfacet
  facet normal -1 0 0
    outer loop
      vertex 14.299999237060547 -11.672552108764648 -0.9997739791870117
      vertex 14.299999237060547 -12.944295883178711 -0.33646392822265625
      vertex 14.299999237060547 -11.699999809265137 0
    endloop
  endfacet
  facet normal -1 0 0
    outer loop
      vertex 14.299999237060547 -13.549999237060547 -1.1258325576782227
      vertex 14.299999237060547 -12.699999809265137 -2.5980758666992188
      vertex 14.299999237060547 -13.051949501037598 -2.7716379165649414
    endloop
  endfacet
  facet normal -1 0 0
    outer loop
      vertex 14.299999237060547 -12.944295883178711 -0.33646392822265625
      vertex 14.299999237060547 -11.672552108764648 -0.9997739791870117
      vertex 14.299999237060547 -12.998955726623535 -0.49748802185058594
    endloop
  endfacet
  facet normal -1 0 0
    outer loop
      vertex 14.299999237060547 -11.672552108764648 -0.9997739791870117
      vertex 14.299999237060547 -13.16864013671875 -0.7913894653320312
      vertex 14.299999237060547 -13.074166297912598 -0.6499996185302734
    endloop
  endfacet
  facet normal -1 0 0
    outer loop
      vertex 14.299999237060547 -12.078679084777832 -2.1213197708129883
      vertex 14.299999237060547 -13.280760765075684 -0.9192380905151367
      vertex 14.299999237060547 -13.16864013671875 -0.7913894653320312
    endloop
  endfacet
  facet normal -1 0 0
    outer loop
      vertex 14.299999237060547 -12.3737154006958 -2.380059242248535
      vertex 14.299999237060547 -13.408609390258789 -1.0313587188720703
      vertex 14.299999237060547 -13.280760765075684 -0.9192380905151367
    endloop
  endfacet
  facet normal -1 0 0
    outer loop
      vertex 14.299999237060547 -13.702510833740234 -1.2010431289672852
      vertex 14.299999237060547 -13.051949501037598 -2.7716379165649414
      vertex 14.299999237060547 -13.423542022705078 -2.8977766036987305
    endloop
  endfacet
  facet normal -1 0 0
    outer loop
      vertex 14.299999237060547 -12.699999809265137 -2.5980758666992188
      vertex 14.299999237060547 -13.549999237060547 -1.1258325576782227
      vertex 14.299999237060547 -13.408609390258789 -1.0313587188720703
    endloop
  endfacet
  facet normal -1 0 0
    outer loop
      vertex 14.299999237060547 -13.051949501037598 -2.7716379165649414
      vertex 14.299999237060547 -13.702510833740234 -1.2010431289672852
      vertex 14.299999237060547 -13.549999237060547 -1.1258325576782227
    endloop
  endfacet
  facet normal -1 0 0
    outer loop
      vertex 14.299999237060547 -13.863534927368164 -1.2557029724121094
      vertex 14.299999237060547 -13.423542022705078 -2.8977766036987305
      vertex 14.299999237060547 -13.80842113494873 -2.9743337631225586
    endloop
  endfacet
  facet normal -1 0 0
    outer loop
      vertex 14.299999237060547 -13.423542022705078 -2.8977766036987305
      vertex 14.299999237060547 -13.863534927368164 -1.2557029724121094
      vertex 14.299999237060547 -13.702510833740234 -1.2010431289672852
    endloop
  endfacet
  facet normal -1 0 0
    outer loop
      vertex 14.299999237060547 -13.80842113494873 -2.9743337631225586
      vertex 14.299999237060547 -14.030315399169922 -1.2888774871826172
      vertex 14.299999237060547 -13.863534927368164 -1.2557029724121094
    endloop
  endfacet
  facet normal -1 0 0
    outer loop
      vertex 14.299999237060547 -14.199999809265137 -3
      vertex 14.299999237060547 -14.030315399169922 -1.2888774871826172
      vertex 14.299999237060547 -13.80842113494873 -2.9743337631225586
    endloop
  endfacet
  facet normal -1 0 0
    outer loop
      vertex 14.299999237060547 -14.199999809265137 -3
      vertex 14.299999237060547 -14.199999809265137 -1.2999992370605469
      vertex 14.299999237060547 -14.030315399169922 -1.2888774871826172
    endloop
  endfacet
  facet normal -1 0 0
    outer loop
      vertex 14.299999237060547 -14.199999809265137 -3
      vertex 14.299999237060547 -14.369683265686035 -1.2888774871826172
      vertex 14.299999237060547 -14.199999809265137 -1.2999992370605469
    endloop
  endfacet
  facet normal -1 0 0
    outer loop
      vertex 14.299999237060547 -14.591578483581543 -2.9743337631225586
      vertex 14.299999237060547 -14.369683265686035 -1.2888774871826172
      vertex 14.299999237060547 -14.199999809265137 -3
    endloop
  endfacet
  facet normal -1 0 0
    outer loop
      vertex 14.299999237060547 -14.369683265686035 -1.2888774871826172
      vertex 14.299999237060547 -14.591578483581543 -2.9743337631225586
      vertex 14.299999237060547 -14.53646469116211 -1.2557029724121094
    endloop
  endfacet
  facet normal -1 0 0
    outer loop
      vertex 14.299999237060547 -14.976456642150879 -2.8977766036987305
      vertex 14.299999237060547 -14.53646469116211 -1.2557029724121094
      vertex 14.299999237060547 -14.591578483581543 -2.9743337631225586
    endloop
  endfacet
  facet normal -1 0 0
    outer loop
      vertex 14.299999237060547 -14.53646469116211 -1.2557029724121094
      vertex 14.299999237060547 -14.976456642150879 -2.8977766036987305
      vertex 14.299999237060547 -14.697487831115723 -1.2010431289672852
    endloop
  endfacet
  facet normal -1 0 0
    outer loop
      vertex 14.299999237060547 -15.348050117492676 -2.7716379165649414
      vertex 14.299999237060547 -14.697487831115723 -1.2010431289672852
      vertex 14.299999237060547 -14.976456642150879 -2.8977766036987305
    endloop
  endfacet
  facet normal -1 0 0
    outer loop
      vertex 14.299999237060547 -14.697487831115723 -1.2010431289672852
      vertex 14.299999237060547 -15.348050117492676 -2.7716379165649414
      vertex 14.299999237060547 -14.84999942779541 -1.1258325576782227
    endloop
  endfacet
  facet normal -1 0 0
    outer loop
      vertex 14.299999237060547 -15.699999809265137 -2.5980758666992188
      vertex 14.299999237060547 -14.84999942779541 -1.1258325576782227
      vertex 14.299999237060547 -15.348050117492676 -2.7716379165649414
    endloop
  endfacet
  facet normal -1 0 0
    outer loop
      vertex 14.299999237060547 -14.84999942779541 -1.1258325576782227
      vertex 14.299999237060547 -15.699999809265137 -2.5980758666992188
      vertex 14.299999237060547 -14.991389274597168 -1.0313587188720703
    endloop
  endfacet
  facet normal -1 0 0
    outer loop
      vertex 14.299999237060547 -16.026283264160156 -2.380059242248535
      vertex 14.299999237060547 -14.991389274597168 -1.0313587188720703
      vertex 14.299999237060547 -15.699999809265137 -2.5980758666992188
    endloop
  endfacet
  facet normal -1 0 0
    outer loop
      vertex 14.299999237060547 -14.991389274597168 -1.0313587188720703
      vertex 14.299999237060547 -16.026283264160156 -2.380059242248535
      vertex 14.299999237060547 -15.119237899780273 -0.9192380905151367
    endloop
  endfacet
  facet normal -1 0 0
    outer loop
      vertex 14.299999237060547 -16.321319580078125 -2.1213197708129883
      vertex 14.299999237060547 -15.119237899780273 -0.9192380905151367
      vertex 14.299999237060547 -16.026283264160156 -2.380059242248535
    endloop
  endfacet
  facet normal -1 0 0
    outer loop
      vertex 14.299999237060547 -15.119237899780273 -0.9192380905151367
      vertex 14.299999237060547 -16.321319580078125 -2.1213197708129883
      vertex 14.299999237060547 -15.231358528137207 -0.7913894653320312
    endloop
  endfacet
  facet normal -1 0 0
    outer loop
      vertex 14.299999237060547 -16.580059051513672 -1.8262834548950195
      vertex 14.299999237060547 -15.231358528137207 -0.7913894653320312
      vertex 14.299999237060547 -16.321319580078125 -2.1213197708129883
    endloop
  endfacet
  facet normal -1 0 0
    outer loop
      vertex 14.299999237060547 -15.231358528137207 -0.7913894653320312
      vertex 14.299999237060547 -16.580059051513672 -1.8262834548950195
      vertex 14.299999237060547 -15.32583236694336 -0.6499996185302734
    endloop
  endfacet
  facet normal -1 0 0
    outer loop
      vertex 14.299999237060547 -16.798076629638672 -1.5
      vertex 14.299999237060547 -15.32583236694336 -0.6499996185302734
      vertex 14.299999237060547 -16.580059051513672 -1.8262834548950195
    endloop
  endfacet
  facet normal -1 0 0
    outer loop
      vertex 14.299999237060547 -15.32583236694336 -0.6499996185302734
      vertex 14.299999237060547 -16.798076629638672 -1.5
      vertex 14.299999237060547 -15.401042938232422 -0.49748802185058594
    endloop
  endfacet
  facet normal -1 0 0
    outer loop
      vertex 14.299999237060547 -16.971637725830078 -1.1480493545532227
      vertex 14.299999237060547 -15.401042938232422 -0.49748802185058594
      vertex 14.299999237060547 -16.798076629638672 -1.5
    endloop
  endfacet
  facet normal -1 0 0
    outer loop
      vertex 14.299999237060547 -15.401042938232422 -0.49748802185058594
      vertex 14.299999237060547 -16.971637725830078 -1.1480493545532227
      vertex 14.299999237060547 -15.455702781677246 -0.33646392822265625
    endloop
  endfacet
  facet normal -1 0 0
    outer loop
      vertex 14.299999237060547 -17.0977783203125 -0.7764568328857422
      vertex 14.299999237060547 -15.455702781677246 -0.33646392822265625
      vertex 14.299999237060547 -16.971637725830078 -1.1480493545532227
    endloop
  endfacet
  facet normal -1 0 0
    outer loop
      vertex 14.299999237060547 -15.455702781677246 -0.33646392822265625
      vertex 14.299999237060547 -17.0977783203125 -0.7764568328857422
      vertex 14.299999237060547 -15.48887825012207 -0.16968345642089844
    endloop
  endfacet
  facet normal -1 0 0
    outer loop
      vertex 14.299999237060547 -17.174335479736328 -0.39157772064208984
      vertex 14.299999237060547 -15.48887825012207 -0.16968345642089844
      vertex 14.299999237060547 -17.0977783203125 -0.7764568328857422
    endloop
  endfacet
  facet normal -1 0 0
    outer loop
      vertex 14.299999237060547 -15.48887825012207 -0.16968345642089844
      vertex 14.299999237060547 -17.174335479736328 -0.39157772064208984
      vertex 14.299999237060547 -15.5 0
    endloop
  endfacet
  facet normal -1 0 0
    outer loop
      vertex 14.299999237060547 -15.5 0
      vertex 14.299999237060547 -17.174335479736328 -0.39157772064208984
      vertex 14.299999237060547 -17.200000762939453 0
    endloop
  endfacet
  facet normal 1 0 0
    outer loop
      vertex 17.899999618530273 -11.672552108764648 -0.9997739791870117
      vertex 17.899999618530273 -11.819939613342285 -1.8262834548950195
      vertex 17.899999618530273 -11.62786865234375 -1.5388296842575073
    endloop
  endfacet
  facet normal 1 0 0
    outer loop
      vertex 17.899999618530273 -12.944295883178711 -0.33646392822265625
      vertex 17.899999618530273 -11.672552108764648 -0.9997739791870117
      vertex 17.899999618530273 -11.699999809265137 0
    endloop
  endfacet
  facet normal 1 0 0
    outer loop
      vertex 17.899999618530273 -13.074166297912598 -0.6499996185302734
      vertex 17.899999618530273 -11.672552108764648 -0.9997739791870117
      vertex 17.899999618530273 -12.998955726623535 -0.49748802185058594
    endloop
  endfacet
  facet normal 1 0 0
    outer loop
      vertex 17.899999618530273 -13.16864013671875 -0.7913894653320312
      vertex 17.899999618530273 -11.672552108764648 -0.9997739791870117
      vertex 17.899999618530273 -13.074166297912598 -0.6499996185302734
    endloop
  endfacet
  facet normal 1 0 0
    outer loop
      vertex 17.899999618530273 -11.819939613342285 -1.8262834548950195
      vertex 17.899999618530273 -13.16864013671875 -0.7913894653320312
      vertex 17.899999618530273 -12.078679084777832 -2.1213197708129883
    endloop
  endfacet
  facet normal 1 0 0
    outer loop
      vertex 17.899999618530273 -12.911121368408203 -0.16968345642089844
      vertex 17.899999618530273 -11.699999809265137 0
      vertex 17.899999618530273 -12.899999618530273 0
    endloop
  endfacet
  facet normal 1 0 0
    outer loop
      vertex 17.899999618530273 -12.944295883178711 -0.33646392822265625
      vertex 17.899999618530273 -11.699999809265137 0
      vertex 17.899999618530273 -12.911121368408203 -0.16968345642089844
    endloop
  endfacet
  facet normal 1 0 0
    outer loop
      vertex 17.899999618530273 -11.672552108764648 -0.9997739791870117
      vertex 17.899999618530273 -12.944295883178711 -0.33646392822265625
      vertex 17.899999618530273 -12.998955726623535 -0.49748802185058594
    endloop
  endfacet
  facet normal 1 0 0
    outer loop
      vertex 17.899999618530273 -11.672552108764648 -0.9997739791870117
      vertex 17.899999618530273 -13.16864013671875 -0.7913894653320312
      vertex 17.899999618530273 -11.819939613342285 -1.8262834548950195
    endloop
  endfacet
  facet normal 1 0 0
    outer loop
      vertex 17.899999618530273 -13.280760765075684 -0.9192380905151367
      vertex 17.899999618530273 -12.078679084777832 -2.1213197708129883
      vertex 17.899999618530273 -13.16864013671875 -0.7913894653320312
    endloop
  endfacet
  facet normal 1 0 0
    outer loop
      vertex 17.899999618530273 -12.078679084777832 -2.1213197708129883
      vertex 17.899999618530273 -13.280760765075684 -0.9192380905151367
      vertex 17.899999618530273 -12.3737154006958 -2.380059242248535
    endloop
  endfacet
  facet normal 1 0 0
    outer loop
      vertex 17.899999618530273 -13.408609390258789 -1.0313587188720703
      vertex 17.899999618530273 -12.3737154006958 -2.380059242248535
      vertex 17.899999618530273 -13.280760765075684 -0.9192380905151367
    endloop
  endfacet
  facet normal 1 0 0
    outer loop
      vertex 17.899999618530273 -12.3737154006958 -2.380059242248535
      vertex 17.899999618530273 -13.408609390258789 -1.0313587188720703
      vertex 17.899999618530273 -12.699999809265137 -2.5980758666992188
    endloop
  endfacet
  facet normal 1 0 0
    outer loop
      vertex 17.899999618530273 -13.549999237060547 -1.1258325576782227
      vertex 17.899999618530273 -12.699999809265137 -2.5980758666992188
      vertex 17.899999618530273 -13.408609390258789 -1.0313587188720703
    endloop
  endfacet
  facet normal 1 0 0
    outer loop
      vertex 17.899999618530273 -12.699999809265137 -2.5980758666992188
      vertex 17.899999618530273 -13.549999237060547 -1.1258325576782227
      vertex 17.899999618530273 -13.051949501037598 -2.7716379165649414
    endloop
  endfacet
  facet normal 1 0 0
    outer loop
      vertex 17.899999618530273 -13.702510833740234 -1.2010431289672852
      vertex 17.899999618530273 -13.051949501037598 -2.7716379165649414
      vertex 17.899999618530273 -13.549999237060547 -1.1258325576782227
    endloop
  endfacet
  facet normal 1 0 0
    outer loop
      vertex 17.899999618530273 -13.051949501037598 -2.7716379165649414
      vertex 17.899999618530273 -13.702510833740234 -1.2010431289672852
      vertex 17.899999618530273 -13.423542022705078 -2.8977766036987305
    endloop
  endfacet
  facet normal 1 0 0
    outer loop
      vertex 17.899999618530273 -13.863534927368164 -1.2557029724121094
      vertex 17.899999618530273 -13.423542022705078 -2.8977766036987305
      vertex 17.899999618530273 -13.702510833740234 -1.2010431289672852
    endloop
  endfacet
  facet normal 1 0 0
    outer loop
      vertex 17.899999618530273 -13.423542022705078 -2.8977766036987305
      vertex 17.899999618530273 -13.863534927368164 -1.2557029724121094
      vertex 17.899999618530273 -13.80842113494873 -2.9743337631225586
    endloop
  endfacet
  facet normal 1 0 0
    outer loop
      vertex 17.899999618530273 -14.030315399169922 -1.2888774871826172
      vertex 17.899999618530273 -13.80842113494873 -2.9743337631225586
      vertex 17.899999618530273 -13.863534927368164 -1.2557029724121094
    endloop
  endfacet
  facet normal 1 0 0
    outer loop
      vertex 17.899999618530273 -14.199999809265137 -1.2999992370605469
      vertex 17.899999618530273 -13.80842113494873 -2.9743337631225586
      vertex 17.899999618530273 -14.030315399169922 -1.2888774871826172
    endloop
  endfacet
  facet normal 1 0 0
    outer loop
      vertex 17.899999618530273 -14.199999809265137 -1.2999992370605469
      vertex 17.899999618530273 -14.199999809265137 -3
      vertex 17.899999618530273 -13.80842113494873 -2.9743337631225586
    endloop
  endfacet
  facet normal 1 0 0
    outer loop
      vertex 17.899999618530273 -14.369683265686035 -1.2888774871826172
      vertex 17.899999618530273 -14.199999809265137 -3
      vertex 17.899999618530273 -14.199999809265137 -1.2999992370605469
    endloop
  endfacet
  facet normal 1 0 0
    outer loop
      vertex 17.899999618530273 -14.591578483581543 -2.9743337631225586
      vertex 17.899999618530273 -14.369683265686035 -1.2888774871826172
      vertex 17.899999618530273 -14.53646469116211 -1.2557029724121094
    endloop
  endfacet
  facet normal 1 0 0
    outer loop
      vertex 17.899999618530273 -14.369683265686035 -1.2888774871826172
      vertex 17.899999618530273 -14.591578483581543 -2.9743337631225586
      vertex 17.899999618530273 -14.199999809265137 -3
    endloop
  endfacet
  facet normal 1 0 0
    outer loop
      vertex 17.899999618530273 -14.976456642150879 -2.8977766036987305
      vertex 17.899999618530273 -14.53646469116211 -1.2557029724121094
      vertex 17.899999618530273 -14.697487831115723 -1.2010431289672852
    endloop
  endfacet
  facet normal 1 0 0
    outer loop
      vertex 17.899999618530273 -15.348050117492676 -2.7716379165649414
      vertex 17.899999618530273 -14.697487831115723 -1.2010431289672852
      vertex 17.899999618530273 -14.84999942779541 -1.1258325576782227
    endloop
  endfacet
  facet normal 1 0 0
    outer loop
      vertex 17.899999618530273 -14.53646469116211 -1.2557029724121094
      vertex 17.899999618530273 -14.976456642150879 -2.8977766036987305
      vertex 17.899999618530273 -14.591578483581543 -2.9743337631225586
    endloop
  endfacet
  facet normal 1 0 0
    outer loop
      vertex 17.899999618530273 -15.699999809265137 -2.5980758666992188
      vertex 17.899999618530273 -14.84999942779541 -1.1258325576782227
      vertex 17.899999618530273 -14.991389274597168 -1.0313587188720703
    endloop
  endfacet
  facet normal 1 0 0
    outer loop
      vertex 17.899999618530273 -16.026283264160156 -2.380059242248535
      vertex 17.899999618530273 -14.991389274597168 -1.0313587188720703
      vertex 17.899999618530273 -15.119237899780273 -0.9192380905151367
    endloop
  endfacet
  facet normal 1 0 0
    outer loop
      vertex 17.899999618530273 -16.321319580078125 -2.1213197708129883
      vertex 17.899999618530273 -15.119237899780273 -0.9192380905151367
      vertex 17.899999618530273 -15.231358528137207 -0.7913894653320312
    endloop
  endfacet
  facet normal 1 0 0
    outer loop
      vertex 17.899999618530273 -16.580059051513672 -1.8262834548950195
      vertex 17.899999618530273 -15.231358528137207 -0.7913894653320312
      vertex 17.899999618530273 -15.32583236694336 -0.6499996185302734
    endloop
  endfacet
  facet normal 1 0 0
    outer loop
      vertex 17.899999618530273 -14.697487831115723 -1.2010431289672852
      vertex 17.899999618530273 -15.348050117492676 -2.7716379165649414
      vertex 17.899999618530273 -14.976456642150879 -2.8977766036987305
    endloop
  endfacet
  facet normal 1 0 0
    outer loop
      vertex 17.899999618530273 -16.798076629638672 -1.5
      vertex 17.899999618530273 -15.32583236694336 -0.6499996185302734
      vertex 17.899999618530273 -15.401042938232422 -0.49748802185058594
    endloop
  endfacet
  facet normal 1 0 0
    outer loop
      vertex 17.899999618530273 -16.971637725830078 -1.1480493545532227
      vertex 17.899999618530273 -15.401042938232422 -0.49748802185058594
      vertex 17.899999618530273 -15.455702781677246 -0.33646392822265625
    endloop
  endfacet
  facet normal 1 0 0
    outer loop
      vertex 17.899999618530273 -17.0977783203125 -0.7764568328857422
      vertex 17.899999618530273 -15.455702781677246 -0.33646392822265625
      vertex 17.899999618530273 -15.48887825012207 -0.16968345642089844
    endloop
  endfacet
  facet normal 1 0 0
    outer loop
      vertex 17.899999618530273 -17.174335479736328 -0.39157772064208984
      vertex 17.899999618530273 -15.48887825012207 -0.16968345642089844
      vertex 17.899999618530273 -15.5 0
    endloop
  endfacet
  facet normal 1 0 0
    outer loop
      vertex 17.899999618530273 -14.84999942779541 -1.1258325576782227
      vertex 17.899999618530273 -15.699999809265137 -2.5980758666992188
      vertex 17.899999618530273 -15.348050117492676 -2.7716379165649414
    endloop
  endfacet
  facet normal 1 0 0
    outer loop
      vertex 17.899999618530273 -14.991389274597168 -1.0313587188720703
      vertex 17.899999618530273 -16.026283264160156 -2.380059242248535
      vertex 17.899999618530273 -15.699999809265137 -2.5980758666992188
    endloop
  endfacet
  facet normal 1 0 0
    outer loop
      vertex 17.899999618530273 -15.119237899780273 -0.9192380905151367
      vertex 17.899999618530273 -16.321319580078125 -2.1213197708129883
      vertex 17.899999618530273 -16.026283264160156 -2.380059242248535
    endloop
  endfacet
  facet normal 1 0 0
    outer loop
      vertex 17.899999618530273 -15.231358528137207 -0.7913894653320312
      vertex 17.899999618530273 -16.580059051513672 -1.8262834548950195
      vertex 17.899999618530273 -16.321319580078125 -2.1213197708129883
    endloop
  endfacet
  facet normal 1 0 0
    outer loop
      vertex 17.899999618530273 -15.32583236694336 -0.6499996185302734
      vertex 17.899999618530273 -16.798076629638672 -1.5
      vertex 17.899999618530273 -16.580059051513672 -1.8262834548950195
    endloop
  endfacet
  facet normal 1 0 0
    outer loop
      vertex 17.899999618530273 -15.401042938232422 -0.49748802185058594
      vertex 17.899999618530273 -16.971637725830078 -1.1480493545532227
      vertex 17.899999618530273 -16.798076629638672 -1.5
    endloop
  endfacet
  facet normal 1 0 0
    outer loop
      vertex 17.899999618530273 -15.455702781677246 -0.33646392822265625
      vertex 17.899999618530273 -17.0977783203125 -0.7764568328857422
      vertex 17.899999618530273 -16.971637725830078 -1.1480493545532227
    endloop
  endfacet
  facet normal 1 0 0
    outer loop
      vertex 17.899999618530273 -15.48887825012207 -0.16968345642089844
      vertex 17.899999618530273 -17.174335479736328 -0.39157772064208984
      vertex 17.899999618530273 -17.0977783203125 -0.7764568328857422
    endloop
  endfacet
  facet normal 1 0 0
    outer loop
      vertex 17.899999618530273 -17.174335479736328 -0.39157772064208984
      vertex 17.899999618530273 -15.5 0
      vertex 17.899999618530273 -17.200000762939453 0
    endloop
  endfacet
  facet normal 0 0.5555708544893759 -0.8314691970493824
    outer loop
      vertex 14.299999237060547 -12.699999809265137 -2.5980758666992188
      vertex 17.899999618530273 -12.3737154006958 -2.380059242248535
      vertex 17.899999618530273 -12.699999809265137 -2.5980758666992188
    endloop
  endfacet
  facet normal 0 0.5555708544893759 -0.8314691970493824
    outer loop
      vertex 17.899999618530273 -12.3737154006958 -2.380059242248535
      vertex 14.299999237060547 -12.699999809265137 -2.5980758666992188
      vertex 14.299999237060547 -12.3737154006958 -2.380059242248535
    endloop
  endfacet
  facet normal 0 -0.9978589359727984 -0.0654029349435823
    outer loop
      vertex 14.299999237060547 -17.174335479736328 -0.39157772064208984
      vertex 17.899999618530273 -17.200000762939453 0
      vertex 14.299999237060547 -17.200000762939453 0
    endloop
  endfacet
  facet normal 0 -0.9978589359727984 -0.0654029349435823
    outer loop
      vertex 17.899999618530273 -17.200000762939453 0
      vertex 14.299999237060547 -17.174335479736328 -0.39157772064208984
      vertex 17.899999618530273 -17.174335479736328 -0.39157772064208984
    endloop
  endfacet
  facet normal 0 -0.3214387783485159 -0.9469303626845079
    outer loop
      vertex 14.299999237060547 -15.348050117492676 -2.7716379165649414
      vertex 17.899999618530273 -14.976456642150879 -2.8977766036987305
      vertex 17.899999618530273 -15.348050117492676 -2.7716379165649414
    endloop
  endfacet
  facet normal 0 -0.3214387783485159 -0.9469303626845079
    outer loop
      vertex 17.899999618530273 -14.976456642150879 -2.8977766036987305
      vertex 14.299999237060547 -15.348050117492676 -2.7716379165649414
      vertex 14.299999237060547 -14.976456642150879 -2.8977766036987305
    endloop
  endfacet
  facet normal 0 0.44228801209293084 -0.8968730759471395
    outer loop
      vertex 14.299999237060547 -13.051949501037598 -2.7716379165649414
      vertex 17.899999618530273 -12.699999809265137 -2.5980758666992188
      vertex 17.899999618530273 -13.051949501037598 -2.7716379165649414
    endloop
  endfacet
  facet normal 0 0.44228801209293084 -0.8968730759471395
    outer loop
      vertex 17.899999618530273 -12.699999809265137 -2.5980758666992188
      vertex 14.299999237060547 -13.051949501037598 -2.7716379165649414
      vertex 14.299999237060547 -12.699999809265137 -2.5980758666992188
    endloop
  endfacet
  facet normal 0 -1 0
    outer loop
      vertex 2 14.5 0.3000001907348633
      vertex 22 14.5 11.200000762939453
      vertex 2 14.5 11.200000762939453
    endloop
  endfacet
  facet normal 0 -1 0
    outer loop
      vertex 22 14.5 11.200000762939453
      vertex 2 14.5 0.3000001907348633
      vertex 22 14.5 0.3000001907348633
    endloop
  endfacet
  facet normal 0 0.8314628286207378 0.5555803853827108
    outer loop
      vertex 22 15.559806823730469 12.84999942779541
      vertex 2 15.538004875183105 12.882627487182617
      vertex 22 15.538004875183105 12.882627487182617
    endloop
  endfacet
  facet normal 0 0.8314628286207378 0.5555803853827108
    outer loop
      vertex 2 15.538004875183105 12.882627487182617
      vertex 22 15.559806823730469 12.84999942779541
      vertex 2 15.559806823730469 12.84999942779541
    endloop
  endfacet
  facet normal 0 -0.5555803853827108 0.8314628286207378
    outer loop
      vertex 2 14.649999618530273 12.959807395935059
      vertex 22 14.617371559143066 12.938005447387695
      vertex 22 14.649999618530273 12.959807395935059
    endloop
  endfacet
  facet normal 0 -0.5555803853827108 0.8314628286207378
    outer loop
      vertex 22 14.617371559143066 12.938005447387695
      vertex 2 14.649999618530273 12.959807395935059
      vertex 2 14.617371559143066 12.938005447387695
    endloop
  endfacet
  facet normal 0 0.9978592635656665 -0.06539793663553845
    outer loop
      vertex 22 15.597432136535645 0.26084232330322266
      vertex 2 15.599998474121094 0.3000001907348633
      vertex 22 15.599998474121094 0.3000001907348633
    endloop
  endfacet
  facet normal 0 0.9978592635656665 -0.06539793663553845
    outer loop
      vertex 2 15.599998474121094 0.3000001907348633
      vertex 22 15.597432136535645 0.26084232330322266
      vertex 2 15.597432136535645 0.26084232330322266
    endloop
  endfacet
  facet normal 0 0.32145045384833876 0.9469263993155419
    outer loop
      vertex 2 15.414803504943848 12.977163314819336
      vertex 22 15.377644538879395 12.989777565002441
      vertex 22 15.414803504943848 12.977163314819336
    endloop
  endfacet
  facet normal 0 0.32145045384833876 0.9469263993155419
    outer loop
      vertex 22 15.377644538879395 12.989777565002441
      vertex 2 15.414803504943848 12.977163314819336
      vertex 2 15.377644538879395 12.989777565002441
    endloop
  endfacet
  facet normal 1 0 0
    outer loop
      vertex 22 15.592597961425781 12.763457298278809
      vertex 22 15.749999046325684 12.5
      vertex 22 15.747432708740234 12.539156913757324
    endloop
  endfacet
  facet normal 1 0 0
    outer loop
      vertex 22 15.749999046325684 12.5
      vertex 22 14.517810821533203 12.799999237060547
      vertex 22 15.749999046325684 11.5
    endloop
  endfacet
  facet normal 1 0 0
    outer loop
      vertex 22 15.592597961425781 12.763457298278809
      vertex 22 15.747432708740234 12.539156913757324
      vertex 22 15.739776611328125 12.577645301818848
    endloop
  endfacet
  facet normal 1 0 0
    outer loop
      vertex 22 14.5 11.200000762939453
      vertex 22 15.749999046325684 11.5
      vertex 22 14.517810821533203 12.799999237060547
    endloop
  endfacet
  facet normal 1 0 0
    outer loop
      vertex 22 15.592597961425781 12.763457298278809
      vertex 22 15.739776611328125 12.577645301818848
      vertex 22 15.727163314819336 12.6148042678833
    endloop
  endfacet
  facet normal 1 0 0
    outer loop
      vertex 22 15.599998474121094 11.240192413330078
      vertex 22 15.749999046325684 11.5
      vertex 22 14.5 11.200000762939453
    endloop
  endfacet
  facet normal 1 0 0
    outer loop
      vertex 22 15.592597961425781 12.763457298278809
      vertex 22 15.727163314819336 12.6148042678833
      vertex 22 15.709806442260742 12.649999618530273
    endloop
  endfacet
  facet normal 1 0 0
    outer loop
      vertex 22 15.749999046325684 11.5
      vertex 22 15.599998474121094 11.240192413330078
      vertex 22 15.747432708740234 11.460843086242676
    endloop
  endfacet
  facet normal 1 0 0
    outer loop
      vertex 22 15.592597961425781 12.763457298278809
      vertex 22 15.709806442260742 12.649999618530273
      vertex 22 15.688005447387695 12.68262767791748
    endloop
  endfacet
  facet normal 1 0 0
    outer loop
      vertex 22 15.749999046325684 12.5
      vertex 22 15.592597961425781 12.763457298278809
      vertex 22 14.517810821533203 12.799999237060547
    endloop
  endfacet
  facet normal 1 0 0
    outer loop
      vertex 22 15.592597961425781 12.763457298278809
      vertex 22 15.688005447387695 12.68262767791748
      vertex 22 15.662131309509277 12.71213150024414
    endloop
  endfacet
  facet normal 1 0 0
    outer loop
      vertex 22 15.747432708740234 11.460843086242676
      vertex 22 15.599998474121094 11.240192413330078
      vertex 22 15.739776611328125 11.422354698181152
    endloop
  endfacet
  facet normal 1 0 0
    outer loop
      vertex 22 15.592597961425781 12.763457298278809
      vertex 22 15.662131309509277 12.71213150024414
      vertex 22 15.632627487182617 12.738005638122559
    endloop
  endfacet
  facet normal 1 0 0
    outer loop
      vertex 22 15.709806442260742 11.350000381469727
      vertex 22 15.599998474121094 11.240192413330078
      vertex 22 15.688005447387695 11.31737232208252
    endloop
  endfacet
  facet normal 1 0 0
    outer loop
      vertex 22 15.592597961425781 12.763457298278809
      vertex 22 15.632627487182617 12.738005638122559
      vertex 22 15.59999942779541 12.759807586669922
    endloop
  endfacet
  facet normal 1 0 0
    outer loop
      vertex 22 15.688005447387695 11.31737232208252
      vertex 22 15.599998474121094 11.240192413330078
      vertex 22 15.662131309509277 11.28786849975586
    endloop
  endfacet
  facet normal 1 0 0
    outer loop
      vertex 22 15.632627487182617 11.261994361877441
      vertex 22 15.599998474121094 11.240192413330078
      vertex 22 15.59999942779541 11.240192413330078
    endloop
  endfacet
  facet normal 1 0 0
    outer loop
      vertex 22 14.5 11.200000762939453
      vertex 22 15.599998474121094 0.3000001907348633
      vertex 22 15.599998474121094 11.240192413330078
    endloop
  endfacet
  facet normal 1 0 0
    outer loop
      vertex 22 15.662131309509277 11.28786849975586
      vertex 22 15.599998474121094 11.240192413330078
      vertex 22 15.632627487182617 11.261994361877441
    endloop
  endfacet
  facet normal 1 0 0
    outer loop
      vertex 22 15.727163314819336 11.3851957321167
      vertex 22 15.599998474121094 11.240192413330078
      vertex 22 15.709806442260742 11.350000381469727
    endloop
  endfacet
  facet normal 1 0 0
    outer loop
      vertex 22 15.577162742614746 12.814804077148438
      vertex 22 15.592597961425781 12.763457298278809
      vertex 22 15.589776039123535 12.777645111083984
    endloop
  endfacet
  facet normal 1 0 0
    outer loop
      vertex 22 14.5 0.3000001907348633
      vertex 22 15.599998474121094 0.3000001907348633
      vertex 22 14.5 11.200000762939453
    endloop
  endfacet
  facet normal 1 0 0
    outer loop
      vertex 22 15.58218765258789 0.19999980926513672
      vertex 22 15.599998474121094 0.3000001907348633
      vertex 22 14.5 0.3000001907348633
    endloop
  endfacet
  facet normal 1 0 0
    outer loop
      vertex 22 15.592597961425781 12.763457298278809
      vertex 22 15.577162742614746 12.814804077148438
      vertex 22 15.299999237060547 13
    endloop
  endfacet
  facet normal 1 0 0
    outer loop
      vertex 22 15.58218765258789 0.19999980926513672
      vertex 22 15.899999618530273 -3
      vertex 22 15.899999618530273 0.19999980926513672
    endloop
  endfacet
  facet normal 1 0 0
    outer loop
      vertex 22 15.299999237060547 13
      vertex 22 15.577162742614746 12.814804077148438
      vertex 22 15.559806823730469 12.84999942779541
    endloop
  endfacet
  facet normal 1 0 0
    outer loop
      vertex 22 15.299999237060547 13
      vertex 22 15.559806823730469 12.84999942779541
      vertex 22 15.538004875183105 12.882627487182617
    endloop
  endfacet
  facet normal 1 0 0
    outer loop
      vertex 22 15.299999237060547 13
      vertex 22 15.538004875183105 12.882627487182617
      vertex 22 15.512130737304688 12.912131309509277
    endloop
  endfacet
  facet normal 1 0 0
    outer loop
      vertex 22 15.299999237060547 13
      vertex 22 15.512130737304688 12.912131309509277
      vertex 22 15.482626914978027 12.938005447387695
    endloop
  endfacet
  facet normal 1 0 0
    outer loop
      vertex 22 15.299999237060547 13
      vertex 22 15.482626914978027 12.938005447387695
      vertex 22 15.44999885559082 12.959807395935059
    endloop
  endfacet
  facet normal 1 0 0
    outer loop
      vertex 22 15.299999237060547 13
      vertex 22 15.44999885559082 12.959807395935059
      vertex 22 15.414803504943848 12.977163314819336
    endloop
  endfacet
  facet normal 1 0 0
    outer loop
      vertex 22 15.299999237060547 13
      vertex 22 15.414803504943848 12.977163314819336
      vertex 22 15.377644538879395 12.989777565002441
    endloop
  endfacet
  facet normal 1 0 0
    outer loop
      vertex 22 15.299999237060547 13
      vertex 22 15.377644538879395 12.989777565002441
      vertex 22 15.339156150817871 12.997432708740234
    endloop
  endfacet
  facet normal 1 0 0
    outer loop
      vertex 22 15.592597961425781 12.763457298278809
      vertex 22 15.299999237060547 13
      vertex 22 14.799999237060547 13
    endloop
  endfacet
  facet normal 1 0 0
    outer loop
      vertex 22 15.592597961425781 12.763457298278809
      vertex 22 14.799999237060547 13
      vertex 22 14.517810821533203 12.799999237060547
    endloop
  endfacet
  facet normal 1 0 0
    outer loop
      vertex 22 14.517810821533203 12.799999237060547
      vertex 22 14.799999237060547 13
      vertex 22 14.760842323303223 12.997432708740234
    endloop
  endfacet
  facet normal 1 0 0
    outer loop
      vertex 22 14.517810821533203 12.799999237060547
      vertex 22 14.760842323303223 12.997432708740234
      vertex 22 14.7223539352417 12.989777565002441
    endloop
  endfacet
  facet normal 1 0 0
    outer loop
      vertex 22 14.517810821533203 12.799999237060547
      vertex 22 14.7223539352417 12.989777565002441
      vertex 22 14.685194969177246 12.977163314819336
    endloop
  endfacet
  facet normal 1 0 0
    outer loop
      vertex 22 14.517810821533203 12.799999237060547
      vertex 22 14.685194969177246 12.977163314819336
      vertex 22 14.649999618530273 12.959807395935059
    endloop
  endfacet
  facet normal 1 0 0
    outer loop
      vertex 22 14.517810821533203 12.799999237060547
      vertex 22 14.649999618530273 12.959807395935059
      vertex 22 14.617371559143066 12.938005447387695
    endloop
  endfacet
  facet normal 1 0 0
    outer loop
      vertex 22 14.517810821533203 12.799999237060547
      vertex 22 14.617371559143066 12.938005447387695
      vertex 22 14.587867736816406 12.912131309509277
    endloop
  endfacet
  facet normal 1 0 0
    outer loop
      vertex 22 14.517810821533203 12.799999237060547
      vertex 22 14.587867736816406 12.912131309509277
      vertex 22 14.561993598937988 12.882627487182617
    endloop
  endfacet
  facet normal 1 0 0
    outer loop
      vertex 22 14.517810821533203 12.799999237060547
      vertex 22 14.561993598937988 12.882627487182617
      vertex 22 14.540191650390625 12.84999942779541
    endloop
  endfacet
  facet normal 1 0 0
    outer loop
      vertex 22 14.517810821533203 12.799999237060547
      vertex 22 14.540191650390625 12.84999942779541
      vertex 22 14.522835731506348 12.814804077148438
    endloop
  endfacet
  facet normal 1 0 0
    outer loop
      vertex 22 15.739776611328125 11.422354698181152
      vertex 22 15.599998474121094 11.240192413330078
      vertex 22 15.727163314819336 11.3851957321167
    endloop
  endfacet
  facet normal 1 0 0
    outer loop
      vertex 22 15.599998474121094 0.3000001907348633
      vertex 22 15.58218765258789 0.19999980926513672
      vertex 22 15.597432136535645 0.26084232330322266
    endloop
  endfacet
  facet normal 1 0 0
    outer loop
      vertex 22 14.517810821533203 0.19999980926513672
      vertex 22 15.899999618530273 -3
      vertex 22 15.58218765258789 0.19999980926513672
    endloop
  endfacet
  facet normal 1 0 0
    outer loop
      vertex 22 11.672552108764648 -0.9997739791870117
      vertex 22 14.517810821533203 0.19999980926513672
      vertex 22 11.699999809265137 0
    endloop
  endfacet
  facet normal 1 0 0
    outer loop
      vertex 22 11.590476036071777 -1.9899206161499023
      vertex 22 14.517810821533203 0.19999980926513672
      vertex 22 11.672552108764648 -0.9997739791870117
    endloop
  endfacet
  facet normal 1 0 0
    outer loop
      vertex 22 14.517810821533203 0.19999980926513672
      vertex 22 11.590476036071777 -1.9899206161499023
      vertex 22 15.899999618530273 -3
    endloop
  endfacet
  facet normal 1 0 0
    outer loop
      vertex 22 11.454559326171875 -2.9609031677246094
      vertex 22 15.899999618530273 -3
      vertex 22 11.590476036071777 -1.9899206161499023
    endloop
  endfacet
  facet normal 1 0 0
    outer loop
      vertex 22 15.899999618530273 -3
      vertex 22 11.454559326171875 -2.9609031677246094
      vertex 22 11.446742057800293 -3
    endloop
  endfacet
  facet normal 1 0 0
    outer loop
      vertex 22 11.399999618530273 0.19999980926513672
      vertex 22 11.699999809265137 0
      vertex 22 14.517810821533203 0.19999980926513672
    endloop
  endfacet
  facet normal 1 0 0
    outer loop
      vertex 22 11.699999809265137 0
      vertex 22 11.399999618530273 0.19999980926513672
      vertex 22 11.399999618530273 0
    endloop
  endfacet
  facet normal 1 0 0
    outer loop
      vertex 22 15.597432136535645 0.26084232330322266
      vertex 22 15.58218765258789 0.19999980926513672
      vertex 22 15.589776039123535 0.22235488891601562
    endloop
  endfacet
  facet normal 1 0 0
    outer loop
      vertex 22 15.58218765258789 0.19999980926513672
      vertex 22 14.5 0.3000001907348633
      vertex 22 14.517810821533203 0.19999980926513672
    endloop
  endfacet
  facet normal 1 0 0
    outer loop
      vertex 22 14.50256633758545 0.26084232330322266
      vertex 22 14.517810821533203 0.19999980926513672
      vertex 22 14.5 0.3000001907348633
    endloop
  endfacet
  facet normal 1 0 0
    outer loop
      vertex 22 13.550000190734863 12.5
      vertex 22 14.517810821533203 12.799999237060547
      vertex 22 13.850000381469727 12.799999237060547
    endloop
  endfacet
  facet normal 1 0 0
    outer loop
      vertex 22 14.517810821533203 12.799999237060547
      vertex 22 13.550000190734863 12.5
      vertex 22 14.5 11.200000762939453
    endloop
  endfacet
  facet normal 1 0 0
    outer loop
      vertex 22 13.550000190734863 12.5
      vertex 22 13.850000381469727 12.799999237060547
      vertex 22 13.810842514038086 12.797432899475098
    endloop
  endfacet
  facet normal 1 0 0
    outer loop
      vertex 22 13.550000190734863 11.5
      vertex 22 14.5 11.200000762939453
      vertex 22 13.550000190734863 12.5
    endloop
  endfacet
  facet normal 1 0 0
    outer loop
      vertex 22 13.550000190734863 12.5
      vertex 22 13.810842514038086 12.797432899475098
      vertex 22 13.772354125976562 12.789776802062988
    endloop
  endfacet
  facet normal 1 0 0
    outer loop
      vertex 22 14.5 11.200000762939453
      vertex 22 13.550000190734863 11.5
      vertex 22 13.850000381469727 11.200000762939453
    endloop
  endfacet
  facet normal 1 0 0
    outer loop
      vertex 22 13.550000190734863 12.5
      vertex 22 13.772354125976562 12.789776802062988
      vertex 22 13.73519515991211 12.7771635055542
    endloop
  endfacet
  facet normal 1 0 0
    outer loop
      vertex 22 13.850000381469727 11.200000762939453
      vertex 22 13.550000190734863 11.5
      vertex 22 13.810842514038086 11.202567100524902
    endloop
  endfacet
  facet normal 1 0 0
    outer loop
      vertex 22 13.550000190734863 12.5
      vertex 22 13.73519515991211 12.7771635055542
      vertex 22 13.699999809265137 12.759807586669922
    endloop
  endfacet
  facet normal 1 0 0
    outer loop
      vertex 22 13.810842514038086 11.202567100524902
      vertex 22 13.550000190734863 11.5
      vertex 22 13.772354125976562 11.210223197937012
    endloop
  endfacet
  facet normal 1 0 0
    outer loop
      vertex 22 13.550000190734863 12.5
      vertex 22 13.699999809265137 12.759807586669922
      vertex 22 13.66737174987793 12.738005638122559
    endloop
  endfacet
  facet normal 1 0 0
    outer loop
      vertex 22 13.772354125976562 11.210223197937012
      vertex 22 13.550000190734863 11.5
      vertex 22 13.73519515991211 11.2228364944458
    endloop
  endfacet
  facet normal 1 0 0
    outer loop
      vertex 22 13.550000190734863 12.5
      vertex 22 13.66737174987793 12.738005638122559
      vertex 22 13.63786792755127 12.71213150024414
    endloop
  endfacet
  facet normal 1 0 0
    outer loop
      vertex 22 13.73519515991211 11.2228364944458
      vertex 22 13.550000190734863 11.5
      vertex 22 13.699999809265137 11.240192413330078
    endloop
  endfacet
  facet normal 1 0 0
    outer loop
      vertex 22 13.550000190734863 12.5
      vertex 22 13.63786792755127 12.71213150024414
      vertex 22 13.611993789672852 12.68262767791748
    endloop
  endfacet
  facet normal 1 0 0
    outer loop
      vertex 22 13.699999809265137 11.240192413330078
      vertex 22 13.550000190734863 11.5
      vertex 22 13.66737174987793 11.261994361877441
    endloop
  endfacet
  facet normal 1 0 0
    outer loop
      vertex 22 13.550000190734863 12.5
      vertex 22 13.611993789672852 12.68262767791748
      vertex 22 13.590192794799805 12.649999618530273
    endloop
  endfacet
  facet normal 1 0 0
    outer loop
      vertex 22 13.66737174987793 11.261994361877441
      vertex 22 13.550000190734863 11.5
      vertex 22 13.63786792755127 11.28786849975586
    endloop
  endfacet
  facet normal 1 0 0
    outer loop
      vertex 22 13.550000190734863 12.5
      vertex 22 13.590192794799805 12.649999618530273
      vertex 22 13.572835922241211 12.6148042678833
    endloop
  endfacet
  facet normal 1 0 0
    outer loop
      vertex 22 13.63786792755127 11.28786849975586
      vertex 22 13.550000190734863 11.5
      vertex 22 13.611993789672852 11.31737232208252
    endloop
  endfacet
  facet normal 1 0 0
    outer loop
      vertex 22 13.550000190734863 12.5
      vertex 22 13.572835922241211 12.6148042678833
      vertex 22 13.560222625732422 12.577645301818848
    endloop
  endfacet
  facet normal 1 0 0
    outer loop
      vertex 22 13.611993789672852 11.31737232208252
      vertex 22 13.550000190734863 11.5
      vertex 22 13.590192794799805 11.350000381469727
    endloop
  endfacet
  facet normal 1 0 0
    outer loop
      vertex 22 13.550000190734863 12.5
      vertex 22 13.560222625732422 12.577645301818848
      vertex 22 13.552566528320312 12.539156913757324
    endloop
  endfacet
  facet normal 1 0 0
    outer loop
      vertex 22 13.590192794799805 11.350000381469727
      vertex 22 13.550000190734863 11.5
      vertex 22 13.572835922241211 11.3851957321167
    endloop
  endfacet
  facet normal 1 0 0
    outer loop
      vertex 22 13.572835922241211 11.3851957321167
      vertex 22 13.550000190734863 11.5
      vertex 22 13.560222625732422 11.422354698181152
    endloop
  endfacet
  facet normal 1 0 0
    outer loop
      vertex 22 13.560222625732422 11.422354698181152
      vertex 22 13.550000190734863 11.5
      vertex 22 13.552566528320312 11.460843086242676
    endloop
  endfacet
  facet normal 1 0 0
    outer loop
      vertex 22 14.517810821533203 0.19999980926513672
      vertex 22 14.50256633758545 0.26084232330322266
      vertex 22 14.510222434997559 0.22235488891601562
    endloop
  endfacet
  facet normal 0 0.19507383347519194 0.9807885600338603
    outer loop
      vertex 2 15.377644538879395 12.989777565002441
      vertex 22 15.339156150817871 12.997432708740234
      vertex 22 15.377644538879395 12.989777565002441
    endloop
  endfacet
  facet normal 0 0.19507383347519194 0.9807885600338603
    outer loop
      vertex 22 15.339156150817871 12.997432708740234
      vertex 2 15.377644538879395 12.989777565002441
      vertex 2 15.339156150817871 12.997432708740234
    endloop
  endfacet
  facet normal 0 0.8968778695392857 0.44227829149831893
    outer loop
      vertex 22 15.577162742614746 12.814804077148438
      vertex 2 15.559806823730469 12.84999942779541
      vertex 22 15.559806823730469 12.84999942779541
    endloop
  endfacet
  facet normal 0 0.8968778695392857 0.44227829149831893
    outer loop
      vertex 2 15.559806823730469 12.84999942779541
      vertex 22 15.577162742614746 12.814804077148438
      vertex 2 15.577162742614746 12.814804077148438
    endloop
  endfacet
  facet normal 0 0 1
    outer loop
      vertex 2 15.299999237060547 13
      vertex 22 14.799999237060547 13
      vertex 22 15.299999237060547 13
    endloop
  endfacet
  facet normal 0 0 1
    outer loop
      vertex 22 14.799999237060547 13
      vertex 2 15.299999237060547 13
      vertex 2 14.799999237060547 13
    endloop
  endfacet
  facet normal 0 0.9469337965882391 0.32142866219269195
    outer loop
      vertex 22 15.589776039123535 12.777645111083984
      vertex 2 15.577162742614746 12.814804077148438
      vertex 22 15.577162742614746 12.814804077148438
    endloop
  endfacet
  facet normal 0 0.9469337965882391 0.32142866219269195
    outer loop
      vertex 2 15.577162742614746 12.814804077148438
      vertex 22 15.589776039123535 12.777645111083984
      vertex 2 15.589776039123535 12.777645111083984
    endloop
  endfacet
  facet normal 0 -0.6593455288773353 0.7518400584894815
    outer loop
      vertex 2 14.617371559143066 12.938005447387695
      vertex 22 14.587867736816406 12.912131309509277
      vertex 22 14.617371559143066 12.938005447387695
    endloop
  endfacet
  facet normal 0 -0.6593455288773353 0.7518400584894815
    outer loop
      vertex 22 14.587867736816406 12.912131309509277
      vertex 2 14.617371559143066 12.938005447387695
      vertex 2 14.587867736816406 12.912131309509277
    endloop
  endfacet
  facet normal 0 1 0
    outer loop
      vertex 22 15.599998474121094 0.3000001907348633
      vertex 2 15.599998474121094 11.240192413330078
      vertex 22 15.599998474121094 11.240192413330078
    endloop
  endfacet
  facet normal 0 1 0
    outer loop
      vertex 2 15.599998474121094 11.240192413330078
      vertex 22 15.599998474121094 0.3000001907348633
      vertex 2 15.599998474121094 0.3000001907348633
    endloop
  endfacet
  facet normal 0 -0.98078298508657 -0.19510186099747215
    outer loop
      vertex 2 14.510222434997559 0.22235488891601562
      vertex 22 14.50256633758545 0.26084232330322266
      vertex 2 14.50256633758545 0.26084232330322266
    endloop
  endfacet
  facet normal 0 -0.98078298508657 -0.19510186099747215
    outer loop
      vertex 22 14.50256633758545 0.26084232330322266
      vertex 2 14.510222434997559 0.22235488891601562
      vertex 22 14.510222434997559 0.22235488891601562
    endloop
  endfacet
  facet normal 0 0.6593455288773353 0.7518400584894815
    outer loop
      vertex 2 15.512130737304688 12.912131309509277
      vertex 22 15.482626914978027 12.938005447387695
      vertex 22 15.512130737304688 12.912131309509277
    endloop
  endfacet
  facet normal 0 0.6593455288773353 0.7518400584894815
    outer loop
      vertex 22 15.482626914978027 12.938005447387695
      vertex 2 15.512130737304688 12.912131309509277
      vertex 2 15.482626914978027 12.938005447387695
    endloop
  endfacet
  facet normal 0 0.9807880465284631 0.1950764152502334
    outer loop
      vertex 22 15.592597961425781 12.763457298278809
      vertex 2 15.589776039123535 12.777645111083984
      vertex 22 15.589776039123535 12.777645111083984
    endloop
  endfacet
  facet normal 0 0.9807880465284631 0.1950764152502334
    outer loop
      vertex 2 15.589776039123535 12.777645111083984
      vertex 22 15.592597961425781 12.763457298278809
      vertex 2 15.592597961425781 12.763457298278809
    endloop
  endfacet
  facet normal 0 -0.7518400584894815 0.6593455288773353
    outer loop
      vertex 2 14.561993598937988 12.882627487182617
      vertex 22 14.587867736816406 12.912131309509277
      vertex 2 14.587867736816406 12.912131309509277
    endloop
  endfacet
  facet normal 0 -0.7518400584894815 0.6593455288773353
    outer loop
      vertex 22 14.587867736816406 12.912131309509277
      vertex 2 14.561993598937988 12.882627487182617
      vertex 22 14.561993598937988 12.882627487182617
    endloop
  endfacet
  facet normal 0 -0.19507383347519194 0.9807885600338603
    outer loop
      vertex 2 14.760842323303223 12.997432708740234
      vertex 22 14.7223539352417 12.989777565002441
      vertex 22 14.760842323303223 12.997432708740234
    endloop
  endfacet
  facet normal 0 -0.19507383347519194 0.9807885600338603
    outer loop
      vertex 22 14.7223539352417 12.989777565002441
      vertex 2 14.760842323303223 12.997432708740234
      vertex 2 14.7223539352417 12.989777565002441
    endloop
  endfacet
  facet normal 0 -0.44227829149831893 0.8968778695392857
    outer loop
      vertex 2 14.685194969177246 12.977163314819336
      vertex 22 14.649999618530273 12.959807395935059
      vertex 22 14.685194969177246 12.977163314819336
    endloop
  endfacet
  facet normal 0 -0.44227829149831893 0.8968778695392857
    outer loop
      vertex 22 14.649999618530273 12.959807395935059
      vertex 2 14.685194969177246 12.977163314819336
      vertex 2 14.649999618530273 12.959807395935059
    endloop
  endfacet
  facet normal 0 0.7518400584894815 0.6593455288773353
    outer loop
      vertex 22 15.538004875183105 12.882627487182617
      vertex 2 15.512130737304688 12.912131309509277
      vertex 22 15.512130737304688 12.912131309509277
    endloop
  endfacet
  facet normal 0 0.7518400584894815 0.6593455288773353
    outer loop
      vertex 2 15.512130737304688 12.912131309509277
      vertex 22 15.538004875183105 12.882627487182617
      vertex 2 15.538004875183105 12.882627487182617
    endloop
  endfacet
  facet normal 0 0.5555803853827108 0.8314628286207378
    outer loop
      vertex 2 15.482626914978027 12.938005447387695
      vertex 22 15.44999885559082 12.959807395935059
      vertex 22 15.482626914978027 12.938005447387695
    endloop
  endfacet
  facet normal 0 0.5555803853827108 0.8314628286207378
    outer loop
      vertex 22 15.44999885559082 12.959807395935059
      vertex 2 15.482626914978027 12.938005447387695
      vertex 2 15.44999885559082 12.959807395935059
    endloop
  endfacet
  facet normal 0 -0.94693194044269 -0.3214341303742368
    outer loop
      vertex 2 14.517810821533203 0.19999980926513672
      vertex 22 14.510222434997559 0.22235488891601562
      vertex 2 14.510222434997559 0.22235488891601562
    endloop
  endfacet
  facet normal 0 -0.94693194044269 -0.3214341303742368
    outer loop
      vertex 22 14.510222434997559 0.22235488891601562
      vertex 2 14.517810821533203 0.19999980926513672
      vertex 22 14.517810821533203 0.19999980926513672
    endloop
  endfacet
  facet normal 0 0.06542372165407764 0.9978575733264391
    outer loop
      vertex 2 15.339156150817871 12.997432708740234
      vertex 22 15.299999237060547 13
      vertex 22 15.339156150817871 12.997432708740234
    endloop
  endfacet
  facet normal 0 0.06542372165407764 0.9978575733264391
    outer loop
      vertex 22 15.299999237060547 13
      vertex 2 15.339156150817871 12.997432708740234
      vertex 2 15.299999237060547 13
    endloop
  endfacet
  facet normal 0 -0.9978592635656665 -0.06539793663553845
    outer loop
      vertex 2 14.50256633758545 0.26084232330322266
      vertex 22 14.5 0.3000001907348633
      vertex 2 14.5 0.3000001907348633
    endloop
  endfacet
  facet normal 0 -0.9978592635656665 -0.06539793663553845
    outer loop
      vertex 22 14.5 0.3000001907348633
      vertex 2 14.50256633758545 0.26084232330322266
      vertex 22 14.50256633758545 0.26084232330322266
    endloop
  endfacet
  facet normal 0 -0.32145045384833876 0.9469263993155419
    outer loop
      vertex 2 14.7223539352417 12.989777565002441
      vertex 22 14.685194969177246 12.977163314819336
      vertex 22 14.7223539352417 12.989777565002441
    endloop
  endfacet
  facet normal 0 -0.32145045384833876 0.9469263993155419
    outer loop
      vertex 22 14.685194969177246 12.977163314819336
      vertex 2 14.7223539352417 12.989777565002441
      vertex 2 14.685194969177246 12.977163314819336
    endloop
  endfacet
  facet normal 0 -0.06542372165407764 0.9978575733264391
    outer loop
      vertex 2 14.799999237060547 13
      vertex 22 14.760842323303223 12.997432708740234
      vertex 22 14.799999237060547 13
    endloop
  endfacet
  facet normal 0 -0.06542372165407764 0.9978575733264391
    outer loop
      vertex 22 14.760842323303223 12.997432708740234
      vertex 2 14.799999237060547 13
      vertex 2 14.760842323303223 12.997432708740234
    endloop
  endfacet
  facet normal 0 0.44227829149831893 0.8968778695392857
    outer loop
      vertex 2 15.44999885559082 12.959807395935059
      vertex 22 15.414803504943848 12.977163314819336
      vertex 22 15.44999885559082 12.959807395935059
    endloop
  endfacet
  facet normal 0 0.44227829149831893 0.8968778695392857
    outer loop
      vertex 22 15.414803504943848 12.977163314819336
      vertex 2 15.44999885559082 12.959807395935059
      vertex 2 15.414803504943848 12.977163314819336
    endloop
  endfacet
  facet normal 0 0.98078298508657 -0.19510186099747215
    outer loop
      vertex 22 15.589776039123535 0.22235488891601562
      vertex 2 15.597432136535645 0.26084232330322266
      vertex 22 15.597432136535645 0.26084232330322266
    endloop
  endfacet
  facet normal 0 0.98078298508657 -0.19510186099747215
    outer loop
      vertex 2 15.597432136535645 0.26084232330322266
      vertex 22 15.589776039123535 0.22235488891601562
      vertex 2 15.589776039123535 0.22235488891601562
    endloop
  endfacet
  facet normal 0 -0.8314628286207378 0.5555803853827108
    outer loop
      vertex 2 14.540191650390625 12.84999942779541
      vertex 22 14.561993598937988 12.882627487182617
      vertex 2 14.561993598937988 12.882627487182617
    endloop
  endfacet
  facet normal 0 -0.8314628286207378 0.5555803853827108
    outer loop
      vertex 22 14.561993598937988 12.882627487182617
      vertex 2 14.540191650390625 12.84999942779541
      vertex 22 14.540191650390625 12.84999942779541
    endloop
  endfacet
  facet normal 0 -0.8968778695392857 0.44227829149831893
    outer loop
      vertex 2 14.522835731506348 12.814804077148438
      vertex 22 14.540191650390625 12.84999942779541
      vertex 2 14.540191650390625 12.84999942779541
    endloop
  endfacet
  facet normal 0 -0.8968778695392857 0.44227829149831893
    outer loop
      vertex 22 14.540191650390625 12.84999942779541
      vertex 2 14.522835731506348 12.814804077148438
      vertex 22 14.522835731506348 12.814804077148438
    endloop
  endfacet
  facet normal 0 0.94693194044269 -0.3214341303742368
    outer loop
      vertex 22 15.58218765258789 0.19999980926513672
      vertex 2 15.589776039123535 0.22235488891601562
      vertex 22 15.589776039123535 0.22235488891601562
    endloop
  endfacet
  facet normal 0 0.94693194044269 -0.3214341303742368
    outer loop
      vertex 2 15.589776039123535 0.22235488891601562
      vertex 22 15.58218765258789 0.19999980926513672
      vertex 2 15.58218765258789 0.19999980926513672
    endloop
  endfacet
  facet normal 0 -0.9469429011270794 0.3214018388326837
    outer loop
      vertex 2 14.517810821533203 12.799999237060547
      vertex 22 14.522835731506348 12.814804077148438
      vertex 2 14.522835731506348 12.814804077148438
    endloop
  endfacet
  facet normal 0 -0.9469429011270794 0.3214018388326837
    outer loop
      vertex 22 14.522835731506348 12.814804077148438
      vertex 2 14.517810821533203 12.799999237060547
      vertex 22 14.517810821533203 12.799999237060547
    endloop
  endfacet
  facet normal -1 0 0
    outer loop
      vertex 2 15.58218765258789 0.19999980926513672
      vertex 2 15.599998474121094 0.3000001907348633
      vertex 2 15.597432136535645 0.26084232330322266
    endloop
  endfacet
  facet normal -1 0 0
    outer loop
      vertex 2 15.599998474121094 11.240192413330078
      vertex 2 15.749999046325684 11.5
      vertex 2 15.747432708740234 11.460843086242676
    endloop
  endfacet
  facet normal -1 0 0
    outer loop
      vertex 2 15.749999046325684 11.5
      vertex 2 14.5 11.200000762939453
      vertex 2 15.749999046325684 12.5
    endloop
  endfacet
  facet normal -1 0 0
    outer loop
      vertex 2 15.599998474121094 11.240192413330078
      vertex 2 15.747432708740234 11.460843086242676
      vertex 2 15.739776611328125 11.422354698181152
    endloop
  endfacet
  facet normal -1 0 0
    outer loop
      vertex 2 14.517810821533203 12.799999237060547
      vertex 2 15.749999046325684 12.5
      vertex 2 14.5 11.200000762939453
    endloop
  endfacet
  facet normal -1 0 0
    outer loop
      vertex 2 15.599998474121094 11.240192413330078
      vertex 2 15.739776611328125 11.422354698181152
      vertex 2 15.727163314819336 11.3851957321167
    endloop
  endfacet
  facet normal -1 0 0
    outer loop
      vertex 2 15.592597961425781 12.763457298278809
      vertex 2 15.749999046325684 12.5
      vertex 2 14.517810821533203 12.799999237060547
    endloop
  endfacet
  facet normal -1 0 0
    outer loop
      vertex 2 15.599998474121094 11.240192413330078
      vertex 2 15.727163314819336 11.3851957321167
      vertex 2 15.709806442260742 11.350000381469727
    endloop
  endfacet
  facet normal -1 0 0
    outer loop
      vertex 2 15.749999046325684 12.5
      vertex 2 15.592597961425781 12.763457298278809
      vertex 2 15.747432708740234 12.539156913757324
    endloop
  endfacet
  facet normal -1 0 0
    outer loop
      vertex 2 15.599998474121094 11.240192413330078
      vertex 2 15.709806442260742 11.350000381469727
      vertex 2 15.688005447387695 11.31737232208252
    endloop
  endfacet
  facet normal -1 0 0
    outer loop
      vertex 2 15.749999046325684 11.5
      vertex 2 15.599998474121094 11.240192413330078
      vertex 2 14.5 11.200000762939453
    endloop
  endfacet
  facet normal -1 0 0
    outer loop
      vertex 2 15.599998474121094 11.240192413330078
      vertex 2 15.688005447387695 11.31737232208252
      vertex 2 15.662131309509277 11.28786849975586
    endloop
  endfacet
  facet normal -1 0 0
    outer loop
      vertex 2 15.747432708740234 12.539156913757324
      vertex 2 15.592597961425781 12.763457298278809
      vertex 2 15.739776611328125 12.577645301818848
    endloop
  endfacet
  facet normal -1 0 0
    outer loop
      vertex 2 15.599998474121094 11.240192413330078
      vertex 2 15.662131309509277 11.28786849975586
      vertex 2 15.632627487182617 11.261994361877441
    endloop
  endfacet
  facet normal -1 0 0
    outer loop
      vertex 2 15.709806442260742 12.649999618530273
      vertex 2 15.592597961425781 12.763457298278809
      vertex 2 15.688005447387695 12.68262767791748
    endloop
  endfacet
  facet normal -1 0 0
    outer loop
      vertex 2 15.599998474121094 11.240192413330078
      vertex 2 15.632627487182617 11.261994361877441
      vertex 2 15.59999942779541 11.240192413330078
    endloop
  endfacet
  facet normal -1 0 0
    outer loop
      vertex 2 15.688005447387695 12.68262767791748
      vertex 2 15.592597961425781 12.763457298278809
      vertex 2 15.662131309509277 12.71213150024414
    endloop
  endfacet
  facet normal -1 0 0
    outer loop
      vertex 2 15.662131309509277 12.71213150024414
      vertex 2 15.592597961425781 12.763457298278809
      vertex 2 15.632627487182617 12.738005638122559
    endloop
  endfacet
  facet normal -1 0 0
    outer loop
      vertex 2 15.599998474121094 0.3000001907348633
      vertex 2 14.5 11.200000762939453
      vertex 2 15.599998474121094 11.240192413330078
    endloop
  endfacet
  facet normal -1 0 0
    outer loop
      vertex 2 15.739776611328125 12.577645301818848
      vertex 2 15.592597961425781 12.763457298278809
      vertex 2 15.727163314819336 12.6148042678833
    endloop
  endfacet
  facet normal -1 0 0
    outer loop
      vertex 2 15.58218765258789 0.19999980926513672
      vertex 2 15.597432136535645 0.26084232330322266
      vertex 2 15.589776039123535 0.22235488891601562
    endloop
  endfacet
  facet normal -1 0 0
    outer loop
      vertex 2 15.632627487182617 12.738005638122559
      vertex 2 15.592597961425781 12.763457298278809
      vertex 2 15.59999942779541 12.759807586669922
    endloop
  endfacet
  facet normal -1 0 0
    outer loop
      vertex 2 15.599998474121094 0.3000001907348633
      vertex 2 15.58218765258789 0.19999980926513672
      vertex 2 14.5 0.3000001907348633
    endloop
  endfacet
  facet normal -1 0 0
    outer loop
      vertex 2 15.727163314819336 12.6148042678833
      vertex 2 15.592597961425781 12.763457298278809
      vertex 2 15.709806442260742 12.649999618530273
    endloop
  endfacet
  facet normal -1 0 0
    outer loop
      vertex 2 15.899999618530273 -3
      vertex 2 15.58218765258789 0.19999980926513672
      vertex 2 15.899999618530273 0.19999980926513672
    endloop
  endfacet
  facet normal -1 0 0
    outer loop
      vertex 2 14.799999237060547 13
      vertex 2 15.592597961425781 12.763457298278809
      vertex 2 14.517810821533203 12.799999237060547
    endloop
  endfacet
  facet normal -1 0 0
    outer loop
      vertex 2 15.299999237060547 13
      vertex 2 15.592597961425781 12.763457298278809
      vertex 2 14.799999237060547 13
    endloop
  endfacet
  facet normal -1 0 0
    outer loop
      vertex 2 15.592597961425781 12.763457298278809
      vertex 2 15.577162742614746 12.814804077148438
      vertex 2 15.589776039123535 12.777645111083984
    endloop
  endfacet
  facet normal -1 0 0
    outer loop
      vertex 2 15.577162742614746 12.814804077148438
      vertex 2 15.299999237060547 13
      vertex 2 15.559806823730469 12.84999942779541
    endloop
  endfacet
  facet normal -1 0 0
    outer loop
      vertex 2 15.559806823730469 12.84999942779541
      vertex 2 15.299999237060547 13
      vertex 2 15.538004875183105 12.882627487182617
    endloop
  endfacet
  facet normal -1 0 0
    outer loop
      vertex 2 15.538004875183105 12.882627487182617
      vertex 2 15.299999237060547 13
      vertex 2 15.512130737304688 12.912131309509277
    endloop
  endfacet
  facet normal -1 0 0
    outer loop
      vertex 2 15.512130737304688 12.912131309509277
      vertex 2 15.299999237060547 13
      vertex 2 15.482626914978027 12.938005447387695
    endloop
  endfacet
  facet normal -1 0 0
    outer loop
      vertex 2 15.44999885559082 12.959807395935059
      vertex 2 15.299999237060547 13
      vertex 2 15.414803504943848 12.977163314819336
    endloop
  endfacet
  facet normal -1 0 0
    outer loop
      vertex 2 15.414803504943848 12.977163314819336
      vertex 2 15.299999237060547 13
      vertex 2 15.377644538879395 12.989777565002441
    endloop
  endfacet
  facet normal -1 0 0
    outer loop
      vertex 2 15.377644538879395 12.989777565002441
      vertex 2 15.299999237060547 13
      vertex 2 15.339156150817871 12.997432708740234
    endloop
  endfacet
  facet normal -1 0 0
    outer loop
      vertex 2 15.482626914978027 12.938005447387695
      vertex 2 15.299999237060547 13
      vertex 2 15.44999885559082 12.959807395935059
    endloop
  endfacet
  facet normal -1 0 0
    outer loop
      vertex 2 15.577162742614746 12.814804077148438
      vertex 2 15.592597961425781 12.763457298278809
      vertex 2 15.299999237060547 13
    endloop
  endfacet
  facet normal -1 0 0
    outer loop
      vertex 2 14.799999237060547 13
      vertex 2 14.517810821533203 12.799999237060547
      vertex 2 14.760842323303223 12.997432708740234
    endloop
  endfacet
  facet normal -1 0 0
    outer loop
      vertex 2 14.760842323303223 12.997432708740234
      vertex 2 14.517810821533203 12.799999237060547
      vertex 2 14.7223539352417 12.989777565002441
    endloop
  endfacet
  facet normal -1 0 0
    outer loop
      vertex 2 14.7223539352417 12.989777565002441
      vertex 2 14.517810821533203 12.799999237060547
      vertex 2 14.685194969177246 12.977163314819336
    endloop
  endfacet
  facet normal -1 0 0
    outer loop
      vertex 2 14.685194969177246 12.977163314819336
      vertex 2 14.517810821533203 12.799999237060547
      vertex 2 14.649999618530273 12.959807395935059
    endloop
  endfacet
  facet normal -1 0 0
    outer loop
      vertex 2 14.649999618530273 12.959807395935059
      vertex 2 14.517810821533203 12.799999237060547
      vertex 2 14.617371559143066 12.938005447387695
    endloop
  endfacet
  facet normal -1 0 0
    outer loop
      vertex 2 14.617371559143066 12.938005447387695
      vertex 2 14.517810821533203 12.799999237060547
      vertex 2 14.587867736816406 12.912131309509277
    endloop
  endfacet
  facet normal -1 0 0
    outer loop
      vertex 2 14.587867736816406 12.912131309509277
      vertex 2 14.517810821533203 12.799999237060547
      vertex 2 14.561993598937988 12.882627487182617
    endloop
  endfacet
  facet normal -1 0 0
    outer loop
      vertex 2 14.5 0.3000001907348633
      vertex 2 15.58218765258789 0.19999980926513672
      vertex 2 14.517810821533203 0.19999980926513672
    endloop
  endfacet
  facet normal -1 0 0
    outer loop
      vertex 2 15.899999618530273 -3
      vertex 2 14.517810821533203 0.19999980926513672
      vertex 2 15.58218765258789 0.19999980926513672
    endloop
  endfacet
  facet normal -1 0 0
    outer loop
      vertex 2 11.590476036071777 -1.9899206161499023
      vertex 2 14.517810821533203 0.19999980926513672
      vertex 2 15.899999618530273 -3
    endloop
  endfacet
  facet normal -1 0 0
    outer loop
      vertex 2 14.517810821533203 0.19999980926513672
      vertex 2 11.672552108764648 -0.9997739791870117
      vertex 2 11.699999809265137 0
    endloop
  endfacet
  facet normal -1 0 0
    outer loop
      vertex 2 14.517810821533203 0.19999980926513672
      vertex 2 11.590476036071777 -1.9899206161499023
      vertex 2 11.672552108764648 -0.9997739791870117
    endloop
  endfacet
  facet normal -1 0 0
    outer loop
      vertex 2 15.899999618530273 -3
      vertex 2 11.454559326171875 -2.9609031677246094
      vertex 2 11.590476036071777 -1.9899206161499023
    endloop
  endfacet
  facet normal -1 0 0
    outer loop
      vertex 2 11.454559326171875 -2.9609031677246094
      vertex 2 15.899999618530273 -3
      vertex 2 11.446742057800293 -3
    endloop
  endfacet
  facet normal -1 0 0
    outer loop
      vertex 2 14.561993598937988 12.882627487182617
      vertex 2 14.517810821533203 12.799999237060547
      vertex 2 14.540191650390625 12.84999942779541
    endloop
  endfacet
  facet normal -1 0 0
    outer loop
      vertex 2 14.50256633758545 0.26084232330322266
      vertex 2 14.517810821533203 0.19999980926513672
      vertex 2 14.510222434997559 0.22235488891601562
    endloop
  endfacet
  facet normal -1 0 0
    outer loop
      vertex 2 14.517810821533203 0.19999980926513672
      vertex 2 14.50256633758545 0.26084232330322266
      vertex 2 14.5 0.3000001907348633
    endloop
  endfacet
  facet normal -1 0 0
    outer loop
      vertex 2 15.599998474121094 0.3000001907348633
      vertex 2 14.5 0.3000001907348633
      vertex 2 14.5 11.200000762939453
    endloop
  endfacet
  facet normal -1 0 0
    outer loop
      vertex 2 14.540191650390625 12.84999942779541
      vertex 2 14.517810821533203 12.799999237060547
      vertex 2 14.522835731506348 12.814804077148438
    endloop
  endfacet
  facet normal -1 0 0
    outer loop
      vertex 2 13.550000190734863 11.5
      vertex 2 14.5 11.200000762939453
      vertex 2 13.850000381469727 11.200000762939453
    endloop
  endfacet
  facet normal -1 0 0
    outer loop
      vertex 2 14.5 11.200000762939453
      vertex 2 13.550000190734863 11.5
      vertex 2 14.517810821533203 12.799999237060547
    endloop
  endfacet
  facet normal -1 0 0
    outer loop
      vertex 2 13.550000190734863 11.5
      vertex 2 13.850000381469727 11.200000762939453
      vertex 2 13.810842514038086 11.202567100524902
    endloop
  endfacet
  facet normal -1 0 0
    outer loop
      vertex 2 13.550000190734863 12.5
      vertex 2 14.517810821533203 12.799999237060547
      vertex 2 13.550000190734863 11.5
    endloop
  endfacet
  facet normal -1 0 0
    outer loop
      vertex 2 13.550000190734863 11.5
      vertex 2 13.810842514038086 11.202567100524902
      vertex 2 13.772354125976562 11.210223197937012
    endloop
  endfacet
  facet normal -1 0 0
    outer loop
      vertex 2 14.517810821533203 12.799999237060547
      vertex 2 13.550000190734863 12.5
      vertex 2 13.850000381469727 12.799999237060547
    endloop
  endfacet
  facet normal -1 0 0
    outer loop
      vertex 2 13.550000190734863 11.5
      vertex 2 13.772354125976562 11.210223197937012
      vertex 2 13.73519515991211 11.2228364944458
    endloop
  endfacet
  facet normal -1 0 0
    outer loop
      vertex 2 13.850000381469727 12.799999237060547
      vertex 2 13.550000190734863 12.5
      vertex 2 13.810842514038086 12.797432899475098
    endloop
  endfacet
  facet normal -1 0 0
    outer loop
      vertex 2 13.550000190734863 11.5
      vertex 2 13.73519515991211 11.2228364944458
      vertex 2 13.699999809265137 11.240192413330078
    endloop
  endfacet
  facet normal -1 0 0
    outer loop
      vertex 2 13.810842514038086 12.797432899475098
      vertex 2 13.550000190734863 12.5
      vertex 2 13.772354125976562 12.789776802062988
    endloop
  endfacet
  facet normal -1 0 0
    outer loop
      vertex 2 13.550000190734863 11.5
      vertex 2 13.699999809265137 11.240192413330078
      vertex 2 13.66737174987793 11.261994361877441
    endloop
  endfacet
  facet normal -1 0 0
    outer loop
      vertex 2 13.772354125976562 12.789776802062988
      vertex 2 13.550000190734863 12.5
      vertex 2 13.73519515991211 12.7771635055542
    endloop
  endfacet
  facet normal -1 0 0
    outer loop
      vertex 2 13.550000190734863 11.5
      vertex 2 13.66737174987793 11.261994361877441
      vertex 2 13.63786792755127 11.28786849975586
    endloop
  endfacet
  facet normal -1 0 0
    outer loop
      vertex 2 13.73519515991211 12.7771635055542
      vertex 2 13.550000190734863 12.5
      vertex 2 13.699999809265137 12.759807586669922
    endloop
  endfacet
  facet normal -1 0 0
    outer loop
      vertex 2 13.550000190734863 11.5
      vertex 2 13.63786792755127 11.28786849975586
      vertex 2 13.611993789672852 11.31737232208252
    endloop
  endfacet
  facet normal -1 0 0
    outer loop
      vertex 2 13.699999809265137 12.759807586669922
      vertex 2 13.550000190734863 12.5
      vertex 2 13.66737174987793 12.738005638122559
    endloop
  endfacet
  facet normal -1 0 0
    outer loop
      vertex 2 13.550000190734863 11.5
      vertex 2 13.611993789672852 11.31737232208252
      vertex 2 13.590192794799805 11.350000381469727
    endloop
  endfacet
  facet normal -1 0 0
    outer loop
      vertex 2 13.66737174987793 12.738005638122559
      vertex 2 13.550000190734863 12.5
      vertex 2 13.63786792755127 12.71213150024414
    endloop
  endfacet
  facet normal -1 0 0
    outer loop
      vertex 2 13.550000190734863 11.5
      vertex 2 13.590192794799805 11.350000381469727
      vertex 2 13.572835922241211 11.3851957321167
    endloop
  endfacet
  facet normal -1 0 0
    outer loop
      vertex 2 13.63786792755127 12.71213150024414
      vertex 2 13.550000190734863 12.5
      vertex 2 13.611993789672852 12.68262767791748
    endloop
  endfacet
  facet normal -1 0 0
    outer loop
      vertex 2 13.550000190734863 11.5
      vertex 2 13.572835922241211 11.3851957321167
      vertex 2 13.560222625732422 11.422354698181152
    endloop
  endfacet
  facet normal -1 0 0
    outer loop
      vertex 2 13.611993789672852 12.68262767791748
      vertex 2 13.550000190734863 12.5
      vertex 2 13.590192794799805 12.649999618530273
    endloop
  endfacet
  facet normal -1 0 0
    outer loop
      vertex 2 13.550000190734863 11.5
      vertex 2 13.560222625732422 11.422354698181152
      vertex 2 13.552566528320312 11.460843086242676
    endloop
  endfacet
  facet normal -1 0 0
    outer loop
      vertex 2 13.590192794799805 12.649999618530273
      vertex 2 13.550000190734863 12.5
      vertex 2 13.572835922241211 12.6148042678833
    endloop
  endfacet
  facet normal -1 0 0
    outer loop
      vertex 2 13.572835922241211 12.6148042678833
      vertex 2 13.550000190734863 12.5
      vertex 2 13.560222625732422 12.577645301818848
    endloop
  endfacet
  facet normal -1 0 0
    outer loop
      vertex 2 13.560222625732422 12.577645301818848
      vertex 2 13.550000190734863 12.5
      vertex 2 13.552566528320312 12.539156913757324
    endloop
  endfacet
  facet normal -1 0 0
    outer loop
      vertex 2 11.399999618530273 0.19999980926513672
      vertex 2 11.699999809265137 0
      vertex 2 11.399999618530273 0
    endloop
  endfacet
  facet normal -1 0 0
    outer loop
      vertex 2 11.699999809265137 0
      vertex 2 11.399999618530273 0.19999980926513672
      vertex 2 14.517810821533203 0.19999980926513672
    endloop
  endfacet
  facet normal 0 0.9469337965882391 0.32142866219269195
    outer loop
      vertex 22 15.739776611328125 12.577645301818848
      vertex 2 15.727163314819336 12.6148042678833
      vertex 22 15.727163314819336 12.6148042678833
    endloop
  endfacet
  facet normal 0 0.9469337965882391 0.32142866219269195
    outer loop
      vertex 2 15.727163314819336 12.6148042678833
      vertex 22 15.739776611328125 12.577645301818848
      vertex 2 15.739776611328125 12.577645301818848
    endloop
  endfacet
  facet normal 0 -0.9978591596229078 0.06539952260272401
    outer loop
      vertex 2 13.550000190734863 12.5
      vertex 22 13.552566528320312 12.539156913757324
      vertex 2 13.552566528320312 12.539156913757324
    endloop
  endfacet
  facet normal 0 -0.9978591596229078 0.06539952260272401
    outer loop
      vertex 22 13.552566528320312 12.539156913757324
      vertex 2 13.550000190734863 12.5
      vertex 22 13.550000190734863 12.5
    endloop
  endfacet
  facet normal 0 0.9978591596229078 -0.06539952260272401
    outer loop
      vertex 22 15.747432708740234 11.460843086242676
      vertex 2 15.749999046325684 11.5
      vertex 22 15.749999046325684 11.5
    endloop
  endfacet
  facet normal 0 0.9978591596229078 -0.06539952260272401
    outer loop
      vertex 2 15.749999046325684 11.5
      vertex 22 15.747432708740234 11.460843086242676
      vertex 2 15.747432708740234 11.460843086242676
    endloop
  endfacet
  facet normal 0 1 0
    outer loop
      vertex 22 15.749999046325684 11.5
      vertex 2 15.749999046325684 12.5
      vertex 22 15.749999046325684 12.5
    endloop
  endfacet
  facet normal 0 1 0
    outer loop
      vertex 2 15.749999046325684 12.5
      vertex 22 15.749999046325684 11.5
      vertex 2 15.749999046325684 11.5
    endloop
  endfacet
  facet normal 0 0.9469337965882391 -0.32142866219269195
    outer loop
      vertex 22 15.727163314819336 11.3851957321167
      vertex 2 15.739776611328125 11.422354698181152
      vertex 22 15.739776611328125 11.422354698181152
    endloop
  endfacet
  facet normal 0 0.9469337965882391 -0.32142866219269195
    outer loop
      vertex 2 15.739776611328125 11.422354698181152
      vertex 22 15.727163314819336 11.3851957321167
      vertex 2 15.727163314819336 11.3851957321167
    endloop
  endfacet
  facet normal 0 -0.06539793663553845 0.9978592635656665
    outer loop
      vertex 2 13.850000381469727 12.799999237060547
      vertex 22 13.810842514038086 12.797432899475098
      vertex 22 13.850000381469727 12.799999237060547
    endloop
  endfacet
  facet normal 0 -0.06539793663553845 0.9978592635656665
    outer loop
      vertex 22 13.810842514038086 12.797432899475098
      vertex 2 13.850000381469727 12.799999237060547
      vertex 2 13.810842514038086 12.797432899475098
    endloop
  endfacet
  facet normal 0 0 1
    outer loop
      vertex 2 14.517810821533203 12.799999237060547
      vertex 22 13.850000381469727 12.799999237060547
      vertex 22 14.517810821533203 12.799999237060547
    endloop
  endfacet
  facet normal 0 0 1
    outer loop
      vertex 22 13.850000381469727 12.799999237060547
      vertex 2 14.517810821533203 12.799999237060547
      vertex 2 13.850000381469727 12.799999237060547
    endloop
  endfacet
  facet normal 0 0 -1
    outer loop
      vertex 2 13.850000381469727 11.200000762939453
      vertex 22 14.5 11.200000762939453
      vertex 22 13.850000381469727 11.200000762939453
    endloop
  endfacet
  facet normal 0 0 -1
    outer loop
      vertex 22 14.5 11.200000762939453
      vertex 2 13.850000381469727 11.200000762939453
      vertex 2 14.5 11.200000762939453
    endloop
  endfacet
  facet normal 0 -0.9978591596229078 -0.06539952260272401
    outer loop
      vertex 2 13.552566528320312 11.460843086242676
      vertex 22 13.550000190734863 11.5
      vertex 2 13.550000190734863 11.5
    endloop
  endfacet
  facet normal 0 -0.9978591596229078 -0.06539952260272401
    outer loop
      vertex 22 13.550000190734863 11.5
      vertex 2 13.552566528320312 11.460843086242676
      vertex 22 13.552566528320312 11.460843086242676
    endloop
  endfacet
  facet normal 0 0.8968682294299621 0.4422978397405585
    outer loop
      vertex 22 15.727163314819336 12.6148042678833
      vertex 2 15.709806442260742 12.649999618530273
      vertex 22 15.709806442260742 12.649999618530273
    endloop
  endfacet
  facet normal 0 0.8968682294299621 0.4422978397405585
    outer loop
      vertex 2 15.709806442260742 12.649999618530273
      vertex 22 15.727163314819336 12.6148042678833
      vertex 2 15.727163314819336 12.6148042678833
    endloop
  endfacet
  facet normal 0 -0.7518400584894815 -0.6593455288773353
    outer loop
      vertex 2 13.63786792755127 11.28786849975586
      vertex 22 13.611993789672852 11.31737232208252
      vertex 2 13.611993789672852 11.31737232208252
    endloop
  endfacet
  facet normal 0 -0.7518400584894815 -0.6593455288773353
    outer loop
      vertex 22 13.611993789672852 11.31737232208252
      vertex 2 13.63786792755127 11.28786849975586
      vertex 22 13.63786792755127 11.28786849975586
    endloop
  endfacet
  facet normal 0 0 -1
    outer loop
      vertex 2 15.599998474121094 11.240192413330078
      vertex 22 15.59999942779541 11.240192413330078
      vertex 22 15.599998474121094 11.240192413330078
    endloop
  endfacet
  facet normal 0 0 -1
    outer loop
      vertex 22 15.59999942779541 11.240192413330078
      vertex 2 15.599998474121094 11.240192413330078
      vertex 2 15.59999942779541 11.240192413330078
    endloop
  endfacet
  facet normal 0 -0.5555803853827108 -0.8314628286207378
    outer loop
      vertex 2 13.66737174987793 11.261994361877441
      vertex 22 13.699999809265137 11.240192413330078
      vertex 22 13.66737174987793 11.261994361877441
    endloop
  endfacet
  facet normal 0 -0.5555803853827108 -0.8314628286207378
    outer loop
      vertex 22 13.699999809265137 11.240192413330078
      vertex 2 13.66737174987793 11.261994361877441
      vertex 2 13.699999809265137 11.240192413330078
    endloop
  endfacet
  facet normal 0 -0.5555803853827108 0.8314628286207378
    outer loop
      vertex 2 13.699999809265137 12.759807586669922
      vertex 22 13.66737174987793 12.738005638122559
      vertex 22 13.699999809265137 12.759807586669922
    endloop
  endfacet
  facet normal 0 -0.5555803853827108 0.8314628286207378
    outer loop
      vertex 22 13.66737174987793 12.738005638122559
      vertex 2 13.699999809265137 12.759807586669922
      vertex 2 13.66737174987793 12.738005638122559
    endloop
  endfacet
  facet normal 0 -0.44227829149831893 0.8968778695392857
    outer loop
      vertex 2 13.73519515991211 12.7771635055542
      vertex 22 13.699999809265137 12.759807586669922
      vertex 22 13.73519515991211 12.7771635055542
    endloop
  endfacet
  facet normal 0 -0.44227829149831893 0.8968778695392857
    outer loop
      vertex 22 13.699999809265137 12.759807586669922
      vertex 2 13.73519515991211 12.7771635055542
      vertex 2 13.699999809265137 12.759807586669922
    endloop
  endfacet
  facet normal 0 -0.8968682294299621 0.4422978397405585
    outer loop
      vertex 2 13.572835922241211 12.6148042678833
      vertex 22 13.590192794799805 12.649999618530273
      vertex 2 13.590192794799805 12.649999618530273
    endloop
  endfacet
  facet normal 0 -0.8968682294299621 0.4422978397405585
    outer loop
      vertex 22 13.590192794799805 12.649999618530273
      vertex 2 13.572835922241211 12.6148042678833
      vertex 22 13.572835922241211 12.6148042678833
    endloop
  endfacet
  facet normal 0 0.8314740550261387 -0.5555635839563187
    outer loop
      vertex 22 15.688005447387695 11.31737232208252
      vertex 2 15.709806442260742 11.350000381469727
      vertex 22 15.709806442260742 11.350000381469727
    endloop
  endfacet
  facet normal 0 0.8314740550261387 -0.5555635839563187
    outer loop
      vertex 2 15.709806442260742 11.350000381469727
      vertex 22 15.688005447387695 11.31737232208252
      vertex 2 15.688005447387695 11.31737232208252
    endloop
  endfacet
  facet normal 0 -0.8314740550261387 0.5555635839563187
    outer loop
      vertex 2 13.590192794799805 12.649999618530273
      vertex 22 13.611993789672852 12.68262767791748
      vertex 2 13.611993789672852 12.68262767791748
    endloop
  endfacet
  facet normal 0 -0.8314740550261387 0.5555635839563187
    outer loop
      vertex 22 13.611993789672852 12.68262767791748
      vertex 2 13.590192794799805 12.649999618530273
      vertex 22 13.590192794799805 12.649999618530273
    endloop
  endfacet
  facet normal 0 -0.19509721072675387 0.9807839101283424
    outer loop
      vertex 2 13.810842514038086 12.797432899475098
      vertex 22 13.772354125976562 12.789776802062988
      vertex 22 13.810842514038086 12.797432899475098
    endloop
  endfacet
  facet normal 0 -0.19509721072675387 0.9807839101283424
    outer loop
      vertex 22 13.772354125976562 12.789776802062988
      vertex 2 13.810842514038086 12.797432899475098
      vertex 2 13.772354125976562 12.789776802062988
    endloop
  endfacet
  facet normal 0 -1 0
    outer loop
      vertex 2 13.550000190734863 11.5
      vertex 22 13.550000190734863 12.5
      vertex 2 13.550000190734863 12.5
    endloop
  endfacet
  facet normal 0 -1 0
    outer loop
      vertex 22 13.550000190734863 12.5
      vertex 2 13.550000190734863 11.5
      vertex 22 13.550000190734863 11.5
    endloop
  endfacet
  facet normal 0 -0.7518400584894815 0.6593455288773353
    outer loop
      vertex 2 13.611993789672852 12.68262767791748
      vertex 22 13.63786792755127 12.71213150024414
      vertex 2 13.63786792755127 12.71213150024414
    endloop
  endfacet
  facet normal 0 -0.7518400584894815 0.6593455288773353
    outer loop
      vertex 22 13.63786792755127 12.71213150024414
      vertex 2 13.611993789672852 12.68262767791748
      vertex 22 13.611993789672852 12.68262767791748
    endloop
  endfacet
  facet normal 0 -0.8314740550261387 -0.5555635839563187
    outer loop
      vertex 2 13.611993789672852 11.31737232208252
      vertex 22 13.590192794799805 11.350000381469727
      vertex 2 13.590192794799805 11.350000381469727
    endloop
  endfacet
  facet normal 0 -0.8314740550261387 -0.5555635839563187
    outer loop
      vertex 22 13.590192794799805 11.350000381469727
      vertex 2 13.611993789672852 11.31737232208252
      vertex 22 13.611993789672852 11.31737232208252
    endloop
  endfacet
  facet normal 0 -0.19509721072675387 -0.9807839101283424
    outer loop
      vertex 2 13.772354125976562 11.210223197937012
      vertex 22 13.810842514038086 11.202567100524902
      vertex 22 13.772354125976562 11.210223197937012
    endloop
  endfacet
  facet normal 0 -0.19509721072675387 -0.9807839101283424
    outer loop
      vertex 22 13.810842514038086 11.202567100524902
      vertex 2 13.772354125976562 11.210223197937012
      vertex 2 13.810842514038086 11.202567100524902
    endloop
  endfacet
  facet normal 0 -0.32142866219269195 0.9469337965882391
    outer loop
      vertex 2 13.772354125976562 12.789776802062988
      vertex 22 13.73519515991211 12.7771635055542
      vertex 22 13.772354125976562 12.789776802062988
    endloop
  endfacet
  facet normal 0 -0.32142866219269195 0.9469337965882391
    outer loop
      vertex 22 13.73519515991211 12.7771635055542
      vertex 2 13.772354125976562 12.789776802062988
      vertex 2 13.73519515991211 12.7771635055542
    endloop
  endfacet
  facet normal 0 -0.06539793663553845 -0.9978592635656665
    outer loop
      vertex 2 13.810842514038086 11.202567100524902
      vertex 22 13.850000381469727 11.200000762939453
      vertex 22 13.810842514038086 11.202567100524902
    endloop
  endfacet
  facet normal 0 -0.06539793663553845 -0.9978592635656665
    outer loop
      vertex 22 13.850000381469727 11.200000762939453
      vertex 2 13.810842514038086 11.202567100524902
      vertex 2 13.850000381469727 11.200000762939453
    endloop
  endfacet
  facet normal 0 0.8968682294299621 -0.4422978397405585
    outer loop
      vertex 22 15.709806442260742 11.350000381469727
      vertex 2 15.727163314819336 11.3851957321167
      vertex 22 15.727163314819336 11.3851957321167
    endloop
  endfacet
  facet normal 0 0.8968682294299621 -0.4422978397405585
    outer loop
      vertex 2 15.727163314819336 11.3851957321167
      vertex 22 15.709806442260742 11.350000381469727
      vertex 2 15.709806442260742 11.350000381469727
    endloop
  endfacet
  facet normal 0 -0.6593455288773353 -0.7518400584894815
    outer loop
      vertex 2 13.63786792755127 11.28786849975586
      vertex 22 13.66737174987793 11.261994361877441
      vertex 22 13.63786792755127 11.28786849975586
    endloop
  endfacet
  facet normal 0 -0.6593455288773353 -0.7518400584894815
    outer loop
      vertex 22 13.66737174987793 11.261994361877441
      vertex 2 13.63786792755127 11.28786849975586
      vertex 2 13.66737174987793 11.261994361877441
    endloop
  endfacet
  facet normal 0 -0.9469337965882391 -0.32142866219269195
    outer loop
      vertex 2 13.572835922241211 11.3851957321167
      vertex 22 13.560222625732422 11.422354698181152
      vertex 2 13.560222625732422 11.422354698181152
    endloop
  endfacet
  facet normal 0 -0.9469337965882391 -0.32142866219269195
    outer loop
      vertex 22 13.560222625732422 11.422354698181152
      vertex 2 13.572835922241211 11.3851957321167
      vertex 22 13.572835922241211 11.3851957321167
    endloop
  endfacet
  facet normal 0 0.9978591596229078 0.06539952260272401
    outer loop
      vertex 22 15.749999046325684 12.5
      vertex 2 15.747432708740234 12.539156913757324
      vertex 22 15.747432708740234 12.539156913757324
    endloop
  endfacet
  facet normal 0 0.9978591596229078 0.06539952260272401
    outer loop
      vertex 2 15.747432708740234 12.539156913757324
      vertex 22 15.749999046325684 12.5
      vertex 2 15.749999046325684 12.5
    endloop
  endfacet
  facet normal 0 0.5555803853827108 -0.8314628286207378
    outer loop
      vertex 2 15.59999942779541 11.240192413330078
      vertex 22 15.632627487182617 11.261994361877441
      vertex 22 15.59999942779541 11.240192413330078
    endloop
  endfacet
  facet normal 0 0.5555803853827108 -0.8314628286207378
    outer loop
      vertex 22 15.632627487182617 11.261994361877441
      vertex 2 15.59999942779541 11.240192413330078
      vertex 2 15.632627487182617 11.261994361877441
    endloop
  endfacet
  facet normal 0 0.8314740550261387 0.5555635839563187
    outer loop
      vertex 22 15.709806442260742 12.649999618530273
      vertex 2 15.688005447387695 12.68262767791748
      vertex 22 15.688005447387695 12.68262767791748
    endloop
  endfacet
  facet normal 0 0.8314740550261387 0.5555635839563187
    outer loop
      vertex 2 15.688005447387695 12.68262767791748
      vertex 22 15.709806442260742 12.649999618530273
      vertex 2 15.709806442260742 12.649999618530273
    endloop
  endfacet
  facet normal 0 0.7518400584894815 -0.6593455288773353
    outer loop
      vertex 22 15.662131309509277 11.28786849975586
      vertex 2 15.688005447387695 11.31737232208252
      vertex 22 15.688005447387695 11.31737232208252
    endloop
  endfacet
  facet normal 0 0.7518400584894815 -0.6593455288773353
    outer loop
      vertex 2 15.688005447387695 11.31737232208252
      vertex 22 15.662131309509277 11.28786849975586
      vertex 2 15.662131309509277 11.28786849975586
    endloop
  endfacet
  facet normal 0 -0.6593455288773353 0.7518400584894815
    outer loop
      vertex 2 13.66737174987793 12.738005638122559
      vertex 22 13.63786792755127 12.71213150024414
      vertex 22 13.66737174987793 12.738005638122559
    endloop
  endfacet
  facet normal 0 -0.6593455288773353 0.7518400584894815
    outer loop
      vertex 22 13.63786792755127 12.71213150024414
      vertex 2 13.66737174987793 12.738005638122559
      vertex 2 13.63786792755127 12.71213150024414
    endloop
  endfacet
  facet normal 0 -0.8968682294299621 -0.4422978397405585
    outer loop
      vertex 2 13.590192794799805 11.350000381469727
      vertex 22 13.572835922241211 11.3851957321167
      vertex 2 13.572835922241211 11.3851957321167
    endloop
  endfacet
  facet normal 0 -0.8968682294299621 -0.4422978397405585
    outer loop
      vertex 22 13.572835922241211 11.3851957321167
      vertex 2 13.590192794799805 11.350000381469727
      vertex 22 13.590192794799805 11.350000381469727
    endloop
  endfacet
  facet normal 0 0.9807839101283424 -0.19509721072675387
    outer loop
      vertex 22 15.739776611328125 11.422354698181152
      vertex 2 15.747432708740234 11.460843086242676
      vertex 22 15.747432708740234 11.460843086242676
    endloop
  endfacet
  facet normal 0 0.9807839101283424 -0.19509721072675387
    outer loop
      vertex 2 15.747432708740234 11.460843086242676
      vertex 22 15.739776611328125 11.422354698181152
      vertex 2 15.739776611328125 11.422354698181152
    endloop
  endfacet
  facet normal 0 -0.32142866219269195 -0.9469337965882391
    outer loop
      vertex 2 13.73519515991211 11.2228364944458
      vertex 22 13.772354125976562 11.210223197937012
      vertex 22 13.73519515991211 11.2228364944458
    endloop
  endfacet
  facet normal 0 -0.32142866219269195 -0.9469337965882391
    outer loop
      vertex 22 13.772354125976562 11.210223197937012
      vertex 2 13.73519515991211 11.2228364944458
      vertex 2 13.772354125976562 11.210223197937012
    endloop
  endfacet
  facet normal 0 -0.9807839101283424 -0.19509721072675387
    outer loop
      vertex 2 13.560222625732422 11.422354698181152
      vertex 22 13.552566528320312 11.460843086242676
      vertex 2 13.552566528320312 11.460843086242676
    endloop
  endfacet
  facet normal 0 -0.9807839101283424 -0.19509721072675387
    outer loop
      vertex 22 13.552566528320312 11.460843086242676
      vertex 2 13.560222625732422 11.422354698181152
      vertex 22 13.560222625732422 11.422354698181152
    endloop
  endfacet
  facet normal 0 0.7518400584894815 0.6593455288773353
    outer loop
      vertex 22 15.688005447387695 12.68262767791748
      vertex 2 15.662131309509277 12.71213150024414
      vertex 22 15.662131309509277 12.71213150024414
    endloop
  endfacet
  facet normal 0 0.7518400584894815 0.6593455288773353
    outer loop
      vertex 2 15.662131309509277 12.71213150024414
      vertex 22 15.688005447387695 12.68262767791748
      vertex 2 15.688005447387695 12.68262767791748
    endloop
  endfacet
  facet normal 0 0.6593455288773353 0.7518400584894815
    outer loop
      vertex 2 15.662131309509277 12.71213150024414
      vertex 22 15.632627487182617 12.738005638122559
      vertex 22 15.662131309509277 12.71213150024414
    endloop
  endfacet
  facet normal 0 0.6593455288773353 0.7518400584894815
    outer loop
      vertex 22 15.632627487182617 12.738005638122559
      vertex 2 15.662131309509277 12.71213150024414
      vertex 2 15.632627487182617 12.738005638122559
    endloop
  endfacet
  facet normal 0 0.4422606494305079 0.8968865691743328
    outer loop
      vertex 2 15.59999942779541 12.759807586669922
      vertex 22 15.592597961425781 12.763457298278809
      vertex 22 15.59999942779541 12.759807586669922
    endloop
  endfacet
  facet normal 0 0.4422606494305079 0.8968865691743328
    outer loop
      vertex 22 15.592597961425781 12.763457298278809
      vertex 2 15.59999942779541 12.759807586669922
      vertex 2 15.592597961425781 12.763457298278809
    endloop
  endfacet
  facet normal 0 -0.44227829149831893 -0.8968778695392857
    outer loop
      vertex 2 13.699999809265137 11.240192413330078
      vertex 22 13.73519515991211 11.2228364944458
      vertex 22 13.699999809265137 11.240192413330078
    endloop
  endfacet
  facet normal 0 -0.44227829149831893 -0.8968778695392857
    outer loop
      vertex 22 13.73519515991211 11.2228364944458
      vertex 2 13.699999809265137 11.240192413330078
      vertex 2 13.73519515991211 11.2228364944458
    endloop
  endfacet
  facet normal 0 -0.9469337965882391 0.32142866219269195
    outer loop
      vertex 2 13.560222625732422 12.577645301818848
      vertex 22 13.572835922241211 12.6148042678833
      vertex 2 13.572835922241211 12.6148042678833
    endloop
  endfacet
  facet normal 0 -0.9469337965882391 0.32142866219269195
    outer loop
      vertex 22 13.572835922241211 12.6148042678833
      vertex 2 13.560222625732422 12.577645301818848
      vertex 22 13.560222625732422 12.577645301818848
    endloop
  endfacet
  facet normal 0 -0.9807839101283424 0.19509721072675387
    outer loop
      vertex 2 13.552566528320312 12.539156913757324
      vertex 22 13.560222625732422 12.577645301818848
      vertex 2 13.560222625732422 12.577645301818848
    endloop
  endfacet
  facet normal 0 -0.9807839101283424 0.19509721072675387
    outer loop
      vertex 22 13.560222625732422 12.577645301818848
      vertex 2 13.552566528320312 12.539156913757324
      vertex 22 13.552566528320312 12.539156913757324
    endloop
  endfacet
  facet normal 0 0.5555803853827108 0.8314628286207378
    outer loop
      vertex 2 15.632627487182617 12.738005638122559
      vertex 22 15.59999942779541 12.759807586669922
      vertex 22 15.632627487182617 12.738005638122559
    endloop
  endfacet
  facet normal 0 0.5555803853827108 0.8314628286207378
    outer loop
      vertex 22 15.59999942779541 12.759807586669922
      vertex 2 15.632627487182617 12.738005638122559
      vertex 2 15.59999942779541 12.759807586669922
    endloop
  endfacet
  facet normal 0 0.9807839101283424 0.19509721072675387
    outer loop
      vertex 22 15.747432708740234 12.539156913757324
      vertex 2 15.739776611328125 12.577645301818848
      vertex 22 15.739776611328125 12.577645301818848
    endloop
  endfacet
  facet normal 0 0.9807839101283424 0.19509721072675387
    outer loop
      vertex 2 15.739776611328125 12.577645301818848
      vertex 22 15.747432708740234 12.539156913757324
      vertex 2 15.747432708740234 12.539156913757324
    endloop
  endfacet
  facet normal 0 0.6593455288773353 -0.7518400584894815
    outer loop
      vertex 2 15.632627487182617 11.261994361877441
      vertex 22 15.662131309509277 11.28786849975586
      vertex 22 15.632627487182617 11.261994361877441
    endloop
  endfacet
  facet normal 0 0.6593455288773353 -0.7518400584894815
    outer loop
      vertex 22 15.662131309509277 11.28786849975586
      vertex 2 15.632627487182617 11.261994361877441
      vertex 2 15.662131309509277 11.28786849975586
    endloop
  endfacet
  facet normal 0 0 1
    outer loop
      vertex 2 15.899999618530273 0.19999980926513672
      vertex 22 15.58218765258789 0.19999980926513672
      vertex 22 15.899999618530273 0.19999980926513672
    endloop
  endfacet
  facet normal 0 0 1
    outer loop
      vertex 22 15.58218765258789 0.19999980926513672
      vertex 2 15.899999618530273 0.19999980926513672
      vertex 2 15.58218765258789 0.19999980926513672
    endloop
  endfacet
  facet normal 0 0 1
    outer loop
      vertex 2 14.517810821533203 0.19999980926513672
      vertex 22 11.399999618530273 0.19999980926513672
      vertex 22 14.517810821533203 0.19999980926513672
    endloop
  endfacet
  facet normal 0 0 1
    outer loop
      vertex 22 11.399999618530273 0.19999980926513672
      vertex 2 14.517810821533203 0.19999980926513672
      vertex 2 11.399999618530273 0.19999980926513672
    endloop
  endfacet
  facet normal 0 0 -1
    outer loop
      vertex 2 11.446742057800293 -3
      vertex 22 15.899999618530273 -3
      vertex 22 11.446742057800293 -3
    endloop
  endfacet
  facet normal 0 0 -1
    outer loop
      vertex 22 15.899999618530273 -3
      vertex 2 11.446742057800293 -3
      vertex 2 15.899999618530273 -3
    endloop
  endfacet
  facet normal 0 1 0
    outer loop
      vertex 22 15.899999618530273 -3
      vertex 2 15.899999618530273 0.19999980926513672
      vertex 22 15.899999618530273 0.19999980926513672
    endloop
  endfacet
  facet normal 0 1 0
    outer loop
      vertex 2 15.899999618530273 0.19999980926513672
      vertex 22 15.899999618530273 -3
      vertex 2 15.899999618530273 -3
    endloop
  endfacet
  facet normal 0 -1 0
    outer loop
      vertex 2 11.399999618530273 0
      vertex 22 11.399999618530273 0.19999980926513672
      vertex 2 11.399999618530273 0.19999980926513672
    endloop
  endfacet
  facet normal 0 -1 0
    outer loop
      vertex 22 11.399999618530273 0.19999980926513672
      vertex 2 11.399999618530273 0
      vertex 22 11.399999618530273 0
    endloop
  endfacet
  facet normal -1 0 0
    outer loop
      vertex 5.09999942779541 8.474873542785645 -5.656853675842285
      vertex 5.09999942779541 10.529999732971191 -6.1720051765441895
      vertex 5.09999942779541 10.406159400939941 -6.470810890197754
    endloop
  endfacet
  facet normal -1 0 0
    outer loop
      vertex 5.09999942779541 8.474873542785645 -5.656853675842285
      vertex 5.09999942779541 10.406159400939941 -6.470810890197754
      vertex 5.09999942779541 10.030508041381836 -7.212489128112793
    endloop
  endfacet
  facet normal -1 0 0
    outer loop
      vertex 5.09999942779541 7.94449520111084 -6.651756286621094
      vertex 5.09999942779541 10.030508041381836 -7.212489128112793
      vertex 5.09999942779541 9.61604118347168 -7.884706497192383
    endloop
  endfacet
  facet normal -1 0 0
    outer loop
      vertex 5.09999942779541 7.649888038635254 -7.0553693771362305
      vertex 5.09999942779541 9.61604118347168 -7.884706497192383
      vertex 5.09999942779541 9.166749954223633 -8.480989456176758
    endloop
  endfacet
  facet normal -1 0 0
    outer loop
      vertex 5.09999942779541 10.030508041381836 -7.212489128112793
      vertex 5.09999942779541 8.220376014709473 -6.184082984924316
      vertex 5.09999942779541 8.474873542785645 -5.656853675842285
    endloop
  endfacet
  facet normal -1 0 0
    outer loop
      vertex 5.09999942779541 10.529999732971191 -5
      vertex 5.09999942779541 8.705535888671875 -5.075145721435547
      vertex 5.09999942779541 8.729918479919434 -5
    endloop
  endfacet
  facet normal -1 0 0
    outer loop
      vertex 5.09999942779541 7.339391708374023 -7.391036033630371
      vertex 5.09999942779541 9.166749954223633 -8.480989456176758
      vertex 5.09999942779541 8.68696117401123 -8.995596885681152
    endloop
  endfacet
  facet normal -1 0 0
    outer loop
      vertex 5.09999942779541 10.529999732971191 -6.1720051765441895
      vertex 5.09999942779541 8.705535888671875 -5.075145721435547
      vertex 5.09999942779541 10.529999732971191 -5
    endloop
  endfacet
  facet normal -1 0 0
    outer loop
      vertex 5.09999942779541 10.529999732971191 -6.1720051765441895
      vertex 5.09999942779541 8.474873542785645 -5.656853675842285
      vertex 5.09999942779541 8.705535888671875 -5.075145721435547
    endloop
  endfacet
  facet normal -1 0 0
    outer loop
      vertex 5.09999942779541 7.015995979309082 -7.655522346496582
      vertex 5.09999942779541 8.68696117401123 -8.995596885681152
      vertex 5.09999942779541 8.181295394897461 -9.42357063293457
    endloop
  endfacet
  facet normal -1 0 0
    outer loop
      vertex 5.09999942779541 10.030508041381836 -7.212489128112793
      vertex 5.09999942779541 7.94449520111084 -6.651756286621094
      vertex 5.09999942779541 8.220376014709473 -6.184082984924316
    endloop
  endfacet
  facet normal -1 0 0
    outer loop
      vertex 5.09999942779541 6.6828155517578125 -7.846282005310059
      vertex 5.09999942779541 8.181295394897461 -9.42357063293457
      vertex 5.09999942779541 7.6546220779418945 -9.760790824890137
    endloop
  endfacet
  facet normal -1 0 0
    outer loop
      vertex 5.09999942779541 9.61604118347168 -7.884706497192383
      vertex 5.09999942779541 7.649888038635254 -7.0553693771362305
      vertex 5.09999942779541 7.94449520111084 -6.651756286621094
    endloop
  endfacet
  facet normal -1 0 0
    outer loop
      vertex 5.09999942779541 9.166749954223633 -8.480989456176758
      vertex 5.09999942779541 7.339391708374023 -7.391036033630371
      vertex 5.09999942779541 7.649888038635254 -7.0553693771362305
    endloop
  endfacet
  facet normal -1 0 0
    outer loop
      vertex 5.09999942779541 6.6828155517578125 -7.846282005310059
      vertex 5.09999942779541 7.6546220779418945 -9.760790824890137
      vertex 5.09999942779541 7.1120147705078125 -10.004009246826172
    endloop
  endfacet
  facet normal -1 0 0
    outer loop
      vertex 5.09999942779541 8.68696117401123 -8.995596885681152
      vertex 5.09999942779541 7.015995979309082 -7.655522346496582
      vertex 5.09999942779541 7.339391708374023 -7.391036033630371
    endloop
  endfacet
  facet normal -1 0 0
    outer loop
      vertex 5.09999942779541 8.181295394897461 -9.42357063293457
      vertex 5.09999942779541 6.6828155517578125 -7.846282005310059
      vertex 5.09999942779541 7.015995979309082 -7.655522346496582
    endloop
  endfacet
  facet normal -1 0 0
    outer loop
      vertex 5.09999942779541 6.343059539794922 -7.961477279663086
      vertex 5.09999942779541 7.1120147705078125 -10.004009246826172
      vertex 5.09999942779541 6.558697700500488 -10.150883674621582
    endloop
  endfacet
  facet normal -1 0 0
    outer loop
      vertex 5.09999942779541 7.1120147705078125 -10.004009246826172
      vertex 5.09999942779541 6.343059539794922 -7.961477279663086
      vertex 5.09999942779541 6.6828155517578125 -7.846282005310059
    endloop
  endfacet
  facet normal -1 0 0
    outer loop
      vertex 5.09999942779541 6 -8
      vertex 5.09999942779541 6.558697700500488 -10.150883674621582
      vertex 5.09999942779541 6 -10.199999809265137
    endloop
  endfacet
  facet normal -1 0 0
    outer loop
      vertex 5.09999942779541 6.558697700500488 -10.150883674621582
      vertex 5.09999942779541 6 -8
      vertex 5.09999942779541 6.343059539794922 -7.961477279663086
    endloop
  endfacet
  facet normal -1 0 0
    outer loop
      vertex 5.09999942779541 6 -10.199999809265137
      vertex 5.09999942779541 4 -9.299999237060547
      vertex 5.09999942779541 6 -8
    endloop
  endfacet
  facet normal -1 0 0
    outer loop
      vertex 5.09999942779541 6 -10.199999809265137
      vertex 5.09999942779541 -4 -9.299999237060547
      vertex 5.09999942779541 4 -9.299999237060547
    endloop
  endfacet
  facet normal -1 0 0
    outer loop
      vertex 5.09999942779541 -6 -10.199999809265137
      vertex 5.09999942779541 -4 -9.299999237060547
      vertex 5.09999942779541 6 -10.199999809265137
    endloop
  endfacet
  facet normal -1 0 0
    outer loop
      vertex 5.09999942779541 -6 -8
      vertex 5.09999942779541 -4 -9.299999237060547
      vertex 5.09999942779541 -6 -10.199999809265137
    endloop
  endfacet
  facet normal -1 0 0
    outer loop
      vertex 5.09999942779541 -4 -9.299999237060547
      vertex 5.09999942779541 -6 -8
      vertex 5.09999942779541 -4 -8
    endloop
  endfacet
  facet normal -1 0 0
    outer loop
      vertex 5.09999942779541 -6.558697700500488 -10.150883674621582
      vertex 5.09999942779541 -6 -8
      vertex 5.09999942779541 -6 -10.199999809265137
    endloop
  endfacet
  facet normal -1 0 0
    outer loop
      vertex 5.09999942779541 -6 -8
      vertex 5.09999942779541 -6.558697700500488 -10.150883674621582
      vertex 5.09999942779541 -6.343059539794922 -7.961477279663086
    endloop
  endfacet
  facet normal -1 0 0
    outer loop
      vertex 5.09999942779541 -7.1120147705078125 -10.004009246826172
      vertex 5.09999942779541 -6.343059539794922 -7.961477279663086
      vertex 5.09999942779541 -6.558697700500488 -10.150883674621582
    endloop
  endfacet
  facet normal -1 0 0
    outer loop
      vertex 5.09999942779541 -6.343059539794922 -7.961477279663086
      vertex 5.09999942779541 -7.1120147705078125 -10.004009246826172
      vertex 5.09999942779541 -6.6828155517578125 -7.846282005310059
    endloop
  endfacet
  facet normal -1 0 0
    outer loop
      vertex 5.09999942779541 -7.6546220779418945 -9.760790824890137
      vertex 5.09999942779541 -6.6828155517578125 -7.846282005310059
      vertex 5.09999942779541 -7.1120147705078125 -10.004009246826172
    endloop
  endfacet
  facet normal -1 0 0
    outer loop
      vertex 5.09999942779541 -8.181295394897461 -9.42357063293457
      vertex 5.09999942779541 -6.6828155517578125 -7.846282005310059
      vertex 5.09999942779541 -7.6546220779418945 -9.760790824890137
    endloop
  endfacet
  facet normal -1 0 0
    outer loop
      vertex 5.09999942779541 -6.6828155517578125 -7.846282005310059
      vertex 5.09999942779541 -8.181295394897461 -9.42357063293457
      vertex 5.09999942779541 -7.015995979309082 -7.655522346496582
    endloop
  endfacet
  facet normal -1 0 0
    outer loop
      vertex 5.09999942779541 -8.68696117401123 -8.995596885681152
      vertex 5.09999942779541 -7.015995979309082 -7.655522346496582
      vertex 5.09999942779541 -8.181295394897461 -9.42357063293457
    endloop
  endfacet
  facet normal -1 0 0
    outer loop
      vertex 5.09999942779541 -7.015995979309082 -7.655522346496582
      vertex 5.09999942779541 -8.68696117401123 -8.995596885681152
      vertex 5.09999942779541 -7.339391708374023 -7.391036033630371
    endloop
  endfacet
  facet normal -1 0 0
    outer loop
      vertex 5.09999942779541 -9.166749954223633 -8.480989456176758
      vertex 5.09999942779541 -7.339391708374023 -7.391036033630371
      vertex 5.09999942779541 -8.68696117401123 -8.995596885681152
    endloop
  endfacet
  facet normal -1 0 0
    outer loop
      vertex 5.09999942779541 -7.339391708374023 -7.391036033630371
      vertex 5.09999942779541 -9.166749954223633 -8.480989456176758
      vertex 5.09999942779541 -7.649888038635254 -7.0553693771362305
    endloop
  endfacet
  facet normal -1 0 0
    outer loop
      vertex 5.09999942779541 -9.61604118347168 -7.884706497192383
      vertex 5.09999942779541 -7.649888038635254 -7.0553693771362305
      vertex 5.09999942779541 -9.166749954223633 -8.480989456176758
    endloop
  endfacet
  facet normal -1 0 0
    outer loop
      vertex 5.09999942779541 -7.649888038635254 -7.0553693771362305
      vertex 5.09999942779541 -9.61604118347168 -7.884706497192383
      vertex 5.09999942779541 -7.94449520111084 -6.651756286621094
    endloop
  endfacet
  facet normal -1 0 0
    outer loop
      vertex 5.09999942779541 -10.030508041381836 -7.212489128112793
      vertex 5.09999942779541 -7.94449520111084 -6.651756286621094
      vertex 5.09999942779541 -9.61604118347168 -7.884706497192383
    endloop
  endfacet
  facet normal -1 0 0
    outer loop
      vertex 5.09999942779541 -7.94449520111084 -6.651756286621094
      vertex 5.09999942779541 -10.030508041381836 -7.212489128112793
      vertex 5.09999942779541 -8.220376014709473 -6.184082984924316
    endloop
  endfacet
  facet normal -1 0 0
    outer loop
      vertex 5.09999942779541 -8.220376014709473 -6.184082984924316
      vertex 5.09999942779541 -10.030508041381836 -7.212489128112793
      vertex 5.09999942779541 -8.474873542785645 -5.656853675842285
    endloop
  endfacet
  facet normal -1 0 0
    outer loop
      vertex 5.09999942779541 -10.406159400939941 -6.470810890197754
      vertex 5.09999942779541 -8.474873542785645 -5.656853675842285
      vertex 5.09999942779541 -10.030508041381836 -7.212489128112793
    endloop
  endfacet
  facet normal -1 0 0
    outer loop
      vertex 5.09999942779541 -10.529999732971191 -6.1720051765441895
      vertex 5.09999942779541 -8.474873542785645 -5.656853675842285
      vertex 5.09999942779541 -10.406159400939941 -6.470810890197754
    endloop
  endfacet
  facet normal -1 0 0
    outer loop
      vertex 5.09999942779541 -8.474873542785645 -5.656853675842285
      vertex 5.09999942779541 -10.529999732971191 -6.1720051765441895
      vertex 5.09999942779541 -8.705535888671875 -5.075145721435547
    endloop
  endfacet
  facet normal -1 0 0
    outer loop
      vertex 5.09999942779541 -10.529999732971191 -5
      vertex 5.09999942779541 -8.705535888671875 -5.075145721435547
      vertex 5.09999942779541 -10.529999732971191 -6.1720051765441895
    endloop
  endfacet
  facet normal -1 0 0
    outer loop
      vertex 5.09999942779541 -8.705535888671875 -5.075145721435547
      vertex 5.09999942779541 -10.529999732971191 -5
      vertex 5.09999942779541 -8.729918479919434 -5
    endloop
  endfacet
  facet normal -1 0 0
    outer loop
      vertex 5.09999942779541 6 -8
      vertex 5.09999942779541 4 -9.299999237060547
      vertex 5.09999942779541 4 -8
    endloop
  endfacet
  facet normal 0 0 -1
    outer loop
      vertex 1.8999996185302734 8.729918479919434 -5
      vertex 5.09999942779541 10.529999732971191 -5
      vertex 5.09999942779541 8.729918479919434 -5
    endloop
  endfacet
  facet normal 0 0 -1
    outer loop
      vertex 5.09999942779541 10.529999732971191 -5
      vertex 1.8999996185302734 8.729918479919434 -5
      vertex 1.8999996185302734 10.529999732971191 -5
    endloop
  endfacet
  facet normal 0 0 -1
    outer loop
      vertex 1.8999996185302734 -10.529999732971191 -5
      vertex 5.09999942779541 -8.729918479919434 -5
      vertex 5.09999942779541 -10.529999732971191 -5
    endloop
  endfacet
  facet normal 0 0 -1
    outer loop
      vertex 5.09999942779541 -8.729918479919434 -5
      vertex 1.8999996185302734 -10.529999732971191 -5
      vertex 1.8999996185302734 -8.729918479919434 -5
    endloop
  endfacet
  facet normal 1 0 0
    outer loop
      vertex 1.8999996185302734 -1.0999994277954102 -8
      vertex 1.8999996185302734 -6 -8
      vertex 1.8999996185302734 -1.0999994277954102 -9.199999809265137
    endloop
  endfacet
  facet normal 1 0 0
    outer loop
      vertex 1.8999996185302734 8.705535888671875 -5.075145721435547
      vertex 1.8999996185302734 10.529999732971191 -6.1720051765441895
      vertex 1.8999996185302734 10.529999732971191 -5
    endloop
  endfacet
  facet normal 1 0 0
    outer loop
      vertex 1.8999996185302734 8.474873542785645 -5.656853675842285
      vertex 1.8999996185302734 10.529999732971191 -6.1720051765441895
      vertex 1.8999996185302734 8.705535888671875 -5.075145721435547
    endloop
  endfacet
  facet normal 1 0 0
    outer loop
      vertex 1.8999996185302734 10.406159400939941 -6.470810890197754
      vertex 1.8999996185302734 8.474873542785645 -5.656853675842285
      vertex 1.8999996185302734 10.030508041381836 -7.212489128112793
    endloop
  endfacet
  facet normal 1 0 0
    outer loop
      vertex 1.8999996185302734 8.220376014709473 -6.184082984924316
      vertex 1.8999996185302734 10.030508041381836 -7.212489128112793
      vertex 1.8999996185302734 8.474873542785645 -5.656853675842285
    endloop
  endfacet
  facet normal 1 0 0
    outer loop
      vertex 1.8999996185302734 8.705535888671875 -5.075145721435547
      vertex 1.8999996185302734 10.529999732971191 -5
      vertex 1.8999996185302734 8.729918479919434 -5
    endloop
  endfacet
  facet normal 1 0 0
    outer loop
      vertex 1.8999996185302734 10.529999732971191 -6.1720051765441895
      vertex 1.8999996185302734 8.474873542785645 -5.656853675842285
      vertex 1.8999996185302734 10.406159400939941 -6.470810890197754
    endloop
  endfacet
  facet normal 1 0 0
    outer loop
      vertex 1.8999996185302734 7.94449520111084 -6.651756286621094
      vertex 1.8999996185302734 10.030508041381836 -7.212489128112793
      vertex 1.8999996185302734 8.220376014709473 -6.184082984924316
    endloop
  endfacet
  facet normal 1 0 0
    outer loop
      vertex 1.8999996185302734 10.030508041381836 -7.212489128112793
      vertex 1.8999996185302734 7.94449520111084 -6.651756286621094
      vertex 1.8999996185302734 9.61604118347168 -7.884706497192383
    endloop
  endfacet
  facet normal 1 0 0
    outer loop
      vertex 1.8999996185302734 7.649888038635254 -7.0553693771362305
      vertex 1.8999996185302734 9.61604118347168 -7.884706497192383
      vertex 1.8999996185302734 7.94449520111084 -6.651756286621094
    endloop
  endfacet
  facet normal 1 0 0
    outer loop
      vertex 1.8999996185302734 9.61604118347168 -7.884706497192383
      vertex 1.8999996185302734 7.649888038635254 -7.0553693771362305
      vertex 1.8999996185302734 9.166749954223633 -8.480989456176758
    endloop
  endfacet
  facet normal 1 0 0
    outer loop
      vertex 1.8999996185302734 7.339391708374023 -7.391036033630371
      vertex 1.8999996185302734 9.166749954223633 -8.480989456176758
      vertex 1.8999996185302734 7.649888038635254 -7.0553693771362305
    endloop
  endfacet
  facet normal 1 0 0
    outer loop
      vertex 1.8999996185302734 9.166749954223633 -8.480989456176758
      vertex 1.8999996185302734 7.339391708374023 -7.391036033630371
      vertex 1.8999996185302734 8.68696117401123 -8.995596885681152
    endloop
  endfacet
  facet normal 1 0 0
    outer loop
      vertex 1.8999996185302734 7.015995979309082 -7.655522346496582
      vertex 1.8999996185302734 8.68696117401123 -8.995596885681152
      vertex 1.8999996185302734 7.339391708374023 -7.391036033630371
    endloop
  endfacet
  facet normal 1 0 0
    outer loop
      vertex 1.8999996185302734 8.68696117401123 -8.995596885681152
      vertex 1.8999996185302734 7.015995979309082 -7.655522346496582
      vertex 1.8999996185302734 8.181295394897461 -9.42357063293457
    endloop
  endfacet
  facet normal 1 0 0
    outer loop
      vertex 1.8999996185302734 6.6828155517578125 -7.846282005310059
      vertex 1.8999996185302734 8.181295394897461 -9.42357063293457
      vertex 1.8999996185302734 7.015995979309082 -7.655522346496582
    endloop
  endfacet
  facet normal 1 0 0
    outer loop
      vertex 1.8999996185302734 8.181295394897461 -9.42357063293457
      vertex 1.8999996185302734 6.6828155517578125 -7.846282005310059
      vertex 1.8999996185302734 7.6546220779418945 -9.760790824890137
    endloop
  endfacet
  facet normal 1 0 0
    outer loop
      vertex 1.8999996185302734 7.6546220779418945 -9.760790824890137
      vertex 1.8999996185302734 6.6828155517578125 -7.846282005310059
      vertex 1.8999996185302734 7.1120147705078125 -10.004009246826172
    endloop
  endfacet
  facet normal 1 0 0
    outer loop
      vertex 1.8999996185302734 6.343059539794922 -7.961477279663086
      vertex 1.8999996185302734 7.1120147705078125 -10.004009246826172
      vertex 1.8999996185302734 6.6828155517578125 -7.846282005310059
    endloop
  endfacet
  facet normal 1 0 0
    outer loop
      vertex 1.8999996185302734 7.1120147705078125 -10.004009246826172
      vertex 1.8999996185302734 6.343059539794922 -7.961477279663086
      vertex 1.8999996185302734 6.558697700500488 -10.150883674621582
    endloop
  endfacet
  facet normal 1 0 0
    outer loop
      vertex 1.8999996185302734 6 -8
      vertex 1.8999996185302734 6.558697700500488 -10.150883674621582
      vertex 1.8999996185302734 6.343059539794922 -7.961477279663086
    endloop
  endfacet
  facet normal 1 0 0
    outer loop
      vertex 1.8999996185302734 6 -8
      vertex 1.8999996185302734 6 -10.199999809265137
      vertex 1.8999996185302734 6.558697700500488 -10.150883674621582
    endloop
  endfacet
  facet normal 1 0 0
    outer loop
      vertex 1.8999996185302734 1.0999994277954102 -9.199999809265137
      vertex 1.8999996185302734 6 -8
      vertex 1.8999996185302734 1.0999994277954102 -8
    endloop
  endfacet
  facet normal 1 0 0
    outer loop
      vertex 1.8999996185302734 6 -8
      vertex 1.8999996185302734 1.0999994277954102 -9.199999809265137
      vertex 1.8999996185302734 6 -10.199999809265137
    endloop
  endfacet
  facet normal 1 0 0
    outer loop
      vertex 1.8999996185302734 -1.0999994277954102 -9.199999809265137
      vertex 1.8999996185302734 6 -10.199999809265137
      vertex 1.8999996185302734 1.0999994277954102 -9.199999809265137
    endloop
  endfacet
  facet normal 1 0 0
    outer loop
      vertex 1.8999996185302734 -1.0999994277954102 -9.199999809265137
      vertex 1.8999996185302734 -6 -10.199999809265137
      vertex 1.8999996185302734 6 -10.199999809265137
    endloop
  endfacet
  facet normal 1 0 0
    outer loop
      vertex 1.8999996185302734 -6 -8
      vertex 1.8999996185302734 -6 -10.199999809265137
      vertex 1.8999996185302734 -1.0999994277954102 -9.199999809265137
    endloop
  endfacet
  facet normal 1 0 0
    outer loop
      vertex 1.8999996185302734 -6.558697700500488 -10.150883674621582
      vertex 1.8999996185302734 -6 -8
      vertex 1.8999996185302734 -6.343059539794922 -7.961477279663086
    endloop
  endfacet
  facet normal 1 0 0
    outer loop
      vertex 1.8999996185302734 -6 -8
      vertex 1.8999996185302734 -6.558697700500488 -10.150883674621582
      vertex 1.8999996185302734 -6 -10.199999809265137
    endloop
  endfacet
  facet normal 1 0 0
    outer loop
      vertex 1.8999996185302734 -7.1120147705078125 -10.004009246826172
      vertex 1.8999996185302734 -6.343059539794922 -7.961477279663086
      vertex 1.8999996185302734 -6.6828155517578125 -7.846282005310059
    endloop
  endfacet
  facet normal 1 0 0
    outer loop
      vertex 1.8999996185302734 -8.181295394897461 -9.42357063293457
      vertex 1.8999996185302734 -6.6828155517578125 -7.846282005310059
      vertex 1.8999996185302734 -7.015995979309082 -7.655522346496582
    endloop
  endfacet
  facet normal 1 0 0
    outer loop
      vertex 1.8999996185302734 -6.343059539794922 -7.961477279663086
      vertex 1.8999996185302734 -7.1120147705078125 -10.004009246826172
      vertex 1.8999996185302734 -6.558697700500488 -10.150883674621582
    endloop
  endfacet
  facet normal 1 0 0
    outer loop
      vertex 1.8999996185302734 -8.68696117401123 -8.995596885681152
      vertex 1.8999996185302734 -7.015995979309082 -7.655522346496582
      vertex 1.8999996185302734 -7.339391708374023 -7.391036033630371
    endloop
  endfacet
  facet normal 1 0 0
    outer loop
      vertex 1.8999996185302734 -9.166749954223633 -8.480989456176758
      vertex 1.8999996185302734 -7.339391708374023 -7.391036033630371
      vertex 1.8999996185302734 -7.649888038635254 -7.0553693771362305
    endloop
  endfacet
  facet normal 1 0 0
    outer loop
      vertex 1.8999996185302734 -6.6828155517578125 -7.846282005310059
      vertex 1.8999996185302734 -7.6546220779418945 -9.760790824890137
      vertex 1.8999996185302734 -7.1120147705078125 -10.004009246826172
    endloop
  endfacet
  facet normal 1 0 0
    outer loop
      vertex 1.8999996185302734 -9.61604118347168 -7.884706497192383
      vertex 1.8999996185302734 -7.649888038635254 -7.0553693771362305
      vertex 1.8999996185302734 -7.94449520111084 -6.651756286621094
    endloop
  endfacet
  facet normal 1 0 0
    outer loop
      vertex 1.8999996185302734 -6.6828155517578125 -7.846282005310059
      vertex 1.8999996185302734 -8.181295394897461 -9.42357063293457
      vertex 1.8999996185302734 -7.6546220779418945 -9.760790824890137
    endloop
  endfacet
  facet normal 1 0 0
    outer loop
      vertex 1.8999996185302734 -10.030508041381836 -7.212489128112793
      vertex 1.8999996185302734 -7.94449520111084 -6.651756286621094
      vertex 1.8999996185302734 -8.220376014709473 -6.184082984924316
    endloop
  endfacet
  facet normal 1 0 0
    outer loop
      vertex 1.8999996185302734 -10.030508041381836 -7.212489128112793
      vertex 1.8999996185302734 -8.220376014709473 -6.184082984924316
      vertex 1.8999996185302734 -8.474873542785645 -5.656853675842285
    endloop
  endfacet
  facet normal 1 0 0
    outer loop
      vertex 1.8999996185302734 -7.015995979309082 -7.655522346496582
      vertex 1.8999996185302734 -8.68696117401123 -8.995596885681152
      vertex 1.8999996185302734 -8.181295394897461 -9.42357063293457
    endloop
  endfacet
  facet normal 1 0 0
    outer loop
      vertex 1.8999996185302734 -10.529999732971191 -6.1720051765441895
      vertex 1.8999996185302734 -8.474873542785645 -5.656853675842285
      vertex 1.8999996185302734 -8.705535888671875 -5.075145721435547
    endloop
  endfacet
  facet normal 1 0 0
    outer loop
      vertex 1.8999996185302734 -10.529999732971191 -5
      vertex 1.8999996185302734 -8.705535888671875 -5.075145721435547
      vertex 1.8999996185302734 -8.729918479919434 -5
    endloop
  endfacet
  facet normal 1 0 0
    outer loop
      vertex 1.8999996185302734 -7.339391708374023 -7.391036033630371
      vertex 1.8999996185302734 -9.166749954223633 -8.480989456176758
      vertex 1.8999996185302734 -8.68696117401123 -8.995596885681152
    endloop
  endfacet
  facet normal 1 0 0
    outer loop
      vertex 1.8999996185302734 -7.649888038635254 -7.0553693771362305
      vertex 1.8999996185302734 -9.61604118347168 -7.884706497192383
      vertex 1.8999996185302734 -9.166749954223633 -8.480989456176758
    endloop
  endfacet
  facet normal 1 0 0
    outer loop
      vertex 1.8999996185302734 -7.94449520111084 -6.651756286621094
      vertex 1.8999996185302734 -10.030508041381836 -7.212489128112793
      vertex 1.8999996185302734 -9.61604118347168 -7.884706497192383
    endloop
  endfacet
  facet normal 1 0 0
    outer loop
      vertex 1.8999996185302734 -8.474873542785645 -5.656853675842285
      vertex 1.8999996185302734 -10.406159400939941 -6.470810890197754
      vertex 1.8999996185302734 -10.030508041381836 -7.212489128112793
    endloop
  endfacet
  facet normal 1 0 0
    outer loop
      vertex 1.8999996185302734 -8.705535888671875 -5.075145721435547
      vertex 1.8999996185302734 -10.529999732971191 -5
      vertex 1.8999996185302734 -10.529999732971191 -6.1720051765441895
    endloop
  endfacet
  facet normal 1 0 0
    outer loop
      vertex 1.8999996185302734 -8.474873542785645 -5.656853675842285
      vertex 1.8999996185302734 -10.529999732971191 -6.1720051765441895
      vertex 1.8999996185302734 -10.406159400939941 -6.470810890197754
    endloop
  endfacet
  facet normal 0 -1 0
    outer loop
      vertex 1.8999996185302734 10.529999732971191 -6.1720051765441895
      vertex 5.09999942779541 10.529999732971191 -5
      vertex 1.8999996185302734 10.529999732971191 -5
    endloop
  endfacet
  facet normal 0 -1 0
    outer loop
      vertex 5.09999942779541 10.529999732971191 -5
      vertex 1.8999996185302734 10.529999732971191 -6.1720051765441895
      vertex 5.09999942779541 10.529999732971191 -6.1720051765441895
    endloop
  endfacet
  facet normal 0 1 0
    outer loop
      vertex 5.09999942779541 -10.529999732971191 -6.1720051765441895
      vertex 1.8999996185302734 -10.529999732971191 -5
      vertex 5.09999942779541 -10.529999732971191 -5
    endloop
  endfacet
  facet normal 0 1 0
    outer loop
      vertex 1.8999996185302734 -10.529999732971191 -5
      vertex 5.09999942779541 -10.529999732971191 -6.1720051765441895
      vertex 1.8999996185302734 -10.529999732971191 -6.1720051765441895
    endloop
  endfacet
  facet normal -1 0 0
    outer loop
      vertex 22.099998474121094 8.474873542785645 -5.656853675842285
      vertex 22.099998474121094 10.529999732971191 -6.1720051765441895
      vertex 22.099998474121094 10.406159400939941 -6.470810890197754
    endloop
  endfacet
  facet normal -1 0 0
    outer loop
      vertex 22.099998474121094 8.474873542785645 -5.656853675842285
      vertex 22.099998474121094 10.406159400939941 -6.470810890197754
      vertex 22.099998474121094 10.030508041381836 -7.212489128112793
    endloop
  endfacet
  facet normal -1 0 0
    outer loop
      vertex 22.099998474121094 7.94449520111084 -6.651756286621094
      vertex 22.099998474121094 10.030508041381836 -7.212489128112793
      vertex 22.099998474121094 9.61604118347168 -7.884706497192383
    endloop
  endfacet
  facet normal -1 0 0
    outer loop
      vertex 22.099998474121094 7.649888038635254 -7.0553693771362305
      vertex 22.099998474121094 9.61604118347168 -7.884706497192383
      vertex 22.099998474121094 9.166749954223633 -8.480989456176758
    endloop
  endfacet
  facet normal -1 0 0
    outer loop
      vertex 22.099998474121094 10.030508041381836 -7.212489128112793
      vertex 22.099998474121094 8.220376014709473 -6.184082984924316
      vertex 22.099998474121094 8.474873542785645 -5.656853675842285
    endloop
  endfacet
  facet normal -1 0 0
    outer loop
      vertex 22.099998474121094 10.529999732971191 -5
      vertex 22.099998474121094 8.705535888671875 -5.075145721435547
      vertex 22.099998474121094 8.729918479919434 -5
    endloop
  endfacet
  facet normal -1 0 0
    outer loop
      vertex 22.099998474121094 7.339391708374023 -7.391036033630371
      vertex 22.099998474121094 9.166749954223633 -8.480989456176758
      vertex 22.099998474121094 8.68696117401123 -8.995596885681152
    endloop
  endfacet
  facet normal -1 0 0
    outer loop
      vertex 22.099998474121094 10.529999732971191 -6.1720051765441895
      vertex 22.099998474121094 8.705535888671875 -5.075145721435547
      vertex 22.099998474121094 10.529999732971191 -5
    endloop
  endfacet
  facet normal -1 0 0
    outer loop
      vertex 22.099998474121094 10.529999732971191 -6.1720051765441895
      vertex 22.099998474121094 8.474873542785645 -5.656853675842285
      vertex 22.099998474121094 8.705535888671875 -5.075145721435547
    endloop
  endfacet
  facet normal -1 0 0
    outer loop
      vertex 22.099998474121094 7.015995979309082 -7.655522346496582
      vertex 22.099998474121094 8.68696117401123 -8.995596885681152
      vertex 22.099998474121094 8.181295394897461 -9.42357063293457
    endloop
  endfacet
  facet normal -1 0 0
    outer loop
      vertex 22.099998474121094 10.030508041381836 -7.212489128112793
      vertex 22.099998474121094 7.94449520111084 -6.651756286621094
      vertex 22.099998474121094 8.220376014709473 -6.184082984924316
    endloop
  endfacet
  facet normal -1 0 0
    outer loop
      vertex 22.099998474121094 6.6828155517578125 -7.846282005310059
      vertex 22.099998474121094 8.181295394897461 -9.42357063293457
      vertex 22.099998474121094 7.6546220779418945 -9.760790824890137
    endloop
  endfacet
  facet normal -1 0 0
    outer loop
      vertex 22.099998474121094 9.61604118347168 -7.884706497192383
      vertex 22.099998474121094 7.649888038635254 -7.0553693771362305
      vertex 22.099998474121094 7.94449520111084 -6.651756286621094
    endloop
  endfacet
  facet normal -1 0 0
    outer loop
      vertex 22.099998474121094 9.166749954223633 -8.480989456176758
      vertex 22.099998474121094 7.339391708374023 -7.391036033630371
      vertex 22.099998474121094 7.649888038635254 -7.0553693771362305
    endloop
  endfacet
  facet normal -1 0 0
    outer loop
      vertex 22.099998474121094 6.6828155517578125 -7.846282005310059
      vertex 22.099998474121094 7.6546220779418945 -9.760790824890137
      vertex 22.099998474121094 7.1120147705078125 -10.004009246826172
    endloop
  endfacet
  facet normal -1 0 0
    outer loop
      vertex 22.099998474121094 8.68696117401123 -8.995596885681152
      vertex 22.099998474121094 7.015995979309082 -7.655522346496582
      vertex 22.099998474121094 7.339391708374023 -7.391036033630371
    endloop
  endfacet
  facet normal -1 0 0
    outer loop
      vertex 22.099998474121094 8.181295394897461 -9.42357063293457
      vertex 22.099998474121094 6.6828155517578125 -7.846282005310059
      vertex 22.099998474121094 7.015995979309082 -7.655522346496582
    endloop
  endfacet
  facet normal -1 0 0
    outer loop
      vertex 22.099998474121094 6.343059539794922 -7.961477279663086
      vertex 22.099998474121094 7.1120147705078125 -10.004009246826172
      vertex 22.099998474121094 6.558697700500488 -10.150883674621582
    endloop
  endfacet
  facet normal -1 0 0
    outer loop
      vertex 22.099998474121094 7.1120147705078125 -10.004009246826172
      vertex 22.099998474121094 6.343059539794922 -7.961477279663086
      vertex 22.099998474121094 6.6828155517578125 -7.846282005310059
    endloop
  endfacet
  facet normal -1 0 0
    outer loop
      vertex 22.099998474121094 6 -8
      vertex 22.099998474121094 6.558697700500488 -10.150883674621582
      vertex 22.099998474121094 6 -10.199999809265137
    endloop
  endfacet
  facet normal -1 0 0
    outer loop
      vertex 22.099998474121094 6.558697700500488 -10.150883674621582
      vertex 22.099998474121094 6 -8
      vertex 22.099998474121094 6.343059539794922 -7.961477279663086
    endloop
  endfacet
  facet normal -1 0 0
    outer loop
      vertex 22.099998474121094 -6 -10.199999809265137
      vertex 22.099998474121094 6 -8
      vertex 22.099998474121094 6 -10.199999809265137
    endloop
  endfacet
  facet normal -1 0 0
    outer loop
      vertex 22.099998474121094 -6 -10.199999809265137
      vertex 22.099998474121094 -6 -8
      vertex 22.099998474121094 6 -8
    endloop
  endfacet
  facet normal -1 0 0
    outer loop
      vertex 22.099998474121094 -6.558697700500488 -10.150883674621582
      vertex 22.099998474121094 -6 -8
      vertex 22.099998474121094 -6 -10.199999809265137
    endloop
  endfacet
  facet normal -1 0 0
    outer loop
      vertex 22.099998474121094 -6 -8
      vertex 22.099998474121094 -6.558697700500488 -10.150883674621582
      vertex 22.099998474121094 -6.343059539794922 -7.961477279663086
    endloop
  endfacet
  facet normal -1 0 0
    outer loop
      vertex 22.099998474121094 -7.1120147705078125 -10.004009246826172
      vertex 22.099998474121094 -6.343059539794922 -7.961477279663086
      vertex 22.099998474121094 -6.558697700500488 -10.150883674621582
    endloop
  endfacet
  facet normal -1 0 0
    outer loop
      vertex 22.099998474121094 -6.343059539794922 -7.961477279663086
      vertex 22.099998474121094 -7.1120147705078125 -10.004009246826172
      vertex 22.099998474121094 -6.6828155517578125 -7.846282005310059
    endloop
  endfacet
  facet normal -1 0 0
    outer loop
      vertex 22.099998474121094 -7.6546220779418945 -9.760790824890137
      vertex 22.099998474121094 -6.6828155517578125 -7.846282005310059
      vertex 22.099998474121094 -7.1120147705078125 -10.004009246826172
    endloop
  endfacet
  facet normal -1 0 0
    outer loop
      vertex 22.099998474121094 -8.181295394897461 -9.42357063293457
      vertex 22.099998474121094 -6.6828155517578125 -7.846282005310059
      vertex 22.099998474121094 -7.6546220779418945 -9.760790824890137
    endloop
  endfacet
  facet normal -1 0 0
    outer loop
      vertex 22.099998474121094 -6.6828155517578125 -7.846282005310059
      vertex 22.099998474121094 -8.181295394897461 -9.42357063293457
      vertex 22.099998474121094 -7.015995979309082 -7.655522346496582
    endloop
  endfacet
  facet normal -1 0 0
    outer loop
      vertex 22.099998474121094 -8.68696117401123 -8.995596885681152
      vertex 22.099998474121094 -7.015995979309082 -7.655522346496582
      vertex 22.099998474121094 -8.181295394897461 -9.42357063293457
    endloop
  endfacet
  facet normal -1 0 0
    outer loop
      vertex 22.099998474121094 -7.015995979309082 -7.655522346496582
      vertex 22.099998474121094 -8.68696117401123 -8.995596885681152
      vertex 22.099998474121094 -7.339391708374023 -7.391036033630371
    endloop
  endfacet
  facet normal -1 0 0
    outer loop
      vertex 22.099998474121094 -9.166749954223633 -8.480989456176758
      vertex 22.099998474121094 -7.339391708374023 -7.391036033630371
      vertex 22.099998474121094 -8.68696117401123 -8.995596885681152
    endloop
  endfacet
  facet normal -1 0 0
    outer loop
      vertex 22.099998474121094 -7.339391708374023 -7.391036033630371
      vertex 22.099998474121094 -9.166749954223633 -8.480989456176758
      vertex 22.099998474121094 -7.649888038635254 -7.0553693771362305
    endloop
  endfacet
  facet normal -1 0 0
    outer loop
      vertex 22.099998474121094 -9.61604118347168 -7.884706497192383
      vertex 22.099998474121094 -7.649888038635254 -7.0553693771362305
      vertex 22.099998474121094 -9.166749954223633 -8.480989456176758
    endloop
  endfacet
  facet normal -1 0 0
    outer loop
      vertex 22.099998474121094 -7.649888038635254 -7.0553693771362305
      vertex 22.099998474121094 -9.61604118347168 -7.884706497192383
      vertex 22.099998474121094 -7.94449520111084 -6.651756286621094
    endloop
  endfacet
  facet normal -1 0 0
    outer loop
      vertex 22.099998474121094 -10.030508041381836 -7.212489128112793
      vertex 22.099998474121094 -7.94449520111084 -6.651756286621094
      vertex 22.099998474121094 -9.61604118347168 -7.884706497192383
    endloop
  endfacet
  facet normal -1 0 0
    outer loop
      vertex 22.099998474121094 -7.94449520111084 -6.651756286621094
      vertex 22.099998474121094 -10.030508041381836 -7.212489128112793
      vertex 22.099998474121094 -8.220376014709473 -6.184082984924316
    endloop
  endfacet
  facet normal -1 0 0
    outer loop
      vertex 22.099998474121094 -8.220376014709473 -6.184082984924316
      vertex 22.099998474121094 -10.030508041381836 -7.212489128112793
      vertex 22.099998474121094 -8.474873542785645 -5.656853675842285
    endloop
  endfacet
  facet normal -1 0 0
    outer loop
      vertex 22.099998474121094 -10.406159400939941 -6.470810890197754
      vertex 22.099998474121094 -8.474873542785645 -5.656853675842285
      vertex 22.099998474121094 -10.030508041381836 -7.212489128112793
    endloop
  endfacet
  facet normal -1 0 0
    outer loop
      vertex 22.099998474121094 -10.529999732971191 -6.1720051765441895
      vertex 22.099998474121094 -8.474873542785645 -5.656853675842285
      vertex 22.099998474121094 -10.406159400939941 -6.470810890197754
    endloop
  endfacet
  facet normal -1 0 0
    outer loop
      vertex 22.099998474121094 -8.474873542785645 -5.656853675842285
      vertex 22.099998474121094 -10.529999732971191 -6.1720051765441895
      vertex 22.099998474121094 -8.705535888671875 -5.075145721435547
    endloop
  endfacet
  facet normal -1 0 0
    outer loop
      vertex 22.099998474121094 -10.529999732971191 -5
      vertex 22.099998474121094 -8.705535888671875 -5.075145721435547
      vertex 22.099998474121094 -10.529999732971191 -6.1720051765441895
    endloop
  endfacet
  facet normal -1 0 0
    outer loop
      vertex 22.099998474121094 -8.705535888671875 -5.075145721435547
      vertex 22.099998474121094 -10.529999732971191 -5
      vertex 22.099998474121094 -8.729918479919434 -5
    endloop
  endfacet
  facet normal 0 0 -1
    outer loop
      vertex 18.899999618530273 8.729918479919434 -5
      vertex 22.099998474121094 10.529999732971191 -5
      vertex 22.099998474121094 8.729918479919434 -5
    endloop
  endfacet
  facet normal 0 0 -1
    outer loop
      vertex 22.099998474121094 10.529999732971191 -5
      vertex 18.899999618530273 8.729918479919434 -5
      vertex 18.899999618530273 10.529999732971191 -5
    endloop
  endfacet
  facet normal 0 0 -1
    outer loop
      vertex 18.899999618530273 -10.529999732971191 -5
      vertex 22.099998474121094 -8.729918479919434 -5
      vertex 22.099998474121094 -10.529999732971191 -5
    endloop
  endfacet
  facet normal 0 0 -1
    outer loop
      vertex 22.099998474121094 -8.729918479919434 -5
      vertex 18.899999618530273 -10.529999732971191 -5
      vertex 18.899999618530273 -8.729918479919434 -5
    endloop
  endfacet
  facet normal 1 0 0
    outer loop
      vertex 18.899999618530273 -4 -8
      vertex 18.899999618530273 -6 -8
      vertex 18.899999618530273 -4 -9.299999237060547
    endloop
  endfacet
  facet normal 1 0 0
    outer loop
      vertex 18.899999618530273 8.705535888671875 -5.075145721435547
      vertex 18.899999618530273 10.529999732971191 -6.1720051765441895
      vertex 18.899999618530273 10.529999732971191 -5
    endloop
  endfacet
  facet normal 1 0 0
    outer loop
      vertex 18.899999618530273 8.474873542785645 -5.656853675842285
      vertex 18.899999618530273 10.529999732971191 -6.1720051765441895
      vertex 18.899999618530273 8.705535888671875 -5.075145721435547
    endloop
  endfacet
  facet normal 1 0 0
    outer loop
      vertex 18.899999618530273 10.406159400939941 -6.470810890197754
      vertex 18.899999618530273 8.474873542785645 -5.656853675842285
      vertex 18.899999618530273 10.030508041381836 -7.212489128112793
    endloop
  endfacet
  facet normal 1 0 0
    outer loop
      vertex 18.899999618530273 8.220376014709473 -6.184082984924316
      vertex 18.899999618530273 10.030508041381836 -7.212489128112793
      vertex 18.899999618530273 8.474873542785645 -5.656853675842285
    endloop
  endfacet
  facet normal 1 0 0
    outer loop
      vertex 18.899999618530273 8.705535888671875 -5.075145721435547
      vertex 18.899999618530273 10.529999732971191 -5
      vertex 18.899999618530273 8.729918479919434 -5
    endloop
  endfacet
  facet normal 1 0 0
    outer loop
      vertex 18.899999618530273 10.529999732971191 -6.1720051765441895
      vertex 18.899999618530273 8.474873542785645 -5.656853675842285
      vertex 18.899999618530273 10.406159400939941 -6.470810890197754
    endloop
  endfacet
  facet normal 1 0 0
    outer loop
      vertex 18.899999618530273 7.94449520111084 -6.651756286621094
      vertex 18.899999618530273 10.030508041381836 -7.212489128112793
      vertex 18.899999618530273 8.220376014709473 -6.184082984924316
    endloop
  endfacet
  facet normal 1 0 0
    outer loop
      vertex 18.899999618530273 10.030508041381836 -7.212489128112793
      vertex 18.899999618530273 7.94449520111084 -6.651756286621094
      vertex 18.899999618530273 9.61604118347168 -7.884706497192383
    endloop
  endfacet
  facet normal 1 0 0
    outer loop
      vertex 18.899999618530273 7.649888038635254 -7.0553693771362305
      vertex 18.899999618530273 9.61604118347168 -7.884706497192383
      vertex 18.899999618530273 7.94449520111084 -6.651756286621094
    endloop
  endfacet
  facet normal 1 0 0
    outer loop
      vertex 18.899999618530273 9.61604118347168 -7.884706497192383
      vertex 18.899999618530273 7.649888038635254 -7.0553693771362305
      vertex 18.899999618530273 9.166749954223633 -8.480989456176758
    endloop
  endfacet
  facet normal 1 0 0
    outer loop
      vertex 18.899999618530273 7.339391708374023 -7.391036033630371
      vertex 18.899999618530273 9.166749954223633 -8.480989456176758
      vertex 18.899999618530273 7.649888038635254 -7.0553693771362305
    endloop
  endfacet
  facet normal 1 0 0
    outer loop
      vertex 18.899999618530273 9.166749954223633 -8.480989456176758
      vertex 18.899999618530273 7.339391708374023 -7.391036033630371
      vertex 18.899999618530273 8.68696117401123 -8.995596885681152
    endloop
  endfacet
  facet normal 1 0 0
    outer loop
      vertex 18.899999618530273 7.015995979309082 -7.655522346496582
      vertex 18.899999618530273 8.68696117401123 -8.995596885681152
      vertex 18.899999618530273 7.339391708374023 -7.391036033630371
    endloop
  endfacet
  facet normal 1 0 0
    outer loop
      vertex 18.899999618530273 8.68696117401123 -8.995596885681152
      vertex 18.899999618530273 7.015995979309082 -7.655522346496582
      vertex 18.899999618530273 8.181295394897461 -9.42357063293457
    endloop
  endfacet
  facet normal 1 0 0
    outer loop
      vertex 18.899999618530273 6.6828155517578125 -7.846282005310059
      vertex 18.899999618530273 8.181295394897461 -9.42357063293457
      vertex 18.899999618530273 7.015995979309082 -7.655522346496582
    endloop
  endfacet
  facet normal 1 0 0
    outer loop
      vertex 18.899999618530273 8.181295394897461 -9.42357063293457
      vertex 18.899999618530273 6.6828155517578125 -7.846282005310059
      vertex 18.899999618530273 7.6546220779418945 -9.760790824890137
    endloop
  endfacet
  facet normal 1 0 0
    outer loop
      vertex 18.899999618530273 7.6546220779418945 -9.760790824890137
      vertex 18.899999618530273 6.6828155517578125 -7.846282005310059
      vertex 18.899999618530273 7.1120147705078125 -10.004009246826172
    endloop
  endfacet
  facet normal 1 0 0
    outer loop
      vertex 18.899999618530273 6.343059539794922 -7.961477279663086
      vertex 18.899999618530273 7.1120147705078125 -10.004009246826172
      vertex 18.899999618530273 6.6828155517578125 -7.846282005310059
    endloop
  endfacet
  facet normal 1 0 0
    outer loop
      vertex 18.899999618530273 7.1120147705078125 -10.004009246826172
      vertex 18.899999618530273 6.343059539794922 -7.961477279663086
      vertex 18.899999618530273 6.558697700500488 -10.150883674621582
    endloop
  endfacet
  facet normal 1 0 0
    outer loop
      vertex 18.899999618530273 6 -8
      vertex 18.899999618530273 6.558697700500488 -10.150883674621582
      vertex 18.899999618530273 6.343059539794922 -7.961477279663086
    endloop
  endfacet
  facet normal 1 0 0
    outer loop
      vertex 18.899999618530273 6 -8
      vertex 18.899999618530273 6 -10.199999809265137
      vertex 18.899999618530273 6.558697700500488 -10.150883674621582
    endloop
  endfacet
  facet normal 1 0 0
    outer loop
      vertex 18.899999618530273 4 -9.299999237060547
      vertex 18.899999618530273 6 -8
      vertex 18.899999618530273 4 -8
    endloop
  endfacet
  facet normal 1 0 0
    outer loop
      vertex 18.899999618530273 6 -8
      vertex 18.899999618530273 4 -9.299999237060547
      vertex 18.899999618530273 6 -10.199999809265137
    endloop
  endfacet
  facet normal 1 0 0
    outer loop
      vertex 18.899999618530273 -4 -9.299999237060547
      vertex 18.899999618530273 6 -10.199999809265137
      vertex 18.899999618530273 4 -9.299999237060547
    endloop
  endfacet
  facet normal 1 0 0
    outer loop
      vertex 18.899999618530273 -4 -9.299999237060547
      vertex 18.899999618530273 -6 -10.199999809265137
      vertex 18.899999618530273 6 -10.199999809265137
    endloop
  endfacet
  facet normal 1 0 0
    outer loop
      vertex 18.899999618530273 -6 -8
      vertex 18.899999618530273 -6 -10.199999809265137
      vertex 18.899999618530273 -4 -9.299999237060547
    endloop
  endfacet
  facet normal 1 0 0
    outer loop
      vertex 18.899999618530273 -6.558697700500488 -10.150883674621582
      vertex 18.899999618530273 -6 -8
      vertex 18.899999618530273 -6.343059539794922 -7.961477279663086
    endloop
  endfacet
  facet normal 1 0 0
    outer loop
      vertex 18.899999618530273 -6 -8
      vertex 18.899999618530273 -6.558697700500488 -10.150883674621582
      vertex 18.899999618530273 -6 -10.199999809265137
    endloop
  endfacet
  facet normal 1 0 0
    outer loop
      vertex 18.899999618530273 -7.1120147705078125 -10.004009246826172
      vertex 18.899999618530273 -6.343059539794922 -7.961477279663086
      vertex 18.899999618530273 -6.6828155517578125 -7.846282005310059
    endloop
  endfacet
  facet normal 1 0 0
    outer loop
      vertex 18.899999618530273 -8.181295394897461 -9.42357063293457
      vertex 18.899999618530273 -6.6828155517578125 -7.846282005310059
      vertex 18.899999618530273 -7.015995979309082 -7.655522346496582
    endloop
  endfacet
  facet normal 1 0 0
    outer loop
      vertex 18.899999618530273 -6.343059539794922 -7.961477279663086
      vertex 18.899999618530273 -7.1120147705078125 -10.004009246826172
      vertex 18.899999618530273 -6.558697700500488 -10.150883674621582
    endloop
  endfacet
  facet normal 1 0 0
    outer loop
      vertex 18.899999618530273 -8.68696117401123 -8.995596885681152
      vertex 18.899999618530273 -7.015995979309082 -7.655522346496582
      vertex 18.899999618530273 -7.339391708374023 -7.391036033630371
    endloop
  endfacet
  facet normal 1 0 0
    outer loop
      vertex 18.899999618530273 -9.166749954223633 -8.480989456176758
      vertex 18.899999618530273 -7.339391708374023 -7.391036033630371
      vertex 18.899999618530273 -7.649888038635254 -7.0553693771362305
    endloop
  endfacet
  facet normal 1 0 0
    outer loop
      vertex 18.899999618530273 -6.6828155517578125 -7.846282005310059
      vertex 18.899999618530273 -7.6546220779418945 -9.760790824890137
      vertex 18.899999618530273 -7.1120147705078125 -10.004009246826172
    endloop
  endfacet
  facet normal 1 0 0
    outer loop
      vertex 18.899999618530273 -9.61604118347168 -7.884706497192383
      vertex 18.899999618530273 -7.649888038635254 -7.0553693771362305
      vertex 18.899999618530273 -7.94449520111084 -6.651756286621094
    endloop
  endfacet
  facet normal 1 0 0
    outer loop
      vertex 18.899999618530273 -6.6828155517578125 -7.846282005310059
      vertex 18.899999618530273 -8.181295394897461 -9.42357063293457
      vertex 18.899999618530273 -7.6546220779418945 -9.760790824890137
    endloop
  endfacet
  facet normal 1 0 0
    outer loop
      vertex 18.899999618530273 -10.030508041381836 -7.212489128112793
      vertex 18.899999618530273 -7.94449520111084 -6.651756286621094
      vertex 18.899999618530273 -8.220376014709473 -6.184082984924316
    endloop
  endfacet
  facet normal 1 0 0
    outer loop
      vertex 18.899999618530273 -10.030508041381836 -7.212489128112793
      vertex 18.899999618530273 -8.220376014709473 -6.184082984924316
      vertex 18.899999618530273 -8.474873542785645 -5.656853675842285
    endloop
  endfacet
  facet normal 1 0 0
    outer loop
      vertex 18.899999618530273 -7.015995979309082 -7.655522346496582
      vertex 18.899999618530273 -8.68696117401123 -8.995596885681152
      vertex 18.899999618530273 -8.181295394897461 -9.42357063293457
    endloop
  endfacet
  facet normal 1 0 0
    outer loop
      vertex 18.899999618530273 -10.529999732971191 -6.1720051765441895
      vertex 18.899999618530273 -8.474873542785645 -5.656853675842285
      vertex 18.899999618530273 -8.705535888671875 -5.075145721435547
    endloop
  endfacet
  facet normal 1 0 0
    outer loop
      vertex 18.899999618530273 -10.529999732971191 -5
      vertex 18.899999618530273 -8.705535888671875 -5.075145721435547
      vertex 18.899999618530273 -8.729918479919434 -5
    endloop
  endfacet
  facet normal 1 0 0
    outer loop
      vertex 18.899999618530273 -7.339391708374023 -7.391036033630371
      vertex 18.899999618530273 -9.166749954223633 -8.480989456176758
      vertex 18.899999618530273 -8.68696117401123 -8.995596885681152
    endloop
  endfacet
  facet normal 1 0 0
    outer loop
      vertex 18.899999618530273 -7.649888038635254 -7.0553693771362305
      vertex 18.899999618530273 -9.61604118347168 -7.884706497192383
      vertex 18.899999618530273 -9.166749954223633 -8.480989456176758
    endloop
  endfacet
  facet normal 1 0 0
    outer loop
      vertex 18.899999618530273 -7.94449520111084 -6.651756286621094
      vertex 18.899999618530273 -10.030508041381836 -7.212489128112793
      vertex 18.899999618530273 -9.61604118347168 -7.884706497192383
    endloop
  endfacet
  facet normal 1 0 0
    outer loop
      vertex 18.899999618530273 -8.474873542785645 -5.656853675842285
      vertex 18.899999618530273 -10.406159400939941 -6.470810890197754
      vertex 18.899999618530273 -10.030508041381836 -7.212489128112793
    endloop
  endfacet
  facet normal 1 0 0
    outer loop
      vertex 18.899999618530273 -8.705535888671875 -5.075145721435547
      vertex 18.899999618530273 -10.529999732971191 -5
      vertex 18.899999618530273 -10.529999732971191 -6.1720051765441895
    endloop
  endfacet
  facet normal 1 0 0
    outer loop
      vertex 18.899999618530273 -8.474873542785645 -5.656853675842285
      vertex 18.899999618530273 -10.529999732971191 -6.1720051765441895
      vertex 18.899999618530273 -10.406159400939941 -6.470810890197754
    endloop
  endfacet
  facet normal 0 -1 0
    outer loop
      vertex 18.899999618530273 10.529999732971191 -6.1720051765441895
      vertex 22.099998474121094 10.529999732971191 -5
      vertex 18.899999618530273 10.529999732971191 -5
    endloop
  endfacet
  facet normal 0 -1 0
    outer loop
      vertex 22.099998474121094 10.529999732971191 -5
      vertex 18.899999618530273 10.529999732971191 -6.1720051765441895
      vertex 22.099998474121094 10.529999732971191 -6.1720051765441895
    endloop
  endfacet
  facet normal 0 1 0
    outer loop
      vertex 22.099998474121094 -10.529999732971191 -6.1720051765441895
      vertex 18.899999618530273 -10.529999732971191 -5
      vertex 22.099998474121094 -10.529999732971191 -5
    endloop
  endfacet
  facet normal 0 1 0
    outer loop
      vertex 18.899999618530273 -10.529999732971191 -5
      vertex 22.099998474121094 -10.529999732971191 -6.1720051765441895
      vertex 18.899999618530273 -10.529999732971191 -6.1720051765441895
    endloop
  endfacet
  facet normal 0 0 1
    outer loop
      vertex 5.09999942779541 4 -9.299999237060547
      vertex 18.899999618530273 -4 -9.299999237060547
      vertex 18.899999618530273 4 -9.299999237060547
    endloop
  endfacet
  facet normal 0 0 1
    outer loop
      vertex 18.899999618530273 -4 -9.299999237060547
      vertex 5.09999942779541 4 -9.299999237060547
      vertex 5.09999942779541 -4 -9.299999237060547
    endloop
  endfacet
  facet normal 0 -1 0
    outer loop
      vertex 5.09999942779541 4 -9.299999237060547
      vertex 18.899999618530273 4 -8
      vertex 5.09999942779541 4 -8
    endloop
  endfacet
  facet normal 0 -1 0
    outer loop
      vertex 18.899999618530273 4 -8
      vertex 5.09999942779541 4 -9.299999237060547
      vertex 18.899999618530273 4 -9.299999237060547
    endloop
  endfacet
  facet normal 0 1 0
    outer loop
      vertex 18.899999618530273 -4 -9.299999237060547
      vertex 5.09999942779541 -4 -8
      vertex 18.899999618530273 -4 -8
    endloop
  endfacet
  facet normal 0 1 0
    outer loop
      vertex 5.09999942779541 -4 -8
      vertex 18.899999618530273 -4 -9.299999237060547
      vertex 5.09999942779541 -4 -9.299999237060547
    endloop
  endfacet
  facet normal 0 0 1
    outer loop
      vertex 0 1.0999994277954102 -9.199999809265137
      vertex 1.8999996185302734 -1.0999994277954102 -9.199999809265137
      vertex 1.8999996185302734 1.0999994277954102 -9.199999809265137
    endloop
  endfacet
  facet normal 0 0 1
    outer loop
      vertex 1.8999996185302734 -1.0999994277954102 -9.199999809265137
      vertex 0 1.0999994277954102 -9.199999809265137
      vertex 0 -1.0999994277954102 -9.199999809265137
    endloop
  endfacet
  facet normal 0 -1 0
    outer loop
      vertex 0 1.0999994277954102 -9.199999809265137
      vertex 1.8999996185302734 1.0999994277954102 -8
      vertex 0 1.0999994277954102 -8
    endloop
  endfacet
  facet normal 0 -1 0
    outer loop
      vertex 1.8999996185302734 1.0999994277954102 -8
      vertex 0 1.0999994277954102 -9.199999809265137
      vertex 1.8999996185302734 1.0999994277954102 -9.199999809265137
    endloop
  endfacet
  facet normal 0 1 0
    outer loop
      vertex 1.8999996185302734 -1.0999994277954102 -9.199999809265137
      vertex 0 -1.0999994277954102 -8
      vertex 1.8999996185302734 -1.0999994277954102 -8
    endloop
  endfacet
  facet normal 0 1 0
    outer loop
      vertex 0 -1.0999994277954102 -8
      vertex 1.8999996185302734 -1.0999994277954102 -9.199999809265137
      vertex 0 -1.0999994277954102 -9.199999809265137
    endloop
  endfacet
  facet normal 0 -0.06540339890336276 0.9978589055632503
    outer loop
      vertex 6.09999942779541 -14.030315399169922 -1.2888774871826172
      vertex 9.699999809265137 -14.199999809265137 -1.2999992370605469
      vertex 9.699999809265137 -14.030315399169922 -1.2888774871826172
    endloop
  endfacet
  facet normal 0 -0.06540339890336276 0.9978589055632503
    outer loop
      vertex 9.699999809265137 -14.199999809265137 -1.2999992370605469
      vertex 6.09999942779541 -14.030315399169922 -1.2888774871826172
      vertex 6.09999942779541 -14.199999809265137 -1.2999992370605469
    endloop
  endfacet
  facet normal 0 -0.06540339890336276 0.9978589055632503
    outer loop
      vertex 14.299999237060547 -14.030315399169922 -1.2888774871826172
      vertex 17.899999618530273 -14.199999809265137 -1.2999992370605469
      vertex 17.899999618530273 -14.030315399169922 -1.2888774871826172
    endloop
  endfacet
  facet normal 0 -0.06540339890336276 0.9978589055632503
    outer loop
      vertex 17.899999618530273 -14.199999809265137 -1.2999992370605469
      vertex 14.299999237060547 -14.030315399169922 -1.2888774871826172
      vertex 14.299999237060547 -14.199999809265137 -1.2999992370605469
    endloop
  endfacet
  facet normal 0 -0.9469309724165247 0.32143698212603855
    outer loop
      vertex 6.09999942779541 -12.998955726623535 -0.49748802185058594
      vertex 9.699999809265137 -12.944295883178711 -0.33646392822265625
      vertex 6.09999942779541 -12.944295883178711 -0.33646392822265625
    endloop
  endfacet
  facet normal 0 -0.9469309724165247 0.32143698212603855
    outer loop
      vertex 9.699999809265137 -12.944295883178711 -0.33646392822265625
      vertex 6.09999942779541 -12.998955726623535 -0.49748802185058594
      vertex 9.699999809265137 -12.998955726623535 -0.49748802185058594
    endloop
  endfacet
  facet normal 0 -0.9469309724165247 0.32143698212603855
    outer loop
      vertex 14.299999237060547 -12.998955726623535 -0.49748802185058594
      vertex 17.899999618530273 -12.944295883178711 -0.33646392822265625
      vertex 14.299999237060547 -12.944295883178711 -0.33646392822265625
    endloop
  endfacet
  facet normal 0 -0.9469309724165247 0.32143698212603855
    outer loop
      vertex 17.899999618530273 -12.944295883178711 -0.33646392822265625
      vertex 14.299999237060547 -12.998955726623535 -0.49748802185058594
      vertex 17.899999618530273 -12.998955726623535 -0.49748802185058594
    endloop
  endfacet
  facet normal 0 0.8968723333751895 0.44228951787957066
    outer loop
      vertex 9.699999809265137 -15.32583236694336 -0.6499996185302734
      vertex 6.09999942779541 -15.401042938232422 -0.49748802185058594
      vertex 9.699999809265137 -15.401042938232422 -0.49748802185058594
    endloop
  endfacet
  facet normal 0 0.8968723333751895 0.44228951787957066
    outer loop
      vertex 6.09999942779541 -15.401042938232422 -0.49748802185058594
      vertex 9.699999809265137 -15.32583236694336 -0.6499996185302734
      vertex 6.09999942779541 -15.32583236694336 -0.6499996185302734
    endloop
  endfacet
  facet normal 0 0.8968723333751895 0.44228951787957066
    outer loop
      vertex 17.899999618530273 -15.32583236694336 -0.6499996185302734
      vertex 14.299999237060547 -15.401042938232422 -0.49748802185058594
      vertex 17.899999618530273 -15.401042938232422 -0.49748802185058594
    endloop
  endfacet
  facet normal 0 0.8968723333751895 0.44228951787957066
    outer loop
      vertex 14.299999237060547 -15.401042938232422 -0.49748802185058594
      vertex 17.899999618530273 -15.32583236694336 -0.6499996185302734
      vertex 14.299999237060547 -15.32583236694336 -0.6499996185302734
    endloop
  endfacet
  facet normal 0 0.5555708979606829 0.831469168002735
    outer loop
      vertex 6.09999942779541 -14.84999942779541 -1.1258325576782227
      vertex 9.699999809265137 -14.991389274597168 -1.0313587188720703
      vertex 9.699999809265137 -14.84999942779541 -1.1258325576782227
    endloop
  endfacet
  facet normal 0 0.5555708979606829 0.831469168002735
    outer loop
      vertex 9.699999809265137 -14.991389274597168 -1.0313587188720703
      vertex 6.09999942779541 -14.84999942779541 -1.1258325576782227
      vertex 6.09999942779541 -14.991389274597168 -1.0313587188720703
    endloop
  endfacet
  facet normal 0 0.5555708979606829 0.831469168002735
    outer loop
      vertex 14.299999237060547 -14.84999942779541 -1.1258325576782227
      vertex 17.899999618530273 -14.991389274597168 -1.0313587188720703
      vertex 17.899999618530273 -14.84999942779541 -1.1258325576782227
    endloop
  endfacet
  facet normal 0 0.5555708979606829 0.831469168002735
    outer loop
      vertex 17.899999618530273 -14.991389274597168 -1.0313587188720703
      vertex 14.299999237060547 -14.84999942779541 -1.1258325576782227
      vertex 14.299999237060547 -14.991389274597168 -1.0313587188720703
    endloop
  endfacet
  facet normal 0 -0.44228951787957066 0.8968723333751895
    outer loop
      vertex 6.09999942779541 -13.549999237060547 -1.1258325576782227
      vertex 9.699999809265137 -13.702510833740234 -1.2010431289672852
      vertex 9.699999809265137 -13.549999237060547 -1.1258325576782227
    endloop
  endfacet
  facet normal 0 -0.44228951787957066 0.8968723333751895
    outer loop
      vertex 9.699999809265137 -13.702510833740234 -1.2010431289672852
      vertex 6.09999942779541 -13.549999237060547 -1.1258325576782227
      vertex 6.09999942779541 -13.702510833740234 -1.2010431289672852
    endloop
  endfacet
  facet normal 0 -0.44228951787957066 0.8968723333751895
    outer loop
      vertex 14.299999237060547 -13.549999237060547 -1.1258325576782227
      vertex 17.899999618530273 -13.702510833740234 -1.2010431289672852
      vertex 17.899999618530273 -13.549999237060547 -1.1258325576782227
    endloop
  endfacet
  facet normal 0 -0.44228951787957066 0.8968723333751895
    outer loop
      vertex 17.899999618530273 -13.702510833740234 -1.2010431289672852
      vertex 14.299999237060547 -13.549999237060547 -1.1258325576782227
      vertex 14.299999237060547 -13.702510833740234 -1.2010431289672852
    endloop
  endfacet
  facet normal 0 0.7518386610920954 0.6593471223014821
    outer loop
      vertex 9.699999809265137 -15.119237899780273 -0.9192380905151367
      vertex 6.09999942779541 -15.231358528137207 -0.7913894653320312
      vertex 9.699999809265137 -15.231358528137207 -0.7913894653320312
    endloop
  endfacet
  facet normal 0 0.7518386610920954 0.6593471223014821
    outer loop
      vertex 6.09999942779541 -15.231358528137207 -0.7913894653320312
      vertex 9.699999809265137 -15.119237899780273 -0.9192380905151367
      vertex 6.09999942779541 -15.119237899780273 -0.9192380905151367
    endloop
  endfacet
  facet normal 0 0.7518386610920954 0.6593471223014821
    outer loop
      vertex 17.899999618530273 -15.119237899780273 -0.9192380905151367
      vertex 14.299999237060547 -15.231358528137207 -0.7913894653320312
      vertex 17.899999618530273 -15.231358528137207 -0.7913894653320312
    endloop
  endfacet
  facet normal 0 0.7518386610920954 0.6593471223014821
    outer loop
      vertex 14.299999237060547 -15.231358528137207 -0.7913894653320312
      vertex 17.899999618530273 -15.119237899780273 -0.9192380905151367
      vertex 14.299999237060547 -15.119237899780273 -0.9192380905151367
    endloop
  endfacet
  facet normal 0 0.44228951787957066 0.8968723333751895
    outer loop
      vertex 6.09999942779541 -14.697487831115723 -1.2010431289672852
      vertex 9.699999809265137 -14.84999942779541 -1.1258325576782227
      vertex 9.699999809265137 -14.697487831115723 -1.2010431289672852
    endloop
  endfacet
  facet normal 0 0.44228951787957066 0.8968723333751895
    outer loop
      vertex 9.699999809265137 -14.84999942779541 -1.1258325576782227
      vertex 6.09999942779541 -14.697487831115723 -1.2010431289672852
      vertex 6.09999942779541 -14.84999942779541 -1.1258325576782227
    endloop
  endfacet
  facet normal 0 0.44228951787957066 0.8968723333751895
    outer loop
      vertex 14.299999237060547 -14.697487831115723 -1.2010431289672852
      vertex 17.899999618530273 -14.84999942779541 -1.1258325576782227
      vertex 17.899999618530273 -14.697487831115723 -1.2010431289672852
    endloop
  endfacet
  facet normal 0 0.44228951787957066 0.8968723333751895
    outer loop
      vertex 17.899999618530273 -14.84999942779541 -1.1258325576782227
      vertex 14.299999237060547 -14.697487831115723 -1.2010431289672852
      vertex 14.299999237060547 -14.84999942779541 -1.1258325576782227
    endloop
  endfacet
  facet normal 0 0.6593471223014821 0.7518386610920954
    outer loop
      vertex 6.09999942779541 -14.991389274597168 -1.0313587188720703
      vertex 9.699999809265137 -15.119237899780273 -0.9192380905151367
      vertex 9.699999809265137 -14.991389274597168 -1.0313587188720703
    endloop
  endfacet
  facet normal 0 0.6593471223014821 0.7518386610920954
    outer loop
      vertex 9.699999809265137 -15.119237899780273 -0.9192380905151367
      vertex 6.09999942779541 -14.991389274597168 -1.0313587188720703
      vertex 6.09999942779541 -15.119237899780273 -0.9192380905151367
    endloop
  endfacet
  facet normal 0 0.6593471223014821 0.7518386610920954
    outer loop
      vertex 14.299999237060547 -14.991389274597168 -1.0313587188720703
      vertex 17.899999618530273 -15.119237899780273 -0.9192380905151367
      vertex 17.899999618530273 -14.991389274597168 -1.0313587188720703
    endloop
  endfacet
  facet normal 0 0.6593471223014821 0.7518386610920954
    outer loop
      vertex 17.899999618530273 -15.119237899780273 -0.9192380905151367
      vertex 14.299999237060547 -14.991389274597168 -1.0313587188720703
      vertex 14.299999237060547 -15.119237899780273 -0.9192380905151367
    endloop
  endfacet
  facet normal 0 0.32143868916676444 0.9469303929575563
    outer loop
      vertex 6.09999942779541 -14.53646469116211 -1.2557029724121094
      vertex 9.699999809265137 -14.697487831115723 -1.2010431289672852
      vertex 9.699999809265137 -14.53646469116211 -1.2557029724121094
    endloop
  endfacet
  facet normal 0 0.32143868916676444 0.9469303929575563
    outer loop
      vertex 9.699999809265137 -14.697487831115723 -1.2010431289672852
      vertex 6.09999942779541 -14.53646469116211 -1.2557029724121094
      vertex 6.09999942779541 -14.697487831115723 -1.2010431289672852
    endloop
  endfacet
  facet normal 0 0.32143868916676444 0.9469303929575563
    outer loop
      vertex 14.299999237060547 -14.53646469116211 -1.2557029724121094
      vertex 17.899999618530273 -14.697487831115723 -1.2010431289672852
      vertex 17.899999618530273 -14.53646469116211 -1.2557029724121094
    endloop
  endfacet
  facet normal 0 0.32143868916676444 0.9469303929575563
    outer loop
      vertex 17.899999618530273 -14.697487831115723 -1.2010431289672852
      vertex 14.299999237060547 -14.53646469116211 -1.2557029724121094
      vertex 14.299999237060547 -14.697487831115723 -1.2010431289672852
    endloop
  endfacet
  facet normal 0 0.1950882097162099 0.9807857005634433
    outer loop
      vertex 6.09999942779541 -14.369683265686035 -1.2888774871826172
      vertex 9.699999809265137 -14.53646469116211 -1.2557029724121094
      vertex 9.699999809265137 -14.369683265686035 -1.2888774871826172
    endloop
  endfacet
  facet normal 0 0.1950882097162099 0.9807857005634433
    outer loop
      vertex 9.699999809265137 -14.53646469116211 -1.2557029724121094
      vertex 6.09999942779541 -14.369683265686035 -1.2888774871826172
      vertex 6.09999942779541 -14.53646469116211 -1.2557029724121094
    endloop
  endfacet
  facet normal 0 0.1950882097162099 0.9807857005634433
    outer loop
      vertex 14.299999237060547 -14.369683265686035 -1.2888774871826172
      vertex 17.899999618530273 -14.53646469116211 -1.2557029724121094
      vertex 17.899999618530273 -14.369683265686035 -1.2888774871826172
    endloop
  endfacet
  facet normal 0 0.1950882097162099 0.9807857005634433
    outer loop
      vertex 17.899999618530273 -14.53646469116211 -1.2557029724121094
      vertex 14.299999237060547 -14.369683265686035 -1.2888774871826172
      vertex 14.299999237060547 -14.53646469116211 -1.2557029724121094
    endloop
  endfacet
  facet normal 0 -0.7518386610920954 0.6593471223014821
    outer loop
      vertex 6.09999942779541 -13.280760765075684 -0.9192380905151367
      vertex 9.699999809265137 -13.16864013671875 -0.7913894653320312
      vertex 6.09999942779541 -13.16864013671875 -0.7913894653320312
    endloop
  endfacet
  facet normal 0 -0.7518386610920954 0.6593471223014821
    outer loop
      vertex 9.699999809265137 -13.16864013671875 -0.7913894653320312
      vertex 6.09999942779541 -13.280760765075684 -0.9192380905151367
      vertex 9.699999809265137 -13.280760765075684 -0.9192380905151367
    endloop
  endfacet
  facet normal 0 -0.7518386610920954 0.6593471223014821
    outer loop
      vertex 14.299999237060547 -13.280760765075684 -0.9192380905151367
      vertex 17.899999618530273 -13.16864013671875 -0.7913894653320312
      vertex 14.299999237060547 -13.16864013671875 -0.7913894653320312
    endloop
  endfacet
  facet normal 0 -0.7518386610920954 0.6593471223014821
    outer loop
      vertex 17.899999618530273 -13.16864013671875 -0.7913894653320312
      vertex 14.299999237060547 -13.280760765075684 -0.9192380905151367
      vertex 17.899999618530273 -13.280760765075684 -0.9192380905151367
    endloop
  endfacet
  facet normal 0 -0.831469168002735 0.5555708979606829
    outer loop
      vertex 6.09999942779541 -13.16864013671875 -0.7913894653320312
      vertex 9.699999809265137 -13.074166297912598 -0.6499996185302734
      vertex 6.09999942779541 -13.074166297912598 -0.6499996185302734
    endloop
  endfacet
  facet normal 0 -0.831469168002735 0.5555708979606829
    outer loop
      vertex 9.699999809265137 -13.074166297912598 -0.6499996185302734
      vertex 6.09999942779541 -13.16864013671875 -0.7913894653320312
      vertex 9.699999809265137 -13.16864013671875 -0.7913894653320312
    endloop
  endfacet
  facet normal 0 -0.831469168002735 0.5555708979606829
    outer loop
      vertex 14.299999237060547 -13.16864013671875 -0.7913894653320312
      vertex 17.899999618530273 -13.074166297912598 -0.6499996185302734
      vertex 14.299999237060547 -13.074166297912598 -0.6499996185302734
    endloop
  endfacet
  facet normal 0 -0.831469168002735 0.5555708979606829
    outer loop
      vertex 17.899999618530273 -13.074166297912598 -0.6499996185302734
      vertex 14.299999237060547 -13.16864013671875 -0.7913894653320312
      vertex 17.899999618530273 -13.16864013671875 -0.7913894653320312
    endloop
  endfacet
  facet normal 0 -0.8968723333751895 0.44228951787957066
    outer loop
      vertex 6.09999942779541 -13.074166297912598 -0.6499996185302734
      vertex 9.699999809265137 -12.998955726623535 -0.49748802185058594
      vertex 6.09999942779541 -12.998955726623535 -0.49748802185058594
    endloop
  endfacet
  facet normal 0 -0.8968723333751895 0.44228951787957066
    outer loop
      vertex 9.699999809265137 -12.998955726623535 -0.49748802185058594
      vertex 6.09999942779541 -13.074166297912598 -0.6499996185302734
      vertex 9.699999809265137 -13.074166297912598 -0.6499996185302734
    endloop
  endfacet
  facet normal 0 -0.8968723333751895 0.44228951787957066
    outer loop
      vertex 14.299999237060547 -13.074166297912598 -0.6499996185302734
      vertex 17.899999618530273 -12.998955726623535 -0.49748802185058594
      vertex 14.299999237060547 -12.998955726623535 -0.49748802185058594
    endloop
  endfacet
  facet normal 0 -0.8968723333751895 0.44228951787957066
    outer loop
      vertex 17.899999618530273 -12.998955726623535 -0.49748802185058594
      vertex 14.299999237060547 -13.074166297912598 -0.6499996185302734
      vertex 17.899999618530273 -13.074166297912598 -0.6499996185302734
    endloop
  endfacet
  facet normal 0 -0.32143698212603855 0.9469309724165247
    outer loop
      vertex 6.09999942779541 -13.702510833740234 -1.2010431289672852
      vertex 9.699999809265137 -13.863534927368164 -1.2557029724121094
      vertex 9.699999809265137 -13.702510833740234 -1.2010431289672852
    endloop
  endfacet
  facet normal 0 -0.32143698212603855 0.9469309724165247
    outer loop
      vertex 9.699999809265137 -13.863534927368164 -1.2557029724121094
      vertex 6.09999942779541 -13.702510833740234 -1.2010431289672852
      vertex 6.09999942779541 -13.863534927368164 -1.2557029724121094
    endloop
  endfacet
  facet normal 0 -0.32143698212603855 0.9469309724165247
    outer loop
      vertex 14.299999237060547 -13.702510833740234 -1.2010431289672852
      vertex 17.899999618530273 -13.863534927368164 -1.2557029724121094
      vertex 17.899999618530273 -13.702510833740234 -1.2010431289672852
    endloop
  endfacet
  facet normal 0 -0.32143698212603855 0.9469309724165247
    outer loop
      vertex 17.899999618530273 -13.863534927368164 -1.2557029724121094
      vertex 14.299999237060547 -13.702510833740234 -1.2010431289672852
      vertex 14.299999237060547 -13.863534927368164 -1.2557029724121094
    endloop
  endfacet
  facet normal 0 0.9978588815731776 0.0654037649185976
    outer loop
      vertex 9.699999809265137 -15.48887825012207 -0.16968345642089844
      vertex 6.09999942779541 -15.5 0
      vertex 9.699999809265137 -15.5 0
    endloop
  endfacet
  facet normal 0 0.9978588815731776 0.0654037649185976
    outer loop
      vertex 6.09999942779541 -15.5 0
      vertex 9.699999809265137 -15.48887825012207 -0.16968345642089844
      vertex 6.09999942779541 -15.48887825012207 -0.16968345642089844
    endloop
  endfacet
  facet normal 0 0.9978588815731776 0.0654037649185976
    outer loop
      vertex 17.899999618530273 -15.48887825012207 -0.16968345642089844
      vertex 14.299999237060547 -15.5 0
      vertex 17.899999618530273 -15.5 0
    endloop
  endfacet
  facet normal 0 0.9978588815731776 0.0654037649185976
    outer loop
      vertex 14.299999237060547 -15.5 0
      vertex 17.899999618530273 -15.48887825012207 -0.16968345642089844
      vertex 14.299999237060547 -15.48887825012207 -0.16968345642089844
    endloop
  endfacet
  facet normal 0 -0.5555708979606829 0.831469168002735
    outer loop
      vertex 6.09999942779541 -13.408609390258789 -1.0313587188720703
      vertex 9.699999809265137 -13.549999237060547 -1.1258325576782227
      vertex 9.699999809265137 -13.408609390258789 -1.0313587188720703
    endloop
  endfacet
  facet normal 0 -0.5555708979606829 0.831469168002735
    outer loop
      vertex 9.699999809265137 -13.549999237060547 -1.1258325576782227
      vertex 6.09999942779541 -13.408609390258789 -1.0313587188720703
      vertex 6.09999942779541 -13.549999237060547 -1.1258325576782227
    endloop
  endfacet
  facet normal 0 -0.5555708979606829 0.831469168002735
    outer loop
      vertex 14.299999237060547 -13.408609390258789 -1.0313587188720703
      vertex 17.899999618530273 -13.549999237060547 -1.1258325576782227
      vertex 17.899999618530273 -13.408609390258789 -1.0313587188720703
    endloop
  endfacet
  facet normal 0 -0.5555708979606829 0.831469168002735
    outer loop
      vertex 17.899999618530273 -13.549999237060547 -1.1258325576782227
      vertex 14.299999237060547 -13.408609390258789 -1.0313587188720703
      vertex 14.299999237060547 -13.549999237060547 -1.1258325576782227
    endloop
  endfacet
  facet normal 0 0.9807844140112146 0.19509467761237934
    outer loop
      vertex 9.699999809265137 -15.455702781677246 -0.33646392822265625
      vertex 6.09999942779541 -15.48887825012207 -0.16968345642089844
      vertex 9.699999809265137 -15.48887825012207 -0.16968345642089844
    endloop
  endfacet
  facet normal 0 0.9807844140112146 0.19509467761237934
    outer loop
      vertex 6.09999942779541 -15.48887825012207 -0.16968345642089844
      vertex 9.699999809265137 -15.455702781677246 -0.33646392822265625
      vertex 6.09999942779541 -15.455702781677246 -0.33646392822265625
    endloop
  endfacet
  facet normal 0 0.9807844140112146 0.19509467761237934
    outer loop
      vertex 17.899999618530273 -15.455702781677246 -0.33646392822265625
      vertex 14.299999237060547 -15.48887825012207 -0.16968345642089844
      vertex 17.899999618530273 -15.48887825012207 -0.16968345642089844
    endloop
  endfacet
  facet normal 0 0.9807844140112146 0.19509467761237934
    outer loop
      vertex 14.299999237060547 -15.48887825012207 -0.16968345642089844
      vertex 17.899999618530273 -15.455702781677246 -0.33646392822265625
      vertex 14.299999237060547 -15.455702781677246 -0.33646392822265625
    endloop
  endfacet
  facet normal 0 0.0654037649185976 0.9978588815731776
    outer loop
      vertex 6.09999942779541 -14.199999809265137 -1.2999992370605469
      vertex 9.699999809265137 -14.369683265686035 -1.2888774871826172
      vertex 9.699999809265137 -14.199999809265137 -1.2999992370605469
    endloop
  endfacet
  facet normal 0 0.0654037649185976 0.9978588815731776
    outer loop
      vertex 9.699999809265137 -14.369683265686035 -1.2888774871826172
      vertex 6.09999942779541 -14.199999809265137 -1.2999992370605469
      vertex 6.09999942779541 -14.369683265686035 -1.2888774871826172
    endloop
  endfacet
  facet normal 0 0.0654037649185976 0.9978588815731776
    outer loop
      vertex 14.299999237060547 -14.199999809265137 -1.2999992370605469
      vertex 17.899999618530273 -14.369683265686035 -1.2888774871826172
      vertex 17.899999618530273 -14.199999809265137 -1.2999992370605469
    endloop
  endfacet
  facet normal 0 0.0654037649185976 0.9978588815731776
    outer loop
      vertex 17.899999618530273 -14.369683265686035 -1.2888774871826172
      vertex 14.299999237060547 -14.199999809265137 -1.2999992370605469
      vertex 14.299999237060547 -14.369683265686035 -1.2888774871826172
    endloop
  endfacet
  facet normal 0 -0.9978588815731776 0.0654037649185976
    outer loop
      vertex 6.09999942779541 -12.911121368408203 -0.16968345642089844
      vertex 9.699999809265137 -12.899999618530273 0
      vertex 6.09999942779541 -12.899999618530273 0
    endloop
  endfacet
  facet normal 0 -0.9978588815731776 0.0654037649185976
    outer loop
      vertex 9.699999809265137 -12.899999618530273 0
      vertex 6.09999942779541 -12.911121368408203 -0.16968345642089844
      vertex 9.699999809265137 -12.911121368408203 -0.16968345642089844
    endloop
  endfacet
  facet normal 0 -0.9978588815731776 0.0654037649185976
    outer loop
      vertex 14.299999237060547 -12.911121368408203 -0.16968345642089844
      vertex 17.899999618530273 -12.899999618530273 0
      vertex 14.299999237060547 -12.899999618530273 0
    endloop
  endfacet
  facet normal 0 -0.9978588815731776 0.0654037649185976
    outer loop
      vertex 17.899999618530273 -12.899999618530273 0
      vertex 14.299999237060547 -12.911121368408203 -0.16968345642089844
      vertex 17.899999618530273 -12.911121368408203 -0.16968345642089844
    endloop
  endfacet
  facet normal 0 -0.6593471223014821 0.7518386610920954
    outer loop
      vertex 6.09999942779541 -13.280760765075684 -0.9192380905151367
      vertex 9.699999809265137 -13.408609390258789 -1.0313587188720703
      vertex 9.699999809265137 -13.280760765075684 -0.9192380905151367
    endloop
  endfacet
  facet normal 0 -0.6593471223014821 0.7518386610920954
    outer loop
      vertex 9.699999809265137 -13.408609390258789 -1.0313587188720703
      vertex 6.09999942779541 -13.280760765075684 -0.9192380905151367
      vertex 6.09999942779541 -13.408609390258789 -1.0313587188720703
    endloop
  endfacet
  facet normal 0 -0.6593471223014821 0.7518386610920954
    outer loop
      vertex 14.299999237060547 -13.280760765075684 -0.9192380905151367
      vertex 17.899999618530273 -13.408609390258789 -1.0313587188720703
      vertex 17.899999618530273 -13.280760765075684 -0.9192380905151367
    endloop
  endfacet
  facet normal 0 -0.6593471223014821 0.7518386610920954
    outer loop
      vertex 17.899999618530273 -13.408609390258789 -1.0313587188720703
      vertex 14.299999237060547 -13.280760765075684 -0.9192380905151367
      vertex 14.299999237060547 -13.408609390258789 -1.0313587188720703
    endloop
  endfacet
  facet normal 0 -0.19508928280095492 0.9807854871154085
    outer loop
      vertex 6.09999942779541 -13.863534927368164 -1.2557029724121094
      vertex 9.699999809265137 -14.030315399169922 -1.2888774871826172
      vertex 9.699999809265137 -13.863534927368164 -1.2557029724121094
    endloop
  endfacet
  facet normal 0 -0.19508928280095492 0.9807854871154085
    outer loop
      vertex 9.699999809265137 -14.030315399169922 -1.2888774871826172
      vertex 6.09999942779541 -13.863534927368164 -1.2557029724121094
      vertex 6.09999942779541 -14.030315399169922 -1.2888774871826172
    endloop
  endfacet
  facet normal 0 -0.19508928280095492 0.9807854871154085
    outer loop
      vertex 14.299999237060547 -13.863534927368164 -1.2557029724121094
      vertex 17.899999618530273 -14.030315399169922 -1.2888774871826172
      vertex 17.899999618530273 -13.863534927368164 -1.2557029724121094
    endloop
  endfacet
  facet normal 0 -0.19508928280095492 0.9807854871154085
    outer loop
      vertex 17.899999618530273 -14.030315399169922 -1.2888774871826172
      vertex 14.299999237060547 -13.863534927368164 -1.2557029724121094
      vertex 14.299999237060547 -14.030315399169922 -1.2888774871826172
    endloop
  endfacet
  facet normal 0 0.831469168002735 0.5555708979606829
    outer loop
      vertex 9.699999809265137 -15.231358528137207 -0.7913894653320312
      vertex 6.09999942779541 -15.32583236694336 -0.6499996185302734
      vertex 9.699999809265137 -15.32583236694336 -0.6499996185302734
    endloop
  endfacet
  facet normal 0 0.831469168002735 0.5555708979606829
    outer loop
      vertex 6.09999942779541 -15.32583236694336 -0.6499996185302734
      vertex 9.699999809265137 -15.231358528137207 -0.7913894653320312
      vertex 6.09999942779541 -15.231358528137207 -0.7913894653320312
    endloop
  endfacet
  facet normal 0 0.831469168002735 0.5555708979606829
    outer loop
      vertex 17.899999618530273 -15.231358528137207 -0.7913894653320312
      vertex 14.299999237060547 -15.32583236694336 -0.6499996185302734
      vertex 17.899999618530273 -15.32583236694336 -0.6499996185302734
    endloop
  endfacet
  facet normal 0 0.831469168002735 0.5555708979606829
    outer loop
      vertex 14.299999237060547 -15.32583236694336 -0.6499996185302734
      vertex 17.899999618530273 -15.231358528137207 -0.7913894653320312
      vertex 14.299999237060547 -15.231358528137207 -0.7913894653320312
    endloop
  endfacet
  facet normal 0 -0.9807854871154085 0.19508928280095492
    outer loop
      vertex 6.09999942779541 -12.944295883178711 -0.33646392822265625
      vertex 9.699999809265137 -12.911121368408203 -0.16968345642089844
      vertex 6.09999942779541 -12.911121368408203 -0.16968345642089844
    endloop
  endfacet
  facet normal 0 -0.9807854871154085 0.19508928280095492
    outer loop
      vertex 9.699999809265137 -12.911121368408203 -0.16968345642089844
      vertex 6.09999942779541 -12.944295883178711 -0.33646392822265625
      vertex 9.699999809265137 -12.944295883178711 -0.33646392822265625
    endloop
  endfacet
  facet normal 0 -0.9807854871154085 0.19508928280095492
    outer loop
      vertex 14.299999237060547 -12.944295883178711 -0.33646392822265625
      vertex 17.899999618530273 -12.911121368408203 -0.16968345642089844
      vertex 14.299999237060547 -12.911121368408203 -0.16968345642089844
    endloop
  endfacet
  facet normal 0 -0.9807854871154085 0.19508928280095492
    outer loop
      vertex 17.899999618530273 -12.911121368408203 -0.16968345642089844
      vertex 14.299999237060547 -12.944295883178711 -0.33646392822265625
      vertex 17.899999618530273 -12.944295883178711 -0.33646392822265625
    endloop
  endfacet
  facet normal 0 0.9469309724165247 0.32143698212603855
    outer loop
      vertex 9.699999809265137 -15.401042938232422 -0.49748802185058594
      vertex 6.09999942779541 -15.455702781677246 -0.33646392822265625
      vertex 9.699999809265137 -15.455702781677246 -0.33646392822265625
    endloop
  endfacet
  facet normal 0 0.9469309724165247 0.32143698212603855
    outer loop
      vertex 6.09999942779541 -15.455702781677246 -0.33646392822265625
      vertex 9.699999809265137 -15.401042938232422 -0.49748802185058594
      vertex 6.09999942779541 -15.401042938232422 -0.49748802185058594
    endloop
  endfacet
  facet normal 0 0.9469309724165247 0.32143698212603855
    outer loop
      vertex 17.899999618530273 -15.401042938232422 -0.49748802185058594
      vertex 14.299999237060547 -15.455702781677246 -0.33646392822265625
      vertex 17.899999618530273 -15.455702781677246 -0.33646392822265625
    endloop
  endfacet
  facet normal 0 0.9469309724165247 0.32143698212603855
    outer loop
      vertex 14.299999237060547 -15.455702781677246 -0.33646392822265625
      vertex 17.899999618530273 -15.401042938232422 -0.49748802185058594
      vertex 14.299999237060547 -15.401042938232422 -0.49748802185058594
    endloop
  endfacet
endsolid OpenSCAD_Model
