solid OpenSCAD_Model
  facet normal -0.19606553660702758 0.9805907940394903 0
    outer loop
      vertex -2.9609031677246094 11.454559326171875 2
      vertex -2.9609031677246094 11.454559326171875 0
      vertex -3 11.446742057800293 2
    endloop
  endfacet
  facet normal -0.19606553660702758 0.9805907940394903 0
    outer loop
      vertex -3 11.446742057800293 22
      vertex -2.9609031677246094 11.454559326171875 24
      vertex -2.9609031677246094 11.454559326171875 22
    endloop
  endfacet
  facet normal -0.19606862139315984 0.9805901772427571 6.271351580629261e-8
    outer loop
      vertex -2.9609031677246094 11.454559326171875 24
      vertex -3 11.446742057800293 22
      vertex -3.9033708572387695 11.26611328125 24
    endloop
  endfacet
  facet normal -0.19606875489895834 0.9805901505483176 0
    outer loop
      vertex -3 11.446742057800293 2
      vertex -3.9033708572387695 11.26611328125 24
      vertex -3 11.446742057800293 22
    endloop
  endfacet
  facet normal -0.19606862139315984 0.9805901772427571 -6.271351580629261e-8
    outer loop
      vertex -3.9033708572387695 11.26611328125 0
      vertex -3 11.446742057800293 2
      vertex -2.9609031677246094 11.454559326171875 0
    endloop
  endfacet
  facet normal -0.19606875489895836 0.9805901505483176 0
    outer loop
      vertex -3 11.446742057800293 2
      vertex -3.9033708572387695 11.26611328125 0
      vertex -3.9033708572387695 11.26611328125 24
    endloop
  endfacet
  facet normal -0.763309833083474 0.6460325833253916 0
    outer loop
      vertex -9.42357063293457 8.181295394897461 0
      vertex -8.995596885681152 8.68696117401123 1.9000005722045898
      vertex -8.995596885681152 8.68696117401123 0
    endloop
  endfacet
  facet normal -0.763309833083474 0.6460325833253916 0
    outer loop
      vertex -8.995596885681152 8.68696117401123 1.9000005722045898
      vertex -9.42357063293457 8.181295394897461 0
      vertex -9.42357063293457 8.181295394897461 1.9000005722045898
    endloop
  endfacet
  facet normal -0.7633098330834741 0.6460325833253916 0
    outer loop
      vertex -9.42357063293457 8.181295394897461 22.100000381469727
      vertex -8.995596885681152 8.68696117401123 24
      vertex -8.995596885681152 8.68696117401123 22.100000381469727
    endloop
  endfacet
  facet normal -0.7633098330834741 0.6460325833253916 0
    outer loop
      vertex -8.995596885681152 8.68696117401123 24
      vertex -9.42357063293457 8.181295394897461 22.100000381469727
      vertex -9.42357063293457 8.181295394897461 24
    endloop
  endfacet
  facet normal -0.7633098330834741 0.6460325833253917 0
    outer loop
      vertex -9.42357063293457 8.181295394897461 5.100000381469727
      vertex -8.995596885681152 8.68696117401123 18.900001525878906
      vertex -8.995596885681152 8.68696117401123 5.100000381469727
    endloop
  endfacet
  facet normal -0.7633098330834741 0.6460325833253917 0
    outer loop
      vertex -8.995596885681152 8.68696117401123 18.900001525878906
      vertex -9.42357063293457 8.181295394897461 5.100000381469727
      vertex -9.42357063293457 8.181295394897461 18.900001525878906
    endloop
  endfacet
  facet normal -0.38287066119574553 -0.9238019575620809 0
    outer loop
      vertex -6.470810890197754 -10.406159400939941 1.9000005722045898
      vertex -6.470810890197754 -10.406159400939941 0
      vertex -6.1720051765441895 -10.529999732971191 1.9000005722045898
    endloop
  endfacet
  facet normal -0.3828706611957455 -0.9238019575620808 0
    outer loop
      vertex -6.470810890197754 -10.406159400939941 18.900001525878906
      vertex -6.470810890197754 -10.406159400939941 5.100000381469727
      vertex -6.1720051765441895 -10.529999732971191 18.900001525878906
    endloop
  endfacet
  facet normal -0.3828706611957455 -0.9238019575620809 0
    outer loop
      vertex -6.1720051765441895 -10.529999732971191 22.100000381469727
      vertex -6.470810890197754 -10.406159400939941 24
      vertex -6.470810890197754 -10.406159400939941 22.100000381469727
    endloop
  endfacet
  facet normal -0.38287072644483094 -0.9238019305195283 -1.2024085699211498e-8
    outer loop
      vertex -6.470810890197754 -10.406159400939941 24
      vertex -6.1720051765441895 -10.529999732971191 22.100000381469727
      vertex -5.666815757751465 -10.739376068115234 24
    endloop
  endfacet
  facet normal -0.3828707650378764 -0.9238019145245973 0
    outer loop
      vertex -6.1720051765441895 -10.529999732971191 18.900001525878906
      vertex -5.666815757751465 -10.739376068115234 24
      vertex -6.1720051765441895 -10.529999732971191 22.100000381469727
    endloop
  endfacet
  facet normal -0.3828706611957455 -0.9238019575620808 0
    outer loop
      vertex -6.1720051765441895 -10.529999732971191 5.100000381469727
      vertex -6.1720051765441895 -10.529999732971191 18.900001525878906
      vertex -6.470810890197754 -10.406159400939941 5.100000381469727
    endloop
  endfacet
  facet normal -0.3828707650378764 -0.9238019145245973 0
    outer loop
      vertex -6.1720051765441895 -10.529999732971191 18.900001525878906
      vertex -6.1720051765441895 -10.529999732971191 5.100000381469727
      vertex -5.666815757751465 -10.739376068115234 24
    endloop
  endfacet
  facet normal -0.3828707650378764 -0.9238019145245973 0
    outer loop
      vertex -5.666815757751465 -10.739376068115234 0
      vertex -6.1720051765441895 -10.529999732971191 5.100000381469727
      vertex -6.1720051765441895 -10.529999732971191 1.9000005722045898
    endloop
  endfacet
  facet normal -0.3828707650378764 -0.9238019145245973 0
    outer loop
      vertex -6.1720051765441895 -10.529999732971191 5.100000381469727
      vertex -5.666815757751465 -10.739376068115234 0
      vertex -5.666815757751465 -10.739376068115234 24
    endloop
  endfacet
  facet normal -0.38287072644483094 -0.9238019305195283 1.2024079663917678e-8
    outer loop
      vertex -5.666815757751465 -10.739376068115234 0
      vertex -6.1720051765441895 -10.529999732971191 1.9000005722045898
      vertex -6.470810890197754 -10.406159400939941 0
    endloop
  endfacet
  facet normal -0.3176041488174401 -0.948223393855029 0
    outer loop
      vertex -5.666815757751465 -10.739376068115234 0
      vertex -4.808246612548828 -11.02695083618164 24
      vertex -5.666815757751465 -10.739376068115234 24
    endloop
  endfacet
  facet normal -0.3176041488174401 -0.948223393855029 0
    outer loop
      vertex -4.808246612548828 -11.02695083618164 24
      vertex -5.666815757751465 -10.739376068115234 0
      vertex -4.808246612548828 -11.02695083618164 0
    endloop
  endfacet
  facet normal -0.19606862139316023 -0.9805901772427591 0
    outer loop
      vertex -3.9033708572387695 -11.26611328125 0
      vertex -2.9609031677246094 -11.454559326171875 24
      vertex -3.9033708572387695 -11.26611328125 24
    endloop
  endfacet
  facet normal -0.19606862139316023 -0.9805901772427591 0
    outer loop
      vertex -2.9609031677246094 -11.454559326171875 24
      vertex -3.9033708572387695 -11.26611328125 0
      vertex -2.9609031677246094 -11.454559326171875 0
    endloop
  endfacet
  facet normal -1 0 0
    outer loop
      vertex -10.199999809265137 -6 0
      vertex -10.199999809265137 6 1.9000005722045898
      vertex -10.199999809265137 6 0
    endloop
  endfacet
  facet normal -1 0 0
    outer loop
      vertex -10.199999809265137 6 1.9000005722045898
      vertex -10.199999809265137 -6 0
      vertex -10.199999809265137 -6 1.9000005722045898
    endloop
  endfacet
  facet normal -1 0 0
    outer loop
      vertex -10.199999809265137 -6 22.100000381469727
      vertex -10.199999809265137 6 24
      vertex -10.199999809265137 6 22.100000381469727
    endloop
  endfacet
  facet normal -1 0 0
    outer loop
      vertex -10.199999809265137 6 24
      vertex -10.199999809265137 -6 22.100000381469727
      vertex -10.199999809265137 -6 24
    endloop
  endfacet
  facet normal -1 0 0
    outer loop
      vertex -10.199999809265137 -6 5.100000381469727
      vertex -10.199999809265137 6 18.900001525878906
      vertex -10.199999809265137 6 5.100000381469727
    endloop
  endfacet
  facet normal -1 0 0
    outer loop
      vertex -10.199999809265137 6 18.900001525878906
      vertex -10.199999809265137 -6 5.100000381469727
      vertex -10.199999809265137 -6 18.900001525878906
    endloop
  endfacet
  facet normal -0.13862699021606448 0.990344666055023 0
    outer loop
      vertex -1.9899206161499023 11.590476036071777 0
      vertex -2.9609031677246094 11.454559326171875 2
      vertex -1.9899206161499023 11.590476036071777 2
    endloop
  endfacet
  facet normal -0.13862699021606448 0.990344666055023 0
    outer loop
      vertex -2.9609031677246094 11.454559326171875 2
      vertex -1.9899206161499023 11.590476036071777 0
      vertex -2.9609031677246094 11.454559326171875 0
    endloop
  endfacet
  facet normal -0.13862699021606448 0.990344666055023 0
    outer loop
      vertex -1.9899206161499023 11.590476036071777 22
      vertex -2.9609031677246094 11.454559326171875 24
      vertex -1.9899206161499023 11.590476036071777 24
    endloop
  endfacet
  facet normal -0.13862699021606448 0.990344666055023 0
    outer loop
      vertex -2.9609031677246094 11.454559326171875 24
      vertex -1.9899206161499023 11.590476036071777 22
      vertex -2.9609031677246094 11.454559326171875 22
    endloop
  endfacet
  facet normal -0.08260951762099407 -0.9965819924112728 6.61867308587792e-8
    outer loop
      vertex -1.9899206161499023 -11.590476036071777 24
      vertex -1.5388296842575073 -11.62786865234375 17.900001525878906
      vertex -0.9997739791870117 -11.672552108764648 24
    endloop
  endfacet
  facet normal -0.08261040654080083 -0.9965819187257832 0
    outer loop
      vertex -1.9899206161499023 -11.590476036071777 24
      vertex -1.5388296842575073 -11.62786865234375 14.300000190734863
      vertex -1.5388296842575073 -11.62786865234375 17.900001525878906
    endloop
  endfacet
  facet normal -0.08260877375771289 -0.9965820540719399 0
    outer loop
      vertex -1.5388296842575073 -11.62786865234375 14.300000190734863
      vertex -1.5388296842575073 -11.62786865234375 9.700000762939453
      vertex -0.9997739791870117 -11.672552108764648 14.300000190734863
    endloop
  endfacet
  facet normal -0.08261040654080085 -0.9965819187257833 0
    outer loop
      vertex -1.9899206161499023 -11.590476036071777 24
      vertex -1.5388296842575073 -11.62786865234375 9.700000762939453
      vertex -1.5388296842575073 -11.62786865234375 14.300000190734863
    endloop
  endfacet
  facet normal -0.08261040654080085 -0.9965819187257833 0
    outer loop
      vertex -1.9899206161499023 -11.590476036071777 0
      vertex -1.5388296842575073 -11.62786865234375 9.700000762939453
      vertex -1.9899206161499023 -11.590476036071777 24
    endloop
  endfacet
  facet normal -0.08261040654080083 -0.9965819187257832 0
    outer loop
      vertex -1.5388296842575073 -11.62786865234375 9.700000762939453
      vertex -1.9899206161499023 -11.590476036071777 0
      vertex -1.5388296842575073 -11.62786865234375 6.100000381469727
    endloop
  endfacet
  facet normal -0.08260951762099407 -0.9965819924112727 -6.618671016350661e-8
    outer loop
      vertex -0.9997739791870117 -11.672552108764648 0
      vertex -1.5388296842575073 -11.62786865234375 6.100000381469727
      vertex -1.9899206161499023 -11.590476036071777 0
    endloop
  endfacet
  facet normal -0.08260877375771289 -0.9965820540719399 0
    outer loop
      vertex -1.5388296842575073 -11.62786865234375 6.100000381469727
      vertex -0.9997739791870117 -11.672552108764648 0
      vertex -0.9997739791870117 -11.672552108764648 6.100000381469727
    endloop
  endfacet
  facet normal -0.0826087737577129 -0.99658205407194 0
    outer loop
      vertex -0.9997739791870117 -11.672552108764648 24
      vertex -1.5388296842575073 -11.62786865234375 17.900001525878906
      vertex -0.9997739791870117 -11.672552108764648 17.900001525878906
    endloop
  endfacet
  facet normal -0.08260877375771289 -0.9965820540719399 0
    outer loop
      vertex -0.9997739791870117 -11.672552108764648 14.300000190734863
      vertex -1.5388296842575073 -11.62786865234375 9.700000762939453
      vertex -0.9997739791870117 -11.672552108764648 9.700000762939453
    endloop
  endfacet
  facet normal -0.4518381809919715 -0.8920999149186521 0
    outer loop
      vertex -7.212489128112793 -10.030508041381836 22.100000381469727
      vertex -6.470810890197754 -10.406159400939941 24
      vertex -7.212489128112793 -10.030508041381836 24
    endloop
  endfacet
  facet normal -0.4518381809919715 -0.8920999149186521 0
    outer loop
      vertex -6.470810890197754 -10.406159400939941 24
      vertex -7.212489128112793 -10.030508041381836 22.100000381469727
      vertex -6.470810890197754 -10.406159400939941 22.100000381469727
    endloop
  endfacet
  facet normal -0.4518381809919715 -0.8920999149186523 0
    outer loop
      vertex -7.212489128112793 -10.030508041381836 0
      vertex -6.470810890197754 -10.406159400939941 1.9000005722045898
      vertex -7.212489128112793 -10.030508041381836 1.9000005722045898
    endloop
  endfacet
  facet normal -0.4518381809919715 -0.8920999149186523 0
    outer loop
      vertex -6.470810890197754 -10.406159400939941 1.9000005722045898
      vertex -7.212489128112793 -10.030508041381836 0
      vertex -6.470810890197754 -10.406159400939941 0
    endloop
  endfacet
  facet normal -0.4518381809919714 -0.8920999149186521 0
    outer loop
      vertex -7.212489128112793 -10.030508041381836 5.100000381469727
      vertex -6.470810890197754 -10.406159400939941 18.900001525878906
      vertex -7.212489128112793 -10.030508041381836 18.900001525878906
    endloop
  endfacet
  facet normal -0.4518381809919714 -0.8920999149186521 0
    outer loop
      vertex -6.470810890197754 -10.406159400939941 18.900001525878906
      vertex -7.212489128112793 -10.030508041381836 5.100000381469727
      vertex -6.470810890197754 -10.406159400939941 5.100000381469727
    endloop
  endfacet
  facet normal -0.6017806718456192 0.7986613944551442 0
    outer loop
      vertex -7.884706497192383 9.61604118347168 0
      vertex -8.480989456176758 9.166749954223633 1.9000005722045898
      vertex -7.884706497192383 9.61604118347168 1.9000005722045898
    endloop
  endfacet
  facet normal -0.6017806718456192 0.7986613944551442 0
    outer loop
      vertex -8.480989456176758 9.166749954223633 1.9000005722045898
      vertex -7.884706497192383 9.61604118347168 0
      vertex -8.480989456176758 9.166749954223633 0
    endloop
  endfacet
  facet normal -0.6017806718456191 0.7986613944551441 0
    outer loop
      vertex -7.884706497192383 9.61604118347168 22.100000381469727
      vertex -8.480989456176758 9.166749954223633 24
      vertex -7.884706497192383 9.61604118347168 24
    endloop
  endfacet
  facet normal -0.6017806718456191 0.7986613944551441 0
    outer loop
      vertex -8.480989456176758 9.166749954223633 24
      vertex -7.884706497192383 9.61604118347168 22.100000381469727
      vertex -8.480989456176758 9.166749954223633 22.100000381469727
    endloop
  endfacet
  facet normal -0.6017806718456191 0.7986613944551441 0
    outer loop
      vertex -7.884706497192383 9.61604118347168 5.100000381469727
      vertex -8.480989456176758 9.166749954223633 18.900001525878906
      vertex -7.884706497192383 9.61604118347168 18.900001525878906
    endloop
  endfacet
  facet normal -0.6017806718456191 0.7986613944551441 0
    outer loop
      vertex -8.480989456176758 9.166749954223633 18.900001525878906
      vertex -7.884706497192383 9.61604118347168 5.100000381469727
      vertex -8.480989456176758 9.166749954223633 5.100000381469727
    endloop
  endfacet
  facet normal -0.6819296238104712 -0.7314177931727592 0
    outer loop
      vertex -8.995596885681152 -8.68696117401123 22.100000381469727
      vertex -8.480989456176758 -9.166749954223633 24
      vertex -8.995596885681152 -8.68696117401123 24
    endloop
  endfacet
  facet normal -0.6819296238104712 -0.7314177931727592 0
    outer loop
      vertex -8.480989456176758 -9.166749954223633 24
      vertex -8.995596885681152 -8.68696117401123 22.100000381469727
      vertex -8.480989456176758 -9.166749954223633 22.100000381469727
    endloop
  endfacet
  facet normal -0.6819296238104713 -0.7314177931727593 0
    outer loop
      vertex -8.995596885681152 -8.68696117401123 0
      vertex -8.480989456176758 -9.166749954223633 1.9000005722045898
      vertex -8.995596885681152 -8.68696117401123 1.9000005722045898
    endloop
  endfacet
  facet normal -0.6819296238104713 -0.7314177931727593 0
    outer loop
      vertex -8.480989456176758 -9.166749954223633 1.9000005722045898
      vertex -8.995596885681152 -8.68696117401123 0
      vertex -8.480989456176758 -9.166749954223633 0
    endloop
  endfacet
  facet normal -0.6819296238104712 -0.7314177931727591 0
    outer loop
      vertex -8.995596885681152 -8.68696117401123 5.100000381469727
      vertex -8.480989456176758 -9.166749954223633 18.900001525878906
      vertex -8.995596885681152 -8.68696117401123 18.900001525878906
    endloop
  endfacet
  facet normal -0.6819296238104712 -0.7314177931727591 0
    outer loop
      vertex -8.480989456176758 -9.166749954223633 18.900001525878906
      vertex -8.995596885681152 -8.68696117401123 5.100000381469727
      vertex -8.480989456176758 -9.166749954223633 5.100000381469727
    endloop
  endfacet
  facet normal -0.9665286357069373 0.25655875810131024 0
    outer loop
      vertex -10.150883674621582 6.558697700500488 22.100000381469727
      vertex -10.004009246826172 7.1120147705078125 24
      vertex -10.004009246826172 7.1120147705078125 22.100000381469727
    endloop
  endfacet
  facet normal -0.9665286357069373 0.25655875810131024 0
    outer loop
      vertex -10.004009246826172 7.1120147705078125 24
      vertex -10.150883674621582 6.558697700500488 22.100000381469727
      vertex -10.150883674621582 6.558697700500488 24
    endloop
  endfacet
  facet normal -0.9665286357069371 0.25655875810131024 0
    outer loop
      vertex -10.150883674621582 6.558697700500488 0
      vertex -10.004009246826172 7.1120147705078125 1.9000005722045898
      vertex -10.004009246826172 7.1120147705078125 0
    endloop
  endfacet
  facet normal -0.9665286357069371 0.25655875810131024 0
    outer loop
      vertex -10.004009246826172 7.1120147705078125 1.9000005722045898
      vertex -10.150883674621582 6.558697700500488 0
      vertex -10.150883674621582 6.558697700500488 1.9000005722045898
    endloop
  endfacet
  facet normal -0.9665286357069373 0.25655875810131024 0
    outer loop
      vertex -10.150883674621582 6.558697700500488 5.100000381469727
      vertex -10.004009246826172 7.1120147705078125 18.900001525878906
      vertex -10.004009246826172 7.1120147705078125 5.100000381469727
    endloop
  endfacet
  facet normal -0.9665286357069373 0.25655875810131024 0
    outer loop
      vertex -10.004009246826172 7.1120147705078125 18.900001525878906
      vertex -10.150883674621582 6.558697700500488 5.100000381469727
      vertex -10.150883674621582 6.558697700500488 18.900001525878906
    endloop
  endfacet
  facet normal -0.9961580107772586 0.0875740690175772 0
    outer loop
      vertex -10.199999809265137 6 0
      vertex -10.150883674621582 6.558697700500488 1.9000005722045898
      vertex -10.150883674621582 6.558697700500488 0
    endloop
  endfacet
  facet normal -0.9961580107772586 0.0875740690175772 0
    outer loop
      vertex -10.150883674621582 6.558697700500488 1.9000005722045898
      vertex -10.199999809265137 6 0
      vertex -10.199999809265137 6 1.9000005722045898
    endloop
  endfacet
  facet normal -0.9961580107772585 0.0875740690175772 0
    outer loop
      vertex -10.199999809265137 6 22.100000381469727
      vertex -10.150883674621582 6.558697700500488 24
      vertex -10.150883674621582 6.558697700500488 22.100000381469727
    endloop
  endfacet
  facet normal -0.9961580107772585 0.0875740690175772 0
    outer loop
      vertex -10.150883674621582 6.558697700500488 24
      vertex -10.199999809265137 6 22.100000381469727
      vertex -10.199999809265137 6 24
    endloop
  endfacet
  facet normal -0.9961580107772585 0.0875740690175772 0
    outer loop
      vertex -10.199999809265137 6 5.100000381469727
      vertex -10.150883674621582 6.558697700500488 18.900001525878906
      vertex -10.150883674621582 6.558697700500488 5.100000381469727
    endloop
  endfacet
  facet normal -0.9961580107772585 0.0875740690175772 0
    outer loop
      vertex -10.150883674621582 6.558697700500488 18.900001525878906
      vertex -10.199999809265137 6 5.100000381469727
      vertex -10.199999809265137 6 18.900001525878906
    endloop
  endfacet
  facet normal -0.2555296071277588 0.9668012308024505 0
    outer loop
      vertex -3.9033708572387695 11.26611328125 0
      vertex -4.808246612548828 11.02695083618164 24
      vertex -3.9033708572387695 11.26611328125 24
    endloop
  endfacet
  facet normal -0.2555296071277588 0.9668012308024505 0
    outer loop
      vertex -4.808246612548828 11.02695083618164 24
      vertex -3.9033708572387695 11.26611328125 0
      vertex -4.808246612548828 11.02695083618164 0
    endloop
  endfacet
  facet normal -0.4518381809919715 0.8920999149186523 0
    outer loop
      vertex -6.470810890197754 10.406159400939941 0
      vertex -7.212489128112793 10.030508041381836 1.9000005722045898
      vertex -6.470810890197754 10.406159400939941 1.9000005722045898
    endloop
  endfacet
  facet normal -0.4518381809919715 0.8920999149186523 0
    outer loop
      vertex -7.212489128112793 10.030508041381836 1.9000005722045898
      vertex -6.470810890197754 10.406159400939941 0
      vertex -7.212489128112793 10.030508041381836 0
    endloop
  endfacet
  facet normal -0.4518381809919715 0.8920999149186521 0
    outer loop
      vertex -6.470810890197754 10.406159400939941 22.100000381469727
      vertex -7.212489128112793 10.030508041381836 24
      vertex -6.470810890197754 10.406159400939941 24
    endloop
  endfacet
  facet normal -0.4518381809919715 0.8920999149186521 0
    outer loop
      vertex -7.212489128112793 10.030508041381836 24
      vertex -6.470810890197754 10.406159400939941 22.100000381469727
      vertex -7.212489128112793 10.030508041381836 22.100000381469727
    endloop
  endfacet
  facet normal -0.4518381809919714 0.8920999149186521 0
    outer loop
      vertex -6.470810890197754 10.406159400939941 5.100000381469727
      vertex -7.212489128112793 10.030508041381836 18.900001525878906
      vertex -6.470810890197754 10.406159400939941 18.900001525878906
    endloop
  endfacet
  facet normal -0.4518381809919714 0.8920999149186521 0
    outer loop
      vertex -7.212489128112793 10.030508041381836 18.900001525878906
      vertex -6.470810890197754 10.406159400939941 5.100000381469727
      vertex -7.212489128112793 10.030508041381836 5.100000381469727
    endloop
  endfacet
  facet normal -0.3176041488174401 0.948223393855029 0
    outer loop
      vertex -4.808246612548828 11.02695083618164 0
      vertex -5.666815757751465 10.739376068115234 24
      vertex -4.808246612548828 11.02695083618164 24
    endloop
  endfacet
  facet normal -0.3176041488174401 0.948223393855029 0
    outer loop
      vertex -5.666815757751465 10.739376068115234 24
      vertex -4.808246612548828 11.02695083618164 0
      vertex -5.666815757751465 10.739376068115234 0
    endloop
  endfacet
  facet normal -0.08260951762099425 0.996581992411275 0
    outer loop
      vertex -0.9997739791870117 11.672552108764648 22
      vertex -1.9899206161499023 11.590476036071777 24
      vertex -0.9997739791870117 11.672552108764648 24
    endloop
  endfacet
  facet normal -0.08260951762099425 0.996581992411275 0
    outer loop
      vertex -1.9899206161499023 11.590476036071777 24
      vertex -0.9997739791870117 11.672552108764648 22
      vertex -1.9899206161499023 11.590476036071777 22
    endloop
  endfacet
  facet normal -0.08260951762099425 0.996581992411275 0
    outer loop
      vertex -0.9997739791870117 11.672552108764648 0
      vertex -1.9899206161499023 11.590476036071777 2
      vertex -0.9997739791870117 11.672552108764648 2
    endloop
  endfacet
  facet normal -0.08260951762099425 0.996581992411275 0
    outer loop
      vertex -1.9899206161499023 11.590476036071777 2
      vertex -0.9997739791870117 11.672552108764648 0
      vertex -1.9899206161499023 11.590476036071777 0
    endloop
  endfacet
  facet normal -0.027443565262672057 0.9996233544318948 0
    outer loop
      vertex 0 11.699999809265137 0
      vertex -0.9997739791870117 11.672552108764648 2
      vertex 0 11.699999809265137 2
    endloop
  endfacet
  facet normal -0.027443565262672057 0.9996233544318948 0
    outer loop
      vertex -0.9997739791870117 11.672552108764648 2
      vertex 0 11.699999809265137 0
      vertex -0.9997739791870117 11.672552108764648 0
    endloop
  endfacet
  facet normal -0.027443565262672057 0.9996233544318948 0
    outer loop
      vertex 0 11.699999809265137 22
      vertex -0.9997739791870117 11.672552108764648 24
      vertex 0 11.699999809265137 24
    endloop
  endfacet
  facet normal -0.027443565262672057 0.9996233544318948 0
    outer loop
      vertex -0.9997739791870117 11.672552108764648 24
      vertex 0 11.699999809265137 22
      vertex -0.9997739791870117 11.672552108764648 22
    endloop
  endfacet
  facet normal -0.5248270646898028 0.8512088769327335 0
    outer loop
      vertex -7.212489128112793 10.030508041381836 0
      vertex -7.884706497192383 9.61604118347168 1.9000005722045898
      vertex -7.212489128112793 10.030508041381836 1.9000005722045898
    endloop
  endfacet
  facet normal -0.5248270646898028 0.8512088769327335 0
    outer loop
      vertex -7.884706497192383 9.61604118347168 1.9000005722045898
      vertex -7.212489128112793 10.030508041381836 0
      vertex -7.884706497192383 9.61604118347168 0
    endloop
  endfacet
  facet normal -0.5248270646898028 0.8512088769327336 0
    outer loop
      vertex -7.212489128112793 10.030508041381836 22.100000381469727
      vertex -7.884706497192383 9.61604118347168 24
      vertex -7.212489128112793 10.030508041381836 24
    endloop
  endfacet
  facet normal -0.5248270646898028 0.8512088769327336 0
    outer loop
      vertex -7.884706497192383 9.61604118347168 24
      vertex -7.212489128112793 10.030508041381836 22.100000381469727
      vertex -7.884706497192383 9.61604118347168 22.100000381469727
    endloop
  endfacet
  facet normal -0.5248270646898028 0.8512088769327335 0
    outer loop
      vertex -7.212489128112793 10.030508041381836 5.100000381469727
      vertex -7.884706497192383 9.61604118347168 18.900001525878906
      vertex -7.212489128112793 10.030508041381836 18.900001525878906
    endloop
  endfacet
  facet normal -0.5248270646898028 0.8512088769327335 0
    outer loop
      vertex -7.884706497192383 9.61604118347168 18.900001525878906
      vertex -7.212489128112793 10.030508041381836 5.100000381469727
      vertex -7.884706497192383 9.61604118347168 5.100000381469727
    endloop
  endfacet
  facet normal -0.9125214623845241 -0.4090288262306334 0
    outer loop
      vertex -9.760790824890137 -7.6546220779418945 0
      vertex -10.004009246826172 -7.1120147705078125 1.9000005722045898
      vertex -10.004009246826172 -7.1120147705078125 0
    endloop
  endfacet
  facet normal -0.9125214623845241 -0.4090288262306334 0
    outer loop
      vertex -10.004009246826172 -7.1120147705078125 1.9000005722045898
      vertex -9.760790824890137 -7.6546220779418945 0
      vertex -9.760790824890137 -7.6546220779418945 1.9000005722045898
    endloop
  endfacet
  facet normal -0.912521462384524 -0.40902882623063336 0
    outer loop
      vertex -9.760790824890137 -7.6546220779418945 22.100000381469727
      vertex -10.004009246826172 -7.1120147705078125 24
      vertex -10.004009246826172 -7.1120147705078125 22.100000381469727
    endloop
  endfacet
  facet normal -0.912521462384524 -0.40902882623063336 0
    outer loop
      vertex -10.004009246826172 -7.1120147705078125 24
      vertex -9.760790824890137 -7.6546220779418945 22.100000381469727
      vertex -9.760790824890137 -7.6546220779418945 24
    endloop
  endfacet
  facet normal -0.912521462384524 -0.40902882623063336 0
    outer loop
      vertex -9.760790824890137 -7.6546220779418945 5.100000381469727
      vertex -10.004009246826172 -7.1120147705078125 18.900001525878906
      vertex -10.004009246826172 -7.1120147705078125 5.100000381469727
    endloop
  endfacet
  facet normal -0.912521462384524 -0.40902882623063336 0
    outer loop
      vertex -10.004009246826172 -7.1120147705078125 18.900001525878906
      vertex -9.760790824890137 -7.6546220779418945 5.100000381469727
      vertex -9.760790824890137 -7.6546220779418945 18.900001525878906
    endloop
  endfacet
  facet normal -0.2555296071277588 -0.9668012308024505 0
    outer loop
      vertex -4.808246612548828 -11.02695083618164 0
      vertex -3.9033708572387695 -11.26611328125 24
      vertex -4.808246612548828 -11.02695083618164 24
    endloop
  endfacet
  facet normal -0.2555296071277588 -0.9668012308024505 0
    outer loop
      vertex -3.9033708572387695 -11.26611328125 24
      vertex -4.808246612548828 -11.02695083618164 0
      vertex -3.9033708572387695 -11.26611328125 0
    endloop
  endfacet
  facet normal -0.912521462384524 0.40902882623063336 0
    outer loop
      vertex -10.004009246826172 7.1120147705078125 22.100000381469727
      vertex -9.760790824890137 7.6546220779418945 24
      vertex -9.760790824890137 7.6546220779418945 22.100000381469727
    endloop
  endfacet
  facet normal -0.912521462384524 0.40902882623063336 0
    outer loop
      vertex -9.760790824890137 7.6546220779418945 24
      vertex -10.004009246826172 7.1120147705078125 22.100000381469727
      vertex -10.004009246826172 7.1120147705078125 24
    endloop
  endfacet
  facet normal -0.9125214623845241 0.4090288262306334 0
    outer loop
      vertex -10.004009246826172 7.1120147705078125 0
      vertex -9.760790824890137 7.6546220779418945 1.9000005722045898
      vertex -9.760790824890137 7.6546220779418945 0
    endloop
  endfacet
  facet normal -0.9125214623845241 0.4090288262306334 0
    outer loop
      vertex -9.760790824890137 7.6546220779418945 1.9000005722045898
      vertex -10.004009246826172 7.1120147705078125 0
      vertex -10.004009246826172 7.1120147705078125 1.9000005722045898
    endloop
  endfacet
  facet normal -0.912521462384524 0.40902882623063336 0
    outer loop
      vertex -10.004009246826172 7.1120147705078125 5.100000381469727
      vertex -9.760790824890137 7.6546220779418945 18.900001525878906
      vertex -9.760790824890137 7.6546220779418945 5.100000381469727
    endloop
  endfacet
  facet normal -0.912521462384524 0.40902882623063336 0
    outer loop
      vertex -9.760790824890137 7.6546220779418945 18.900001525878906
      vertex -10.004009246826172 7.1120147705078125 5.100000381469727
      vertex -10.004009246826172 7.1120147705078125 18.900001525878906
    endloop
  endfacet
  facet normal -0.38287072644483094 0.9238019305195283 -1.2024085699211498e-8
    outer loop
      vertex -5.666815757751465 10.739376068115234 24
      vertex -6.1720051765441895 10.529999732971191 22.100000381469727
      vertex -6.470810890197754 10.406159400939941 24
    endloop
  endfacet
  facet normal -0.3828707650378764 0.9238019145245973 0
    outer loop
      vertex -5.666815757751465 10.739376068115234 24
      vertex -6.1720051765441895 10.529999732971191 18.900001525878906
      vertex -6.1720051765441895 10.529999732971191 22.100000381469727
    endloop
  endfacet
  facet normal -0.3828706611957455 0.9238019575620808 0
    outer loop
      vertex -6.1720051765441895 10.529999732971191 18.900001525878906
      vertex -6.1720051765441895 10.529999732971191 5.100000381469727
      vertex -6.470810890197754 10.406159400939941 18.900001525878906
    endloop
  endfacet
  facet normal -0.3828707650378764 0.9238019145245973 0
    outer loop
      vertex -5.666815757751465 10.739376068115234 24
      vertex -6.1720051765441895 10.529999732971191 5.100000381469727
      vertex -6.1720051765441895 10.529999732971191 18.900001525878906
    endloop
  endfacet
  facet normal -0.3828707650378764 0.9238019145245973 0
    outer loop
      vertex -5.666815757751465 10.739376068115234 0
      vertex -6.1720051765441895 10.529999732971191 5.100000381469727
      vertex -5.666815757751465 10.739376068115234 24
    endloop
  endfacet
  facet normal -0.3828707650378764 0.9238019145245973 0
    outer loop
      vertex -6.1720051765441895 10.529999732971191 5.100000381469727
      vertex -5.666815757751465 10.739376068115234 0
      vertex -6.1720051765441895 10.529999732971191 1.9000005722045898
    endloop
  endfacet
  facet normal -0.38287072644483094 0.9238019305195283 1.2024079663917678e-8
    outer loop
      vertex -6.470810890197754 10.406159400939941 0
      vertex -6.1720051765441895 10.529999732971191 1.9000005722045898
      vertex -5.666815757751465 10.739376068115234 0
    endloop
  endfacet
  facet normal -0.38287066119574553 0.9238019575620809 0
    outer loop
      vertex -6.1720051765441895 10.529999732971191 1.9000005722045898
      vertex -6.470810890197754 10.406159400939941 0
      vertex -6.470810890197754 10.406159400939941 1.9000005722045898
    endloop
  endfacet
  facet normal -0.3828706611957455 0.9238019575620809 0
    outer loop
      vertex -6.470810890197754 10.406159400939941 24
      vertex -6.1720051765441895 10.529999732971191 22.100000381469727
      vertex -6.470810890197754 10.406159400939941 22.100000381469727
    endloop
  endfacet
  facet normal -0.3828706611957455 0.9238019575620808 0
    outer loop
      vertex -6.470810890197754 10.406159400939941 18.900001525878906
      vertex -6.1720051765441895 10.529999732971191 5.100000381469727
      vertex -6.470810890197754 10.406159400939941 5.100000381469727
    endloop
  endfacet
  facet normal -0.13862699021606448 -0.990344666055023 0
    outer loop
      vertex -2.9609031677246094 -11.454559326171875 0
      vertex -1.9899206161499023 -11.590476036071777 24
      vertex -2.9609031677246094 -11.454559326171875 24
    endloop
  endfacet
  facet normal -0.13862699021606448 -0.990344666055023 0
    outer loop
      vertex -1.9899206161499023 -11.590476036071777 24
      vertex -2.9609031677246094 -11.454559326171875 0
      vertex -1.9899206161499023 -11.590476036071777 0
    endloop
  endfacet
  facet normal -0.027443565262672057 -0.9996233544318948 0
    outer loop
      vertex -0.9997739791870117 -11.672552108764648 17.900001525878906
      vertex 0 -11.699999809265137 24
      vertex -0.9997739791870117 -11.672552108764648 24
    endloop
  endfacet
  facet normal -0.027443565262672057 -0.9996233544318948 0
    outer loop
      vertex 0 -11.699999809265137 24
      vertex -0.9997739791870117 -11.672552108764648 17.900001525878906
      vertex 0 -11.699999809265137 17.900001525878906
    endloop
  endfacet
  facet normal -0.027443565262672057 -0.9996233544318948 0
    outer loop
      vertex -0.9997739791870117 -11.672552108764648 0
      vertex 0 -11.699999809265137 6.100000381469727
      vertex -0.9997739791870117 -11.672552108764648 6.100000381469727
    endloop
  endfacet
  facet normal -0.027443565262672057 -0.9996233544318948 0
    outer loop
      vertex 0 -11.699999809265137 6.100000381469727
      vertex -0.9997739791870117 -11.672552108764648 0
      vertex 0 -11.699999809265137 0
    endloop
  endfacet
  facet normal -0.02744356526267206 -0.9996233544318948 0
    outer loop
      vertex -0.9997739791870117 -11.672552108764648 9.700000762939453
      vertex 0 -11.699999809265137 14.300000190734863
      vertex -0.9997739791870117 -11.672552108764648 14.300000190734863
    endloop
  endfacet
  facet normal -0.02744356526267206 -0.9996233544318948 0
    outer loop
      vertex 0 -11.699999809265137 14.300000190734863
      vertex -0.9997739791870117 -11.672552108764648 9.700000762939453
      vertex 0 -11.699999809265137 9.700000762939453
    endloop
  endfacet
  facet normal -0.5248270646898028 -0.8512088769327336 0
    outer loop
      vertex -7.884706497192383 -9.61604118347168 22.100000381469727
      vertex -7.212489128112793 -10.030508041381836 24
      vertex -7.884706497192383 -9.61604118347168 24
    endloop
  endfacet
  facet normal -0.5248270646898028 -0.8512088769327336 0
    outer loop
      vertex -7.212489128112793 -10.030508041381836 24
      vertex -7.884706497192383 -9.61604118347168 22.100000381469727
      vertex -7.212489128112793 -10.030508041381836 22.100000381469727
    endloop
  endfacet
  facet normal -0.5248270646898028 -0.8512088769327335 0
    outer loop
      vertex -7.884706497192383 -9.61604118347168 0
      vertex -7.212489128112793 -10.030508041381836 1.9000005722045898
      vertex -7.884706497192383 -9.61604118347168 1.9000005722045898
    endloop
  endfacet
  facet normal -0.5248270646898028 -0.8512088769327335 0
    outer loop
      vertex -7.212489128112793 -10.030508041381836 1.9000005722045898
      vertex -7.884706497192383 -9.61604118347168 0
      vertex -7.212489128112793 -10.030508041381836 0
    endloop
  endfacet
  facet normal -0.5248270646898028 -0.8512088769327335 0
    outer loop
      vertex -7.884706497192383 -9.61604118347168 5.100000381469727
      vertex -7.212489128112793 -10.030508041381836 18.900001525878906
      vertex -7.884706497192383 -9.61604118347168 18.900001525878906
    endloop
  endfacet
  facet normal -0.5248270646898028 -0.8512088769327335 0
    outer loop
      vertex -7.212489128112793 -10.030508041381836 18.900001525878906
      vertex -7.884706497192383 -9.61604118347168 5.100000381469727
      vertex -7.212489128112793 -10.030508041381836 5.100000381469727
    endloop
  endfacet
  facet normal -0.6017806718456191 -0.7986613944551441 0
    outer loop
      vertex -8.480989456176758 -9.166749954223633 22.100000381469727
      vertex -7.884706497192383 -9.61604118347168 24
      vertex -8.480989456176758 -9.166749954223633 24
    endloop
  endfacet
  facet normal -0.6017806718456191 -0.7986613944551441 0
    outer loop
      vertex -7.884706497192383 -9.61604118347168 24
      vertex -8.480989456176758 -9.166749954223633 22.100000381469727
      vertex -7.884706497192383 -9.61604118347168 22.100000381469727
    endloop
  endfacet
  facet normal -0.6017806718456192 -0.7986613944551442 0
    outer loop
      vertex -8.480989456176758 -9.166749954223633 0
      vertex -7.884706497192383 -9.61604118347168 1.9000005722045898
      vertex -8.480989456176758 -9.166749954223633 1.9000005722045898
    endloop
  endfacet
  facet normal -0.6017806718456192 -0.7986613944551442 0
    outer loop
      vertex -7.884706497192383 -9.61604118347168 1.9000005722045898
      vertex -8.480989456176758 -9.166749954223633 0
      vertex -7.884706497192383 -9.61604118347168 0
    endloop
  endfacet
  facet normal -0.6017806718456191 -0.7986613944551441 0
    outer loop
      vertex -8.480989456176758 -9.166749954223633 5.100000381469727
      vertex -7.884706497192383 -9.61604118347168 18.900001525878906
      vertex -8.480989456176758 -9.166749954223633 18.900001525878906
    endloop
  endfacet
  facet normal -0.6017806718456191 -0.7986613944551441 0
    outer loop
      vertex -7.884706497192383 -9.61604118347168 18.900001525878906
      vertex -8.480989456176758 -9.166749954223633 5.100000381469727
      vertex -7.884706497192383 -9.61604118347168 5.100000381469727
    endloop
  endfacet
  facet normal -0.6819296238104713 0.7314177931727593 0
    outer loop
      vertex -8.480989456176758 9.166749954223633 0
      vertex -8.995596885681152 8.68696117401123 1.9000005722045898
      vertex -8.480989456176758 9.166749954223633 1.9000005722045898
    endloop
  endfacet
  facet normal -0.6819296238104713 0.7314177931727593 0
    outer loop
      vertex -8.995596885681152 8.68696117401123 1.9000005722045898
      vertex -8.480989456176758 9.166749954223633 0
      vertex -8.995596885681152 8.68696117401123 0
    endloop
  endfacet
  facet normal -0.6819296238104712 0.7314177931727592 0
    outer loop
      vertex -8.480989456176758 9.166749954223633 22.100000381469727
      vertex -8.995596885681152 8.68696117401123 24
      vertex -8.480989456176758 9.166749954223633 24
    endloop
  endfacet
  facet normal -0.6819296238104712 0.7314177931727592 0
    outer loop
      vertex -8.995596885681152 8.68696117401123 24
      vertex -8.480989456176758 9.166749954223633 22.100000381469727
      vertex -8.995596885681152 8.68696117401123 22.100000381469727
    endloop
  endfacet
  facet normal -0.6819296238104712 0.7314177931727591 0
    outer loop
      vertex -8.480989456176758 9.166749954223633 5.100000381469727
      vertex -8.995596885681152 8.68696117401123 18.900001525878906
      vertex -8.480989456176758 9.166749954223633 18.900001525878906
    endloop
  endfacet
  facet normal -0.6819296238104712 0.7314177931727591 0
    outer loop
      vertex -8.995596885681152 8.68696117401123 18.900001525878906
      vertex -8.480989456176758 9.166749954223633 5.100000381469727
      vertex -8.995596885681152 8.68696117401123 5.100000381469727
    endloop
  endfacet
  facet normal 0 0 1
    outer loop
      vertex 0 11.699999809265137 24
      vertex -0.7841367721557617 9.483145713806152 24
      vertex 0 9.5 24
    endloop
  endfacet
  facet normal 0 0 1
    outer loop
      vertex -0.9997739791870117 11.672552108764648 24
      vertex -0.7841367721557617 9.483145713806152 24
      vertex 0 11.699999809265137 24
    endloop
  endfacet
  facet normal 0 0 1
    outer loop
      vertex -0.9997739791870117 11.672552108764648 24
      vertex -1.5607223510742188 9.432747840881348 24
      vertex -0.7841367721557617 9.483145713806152 24
    endloop
  endfacet
  facet normal 0 0 1
    outer loop
      vertex -1.9899206161499023 11.590476036071777 24
      vertex -1.5607223510742188 9.432747840881348 24
      vertex -0.9997739791870117 11.672552108764648 24
    endloop
  endfacet
  facet normal 0 0 1
    outer loop
      vertex -1.9899206161499023 11.590476036071777 24
      vertex -2.322277069091797 9.34929084777832 24
      vertex -1.5607223510742188 9.432747840881348 24
    endloop
  endfacet
  facet normal 0 0 1
    outer loop
      vertex -2.9609031677246094 11.454559326171875 24
      vertex -2.322277069091797 9.34929084777832 24
      vertex -1.9899206161499023 11.590476036071777 24
    endloop
  endfacet
  facet normal 0 0 1
    outer loop
      vertex -2.9609031677246094 11.454559326171875 24
      vertex -3.061467170715332 9.233577728271484 24
      vertex -2.322277069091797 9.34929084777832 24
    endloop
  endfacet
  facet normal 0 0 1
    outer loop
      vertex -3.9033708572387695 11.26611328125 24
      vertex -3.061467170715332 9.233577728271484 24
      vertex -2.9609031677246094 11.454559326171875 24
    endloop
  endfacet
  facet normal 0 0 1
    outer loop
      vertex -3.061467170715332 9.233577728271484 24
      vertex -3.9033708572387695 11.26611328125 24
      vertex -3.7711734771728516 9.086724281311035 24
    endloop
  endfacet
  facet normal 0 0 1
    outer loop
      vertex -4.808246612548828 11.02695083618164 24
      vertex -3.7711734771728516 9.086724281311035 24
      vertex -3.9033708572387695 11.26611328125 24
    endloop
  endfacet
  facet normal 0 0 1
    outer loop
      vertex -3.7711734771728516 9.086724281311035 24
      vertex -4.808246612548828 11.02695083618164 24
      vertex -4.444561004638672 8.91014289855957 24
    endloop
  endfacet
  facet normal 0 0 1
    outer loop
      vertex -5.666815757751465 10.739376068115234 24
      vertex -4.444561004638672 8.91014289855957 24
      vertex -4.808246612548828 11.02695083618164 24
    endloop
  endfacet
  facet normal 0 0 1
    outer loop
      vertex -4.444561004638672 8.91014289855957 24
      vertex -5.666815757751465 10.739376068115234 24
      vertex -5.075145721435547 8.705535888671875 24
    endloop
  endfacet
  facet normal 0 0 1
    outer loop
      vertex -6.470810890197754 10.406159400939941 24
      vertex -5.075145721435547 8.705535888671875 24
      vertex -5.666815757751465 10.739376068115234 24
    endloop
  endfacet
  facet normal 0 0 1
    outer loop
      vertex -5.075145721435547 8.705535888671875 24
      vertex -6.470810890197754 10.406159400939941 24
      vertex -5.656853675842285 8.474873542785645 24
    endloop
  endfacet
  facet normal 0 0 1
    outer loop
      vertex -5.656853675842285 8.474873542785645 24
      vertex -6.470810890197754 10.406159400939941 24
      vertex -6.184082984924316 8.220376014709473 24
    endloop
  endfacet
  facet normal 0 0 1
    outer loop
      vertex -7.212489128112793 10.030508041381836 24
      vertex -6.184082984924316 8.220376014709473 24
      vertex -6.470810890197754 10.406159400939941 24
    endloop
  endfacet
  facet normal 0 0 1
    outer loop
      vertex -6.184082984924316 8.220376014709473 24
      vertex -7.212489128112793 10.030508041381836 24
      vertex -6.651756286621094 7.94449520111084 24
    endloop
  endfacet
  facet normal 0 0 1
    outer loop
      vertex -7.884706497192383 9.61604118347168 24
      vertex -6.651756286621094 7.94449520111084 24
      vertex -7.212489128112793 10.030508041381836 24
    endloop
  endfacet
  facet normal 0 0 1
    outer loop
      vertex -6.651756286621094 7.94449520111084 24
      vertex -7.884706497192383 9.61604118347168 24
      vertex -7.0553693771362305 7.649888038635254 24
    endloop
  endfacet
  facet normal 0 0 1
    outer loop
      vertex -8.480989456176758 9.166749954223633 24
      vertex -7.0553693771362305 7.649888038635254 24
      vertex -7.884706497192383 9.61604118347168 24
    endloop
  endfacet
  facet normal 0 0 1
    outer loop
      vertex -7.0553693771362305 7.649888038635254 24
      vertex -8.480989456176758 9.166749954223633 24
      vertex -7.391036033630371 7.339391708374023 24
    endloop
  endfacet
  facet normal 0 0 1
    outer loop
      vertex -8.995596885681152 8.68696117401123 24
      vertex -7.391036033630371 7.339391708374023 24
      vertex -8.480989456176758 9.166749954223633 24
    endloop
  endfacet
  facet normal 0 0 1
    outer loop
      vertex -7.391036033630371 7.339391708374023 24
      vertex -8.995596885681152 8.68696117401123 24
      vertex -7.655522346496582 7.015995979309082 24
    endloop
  endfacet
  facet normal 0 0 1
    outer loop
      vertex -9.42357063293457 8.181295394897461 24
      vertex -7.655522346496582 7.015995979309082 24
      vertex -8.995596885681152 8.68696117401123 24
    endloop
  endfacet
  facet normal 0 0 1
    outer loop
      vertex -7.655522346496582 7.015995979309082 24
      vertex -9.42357063293457 8.181295394897461 24
      vertex -7.846282005310059 6.6828155517578125 24
    endloop
  endfacet
  facet normal 0 0 1
    outer loop
      vertex -9.760790824890137 7.6546220779418945 24
      vertex -7.846282005310059 6.6828155517578125 24
      vertex -9.42357063293457 8.181295394897461 24
    endloop
  endfacet
  facet normal 0 0 1
    outer loop
      vertex -10.004009246826172 7.1120147705078125 24
      vertex -7.846282005310059 6.6828155517578125 24
      vertex -9.760790824890137 7.6546220779418945 24
    endloop
  endfacet
  facet normal 0 0 1
    outer loop
      vertex -9.199999809265137 1.0999994277954102 24
      vertex -8 6 24
      vertex -10.199999809265137 6 24
    endloop
  endfacet
  facet normal 0 0 1
    outer loop
      vertex -8 6 24
      vertex -9.199999809265137 1.0999994277954102 24
      vertex -8 1.0999994277954102 24
    endloop
  endfacet
  facet normal 0 0 1
    outer loop
      vertex -7.846282005310059 6.6828155517578125 24
      vertex -10.004009246826172 7.1120147705078125 24
      vertex -7.961477279663086 6.343059539794922 24
    endloop
  endfacet
  facet normal 0 0 1
    outer loop
      vertex -9.199999809265137 -1.0999994277954102 24
      vertex -8 -6 24
      vertex -8 -1.0999994277954102 24
    endloop
  endfacet
  facet normal 0 0 1
    outer loop
      vertex -10.150883674621582 -6.558697700500488 24
      vertex -8 -6 24
      vertex -10.199999809265137 -6 24
    endloop
  endfacet
  facet normal 0 0 1
    outer loop
      vertex -8 -6 24
      vertex -9.199999809265137 -1.0999994277954102 24
      vertex -10.199999809265137 -6 24
    endloop
  endfacet
  facet normal 0 0 1
    outer loop
      vertex -8 -6 24
      vertex -8.995596885681152 -8.68696117401123 24
      vertex -8.480989456176758 -9.166749954223633 24
    endloop
  endfacet
  facet normal 0 0 1
    outer loop
      vertex -9.199999809265137 1.0999994277954102 24
      vertex -10.199999809265137 6 24
      vertex -9.199999809265137 -1.0999994277954102 24
    endloop
  endfacet
  facet normal 0 0 1
    outer loop
      vertex -10.150883674621582 6.558697700500488 24
      vertex -7.961477279663086 6.343059539794922 24
      vertex -10.004009246826172 7.1120147705078125 24
    endloop
  endfacet
  facet normal 0 0 1
    outer loop
      vertex -10.199999809265137 -6 24
      vertex -9.199999809265137 -1.0999994277954102 24
      vertex -10.199999809265137 6 24
    endloop
  endfacet
  facet normal 0 0 1
    outer loop
      vertex -7.961477279663086 6.343059539794922 24
      vertex -10.150883674621582 6.558697700500488 24
      vertex -8 6 24
    endloop
  endfacet
  facet normal 0 0 1
    outer loop
      vertex -8 -6 24
      vertex -9.42357063293457 -8.181295394897461 24
      vertex -8.995596885681152 -8.68696117401123 24
    endloop
  endfacet
  facet normal 0 0 1
    outer loop
      vertex -8 6 24
      vertex -10.150883674621582 6.558697700500488 24
      vertex -10.199999809265137 6 24
    endloop
  endfacet
  facet normal 0 0 1
    outer loop
      vertex -8 -6 24
      vertex -9.760790824890137 -7.6546220779418945 24
      vertex -9.42357063293457 -8.181295394897461 24
    endloop
  endfacet
  facet normal 0 0 1
    outer loop
      vertex -8 -6 24
      vertex -10.004009246826172 -7.1120147705078125 24
      vertex -9.760790824890137 -7.6546220779418945 24
    endloop
  endfacet
  facet normal 0 0 1
    outer loop
      vertex -8 -6 24
      vertex -10.150883674621582 -6.558697700500488 24
      vertex -10.004009246826172 -7.1120147705078125 24
    endloop
  endfacet
  facet normal 0 0 1
    outer loop
      vertex -0.7841367721557617 -9.483145713806152 24
      vertex 0 -11.699999809265137 24
      vertex 0 -9.5 24
    endloop
  endfacet
  facet normal 0 0 1
    outer loop
      vertex -0.7841367721557617 -9.483145713806152 24
      vertex -0.9997739791870117 -11.672552108764648 24
      vertex 0 -11.699999809265137 24
    endloop
  endfacet
  facet normal 0 0 1
    outer loop
      vertex -1.5607223510742188 -9.432747840881348 24
      vertex -0.9997739791870117 -11.672552108764648 24
      vertex -0.7841367721557617 -9.483145713806152 24
    endloop
  endfacet
  facet normal 0 0 1
    outer loop
      vertex -1.5607223510742188 -9.432747840881348 24
      vertex -1.9899206161499023 -11.590476036071777 24
      vertex -0.9997739791870117 -11.672552108764648 24
    endloop
  endfacet
  facet normal 0 0 1
    outer loop
      vertex -2.322277069091797 -9.34929084777832 24
      vertex -1.9899206161499023 -11.590476036071777 24
      vertex -1.5607223510742188 -9.432747840881348 24
    endloop
  endfacet
  facet normal 0 0 1
    outer loop
      vertex -2.322277069091797 -9.34929084777832 24
      vertex -2.9609031677246094 -11.454559326171875 24
      vertex -1.9899206161499023 -11.590476036071777 24
    endloop
  endfacet
  facet normal 0 0 1
    outer loop
      vertex -3.061467170715332 -9.233577728271484 24
      vertex -2.9609031677246094 -11.454559326171875 24
      vertex -2.322277069091797 -9.34929084777832 24
    endloop
  endfacet
  facet normal 0 0 1
    outer loop
      vertex -3.9033708572387695 -11.26611328125 24
      vertex -3.061467170715332 -9.233577728271484 24
      vertex -3.7711734771728516 -9.086724281311035 24
    endloop
  endfacet
  facet normal 0 0 1
    outer loop
      vertex -3.061467170715332 -9.233577728271484 24
      vertex -3.9033708572387695 -11.26611328125 24
      vertex -2.9609031677246094 -11.454559326171875 24
    endloop
  endfacet
  facet normal 0 0 1
    outer loop
      vertex -4.808246612548828 -11.02695083618164 24
      vertex -3.7711734771728516 -9.086724281311035 24
      vertex -4.444561004638672 -8.91014289855957 24
    endloop
  endfacet
  facet normal 0 0 1
    outer loop
      vertex -3.7711734771728516 -9.086724281311035 24
      vertex -4.808246612548828 -11.02695083618164 24
      vertex -3.9033708572387695 -11.26611328125 24
    endloop
  endfacet
  facet normal 0 0 1
    outer loop
      vertex -5.666815757751465 -10.739376068115234 24
      vertex -4.444561004638672 -8.91014289855957 24
      vertex -5.075145721435547 -8.705535888671875 24
    endloop
  endfacet
  facet normal 0 0 1
    outer loop
      vertex -6.470810890197754 -10.406159400939941 24
      vertex -5.075145721435547 -8.705535888671875 24
      vertex -5.656853675842285 -8.474873542785645 24
    endloop
  endfacet
  facet normal 0 0 1
    outer loop
      vertex -4.444561004638672 -8.91014289855957 24
      vertex -5.666815757751465 -10.739376068115234 24
      vertex -4.808246612548828 -11.02695083618164 24
    endloop
  endfacet
  facet normal 0 0 1
    outer loop
      vertex -6.470810890197754 -10.406159400939941 24
      vertex -5.656853675842285 -8.474873542785645 24
      vertex -6.184082984924316 -8.220376014709473 24
    endloop
  endfacet
  facet normal 0 0 1
    outer loop
      vertex -5.075145721435547 -8.705535888671875 24
      vertex -6.470810890197754 -10.406159400939941 24
      vertex -5.666815757751465 -10.739376068115234 24
    endloop
  endfacet
  facet normal 0 0 1
    outer loop
      vertex -7.212489128112793 -10.030508041381836 24
      vertex -6.184082984924316 -8.220376014709473 24
      vertex -6.651756286621094 -7.94449520111084 24
    endloop
  endfacet
  facet normal 0 0 1
    outer loop
      vertex -7.884706497192383 -9.61604118347168 24
      vertex -6.651756286621094 -7.94449520111084 24
      vertex -7.0553693771362305 -7.649888038635254 24
    endloop
  endfacet
  facet normal 0 0 1
    outer loop
      vertex -6.184082984924316 -8.220376014709473 24
      vertex -7.212489128112793 -10.030508041381836 24
      vertex -6.470810890197754 -10.406159400939941 24
    endloop
  endfacet
  facet normal 0 0 1
    outer loop
      vertex -8.480989456176758 -9.166749954223633 24
      vertex -7.0553693771362305 -7.649888038635254 24
      vertex -7.391036033630371 -7.339391708374023 24
    endloop
  endfacet
  facet normal 0 0 1
    outer loop
      vertex -8.480989456176758 -9.166749954223633 24
      vertex -7.391036033630371 -7.339391708374023 24
      vertex -7.655522346496582 -7.015995979309082 24
    endloop
  endfacet
  facet normal 0 0 1
    outer loop
      vertex -8.480989456176758 -9.166749954223633 24
      vertex -7.655522346496582 -7.015995979309082 24
      vertex -7.846282005310059 -6.6828155517578125 24
    endloop
  endfacet
  facet normal 0 0 1
    outer loop
      vertex -6.651756286621094 -7.94449520111084 24
      vertex -7.884706497192383 -9.61604118347168 24
      vertex -7.212489128112793 -10.030508041381836 24
    endloop
  endfacet
  facet normal 0 0 1
    outer loop
      vertex -8.480989456176758 -9.166749954223633 24
      vertex -7.846282005310059 -6.6828155517578125 24
      vertex -7.961477279663086 -6.343059539794922 24
    endloop
  endfacet
  facet normal 0 0 1
    outer loop
      vertex -8.480989456176758 -9.166749954223633 24
      vertex -7.961477279663086 -6.343059539794922 24
      vertex -8 -6 24
    endloop
  endfacet
  facet normal 0 0 1
    outer loop
      vertex -7.0553693771362305 -7.649888038635254 24
      vertex -8.480989456176758 -9.166749954223633 24
      vertex -7.884706497192383 -9.61604118347168 24
    endloop
  endfacet
  facet normal -0.8421630136949103 -0.5392230135707361 0
    outer loop
      vertex -9.42357063293457 -8.181295394897461 0
      vertex -9.760790824890137 -7.6546220779418945 1.9000005722045898
      vertex -9.760790824890137 -7.6546220779418945 0
    endloop
  endfacet
  facet normal -0.8421630136949103 -0.5392230135707361 0
    outer loop
      vertex -9.760790824890137 -7.6546220779418945 1.9000005722045898
      vertex -9.42357063293457 -8.181295394897461 0
      vertex -9.42357063293457 -8.181295394897461 1.9000005722045898
    endloop
  endfacet
  facet normal -0.8421630136949104 -0.5392230135707361 0
    outer loop
      vertex -9.42357063293457 -8.181295394897461 22.100000381469727
      vertex -9.760790824890137 -7.6546220779418945 24
      vertex -9.760790824890137 -7.6546220779418945 22.100000381469727
    endloop
  endfacet
  facet normal -0.8421630136949104 -0.5392230135707361 0
    outer loop
      vertex -9.760790824890137 -7.6546220779418945 24
      vertex -9.42357063293457 -8.181295394897461 22.100000381469727
      vertex -9.42357063293457 -8.181295394897461 24
    endloop
  endfacet
  facet normal -0.8421630136949104 -0.5392230135707361 0
    outer loop
      vertex -9.42357063293457 -8.181295394897461 5.100000381469727
      vertex -9.760790824890137 -7.6546220779418945 18.900001525878906
      vertex -9.760790824890137 -7.6546220779418945 5.100000381469727
    endloop
  endfacet
  facet normal -0.8421630136949104 -0.5392230135707361 0
    outer loop
      vertex -9.760790824890137 -7.6546220779418945 18.900001525878906
      vertex -9.42357063293457 -8.181295394897461 5.100000381469727
      vertex -9.42357063293457 -8.181295394897461 18.900001525878906
    endloop
  endfacet
  facet normal -0.763309833083474 -0.6460325833253916 0
    outer loop
      vertex -8.995596885681152 -8.68696117401123 0
      vertex -9.42357063293457 -8.181295394897461 1.9000005722045898
      vertex -9.42357063293457 -8.181295394897461 0
    endloop
  endfacet
  facet normal -0.763309833083474 -0.6460325833253916 0
    outer loop
      vertex -9.42357063293457 -8.181295394897461 1.9000005722045898
      vertex -8.995596885681152 -8.68696117401123 0
      vertex -8.995596885681152 -8.68696117401123 1.9000005722045898
    endloop
  endfacet
  facet normal -0.7633098330834741 -0.6460325833253916 0
    outer loop
      vertex -8.995596885681152 -8.68696117401123 22.100000381469727
      vertex -9.42357063293457 -8.181295394897461 24
      vertex -9.42357063293457 -8.181295394897461 22.100000381469727
    endloop
  endfacet
  facet normal -0.7633098330834741 -0.6460325833253916 0
    outer loop
      vertex -9.42357063293457 -8.181295394897461 24
      vertex -8.995596885681152 -8.68696117401123 22.100000381469727
      vertex -8.995596885681152 -8.68696117401123 24
    endloop
  endfacet
  facet normal -0.7633098330834741 -0.6460325833253917 0
    outer loop
      vertex -8.995596885681152 -8.68696117401123 5.100000381469727
      vertex -9.42357063293457 -8.181295394897461 18.900001525878906
      vertex -9.42357063293457 -8.181295394897461 5.100000381469727
    endloop
  endfacet
  facet normal -0.7633098330834741 -0.6460325833253917 0
    outer loop
      vertex -9.42357063293457 -8.181295394897461 18.900001525878906
      vertex -8.995596885681152 -8.68696117401123 5.100000381469727
      vertex -8.995596885681152 -8.68696117401123 18.900001525878906
    endloop
  endfacet
  facet normal -0.9665286357069373 -0.25655875810131024 0
    outer loop
      vertex -10.004009246826172 -7.1120147705078125 22.100000381469727
      vertex -10.150883674621582 -6.558697700500488 24
      vertex -10.150883674621582 -6.558697700500488 22.100000381469727
    endloop
  endfacet
  facet normal -0.9665286357069373 -0.25655875810131024 0
    outer loop
      vertex -10.150883674621582 -6.558697700500488 24
      vertex -10.004009246826172 -7.1120147705078125 22.100000381469727
      vertex -10.004009246826172 -7.1120147705078125 24
    endloop
  endfacet
  facet normal -0.9665286357069371 -0.25655875810131024 0
    outer loop
      vertex -10.004009246826172 -7.1120147705078125 0
      vertex -10.150883674621582 -6.558697700500488 1.9000005722045898
      vertex -10.150883674621582 -6.558697700500488 0
    endloop
  endfacet
  facet normal -0.9665286357069371 -0.25655875810131024 0
    outer loop
      vertex -10.150883674621582 -6.558697700500488 1.9000005722045898
      vertex -10.004009246826172 -7.1120147705078125 0
      vertex -10.004009246826172 -7.1120147705078125 1.9000005722045898
    endloop
  endfacet
  facet normal -0.9665286357069373 -0.25655875810131024 0
    outer loop
      vertex -10.004009246826172 -7.1120147705078125 5.100000381469727
      vertex -10.150883674621582 -6.558697700500488 18.900001525878906
      vertex -10.150883674621582 -6.558697700500488 5.100000381469727
    endloop
  endfacet
  facet normal -0.9665286357069373 -0.25655875810131024 0
    outer loop
      vertex -10.150883674621582 -6.558697700500488 18.900001525878906
      vertex -10.004009246826172 -7.1120147705078125 5.100000381469727
      vertex -10.004009246826172 -7.1120147705078125 18.900001525878906
    endloop
  endfacet
  facet normal -0.8421630136949103 0.5392230135707361 0
    outer loop
      vertex -9.760790824890137 7.6546220779418945 0
      vertex -9.42357063293457 8.181295394897461 1.9000005722045898
      vertex -9.42357063293457 8.181295394897461 0
    endloop
  endfacet
  facet normal -0.8421630136949103 0.5392230135707361 0
    outer loop
      vertex -9.42357063293457 8.181295394897461 1.9000005722045898
      vertex -9.760790824890137 7.6546220779418945 0
      vertex -9.760790824890137 7.6546220779418945 1.9000005722045898
    endloop
  endfacet
  facet normal -0.8421630136949104 0.5392230135707361 0
    outer loop
      vertex -9.760790824890137 7.6546220779418945 22.100000381469727
      vertex -9.42357063293457 8.181295394897461 24
      vertex -9.42357063293457 8.181295394897461 22.100000381469727
    endloop
  endfacet
  facet normal -0.8421630136949104 0.5392230135707361 0
    outer loop
      vertex -9.42357063293457 8.181295394897461 24
      vertex -9.760790824890137 7.6546220779418945 22.100000381469727
      vertex -9.760790824890137 7.6546220779418945 24
    endloop
  endfacet
  facet normal -0.8421630136949104 0.5392230135707361 0
    outer loop
      vertex -9.760790824890137 7.6546220779418945 5.100000381469727
      vertex -9.42357063293457 8.181295394897461 18.900001525878906
      vertex -9.42357063293457 8.181295394897461 5.100000381469727
    endloop
  endfacet
  facet normal -0.8421630136949104 0.5392230135707361 0
    outer loop
      vertex -9.42357063293457 8.181295394897461 18.900001525878906
      vertex -9.760790824890137 7.6546220779418945 5.100000381469727
      vertex -9.760790824890137 7.6546220779418945 18.900001525878906
    endloop
  endfacet
  facet normal -0.9961580107772585 -0.0875740690175772 0
    outer loop
      vertex -10.150883674621582 -6.558697700500488 22.100000381469727
      vertex -10.199999809265137 -6 24
      vertex -10.199999809265137 -6 22.100000381469727
    endloop
  endfacet
  facet normal -0.9961580107772585 -0.0875740690175772 0
    outer loop
      vertex -10.199999809265137 -6 24
      vertex -10.150883674621582 -6.558697700500488 22.100000381469727
      vertex -10.150883674621582 -6.558697700500488 24
    endloop
  endfacet
  facet normal -0.9961580107772586 -0.0875740690175772 0
    outer loop
      vertex -10.150883674621582 -6.558697700500488 0
      vertex -10.199999809265137 -6 1.9000005722045898
      vertex -10.199999809265137 -6 0
    endloop
  endfacet
  facet normal -0.9961580107772586 -0.0875740690175772 0
    outer loop
      vertex -10.199999809265137 -6 1.9000005722045898
      vertex -10.150883674621582 -6.558697700500488 0
      vertex -10.150883674621582 -6.558697700500488 1.9000005722045898
    endloop
  endfacet
  facet normal -0.9961580107772585 -0.0875740690175772 0
    outer loop
      vertex -10.150883674621582 -6.558697700500488 5.100000381469727
      vertex -10.199999809265137 -6 18.900001525878906
      vertex -10.199999809265137 -6 5.100000381469727
    endloop
  endfacet
  facet normal -0.9961580107772585 -0.0875740690175772 0
    outer loop
      vertex -10.199999809265137 -6 18.900001525878906
      vertex -10.150883674621582 -6.558697700500488 5.100000381469727
      vertex -10.150883674621582 -6.558697700500488 18.900001525878906
    endloop
  endfacet
  facet normal 0 0 -1
    outer loop
      vertex 0 -11.699999809265137 0
      vertex -0.7841367721557617 -9.483145713806152 0
      vertex 0 -9.5 0
    endloop
  endfacet
  facet normal 0 0 -1
    outer loop
      vertex -0.9997739791870117 -11.672552108764648 0
      vertex -0.7841367721557617 -9.483145713806152 0
      vertex 0 -11.699999809265137 0
    endloop
  endfacet
  facet normal 0 0 -1
    outer loop
      vertex -0.9997739791870117 -11.672552108764648 0
      vertex -1.5607223510742188 -9.432747840881348 0
      vertex -0.7841367721557617 -9.483145713806152 0
    endloop
  endfacet
  facet normal 0 0 -1
    outer loop
      vertex -1.9899206161499023 -11.590476036071777 0
      vertex -1.5607223510742188 -9.432747840881348 0
      vertex -0.9997739791870117 -11.672552108764648 0
    endloop
  endfacet
  facet normal 0 0 -1
    outer loop
      vertex -1.9899206161499023 -11.590476036071777 0
      vertex -2.322277069091797 -9.34929084777832 0
      vertex -1.5607223510742188 -9.432747840881348 0
    endloop
  endfacet
  facet normal 0 0 -1
    outer loop
      vertex -2.9609031677246094 -11.454559326171875 0
      vertex -2.322277069091797 -9.34929084777832 0
      vertex -1.9899206161499023 -11.590476036071777 0
    endloop
  endfacet
  facet normal 0 0 -1
    outer loop
      vertex -2.9609031677246094 -11.454559326171875 0
      vertex -3.061467170715332 -9.233577728271484 0
      vertex -2.322277069091797 -9.34929084777832 0
    endloop
  endfacet
  facet normal 0 0 -1
    outer loop
      vertex -3.9033708572387695 -11.26611328125 0
      vertex -3.061467170715332 -9.233577728271484 0
      vertex -2.9609031677246094 -11.454559326171875 0
    endloop
  endfacet
  facet normal 0 0 -1
    outer loop
      vertex -3.061467170715332 -9.233577728271484 0
      vertex -3.9033708572387695 -11.26611328125 0
      vertex -3.7711734771728516 -9.086724281311035 0
    endloop
  endfacet
  facet normal 0 0 -1
    outer loop
      vertex -4.808246612548828 -11.02695083618164 0
      vertex -3.7711734771728516 -9.086724281311035 0
      vertex -3.9033708572387695 -11.26611328125 0
    endloop
  endfacet
  facet normal 0 0 -1
    outer loop
      vertex -3.7711734771728516 -9.086724281311035 0
      vertex -4.808246612548828 -11.02695083618164 0
      vertex -4.444561004638672 -8.91014289855957 0
    endloop
  endfacet
  facet normal 0 0 -1
    outer loop
      vertex -5.666815757751465 -10.739376068115234 0
      vertex -4.444561004638672 -8.91014289855957 0
      vertex -4.808246612548828 -11.02695083618164 0
    endloop
  endfacet
  facet normal 0 0 -1
    outer loop
      vertex -4.444561004638672 -8.91014289855957 0
      vertex -5.666815757751465 -10.739376068115234 0
      vertex -5.075145721435547 -8.705535888671875 0
    endloop
  endfacet
  facet normal 0 0 -1
    outer loop
      vertex -6.470810890197754 -10.406159400939941 0
      vertex -5.075145721435547 -8.705535888671875 0
      vertex -5.666815757751465 -10.739376068115234 0
    endloop
  endfacet
  facet normal 0 0 -1
    outer loop
      vertex -5.075145721435547 -8.705535888671875 0
      vertex -6.470810890197754 -10.406159400939941 0
      vertex -5.656853675842285 -8.474873542785645 0
    endloop
  endfacet
  facet normal 0 0 -1
    outer loop
      vertex -5.656853675842285 -8.474873542785645 0
      vertex -6.470810890197754 -10.406159400939941 0
      vertex -6.184082984924316 -8.220376014709473 0
    endloop
  endfacet
  facet normal 0 0 -1
    outer loop
      vertex -7.212489128112793 -10.030508041381836 0
      vertex -6.184082984924316 -8.220376014709473 0
      vertex -6.470810890197754 -10.406159400939941 0
    endloop
  endfacet
  facet normal 0 0 -1
    outer loop
      vertex -6.184082984924316 -8.220376014709473 0
      vertex -7.212489128112793 -10.030508041381836 0
      vertex -6.651756286621094 -7.94449520111084 0
    endloop
  endfacet
  facet normal 0 0 -1
    outer loop
      vertex -7.884706497192383 -9.61604118347168 0
      vertex -6.651756286621094 -7.94449520111084 0
      vertex -7.212489128112793 -10.030508041381836 0
    endloop
  endfacet
  facet normal 0 0 -1
    outer loop
      vertex -6.651756286621094 -7.94449520111084 0
      vertex -7.884706497192383 -9.61604118347168 0
      vertex -7.0553693771362305 -7.649888038635254 0
    endloop
  endfacet
  facet normal 0 0 -1
    outer loop
      vertex -8.480989456176758 -9.166749954223633 0
      vertex -7.0553693771362305 -7.649888038635254 0
      vertex -7.884706497192383 -9.61604118347168 0
    endloop
  endfacet
  facet normal 0 0 -1
    outer loop
      vertex -7.0553693771362305 -7.649888038635254 0
      vertex -8.480989456176758 -9.166749954223633 0
      vertex -7.391036033630371 -7.339391708374023 0
    endloop
  endfacet
  facet normal 0 0 -1
    outer loop
      vertex -8.995596885681152 -8.68696117401123 0
      vertex -7.391036033630371 -7.339391708374023 0
      vertex -8.480989456176758 -9.166749954223633 0
    endloop
  endfacet
  facet normal 0 0 -1
    outer loop
      vertex -7.391036033630371 -7.339391708374023 0
      vertex -8.995596885681152 -8.68696117401123 0
      vertex -7.655522346496582 -7.015995979309082 0
    endloop
  endfacet
  facet normal 0 0 -1
    outer loop
      vertex -9.42357063293457 -8.181295394897461 0
      vertex -7.655522346496582 -7.015995979309082 0
      vertex -8.995596885681152 -8.68696117401123 0
    endloop
  endfacet
  facet normal 0 0 -1
    outer loop
      vertex -9.760790824890137 -7.6546220779418945 0
      vertex -7.846282005310059 -6.6828155517578125 0
      vertex -9.42357063293457 -8.181295394897461 0
    endloop
  endfacet
  facet normal 0 0 -1
    outer loop
      vertex -7.655522346496582 -7.015995979309082 0
      vertex -9.42357063293457 -8.181295394897461 0
      vertex -7.846282005310059 -6.6828155517578125 0
    endloop
  endfacet
  facet normal 0 0 -1
    outer loop
      vertex -0.7841367721557617 9.483145713806152 0
      vertex 0 11.699999809265137 0
      vertex 0 9.5 0
    endloop
  endfacet
  facet normal 0 0 -1
    outer loop
      vertex -0.7841367721557617 9.483145713806152 0
      vertex -0.9997739791870117 11.672552108764648 0
      vertex 0 11.699999809265137 0
    endloop
  endfacet
  facet normal 0 0 -1
    outer loop
      vertex -1.5607223510742188 9.432747840881348 0
      vertex -0.9997739791870117 11.672552108764648 0
      vertex -0.7841367721557617 9.483145713806152 0
    endloop
  endfacet
  facet normal 0 0 -1
    outer loop
      vertex -1.5607223510742188 9.432747840881348 0
      vertex -1.9899206161499023 11.590476036071777 0
      vertex -0.9997739791870117 11.672552108764648 0
    endloop
  endfacet
  facet normal 0 0 -1
    outer loop
      vertex -2.322277069091797 9.34929084777832 0
      vertex -1.9899206161499023 11.590476036071777 0
      vertex -1.5607223510742188 9.432747840881348 0
    endloop
  endfacet
  facet normal 0 0 -1
    outer loop
      vertex -2.322277069091797 9.34929084777832 0
      vertex -2.9609031677246094 11.454559326171875 0
      vertex -1.9899206161499023 11.590476036071777 0
    endloop
  endfacet
  facet normal 0 0 -1
    outer loop
      vertex -3.061467170715332 9.233577728271484 0
      vertex -2.9609031677246094 11.454559326171875 0
      vertex -2.322277069091797 9.34929084777832 0
    endloop
  endfacet
  facet normal 0 0 -1
    outer loop
      vertex -3.9033708572387695 11.26611328125 0
      vertex -3.061467170715332 9.233577728271484 0
      vertex -3.7711734771728516 9.086724281311035 0
    endloop
  endfacet
  facet normal 0 0 -1
    outer loop
      vertex -3.061467170715332 9.233577728271484 0
      vertex -3.9033708572387695 11.26611328125 0
      vertex -2.9609031677246094 11.454559326171875 0
    endloop
  endfacet
  facet normal 0 0 -1
    outer loop
      vertex -4.808246612548828 11.02695083618164 0
      vertex -3.7711734771728516 9.086724281311035 0
      vertex -4.444561004638672 8.91014289855957 0
    endloop
  endfacet
  facet normal 0 0 -1
    outer loop
      vertex -3.7711734771728516 9.086724281311035 0
      vertex -4.808246612548828 11.02695083618164 0
      vertex -3.9033708572387695 11.26611328125 0
    endloop
  endfacet
  facet normal 0 0 -1
    outer loop
      vertex -5.666815757751465 10.739376068115234 0
      vertex -4.444561004638672 8.91014289855957 0
      vertex -5.075145721435547 8.705535888671875 0
    endloop
  endfacet
  facet normal 0 0 -1
    outer loop
      vertex -6.470810890197754 10.406159400939941 0
      vertex -5.075145721435547 8.705535888671875 0
      vertex -5.656853675842285 8.474873542785645 0
    endloop
  endfacet
  facet normal 0 0 -1
    outer loop
      vertex -4.444561004638672 8.91014289855957 0
      vertex -5.666815757751465 10.739376068115234 0
      vertex -4.808246612548828 11.02695083618164 0
    endloop
  endfacet
  facet normal 0 0 -1
    outer loop
      vertex -6.470810890197754 10.406159400939941 0
      vertex -5.656853675842285 8.474873542785645 0
      vertex -6.184082984924316 8.220376014709473 0
    endloop
  endfacet
  facet normal 0 0 -1
    outer loop
      vertex -5.075145721435547 8.705535888671875 0
      vertex -6.470810890197754 10.406159400939941 0
      vertex -5.666815757751465 10.739376068115234 0
    endloop
  endfacet
  facet normal 0 0 -1
    outer loop
      vertex -7.212489128112793 10.030508041381836 0
      vertex -6.184082984924316 8.220376014709473 0
      vertex -6.651756286621094 7.94449520111084 0
    endloop
  endfacet
  facet normal 0 0 -1
    outer loop
      vertex -7.884706497192383 9.61604118347168 0
      vertex -6.651756286621094 7.94449520111084 0
      vertex -7.0553693771362305 7.649888038635254 0
    endloop
  endfacet
  facet normal 0 0 -1
    outer loop
      vertex -6.184082984924316 8.220376014709473 0
      vertex -7.212489128112793 10.030508041381836 0
      vertex -6.470810890197754 10.406159400939941 0
    endloop
  endfacet
  facet normal 0 0 -1
    outer loop
      vertex -8.480989456176758 9.166749954223633 0
      vertex -7.0553693771362305 7.649888038635254 0
      vertex -7.391036033630371 7.339391708374023 0
    endloop
  endfacet
  facet normal 0 0 -1
    outer loop
      vertex -8.995596885681152 8.68696117401123 0
      vertex -7.391036033630371 7.339391708374023 0
      vertex -7.655522346496582 7.015995979309082 0
    endloop
  endfacet
  facet normal 0 0 -1
    outer loop
      vertex -9.42357063293457 8.181295394897461 0
      vertex -7.655522346496582 7.015995979309082 0
      vertex -7.846282005310059 6.6828155517578125 0
    endloop
  endfacet
  facet normal 0 0 -1
    outer loop
      vertex -6.651756286621094 7.94449520111084 0
      vertex -7.884706497192383 9.61604118347168 0
      vertex -7.212489128112793 10.030508041381836 0
    endloop
  endfacet
  facet normal 0 0 -1
    outer loop
      vertex -10.004009246826172 7.1120147705078125 0
      vertex -7.846282005310059 6.6828155517578125 0
      vertex -7.961477279663086 6.343059539794922 0
    endloop
  endfacet
  facet normal 0 0 -1
    outer loop
      vertex -10.150883674621582 6.558697700500488 0
      vertex -7.961477279663086 6.343059539794922 0
      vertex -8 6 0
    endloop
  endfacet
  facet normal 0 0 -1
    outer loop
      vertex -7.0553693771362305 7.649888038635254 0
      vertex -8.480989456176758 9.166749954223633 0
      vertex -7.884706497192383 9.61604118347168 0
    endloop
  endfacet
  facet normal 0 0 -1
    outer loop
      vertex -8 -6 0
      vertex -10.199999809265137 -6 0
      vertex -8 6 0
    endloop
  endfacet
  facet normal 0 0 -1
    outer loop
      vertex -10.004009246826172 -7.1120147705078125 0
      vertex -7.846282005310059 -6.6828155517578125 0
      vertex -9.760790824890137 -7.6546220779418945 0
    endloop
  endfacet
  facet normal 0 0 -1
    outer loop
      vertex -10.199999809265137 6 0
      vertex -8 6 0
      vertex -10.199999809265137 -6 0
    endloop
  endfacet
  facet normal 0 0 -1
    outer loop
      vertex -7.846282005310059 -6.6828155517578125 0
      vertex -10.004009246826172 -7.1120147705078125 0
      vertex -7.961477279663086 -6.343059539794922 0
    endloop
  endfacet
  facet normal 0 0 -1
    outer loop
      vertex -10.150883674621582 6.558697700500488 0
      vertex -8 6 0
      vertex -10.199999809265137 6 0
    endloop
  endfacet
  facet normal 0 0 -1
    outer loop
      vertex -10.150883674621582 -6.558697700500488 0
      vertex -7.961477279663086 -6.343059539794922 0
      vertex -10.004009246826172 -7.1120147705078125 0
    endloop
  endfacet
  facet normal 0 0 -1
    outer loop
      vertex -7.391036033630371 7.339391708374023 0
      vertex -8.995596885681152 8.68696117401123 0
      vertex -8.480989456176758 9.166749954223633 0
    endloop
  endfacet
  facet normal 0 0 -1
    outer loop
      vertex -7.961477279663086 -6.343059539794922 0
      vertex -10.150883674621582 -6.558697700500488 0
      vertex -8 -6 0
    endloop
  endfacet
  facet normal 0 0 -1
    outer loop
      vertex -7.655522346496582 7.015995979309082 0
      vertex -9.42357063293457 8.181295394897461 0
      vertex -8.995596885681152 8.68696117401123 0
    endloop
  endfacet
  facet normal 0 0 -1
    outer loop
      vertex -8 -6 0
      vertex -10.150883674621582 -6.558697700500488 0
      vertex -10.199999809265137 -6 0
    endloop
  endfacet
  facet normal 0 0 -1
    outer loop
      vertex -7.846282005310059 6.6828155517578125 0
      vertex -9.760790824890137 7.6546220779418945 0
      vertex -9.42357063293457 8.181295394897461 0
    endloop
  endfacet
  facet normal 0 0 -1
    outer loop
      vertex -7.846282005310059 6.6828155517578125 0
      vertex -10.004009246826172 7.1120147705078125 0
      vertex -9.760790824890137 7.6546220779418945 0
    endloop
  endfacet
  facet normal 0 0 -1
    outer loop
      vertex -7.961477279663086 6.343059539794922 0
      vertex -10.150883674621582 6.558697700500488 0
      vertex -10.004009246826172 7.1120147705078125 0
    endloop
  endfacet
  facet normal 0.368605081024906 -0.9295860875909355 0
    outer loop
      vertex -5.656853675842285 8.474873542785645 22.100000381469727
      vertex -5.075145721435547 8.705535888671875 24
      vertex -5.656853675842285 8.474873542785645 24
    endloop
  endfacet
  facet normal 0.368605081024906 -0.9295860875909355 0
    outer loop
      vertex -5.075145721435547 8.705535888671875 24
      vertex -5.656853675842285 8.474873542785645 22.100000381469727
      vertex -5.075145721435547 8.705535888671875 22.100000381469727
    endloop
  endfacet
  facet normal 0.368605081024906 -0.9295860875909355 0
    outer loop
      vertex -5.656853675842285 8.474873542785645 0
      vertex -5.075145721435547 8.705535888671875 1.9000005722045898
      vertex -5.656853675842285 8.474873542785645 1.9000005722045898
    endloop
  endfacet
  facet normal 0.368605081024906 -0.9295860875909355 0
    outer loop
      vertex -5.075145721435547 8.705535888671875 1.9000005722045898
      vertex -5.656853675842285 8.474873542785645 0
      vertex -5.075145721435547 8.705535888671875 0
    endloop
  endfacet
  facet normal 0.3686050810249061 -0.9295860875909356 0
    outer loop
      vertex -5.656853675842285 8.474873542785645 5.100000381469727
      vertex -5.075145721435547 8.705535888671875 18.900001525878906
      vertex -5.656853675842285 8.474873542785645 18.900001525878906
    endloop
  endfacet
  facet normal 0.3686050810249061 -0.9295860875909356 0
    outer loop
      vertex -5.075145721435547 8.705535888671875 18.900001525878906
      vertex -5.656853675842285 8.474873542785645 5.100000381469727
      vertex -5.075145721435547 8.705535888671875 5.100000381469727
    endloop
  endfacet
  facet normal 0.368605081024906 0.9295860875909355 0
    outer loop
      vertex -5.075145721435547 -8.705535888671875 22.100000381469727
      vertex -5.656853675842285 -8.474873542785645 24
      vertex -5.075145721435547 -8.705535888671875 24
    endloop
  endfacet
  facet normal 0.368605081024906 0.9295860875909355 0
    outer loop
      vertex -5.656853675842285 -8.474873542785645 24
      vertex -5.075145721435547 -8.705535888671875 22.100000381469727
      vertex -5.656853675842285 -8.474873542785645 22.100000381469727
    endloop
  endfacet
  facet normal 0.368605081024906 0.9295860875909355 0
    outer loop
      vertex -5.075145721435547 -8.705535888671875 0
      vertex -5.656853675842285 -8.474873542785645 1.9000005722045898
      vertex -5.075145721435547 -8.705535888671875 1.9000005722045898
    endloop
  endfacet
  facet normal 0.368605081024906 0.9295860875909355 0
    outer loop
      vertex -5.656853675842285 -8.474873542785645 1.9000005722045898
      vertex -5.075145721435547 -8.705535888671875 0
      vertex -5.656853675842285 -8.474873542785645 0
    endloop
  endfacet
  facet normal 0.3686050810249061 0.9295860875909356 0
    outer loop
      vertex -5.075145721435547 -8.705535888671875 5.100000381469727
      vertex -5.656853675842285 -8.474873542785645 18.900001525878906
      vertex -5.075145721435547 -8.705535888671875 18.900001525878906
    endloop
  endfacet
  facet normal 0.3686050810249061 0.9295860875909356 0
    outer loop
      vertex -5.656853675842285 -8.474873542785645 18.900001525878906
      vertex -5.075145721435547 -8.705535888671875 5.100000381469727
      vertex -5.656853675842285 -8.474873542785645 5.100000381469727
    endloop
  endfacet
  facet normal 0.3086316913033599 0.9511816225743777 4.126076795604238e-8
    outer loop
      vertex -4.444561004638672 -8.91014289855957 24
      vertex -5 -8.729918479919434 22.100000381469727
      vertex -5.075145721435547 -8.705535888671875 24
    endloop
  endfacet
  facet normal 0.3086318190005462 0.9511815811402227 0
    outer loop
      vertex -4.444561004638672 -8.91014289855957 24
      vertex -5 -8.729918479919434 18.900001525878906
      vertex -5 -8.729918479919434 22.100000381469727
    endloop
  endfacet
  facet normal 0.3086307474301193 0.9511819288341878 0
    outer loop
      vertex -5 -8.729918479919434 18.900001525878906
      vertex -5 -8.729918479919434 5.100000381469727
      vertex -5.075145721435547 -8.705535888671875 18.900001525878906
    endloop
  endfacet
  facet normal 0.30863181900054626 0.9511815811402228 0
    outer loop
      vertex -4.444561004638672 -8.91014289855957 24
      vertex -5 -8.729918479919434 5.100000381469727
      vertex -5 -8.729918479919434 18.900001525878906
    endloop
  endfacet
  facet normal 0.30863181900054626 0.9511815811402227 0
    outer loop
      vertex -4.444561004638672 -8.91014289855957 0
      vertex -5 -8.729918479919434 5.100000381469727
      vertex -4.444561004638672 -8.91014289855957 24
    endloop
  endfacet
  facet normal 0.30863181900054626 0.9511815811402227 0
    outer loop
      vertex -5 -8.729918479919434 5.100000381469727
      vertex -4.444561004638672 -8.91014289855957 0
      vertex -5 -8.729918479919434 1.9000005722045898
    endloop
  endfacet
  facet normal 0.3086316913033599 0.9511816225743775 -4.126074724587247e-8
    outer loop
      vertex -5.075145721435547 -8.705535888671875 0
      vertex -5 -8.729918479919434 1.9000005722045898
      vertex -4.444561004638672 -8.91014289855957 0
    endloop
  endfacet
  facet normal 0.3086307474301193 0.9511819288341878 0
    outer loop
      vertex -5 -8.729918479919434 1.9000005722045898
      vertex -5.075145721435547 -8.705535888671875 0
      vertex -5.075145721435547 -8.705535888671875 1.9000005722045898
    endloop
  endfacet
  facet normal 0.30863074743011926 0.9511819288341877 0
    outer loop
      vertex -5.075145721435547 -8.705535888671875 24
      vertex -5 -8.729918479919434 22.100000381469727
      vertex -5.075145721435547 -8.705535888671875 22.100000381469727
    endloop
  endfacet
  facet normal 0.3086307474301193 0.9511819288341878 0
    outer loop
      vertex -5.075145721435547 -8.705535888671875 18.900001525878906
      vertex -5 -8.729918479919434 5.100000381469727
      vertex -5.075145721435547 -8.705535888671875 5.100000381469727
    endloop
  endfacet
  facet normal 0.20262897029018279 0.9792555848189687 0
    outer loop
      vertex -3.061467170715332 -9.233577728271484 0
      vertex -3.7711734771728516 -9.086724281311035 24
      vertex -3.061467170715332 -9.233577728271484 24
    endloop
  endfacet
  facet normal 0.20262897029018279 0.9792555848189687 0
    outer loop
      vertex -3.7711734771728516 -9.086724281311035 24
      vertex -3.061467170715332 -9.233577728271484 0
      vertex -3.7711734771728516 -9.086724281311035 0
    endloop
  endfacet
  facet normal 0.867826745719292 -0.49686692324430637 0
    outer loop
      vertex -7.846282005310059 6.6828155517578125 24
      vertex -7.655522346496582 7.015995979309082 22.100000381469727
      vertex -7.655522346496582 7.015995979309082 24
    endloop
  endfacet
  facet normal 0.867826745719292 -0.49686692324430637 0
    outer loop
      vertex -7.655522346496582 7.015995979309082 22.100000381469727
      vertex -7.846282005310059 6.6828155517578125 24
      vertex -7.846282005310059 6.6828155517578125 22.100000381469727
    endloop
  endfacet
  facet normal 0.8678267457192919 -0.4968669232443063 0
    outer loop
      vertex -7.846282005310059 6.6828155517578125 1.9000005722045898
      vertex -7.655522346496582 7.015995979309082 0
      vertex -7.655522346496582 7.015995979309082 1.9000005722045898
    endloop
  endfacet
  facet normal 0.8678267457192919 -0.4968669232443063 0
    outer loop
      vertex -7.655522346496582 7.015995979309082 0
      vertex -7.846282005310059 6.6828155517578125 1.9000005722045898
      vertex -7.846282005310059 6.6828155517578125 0
    endloop
  endfacet
  facet normal 0.8678267457192919 -0.4968669232443063 0
    outer loop
      vertex -7.846282005310059 6.6828155517578125 18.900001525878906
      vertex -7.655522346496582 7.015995979309082 5.100000381469727
      vertex -7.655522346496582 7.015995979309082 18.900001525878906
    endloop
  endfacet
  facet normal 0.8678267457192919 -0.4968669232443063 0
    outer loop
      vertex -7.655522346496582 7.015995979309082 5.100000381469727
      vertex -7.846282005310059 6.6828155517578125 18.900001525878906
      vertex -7.846282005310059 6.6828155517578125 5.100000381469727
    endloop
  endfacet
  facet normal 0.10893547605120403 -0.9940488227735585 0
    outer loop
      vertex -2.322277069091797 9.34929084777832 0
      vertex -1.5607223510742188 9.432747840881348 24
      vertex -2.322277069091797 9.34929084777832 24
    endloop
  endfacet
  facet normal 0.10893547605120403 -0.9940488227735585 0
    outer loop
      vertex -1.5607223510742188 9.432747840881348 24
      vertex -2.322277069091797 9.34929084777832 0
      vertex -1.5607223510742188 9.432747840881348 0
    endloop
  endfacet
  facet normal 0.10893547605120403 0.9940488227735585 0
    outer loop
      vertex -1.5607223510742188 -9.432747840881348 0
      vertex -2.322277069091797 -9.34929084777832 24
      vertex -1.5607223510742188 -9.432747840881348 24
    endloop
  endfacet
  facet normal 0.10893547605120403 0.9940488227735585 0
    outer loop
      vertex -2.322277069091797 -9.34929084777832 24
      vertex -1.5607223510742188 -9.432747840881348 0
      vertex -2.322277069091797 -9.34929084777832 0
    endloop
  endfacet
  facet normal 0.1546569493834399 0.987968232286549 0
    outer loop
      vertex -2.322277069091797 -9.34929084777832 0
      vertex -3.061467170715332 -9.233577728271484 24
      vertex -2.322277069091797 -9.34929084777832 24
    endloop
  endfacet
  facet normal 0.1546569493834399 0.987968232286549 0
    outer loop
      vertex -3.061467170715332 -9.233577728271484 24
      vertex -2.322277069091797 -9.34929084777832 0
      vertex -3.061467170715332 -9.233577728271484 0
    endloop
  endfacet
  facet normal 0.6790474890364571 0.7340943451854691 0
    outer loop
      vertex -7.0553693771362305 -7.649888038635254 22.100000381469727
      vertex -7.391036033630371 -7.339391708374023 24
      vertex -7.0553693771362305 -7.649888038635254 24
    endloop
  endfacet
  facet normal 0.6790474890364571 0.7340943451854691 0
    outer loop
      vertex -7.391036033630371 -7.339391708374023 24
      vertex -7.0553693771362305 -7.649888038635254 22.100000381469727
      vertex -7.391036033630371 -7.339391708374023 22.100000381469727
    endloop
  endfacet
  facet normal 0.6790474890364571 0.7340943451854691 0
    outer loop
      vertex -7.0553693771362305 -7.649888038635254 0
      vertex -7.391036033630371 -7.339391708374023 1.9000005722045898
      vertex -7.0553693771362305 -7.649888038635254 1.9000005722045898
    endloop
  endfacet
  facet normal 0.6790474890364571 0.7340943451854691 0
    outer loop
      vertex -7.391036033630371 -7.339391708374023 1.9000005722045898
      vertex -7.0553693771362305 -7.649888038635254 0
      vertex -7.391036033630371 -7.339391708374023 0
    endloop
  endfacet
  facet normal 0.6790474890364571 0.7340943451854691 0
    outer loop
      vertex -7.0553693771362305 -7.649888038635254 5.100000381469727
      vertex -7.391036033630371 -7.339391708374023 18.900001525878906
      vertex -7.0553693771362305 -7.649888038635254 18.900001525878906
    endloop
  endfacet
  facet normal 0.6790474890364571 0.7340943451854691 0
    outer loop
      vertex -7.391036033630371 -7.339391708374023 18.900001525878906
      vertex -7.0553693771362305 -7.649888038635254 5.100000381469727
      vertex -7.391036033630371 -7.339391708374023 5.100000381469727
    endloop
  endfacet
  facet normal 0.20262897029018279 -0.9792555848189687 0
    outer loop
      vertex -3.7711734771728516 9.086724281311035 0
      vertex -3.061467170715332 9.233577728271484 24
      vertex -3.7711734771728516 9.086724281311035 24
    endloop
  endfacet
  facet normal 0.20262897029018279 -0.9792555848189687 0
    outer loop
      vertex -3.061467170715332 9.233577728271484 24
      vertex -3.7711734771728516 9.086724281311035 0
      vertex -3.061467170715332 9.233577728271484 0
    endloop
  endfacet
  facet normal 0.5895718235045805 -0.8077159555991721 0
    outer loop
      vertex -7.0553693771362305 7.649888038635254 22.100000381469727
      vertex -6.651756286621094 7.94449520111084 24
      vertex -7.0553693771362305 7.649888038635254 24
    endloop
  endfacet
  facet normal 0.5895718235045805 -0.8077159555991721 0
    outer loop
      vertex -6.651756286621094 7.94449520111084 24
      vertex -7.0553693771362305 7.649888038635254 22.100000381469727
      vertex -6.651756286621094 7.94449520111084 22.100000381469727
    endloop
  endfacet
  facet normal 0.5895718235045805 -0.8077159555991721 0
    outer loop
      vertex -7.0553693771362305 7.649888038635254 0
      vertex -6.651756286621094 7.94449520111084 1.9000005722045898
      vertex -7.0553693771362305 7.649888038635254 1.9000005722045898
    endloop
  endfacet
  facet normal 0.5895718235045805 -0.8077159555991721 0
    outer loop
      vertex -6.651756286621094 7.94449520111084 1.9000005722045898
      vertex -7.0553693771362305 7.649888038635254 0
      vertex -6.651756286621094 7.94449520111084 0
    endloop
  endfacet
  facet normal 0.5895718235045805 -0.8077159555991722 0
    outer loop
      vertex -7.0553693771362305 7.649888038635254 5.100000381469727
      vertex -6.651756286621094 7.94449520111084 18.900001525878906
      vertex -7.0553693771362305 7.649888038635254 18.900001525878906
    endloop
  endfacet
  facet normal 0.5895718235045805 -0.8077159555991722 0
    outer loop
      vertex -6.651756286621094 7.94449520111084 18.900001525878906
      vertex -7.0553693771362305 7.649888038635254 5.100000381469727
      vertex -6.651756286621094 7.94449520111084 5.100000381469727
    endloop
  endfacet
  facet normal 1 0 0
    outer loop
      vertex -8 -6 24
      vertex -8 -1.0999994277954102 22.100000381469727
      vertex -8 -1.0999994277954102 24
    endloop
  endfacet
  facet normal 1 0 0
    outer loop
      vertex -8 -1.0999994277954102 22.100000381469727
      vertex -8 -6 24
      vertex -8 -6 22.100000381469727
    endloop
  endfacet
  facet normal 1 0 0
    outer loop
      vertex -8 -6 1.9000005722045898
      vertex -8 6 0
      vertex -8 6 1.9000005722045898
    endloop
  endfacet
  facet normal 1 0 0
    outer loop
      vertex -8 6 0
      vertex -8 -6 1.9000005722045898
      vertex -8 -6 0
    endloop
  endfacet
  facet normal 1 0 0
    outer loop
      vertex -8 1.0999994277954102 24
      vertex -8 6 22.100000381469727
      vertex -8 6 24
    endloop
  endfacet
  facet normal 1 0 0
    outer loop
      vertex -8 6 22.100000381469727
      vertex -8 1.0999994277954102 24
      vertex -8 1.0999994277954102 22.100000381469727
    endloop
  endfacet
  facet normal 1 0 0
    outer loop
      vertex -8 -6 18.900001525878906
      vertex -8 -4 5.100000381469727
      vertex -8 -4 18.900001525878906
    endloop
  endfacet
  facet normal 1 0 0
    outer loop
      vertex -8 -4 5.100000381469727
      vertex -8 -6 18.900001525878906
      vertex -8 -6 5.100000381469727
    endloop
  endfacet
  facet normal 1 0 0
    outer loop
      vertex -8 4 18.900001525878906
      vertex -8 6 5.100000381469727
      vertex -8 6 18.900001525878906
    endloop
  endfacet
  facet normal 1 0 0
    outer loop
      vertex -8 6 5.100000381469727
      vertex -8 4 18.900001525878906
      vertex -8 4 5.100000381469727
    endloop
  endfacet
  facet normal 0.9937542974480326 -0.11159030559850282 0
    outer loop
      vertex -8 6 24
      vertex -7.961477279663086 6.343059539794922 22.100000381469727
      vertex -7.961477279663086 6.343059539794922 24
    endloop
  endfacet
  facet normal 0.9937542974480326 -0.11159030559850282 0
    outer loop
      vertex -7.961477279663086 6.343059539794922 22.100000381469727
      vertex -8 6 24
      vertex -8 6 22.100000381469727
    endloop
  endfacet
  facet normal 0.9937542974480325 -0.1115903055985028 0
    outer loop
      vertex -8 6 1.9000005722045898
      vertex -7.961477279663086 6.343059539794922 0
      vertex -7.961477279663086 6.343059539794922 1.9000005722045898
    endloop
  endfacet
  facet normal 0.9937542974480325 -0.1115903055985028 0
    outer loop
      vertex -7.961477279663086 6.343059539794922 0
      vertex -8 6 1.9000005722045898
      vertex -8 6 0
    endloop
  endfacet
  facet normal 0.9937542974480325 -0.1115903055985028 0
    outer loop
      vertex -8 6 18.900001525878906
      vertex -7.961477279663086 6.343059539794922 5.100000381469727
      vertex -7.961477279663086 6.343059539794922 18.900001525878906
    endloop
  endfacet
  facet normal 0.9937542974480325 -0.1115903055985028 0
    outer loop
      vertex -7.961477279663086 6.343059539794922 5.100000381469727
      vertex -8 6 18.900001525878906
      vertex -8 6 5.100000381469727
    endloop
  endfacet
  facet normal 0.9937542974480326 0.11159030559850282 0
    outer loop
      vertex -7.961477279663086 -6.343059539794922 24
      vertex -8 -6 22.100000381469727
      vertex -8 -6 24
    endloop
  endfacet
  facet normal 0.9937542974480326 0.11159030559850282 0
    outer loop
      vertex -8 -6 22.100000381469727
      vertex -7.961477279663086 -6.343059539794922 24
      vertex -7.961477279663086 -6.343059539794922 22.100000381469727
    endloop
  endfacet
  facet normal 0.9937542974480325 0.1115903055985028 0
    outer loop
      vertex -7.961477279663086 -6.343059539794922 1.9000005722045898
      vertex -8 -6 0
      vertex -8 -6 1.9000005722045898
    endloop
  endfacet
  facet normal 0.9937542974480325 0.1115903055985028 0
    outer loop
      vertex -8 -6 0
      vertex -7.961477279663086 -6.343059539794922 1.9000005722045898
      vertex -7.961477279663086 -6.343059539794922 0
    endloop
  endfacet
  facet normal 0.9937542974480325 0.1115903055985028 0
    outer loop
      vertex -7.961477279663086 -6.343059539794922 18.900001525878906
      vertex -8 -6 5.100000381469727
      vertex -8 -6 18.900001525878906
    endloop
  endfacet
  facet normal 0.9937542974480325 0.1115903055985028 0
    outer loop
      vertex -8 -6 5.100000381469727
      vertex -7.961477279663086 -6.343059539794922 18.900001525878906
      vertex -7.961477279663086 -6.343059539794922 5.100000381469727
    endloop
  endfacet
  facet normal 0.9470457536600092 0.3210986460179256 0
    outer loop
      vertex -7.846282005310059 -6.6828155517578125 24
      vertex -7.961477279663086 -6.343059539794922 22.100000381469727
      vertex -7.961477279663086 -6.343059539794922 24
    endloop
  endfacet
  facet normal 0.9470457536600092 0.3210986460179256 0
    outer loop
      vertex -7.961477279663086 -6.343059539794922 22.100000381469727
      vertex -7.846282005310059 -6.6828155517578125 24
      vertex -7.846282005310059 -6.6828155517578125 22.100000381469727
    endloop
  endfacet
  facet normal 0.9470457536600092 0.3210986460179256 0
    outer loop
      vertex -7.846282005310059 -6.6828155517578125 1.9000005722045898
      vertex -7.961477279663086 -6.343059539794922 0
      vertex -7.961477279663086 -6.343059539794922 1.9000005722045898
    endloop
  endfacet
  facet normal 0.9470457536600092 0.3210986460179256 0
    outer loop
      vertex -7.961477279663086 -6.343059539794922 0
      vertex -7.846282005310059 -6.6828155517578125 1.9000005722045898
      vertex -7.846282005310059 -6.6828155517578125 0
    endloop
  endfacet
  facet normal 0.9470457536600093 0.32109864601792565 0
    outer loop
      vertex -7.846282005310059 -6.6828155517578125 18.900001525878906
      vertex -7.961477279663086 -6.343059539794922 5.100000381469727
      vertex -7.961477279663086 -6.343059539794922 18.900001525878906
    endloop
  endfacet
  facet normal 0.9470457536600093 0.32109864601792565 0
    outer loop
      vertex -7.961477279663086 -6.343059539794922 5.100000381469727
      vertex -7.846282005310059 -6.6828155517578125 18.900001525878906
      vertex -7.846282005310059 -6.6828155517578125 5.100000381469727
    endloop
  endfacet
  facet normal 0.021489100938000293 -0.9997690826090175 0
    outer loop
      vertex -0.7841367721557617 9.483145713806152 0
      vertex 0 9.5 24
      vertex -0.7841367721557617 9.483145713806152 24
    endloop
  endfacet
  facet normal 0.021489100938000293 -0.9997690826090175 0
    outer loop
      vertex 0 9.5 24
      vertex -0.7841367721557617 9.483145713806152 0
      vertex 0 9.5 0
    endloop
  endfacet
  facet normal 0.2536524043042203 0.9672954345962191 0
    outer loop
      vertex -3.7711734771728516 -9.086724281311035 0
      vertex -4.444561004638672 -8.91014289855957 24
      vertex -3.7711734771728516 -9.086724281311035 24
    endloop
  endfacet
  facet normal 0.2536524043042203 0.9672954345962191 0
    outer loop
      vertex -4.444561004638672 -8.91014289855957 24
      vertex -3.7711734771728516 -9.086724281311035 0
      vertex -4.444561004638672 -8.91014289855957 0
    endloop
  endfacet
  facet normal 0.6790474890364571 -0.7340943451854691 0
    outer loop
      vertex -7.391036033630371 7.339391708374023 22.100000381469727
      vertex -7.0553693771362305 7.649888038635254 24
      vertex -7.391036033630371 7.339391708374023 24
    endloop
  endfacet
  facet normal 0.6790474890364571 -0.7340943451854691 0
    outer loop
      vertex -7.0553693771362305 7.649888038635254 24
      vertex -7.391036033630371 7.339391708374023 22.100000381469727
      vertex -7.0553693771362305 7.649888038635254 22.100000381469727
    endloop
  endfacet
  facet normal 0.6790474890364571 -0.7340943451854691 0
    outer loop
      vertex -7.391036033630371 7.339391708374023 0
      vertex -7.0553693771362305 7.649888038635254 1.9000005722045898
      vertex -7.391036033630371 7.339391708374023 1.9000005722045898
    endloop
  endfacet
  facet normal 0.6790474890364571 -0.7340943451854691 0
    outer loop
      vertex -7.0553693771362305 7.649888038635254 1.9000005722045898
      vertex -7.391036033630371 7.339391708374023 0
      vertex -7.0553693771362305 7.649888038635254 0
    endloop
  endfacet
  facet normal 0.6790474890364571 -0.7340943451854691 0
    outer loop
      vertex -7.391036033630371 7.339391708374023 5.100000381469727
      vertex -7.0553693771362305 7.649888038635254 18.900001525878906
      vertex -7.391036033630371 7.339391708374023 18.900001525878906
    endloop
  endfacet
  facet normal 0.6790474890364571 -0.7340943451854691 0
    outer loop
      vertex -7.0553693771362305 7.649888038635254 18.900001525878906
      vertex -7.391036033630371 7.339391708374023 5.100000381469727
      vertex -7.0553693771362305 7.649888038635254 5.100000381469727
    endloop
  endfacet
  facet normal 0.06476051169353708 0.9979008348153594 0
    outer loop
      vertex -0.7841367721557617 -9.483145713806152 0
      vertex -1.5607223510742188 -9.432747840881348 24
      vertex -0.7841367721557617 -9.483145713806152 24
    endloop
  endfacet
  facet normal 0.06476051169353708 0.9979008348153594 0
    outer loop
      vertex -1.5607223510742188 -9.432747840881348 24
      vertex -0.7841367721557617 -9.483145713806152 0
      vertex -1.5607223510742188 -9.432747840881348 0
    endloop
  endfacet
  facet normal 0.5080854250088221 -0.8613066822529618 0
    outer loop
      vertex -6.651756286621094 7.94449520111084 22.100000381469727
      vertex -6.184082984924316 8.220376014709473 24
      vertex -6.651756286621094 7.94449520111084 24
    endloop
  endfacet
  facet normal 0.5080854250088221 -0.8613066822529618 0
    outer loop
      vertex -6.184082984924316 8.220376014709473 24
      vertex -6.651756286621094 7.94449520111084 22.100000381469727
      vertex -6.184082984924316 8.220376014709473 22.100000381469727
    endloop
  endfacet
  facet normal 0.5080854250088221 -0.8613066822529618 0
    outer loop
      vertex -6.651756286621094 7.94449520111084 0
      vertex -6.184082984924316 8.220376014709473 1.9000005722045898
      vertex -6.651756286621094 7.94449520111084 1.9000005722045898
    endloop
  endfacet
  facet normal 0.5080854250088221 -0.8613066822529618 0
    outer loop
      vertex -6.184082984924316 8.220376014709473 1.9000005722045898
      vertex -6.651756286621094 7.94449520111084 0
      vertex -6.184082984924316 8.220376014709473 0
    endloop
  endfacet
  facet normal 0.5080854250088221 -0.8613066822529619 0
    outer loop
      vertex -6.651756286621094 7.94449520111084 5.100000381469727
      vertex -6.184082984924316 8.220376014709473 18.900001525878906
      vertex -6.651756286621094 7.94449520111084 18.900001525878906
    endloop
  endfacet
  facet normal 0.5080854250088221 -0.8613066822529619 0
    outer loop
      vertex -6.184082984924316 8.220376014709473 18.900001525878906
      vertex -6.651756286621094 7.94449520111084 5.100000381469727
      vertex -6.184082984924316 8.220376014709473 5.100000381469727
    endloop
  endfacet
  facet normal 0.2536524043042203 -0.9672954345962191 0
    outer loop
      vertex -4.444561004638672 8.91014289855957 0
      vertex -3.7711734771728516 9.086724281311035 24
      vertex -4.444561004638672 8.91014289855957 24
    endloop
  endfacet
  facet normal 0.2536524043042203 -0.9672954345962191 0
    outer loop
      vertex -3.7711734771728516 9.086724281311035 24
      vertex -4.444561004638672 8.91014289855957 0
      vertex -3.7711734771728516 9.086724281311035 0
    endloop
  endfacet
  facet normal 0.9470457536600092 -0.3210986460179256 0
    outer loop
      vertex -7.961477279663086 6.343059539794922 24
      vertex -7.846282005310059 6.6828155517578125 22.100000381469727
      vertex -7.846282005310059 6.6828155517578125 24
    endloop
  endfacet
  facet normal 0.9470457536600092 -0.3210986460179256 0
    outer loop
      vertex -7.846282005310059 6.6828155517578125 22.100000381469727
      vertex -7.961477279663086 6.343059539794922 24
      vertex -7.961477279663086 6.343059539794922 22.100000381469727
    endloop
  endfacet
  facet normal 0.9470457536600092 -0.3210986460179256 0
    outer loop
      vertex -7.961477279663086 6.343059539794922 1.9000005722045898
      vertex -7.846282005310059 6.6828155517578125 0
      vertex -7.846282005310059 6.6828155517578125 1.9000005722045898
    endloop
  endfacet
  facet normal 0.9470457536600092 -0.3210986460179256 0
    outer loop
      vertex -7.846282005310059 6.6828155517578125 0
      vertex -7.961477279663086 6.343059539794922 1.9000005722045898
      vertex -7.961477279663086 6.343059539794922 0
    endloop
  endfacet
  facet normal 0.9470457536600093 -0.32109864601792565 0
    outer loop
      vertex -7.961477279663086 6.343059539794922 18.900001525878906
      vertex -7.846282005310059 6.6828155517578125 5.100000381469727
      vertex -7.846282005310059 6.6828155517578125 18.900001525878906
    endloop
  endfacet
  facet normal 0.9470457536600093 -0.32109864601792565 0
    outer loop
      vertex -7.846282005310059 6.6828155517578125 5.100000381469727
      vertex -7.961477279663086 6.343059539794922 18.900001525878906
      vertex -7.961477279663086 6.343059539794922 5.100000381469727
    endloop
  endfacet
  facet normal 0.1546569493834399 -0.987968232286549 0
    outer loop
      vertex -3.061467170715332 9.233577728271484 0
      vertex -2.322277069091797 9.34929084777832 24
      vertex -3.061467170715332 9.233577728271484 24
    endloop
  endfacet
  facet normal 0.1546569493834399 -0.987968232286549 0
    outer loop
      vertex -2.322277069091797 9.34929084777832 24
      vertex -3.061467170715332 9.233577728271484 0
      vertex -2.322277069091797 9.34929084777832 0
    endloop
  endfacet
  facet normal 0.7740865513715658 -0.633079782480594 0
    outer loop
      vertex -7.655522346496582 7.015995979309082 24
      vertex -7.391036033630371 7.339391708374023 22.100000381469727
      vertex -7.391036033630371 7.339391708374023 24
    endloop
  endfacet
  facet normal 0.7740865513715658 -0.633079782480594 0
    outer loop
      vertex -7.391036033630371 7.339391708374023 22.100000381469727
      vertex -7.655522346496582 7.015995979309082 24
      vertex -7.655522346496582 7.015995979309082 22.100000381469727
    endloop
  endfacet
  facet normal 0.7740865513715658 -0.6330797824805939 0
    outer loop
      vertex -7.655522346496582 7.015995979309082 1.9000005722045898
      vertex -7.391036033630371 7.339391708374023 0
      vertex -7.391036033630371 7.339391708374023 1.9000005722045898
    endloop
  endfacet
  facet normal 0.7740865513715658 -0.6330797824805939 0
    outer loop
      vertex -7.391036033630371 7.339391708374023 0
      vertex -7.655522346496582 7.015995979309082 1.9000005722045898
      vertex -7.655522346496582 7.015995979309082 0
    endloop
  endfacet
  facet normal 0.7740865513715658 -0.633079782480594 0
    outer loop
      vertex -7.655522346496582 7.015995979309082 18.900001525878906
      vertex -7.391036033630371 7.339391708374023 5.100000381469727
      vertex -7.391036033630371 7.339391708374023 18.900001525878906
    endloop
  endfacet
  facet normal 0.7740865513715658 -0.633079782480594 0
    outer loop
      vertex -7.391036033630371 7.339391708374023 5.100000381469727
      vertex -7.655522346496582 7.015995979309082 18.900001525878906
      vertex -7.655522346496582 7.015995979309082 5.100000381469727
    endloop
  endfacet
  facet normal 0.021489100938000293 0.9997690826090175 0
    outer loop
      vertex 0 -9.5 0
      vertex -0.7841367721557617 -9.483145713806152 24
      vertex 0 -9.5 24
    endloop
  endfacet
  facet normal 0.021489100938000293 0.9997690826090175 0
    outer loop
      vertex -0.7841367721557617 -9.483145713806152 24
      vertex 0 -9.5 0
      vertex -0.7841367721557617 -9.483145713806152 0
    endloop
  endfacet
  facet normal 0.5080854250088221 0.8613066822529618 0
    outer loop
      vertex -6.184082984924316 -8.220376014709473 22.100000381469727
      vertex -6.651756286621094 -7.94449520111084 24
      vertex -6.184082984924316 -8.220376014709473 24
    endloop
  endfacet
  facet normal 0.5080854250088221 0.8613066822529618 0
    outer loop
      vertex -6.651756286621094 -7.94449520111084 24
      vertex -6.184082984924316 -8.220376014709473 22.100000381469727
      vertex -6.651756286621094 -7.94449520111084 22.100000381469727
    endloop
  endfacet
  facet normal 0.5080854250088221 0.8613066822529618 0
    outer loop
      vertex -6.184082984924316 -8.220376014709473 0
      vertex -6.651756286621094 -7.94449520111084 1.9000005722045898
      vertex -6.184082984924316 -8.220376014709473 1.9000005722045898
    endloop
  endfacet
  facet normal 0.5080854250088221 0.8613066822529618 0
    outer loop
      vertex -6.651756286621094 -7.94449520111084 1.9000005722045898
      vertex -6.184082984924316 -8.220376014709473 0
      vertex -6.651756286621094 -7.94449520111084 0
    endloop
  endfacet
  facet normal 0.5080854250088221 0.8613066822529619 0
    outer loop
      vertex -6.184082984924316 -8.220376014709473 5.100000381469727
      vertex -6.651756286621094 -7.94449520111084 18.900001525878906
      vertex -6.184082984924316 -8.220376014709473 18.900001525878906
    endloop
  endfacet
  facet normal 0.5080854250088221 0.8613066822529619 0
    outer loop
      vertex -6.651756286621094 -7.94449520111084 18.900001525878906
      vertex -6.184082984924316 -8.220376014709473 5.100000381469727
      vertex -6.651756286621094 -7.94449520111084 5.100000381469727
    endloop
  endfacet
  facet normal 0.4347117102669958 -0.9005696691299032 0
    outer loop
      vertex -6.184082984924316 8.220376014709473 22.100000381469727
      vertex -5.656853675842285 8.474873542785645 24
      vertex -6.184082984924316 8.220376014709473 24
    endloop
  endfacet
  facet normal 0.4347117102669958 -0.9005696691299032 0
    outer loop
      vertex -5.656853675842285 8.474873542785645 24
      vertex -6.184082984924316 8.220376014709473 22.100000381469727
      vertex -5.656853675842285 8.474873542785645 22.100000381469727
    endloop
  endfacet
  facet normal 0.43471171026699584 -0.9005696691299032 0
    outer loop
      vertex -6.184082984924316 8.220376014709473 0
      vertex -5.656853675842285 8.474873542785645 1.9000005722045898
      vertex -6.184082984924316 8.220376014709473 1.9000005722045898
    endloop
  endfacet
  facet normal 0.43471171026699584 -0.9005696691299032 0
    outer loop
      vertex -5.656853675842285 8.474873542785645 1.9000005722045898
      vertex -6.184082984924316 8.220376014709473 0
      vertex -5.656853675842285 8.474873542785645 0
    endloop
  endfacet
  facet normal 0.4347117102669958 -0.9005696691299031 0
    outer loop
      vertex -6.184082984924316 8.220376014709473 5.100000381469727
      vertex -5.656853675842285 8.474873542785645 18.900001525878906
      vertex -6.184082984924316 8.220376014709473 18.900001525878906
    endloop
  endfacet
  facet normal 0.4347117102669958 -0.9005696691299031 0
    outer loop
      vertex -5.656853675842285 8.474873542785645 18.900001525878906
      vertex -6.184082984924316 8.220376014709473 5.100000381469727
      vertex -5.656853675842285 8.474873542785645 5.100000381469727
    endloop
  endfacet
  facet normal 0.3086307474301193 -0.9511819288341878 0
    outer loop
      vertex -5.075145721435547 8.705535888671875 1.9000005722045898
      vertex -5.075145721435547 8.705535888671875 0
      vertex -5 8.729918479919434 1.9000005722045898
    endloop
  endfacet
  facet normal 0.3086307474301193 -0.9511819288341878 0
    outer loop
      vertex -5.075145721435547 8.705535888671875 18.900001525878906
      vertex -5.075145721435547 8.705535888671875 5.100000381469727
      vertex -5 8.729918479919434 18.900001525878906
    endloop
  endfacet
  facet normal 0.30863074743011926 -0.9511819288341877 0
    outer loop
      vertex -5 8.729918479919434 22.100000381469727
      vertex -5.075145721435547 8.705535888671875 24
      vertex -5.075145721435547 8.705535888671875 22.100000381469727
    endloop
  endfacet
  facet normal 0.3086316913033599 -0.9511816225743777 4.126076795604238e-8
    outer loop
      vertex -5.075145721435547 8.705535888671875 24
      vertex -5 8.729918479919434 22.100000381469727
      vertex -4.444561004638672 8.91014289855957 24
    endloop
  endfacet
  facet normal 0.3086318190005462 -0.9511815811402227 0
    outer loop
      vertex -5 8.729918479919434 18.900001525878906
      vertex -4.444561004638672 8.91014289855957 24
      vertex -5 8.729918479919434 22.100000381469727
    endloop
  endfacet
  facet normal 0.3086307474301193 -0.9511819288341878 0
    outer loop
      vertex -5 8.729918479919434 5.100000381469727
      vertex -5 8.729918479919434 18.900001525878906
      vertex -5.075145721435547 8.705535888671875 5.100000381469727
    endloop
  endfacet
  facet normal 0.30863181900054626 -0.9511815811402228 0
    outer loop
      vertex -5 8.729918479919434 18.900001525878906
      vertex -5 8.729918479919434 5.100000381469727
      vertex -4.444561004638672 8.91014289855957 24
    endloop
  endfacet
  facet normal 0.30863181900054626 -0.9511815811402227 0
    outer loop
      vertex -4.444561004638672 8.91014289855957 0
      vertex -5 8.729918479919434 5.100000381469727
      vertex -5 8.729918479919434 1.9000005722045898
    endloop
  endfacet
  facet normal 0.30863181900054626 -0.9511815811402227 0
    outer loop
      vertex -5 8.729918479919434 5.100000381469727
      vertex -4.444561004638672 8.91014289855957 0
      vertex -4.444561004638672 8.91014289855957 24
    endloop
  endfacet
  facet normal 0.3086316913033599 -0.9511816225743775 -4.126074724587247e-8
    outer loop
      vertex -4.444561004638672 8.91014289855957 0
      vertex -5 8.729918479919434 1.9000005722045898
      vertex -5.075145721435547 8.705535888671875 0
    endloop
  endfacet
  facet normal 0.5895718235045805 0.8077159555991721 0
    outer loop
      vertex -6.651756286621094 -7.94449520111084 22.100000381469727
      vertex -7.0553693771362305 -7.649888038635254 24
      vertex -6.651756286621094 -7.94449520111084 24
    endloop
  endfacet
  facet normal 0.5895718235045805 0.8077159555991721 0
    outer loop
      vertex -7.0553693771362305 -7.649888038635254 24
      vertex -6.651756286621094 -7.94449520111084 22.100000381469727
      vertex -7.0553693771362305 -7.649888038635254 22.100000381469727
    endloop
  endfacet
  facet normal 0.5895718235045805 0.8077159555991721 0
    outer loop
      vertex -6.651756286621094 -7.94449520111084 0
      vertex -7.0553693771362305 -7.649888038635254 1.9000005722045898
      vertex -6.651756286621094 -7.94449520111084 1.9000005722045898
    endloop
  endfacet
  facet normal 0.5895718235045805 0.8077159555991721 0
    outer loop
      vertex -7.0553693771362305 -7.649888038635254 1.9000005722045898
      vertex -6.651756286621094 -7.94449520111084 0
      vertex -7.0553693771362305 -7.649888038635254 0
    endloop
  endfacet
  facet normal 0.5895718235045805 0.8077159555991722 0
    outer loop
      vertex -6.651756286621094 -7.94449520111084 5.100000381469727
      vertex -7.0553693771362305 -7.649888038635254 18.900001525878906
      vertex -6.651756286621094 -7.94449520111084 18.900001525878906
    endloop
  endfacet
  facet normal 0.5895718235045805 0.8077159555991722 0
    outer loop
      vertex -7.0553693771362305 -7.649888038635254 18.900001525878906
      vertex -6.651756286621094 -7.94449520111084 5.100000381469727
      vertex -7.0553693771362305 -7.649888038635254 5.100000381469727
    endloop
  endfacet
  facet normal 0.867826745719292 0.49686692324430637 0
    outer loop
      vertex -7.655522346496582 -7.015995979309082 24
      vertex -7.846282005310059 -6.6828155517578125 22.100000381469727
      vertex -7.846282005310059 -6.6828155517578125 24
    endloop
  endfacet
  facet normal 0.867826745719292 0.49686692324430637 0
    outer loop
      vertex -7.846282005310059 -6.6828155517578125 22.100000381469727
      vertex -7.655522346496582 -7.015995979309082 24
      vertex -7.655522346496582 -7.015995979309082 22.100000381469727
    endloop
  endfacet
  facet normal 0.8678267457192919 0.4968669232443063 0
    outer loop
      vertex -7.655522346496582 -7.015995979309082 1.9000005722045898
      vertex -7.846282005310059 -6.6828155517578125 0
      vertex -7.846282005310059 -6.6828155517578125 1.9000005722045898
    endloop
  endfacet
  facet normal 0.8678267457192919 0.4968669232443063 0
    outer loop
      vertex -7.846282005310059 -6.6828155517578125 0
      vertex -7.655522346496582 -7.015995979309082 1.9000005722045898
      vertex -7.655522346496582 -7.015995979309082 0
    endloop
  endfacet
  facet normal 0.8678267457192919 0.4968669232443063 0
    outer loop
      vertex -7.655522346496582 -7.015995979309082 18.900001525878906
      vertex -7.846282005310059 -6.6828155517578125 5.100000381469727
      vertex -7.846282005310059 -6.6828155517578125 18.900001525878906
    endloop
  endfacet
  facet normal 0.8678267457192919 0.4968669232443063 0
    outer loop
      vertex -7.846282005310059 -6.6828155517578125 5.100000381469727
      vertex -7.655522346496582 -7.015995979309082 18.900001525878906
      vertex -7.655522346496582 -7.015995979309082 5.100000381469727
    endloop
  endfacet
  facet normal 0.7740865513715658 0.633079782480594 0
    outer loop
      vertex -7.391036033630371 -7.339391708374023 24
      vertex -7.655522346496582 -7.015995979309082 22.100000381469727
      vertex -7.655522346496582 -7.015995979309082 24
    endloop
  endfacet
  facet normal 0.7740865513715658 0.633079782480594 0
    outer loop
      vertex -7.655522346496582 -7.015995979309082 22.100000381469727
      vertex -7.391036033630371 -7.339391708374023 24
      vertex -7.391036033630371 -7.339391708374023 22.100000381469727
    endloop
  endfacet
  facet normal 0.7740865513715658 0.6330797824805939 0
    outer loop
      vertex -7.391036033630371 -7.339391708374023 1.9000005722045898
      vertex -7.655522346496582 -7.015995979309082 0
      vertex -7.655522346496582 -7.015995979309082 1.9000005722045898
    endloop
  endfacet
  facet normal 0.7740865513715658 0.6330797824805939 0
    outer loop
      vertex -7.655522346496582 -7.015995979309082 0
      vertex -7.391036033630371 -7.339391708374023 1.9000005722045898
      vertex -7.391036033630371 -7.339391708374023 0
    endloop
  endfacet
  facet normal 0.7740865513715658 0.633079782480594 0
    outer loop
      vertex -7.391036033630371 -7.339391708374023 18.900001525878906
      vertex -7.655522346496582 -7.015995979309082 5.100000381469727
      vertex -7.655522346496582 -7.015995979309082 18.900001525878906
    endloop
  endfacet
  facet normal 0.7740865513715658 0.633079782480594 0
    outer loop
      vertex -7.655522346496582 -7.015995979309082 5.100000381469727
      vertex -7.391036033630371 -7.339391708374023 18.900001525878906
      vertex -7.391036033630371 -7.339391708374023 5.100000381469727
    endloop
  endfacet
  facet normal 0.4347117102669958 0.9005696691299032 0
    outer loop
      vertex -5.656853675842285 -8.474873542785645 22.100000381469727
      vertex -6.184082984924316 -8.220376014709473 24
      vertex -5.656853675842285 -8.474873542785645 24
    endloop
  endfacet
  facet normal 0.4347117102669958 0.9005696691299032 0
    outer loop
      vertex -6.184082984924316 -8.220376014709473 24
      vertex -5.656853675842285 -8.474873542785645 22.100000381469727
      vertex -6.184082984924316 -8.220376014709473 22.100000381469727
    endloop
  endfacet
  facet normal 0.43471171026699584 0.9005696691299032 0
    outer loop
      vertex -5.656853675842285 -8.474873542785645 0
      vertex -6.184082984924316 -8.220376014709473 1.9000005722045898
      vertex -5.656853675842285 -8.474873542785645 1.9000005722045898
    endloop
  endfacet
  facet normal 0.43471171026699584 0.9005696691299032 0
    outer loop
      vertex -6.184082984924316 -8.220376014709473 1.9000005722045898
      vertex -5.656853675842285 -8.474873542785645 0
      vertex -6.184082984924316 -8.220376014709473 0
    endloop
  endfacet
  facet normal 0.4347117102669958 0.9005696691299031 0
    outer loop
      vertex -5.656853675842285 -8.474873542785645 5.100000381469727
      vertex -6.184082984924316 -8.220376014709473 18.900001525878906
      vertex -5.656853675842285 -8.474873542785645 18.900001525878906
    endloop
  endfacet
  facet normal 0.4347117102669958 0.9005696691299031 0
    outer loop
      vertex -6.184082984924316 -8.220376014709473 18.900001525878906
      vertex -5.656853675842285 -8.474873542785645 5.100000381469727
      vertex -6.184082984924316 -8.220376014709473 5.100000381469727
    endloop
  endfacet
  facet normal 0.06476051169353708 -0.9979008348153594 0
    outer loop
      vertex -1.5607223510742188 9.432747840881348 0
      vertex -0.7841367721557617 9.483145713806152 24
      vertex -1.5607223510742188 9.432747840881348 24
    endloop
  endfacet
  facet normal 0.06476051169353708 -0.9979008348153594 0
    outer loop
      vertex -0.7841367721557617 9.483145713806152 24
      vertex -1.5607223510742188 9.432747840881348 0
      vertex -0.7841367721557617 9.483145713806152 0
    endloop
  endfacet
  facet normal 1 0 0
    outer loop
      vertex 0 -17.200000762939453 17.900001525878906
      vertex 0 -15.5 14.300000190734863
      vertex 0 -15.5 17.900001525878906
    endloop
  endfacet
  facet normal 1 0 0
    outer loop
      vertex 0 -15.5 14.300000190734863
      vertex 0 -17.200000762939453 17.900001525878906
      vertex 0 -17.200000762939453 14.300000190734863
    endloop
  endfacet
  facet normal 1 0 0
    outer loop
      vertex 0 -17.200000762939453 9.700000762939453
      vertex 0 -15.5 6.100000381469727
      vertex 0 -15.5 9.700000762939453
    endloop
  endfacet
  facet normal 1 0 0
    outer loop
      vertex 0 -15.5 6.100000381469727
      vertex 0 -17.200000762939453 9.700000762939453
      vertex 0 -17.200000762939453 6.100000381469727
    endloop
  endfacet
  facet normal 1 0 0
    outer loop
      vertex 0 11.699999809265137 24
      vertex 0 11.399999618530273 22
      vertex 0 11.699999809265137 22
    endloop
  endfacet
  facet normal 1 0 0
    outer loop
      vertex 0 11.399999618530273 22
      vertex 0 9.5 24
      vertex 0 11.399999618530273 2
    endloop
  endfacet
  facet normal 1 0 0
    outer loop
      vertex 0 9.5 24
      vertex 0 11.399999618530273 22
      vertex 0 11.699999809265137 24
    endloop
  endfacet
  facet normal 1 0 0
    outer loop
      vertex 0 11.399999618530273 2
      vertex 0 11.699999809265137 0
      vertex 0 11.699999809265137 2
    endloop
  endfacet
  facet normal 1 0 0
    outer loop
      vertex 0 11.399999618530273 2
      vertex 0 9.5 0
      vertex 0 11.699999809265137 0
    endloop
  endfacet
  facet normal 1 0 0
    outer loop
      vertex 0 9.5 0
      vertex 0 11.399999618530273 2
      vertex 0 9.5 24
    endloop
  endfacet
  facet normal 1 0 0
    outer loop
      vertex 0 -12.899999618530273 9.700000762939453
      vertex 0 -11.699999809265137 6.100000381469727
      vertex 0 -11.699999809265137 9.700000762939453
    endloop
  endfacet
  facet normal 1 0 0
    outer loop
      vertex 0 -11.699999809265137 6.100000381469727
      vertex 0 -12.899999618530273 9.700000762939453
      vertex 0 -12.899999618530273 6.100000381469727
    endloop
  endfacet
  facet normal 1 0 0
    outer loop
      vertex 0 -12.899999618530273 17.900001525878906
      vertex 0 -11.699999809265137 14.300000190734863
      vertex 0 -11.699999809265137 17.900001525878906
    endloop
  endfacet
  facet normal 1 0 0
    outer loop
      vertex 0 -11.699999809265137 14.300000190734863
      vertex 0 -12.899999618530273 17.900001525878906
      vertex 0 -12.899999618530273 14.300000190734863
    endloop
  endfacet
  facet normal 1 0 0
    outer loop
      vertex 0 -11.699999809265137 17.900001525878906
      vertex 0 -9.5 24
      vertex 0 -11.699999809265137 24
    endloop
  endfacet
  facet normal 1 0 0
    outer loop
      vertex 0 -11.699999809265137 14.300000190734863
      vertex 0 -9.5 24
      vertex 0 -11.699999809265137 17.900001525878906
    endloop
  endfacet
  facet normal 1 0 0
    outer loop
      vertex 0 -9.5 24
      vertex 0 -11.699999809265137 14.300000190734863
      vertex 0 -9.5 0
    endloop
  endfacet
  facet normal 1 0 0
    outer loop
      vertex 0 -11.699999809265137 9.700000762939453
      vertex 0 -9.5 0
      vertex 0 -11.699999809265137 14.300000190734863
    endloop
  endfacet
  facet normal 1 0 0
    outer loop
      vertex 0 -11.699999809265137 6.100000381469727
      vertex 0 -9.5 0
      vertex 0 -11.699999809265137 9.700000762939453
    endloop
  endfacet
  facet normal 1 0 0
    outer loop
      vertex 0 -9.5 0
      vertex 0 -11.699999809265137 6.100000381469727
      vertex 0 -11.699999809265137 0
    endloop
  endfacet
  facet normal -0.9978587877608438 0.06540519618852311 0
    outer loop
      vertex -3 -14.199999809265137 14.300000190734863
      vertex -2.9743337631225586 -13.80842113494873 17.900001525878906
      vertex -2.9743337631225586 -13.80842113494873 14.300000190734863
    endloop
  endfacet
  facet normal -0.9978587877608438 0.06540519618852311 0
    outer loop
      vertex -2.9743337631225586 -13.80842113494873 17.900001525878906
      vertex -3 -14.199999809265137 14.300000190734863
      vertex -3 -14.199999809265137 17.900001525878906
    endloop
  endfacet
  facet normal -0.7518403549106677 0.65934519087334 0
    outer loop
      vertex -2.380059242248535 -12.3737154006958 14.300000190734863
      vertex -2.1213197708129883 -12.078679084777832 17.900001525878906
      vertex -2.1213197708129883 -12.078679084777832 14.300000190734863
    endloop
  endfacet
  facet normal -0.7518403549106677 0.65934519087334 0
    outer loop
      vertex -2.1213197708129883 -12.078679084777832 17.900001525878906
      vertex -2.380059242248535 -12.3737154006958 14.300000190734863
      vertex -2.380059242248535 -12.3737154006958 17.900001525878906
    endloop
  endfacet
  facet normal -0.06540293494358232 -0.9978589359727985 0
    outer loop
      vertex -0.39157772064208984 -17.174335479736328 14.300000190734863
      vertex 0 -17.200000762939453 17.900001525878906
      vertex -0.39157772064208984 -17.174335479736328 17.900001525878906
    endloop
  endfacet
  facet normal -0.06540293494358232 -0.9978589359727985 0
    outer loop
      vertex 0 -17.200000762939453 17.900001525878906
      vertex -0.39157772064208984 -17.174335479736328 14.300000190734863
      vertex 0 -17.200000762939453 14.300000190734863
    endloop
  endfacet
  facet normal -0.65934519087334 0.7518403549106677 0
    outer loop
      vertex -1.8262834548950195 -11.819939613342285 14.300000190734863
      vertex -2.1213197708129883 -12.078679084777832 17.900001525878906
      vertex -1.8262834548950195 -11.819939613342285 17.900001525878906
    endloop
  endfacet
  facet normal -0.65934519087334 0.7518403549106677 0
    outer loop
      vertex -2.1213197708129883 -12.078679084777832 17.900001525878906
      vertex -1.8262834548950195 -11.819939613342285 14.300000190734863
      vertex -2.1213197708129883 -12.078679084777832 14.300000190734863
    endloop
  endfacet
  facet normal -0.9807852151871462 -0.19509064987923738 0
    outer loop
      vertex -2.8977766036987305 -14.976456642150879 14.300000190734863
      vertex -2.9743337631225586 -14.591578483581543 17.900001525878906
      vertex -2.9743337631225586 -14.591578483581543 14.300000190734863
    endloop
  endfacet
  facet normal -0.9807852151871462 -0.19509064987923738 0
    outer loop
      vertex -2.9743337631225586 -14.591578483581543 17.900001525878906
      vertex -2.8977766036987305 -14.976456642150879 14.300000190734863
      vertex -2.8977766036987305 -14.976456642150879 17.900001525878906
    endloop
  endfacet
  facet normal -0.5555712170234542 0.8314689548113496 0
    outer loop
      vertex -1.5388296842575073 -11.62786865234375 14.300000190734863
      vertex -1.8262834548950195 -11.819939613342285 17.900001525878906
      vertex -1.5388296842575073 -11.62786865234375 17.900001525878906
    endloop
  endfacet
  facet normal -0.5555712170234542 0.8314689548113496 0
    outer loop
      vertex -1.8262834548950195 -11.819939613342285 17.900001525878906
      vertex -1.5388296842575073 -11.62786865234375 14.300000190734863
      vertex -1.8262834548950195 -11.819939613342285 14.300000190734863
    endloop
  endfacet
  facet normal -0.9978587877608438 -0.06540519618852311 0
    outer loop
      vertex -2.9743337631225586 -14.591578483581543 14.300000190734863
      vertex -3 -14.199999809265137 17.900001525878906
      vertex -3 -14.199999809265137 14.300000190734863
    endloop
  endfacet
  facet normal -0.9978587877608438 -0.06540519618852311 0
    outer loop
      vertex -3 -14.199999809265137 17.900001525878906
      vertex -2.9743337631225586 -14.591578483581543 14.300000190734863
      vertex -2.9743337631225586 -14.591578483581543 17.900001525878906
    endloop
  endfacet
  facet normal -0.8968730759471395 -0.44228801209293084 0
    outer loop
      vertex -2.5980758666992188 -15.699999809265137 14.300000190734863
      vertex -2.7716379165649414 -15.348050117492676 17.900001525878906
      vertex -2.7716379165649414 -15.348050117492676 14.300000190734863
    endloop
  endfacet
  facet normal -0.8968730759471395 -0.44228801209293084 0
    outer loop
      vertex -2.7716379165649414 -15.348050117492676 17.900001525878906
      vertex -2.5980758666992188 -15.699999809265137 14.300000190734863
      vertex -2.5980758666992188 -15.699999809265137 17.900001525878906
    endloop
  endfacet
  facet normal -0.8968730759471395 0.44228801209293084 0
    outer loop
      vertex -2.7716379165649414 -13.051949501037598 14.300000190734863
      vertex -2.5980758666992188 -12.699999809265137 17.900001525878906
      vertex -2.5980758666992188 -12.699999809265137 14.300000190734863
    endloop
  endfacet
  facet normal -0.8968730759471395 0.44228801209293084 0
    outer loop
      vertex -2.5980758666992188 -12.699999809265137 17.900001525878906
      vertex -2.7716379165649414 -13.051949501037598 14.300000190734863
      vertex -2.7716379165649414 -13.051949501037598 17.900001525878906
    endloop
  endfacet
  facet normal -0.9469303626845079 -0.32143877834851586 0
    outer loop
      vertex -2.7716379165649414 -15.348050117492676 14.300000190734863
      vertex -2.8977766036987305 -14.976456642150879 17.900001525878906
      vertex -2.8977766036987305 -14.976456642150879 14.300000190734863
    endloop
  endfacet
  facet normal -0.9469303626845079 -0.32143877834851586 0
    outer loop
      vertex -2.8977766036987305 -14.976456642150879 17.900001525878906
      vertex -2.7716379165649414 -15.348050117492676 14.300000190734863
      vertex -2.7716379165649414 -15.348050117492676 17.900001525878906
    endloop
  endfacet
  facet normal -0.8314684469304013 -0.5555719771183085 0
    outer loop
      vertex -2.380059242248535 -16.026283264160156 14.300000190734863
      vertex -2.5980758666992188 -15.699999809265137 17.900001525878906
      vertex -2.5980758666992188 -15.699999809265137 14.300000190734863
    endloop
  endfacet
  facet normal -0.8314684469304013 -0.5555719771183085 0
    outer loop
      vertex -2.5980758666992188 -15.699999809265137 17.900001525878906
      vertex -2.380059242248535 -16.026283264160156 14.300000190734863
      vertex -2.380059242248535 -16.026283264160156 17.900001525878906
    endloop
  endfacet
  facet normal -0.9807853076829626 0.1950901848716038 0
    outer loop
      vertex -2.9743337631225586 -13.80842113494873 14.300000190734863
      vertex -2.8977766036987305 -13.423542022705078 17.900001525878906
      vertex -2.8977766036987305 -13.423542022705078 14.300000190734863
    endloop
  endfacet
  facet normal -0.9807853076829626 0.1950901848716038 0
    outer loop
      vertex -2.8977766036987305 -13.423542022705078 17.900001525878906
      vertex -2.9743337631225586 -13.80842113494873 14.300000190734863
      vertex -2.9743337631225586 -13.80842113494873 17.900001525878906
    endloop
  endfacet
  facet normal -0.9469301115837139 0.3214395180684152 0
    outer loop
      vertex -2.8977766036987305 -13.423542022705078 14.300000190734863
      vertex -2.7716379165649414 -13.051949501037598 17.900001525878906
      vertex -2.7716379165649414 -13.051949501037598 14.300000190734863
    endloop
  endfacet
  facet normal -0.9469301115837139 0.3214395180684152 0
    outer loop
      vertex -2.7716379165649414 -13.051949501037598 17.900001525878906
      vertex -2.8977766036987305 -13.423542022705078 14.300000190734863
      vertex -2.8977766036987305 -13.423542022705078 17.900001525878906
    endloop
  endfacet
  facet normal 0 0 1
    outer loop
      vertex 0 -11.699999809265137 17.900001525878906
      vertex -0.16968345642089844 -12.911121368408203 17.900001525878906
      vertex 0 -12.899999618530273 17.900001525878906
    endloop
  endfacet
  facet normal 0 0 1
    outer loop
      vertex 0 -11.699999809265137 17.900001525878906
      vertex -0.33646392822265625 -12.944295883178711 17.900001525878906
      vertex -0.16968345642089844 -12.911121368408203 17.900001525878906
    endloop
  endfacet
  facet normal 0 0 1
    outer loop
      vertex -0.9997739791870117 -11.672552108764648 17.900001525878906
      vertex -0.33646392822265625 -12.944295883178711 17.900001525878906
      vertex 0 -11.699999809265137 17.900001525878906
    endloop
  endfacet
  facet normal 0 0 1
    outer loop
      vertex -0.33646392822265625 -12.944295883178711 17.900001525878906
      vertex -0.9997739791870117 -11.672552108764648 17.900001525878906
      vertex -0.49748802185058594 -12.998955726623535 17.900001525878906
    endloop
  endfacet
  facet normal 0 0 1
    outer loop
      vertex -0.49748802185058594 -12.998955726623535 17.900001525878906
      vertex -0.9997739791870117 -11.672552108764648 17.900001525878906
      vertex -0.6499996185302734 -13.074166297912598 17.900001525878906
    endloop
  endfacet
  facet normal 0 0 1
    outer loop
      vertex -0.6499996185302734 -13.074166297912598 17.900001525878906
      vertex -0.9997739791870117 -11.672552108764648 17.900001525878906
      vertex -0.7913894653320312 -13.16864013671875 17.900001525878906
    endloop
  endfacet
  facet normal 0 0 1
    outer loop
      vertex -1.8262834548950195 -11.819939613342285 17.900001525878906
      vertex -0.7913894653320312 -13.16864013671875 17.900001525878906
      vertex -0.9997739791870117 -11.672552108764648 17.900001525878906
    endloop
  endfacet
  facet normal 0 0 1
    outer loop
      vertex -0.7913894653320312 -13.16864013671875 17.900001525878906
      vertex -1.8262834548950195 -11.819939613342285 17.900001525878906
      vertex -0.9192380905151367 -13.280760765075684 17.900001525878906
    endloop
  endfacet
  facet normal 0 0 1
    outer loop
      vertex -2.1213197708129883 -12.078679084777832 17.900001525878906
      vertex -0.9192380905151367 -13.280760765075684 17.900001525878906
      vertex -1.8262834548950195 -11.819939613342285 17.900001525878906
    endloop
  endfacet
  facet normal 0 0 1
    outer loop
      vertex -0.9192380905151367 -13.280760765075684 17.900001525878906
      vertex -2.1213197708129883 -12.078679084777832 17.900001525878906
      vertex -1.0313587188720703 -13.408609390258789 17.900001525878906
    endloop
  endfacet
  facet normal 0 0 1
    outer loop
      vertex -2.380059242248535 -12.3737154006958 17.900001525878906
      vertex -1.0313587188720703 -13.408609390258789 17.900001525878906
      vertex -2.1213197708129883 -12.078679084777832 17.900001525878906
    endloop
  endfacet
  facet normal 0 0 1
    outer loop
      vertex -1.0313587188720703 -13.408609390258789 17.900001525878906
      vertex -2.380059242248535 -12.3737154006958 17.900001525878906
      vertex -1.1258325576782227 -13.549999237060547 17.900001525878906
    endloop
  endfacet
  facet normal 0 0 1
    outer loop
      vertex -3 -14.199999809265137 17.900001525878906
      vertex -1.2999992370605469 -14.199999809265137 17.900001525878906
      vertex -1.2888774871826172 -14.030315399169922 17.900001525878906
    endloop
  endfacet
  facet normal 0 0 1
    outer loop
      vertex -1.8262834548950195 -11.819939613342285 17.900001525878906
      vertex -0.9997739791870117 -11.672552108764648 17.900001525878906
      vertex -1.5388296842575073 -11.62786865234375 17.900001525878906
    endloop
  endfacet
  facet normal 0 0 1
    outer loop
      vertex -2.5980758666992188 -12.699999809265137 17.900001525878906
      vertex -1.1258325576782227 -13.549999237060547 17.900001525878906
      vertex -2.380059242248535 -12.3737154006958 17.900001525878906
    endloop
  endfacet
  facet normal 0 0 1
    outer loop
      vertex -1.1258325576782227 -13.549999237060547 17.900001525878906
      vertex -2.5980758666992188 -12.699999809265137 17.900001525878906
      vertex -1.2010431289672852 -13.702510833740234 17.900001525878906
    endloop
  endfacet
  facet normal 0 0 1
    outer loop
      vertex -1.2999992370605469 -14.199999809265137 17.900001525878906
      vertex -1.8262834548950195 -16.580059051513672 17.900001525878906
      vertex -1.5 -16.798076629638672 17.900001525878906
    endloop
  endfacet
  facet normal 0 0 1
    outer loop
      vertex -2.7716379165649414 -13.051949501037598 17.900001525878906
      vertex -1.2010431289672852 -13.702510833740234 17.900001525878906
      vertex -2.5980758666992188 -12.699999809265137 17.900001525878906
    endloop
  endfacet
  facet normal 0 0 1
    outer loop
      vertex -1.2999992370605469 -14.199999809265137 17.900001525878906
      vertex -2.1213197708129883 -16.321319580078125 17.900001525878906
      vertex -1.8262834548950195 -16.580059051513672 17.900001525878906
    endloop
  endfacet
  facet normal 0 0 1
    outer loop
      vertex -1.2010431289672852 -13.702510833740234 17.900001525878906
      vertex -2.7716379165649414 -13.051949501037598 17.900001525878906
      vertex -1.2557029724121094 -13.863534927368164 17.900001525878906
    endloop
  endfacet
  facet normal 0 0 1
    outer loop
      vertex -1.2999992370605469 -14.199999809265137 17.900001525878906
      vertex -2.380059242248535 -16.026283264160156 17.900001525878906
      vertex -2.1213197708129883 -16.321319580078125 17.900001525878906
    endloop
  endfacet
  facet normal 0 0 1
    outer loop
      vertex -2.8977766036987305 -13.423542022705078 17.900001525878906
      vertex -1.2557029724121094 -13.863534927368164 17.900001525878906
      vertex -2.7716379165649414 -13.051949501037598 17.900001525878906
    endloop
  endfacet
  facet normal 0 0 1
    outer loop
      vertex -1.2999992370605469 -14.199999809265137 17.900001525878906
      vertex -2.5980758666992188 -15.699999809265137 17.900001525878906
      vertex -2.380059242248535 -16.026283264160156 17.900001525878906
    endloop
  endfacet
  facet normal 0 0 1
    outer loop
      vertex -1.2557029724121094 -13.863534927368164 17.900001525878906
      vertex -2.8977766036987305 -13.423542022705078 17.900001525878906
      vertex -1.2888774871826172 -14.030315399169922 17.900001525878906
    endloop
  endfacet
  facet normal 0 0 1
    outer loop
      vertex -1.2999992370605469 -14.199999809265137 17.900001525878906
      vertex -2.7716379165649414 -15.348050117492676 17.900001525878906
      vertex -2.5980758666992188 -15.699999809265137 17.900001525878906
    endloop
  endfacet
  facet normal 0 0 1
    outer loop
      vertex -2.9743337631225586 -13.80842113494873 17.900001525878906
      vertex -1.2888774871826172 -14.030315399169922 17.900001525878906
      vertex -2.8977766036987305 -13.423542022705078 17.900001525878906
    endloop
  endfacet
  facet normal 0 0 1
    outer loop
      vertex -1.2999992370605469 -14.199999809265137 17.900001525878906
      vertex -2.8977766036987305 -14.976456642150879 17.900001525878906
      vertex -2.7716379165649414 -15.348050117492676 17.900001525878906
    endloop
  endfacet
  facet normal 0 0 1
    outer loop
      vertex -3 -14.199999809265137 17.900001525878906
      vertex -1.2888774871826172 -14.030315399169922 17.900001525878906
      vertex -2.9743337631225586 -13.80842113494873 17.900001525878906
    endloop
  endfacet
  facet normal 0 0 1
    outer loop
      vertex -1.2999992370605469 -14.199999809265137 17.900001525878906
      vertex -2.9743337631225586 -14.591578483581543 17.900001525878906
      vertex -2.8977766036987305 -14.976456642150879 17.900001525878906
    endloop
  endfacet
  facet normal 0 0 1
    outer loop
      vertex -1.2999992370605469 -14.199999809265137 17.900001525878906
      vertex -3 -14.199999809265137 17.900001525878906
      vertex -2.9743337631225586 -14.591578483581543 17.900001525878906
    endloop
  endfacet
  facet normal 0 0 1
    outer loop
      vertex -0.16968345642089844 -15.48887825012207 17.900001525878906
      vertex 0 -17.200000762939453 17.900001525878906
      vertex 0 -15.5 17.900001525878906
    endloop
  endfacet
  facet normal 0 0 1
    outer loop
      vertex -0.39157772064208984 -17.174335479736328 17.900001525878906
      vertex -0.16968345642089844 -15.48887825012207 17.900001525878906
      vertex -0.33646392822265625 -15.455702781677246 17.900001525878906
    endloop
  endfacet
  facet normal 0 0 1
    outer loop
      vertex -0.16968345642089844 -15.48887825012207 17.900001525878906
      vertex -0.39157772064208984 -17.174335479736328 17.900001525878906
      vertex 0 -17.200000762939453 17.900001525878906
    endloop
  endfacet
  facet normal 0 0 1
    outer loop
      vertex -0.7764568328857422 -17.0977783203125 17.900001525878906
      vertex -0.33646392822265625 -15.455702781677246 17.900001525878906
      vertex -0.49748802185058594 -15.401042938232422 17.900001525878906
    endloop
  endfacet
  facet normal 0 0 1
    outer loop
      vertex -1.1480493545532227 -16.971637725830078 17.900001525878906
      vertex -0.49748802185058594 -15.401042938232422 17.900001525878906
      vertex -0.6499996185302734 -15.32583236694336 17.900001525878906
    endloop
  endfacet
  facet normal 0 0 1
    outer loop
      vertex -0.33646392822265625 -15.455702781677246 17.900001525878906
      vertex -0.7764568328857422 -17.0977783203125 17.900001525878906
      vertex -0.39157772064208984 -17.174335479736328 17.900001525878906
    endloop
  endfacet
  facet normal 0 0 1
    outer loop
      vertex -1.5 -16.798076629638672 17.900001525878906
      vertex -0.6499996185302734 -15.32583236694336 17.900001525878906
      vertex -0.7913894653320312 -15.231358528137207 17.900001525878906
    endloop
  endfacet
  facet normal 0 0 1
    outer loop
      vertex -1.5 -16.798076629638672 17.900001525878906
      vertex -0.7913894653320312 -15.231358528137207 17.900001525878906
      vertex -0.9192380905151367 -15.119237899780273 17.900001525878906
    endloop
  endfacet
  facet normal 0 0 1
    outer loop
      vertex -1.5 -16.798076629638672 17.900001525878906
      vertex -0.9192380905151367 -15.119237899780273 17.900001525878906
      vertex -1.0313587188720703 -14.991389274597168 17.900001525878906
    endloop
  endfacet
  facet normal 0 0 1
    outer loop
      vertex -1.5 -16.798076629638672 17.900001525878906
      vertex -1.0313587188720703 -14.991389274597168 17.900001525878906
      vertex -1.1258325576782227 -14.84999942779541 17.900001525878906
    endloop
  endfacet
  facet normal 0 0 1
    outer loop
      vertex -0.49748802185058594 -15.401042938232422 17.900001525878906
      vertex -1.1480493545532227 -16.971637725830078 17.900001525878906
      vertex -0.7764568328857422 -17.0977783203125 17.900001525878906
    endloop
  endfacet
  facet normal 0 0 1
    outer loop
      vertex -1.5 -16.798076629638672 17.900001525878906
      vertex -1.1258325576782227 -14.84999942779541 17.900001525878906
      vertex -1.2010431289672852 -14.697487831115723 17.900001525878906
    endloop
  endfacet
  facet normal 0 0 1
    outer loop
      vertex -1.5 -16.798076629638672 17.900001525878906
      vertex -1.2010431289672852 -14.697487831115723 17.900001525878906
      vertex -1.2557029724121094 -14.53646469116211 17.900001525878906
    endloop
  endfacet
  facet normal 0 0 1
    outer loop
      vertex -1.5 -16.798076629638672 17.900001525878906
      vertex -1.2557029724121094 -14.53646469116211 17.900001525878906
      vertex -1.2888774871826172 -14.369683265686035 17.900001525878906
    endloop
  endfacet
  facet normal 0 0 1
    outer loop
      vertex -1.5 -16.798076629638672 17.900001525878906
      vertex -1.2888774871826172 -14.369683265686035 17.900001525878906
      vertex -1.2999992370605469 -14.199999809265137 17.900001525878906
    endloop
  endfacet
  facet normal 0 0 1
    outer loop
      vertex -0.6499996185302734 -15.32583236694336 17.900001525878906
      vertex -1.5 -16.798076629638672 17.900001525878906
      vertex -1.1480493545532227 -16.971637725830078 17.900001525878906
    endloop
  endfacet
  facet normal -0.7518403549106677 -0.65934519087334 0
    outer loop
      vertex -2.1213197708129883 -16.321319580078125 14.300000190734863
      vertex -2.380059242248535 -16.026283264160156 17.900001525878906
      vertex -2.380059242248535 -16.026283264160156 14.300000190734863
    endloop
  endfacet
  facet normal -0.7518403549106677 -0.65934519087334 0
    outer loop
      vertex -2.380059242248535 -16.026283264160156 17.900001525878906
      vertex -2.1213197708129883 -16.321319580078125 14.300000190734863
      vertex -2.1213197708129883 -16.321319580078125 17.900001525878906
    endloop
  endfacet
  facet normal 0 0 -1
    outer loop
      vertex 0 -17.200000762939453 14.300000190734863
      vertex -0.16968345642089844 -15.48887825012207 14.300000190734863
      vertex 0 -15.5 14.300000190734863
    endloop
  endfacet
  facet normal 0 0 -1
    outer loop
      vertex -0.39157772064208984 -17.174335479736328 14.300000190734863
      vertex -0.16968345642089844 -15.48887825012207 14.300000190734863
      vertex 0 -17.200000762939453 14.300000190734863
    endloop
  endfacet
  facet normal 0 0 -1
    outer loop
      vertex -0.16968345642089844 -15.48887825012207 14.300000190734863
      vertex -0.39157772064208984 -17.174335479736328 14.300000190734863
      vertex -0.33646392822265625 -15.455702781677246 14.300000190734863
    endloop
  endfacet
  facet normal 0 0 -1
    outer loop
      vertex -0.7764568328857422 -17.0977783203125 14.300000190734863
      vertex -0.33646392822265625 -15.455702781677246 14.300000190734863
      vertex -0.39157772064208984 -17.174335479736328 14.300000190734863
    endloop
  endfacet
  facet normal 0 0 -1
    outer loop
      vertex -0.33646392822265625 -15.455702781677246 14.300000190734863
      vertex -0.7764568328857422 -17.0977783203125 14.300000190734863
      vertex -0.49748802185058594 -15.401042938232422 14.300000190734863
    endloop
  endfacet
  facet normal 0 0 -1
    outer loop
      vertex -1.1480493545532227 -16.971637725830078 14.300000190734863
      vertex -0.49748802185058594 -15.401042938232422 14.300000190734863
      vertex -0.7764568328857422 -17.0977783203125 14.300000190734863
    endloop
  endfacet
  facet normal 0 0 -1
    outer loop
      vertex -0.49748802185058594 -15.401042938232422 14.300000190734863
      vertex -1.1480493545532227 -16.971637725830078 14.300000190734863
      vertex -0.6499996185302734 -15.32583236694336 14.300000190734863
    endloop
  endfacet
  facet normal 0 0 -1
    outer loop
      vertex -1.5 -16.798076629638672 14.300000190734863
      vertex -0.6499996185302734 -15.32583236694336 14.300000190734863
      vertex -1.1480493545532227 -16.971637725830078 14.300000190734863
    endloop
  endfacet
  facet normal 0 0 -1
    outer loop
      vertex -0.6499996185302734 -15.32583236694336 14.300000190734863
      vertex -1.5 -16.798076629638672 14.300000190734863
      vertex -0.7913894653320312 -15.231358528137207 14.300000190734863
    endloop
  endfacet
  facet normal 0 0 -1
    outer loop
      vertex -1.8262834548950195 -16.580059051513672 14.300000190734863
      vertex -0.7913894653320312 -15.231358528137207 14.300000190734863
      vertex -1.5 -16.798076629638672 14.300000190734863
    endloop
  endfacet
  facet normal 0 0 -1
    outer loop
      vertex -0.7913894653320312 -15.231358528137207 14.300000190734863
      vertex -1.8262834548950195 -16.580059051513672 14.300000190734863
      vertex -0.9192380905151367 -15.119237899780273 14.300000190734863
    endloop
  endfacet
  facet normal 0 0 -1
    outer loop
      vertex -2.1213197708129883 -16.321319580078125 14.300000190734863
      vertex -0.9192380905151367 -15.119237899780273 14.300000190734863
      vertex -1.8262834548950195 -16.580059051513672 14.300000190734863
    endloop
  endfacet
  facet normal 0 0 -1
    outer loop
      vertex -0.9192380905151367 -15.119237899780273 14.300000190734863
      vertex -2.1213197708129883 -16.321319580078125 14.300000190734863
      vertex -1.0313587188720703 -14.991389274597168 14.300000190734863
    endloop
  endfacet
  facet normal 0 0 -1
    outer loop
      vertex -2.380059242248535 -16.026283264160156 14.300000190734863
      vertex -1.0313587188720703 -14.991389274597168 14.300000190734863
      vertex -2.1213197708129883 -16.321319580078125 14.300000190734863
    endloop
  endfacet
  facet normal 0 0 -1
    outer loop
      vertex -1.0313587188720703 -14.991389274597168 14.300000190734863
      vertex -2.380059242248535 -16.026283264160156 14.300000190734863
      vertex -1.1258325576782227 -14.84999942779541 14.300000190734863
    endloop
  endfacet
  facet normal 0 0 -1
    outer loop
      vertex -2.5980758666992188 -15.699999809265137 14.300000190734863
      vertex -1.1258325576782227 -14.84999942779541 14.300000190734863
      vertex -2.380059242248535 -16.026283264160156 14.300000190734863
    endloop
  endfacet
  facet normal 0 0 -1
    outer loop
      vertex -0.16968345642089844 -12.911121368408203 14.300000190734863
      vertex 0 -11.699999809265137 14.300000190734863
      vertex 0 -12.899999618530273 14.300000190734863
    endloop
  endfacet
  facet normal 0 0 -1
    outer loop
      vertex -0.33646392822265625 -12.944295883178711 14.300000190734863
      vertex 0 -11.699999809265137 14.300000190734863
      vertex -0.16968345642089844 -12.911121368408203 14.300000190734863
    endloop
  endfacet
  facet normal 0 0 -1
    outer loop
      vertex -0.9997739791870117 -11.672552108764648 14.300000190734863
      vertex -0.33646392822265625 -12.944295883178711 14.300000190734863
      vertex -0.49748802185058594 -12.998955726623535 14.300000190734863
    endloop
  endfacet
  facet normal 0 0 -1
    outer loop
      vertex -0.9997739791870117 -11.672552108764648 14.300000190734863
      vertex -0.49748802185058594 -12.998955726623535 14.300000190734863
      vertex -0.6499996185302734 -13.074166297912598 14.300000190734863
    endloop
  endfacet
  facet normal 0 0 -1
    outer loop
      vertex -0.9997739791870117 -11.672552108764648 14.300000190734863
      vertex -0.6499996185302734 -13.074166297912598 14.300000190734863
      vertex -0.7913894653320312 -13.16864013671875 14.300000190734863
    endloop
  endfacet
  facet normal 0 0 -1
    outer loop
      vertex -1.8262834548950195 -11.819939613342285 14.300000190734863
      vertex -0.7913894653320312 -13.16864013671875 14.300000190734863
      vertex -0.9192380905151367 -13.280760765075684 14.300000190734863
    endloop
  endfacet
  facet normal 0 0 -1
    outer loop
      vertex -0.33646392822265625 -12.944295883178711 14.300000190734863
      vertex -0.9997739791870117 -11.672552108764648 14.300000190734863
      vertex 0 -11.699999809265137 14.300000190734863
    endloop
  endfacet
  facet normal 0 0 -1
    outer loop
      vertex -2.1213197708129883 -12.078679084777832 14.300000190734863
      vertex -0.9192380905151367 -13.280760765075684 14.300000190734863
      vertex -1.0313587188720703 -13.408609390258789 14.300000190734863
    endloop
  endfacet
  facet normal 0 0 -1
    outer loop
      vertex -2.380059242248535 -12.3737154006958 14.300000190734863
      vertex -1.0313587188720703 -13.408609390258789 14.300000190734863
      vertex -1.1258325576782227 -13.549999237060547 14.300000190734863
    endloop
  endfacet
  facet normal 0 0 -1
    outer loop
      vertex -2.5980758666992188 -12.699999809265137 14.300000190734863
      vertex -1.1258325576782227 -13.549999237060547 14.300000190734863
      vertex -1.2010431289672852 -13.702510833740234 14.300000190734863
    endloop
  endfacet
  facet normal 0 0 -1
    outer loop
      vertex -2.7716379165649414 -13.051949501037598 14.300000190734863
      vertex -1.2010431289672852 -13.702510833740234 14.300000190734863
      vertex -1.2557029724121094 -13.863534927368164 14.300000190734863
    endloop
  endfacet
  facet normal 0 0 -1
    outer loop
      vertex -2.8977766036987305 -13.423542022705078 14.300000190734863
      vertex -1.2557029724121094 -13.863534927368164 14.300000190734863
      vertex -1.2888774871826172 -14.030315399169922 14.300000190734863
    endloop
  endfacet
  facet normal 0 0 -1
    outer loop
      vertex -1.1258325576782227 -14.84999942779541 14.300000190734863
      vertex -2.5980758666992188 -15.699999809265137 14.300000190734863
      vertex -1.2010431289672852 -14.697487831115723 14.300000190734863
    endloop
  endfacet
  facet normal 0 0 -1
    outer loop
      vertex -0.9192380905151367 -13.280760765075684 14.300000190734863
      vertex -2.1213197708129883 -12.078679084777832 14.300000190734863
      vertex -1.8262834548950195 -11.819939613342285 14.300000190734863
    endloop
  endfacet
  facet normal 0 0 -1
    outer loop
      vertex -2.7716379165649414 -15.348050117492676 14.300000190734863
      vertex -1.2010431289672852 -14.697487831115723 14.300000190734863
      vertex -2.5980758666992188 -15.699999809265137 14.300000190734863
    endloop
  endfacet
  facet normal 0 0 -1
    outer loop
      vertex -1.2010431289672852 -14.697487831115723 14.300000190734863
      vertex -2.7716379165649414 -15.348050117492676 14.300000190734863
      vertex -1.2557029724121094 -14.53646469116211 14.300000190734863
    endloop
  endfacet
  facet normal 0 0 -1
    outer loop
      vertex -0.9997739791870117 -11.672552108764648 14.300000190734863
      vertex -1.8262834548950195 -11.819939613342285 14.300000190734863
      vertex -1.5388296842575073 -11.62786865234375 14.300000190734863
    endloop
  endfacet
  facet normal 0 0 -1
    outer loop
      vertex -2.8977766036987305 -14.976456642150879 14.300000190734863
      vertex -1.2557029724121094 -14.53646469116211 14.300000190734863
      vertex -2.7716379165649414 -15.348050117492676 14.300000190734863
    endloop
  endfacet
  facet normal 0 0 -1
    outer loop
      vertex -0.7913894653320312 -13.16864013671875 14.300000190734863
      vertex -1.8262834548950195 -11.819939613342285 14.300000190734863
      vertex -0.9997739791870117 -11.672552108764648 14.300000190734863
    endloop
  endfacet
  facet normal 0 0 -1
    outer loop
      vertex -1.2557029724121094 -14.53646469116211 14.300000190734863
      vertex -2.8977766036987305 -14.976456642150879 14.300000190734863
      vertex -1.2888774871826172 -14.369683265686035 14.300000190734863
    endloop
  endfacet
  facet normal 0 0 -1
    outer loop
      vertex -1.0313587188720703 -13.408609390258789 14.300000190734863
      vertex -2.380059242248535 -12.3737154006958 14.300000190734863
      vertex -2.1213197708129883 -12.078679084777832 14.300000190734863
    endloop
  endfacet
  facet normal 0 0 -1
    outer loop
      vertex -2.9743337631225586 -14.591578483581543 14.300000190734863
      vertex -1.2888774871826172 -14.369683265686035 14.300000190734863
      vertex -2.8977766036987305 -14.976456642150879 14.300000190734863
    endloop
  endfacet
  facet normal 0 0 -1
    outer loop
      vertex -1.1258325576782227 -13.549999237060547 14.300000190734863
      vertex -2.5980758666992188 -12.699999809265137 14.300000190734863
      vertex -2.380059242248535 -12.3737154006958 14.300000190734863
    endloop
  endfacet
  facet normal 0 0 -1
    outer loop
      vertex -1.2888774871826172 -14.369683265686035 14.300000190734863
      vertex -2.9743337631225586 -14.591578483581543 14.300000190734863
      vertex -1.2999992370605469 -14.199999809265137 14.300000190734863
    endloop
  endfacet
  facet normal 0 0 -1
    outer loop
      vertex -1.2010431289672852 -13.702510833740234 14.300000190734863
      vertex -2.7716379165649414 -13.051949501037598 14.300000190734863
      vertex -2.5980758666992188 -12.699999809265137 14.300000190734863
    endloop
  endfacet
  facet normal 0 0 -1
    outer loop
      vertex -3 -14.199999809265137 14.300000190734863
      vertex -1.2999992370605469 -14.199999809265137 14.300000190734863
      vertex -2.9743337631225586 -14.591578483581543 14.300000190734863
    endloop
  endfacet
  facet normal 0 0 -1
    outer loop
      vertex -1.2557029724121094 -13.863534927368164 14.300000190734863
      vertex -2.8977766036987305 -13.423542022705078 14.300000190734863
      vertex -2.7716379165649414 -13.051949501037598 14.300000190734863
    endloop
  endfacet
  facet normal 0 0 -1
    outer loop
      vertex -1.2999992370605469 -14.199999809265137 14.300000190734863
      vertex -3 -14.199999809265137 14.300000190734863
      vertex -1.2888774871826172 -14.030315399169922 14.300000190734863
    endloop
  endfacet
  facet normal 0 0 -1
    outer loop
      vertex -1.2888774871826172 -14.030315399169922 14.300000190734863
      vertex -2.9743337631225586 -13.80842113494873 14.300000190734863
      vertex -2.8977766036987305 -13.423542022705078 14.300000190734863
    endloop
  endfacet
  facet normal 0 0 -1
    outer loop
      vertex -1.2888774871826172 -14.030315399169922 14.300000190734863
      vertex -3 -14.199999809265137 14.300000190734863
      vertex -2.9743337631225586 -13.80842113494873 14.300000190734863
    endloop
  endfacet
  facet normal -0.65934519087334 -0.7518403549106677 0
    outer loop
      vertex -2.1213197708129883 -16.321319580078125 14.300000190734863
      vertex -1.8262834548950195 -16.580059051513672 17.900001525878906
      vertex -2.1213197708129883 -16.321319580078125 17.900001525878906
    endloop
  endfacet
  facet normal -0.65934519087334 -0.7518403549106677 0
    outer loop
      vertex -1.8262834548950195 -16.580059051513672 17.900001525878906
      vertex -2.1213197708129883 -16.321319580078125 14.300000190734863
      vertex -1.8262834548950195 -16.580059051513672 14.300000190734863
    endloop
  endfacet
  facet normal -0.8314691970493824 0.5555708544893759 0
    outer loop
      vertex -2.5980758666992188 -12.699999809265137 14.300000190734863
      vertex -2.380059242248535 -12.3737154006958 17.900001525878906
      vertex -2.380059242248535 -12.3737154006958 14.300000190734863
    endloop
  endfacet
  facet normal -0.8314691970493824 0.5555708544893759 0
    outer loop
      vertex -2.380059242248535 -12.3737154006958 17.900001525878906
      vertex -2.5980758666992188 -12.699999809265137 14.300000190734863
      vertex -2.5980758666992188 -12.699999809265137 17.900001525878906
    endloop
  endfacet
  facet normal -0.4422850932269074 -0.8968745153639198 0
    outer loop
      vertex -1.5 -16.798076629638672 14.300000190734863
      vertex -1.1480493545532227 -16.971637725830078 17.900001525878906
      vertex -1.5 -16.798076629638672 17.900001525878906
    endloop
  endfacet
  facet normal -0.4422850932269074 -0.8968745153639198 0
    outer loop
      vertex -1.1480493545532227 -16.971637725830078 17.900001525878906
      vertex -1.5 -16.798076629638672 14.300000190734863
      vertex -1.1480493545532227 -16.971637725830078 14.300000190734863
    endloop
  endfacet
  facet normal -0.5555736572428436 -0.831467324299525 0
    outer loop
      vertex -1.8262834548950195 -16.580059051513672 14.300000190734863
      vertex -1.5 -16.798076629638672 17.900001525878906
      vertex -1.8262834548950195 -16.580059051513672 17.900001525878906
    endloop
  endfacet
  facet normal -0.5555736572428436 -0.831467324299525 0
    outer loop
      vertex -1.5 -16.798076629638672 17.900001525878906
      vertex -1.8262834548950195 -16.580059051513672 14.300000190734863
      vertex -1.5 -16.798076629638672 14.300000190734863
    endloop
  endfacet
  facet normal -0.1950901848716038 -0.9807853076829626 0
    outer loop
      vertex -0.7764568328857422 -17.0977783203125 14.300000190734863
      vertex -0.39157772064208984 -17.174335479736328 17.900001525878906
      vertex -0.7764568328857422 -17.0977783203125 17.900001525878906
    endloop
  endfacet
  facet normal -0.1950901848716038 -0.9807853076829626 0
    outer loop
      vertex -0.39157772064208984 -17.174335479736328 17.900001525878906
      vertex -0.7764568328857422 -17.0977783203125 14.300000190734863
      vertex -0.39157772064208984 -17.174335479736328 14.300000190734863
    endloop
  endfacet
  facet normal -0.3214438763559621 -0.9469286321329887 0
    outer loop
      vertex -1.1480493545532227 -16.971637725830078 14.300000190734863
      vertex -0.7764568328857422 -17.0977783203125 17.900001525878906
      vertex -1.1480493545532227 -16.971637725830078 17.900001525878906
    endloop
  endfacet
  facet normal -0.3214438763559621 -0.9469286321329887 0
    outer loop
      vertex -0.7764568328857422 -17.0977783203125 17.900001525878906
      vertex -1.1480493545532227 -16.971637725830078 14.300000190734863
      vertex -0.7764568328857422 -17.0977783203125 14.300000190734863
    endloop
  endfacet
  facet normal -0.9978587877608439 0.06540519618852311 0
    outer loop
      vertex -3 -14.199999809265137 6.100000381469727
      vertex -2.9743337631225586 -13.80842113494873 9.700000762939453
      vertex -2.9743337631225586 -13.80842113494873 6.100000381469727
    endloop
  endfacet
  facet normal -0.9978587877608439 0.06540519618852311 0
    outer loop
      vertex -2.9743337631225586 -13.80842113494873 9.700000762939453
      vertex -3 -14.199999809265137 6.100000381469727
      vertex -3 -14.199999809265137 9.700000762939453
    endloop
  endfacet
  facet normal -0.65934519087334 0.7518403549106677 0
    outer loop
      vertex -1.8262834548950195 -11.819939613342285 6.100000381469727
      vertex -2.1213197708129883 -12.078679084777832 9.700000762939453
      vertex -1.8262834548950195 -11.819939613342285 9.700000762939453
    endloop
  endfacet
  facet normal -0.65934519087334 0.7518403549106677 0
    outer loop
      vertex -2.1213197708129883 -12.078679084777832 9.700000762939453
      vertex -1.8262834548950195 -11.819939613342285 6.100000381469727
      vertex -2.1213197708129883 -12.078679084777832 6.100000381469727
    endloop
  endfacet
  facet normal -0.9978587877608439 -0.06540519618852311 0
    outer loop
      vertex -2.9743337631225586 -14.591578483581543 6.100000381469727
      vertex -3 -14.199999809265137 9.700000762939453
      vertex -3 -14.199999809265137 6.100000381469727
    endloop
  endfacet
  facet normal -0.9978587877608439 -0.06540519618852311 0
    outer loop
      vertex -3 -14.199999809265137 9.700000762939453
      vertex -2.9743337631225586 -14.591578483581543 6.100000381469727
      vertex -2.9743337631225586 -14.591578483581543 9.700000762939453
    endloop
  endfacet
  facet normal -0.8314684469304015 -0.5555719771183086 0
    outer loop
      vertex -2.380059242248535 -16.026283264160156 6.100000381469727
      vertex -2.5980758666992188 -15.699999809265137 9.700000762939453
      vertex -2.5980758666992188 -15.699999809265137 6.100000381469727
    endloop
  endfacet
  facet normal -0.8314684469304015 -0.5555719771183086 0
    outer loop
      vertex -2.5980758666992188 -15.699999809265137 9.700000762939453
      vertex -2.380059242248535 -16.026283264160156 6.100000381469727
      vertex -2.380059242248535 -16.026283264160156 9.700000762939453
    endloop
  endfacet
  facet normal -0.8314691970493824 0.5555708544893759 0
    outer loop
      vertex -2.5980758666992188 -12.699999809265137 6.100000381469727
      vertex -2.380059242248535 -12.3737154006958 9.700000762939453
      vertex -2.380059242248535 -12.3737154006958 6.100000381469727
    endloop
  endfacet
  facet normal -0.8314691970493824 0.5555708544893759 0
    outer loop
      vertex -2.380059242248535 -12.3737154006958 9.700000762939453
      vertex -2.5980758666992188 -12.699999809265137 6.100000381469727
      vertex -2.5980758666992188 -12.699999809265137 9.700000762939453
    endloop
  endfacet
  facet normal -0.44228509322690734 -0.8968745153639197 0
    outer loop
      vertex -1.5 -16.798076629638672 6.100000381469727
      vertex -1.1480493545532227 -16.971637725830078 9.700000762939453
      vertex -1.5 -16.798076629638672 9.700000762939453
    endloop
  endfacet
  facet normal -0.44228509322690734 -0.8968745153639197 0
    outer loop
      vertex -1.1480493545532227 -16.971637725830078 9.700000762939453
      vertex -1.5 -16.798076629638672 6.100000381469727
      vertex -1.1480493545532227 -16.971637725830078 6.100000381469727
    endloop
  endfacet
  facet normal -0.9807852151871463 -0.1950906498792374 0
    outer loop
      vertex -2.8977766036987305 -14.976456642150879 6.100000381469727
      vertex -2.9743337631225586 -14.591578483581543 9.700000762939453
      vertex -2.9743337631225586 -14.591578483581543 6.100000381469727
    endloop
  endfacet
  facet normal -0.9807852151871463 -0.1950906498792374 0
    outer loop
      vertex -2.9743337631225586 -14.591578483581543 9.700000762939453
      vertex -2.8977766036987305 -14.976456642150879 6.100000381469727
      vertex -2.8977766036987305 -14.976456642150879 9.700000762939453
    endloop
  endfacet
  facet normal -0.65934519087334 -0.7518403549106677 0
    outer loop
      vertex -2.1213197708129883 -16.321319580078125 6.100000381469727
      vertex -1.8262834548950195 -16.580059051513672 9.700000762939453
      vertex -2.1213197708129883 -16.321319580078125 9.700000762939453
    endloop
  endfacet
  facet normal -0.65934519087334 -0.7518403549106677 0
    outer loop
      vertex -1.8262834548950195 -16.580059051513672 9.700000762939453
      vertex -2.1213197708129883 -16.321319580078125 6.100000381469727
      vertex -1.8262834548950195 -16.580059051513672 6.100000381469727
    endloop
  endfacet
  facet normal 0 0 1
    outer loop
      vertex 0 -11.699999809265137 9.700000762939453
      vertex -0.16968345642089844 -12.911121368408203 9.700000762939453
      vertex 0 -12.899999618530273 9.700000762939453
    endloop
  endfacet
  facet normal 0 0 1
    outer loop
      vertex 0 -11.699999809265137 9.700000762939453
      vertex -0.33646392822265625 -12.944295883178711 9.700000762939453
      vertex -0.16968345642089844 -12.911121368408203 9.700000762939453
    endloop
  endfacet
  facet normal 0 0 1
    outer loop
      vertex -0.9997739791870117 -11.672552108764648 9.700000762939453
      vertex -0.33646392822265625 -12.944295883178711 9.700000762939453
      vertex 0 -11.699999809265137 9.700000762939453
    endloop
  endfacet
  facet normal 0 0 1
    outer loop
      vertex -0.33646392822265625 -12.944295883178711 9.700000762939453
      vertex -0.9997739791870117 -11.672552108764648 9.700000762939453
      vertex -0.49748802185058594 -12.998955726623535 9.700000762939453
    endloop
  endfacet
  facet normal 0 0 1
    outer loop
      vertex -0.49748802185058594 -12.998955726623535 9.700000762939453
      vertex -0.9997739791870117 -11.672552108764648 9.700000762939453
      vertex -0.6499996185302734 -13.074166297912598 9.700000762939453
    endloop
  endfacet
  facet normal 0 0 1
    outer loop
      vertex -0.6499996185302734 -13.074166297912598 9.700000762939453
      vertex -0.9997739791870117 -11.672552108764648 9.700000762939453
      vertex -0.7913894653320312 -13.16864013671875 9.700000762939453
    endloop
  endfacet
  facet normal 0 0 1
    outer loop
      vertex -1.8262834548950195 -11.819939613342285 9.700000762939453
      vertex -0.7913894653320312 -13.16864013671875 9.700000762939453
      vertex -0.9997739791870117 -11.672552108764648 9.700000762939453
    endloop
  endfacet
  facet normal 0 0 1
    outer loop
      vertex -0.7913894653320312 -13.16864013671875 9.700000762939453
      vertex -1.8262834548950195 -11.819939613342285 9.700000762939453
      vertex -0.9192380905151367 -13.280760765075684 9.700000762939453
    endloop
  endfacet
  facet normal 0 0 1
    outer loop
      vertex -2.1213197708129883 -12.078679084777832 9.700000762939453
      vertex -0.9192380905151367 -13.280760765075684 9.700000762939453
      vertex -1.8262834548950195 -11.819939613342285 9.700000762939453
    endloop
  endfacet
  facet normal 0 0 1
    outer loop
      vertex -0.9192380905151367 -13.280760765075684 9.700000762939453
      vertex -2.1213197708129883 -12.078679084777832 9.700000762939453
      vertex -1.0313587188720703 -13.408609390258789 9.700000762939453
    endloop
  endfacet
  facet normal 0 0 1
    outer loop
      vertex -2.380059242248535 -12.3737154006958 9.700000762939453
      vertex -1.0313587188720703 -13.408609390258789 9.700000762939453
      vertex -2.1213197708129883 -12.078679084777832 9.700000762939453
    endloop
  endfacet
  facet normal 0 0 1
    outer loop
      vertex -1.0313587188720703 -13.408609390258789 9.700000762939453
      vertex -2.380059242248535 -12.3737154006958 9.700000762939453
      vertex -1.1258325576782227 -13.549999237060547 9.700000762939453
    endloop
  endfacet
  facet normal 0 0 1
    outer loop
      vertex -3 -14.199999809265137 9.700000762939453
      vertex -1.2999992370605469 -14.199999809265137 9.700000762939453
      vertex -1.2888774871826172 -14.030315399169922 9.700000762939453
    endloop
  endfacet
  facet normal 0 0 1
    outer loop
      vertex -1.8262834548950195 -11.819939613342285 9.700000762939453
      vertex -0.9997739791870117 -11.672552108764648 9.700000762939453
      vertex -1.5388296842575073 -11.62786865234375 9.700000762939453
    endloop
  endfacet
  facet normal 0 0 1
    outer loop
      vertex -2.5980758666992188 -12.699999809265137 9.700000762939453
      vertex -1.1258325576782227 -13.549999237060547 9.700000762939453
      vertex -2.380059242248535 -12.3737154006958 9.700000762939453
    endloop
  endfacet
  facet normal 0 0 1
    outer loop
      vertex -1.1258325576782227 -13.549999237060547 9.700000762939453
      vertex -2.5980758666992188 -12.699999809265137 9.700000762939453
      vertex -1.2010431289672852 -13.702510833740234 9.700000762939453
    endloop
  endfacet
  facet normal 0 0 1
    outer loop
      vertex -1.2999992370605469 -14.199999809265137 9.700000762939453
      vertex -1.8262834548950195 -16.580059051513672 9.700000762939453
      vertex -1.5 -16.798076629638672 9.700000762939453
    endloop
  endfacet
  facet normal 0 0 1
    outer loop
      vertex -2.7716379165649414 -13.051949501037598 9.700000762939453
      vertex -1.2010431289672852 -13.702510833740234 9.700000762939453
      vertex -2.5980758666992188 -12.699999809265137 9.700000762939453
    endloop
  endfacet
  facet normal 0 0 1
    outer loop
      vertex -1.2999992370605469 -14.199999809265137 9.700000762939453
      vertex -2.1213197708129883 -16.321319580078125 9.700000762939453
      vertex -1.8262834548950195 -16.580059051513672 9.700000762939453
    endloop
  endfacet
  facet normal 0 0 1
    outer loop
      vertex -1.2010431289672852 -13.702510833740234 9.700000762939453
      vertex -2.7716379165649414 -13.051949501037598 9.700000762939453
      vertex -1.2557029724121094 -13.863534927368164 9.700000762939453
    endloop
  endfacet
  facet normal 0 0 1
    outer loop
      vertex -1.2999992370605469 -14.199999809265137 9.700000762939453
      vertex -2.380059242248535 -16.026283264160156 9.700000762939453
      vertex -2.1213197708129883 -16.321319580078125 9.700000762939453
    endloop
  endfacet
  facet normal 0 0 1
    outer loop
      vertex -2.8977766036987305 -13.423542022705078 9.700000762939453
      vertex -1.2557029724121094 -13.863534927368164 9.700000762939453
      vertex -2.7716379165649414 -13.051949501037598 9.700000762939453
    endloop
  endfacet
  facet normal 0 0 1
    outer loop
      vertex -1.2999992370605469 -14.199999809265137 9.700000762939453
      vertex -2.5980758666992188 -15.699999809265137 9.700000762939453
      vertex -2.380059242248535 -16.026283264160156 9.700000762939453
    endloop
  endfacet
  facet normal 0 0 1
    outer loop
      vertex -1.2557029724121094 -13.863534927368164 9.700000762939453
      vertex -2.8977766036987305 -13.423542022705078 9.700000762939453
      vertex -1.2888774871826172 -14.030315399169922 9.700000762939453
    endloop
  endfacet
  facet normal 0 0 1
    outer loop
      vertex -1.2999992370605469 -14.199999809265137 9.700000762939453
      vertex -2.7716379165649414 -15.348050117492676 9.700000762939453
      vertex -2.5980758666992188 -15.699999809265137 9.700000762939453
    endloop
  endfacet
  facet normal 0 0 1
    outer loop
      vertex -2.9743337631225586 -13.80842113494873 9.700000762939453
      vertex -1.2888774871826172 -14.030315399169922 9.700000762939453
      vertex -2.8977766036987305 -13.423542022705078 9.700000762939453
    endloop
  endfacet
  facet normal 0 0 1
    outer loop
      vertex -1.2999992370605469 -14.199999809265137 9.700000762939453
      vertex -2.8977766036987305 -14.976456642150879 9.700000762939453
      vertex -2.7716379165649414 -15.348050117492676 9.700000762939453
    endloop
  endfacet
  facet normal 0 0 1
    outer loop
      vertex -3 -14.199999809265137 9.700000762939453
      vertex -1.2888774871826172 -14.030315399169922 9.700000762939453
      vertex -2.9743337631225586 -13.80842113494873 9.700000762939453
    endloop
  endfacet
  facet normal 0 0 1
    outer loop
      vertex -1.2999992370605469 -14.199999809265137 9.700000762939453
      vertex -2.9743337631225586 -14.591578483581543 9.700000762939453
      vertex -2.8977766036987305 -14.976456642150879 9.700000762939453
    endloop
  endfacet
  facet normal 0 0 1
    outer loop
      vertex -1.2999992370605469 -14.199999809265137 9.700000762939453
      vertex -3 -14.199999809265137 9.700000762939453
      vertex -2.9743337631225586 -14.591578483581543 9.700000762939453
    endloop
  endfacet
  facet normal 0 0 1
    outer loop
      vertex -0.16968345642089844 -15.48887825012207 9.700000762939453
      vertex 0 -17.200000762939453 9.700000762939453
      vertex 0 -15.5 9.700000762939453
    endloop
  endfacet
  facet normal 0 0 1
    outer loop
      vertex -0.39157772064208984 -17.174335479736328 9.700000762939453
      vertex -0.16968345642089844 -15.48887825012207 9.700000762939453
      vertex -0.33646392822265625 -15.455702781677246 9.700000762939453
    endloop
  endfacet
  facet normal 0 0 1
    outer loop
      vertex -0.16968345642089844 -15.48887825012207 9.700000762939453
      vertex -0.39157772064208984 -17.174335479736328 9.700000762939453
      vertex 0 -17.200000762939453 9.700000762939453
    endloop
  endfacet
  facet normal 0 0 1
    outer loop
      vertex -0.7764568328857422 -17.0977783203125 9.700000762939453
      vertex -0.33646392822265625 -15.455702781677246 9.700000762939453
      vertex -0.49748802185058594 -15.401042938232422 9.700000762939453
    endloop
  endfacet
  facet normal 0 0 1
    outer loop
      vertex -1.1480493545532227 -16.971637725830078 9.700000762939453
      vertex -0.49748802185058594 -15.401042938232422 9.700000762939453
      vertex -0.6499996185302734 -15.32583236694336 9.700000762939453
    endloop
  endfacet
  facet normal 0 0 1
    outer loop
      vertex -0.33646392822265625 -15.455702781677246 9.700000762939453
      vertex -0.7764568328857422 -17.0977783203125 9.700000762939453
      vertex -0.39157772064208984 -17.174335479736328 9.700000762939453
    endloop
  endfacet
  facet normal 0 0 1
    outer loop
      vertex -1.5 -16.798076629638672 9.700000762939453
      vertex -0.6499996185302734 -15.32583236694336 9.700000762939453
      vertex -0.7913894653320312 -15.231358528137207 9.700000762939453
    endloop
  endfacet
  facet normal 0 0 1
    outer loop
      vertex -1.5 -16.798076629638672 9.700000762939453
      vertex -0.7913894653320312 -15.231358528137207 9.700000762939453
      vertex -0.9192380905151367 -15.119237899780273 9.700000762939453
    endloop
  endfacet
  facet normal 0 0 1
    outer loop
      vertex -1.5 -16.798076629638672 9.700000762939453
      vertex -0.9192380905151367 -15.119237899780273 9.700000762939453
      vertex -1.0313587188720703 -14.991389274597168 9.700000762939453
    endloop
  endfacet
  facet normal 0 0 1
    outer loop
      vertex -1.5 -16.798076629638672 9.700000762939453
      vertex -1.0313587188720703 -14.991389274597168 9.700000762939453
      vertex -1.1258325576782227 -14.84999942779541 9.700000762939453
    endloop
  endfacet
  facet normal 0 0 1
    outer loop
      vertex -0.49748802185058594 -15.401042938232422 9.700000762939453
      vertex -1.1480493545532227 -16.971637725830078 9.700000762939453
      vertex -0.7764568328857422 -17.0977783203125 9.700000762939453
    endloop
  endfacet
  facet normal 0 0 1
    outer loop
      vertex -1.5 -16.798076629638672 9.700000762939453
      vertex -1.1258325576782227 -14.84999942779541 9.700000762939453
      vertex -1.2010431289672852 -14.697487831115723 9.700000762939453
    endloop
  endfacet
  facet normal 0 0 1
    outer loop
      vertex -1.5 -16.798076629638672 9.700000762939453
      vertex -1.2010431289672852 -14.697487831115723 9.700000762939453
      vertex -1.2557029724121094 -14.53646469116211 9.700000762939453
    endloop
  endfacet
  facet normal 0 0 1
    outer loop
      vertex -1.5 -16.798076629638672 9.700000762939453
      vertex -1.2557029724121094 -14.53646469116211 9.700000762939453
      vertex -1.2888774871826172 -14.369683265686035 9.700000762939453
    endloop
  endfacet
  facet normal 0 0 1
    outer loop
      vertex -1.5 -16.798076629638672 9.700000762939453
      vertex -1.2888774871826172 -14.369683265686035 9.700000762939453
      vertex -1.2999992370605469 -14.199999809265137 9.700000762939453
    endloop
  endfacet
  facet normal 0 0 1
    outer loop
      vertex -0.6499996185302734 -15.32583236694336 9.700000762939453
      vertex -1.5 -16.798076629638672 9.700000762939453
      vertex -1.1480493545532227 -16.971637725830078 9.700000762939453
    endloop
  endfacet
  facet normal 0 0 -1
    outer loop
      vertex 0 -17.200000762939453 6.100000381469727
      vertex -0.16968345642089844 -15.48887825012207 6.100000381469727
      vertex 0 -15.5 6.100000381469727
    endloop
  endfacet
  facet normal 0 0 -1
    outer loop
      vertex -0.39157772064208984 -17.174335479736328 6.100000381469727
      vertex -0.16968345642089844 -15.48887825012207 6.100000381469727
      vertex 0 -17.200000762939453 6.100000381469727
    endloop
  endfacet
  facet normal 0 0 -1
    outer loop
      vertex -0.16968345642089844 -15.48887825012207 6.100000381469727
      vertex -0.39157772064208984 -17.174335479736328 6.100000381469727
      vertex -0.33646392822265625 -15.455702781677246 6.100000381469727
    endloop
  endfacet
  facet normal 0 0 -1
    outer loop
      vertex -0.7764568328857422 -17.0977783203125 6.100000381469727
      vertex -0.33646392822265625 -15.455702781677246 6.100000381469727
      vertex -0.39157772064208984 -17.174335479736328 6.100000381469727
    endloop
  endfacet
  facet normal 0 0 -1
    outer loop
      vertex -0.33646392822265625 -15.455702781677246 6.100000381469727
      vertex -0.7764568328857422 -17.0977783203125 6.100000381469727
      vertex -0.49748802185058594 -15.401042938232422 6.100000381469727
    endloop
  endfacet
  facet normal 0 0 -1
    outer loop
      vertex -1.1480493545532227 -16.971637725830078 6.100000381469727
      vertex -0.49748802185058594 -15.401042938232422 6.100000381469727
      vertex -0.7764568328857422 -17.0977783203125 6.100000381469727
    endloop
  endfacet
  facet normal 0 0 -1
    outer loop
      vertex -0.49748802185058594 -15.401042938232422 6.100000381469727
      vertex -1.1480493545532227 -16.971637725830078 6.100000381469727
      vertex -0.6499996185302734 -15.32583236694336 6.100000381469727
    endloop
  endfacet
  facet normal 0 0 -1
    outer loop
      vertex -1.5 -16.798076629638672 6.100000381469727
      vertex -0.6499996185302734 -15.32583236694336 6.100000381469727
      vertex -1.1480493545532227 -16.971637725830078 6.100000381469727
    endloop
  endfacet
  facet normal 0 0 -1
    outer loop
      vertex -0.6499996185302734 -15.32583236694336 6.100000381469727
      vertex -1.5 -16.798076629638672 6.100000381469727
      vertex -0.7913894653320312 -15.231358528137207 6.100000381469727
    endloop
  endfacet
  facet normal 0 0 -1
    outer loop
      vertex -1.8262834548950195 -16.580059051513672 6.100000381469727
      vertex -0.7913894653320312 -15.231358528137207 6.100000381469727
      vertex -1.5 -16.798076629638672 6.100000381469727
    endloop
  endfacet
  facet normal 0 0 -1
    outer loop
      vertex -0.7913894653320312 -15.231358528137207 6.100000381469727
      vertex -1.8262834548950195 -16.580059051513672 6.100000381469727
      vertex -0.9192380905151367 -15.119237899780273 6.100000381469727
    endloop
  endfacet
  facet normal 0 0 -1
    outer loop
      vertex -2.1213197708129883 -16.321319580078125 6.100000381469727
      vertex -0.9192380905151367 -15.119237899780273 6.100000381469727
      vertex -1.8262834548950195 -16.580059051513672 6.100000381469727
    endloop
  endfacet
  facet normal 0 0 -1
    outer loop
      vertex -0.9192380905151367 -15.119237899780273 6.100000381469727
      vertex -2.1213197708129883 -16.321319580078125 6.100000381469727
      vertex -1.0313587188720703 -14.991389274597168 6.100000381469727
    endloop
  endfacet
  facet normal 0 0 -1
    outer loop
      vertex -2.380059242248535 -16.026283264160156 6.100000381469727
      vertex -1.0313587188720703 -14.991389274597168 6.100000381469727
      vertex -2.1213197708129883 -16.321319580078125 6.100000381469727
    endloop
  endfacet
  facet normal 0 0 -1
    outer loop
      vertex -1.0313587188720703 -14.991389274597168 6.100000381469727
      vertex -2.380059242248535 -16.026283264160156 6.100000381469727
      vertex -1.1258325576782227 -14.84999942779541 6.100000381469727
    endloop
  endfacet
  facet normal 0 0 -1
    outer loop
      vertex -2.5980758666992188 -15.699999809265137 6.100000381469727
      vertex -1.1258325576782227 -14.84999942779541 6.100000381469727
      vertex -2.380059242248535 -16.026283264160156 6.100000381469727
    endloop
  endfacet
  facet normal 0 0 -1
    outer loop
      vertex -0.16968345642089844 -12.911121368408203 6.100000381469727
      vertex 0 -11.699999809265137 6.100000381469727
      vertex 0 -12.899999618530273 6.100000381469727
    endloop
  endfacet
  facet normal 0 0 -1
    outer loop
      vertex -0.33646392822265625 -12.944295883178711 6.100000381469727
      vertex 0 -11.699999809265137 6.100000381469727
      vertex -0.16968345642089844 -12.911121368408203 6.100000381469727
    endloop
  endfacet
  facet normal 0 0 -1
    outer loop
      vertex -0.9997739791870117 -11.672552108764648 6.100000381469727
      vertex -0.33646392822265625 -12.944295883178711 6.100000381469727
      vertex -0.49748802185058594 -12.998955726623535 6.100000381469727
    endloop
  endfacet
  facet normal 0 0 -1
    outer loop
      vertex -0.9997739791870117 -11.672552108764648 6.100000381469727
      vertex -0.49748802185058594 -12.998955726623535 6.100000381469727
      vertex -0.6499996185302734 -13.074166297912598 6.100000381469727
    endloop
  endfacet
  facet normal 0 0 -1
    outer loop
      vertex -0.9997739791870117 -11.672552108764648 6.100000381469727
      vertex -0.6499996185302734 -13.074166297912598 6.100000381469727
      vertex -0.7913894653320312 -13.16864013671875 6.100000381469727
    endloop
  endfacet
  facet normal 0 0 -1
    outer loop
      vertex -1.8262834548950195 -11.819939613342285 6.100000381469727
      vertex -0.7913894653320312 -13.16864013671875 6.100000381469727
      vertex -0.9192380905151367 -13.280760765075684 6.100000381469727
    endloop
  endfacet
  facet normal 0 0 -1
    outer loop
      vertex -0.33646392822265625 -12.944295883178711 6.100000381469727
      vertex -0.9997739791870117 -11.672552108764648 6.100000381469727
      vertex 0 -11.699999809265137 6.100000381469727
    endloop
  endfacet
  facet normal 0 0 -1
    outer loop
      vertex -2.1213197708129883 -12.078679084777832 6.100000381469727
      vertex -0.9192380905151367 -13.280760765075684 6.100000381469727
      vertex -1.0313587188720703 -13.408609390258789 6.100000381469727
    endloop
  endfacet
  facet normal 0 0 -1
    outer loop
      vertex -2.380059242248535 -12.3737154006958 6.100000381469727
      vertex -1.0313587188720703 -13.408609390258789 6.100000381469727
      vertex -1.1258325576782227 -13.549999237060547 6.100000381469727
    endloop
  endfacet
  facet normal 0 0 -1
    outer loop
      vertex -2.5980758666992188 -12.699999809265137 6.100000381469727
      vertex -1.1258325576782227 -13.549999237060547 6.100000381469727
      vertex -1.2010431289672852 -13.702510833740234 6.100000381469727
    endloop
  endfacet
  facet normal 0 0 -1
    outer loop
      vertex -2.7716379165649414 -13.051949501037598 6.100000381469727
      vertex -1.2010431289672852 -13.702510833740234 6.100000381469727
      vertex -1.2557029724121094 -13.863534927368164 6.100000381469727
    endloop
  endfacet
  facet normal 0 0 -1
    outer loop
      vertex -2.8977766036987305 -13.423542022705078 6.100000381469727
      vertex -1.2557029724121094 -13.863534927368164 6.100000381469727
      vertex -1.2888774871826172 -14.030315399169922 6.100000381469727
    endloop
  endfacet
  facet normal 0 0 -1
    outer loop
      vertex -1.1258325576782227 -14.84999942779541 6.100000381469727
      vertex -2.5980758666992188 -15.699999809265137 6.100000381469727
      vertex -1.2010431289672852 -14.697487831115723 6.100000381469727
    endloop
  endfacet
  facet normal 0 0 -1
    outer loop
      vertex -0.9192380905151367 -13.280760765075684 6.100000381469727
      vertex -2.1213197708129883 -12.078679084777832 6.100000381469727
      vertex -1.8262834548950195 -11.819939613342285 6.100000381469727
    endloop
  endfacet
  facet normal 0 0 -1
    outer loop
      vertex -2.7716379165649414 -15.348050117492676 6.100000381469727
      vertex -1.2010431289672852 -14.697487831115723 6.100000381469727
      vertex -2.5980758666992188 -15.699999809265137 6.100000381469727
    endloop
  endfacet
  facet normal 0 0 -1
    outer loop
      vertex -1.2010431289672852 -14.697487831115723 6.100000381469727
      vertex -2.7716379165649414 -15.348050117492676 6.100000381469727
      vertex -1.2557029724121094 -14.53646469116211 6.100000381469727
    endloop
  endfacet
  facet normal 0 0 -1
    outer loop
      vertex -0.9997739791870117 -11.672552108764648 6.100000381469727
      vertex -1.8262834548950195 -11.819939613342285 6.100000381469727
      vertex -1.5388296842575073 -11.62786865234375 6.100000381469727
    endloop
  endfacet
  facet normal 0 0 -1
    outer loop
      vertex -2.8977766036987305 -14.976456642150879 6.100000381469727
      vertex -1.2557029724121094 -14.53646469116211 6.100000381469727
      vertex -2.7716379165649414 -15.348050117492676 6.100000381469727
    endloop
  endfacet
  facet normal 0 0 -1
    outer loop
      vertex -0.7913894653320312 -13.16864013671875 6.100000381469727
      vertex -1.8262834548950195 -11.819939613342285 6.100000381469727
      vertex -0.9997739791870117 -11.672552108764648 6.100000381469727
    endloop
  endfacet
  facet normal 0 0 -1
    outer loop
      vertex -1.2557029724121094 -14.53646469116211 6.100000381469727
      vertex -2.8977766036987305 -14.976456642150879 6.100000381469727
      vertex -1.2888774871826172 -14.369683265686035 6.100000381469727
    endloop
  endfacet
  facet normal 0 0 -1
    outer loop
      vertex -1.0313587188720703 -13.408609390258789 6.100000381469727
      vertex -2.380059242248535 -12.3737154006958 6.100000381469727
      vertex -2.1213197708129883 -12.078679084777832 6.100000381469727
    endloop
  endfacet
  facet normal 0 0 -1
    outer loop
      vertex -2.9743337631225586 -14.591578483581543 6.100000381469727
      vertex -1.2888774871826172 -14.369683265686035 6.100000381469727
      vertex -2.8977766036987305 -14.976456642150879 6.100000381469727
    endloop
  endfacet
  facet normal 0 0 -1
    outer loop
      vertex -1.1258325576782227 -13.549999237060547 6.100000381469727
      vertex -2.5980758666992188 -12.699999809265137 6.100000381469727
      vertex -2.380059242248535 -12.3737154006958 6.100000381469727
    endloop
  endfacet
  facet normal 0 0 -1
    outer loop
      vertex -1.2888774871826172 -14.369683265686035 6.100000381469727
      vertex -2.9743337631225586 -14.591578483581543 6.100000381469727
      vertex -1.2999992370605469 -14.199999809265137 6.100000381469727
    endloop
  endfacet
  facet normal 0 0 -1
    outer loop
      vertex -1.2010431289672852 -13.702510833740234 6.100000381469727
      vertex -2.7716379165649414 -13.051949501037598 6.100000381469727
      vertex -2.5980758666992188 -12.699999809265137 6.100000381469727
    endloop
  endfacet
  facet normal 0 0 -1
    outer loop
      vertex -3 -14.199999809265137 6.100000381469727
      vertex -1.2999992370605469 -14.199999809265137 6.100000381469727
      vertex -2.9743337631225586 -14.591578483581543 6.100000381469727
    endloop
  endfacet
  facet normal 0 0 -1
    outer loop
      vertex -1.2557029724121094 -13.863534927368164 6.100000381469727
      vertex -2.8977766036987305 -13.423542022705078 6.100000381469727
      vertex -2.7716379165649414 -13.051949501037598 6.100000381469727
    endloop
  endfacet
  facet normal 0 0 -1
    outer loop
      vertex -1.2999992370605469 -14.199999809265137 6.100000381469727
      vertex -3 -14.199999809265137 6.100000381469727
      vertex -1.2888774871826172 -14.030315399169922 6.100000381469727
    endloop
  endfacet
  facet normal 0 0 -1
    outer loop
      vertex -1.2888774871826172 -14.030315399169922 6.100000381469727
      vertex -2.9743337631225586 -13.80842113494873 6.100000381469727
      vertex -2.8977766036987305 -13.423542022705078 6.100000381469727
    endloop
  endfacet
  facet normal 0 0 -1
    outer loop
      vertex -1.2888774871826172 -14.030315399169922 6.100000381469727
      vertex -3 -14.199999809265137 6.100000381469727
      vertex -2.9743337631225586 -13.80842113494873 6.100000381469727
    endloop
  endfacet
  facet normal -0.1950901848716038 -0.9807853076829626 0
    outer loop
      vertex -0.7764568328857422 -17.0977783203125 6.100000381469727
      vertex -0.39157772064208984 -17.174335479736328 9.700000762939453
      vertex -0.7764568328857422 -17.0977783203125 9.700000762939453
    endloop
  endfacet
  facet normal -0.1950901848716038 -0.9807853076829626 0
    outer loop
      vertex -0.39157772064208984 -17.174335479736328 9.700000762939453
      vertex -0.7764568328857422 -17.0977783203125 6.100000381469727
      vertex -0.39157772064208984 -17.174335479736328 6.100000381469727
    endloop
  endfacet
  facet normal -0.7518403549106677 -0.65934519087334 0
    outer loop
      vertex -2.1213197708129883 -16.321319580078125 6.100000381469727
      vertex -2.380059242248535 -16.026283264160156 9.700000762939453
      vertex -2.380059242248535 -16.026283264160156 6.100000381469727
    endloop
  endfacet
  facet normal -0.7518403549106677 -0.65934519087334 0
    outer loop
      vertex -2.380059242248535 -16.026283264160156 9.700000762939453
      vertex -2.1213197708129883 -16.321319580078125 6.100000381469727
      vertex -2.1213197708129883 -16.321319580078125 9.700000762939453
    endloop
  endfacet
  facet normal -0.8968730759471395 -0.44228801209293084 0
    outer loop
      vertex -2.5980758666992188 -15.699999809265137 6.100000381469727
      vertex -2.7716379165649414 -15.348050117492676 9.700000762939453
      vertex -2.7716379165649414 -15.348050117492676 6.100000381469727
    endloop
  endfacet
  facet normal -0.8968730759471395 -0.44228801209293084 0
    outer loop
      vertex -2.7716379165649414 -15.348050117492676 9.700000762939453
      vertex -2.5980758666992188 -15.699999809265137 6.100000381469727
      vertex -2.5980758666992188 -15.699999809265137 9.700000762939453
    endloop
  endfacet
  facet normal -0.9469303626845079 -0.3214387783485159 0
    outer loop
      vertex -2.7716379165649414 -15.348050117492676 6.100000381469727
      vertex -2.8977766036987305 -14.976456642150879 9.700000762939453
      vertex -2.8977766036987305 -14.976456642150879 6.100000381469727
    endloop
  endfacet
  facet normal -0.9469303626845079 -0.3214387783485159 0
    outer loop
      vertex -2.8977766036987305 -14.976456642150879 9.700000762939453
      vertex -2.7716379165649414 -15.348050117492676 6.100000381469727
      vertex -2.7716379165649414 -15.348050117492676 9.700000762939453
    endloop
  endfacet
  facet normal -0.9807853076829626 0.1950901848716038 0
    outer loop
      vertex -2.9743337631225586 -13.80842113494873 6.100000381469727
      vertex -2.8977766036987305 -13.423542022705078 9.700000762939453
      vertex -2.8977766036987305 -13.423542022705078 6.100000381469727
    endloop
  endfacet
  facet normal -0.9807853076829626 0.1950901848716038 0
    outer loop
      vertex -2.8977766036987305 -13.423542022705078 9.700000762939453
      vertex -2.9743337631225586 -13.80842113494873 6.100000381469727
      vertex -2.9743337631225586 -13.80842113494873 9.700000762939453
    endloop
  endfacet
  facet normal -0.8968730759471395 0.44228801209293084 0
    outer loop
      vertex -2.7716379165649414 -13.051949501037598 6.100000381469727
      vertex -2.5980758666992188 -12.699999809265137 9.700000762939453
      vertex -2.5980758666992188 -12.699999809265137 6.100000381469727
    endloop
  endfacet
  facet normal -0.8968730759471395 0.44228801209293084 0
    outer loop
      vertex -2.5980758666992188 -12.699999809265137 9.700000762939453
      vertex -2.7716379165649414 -13.051949501037598 6.100000381469727
      vertex -2.7716379165649414 -13.051949501037598 9.700000762939453
    endloop
  endfacet
  facet normal -0.0654029349435823 -0.9978589359727984 0
    outer loop
      vertex -0.39157772064208984 -17.174335479736328 6.100000381469727
      vertex 0 -17.200000762939453 9.700000762939453
      vertex -0.39157772064208984 -17.174335479736328 9.700000762939453
    endloop
  endfacet
  facet normal -0.0654029349435823 -0.9978589359727984 0
    outer loop
      vertex 0 -17.200000762939453 9.700000762939453
      vertex -0.39157772064208984 -17.174335479736328 6.100000381469727
      vertex 0 -17.200000762939453 6.100000381469727
    endloop
  endfacet
  facet normal -0.5555712170234541 0.8314689548113495 0
    outer loop
      vertex -1.5388296842575073 -11.62786865234375 6.100000381469727
      vertex -1.8262834548950195 -11.819939613342285 9.700000762939453
      vertex -1.5388296842575073 -11.62786865234375 9.700000762939453
    endloop
  endfacet
  facet normal -0.5555712170234541 0.8314689548113495 0
    outer loop
      vertex -1.8262834548950195 -11.819939613342285 9.700000762939453
      vertex -1.5388296842575073 -11.62786865234375 6.100000381469727
      vertex -1.8262834548950195 -11.819939613342285 6.100000381469727
    endloop
  endfacet
  facet normal -0.3214438763559621 -0.9469286321329886 0
    outer loop
      vertex -1.1480493545532227 -16.971637725830078 6.100000381469727
      vertex -0.7764568328857422 -17.0977783203125 9.700000762939453
      vertex -1.1480493545532227 -16.971637725830078 9.700000762939453
    endloop
  endfacet
  facet normal -0.3214438763559621 -0.9469286321329886 0
    outer loop
      vertex -0.7764568328857422 -17.0977783203125 9.700000762939453
      vertex -1.1480493545532227 -16.971637725830078 6.100000381469727
      vertex -0.7764568328857422 -17.0977783203125 6.100000381469727
    endloop
  endfacet
  facet normal -0.5555736572428436 -0.831467324299525 0
    outer loop
      vertex -1.8262834548950195 -16.580059051513672 6.100000381469727
      vertex -1.5 -16.798076629638672 9.700000762939453
      vertex -1.8262834548950195 -16.580059051513672 9.700000762939453
    endloop
  endfacet
  facet normal -0.5555736572428436 -0.831467324299525 0
    outer loop
      vertex -1.5 -16.798076629638672 9.700000762939453
      vertex -1.8262834548950195 -16.580059051513672 6.100000381469727
      vertex -1.5 -16.798076629638672 6.100000381469727
    endloop
  endfacet
  facet normal -0.7518403549106677 0.65934519087334 0
    outer loop
      vertex -2.380059242248535 -12.3737154006958 6.100000381469727
      vertex -2.1213197708129883 -12.078679084777832 9.700000762939453
      vertex -2.1213197708129883 -12.078679084777832 6.100000381469727
    endloop
  endfacet
  facet normal -0.7518403549106677 0.65934519087334 0
    outer loop
      vertex -2.1213197708129883 -12.078679084777832 9.700000762939453
      vertex -2.380059242248535 -12.3737154006958 6.100000381469727
      vertex -2.380059242248535 -12.3737154006958 9.700000762939453
    endloop
  endfacet
  facet normal -0.9469301115837141 0.32143951806841525 0
    outer loop
      vertex -2.8977766036987305 -13.423542022705078 6.100000381469727
      vertex -2.7716379165649414 -13.051949501037598 9.700000762939453
      vertex -2.7716379165649414 -13.051949501037598 6.100000381469727
    endloop
  endfacet
  facet normal -0.9469301115837141 0.32143951806841525 0
    outer loop
      vertex -2.7716379165649414 -13.051949501037598 9.700000762939453
      vertex -2.8977766036987305 -13.423542022705078 6.100000381469727
      vertex -2.8977766036987305 -13.423542022705078 9.700000762939453
    endloop
  endfacet
  facet normal 0.9978575733264391 0.06542372165407764 0
    outer loop
      vertex 13 15.299999237060547 22
      vertex 12.997432708740234 15.339156150817871 2
      vertex 12.997432708740234 15.339156150817871 22
    endloop
  endfacet
  facet normal 0.9978575733264391 0.06542372165407764 0
    outer loop
      vertex 12.997432708740234 15.339156150817871 2
      vertex 13 15.299999237060547 22
      vertex 13 15.299999237060547 2
    endloop
  endfacet
  facet normal 0.32142866219269195 0.9469337965882391 0
    outer loop
      vertex 12.814804077148438 15.577162742614746 2
      vertex 12.777645111083984 15.589776039123535 22
      vertex 12.814804077148438 15.577162742614746 22
    endloop
  endfacet
  facet normal 0.32142866219269195 0.9469337965882391 0
    outer loop
      vertex 12.777645111083984 15.589776039123535 22
      vertex 12.814804077148438 15.577162742614746 2
      vertex 12.777645111083984 15.589776039123535 2
    endloop
  endfacet
  facet normal -0.3214341303742368 0.94693194044269 0
    outer loop
      vertex 0.22235488891601562 15.589776039123535 2
      vertex 0.19999980926513672 15.58218765258789 22
      vertex 0.22235488891601562 15.589776039123535 22
    endloop
  endfacet
  facet normal -0.3214341303742368 0.94693194044269 0
    outer loop
      vertex 0.19999980926513672 15.58218765258789 22
      vertex 0.22235488891601562 15.589776039123535 2
      vertex 0.19999980926513672 15.58218765258789 2
    endloop
  endfacet
  facet normal 0.6593455288773353 -0.7518400584894815 0
    outer loop
      vertex 12.882627487182617 14.561993598937988 2
      vertex 12.912131309509277 14.587867736816406 22
      vertex 12.882627487182617 14.561993598937988 22
    endloop
  endfacet
  facet normal 0.6593455288773353 -0.7518400584894815 0
    outer loop
      vertex 12.912131309509277 14.587867736816406 22
      vertex 12.882627487182617 14.561993598937988 2
      vertex 12.912131309509277 14.587867736816406 2
    endloop
  endfacet
  facet normal 0.3214018388326837 -0.9469429011270794 0
    outer loop
      vertex 12.799999237060547 14.517810821533203 2
      vertex 12.814804077148438 14.522835731506348 22
      vertex 12.799999237060547 14.517810821533203 22
    endloop
  endfacet
  facet normal 0.3214018388326837 -0.9469429011270794 0
    outer loop
      vertex 12.814804077148438 14.522835731506348 22
      vertex 12.799999237060547 14.517810821533203 2
      vertex 12.814804077148438 14.522835731506348 2
    endloop
  endfacet
  facet normal 0.44227829149831893 0.8968778695392857 0
    outer loop
      vertex 12.84999942779541 15.559806823730469 2
      vertex 12.814804077148438 15.577162742614746 22
      vertex 12.84999942779541 15.559806823730469 22
    endloop
  endfacet
  facet normal 0.44227829149831893 0.8968778695392857 0
    outer loop
      vertex 12.814804077148438 15.577162742614746 22
      vertex 12.84999942779541 15.559806823730469 2
      vertex 12.814804077148438 15.577162742614746 2
    endloop
  endfacet
  facet normal 0.9807885600338603 0.19507383347519194 0
    outer loop
      vertex 12.997432708740234 15.339156150817871 22
      vertex 12.989777565002441 15.377644538879395 2
      vertex 12.989777565002441 15.377644538879395 22
    endloop
  endfacet
  facet normal 0.9807885600338603 0.19507383347519194 0
    outer loop
      vertex 12.989777565002441 15.377644538879395 2
      vertex 12.997432708740234 15.339156150817871 22
      vertex 12.997432708740234 15.339156150817871 2
    endloop
  endfacet
  facet normal 0 -1 0
    outer loop
      vertex 0.3000001907348633 14.5 2
      vertex 11.200000762939453 14.5 22
      vertex 0.3000001907348633 14.5 22
    endloop
  endfacet
  facet normal 0 -1 0
    outer loop
      vertex 11.200000762939453 14.5 22
      vertex 0.3000001907348633 14.5 2
      vertex 11.200000762939453 14.5 2
    endloop
  endfacet
  facet normal 0.5555803853827108 0.8314628286207378 0
    outer loop
      vertex 12.882627487182617 15.538004875183105 2
      vertex 12.84999942779541 15.559806823730469 22
      vertex 12.882627487182617 15.538004875183105 22
    endloop
  endfacet
  facet normal 0.5555803853827108 0.8314628286207378 0
    outer loop
      vertex 12.84999942779541 15.559806823730469 22
      vertex 12.882627487182617 15.538004875183105 2
      vertex 12.84999942779541 15.559806823730469 2
    endloop
  endfacet
  facet normal -0.06539793663553845 -0.9978592635656665 0
    outer loop
      vertex 0.26084232330322266 14.50256633758545 2
      vertex 0.3000001907348633 14.5 22
      vertex 0.26084232330322266 14.50256633758545 22
    endloop
  endfacet
  facet normal -0.06539793663553845 -0.9978592635656665 0
    outer loop
      vertex 0.3000001907348633 14.5 22
      vertex 0.26084232330322266 14.50256633758545 2
      vertex 0.3000001907348633 14.5 2
    endloop
  endfacet
  facet normal 0.1950764152502334 0.9807880465284631 0
    outer loop
      vertex 12.777645111083984 15.589776039123535 2
      vertex 12.763457298278809 15.592597961425781 22
      vertex 12.777645111083984 15.589776039123535 22
    endloop
  endfacet
  facet normal 0.1950764152502334 0.9807880465284631 0
    outer loop
      vertex 12.763457298278809 15.592597961425781 22
      vertex 12.777645111083984 15.589776039123535 2
      vertex 12.763457298278809 15.592597961425781 2
    endloop
  endfacet
  facet normal -0.06539793663553845 0.9978592635656665 0
    outer loop
      vertex 0.3000001907348633 15.599998474121094 2
      vertex 0.26084232330322266 15.597432136535645 22
      vertex 0.3000001907348633 15.599998474121094 22
    endloop
  endfacet
  facet normal -0.06539793663553845 0.9978592635656665 0
    outer loop
      vertex 0.26084232330322266 15.597432136535645 22
      vertex 0.3000001907348633 15.599998474121094 2
      vertex 0.26084232330322266 15.597432136535645 2
    endloop
  endfacet
  facet normal 0.7518400584894815 0.6593455288773353 0
    outer loop
      vertex 12.938005447387695 15.482626914978027 22
      vertex 12.912131309509277 15.512130737304688 2
      vertex 12.912131309509277 15.512130737304688 22
    endloop
  endfacet
  facet normal 0.7518400584894815 0.6593455288773353 0
    outer loop
      vertex 12.912131309509277 15.512130737304688 2
      vertex 12.938005447387695 15.482626914978027 22
      vertex 12.938005447387695 15.482626914978027 2
    endloop
  endfacet
  facet normal 0 0 -1
    outer loop
      vertex 12.5 13.550000190734863 2
      vertex 12.799999237060547 13.850000381469727 2
      vertex 12.797432899475098 13.810842514038086 2
    endloop
  endfacet
  facet normal 0 0 -1
    outer loop
      vertex 12.799999237060547 14.517810821533203 2
      vertex 13 14.799999237060547 2
      vertex 12.997432708740234 14.760842323303223 2
    endloop
  endfacet
  facet normal 0 0 -1
    outer loop
      vertex 12.763457298278809 15.592597961425781 2
      vertex 13 14.799999237060547 2
      vertex 12.799999237060547 14.517810821533203 2
    endloop
  endfacet
  facet normal 0 0 -1
    outer loop
      vertex 12.799999237060547 14.517810821533203 2
      vertex 12.997432708740234 14.760842323303223 2
      vertex 12.989777565002441 14.7223539352417 2
    endloop
  endfacet
  facet normal 0 0 -1
    outer loop
      vertex 13 14.799999237060547 2
      vertex 12.763457298278809 15.592597961425781 2
      vertex 13 15.299999237060547 2
    endloop
  endfacet
  facet normal 0 0 -1
    outer loop
      vertex 12.799999237060547 14.517810821533203 2
      vertex 12.989777565002441 14.7223539352417 2
      vertex 12.977163314819336 14.685194969177246 2
    endloop
  endfacet
  facet normal 0 0 -1
    outer loop
      vertex 13 15.299999237060547 2
      vertex 12.763457298278809 15.592597961425781 2
      vertex 12.997432708740234 15.339156150817871 2
    endloop
  endfacet
  facet normal 0 0 -1
    outer loop
      vertex 12.799999237060547 14.517810821533203 2
      vertex 12.977163314819336 14.685194969177246 2
      vertex 12.959807395935059 14.649999618530273 2
    endloop
  endfacet
  facet normal 0 0 -1
    outer loop
      vertex 12.997432708740234 15.339156150817871 2
      vertex 12.763457298278809 15.592597961425781 2
      vertex 12.989777565002441 15.377644538879395 2
    endloop
  endfacet
  facet normal 0 0 -1
    outer loop
      vertex 12.799999237060547 14.517810821533203 2
      vertex 12.959807395935059 14.649999618530273 2
      vertex 12.938005447387695 14.617371559143066 2
    endloop
  endfacet
  facet normal 0 0 -1
    outer loop
      vertex 12.989777565002441 15.377644538879395 2
      vertex 12.763457298278809 15.592597961425781 2
      vertex 12.977163314819336 15.414803504943848 2
    endloop
  endfacet
  facet normal 0 0 -1
    outer loop
      vertex 12.799999237060547 14.517810821533203 2
      vertex 12.938005447387695 14.617371559143066 2
      vertex 12.912131309509277 14.587867736816406 2
    endloop
  endfacet
  facet normal 0 0 -1
    outer loop
      vertex 12.959807395935059 15.44999885559082 2
      vertex 12.763457298278809 15.592597961425781 2
      vertex 12.938005447387695 15.482626914978027 2
    endloop
  endfacet
  facet normal 0 0 -1
    outer loop
      vertex 12.799999237060547 14.517810821533203 2
      vertex 12.912131309509277 14.587867736816406 2
      vertex 12.882627487182617 14.561993598937988 2
    endloop
  endfacet
  facet normal 0 0 -1
    outer loop
      vertex 12.938005447387695 15.482626914978027 2
      vertex 12.763457298278809 15.592597961425781 2
      vertex 12.912131309509277 15.512130737304688 2
    endloop
  endfacet
  facet normal 0 0 -1
    outer loop
      vertex 12.799999237060547 14.517810821533203 2
      vertex 12.882627487182617 14.561993598937988 2
      vertex 12.84999942779541 14.540191650390625 2
    endloop
  endfacet
  facet normal 0 0 -1
    outer loop
      vertex 12.977163314819336 15.414803504943848 2
      vertex 12.763457298278809 15.592597961425781 2
      vertex 12.959807395935059 15.44999885559082 2
    endloop
  endfacet
  facet normal 0 0 -1
    outer loop
      vertex 12.799999237060547 14.517810821533203 2
      vertex 12.84999942779541 14.540191650390625 2
      vertex 12.814804077148438 14.522835731506348 2
    endloop
  endfacet
  facet normal 0 0 -1
    outer loop
      vertex 12.912131309509277 15.512130737304688 2
      vertex 12.763457298278809 15.592597961425781 2
      vertex 12.882627487182617 15.538004875183105 2
    endloop
  endfacet
  facet normal 0 0 -1
    outer loop
      vertex 12.882627487182617 15.538004875183105 2
      vertex 12.763457298278809 15.592597961425781 2
      vertex 12.84999942779541 15.559806823730469 2
    endloop
  endfacet
  facet normal 0 0 -1
    outer loop
      vertex 12.5 13.550000190734863 2
      vertex 12.797432899475098 13.810842514038086 2
      vertex 12.789776802062988 13.772354125976562 2
    endloop
  endfacet
  facet normal 0 0 -1
    outer loop
      vertex 12.84999942779541 15.559806823730469 2
      vertex 12.763457298278809 15.592597961425781 2
      vertex 12.814804077148438 15.577162742614746 2
    endloop
  endfacet
  facet normal 0 0 -1
    outer loop
      vertex 12.799999237060547 13.850000381469727 2
      vertex 12.5 13.550000190734863 2
      vertex 12.799999237060547 14.517810821533203 2
    endloop
  endfacet
  facet normal 0 0 -1
    outer loop
      vertex 12.5 13.550000190734863 2
      vertex 12.789776802062988 13.772354125976562 2
      vertex 12.7771635055542 13.73519515991211 2
    endloop
  endfacet
  facet normal 0 0 -1
    outer loop
      vertex 12.814804077148438 15.577162742614746 2
      vertex 12.763457298278809 15.592597961425781 2
      vertex 12.777645111083984 15.589776039123535 2
    endloop
  endfacet
  facet normal 0 0 -1
    outer loop
      vertex 12.5 13.550000190734863 2
      vertex 12.7771635055542 13.73519515991211 2
      vertex 12.759807586669922 13.699999809265137 2
    endloop
  endfacet
  facet normal 0 0 -1
    outer loop
      vertex 12.5 15.749999046325684 2
      vertex 12.799999237060547 14.517810821533203 2
      vertex 11.200000762939453 14.5 2
    endloop
  endfacet
  facet normal 0 0 -1
    outer loop
      vertex 12.5 13.550000190734863 2
      vertex 12.759807586669922 13.699999809265137 2
      vertex 12.738005638122559 13.66737174987793 2
    endloop
  endfacet
  facet normal 0 0 -1
    outer loop
      vertex 12.799999237060547 14.517810821533203 2
      vertex 12.5 15.749999046325684 2
      vertex 12.763457298278809 15.592597961425781 2
    endloop
  endfacet
  facet normal 0 0 -1
    outer loop
      vertex 12.5 13.550000190734863 2
      vertex 12.738005638122559 13.66737174987793 2
      vertex 12.71213150024414 13.63786792755127 2
    endloop
  endfacet
  facet normal 0 0 -1
    outer loop
      vertex 12.738005638122559 15.632627487182617 2
      vertex 12.763457298278809 15.592597961425781 2
      vertex 12.5 15.749999046325684 2
    endloop
  endfacet
  facet normal 0 0 -1
    outer loop
      vertex 12.5 13.550000190734863 2
      vertex 12.71213150024414 13.63786792755127 2
      vertex 12.68262767791748 13.611993789672852 2
    endloop
  endfacet
  facet normal 0 0 -1
    outer loop
      vertex 12.763457298278809 15.592597961425781 2
      vertex 12.738005638122559 15.632627487182617 2
      vertex 12.759807586669922 15.59999942779541 2
    endloop
  endfacet
  facet normal 0 0 -1
    outer loop
      vertex 12.5 13.550000190734863 2
      vertex 12.68262767791748 13.611993789672852 2
      vertex 12.649999618530273 13.590192794799805 2
    endloop
  endfacet
  facet normal 0 0 -1
    outer loop
      vertex 12.738005638122559 15.632627487182617 2
      vertex 12.5 15.749999046325684 2
      vertex 12.71213150024414 15.662131309509277 2
    endloop
  endfacet
  facet normal 0 0 -1
    outer loop
      vertex 12.5 13.550000190734863 2
      vertex 12.649999618530273 13.590192794799805 2
      vertex 12.6148042678833 13.572835922241211 2
    endloop
  endfacet
  facet normal 0 0 -1
    outer loop
      vertex 12.799999237060547 14.517810821533203 2
      vertex 12.5 13.550000190734863 2
      vertex 11.200000762939453 14.5 2
    endloop
  endfacet
  facet normal 0 0 -1
    outer loop
      vertex 12.5 13.550000190734863 2
      vertex 12.6148042678833 13.572835922241211 2
      vertex 12.577645301818848 13.560222625732422 2
    endloop
  endfacet
  facet normal 0 0 -1
    outer loop
      vertex 12.71213150024414 15.662131309509277 2
      vertex 12.5 15.749999046325684 2
      vertex 12.68262767791748 15.688005447387695 2
    endloop
  endfacet
  facet normal 0 0 -1
    outer loop
      vertex 12.5 13.550000190734863 2
      vertex 12.577645301818848 13.560222625732422 2
      vertex 12.539156913757324 13.552566528320312 2
    endloop
  endfacet
  facet normal 0 0 -1
    outer loop
      vertex 12.649999618530273 15.709806442260742 2
      vertex 12.5 15.749999046325684 2
      vertex 12.6148042678833 15.727163314819336 2
    endloop
  endfacet
  facet normal 0 0 -1
    outer loop
      vertex 12.6148042678833 15.727163314819336 2
      vertex 12.5 15.749999046325684 2
      vertex 12.577645301818848 15.739776611328125 2
    endloop
  endfacet
  facet normal 0 0 -1
    outer loop
      vertex 12.577645301818848 15.739776611328125 2
      vertex 12.5 15.749999046325684 2
      vertex 12.539156913757324 15.747432708740234 2
    endloop
  endfacet
  facet normal 0 0 -1
    outer loop
      vertex 11.200000762939453 14.5 2
      vertex 12.5 13.550000190734863 2
      vertex 11.5 13.550000190734863 2
    endloop
  endfacet
  facet normal 0 0 -1
    outer loop
      vertex 12.68262767791748 15.688005447387695 2
      vertex 12.5 15.749999046325684 2
      vertex 12.649999618530273 15.709806442260742 2
    endloop
  endfacet
  facet normal 0 0 -1
    outer loop
      vertex 11.200000762939453 13.850000381469727 2
      vertex 11.5 13.550000190734863 2
      vertex 11.460843086242676 13.552566528320312 2
    endloop
  endfacet
  facet normal 0 0 -1
    outer loop
      vertex 12.5 15.749999046325684 2
      vertex 11.200000762939453 14.5 2
      vertex 11.5 15.749999046325684 2
    endloop
  endfacet
  facet normal 0 0 -1
    outer loop
      vertex 11.200000762939453 13.850000381469727 2
      vertex 11.460843086242676 13.552566528320312 2
      vertex 11.422354698181152 13.560222625732422 2
    endloop
  endfacet
  facet normal 0 0 -1
    outer loop
      vertex 11.240192413330078 15.599998474121094 2
      vertex 11.5 15.749999046325684 2
      vertex 11.200000762939453 14.5 2
    endloop
  endfacet
  facet normal 0 0 -1
    outer loop
      vertex 11.200000762939453 13.850000381469727 2
      vertex 11.422354698181152 13.560222625732422 2
      vertex 11.3851957321167 13.572835922241211 2
    endloop
  endfacet
  facet normal 0 0 -1
    outer loop
      vertex 11.5 15.749999046325684 2
      vertex 11.240192413330078 15.599998474121094 2
      vertex 11.460843086242676 15.747432708740234 2
    endloop
  endfacet
  facet normal 0 0 -1
    outer loop
      vertex 11.200000762939453 13.850000381469727 2
      vertex 11.3851957321167 13.572835922241211 2
      vertex 11.350000381469727 13.590192794799805 2
    endloop
  endfacet
  facet normal 0 0 -1
    outer loop
      vertex 11.460843086242676 15.747432708740234 2
      vertex 11.240192413330078 15.599998474121094 2
      vertex 11.422354698181152 15.739776611328125 2
    endloop
  endfacet
  facet normal 0 0 -1
    outer loop
      vertex 11.200000762939453 13.850000381469727 2
      vertex 11.350000381469727 13.590192794799805 2
      vertex 11.31737232208252 13.611993789672852 2
    endloop
  endfacet
  facet normal 0 0 -1
    outer loop
      vertex 11.422354698181152 15.739776611328125 2
      vertex 11.240192413330078 15.599998474121094 2
      vertex 11.3851957321167 15.727163314819336 2
    endloop
  endfacet
  facet normal 0 0 -1
    outer loop
      vertex 11.200000762939453 13.850000381469727 2
      vertex 11.31737232208252 13.611993789672852 2
      vertex 11.28786849975586 13.63786792755127 2
    endloop
  endfacet
  facet normal 0 0 -1
    outer loop
      vertex 11.3851957321167 15.727163314819336 2
      vertex 11.240192413330078 15.599998474121094 2
      vertex 11.350000381469727 15.709806442260742 2
    endloop
  endfacet
  facet normal 0 0 -1
    outer loop
      vertex 11.200000762939453 13.850000381469727 2
      vertex 11.28786849975586 13.63786792755127 2
      vertex 11.261994361877441 13.66737174987793 2
    endloop
  endfacet
  facet normal 0 0 -1
    outer loop
      vertex 11.350000381469727 15.709806442260742 2
      vertex 11.240192413330078 15.599998474121094 2
      vertex 11.31737232208252 15.688005447387695 2
    endloop
  endfacet
  facet normal 0 0 -1
    outer loop
      vertex 11.200000762939453 13.850000381469727 2
      vertex 11.261994361877441 13.66737174987793 2
      vertex 11.240192413330078 13.699999809265137 2
    endloop
  endfacet
  facet normal 0 0 -1
    outer loop
      vertex 11.31737232208252 15.688005447387695 2
      vertex 11.240192413330078 15.599998474121094 2
      vertex 11.28786849975586 15.662131309509277 2
    endloop
  endfacet
  facet normal 0 0 -1
    outer loop
      vertex 11.261994361877441 15.632627487182617 2
      vertex 11.240192413330078 15.599998474121094 2
      vertex 11.240192413330078 15.59999942779541 2
    endloop
  endfacet
  facet normal 0 0 -1
    outer loop
      vertex 0 11.699999809265137 2
      vertex 0.19999980926513672 14.517810821533203 2
      vertex 0.19999980926513672 11.399999618530273 2
    endloop
  endfacet
  facet normal 0 0 -1
    outer loop
      vertex -0.9997739791870117 11.672552108764648 2
      vertex 0.19999980926513672 14.517810821533203 2
      vertex 0 11.699999809265137 2
    endloop
  endfacet
  facet normal 0 0 -1
    outer loop
      vertex 0 11.699999809265137 2
      vertex 0.19999980926513672 11.399999618530273 2
      vertex 0 11.399999618530273 2
    endloop
  endfacet
  facet normal 0 0 -1
    outer loop
      vertex -1.9899206161499023 11.590476036071777 2
      vertex 0.19999980926513672 14.517810821533203 2
      vertex -0.9997739791870117 11.672552108764648 2
    endloop
  endfacet
  facet normal 0 0 -1
    outer loop
      vertex 0.19999980926513672 14.517810821533203 2
      vertex -3 15.899999618530273 2
      vertex 0.19999980926513672 15.58218765258789 2
    endloop
  endfacet
  facet normal 0 0 -1
    outer loop
      vertex 0.19999980926513672 14.517810821533203 2
      vertex -1.9899206161499023 11.590476036071777 2
      vertex -3 15.899999618530273 2
    endloop
  endfacet
  facet normal 0 0 -1
    outer loop
      vertex -3 15.899999618530273 2
      vertex -1.9899206161499023 11.590476036071777 2
      vertex -2.9609031677246094 11.454559326171875 2
    endloop
  endfacet
  facet normal 0 0 -1
    outer loop
      vertex -3 15.899999618530273 2
      vertex -2.9609031677246094 11.454559326171875 2
      vertex -3 11.446742057800293 2
    endloop
  endfacet
  facet normal 0 0 -1
    outer loop
      vertex 0.19999980926513672 15.58218765258789 2
      vertex -3 15.899999618530273 2
      vertex 0.19999980926513672 15.899999618530273 2
    endloop
  endfacet
  facet normal 0 0 -1
    outer loop
      vertex 11.200000762939453 13.850000381469727 2
      vertex 11.240192413330078 13.699999809265137 2
      vertex 11.2228364944458 13.73519515991211 2
    endloop
  endfacet
  facet normal 0 0 -1
    outer loop
      vertex 11.200000762939453 13.850000381469727 2
      vertex 11.2228364944458 13.73519515991211 2
      vertex 11.210223197937012 13.772354125976562 2
    endloop
  endfacet
  facet normal 0 0 -1
    outer loop
      vertex 11.200000762939453 13.850000381469727 2
      vertex 11.210223197937012 13.772354125976562 2
      vertex 11.202567100524902 13.810842514038086 2
    endloop
  endfacet
  facet normal 0 0 -1
    outer loop
      vertex 11.5 13.550000190734863 2
      vertex 11.200000762939453 13.850000381469727 2
      vertex 11.200000762939453 14.5 2
    endloop
  endfacet
  facet normal 0 0 -1
    outer loop
      vertex 11.28786849975586 15.662131309509277 2
      vertex 11.240192413330078 15.599998474121094 2
      vertex 11.261994361877441 15.632627487182617 2
    endloop
  endfacet
  facet normal 0 0 -1
    outer loop
      vertex 0.3000001907348633 15.599998474121094 2
      vertex 11.200000762939453 14.5 2
      vertex 0.3000001907348633 14.5 2
    endloop
  endfacet
  facet normal 0 0 -1
    outer loop
      vertex 11.200000762939453 14.5 2
      vertex 0.3000001907348633 15.599998474121094 2
      vertex 11.240192413330078 15.599998474121094 2
    endloop
  endfacet
  facet normal 0 0 -1
    outer loop
      vertex 0.19999980926513672 14.517810821533203 2
      vertex 0.3000001907348633 14.5 2
      vertex 0.26084232330322266 14.50256633758545 2
    endloop
  endfacet
  facet normal 0 0 -1
    outer loop
      vertex 0.3000001907348633 14.5 2
      vertex 0.19999980926513672 14.517810821533203 2
      vertex 0.3000001907348633 15.599998474121094 2
    endloop
  endfacet
  facet normal 0 0 -1
    outer loop
      vertex 0.19999980926513672 14.517810821533203 2
      vertex 0.26084232330322266 14.50256633758545 2
      vertex 0.22235488891601562 14.510222434997559 2
    endloop
  endfacet
  facet normal 0 0 -1
    outer loop
      vertex 0.19999980926513672 15.58218765258789 2
      vertex 0.3000001907348633 15.599998474121094 2
      vertex 0.19999980926513672 14.517810821533203 2
    endloop
  endfacet
  facet normal 0 0 -1
    outer loop
      vertex 0.3000001907348633 15.599998474121094 2
      vertex 0.19999980926513672 15.58218765258789 2
      vertex 0.26084232330322266 15.597432136535645 2
    endloop
  endfacet
  facet normal 0 0 -1
    outer loop
      vertex 0.26084232330322266 15.597432136535645 2
      vertex 0.19999980926513672 15.58218765258789 2
      vertex 0.22235488891601562 15.589776039123535 2
    endloop
  endfacet
  facet normal 0 1 0
    outer loop
      vertex 11.240192413330078 15.599998474121094 2
      vertex 0.3000001907348633 15.599998474121094 22
      vertex 11.240192413330078 15.599998474121094 22
    endloop
  endfacet
  facet normal 0 1 0
    outer loop
      vertex 0.3000001907348633 15.599998474121094 22
      vertex 11.240192413330078 15.599998474121094 2
      vertex 0.3000001907348633 15.599998474121094 2
    endloop
  endfacet
  facet normal 0.44227829149831893 -0.8968778695392857 0
    outer loop
      vertex 12.814804077148438 14.522835731506348 2
      vertex 12.84999942779541 14.540191650390625 22
      vertex 12.814804077148438 14.522835731506348 22
    endloop
  endfacet
  facet normal 0.44227829149831893 -0.8968778695392857 0
    outer loop
      vertex 12.84999942779541 14.540191650390625 22
      vertex 12.814804077148438 14.522835731506348 2
      vertex 12.84999942779541 14.540191650390625 2
    endloop
  endfacet
  facet normal 0.8968778695392857 0.44227829149831893 0
    outer loop
      vertex 12.977163314819336 15.414803504943848 22
      vertex 12.959807395935059 15.44999885559082 2
      vertex 12.959807395935059 15.44999885559082 22
    endloop
  endfacet
  facet normal 0.8968778695392857 0.44227829149831893 0
    outer loop
      vertex 12.959807395935059 15.44999885559082 2
      vertex 12.977163314819336 15.414803504943848 22
      vertex 12.977163314819336 15.414803504943848 2
    endloop
  endfacet
  facet normal -0.3214341303742368 -0.94693194044269 0
    outer loop
      vertex 0.19999980926513672 14.517810821533203 2
      vertex 0.22235488891601562 14.510222434997559 22
      vertex 0.19999980926513672 14.517810821533203 22
    endloop
  endfacet
  facet normal -0.3214341303742368 -0.94693194044269 0
    outer loop
      vertex 0.22235488891601562 14.510222434997559 22
      vertex 0.19999980926513672 14.517810821533203 2
      vertex 0.22235488891601562 14.510222434997559 2
    endloop
  endfacet
  facet normal 0.6593455288773353 0.7518400584894815 0
    outer loop
      vertex 12.912131309509277 15.512130737304688 2
      vertex 12.882627487182617 15.538004875183105 22
      vertex 12.912131309509277 15.512130737304688 22
    endloop
  endfacet
  facet normal 0.6593455288773353 0.7518400584894815 0
    outer loop
      vertex 12.882627487182617 15.538004875183105 22
      vertex 12.912131309509277 15.512130737304688 2
      vertex 12.882627487182617 15.538004875183105 2
    endloop
  endfacet
  facet normal -0.19510186099747215 0.98078298508657 0
    outer loop
      vertex 0.26084232330322266 15.597432136535645 2
      vertex 0.22235488891601562 15.589776039123535 22
      vertex 0.26084232330322266 15.597432136535645 22
    endloop
  endfacet
  facet normal -0.19510186099747215 0.98078298508657 0
    outer loop
      vertex 0.22235488891601562 15.589776039123535 22
      vertex 0.26084232330322266 15.597432136535645 2
      vertex 0.22235488891601562 15.589776039123535 2
    endloop
  endfacet
  facet normal 0.8314628286207378 0.5555803853827108 0
    outer loop
      vertex 12.959807395935059 15.44999885559082 22
      vertex 12.938005447387695 15.482626914978027 2
      vertex 12.938005447387695 15.482626914978027 22
    endloop
  endfacet
  facet normal 0.8314628286207378 0.5555803853827108 0
    outer loop
      vertex 12.938005447387695 15.482626914978027 2
      vertex 12.959807395935059 15.44999885559082 22
      vertex 12.959807395935059 15.44999885559082 2
    endloop
  endfacet
  facet normal 0.8968778695392857 -0.44227829149831893 0
    outer loop
      vertex 12.959807395935059 14.649999618530273 22
      vertex 12.977163314819336 14.685194969177246 2
      vertex 12.977163314819336 14.685194969177246 22
    endloop
  endfacet
  facet normal 0.8968778695392857 -0.44227829149831893 0
    outer loop
      vertex 12.977163314819336 14.685194969177246 2
      vertex 12.959807395935059 14.649999618530273 22
      vertex 12.959807395935059 14.649999618530273 2
    endloop
  endfacet
  facet normal 0.9807885600338603 -0.19507383347519194 0
    outer loop
      vertex 12.989777565002441 14.7223539352417 22
      vertex 12.997432708740234 14.760842323303223 2
      vertex 12.997432708740234 14.760842323303223 22
    endloop
  endfacet
  facet normal 0.9807885600338603 -0.19507383347519194 0
    outer loop
      vertex 12.997432708740234 14.760842323303223 2
      vertex 12.989777565002441 14.7223539352417 22
      vertex 12.989777565002441 14.7223539352417 2
    endloop
  endfacet
  facet normal 1 0 0
    outer loop
      vertex 13 14.799999237060547 22
      vertex 13 15.299999237060547 2
      vertex 13 15.299999237060547 22
    endloop
  endfacet
  facet normal 1 0 0
    outer loop
      vertex 13 15.299999237060547 2
      vertex 13 14.799999237060547 22
      vertex 13 14.799999237060547 2
    endloop
  endfacet
  facet normal 0.9469263993155419 -0.32145045384833876 0
    outer loop
      vertex 12.977163314819336 14.685194969177246 22
      vertex 12.989777565002441 14.7223539352417 2
      vertex 12.989777565002441 14.7223539352417 22
    endloop
  endfacet
  facet normal 0.9469263993155419 -0.32145045384833876 0
    outer loop
      vertex 12.989777565002441 14.7223539352417 2
      vertex 12.977163314819336 14.685194969177246 22
      vertex 12.977163314819336 14.685194969177246 2
    endloop
  endfacet
  facet normal 0.9469263993155419 0.32145045384833876 0
    outer loop
      vertex 12.989777565002441 15.377644538879395 22
      vertex 12.977163314819336 15.414803504943848 2
      vertex 12.977163314819336 15.414803504943848 22
    endloop
  endfacet
  facet normal 0.9469263993155419 0.32145045384833876 0
    outer loop
      vertex 12.977163314819336 15.414803504943848 2
      vertex 12.989777565002441 15.377644538879395 22
      vertex 12.989777565002441 15.377644538879395 2
    endloop
  endfacet
  facet normal 0.5555803853827108 -0.8314628286207378 0
    outer loop
      vertex 12.84999942779541 14.540191650390625 2
      vertex 12.882627487182617 14.561993598937988 22
      vertex 12.84999942779541 14.540191650390625 22
    endloop
  endfacet
  facet normal 0.5555803853827108 -0.8314628286207378 0
    outer loop
      vertex 12.882627487182617 14.561993598937988 22
      vertex 12.84999942779541 14.540191650390625 2
      vertex 12.882627487182617 14.561993598937988 2
    endloop
  endfacet
  facet normal 0.7518400584894815 -0.6593455288773353 0
    outer loop
      vertex 12.912131309509277 14.587867736816406 22
      vertex 12.938005447387695 14.617371559143066 2
      vertex 12.938005447387695 14.617371559143066 22
    endloop
  endfacet
  facet normal 0.7518400584894815 -0.6593455288773353 0
    outer loop
      vertex 12.938005447387695 14.617371559143066 2
      vertex 12.912131309509277 14.587867736816406 22
      vertex 12.912131309509277 14.587867736816406 2
    endloop
  endfacet
  facet normal 0 0 1
    outer loop
      vertex -3 15.899999618530273 22
      vertex 0.19999980926513672 15.58218765258789 22
      vertex 0.19999980926513672 15.899999618530273 22
    endloop
  endfacet
  facet normal 0 0 1
    outer loop
      vertex 0.19999980926513672 15.58218765258789 22
      vertex -3 15.899999618530273 22
      vertex 0.19999980926513672 14.517810821533203 22
    endloop
  endfacet
  facet normal 0 0 1
    outer loop
      vertex 0.19999980926513672 14.517810821533203 22
      vertex 0 11.699999809265137 22
      vertex 0.19999980926513672 11.399999618530273 22
    endloop
  endfacet
  facet normal 0 0 1
    outer loop
      vertex 0.19999980926513672 14.517810821533203 22
      vertex -0.9997739791870117 11.672552108764648 22
      vertex 0 11.699999809265137 22
    endloop
  endfacet
  facet normal 0 0 1
    outer loop
      vertex -1.9899206161499023 11.590476036071777 22
      vertex 0.19999980926513672 14.517810821533203 22
      vertex -3 15.899999618530273 22
    endloop
  endfacet
  facet normal 0 0 1
    outer loop
      vertex 0.19999980926513672 14.517810821533203 22
      vertex -1.9899206161499023 11.590476036071777 22
      vertex -0.9997739791870117 11.672552108764648 22
    endloop
  endfacet
  facet normal 0 0 1
    outer loop
      vertex -1.9899206161499023 11.590476036071777 22
      vertex -3 15.899999618530273 22
      vertex -2.9609031677246094 11.454559326171875 22
    endloop
  endfacet
  facet normal 0 0 1
    outer loop
      vertex -2.9609031677246094 11.454559326171875 22
      vertex -3 15.899999618530273 22
      vertex -3 11.446742057800293 22
    endloop
  endfacet
  facet normal 0 0 1
    outer loop
      vertex 12.763457298278809 15.592597961425781 22
      vertex 13 15.299999237060547 22
      vertex 12.997432708740234 15.339156150817871 22
    endloop
  endfacet
  facet normal 0 0 1
    outer loop
      vertex 13 15.299999237060547 22
      vertex 12.763457298278809 15.592597961425781 22
      vertex 13 14.799999237060547 22
    endloop
  endfacet
  facet normal 0 0 1
    outer loop
      vertex 12.763457298278809 15.592597961425781 22
      vertex 12.997432708740234 15.339156150817871 22
      vertex 12.989777565002441 15.377644538879395 22
    endloop
  endfacet
  facet normal 0 0 1
    outer loop
      vertex 12.799999237060547 14.517810821533203 22
      vertex 13 14.799999237060547 22
      vertex 12.763457298278809 15.592597961425781 22
    endloop
  endfacet
  facet normal 0 0 1
    outer loop
      vertex 12.763457298278809 15.592597961425781 22
      vertex 12.989777565002441 15.377644538879395 22
      vertex 12.977163314819336 15.414803504943848 22
    endloop
  endfacet
  facet normal 0 0 1
    outer loop
      vertex 13 14.799999237060547 22
      vertex 12.799999237060547 14.517810821533203 22
      vertex 12.997432708740234 14.760842323303223 22
    endloop
  endfacet
  facet normal 0 0 1
    outer loop
      vertex 12.763457298278809 15.592597961425781 22
      vertex 12.977163314819336 15.414803504943848 22
      vertex 12.959807395935059 15.44999885559082 22
    endloop
  endfacet
  facet normal 0 0 1
    outer loop
      vertex 12.997432708740234 14.760842323303223 22
      vertex 12.799999237060547 14.517810821533203 22
      vertex 12.989777565002441 14.7223539352417 22
    endloop
  endfacet
  facet normal 0 0 1
    outer loop
      vertex 12.763457298278809 15.592597961425781 22
      vertex 12.959807395935059 15.44999885559082 22
      vertex 12.938005447387695 15.482626914978027 22
    endloop
  endfacet
  facet normal 0 0 1
    outer loop
      vertex 12.989777565002441 14.7223539352417 22
      vertex 12.799999237060547 14.517810821533203 22
      vertex 12.977163314819336 14.685194969177246 22
    endloop
  endfacet
  facet normal 0 0 1
    outer loop
      vertex 12.763457298278809 15.592597961425781 22
      vertex 12.938005447387695 15.482626914978027 22
      vertex 12.912131309509277 15.512130737304688 22
    endloop
  endfacet
  facet normal 0 0 1
    outer loop
      vertex 12.977163314819336 14.685194969177246 22
      vertex 12.799999237060547 14.517810821533203 22
      vertex 12.959807395935059 14.649999618530273 22
    endloop
  endfacet
  facet normal 0 0 1
    outer loop
      vertex 12.763457298278809 15.592597961425781 22
      vertex 12.912131309509277 15.512130737304688 22
      vertex 12.882627487182617 15.538004875183105 22
    endloop
  endfacet
  facet normal 0 0 1
    outer loop
      vertex 12.959807395935059 14.649999618530273 22
      vertex 12.799999237060547 14.517810821533203 22
      vertex 12.938005447387695 14.617371559143066 22
    endloop
  endfacet
  facet normal 0 0 1
    outer loop
      vertex 12.763457298278809 15.592597961425781 22
      vertex 12.882627487182617 15.538004875183105 22
      vertex 12.84999942779541 15.559806823730469 22
    endloop
  endfacet
  facet normal 0 0 1
    outer loop
      vertex 12.938005447387695 14.617371559143066 22
      vertex 12.799999237060547 14.517810821533203 22
      vertex 12.912131309509277 14.587867736816406 22
    endloop
  endfacet
  facet normal 0 0 1
    outer loop
      vertex 12.763457298278809 15.592597961425781 22
      vertex 12.84999942779541 15.559806823730469 22
      vertex 12.814804077148438 15.577162742614746 22
    endloop
  endfacet
  facet normal 0 0 1
    outer loop
      vertex 12.912131309509277 14.587867736816406 22
      vertex 12.799999237060547 14.517810821533203 22
      vertex 12.882627487182617 14.561993598937988 22
    endloop
  endfacet
  facet normal 0 0 1
    outer loop
      vertex 12.84999942779541 14.540191650390625 22
      vertex 12.799999237060547 14.517810821533203 22
      vertex 12.814804077148438 14.522835731506348 22
    endloop
  endfacet
  facet normal 0 0 1
    outer loop
      vertex 12.5 13.550000190734863 22
      vertex 12.799999237060547 13.850000381469727 22
      vertex 12.799999237060547 14.517810821533203 22
    endloop
  endfacet
  facet normal 0 0 1
    outer loop
      vertex 12.799999237060547 13.850000381469727 22
      vertex 12.5 13.550000190734863 22
      vertex 12.797432899475098 13.810842514038086 22
    endloop
  endfacet
  facet normal 0 0 1
    outer loop
      vertex 12.763457298278809 15.592597961425781 22
      vertex 12.814804077148438 15.577162742614746 22
      vertex 12.777645111083984 15.589776039123535 22
    endloop
  endfacet
  facet normal 0 0 1
    outer loop
      vertex 12.882627487182617 14.561993598937988 22
      vertex 12.799999237060547 14.517810821533203 22
      vertex 12.84999942779541 14.540191650390625 22
    endloop
  endfacet
  facet normal 0 0 1
    outer loop
      vertex 12.5 15.749999046325684 22
      vertex 12.799999237060547 14.517810821533203 22
      vertex 12.763457298278809 15.592597961425781 22
    endloop
  endfacet
  facet normal 0 0 1
    outer loop
      vertex 12.5 13.550000190734863 22
      vertex 12.799999237060547 14.517810821533203 22
      vertex 11.200000762939453 14.5 22
    endloop
  endfacet
  facet normal 0 0 1
    outer loop
      vertex 12.738005638122559 15.632627487182617 22
      vertex 12.763457298278809 15.592597961425781 22
      vertex 12.759807586669922 15.59999942779541 22
    endloop
  endfacet
  facet normal 0 0 1
    outer loop
      vertex 12.797432899475098 13.810842514038086 22
      vertex 12.5 13.550000190734863 22
      vertex 12.789776802062988 13.772354125976562 22
    endloop
  endfacet
  facet normal 0 0 1
    outer loop
      vertex 12.763457298278809 15.592597961425781 22
      vertex 12.738005638122559 15.632627487182617 22
      vertex 12.5 15.749999046325684 22
    endloop
  endfacet
  facet normal 0 0 1
    outer loop
      vertex 12.789776802062988 13.772354125976562 22
      vertex 12.5 13.550000190734863 22
      vertex 12.7771635055542 13.73519515991211 22
    endloop
  endfacet
  facet normal 0 0 1
    outer loop
      vertex 12.5 15.749999046325684 22
      vertex 12.738005638122559 15.632627487182617 22
      vertex 12.71213150024414 15.662131309509277 22
    endloop
  endfacet
  facet normal 0 0 1
    outer loop
      vertex 12.7771635055542 13.73519515991211 22
      vertex 12.5 13.550000190734863 22
      vertex 12.759807586669922 13.699999809265137 22
    endloop
  endfacet
  facet normal 0 0 1
    outer loop
      vertex 12.5 15.749999046325684 22
      vertex 12.71213150024414 15.662131309509277 22
      vertex 12.68262767791748 15.688005447387695 22
    endloop
  endfacet
  facet normal 0 0 1
    outer loop
      vertex 12.759807586669922 13.699999809265137 22
      vertex 12.5 13.550000190734863 22
      vertex 12.738005638122559 13.66737174987793 22
    endloop
  endfacet
  facet normal 0 0 1
    outer loop
      vertex 12.5 15.749999046325684 22
      vertex 12.68262767791748 15.688005447387695 22
      vertex 12.649999618530273 15.709806442260742 22
    endloop
  endfacet
  facet normal 0 0 1
    outer loop
      vertex 12.738005638122559 13.66737174987793 22
      vertex 12.5 13.550000190734863 22
      vertex 12.71213150024414 13.63786792755127 22
    endloop
  endfacet
  facet normal 0 0 1
    outer loop
      vertex 12.5 15.749999046325684 22
      vertex 12.649999618530273 15.709806442260742 22
      vertex 12.6148042678833 15.727163314819336 22
    endloop
  endfacet
  facet normal 0 0 1
    outer loop
      vertex 12.799999237060547 14.517810821533203 22
      vertex 12.5 15.749999046325684 22
      vertex 11.200000762939453 14.5 22
    endloop
  endfacet
  facet normal 0 0 1
    outer loop
      vertex 12.5 15.749999046325684 22
      vertex 12.6148042678833 15.727163314819336 22
      vertex 12.577645301818848 15.739776611328125 22
    endloop
  endfacet
  facet normal 0 0 1
    outer loop
      vertex 12.71213150024414 13.63786792755127 22
      vertex 12.5 13.550000190734863 22
      vertex 12.68262767791748 13.611993789672852 22
    endloop
  endfacet
  facet normal 0 0 1
    outer loop
      vertex 12.5 15.749999046325684 22
      vertex 12.577645301818848 15.739776611328125 22
      vertex 12.539156913757324 15.747432708740234 22
    endloop
  endfacet
  facet normal 0 0 1
    outer loop
      vertex 12.649999618530273 13.590192794799805 22
      vertex 12.5 13.550000190734863 22
      vertex 12.6148042678833 13.572835922241211 22
    endloop
  endfacet
  facet normal 0 0 1
    outer loop
      vertex 12.6148042678833 13.572835922241211 22
      vertex 12.5 13.550000190734863 22
      vertex 12.577645301818848 13.560222625732422 22
    endloop
  endfacet
  facet normal 0 0 1
    outer loop
      vertex 12.577645301818848 13.560222625732422 22
      vertex 12.5 13.550000190734863 22
      vertex 12.539156913757324 13.552566528320312 22
    endloop
  endfacet
  facet normal 0 0 1
    outer loop
      vertex 11.200000762939453 14.5 22
      vertex 12.5 15.749999046325684 22
      vertex 11.5 15.749999046325684 22
    endloop
  endfacet
  facet normal 0 0 1
    outer loop
      vertex 12.68262767791748 13.611993789672852 22
      vertex 12.5 13.550000190734863 22
      vertex 12.649999618530273 13.590192794799805 22
    endloop
  endfacet
  facet normal 0 0 1
    outer loop
      vertex 11.240192413330078 15.599998474121094 22
      vertex 11.5 15.749999046325684 22
      vertex 11.460843086242676 15.747432708740234 22
    endloop
  endfacet
  facet normal 0 0 1
    outer loop
      vertex 12.5 13.550000190734863 22
      vertex 11.200000762939453 14.5 22
      vertex 11.5 13.550000190734863 22
    endloop
  endfacet
  facet normal 0 0 1
    outer loop
      vertex 11.240192413330078 15.599998474121094 22
      vertex 11.460843086242676 15.747432708740234 22
      vertex 11.422354698181152 15.739776611328125 22
    endloop
  endfacet
  facet normal 0 0 1
    outer loop
      vertex 11.200000762939453 13.850000381469727 22
      vertex 11.5 13.550000190734863 22
      vertex 11.200000762939453 14.5 22
    endloop
  endfacet
  facet normal 0 0 1
    outer loop
      vertex 11.240192413330078 15.599998474121094 22
      vertex 11.422354698181152 15.739776611328125 22
      vertex 11.3851957321167 15.727163314819336 22
    endloop
  endfacet
  facet normal 0 0 1
    outer loop
      vertex 11.5 13.550000190734863 22
      vertex 11.200000762939453 13.850000381469727 22
      vertex 11.460843086242676 13.552566528320312 22
    endloop
  endfacet
  facet normal 0 0 1
    outer loop
      vertex 11.240192413330078 15.599998474121094 22
      vertex 11.3851957321167 15.727163314819336 22
      vertex 11.350000381469727 15.709806442260742 22
    endloop
  endfacet
  facet normal 0 0 1
    outer loop
      vertex 11.460843086242676 13.552566528320312 22
      vertex 11.200000762939453 13.850000381469727 22
      vertex 11.422354698181152 13.560222625732422 22
    endloop
  endfacet
  facet normal 0 0 1
    outer loop
      vertex 11.240192413330078 15.599998474121094 22
      vertex 11.350000381469727 15.709806442260742 22
      vertex 11.31737232208252 15.688005447387695 22
    endloop
  endfacet
  facet normal 0 0 1
    outer loop
      vertex 11.422354698181152 13.560222625732422 22
      vertex 11.200000762939453 13.850000381469727 22
      vertex 11.3851957321167 13.572835922241211 22
    endloop
  endfacet
  facet normal 0 0 1
    outer loop
      vertex 11.240192413330078 15.599998474121094 22
      vertex 11.31737232208252 15.688005447387695 22
      vertex 11.28786849975586 15.662131309509277 22
    endloop
  endfacet
  facet normal 0 0 1
    outer loop
      vertex 11.3851957321167 13.572835922241211 22
      vertex 11.200000762939453 13.850000381469727 22
      vertex 11.350000381469727 13.590192794799805 22
    endloop
  endfacet
  facet normal 0 0 1
    outer loop
      vertex 11.240192413330078 15.599998474121094 22
      vertex 11.28786849975586 15.662131309509277 22
      vertex 11.261994361877441 15.632627487182617 22
    endloop
  endfacet
  facet normal 0 0 1
    outer loop
      vertex 11.350000381469727 13.590192794799805 22
      vertex 11.200000762939453 13.850000381469727 22
      vertex 11.31737232208252 13.611993789672852 22
    endloop
  endfacet
  facet normal 0 0 1
    outer loop
      vertex 11.240192413330078 15.599998474121094 22
      vertex 11.261994361877441 15.632627487182617 22
      vertex 11.240192413330078 15.59999942779541 22
    endloop
  endfacet
  facet normal 0 0 1
    outer loop
      vertex 11.5 15.749999046325684 22
      vertex 11.240192413330078 15.599998474121094 22
      vertex 11.200000762939453 14.5 22
    endloop
  endfacet
  facet normal 0 0 1
    outer loop
      vertex 11.31737232208252 13.611993789672852 22
      vertex 11.200000762939453 13.850000381469727 22
      vertex 11.28786849975586 13.63786792755127 22
    endloop
  endfacet
  facet normal 0 0 1
    outer loop
      vertex 11.28786849975586 13.63786792755127 22
      vertex 11.200000762939453 13.850000381469727 22
      vertex 11.261994361877441 13.66737174987793 22
    endloop
  endfacet
  facet normal 0 0 1
    outer loop
      vertex 11.261994361877441 13.66737174987793 22
      vertex 11.200000762939453 13.850000381469727 22
      vertex 11.240192413330078 13.699999809265137 22
    endloop
  endfacet
  facet normal 0 0 1
    outer loop
      vertex 11.240192413330078 13.699999809265137 22
      vertex 11.200000762939453 13.850000381469727 22
      vertex 11.2228364944458 13.73519515991211 22
    endloop
  endfacet
  facet normal 0 0 1
    outer loop
      vertex 11.2228364944458 13.73519515991211 22
      vertex 11.200000762939453 13.850000381469727 22
      vertex 11.210223197937012 13.772354125976562 22
    endloop
  endfacet
  facet normal 0 0 1
    outer loop
      vertex 0.3000001907348633 15.599998474121094 22
      vertex 11.200000762939453 14.5 22
      vertex 11.240192413330078 15.599998474121094 22
    endloop
  endfacet
  facet normal 0 0 1
    outer loop
      vertex 0.3000001907348633 15.599998474121094 22
      vertex 0.3000001907348633 14.5 22
      vertex 11.200000762939453 14.5 22
    endloop
  endfacet
  facet normal 0 0 1
    outer loop
      vertex 0.19999980926513672 15.58218765258789 22
      vertex 0.3000001907348633 15.599998474121094 22
      vertex 0.26084232330322266 15.597432136535645 22
    endloop
  endfacet
  facet normal 0 0 1
    outer loop
      vertex 0.3000001907348633 15.599998474121094 22
      vertex 0.19999980926513672 15.58218765258789 22
      vertex 0.3000001907348633 14.5 22
    endloop
  endfacet
  facet normal 0 0 1
    outer loop
      vertex 0.19999980926513672 15.58218765258789 22
      vertex 0.26084232330322266 15.597432136535645 22
      vertex 0.22235488891601562 15.589776039123535 22
    endloop
  endfacet
  facet normal 0 0 1
    outer loop
      vertex 0.19999980926513672 14.517810821533203 22
      vertex 0.3000001907348633 14.5 22
      vertex 0.19999980926513672 15.58218765258789 22
    endloop
  endfacet
  facet normal 0 0 1
    outer loop
      vertex 0.3000001907348633 14.5 22
      vertex 0.19999980926513672 14.517810821533203 22
      vertex 0.26084232330322266 14.50256633758545 22
    endloop
  endfacet
  facet normal 0 0 1
    outer loop
      vertex 0.26084232330322266 14.50256633758545 22
      vertex 0.19999980926513672 14.517810821533203 22
      vertex 0.22235488891601562 14.510222434997559 22
    endloop
  endfacet
  facet normal 0 0 1
    outer loop
      vertex 11.210223197937012 13.772354125976562 22
      vertex 11.200000762939453 13.850000381469727 22
      vertex 11.202567100524902 13.810842514038086 22
    endloop
  endfacet
  facet normal 0 0 1
    outer loop
      vertex 0.19999980926513672 11.399999618530273 22
      vertex 0 11.699999809265137 22
      vertex 0 11.399999618530273 22
    endloop
  endfacet
  facet normal -0.19510186099747215 -0.98078298508657 0
    outer loop
      vertex 0.22235488891601562 14.510222434997559 2
      vertex 0.26084232330322266 14.50256633758545 22
      vertex 0.22235488891601562 14.510222434997559 22
    endloop
  endfacet
  facet normal -0.19510186099747215 -0.98078298508657 0
    outer loop
      vertex 0.26084232330322266 14.50256633758545 22
      vertex 0.22235488891601562 14.510222434997559 2
      vertex 0.26084232330322266 14.50256633758545 2
    endloop
  endfacet
  facet normal 0.8314628286207378 -0.5555803853827108 0
    outer loop
      vertex 12.938005447387695 14.617371559143066 22
      vertex 12.959807395935059 14.649999618530273 2
      vertex 12.959807395935059 14.649999618530273 22
    endloop
  endfacet
  facet normal 0.8314628286207378 -0.5555803853827108 0
    outer loop
      vertex 12.959807395935059 14.649999618530273 2
      vertex 12.938005447387695 14.617371559143066 22
      vertex 12.938005447387695 14.617371559143066 2
    endloop
  endfacet
  facet normal 0.9978575733264391 -0.06542372165407764 0
    outer loop
      vertex 12.997432708740234 14.760842323303223 22
      vertex 13 14.799999237060547 2
      vertex 13 14.799999237060547 22
    endloop
  endfacet
  facet normal 0.9978575733264391 -0.06542372165407764 0
    outer loop
      vertex 13 14.799999237060547 2
      vertex 12.997432708740234 14.760842323303223 22
      vertex 12.997432708740234 14.760842323303223 2
    endloop
  endfacet
  facet normal -0.8314628286207378 0.5555803853827108 0
    outer loop
      vertex 11.240192413330078 15.59999942779541 2
      vertex 11.261994361877441 15.632627487182617 22
      vertex 11.261994361877441 15.632627487182617 2
    endloop
  endfacet
  facet normal -0.8314628286207378 0.5555803853827108 0
    outer loop
      vertex 11.261994361877441 15.632627487182617 22
      vertex 11.240192413330078 15.59999942779541 2
      vertex 11.240192413330078 15.59999942779541 22
    endloop
  endfacet
  facet normal -0.9978592635656665 -0.06539793663553845 0
    outer loop
      vertex 11.202567100524902 13.810842514038086 2
      vertex 11.200000762939453 13.850000381469727 22
      vertex 11.200000762939453 13.850000381469727 2
    endloop
  endfacet
  facet normal -0.9978592635656665 -0.06539793663553845 0
    outer loop
      vertex 11.200000762939453 13.850000381469727 22
      vertex 11.202567100524902 13.810842514038086 2
      vertex 11.202567100524902 13.810842514038086 22
    endloop
  endfacet
  facet normal 0.7518400584894815 -0.6593455288773353 0
    outer loop
      vertex 12.71213150024414 13.63786792755127 22
      vertex 12.738005638122559 13.66737174987793 2
      vertex 12.738005638122559 13.66737174987793 22
    endloop
  endfacet
  facet normal 0.7518400584894815 -0.6593455288773353 0
    outer loop
      vertex 12.738005638122559 13.66737174987793 2
      vertex 12.71213150024414 13.63786792755127 22
      vertex 12.71213150024414 13.63786792755127 2
    endloop
  endfacet
  facet normal 0.06539952260272401 0.9978591596229078 0
    outer loop
      vertex 12.539156913757324 15.747432708740234 2
      vertex 12.5 15.749999046325684 22
      vertex 12.539156913757324 15.747432708740234 22
    endloop
  endfacet
  facet normal 0.06539952260272401 0.9978591596229078 0
    outer loop
      vertex 12.5 15.749999046325684 22
      vertex 12.539156913757324 15.747432708740234 2
      vertex 12.5 15.749999046325684 2
    endloop
  endfacet
  facet normal 0.9978592635656665 -0.06539793663553845 0
    outer loop
      vertex 12.797432899475098 13.810842514038086 22
      vertex 12.799999237060547 13.850000381469727 2
      vertex 12.799999237060547 13.850000381469727 22
    endloop
  endfacet
  facet normal 0.9978592635656665 -0.06539793663553845 0
    outer loop
      vertex 12.799999237060547 13.850000381469727 2
      vertex 12.797432899475098 13.810842514038086 22
      vertex 12.797432899475098 13.810842514038086 2
    endloop
  endfacet
  facet normal -0.19509721072675387 0.9807839101283424 0
    outer loop
      vertex 11.460843086242676 15.747432708740234 2
      vertex 11.422354698181152 15.739776611328125 22
      vertex 11.460843086242676 15.747432708740234 22
    endloop
  endfacet
  facet normal -0.19509721072675387 0.9807839101283424 0
    outer loop
      vertex 11.422354698181152 15.739776611328125 22
      vertex 11.460843086242676 15.747432708740234 2
      vertex 11.422354698181152 15.739776611328125 2
    endloop
  endfacet
  facet normal -0.06539952260272401 -0.9978591596229078 0
    outer loop
      vertex 11.460843086242676 13.552566528320312 2
      vertex 11.5 13.550000190734863 22
      vertex 11.460843086242676 13.552566528320312 22
    endloop
  endfacet
  facet normal -0.06539952260272401 -0.9978591596229078 0
    outer loop
      vertex 11.5 13.550000190734863 22
      vertex 11.460843086242676 13.552566528320312 2
      vertex 11.5 13.550000190734863 2
    endloop
  endfacet
  facet normal 0.8968865691743328 0.4422606494305079 0
    outer loop
      vertex 12.763457298278809 15.592597961425781 22
      vertex 12.759807586669922 15.59999942779541 2
      vertex 12.759807586669922 15.59999942779541 22
    endloop
  endfacet
  facet normal 0.8968865691743328 0.4422606494305079 0
    outer loop
      vertex 12.759807586669922 15.59999942779541 2
      vertex 12.763457298278809 15.592597961425781 22
      vertex 12.763457298278809 15.592597961425781 2
    endloop
  endfacet
  facet normal 0.8968778695392857 -0.44227829149831893 0
    outer loop
      vertex 12.759807586669922 13.699999809265137 22
      vertex 12.7771635055542 13.73519515991211 2
      vertex 12.7771635055542 13.73519515991211 22
    endloop
  endfacet
  facet normal 0.8968778695392857 -0.44227829149831893 0
    outer loop
      vertex 12.7771635055542 13.73519515991211 2
      vertex 12.759807586669922 13.699999809265137 22
      vertex 12.759807586669922 13.699999809265137 2
    endloop
  endfacet
  facet normal 0.19509721072675387 0.9807839101283424 0
    outer loop
      vertex 12.577645301818848 15.739776611328125 2
      vertex 12.539156913757324 15.747432708740234 22
      vertex 12.577645301818848 15.739776611328125 22
    endloop
  endfacet
  facet normal 0.19509721072675387 0.9807839101283424 0
    outer loop
      vertex 12.539156913757324 15.747432708740234 22
      vertex 12.577645301818848 15.739776611328125 2
      vertex 12.539156913757324 15.747432708740234 2
    endloop
  endfacet
  facet normal 0.5555635839563187 -0.8314740550261387 0
    outer loop
      vertex 12.649999618530273 13.590192794799805 2
      vertex 12.68262767791748 13.611993789672852 22
      vertex 12.649999618530273 13.590192794799805 22
    endloop
  endfacet
  facet normal 0.5555635839563187 -0.8314740550261387 0
    outer loop
      vertex 12.68262767791748 13.611993789672852 22
      vertex 12.649999618530273 13.590192794799805 2
      vertex 12.68262767791748 13.611993789672852 2
    endloop
  endfacet
  facet normal -0.06539952260272401 0.9978591596229078 0
    outer loop
      vertex 11.5 15.749999046325684 2
      vertex 11.460843086242676 15.747432708740234 22
      vertex 11.5 15.749999046325684 22
    endloop
  endfacet
  facet normal -0.06539952260272401 0.9978591596229078 0
    outer loop
      vertex 11.460843086242676 15.747432708740234 22
      vertex 11.5 15.749999046325684 2
      vertex 11.460843086242676 15.747432708740234 2
    endloop
  endfacet
  facet normal 1 0 0
    outer loop
      vertex 12.799999237060547 13.850000381469727 22
      vertex 12.799999237060547 14.517810821533203 2
      vertex 12.799999237060547 14.517810821533203 22
    endloop
  endfacet
  facet normal 1 0 0
    outer loop
      vertex 12.799999237060547 14.517810821533203 2
      vertex 12.799999237060547 13.850000381469727 22
      vertex 12.799999237060547 13.850000381469727 2
    endloop
  endfacet
  facet normal 0.4422978397405585 -0.8968682294299621 0
    outer loop
      vertex 12.6148042678833 13.572835922241211 2
      vertex 12.649999618530273 13.590192794799805 22
      vertex 12.6148042678833 13.572835922241211 22
    endloop
  endfacet
  facet normal 0.4422978397405585 -0.8968682294299621 0
    outer loop
      vertex 12.649999618530273 13.590192794799805 22
      vertex 12.6148042678833 13.572835922241211 2
      vertex 12.649999618530273 13.590192794799805 2
    endloop
  endfacet
  facet normal 0.6593455288773353 -0.7518400584894815 0
    outer loop
      vertex 12.68262767791748 13.611993789672852 2
      vertex 12.71213150024414 13.63786792755127 22
      vertex 12.68262767791748 13.611993789672852 22
    endloop
  endfacet
  facet normal 0.6593455288773353 -0.7518400584894815 0
    outer loop
      vertex 12.71213150024414 13.63786792755127 22
      vertex 12.68262767791748 13.611993789672852 2
      vertex 12.71213150024414 13.63786792755127 2
    endloop
  endfacet
  facet normal -1 0 0
    outer loop
      vertex 11.200000762939453 13.850000381469727 2
      vertex 11.200000762939453 14.5 22
      vertex 11.200000762939453 14.5 2
    endloop
  endfacet
  facet normal -1 0 0
    outer loop
      vertex 11.200000762939453 14.5 22
      vertex 11.200000762939453 13.850000381469727 2
      vertex 11.200000762939453 13.850000381469727 22
    endloop
  endfacet
  facet normal 0.8314628286207378 0.5555803853827108 0
    outer loop
      vertex 12.759807586669922 15.59999942779541 22
      vertex 12.738005638122559 15.632627487182617 2
      vertex 12.738005638122559 15.632627487182617 22
    endloop
  endfacet
  facet normal 0.8314628286207378 0.5555803853827108 0
    outer loop
      vertex 12.738005638122559 15.632627487182617 2
      vertex 12.759807586669922 15.59999942779541 22
      vertex 12.759807586669922 15.59999942779541 2
    endloop
  endfacet
  facet normal 0 -1 0
    outer loop
      vertex 11.5 13.550000190734863 2
      vertex 12.5 13.550000190734863 22
      vertex 11.5 13.550000190734863 22
    endloop
  endfacet
  facet normal 0 -1 0
    outer loop
      vertex 12.5 13.550000190734863 22
      vertex 11.5 13.550000190734863 2
      vertex 12.5 13.550000190734863 2
    endloop
  endfacet
  facet normal -0.9807839101283424 -0.19509721072675387 0
    outer loop
      vertex 11.210223197937012 13.772354125976562 2
      vertex 11.202567100524902 13.810842514038086 22
      vertex 11.202567100524902 13.810842514038086 2
    endloop
  endfacet
  facet normal -0.9807839101283424 -0.19509721072675387 0
    outer loop
      vertex 11.202567100524902 13.810842514038086 22
      vertex 11.210223197937012 13.772354125976562 2
      vertex 11.210223197937012 13.772354125976562 22
    endloop
  endfacet
  facet normal 0.32142866219269195 -0.9469337965882391 0
    outer loop
      vertex 12.577645301818848 13.560222625732422 2
      vertex 12.6148042678833 13.572835922241211 22
      vertex 12.577645301818848 13.560222625732422 22
    endloop
  endfacet
  facet normal 0.32142866219269195 -0.9469337965882391 0
    outer loop
      vertex 12.6148042678833 13.572835922241211 22
      vertex 12.577645301818848 13.560222625732422 2
      vertex 12.6148042678833 13.572835922241211 2
    endloop
  endfacet
  facet normal -0.4422978397405585 -0.8968682294299621 0
    outer loop
      vertex 11.350000381469727 13.590192794799805 2
      vertex 11.3851957321167 13.572835922241211 22
      vertex 11.350000381469727 13.590192794799805 22
    endloop
  endfacet
  facet normal -0.4422978397405585 -0.8968682294299621 0
    outer loop
      vertex 11.3851957321167 13.572835922241211 22
      vertex 11.350000381469727 13.590192794799805 2
      vertex 11.3851957321167 13.572835922241211 2
    endloop
  endfacet
  facet normal -0.9469337965882391 -0.32142866219269195 0
    outer loop
      vertex 11.2228364944458 13.73519515991211 2
      vertex 11.210223197937012 13.772354125976562 22
      vertex 11.210223197937012 13.772354125976562 2
    endloop
  endfacet
  facet normal -0.9469337965882391 -0.32142866219269195 0
    outer loop
      vertex 11.210223197937012 13.772354125976562 22
      vertex 11.2228364944458 13.73519515991211 2
      vertex 11.2228364944458 13.73519515991211 22
    endloop
  endfacet
  facet normal -0.7518400584894815 0.6593455288773353 0
    outer loop
      vertex 11.261994361877441 15.632627487182617 2
      vertex 11.28786849975586 15.662131309509277 22
      vertex 11.28786849975586 15.662131309509277 2
    endloop
  endfacet
  facet normal -0.7518400584894815 0.6593455288773353 0
    outer loop
      vertex 11.28786849975586 15.662131309509277 22
      vertex 11.261994361877441 15.632627487182617 2
      vertex 11.261994361877441 15.632627487182617 22
    endloop
  endfacet
  facet normal 0.19509721072675387 -0.9807839101283424 0
    outer loop
      vertex 12.539156913757324 13.552566528320312 2
      vertex 12.577645301818848 13.560222625732422 22
      vertex 12.539156913757324 13.552566528320312 22
    endloop
  endfacet
  facet normal 0.19509721072675387 -0.9807839101283424 0
    outer loop
      vertex 12.577645301818848 13.560222625732422 22
      vertex 12.539156913757324 13.552566528320312 2
      vertex 12.577645301818848 13.560222625732422 2
    endloop
  endfacet
  facet normal -0.6593455288773353 0.7518400584894815 0
    outer loop
      vertex 11.31737232208252 15.688005447387695 2
      vertex 11.28786849975586 15.662131309509277 22
      vertex 11.31737232208252 15.688005447387695 22
    endloop
  endfacet
  facet normal -0.6593455288773353 0.7518400584894815 0
    outer loop
      vertex 11.28786849975586 15.662131309509277 22
      vertex 11.31737232208252 15.688005447387695 2
      vertex 11.28786849975586 15.662131309509277 2
    endloop
  endfacet
  facet normal -0.8968778695392857 -0.44227829149831893 0
    outer loop
      vertex 11.240192413330078 13.699999809265137 2
      vertex 11.2228364944458 13.73519515991211 22
      vertex 11.2228364944458 13.73519515991211 2
    endloop
  endfacet
  facet normal -0.8968778695392857 -0.44227829149831893 0
    outer loop
      vertex 11.2228364944458 13.73519515991211 22
      vertex 11.240192413330078 13.699999809265137 2
      vertex 11.240192413330078 13.699999809265137 22
    endloop
  endfacet
  facet normal 0.7518400584894815 0.6593455288773353 0
    outer loop
      vertex 12.738005638122559 15.632627487182617 22
      vertex 12.71213150024414 15.662131309509277 2
      vertex 12.71213150024414 15.662131309509277 22
    endloop
  endfacet
  facet normal 0.7518400584894815 0.6593455288773353 0
    outer loop
      vertex 12.71213150024414 15.662131309509277 2
      vertex 12.738005638122559 15.632627487182617 22
      vertex 12.738005638122559 15.632627487182617 2
    endloop
  endfacet
  facet normal -0.8314628286207378 -0.5555803853827108 0
    outer loop
      vertex 11.261994361877441 13.66737174987793 2
      vertex 11.240192413330078 13.699999809265137 22
      vertex 11.240192413330078 13.699999809265137 2
    endloop
  endfacet
  facet normal -0.8314628286207378 -0.5555803853827108 0
    outer loop
      vertex 11.240192413330078 13.699999809265137 22
      vertex 11.261994361877441 13.66737174987793 2
      vertex 11.261994361877441 13.66737174987793 22
    endloop
  endfacet
  facet normal 0.9469337965882391 -0.32142866219269195 0
    outer loop
      vertex 12.7771635055542 13.73519515991211 22
      vertex 12.789776802062988 13.772354125976562 2
      vertex 12.789776802062988 13.772354125976562 22
    endloop
  endfacet
  facet normal 0.9469337965882391 -0.32142866219269195 0
    outer loop
      vertex 12.789776802062988 13.772354125976562 2
      vertex 12.7771635055542 13.73519515991211 22
      vertex 12.7771635055542 13.73519515991211 2
    endloop
  endfacet
  facet normal 0.06539952260272401 -0.9978591596229078 0
    outer loop
      vertex 12.5 13.550000190734863 2
      vertex 12.539156913757324 13.552566528320312 22
      vertex 12.5 13.550000190734863 22
    endloop
  endfacet
  facet normal 0.06539952260272401 -0.9978591596229078 0
    outer loop
      vertex 12.539156913757324 13.552566528320312 22
      vertex 12.5 13.550000190734863 2
      vertex 12.539156913757324 13.552566528320312 2
    endloop
  endfacet
  facet normal 0.8314628286207378 -0.5555803853827108 0
    outer loop
      vertex 12.738005638122559 13.66737174987793 22
      vertex 12.759807586669922 13.699999809265137 2
      vertex 12.759807586669922 13.699999809265137 22
    endloop
  endfacet
  facet normal 0.8314628286207378 -0.5555803853827108 0
    outer loop
      vertex 12.759807586669922 13.699999809265137 2
      vertex 12.738005638122559 13.66737174987793 22
      vertex 12.738005638122559 13.66737174987793 2
    endloop
  endfacet
  facet normal -1 0 0
    outer loop
      vertex 11.240192413330078 15.599998474121094 2
      vertex 11.240192413330078 15.59999942779541 22
      vertex 11.240192413330078 15.59999942779541 2
    endloop
  endfacet
  facet normal -1 0 0
    outer loop
      vertex 11.240192413330078 15.59999942779541 22
      vertex 11.240192413330078 15.599998474121094 2
      vertex 11.240192413330078 15.599998474121094 22
    endloop
  endfacet
  facet normal 0.4422978397405585 0.8968682294299621 0
    outer loop
      vertex 12.649999618530273 15.709806442260742 2
      vertex 12.6148042678833 15.727163314819336 22
      vertex 12.649999618530273 15.709806442260742 22
    endloop
  endfacet
  facet normal 0.4422978397405585 0.8968682294299621 0
    outer loop
      vertex 12.6148042678833 15.727163314819336 22
      vertex 12.649999618530273 15.709806442260742 2
      vertex 12.6148042678833 15.727163314819336 2
    endloop
  endfacet
  facet normal -0.6593455288773353 -0.7518400584894815 0
    outer loop
      vertex 11.28786849975586 13.63786792755127 2
      vertex 11.31737232208252 13.611993789672852 22
      vertex 11.28786849975586 13.63786792755127 22
    endloop
  endfacet
  facet normal -0.6593455288773353 -0.7518400584894815 0
    outer loop
      vertex 11.31737232208252 13.611993789672852 22
      vertex 11.28786849975586 13.63786792755127 2
      vertex 11.31737232208252 13.611993789672852 2
    endloop
  endfacet
  facet normal -0.32142866219269195 -0.9469337965882391 0
    outer loop
      vertex 11.3851957321167 13.572835922241211 2
      vertex 11.422354698181152 13.560222625732422 22
      vertex 11.3851957321167 13.572835922241211 22
    endloop
  endfacet
  facet normal -0.32142866219269195 -0.9469337965882391 0
    outer loop
      vertex 11.422354698181152 13.560222625732422 22
      vertex 11.3851957321167 13.572835922241211 2
      vertex 11.422354698181152 13.560222625732422 2
    endloop
  endfacet
  facet normal -0.5555635839563187 0.8314740550261387 0
    outer loop
      vertex 11.350000381469727 15.709806442260742 2
      vertex 11.31737232208252 15.688005447387695 22
      vertex 11.350000381469727 15.709806442260742 22
    endloop
  endfacet
  facet normal -0.5555635839563187 0.8314740550261387 0
    outer loop
      vertex 11.31737232208252 15.688005447387695 22
      vertex 11.350000381469727 15.709806442260742 2
      vertex 11.31737232208252 15.688005447387695 2
    endloop
  endfacet
  facet normal -0.19509721072675387 -0.9807839101283424 0
    outer loop
      vertex 11.422354698181152 13.560222625732422 2
      vertex 11.460843086242676 13.552566528320312 22
      vertex 11.422354698181152 13.560222625732422 22
    endloop
  endfacet
  facet normal -0.19509721072675387 -0.9807839101283424 0
    outer loop
      vertex 11.460843086242676 13.552566528320312 22
      vertex 11.422354698181152 13.560222625732422 2
      vertex 11.460843086242676 13.552566528320312 2
    endloop
  endfacet
  facet normal 0 1 0
    outer loop
      vertex 12.5 15.749999046325684 2
      vertex 11.5 15.749999046325684 22
      vertex 12.5 15.749999046325684 22
    endloop
  endfacet
  facet normal 0 1 0
    outer loop
      vertex 11.5 15.749999046325684 22
      vertex 12.5 15.749999046325684 2
      vertex 11.5 15.749999046325684 2
    endloop
  endfacet
  facet normal -0.7518400584894815 -0.6593455288773353 0
    outer loop
      vertex 11.28786849975586 13.63786792755127 2
      vertex 11.261994361877441 13.66737174987793 22
      vertex 11.261994361877441 13.66737174987793 2
    endloop
  endfacet
  facet normal -0.7518400584894815 -0.6593455288773353 0
    outer loop
      vertex 11.261994361877441 13.66737174987793 22
      vertex 11.28786849975586 13.63786792755127 2
      vertex 11.28786849975586 13.63786792755127 22
    endloop
  endfacet
  facet normal -0.4422978397405585 0.8968682294299621 0
    outer loop
      vertex 11.3851957321167 15.727163314819336 2
      vertex 11.350000381469727 15.709806442260742 22
      vertex 11.3851957321167 15.727163314819336 22
    endloop
  endfacet
  facet normal -0.4422978397405585 0.8968682294299621 0
    outer loop
      vertex 11.350000381469727 15.709806442260742 22
      vertex 11.3851957321167 15.727163314819336 2
      vertex 11.350000381469727 15.709806442260742 2
    endloop
  endfacet
  facet normal -0.5555635839563187 -0.8314740550261387 0
    outer loop
      vertex 11.31737232208252 13.611993789672852 2
      vertex 11.350000381469727 13.590192794799805 22
      vertex 11.31737232208252 13.611993789672852 22
    endloop
  endfacet
  facet normal -0.5555635839563187 -0.8314740550261387 0
    outer loop
      vertex 11.350000381469727 13.590192794799805 22
      vertex 11.31737232208252 13.611993789672852 2
      vertex 11.350000381469727 13.590192794799805 2
    endloop
  endfacet
  facet normal 0.9807839101283424 -0.19509721072675387 0
    outer loop
      vertex 12.789776802062988 13.772354125976562 22
      vertex 12.797432899475098 13.810842514038086 2
      vertex 12.797432899475098 13.810842514038086 22
    endloop
  endfacet
  facet normal 0.9807839101283424 -0.19509721072675387 0
    outer loop
      vertex 12.797432899475098 13.810842514038086 2
      vertex 12.789776802062988 13.772354125976562 22
      vertex 12.789776802062988 13.772354125976562 2
    endloop
  endfacet
  facet normal 0.32142866219269195 0.9469337965882391 0
    outer loop
      vertex 12.6148042678833 15.727163314819336 2
      vertex 12.577645301818848 15.739776611328125 22
      vertex 12.6148042678833 15.727163314819336 22
    endloop
  endfacet
  facet normal 0.32142866219269195 0.9469337965882391 0
    outer loop
      vertex 12.577645301818848 15.739776611328125 22
      vertex 12.6148042678833 15.727163314819336 2
      vertex 12.577645301818848 15.739776611328125 2
    endloop
  endfacet
  facet normal -0.32142866219269195 0.9469337965882391 0
    outer loop
      vertex 11.422354698181152 15.739776611328125 2
      vertex 11.3851957321167 15.727163314819336 22
      vertex 11.422354698181152 15.739776611328125 22
    endloop
  endfacet
  facet normal -0.32142866219269195 0.9469337965882391 0
    outer loop
      vertex 11.3851957321167 15.727163314819336 22
      vertex 11.422354698181152 15.739776611328125 2
      vertex 11.3851957321167 15.727163314819336 2
    endloop
  endfacet
  facet normal 0.5555635839563187 0.8314740550261387 0
    outer loop
      vertex 12.68262767791748 15.688005447387695 2
      vertex 12.649999618530273 15.709806442260742 22
      vertex 12.68262767791748 15.688005447387695 22
    endloop
  endfacet
  facet normal 0.5555635839563187 0.8314740550261387 0
    outer loop
      vertex 12.649999618530273 15.709806442260742 22
      vertex 12.68262767791748 15.688005447387695 2
      vertex 12.649999618530273 15.709806442260742 2
    endloop
  endfacet
  facet normal 0.6593455288773353 0.7518400584894815 0
    outer loop
      vertex 12.71213150024414 15.662131309509277 2
      vertex 12.68262767791748 15.688005447387695 22
      vertex 12.71213150024414 15.662131309509277 22
    endloop
  endfacet
  facet normal 0.6593455288773353 0.7518400584894815 0
    outer loop
      vertex 12.68262767791748 15.688005447387695 22
      vertex 12.71213150024414 15.662131309509277 2
      vertex 12.68262767791748 15.688005447387695 2
    endloop
  endfacet
  facet normal 1 0 0
    outer loop
      vertex 0.19999980926513672 15.58218765258789 22
      vertex 0.19999980926513672 15.899999618530273 2
      vertex 0.19999980926513672 15.899999618530273 22
    endloop
  endfacet
  facet normal 1 0 0
    outer loop
      vertex 0.19999980926513672 15.899999618530273 2
      vertex 0.19999980926513672 15.58218765258789 22
      vertex 0.19999980926513672 15.58218765258789 2
    endloop
  endfacet
  facet normal 1 0 0
    outer loop
      vertex 0.19999980926513672 11.399999618530273 22
      vertex 0.19999980926513672 14.517810821533203 2
      vertex 0.19999980926513672 14.517810821533203 22
    endloop
  endfacet
  facet normal 1 0 0
    outer loop
      vertex 0.19999980926513672 14.517810821533203 2
      vertex 0.19999980926513672 11.399999618530273 22
      vertex 0.19999980926513672 11.399999618530273 2
    endloop
  endfacet
  facet normal -1 0 0
    outer loop
      vertex -3 11.446742057800293 2
      vertex -3 15.899999618530273 22
      vertex -3 15.899999618530273 2
    endloop
  endfacet
  facet normal -1 0 0
    outer loop
      vertex -3 15.899999618530273 22
      vertex -3 11.446742057800293 2
      vertex -3 11.446742057800293 22
    endloop
  endfacet
  facet normal 0 1 0
    outer loop
      vertex 0.19999980926513672 15.899999618530273 2
      vertex -3 15.899999618530273 22
      vertex 0.19999980926513672 15.899999618530273 22
    endloop
  endfacet
  facet normal 0 1 0
    outer loop
      vertex -3 15.899999618530273 22
      vertex 0.19999980926513672 15.899999618530273 2
      vertex -3 15.899999618530273 2
    endloop
  endfacet
  facet normal 0 -1 0
    outer loop
      vertex 0 11.399999618530273 2
      vertex 0.19999980926513672 11.399999618530273 22
      vertex 0 11.399999618530273 22
    endloop
  endfacet
  facet normal 0 -1 0
    outer loop
      vertex 0.19999980926513672 11.399999618530273 22
      vertex 0 11.399999618530273 2
      vertex 0.19999980926513672 11.399999618530273 2
    endloop
  endfacet
  facet normal 0 0 1
    outer loop
      vertex -5 10.529999732971191 18.900001525878906
      vertex -5.075145721435547 8.705535888671875 18.900001525878906
      vertex -5 8.729918479919434 18.900001525878906
    endloop
  endfacet
  facet normal 0 0 1
    outer loop
      vertex -6.1720051765441895 10.529999732971191 18.900001525878906
      vertex -5.075145721435547 8.705535888671875 18.900001525878906
      vertex -5 10.529999732971191 18.900001525878906
    endloop
  endfacet
  facet normal 0 0 1
    outer loop
      vertex -5.075145721435547 8.705535888671875 18.900001525878906
      vertex -6.1720051765441895 10.529999732971191 18.900001525878906
      vertex -5.656853675842285 8.474873542785645 18.900001525878906
    endloop
  endfacet
  facet normal 0 0 1
    outer loop
      vertex -6.470810890197754 10.406159400939941 18.900001525878906
      vertex -5.656853675842285 8.474873542785645 18.900001525878906
      vertex -6.1720051765441895 10.529999732971191 18.900001525878906
    endloop
  endfacet
  facet normal 0 0 1
    outer loop
      vertex -5.656853675842285 8.474873542785645 18.900001525878906
      vertex -6.470810890197754 10.406159400939941 18.900001525878906
      vertex -6.184082984924316 8.220376014709473 18.900001525878906
    endloop
  endfacet
  facet normal 0 0 1
    outer loop
      vertex -7.212489128112793 10.030508041381836 18.900001525878906
      vertex -6.184082984924316 8.220376014709473 18.900001525878906
      vertex -6.470810890197754 10.406159400939941 18.900001525878906
    endloop
  endfacet
  facet normal 0 0 1
    outer loop
      vertex -6.184082984924316 8.220376014709473 18.900001525878906
      vertex -7.212489128112793 10.030508041381836 18.900001525878906
      vertex -6.651756286621094 7.94449520111084 18.900001525878906
    endloop
  endfacet
  facet normal 0 0 1
    outer loop
      vertex -7.884706497192383 9.61604118347168 18.900001525878906
      vertex -6.651756286621094 7.94449520111084 18.900001525878906
      vertex -7.212489128112793 10.030508041381836 18.900001525878906
    endloop
  endfacet
  facet normal 0 0 1
    outer loop
      vertex -6.651756286621094 7.94449520111084 18.900001525878906
      vertex -7.884706497192383 9.61604118347168 18.900001525878906
      vertex -7.0553693771362305 7.649888038635254 18.900001525878906
    endloop
  endfacet
  facet normal 0 0 1
    outer loop
      vertex -8.480989456176758 9.166749954223633 18.900001525878906
      vertex -7.0553693771362305 7.649888038635254 18.900001525878906
      vertex -7.884706497192383 9.61604118347168 18.900001525878906
    endloop
  endfacet
  facet normal 0 0 1
    outer loop
      vertex -7.0553693771362305 7.649888038635254 18.900001525878906
      vertex -8.480989456176758 9.166749954223633 18.900001525878906
      vertex -7.391036033630371 7.339391708374023 18.900001525878906
    endloop
  endfacet
  facet normal 0 0 1
    outer loop
      vertex -8.995596885681152 8.68696117401123 18.900001525878906
      vertex -7.391036033630371 7.339391708374023 18.900001525878906
      vertex -8.480989456176758 9.166749954223633 18.900001525878906
    endloop
  endfacet
  facet normal 0 0 1
    outer loop
      vertex -7.391036033630371 7.339391708374023 18.900001525878906
      vertex -8.995596885681152 8.68696117401123 18.900001525878906
      vertex -7.655522346496582 7.015995979309082 18.900001525878906
    endloop
  endfacet
  facet normal 0 0 1
    outer loop
      vertex -9.42357063293457 8.181295394897461 18.900001525878906
      vertex -7.655522346496582 7.015995979309082 18.900001525878906
      vertex -8.995596885681152 8.68696117401123 18.900001525878906
    endloop
  endfacet
  facet normal 0 0 1
    outer loop
      vertex -7.655522346496582 7.015995979309082 18.900001525878906
      vertex -9.42357063293457 8.181295394897461 18.900001525878906
      vertex -7.846282005310059 6.6828155517578125 18.900001525878906
    endloop
  endfacet
  facet normal 0 0 1
    outer loop
      vertex -9.760790824890137 7.6546220779418945 18.900001525878906
      vertex -7.846282005310059 6.6828155517578125 18.900001525878906
      vertex -9.42357063293457 8.181295394897461 18.900001525878906
    endloop
  endfacet
  facet normal 0 0 1
    outer loop
      vertex -10.004009246826172 7.1120147705078125 18.900001525878906
      vertex -7.846282005310059 6.6828155517578125 18.900001525878906
      vertex -9.760790824890137 7.6546220779418945 18.900001525878906
    endloop
  endfacet
  facet normal 0 0 1
    outer loop
      vertex -7.846282005310059 6.6828155517578125 18.900001525878906
      vertex -10.004009246826172 7.1120147705078125 18.900001525878906
      vertex -7.961477279663086 6.343059539794922 18.900001525878906
    endloop
  endfacet
  facet normal 0 0 1
    outer loop
      vertex -7.961477279663086 6.343059539794922 18.900001525878906
      vertex -10.150883674621582 6.558697700500488 18.900001525878906
      vertex -8 6 18.900001525878906
    endloop
  endfacet
  facet normal 0 0 1
    outer loop
      vertex -10.150883674621582 6.558697700500488 18.900001525878906
      vertex -7.961477279663086 6.343059539794922 18.900001525878906
      vertex -10.004009246826172 7.1120147705078125 18.900001525878906
    endloop
  endfacet
  facet normal 0 0 1
    outer loop
      vertex -9.299999237060547 -4 18.900001525878906
      vertex -8 -6 18.900001525878906
      vertex -8 -4 18.900001525878906
    endloop
  endfacet
  facet normal 0 0 1
    outer loop
      vertex -8 -6 18.900001525878906
      vertex -8.995596885681152 -8.68696117401123 18.900001525878906
      vertex -8.480989456176758 -9.166749954223633 18.900001525878906
    endloop
  endfacet
  facet normal 0 0 1
    outer loop
      vertex -8 -6 18.900001525878906
      vertex -9.299999237060547 -4 18.900001525878906
      vertex -10.199999809265137 -6 18.900001525878906
    endloop
  endfacet
  facet normal 0 0 1
    outer loop
      vertex -8 -6 18.900001525878906
      vertex -9.42357063293457 -8.181295394897461 18.900001525878906
      vertex -8.995596885681152 -8.68696117401123 18.900001525878906
    endloop
  endfacet
  facet normal 0 0 1
    outer loop
      vertex -9.299999237060547 4 18.900001525878906
      vertex -10.199999809265137 6 18.900001525878906
      vertex -9.299999237060547 -4 18.900001525878906
    endloop
  endfacet
  facet normal 0 0 1
    outer loop
      vertex -10.199999809265137 6 18.900001525878906
      vertex -8 6 18.900001525878906
      vertex -10.150883674621582 6.558697700500488 18.900001525878906
    endloop
  endfacet
  facet normal 0 0 1
    outer loop
      vertex -10.199999809265137 -6 18.900001525878906
      vertex -9.299999237060547 -4 18.900001525878906
      vertex -10.199999809265137 6 18.900001525878906
    endloop
  endfacet
  facet normal 0 0 1
    outer loop
      vertex -9.299999237060547 4 18.900001525878906
      vertex -8 6 18.900001525878906
      vertex -10.199999809265137 6 18.900001525878906
    endloop
  endfacet
  facet normal 0 0 1
    outer loop
      vertex -8 -6 18.900001525878906
      vertex -10.199999809265137 -6 18.900001525878906
      vertex -10.150883674621582 -6.558697700500488 18.900001525878906
    endloop
  endfacet
  facet normal 0 0 1
    outer loop
      vertex -8 6 18.900001525878906
      vertex -9.299999237060547 4 18.900001525878906
      vertex -8 4 18.900001525878906
    endloop
  endfacet
  facet normal 0 0 1
    outer loop
      vertex -8 -6 18.900001525878906
      vertex -9.760790824890137 -7.6546220779418945 18.900001525878906
      vertex -9.42357063293457 -8.181295394897461 18.900001525878906
    endloop
  endfacet
  facet normal 0 0 1
    outer loop
      vertex -8 -6 18.900001525878906
      vertex -10.004009246826172 -7.1120147705078125 18.900001525878906
      vertex -9.760790824890137 -7.6546220779418945 18.900001525878906
    endloop
  endfacet
  facet normal 0 0 1
    outer loop
      vertex -8 -6 18.900001525878906
      vertex -10.150883674621582 -6.558697700500488 18.900001525878906
      vertex -10.004009246826172 -7.1120147705078125 18.900001525878906
    endloop
  endfacet
  facet normal 0 0 1
    outer loop
      vertex -5.075145721435547 -8.705535888671875 18.900001525878906
      vertex -5 -10.529999732971191 18.900001525878906
      vertex -5 -8.729918479919434 18.900001525878906
    endloop
  endfacet
  facet normal 0 0 1
    outer loop
      vertex -6.1720051765441895 -10.529999732971191 18.900001525878906
      vertex -5.075145721435547 -8.705535888671875 18.900001525878906
      vertex -5.656853675842285 -8.474873542785645 18.900001525878906
    endloop
  endfacet
  facet normal 0 0 1
    outer loop
      vertex -5.075145721435547 -8.705535888671875 18.900001525878906
      vertex -6.1720051765441895 -10.529999732971191 18.900001525878906
      vertex -5 -10.529999732971191 18.900001525878906
    endloop
  endfacet
  facet normal 0 0 1
    outer loop
      vertex -6.470810890197754 -10.406159400939941 18.900001525878906
      vertex -5.656853675842285 -8.474873542785645 18.900001525878906
      vertex -6.184082984924316 -8.220376014709473 18.900001525878906
    endloop
  endfacet
  facet normal 0 0 1
    outer loop
      vertex -5.656853675842285 -8.474873542785645 18.900001525878906
      vertex -6.470810890197754 -10.406159400939941 18.900001525878906
      vertex -6.1720051765441895 -10.529999732971191 18.900001525878906
    endloop
  endfacet
  facet normal 0 0 1
    outer loop
      vertex -7.212489128112793 -10.030508041381836 18.900001525878906
      vertex -6.184082984924316 -8.220376014709473 18.900001525878906
      vertex -6.651756286621094 -7.94449520111084 18.900001525878906
    endloop
  endfacet
  facet normal 0 0 1
    outer loop
      vertex -7.884706497192383 -9.61604118347168 18.900001525878906
      vertex -6.651756286621094 -7.94449520111084 18.900001525878906
      vertex -7.0553693771362305 -7.649888038635254 18.900001525878906
    endloop
  endfacet
  facet normal 0 0 1
    outer loop
      vertex -6.184082984924316 -8.220376014709473 18.900001525878906
      vertex -7.212489128112793 -10.030508041381836 18.900001525878906
      vertex -6.470810890197754 -10.406159400939941 18.900001525878906
    endloop
  endfacet
  facet normal 0 0 1
    outer loop
      vertex -8.480989456176758 -9.166749954223633 18.900001525878906
      vertex -7.0553693771362305 -7.649888038635254 18.900001525878906
      vertex -7.391036033630371 -7.339391708374023 18.900001525878906
    endloop
  endfacet
  facet normal 0 0 1
    outer loop
      vertex -8.480989456176758 -9.166749954223633 18.900001525878906
      vertex -7.391036033630371 -7.339391708374023 18.900001525878906
      vertex -7.655522346496582 -7.015995979309082 18.900001525878906
    endloop
  endfacet
  facet normal 0 0 1
    outer loop
      vertex -8.480989456176758 -9.166749954223633 18.900001525878906
      vertex -7.655522346496582 -7.015995979309082 18.900001525878906
      vertex -7.846282005310059 -6.6828155517578125 18.900001525878906
    endloop
  endfacet
  facet normal 0 0 1
    outer loop
      vertex -6.651756286621094 -7.94449520111084 18.900001525878906
      vertex -7.884706497192383 -9.61604118347168 18.900001525878906
      vertex -7.212489128112793 -10.030508041381836 18.900001525878906
    endloop
  endfacet
  facet normal 0 0 1
    outer loop
      vertex -8.480989456176758 -9.166749954223633 18.900001525878906
      vertex -7.846282005310059 -6.6828155517578125 18.900001525878906
      vertex -7.961477279663086 -6.343059539794922 18.900001525878906
    endloop
  endfacet
  facet normal 0 0 1
    outer loop
      vertex -8.480989456176758 -9.166749954223633 18.900001525878906
      vertex -7.961477279663086 -6.343059539794922 18.900001525878906
      vertex -8 -6 18.900001525878906
    endloop
  endfacet
  facet normal 0 0 1
    outer loop
      vertex -7.0553693771362305 -7.649888038635254 18.900001525878906
      vertex -8.480989456176758 -9.166749954223633 18.900001525878906
      vertex -7.884706497192383 -9.61604118347168 18.900001525878906
    endloop
  endfacet
  facet normal -1 0 0
    outer loop
      vertex -5 8.729918479919434 18.900001525878906
      vertex -5 10.529999732971191 22.100000381469727
      vertex -5 10.529999732971191 18.900001525878906
    endloop
  endfacet
  facet normal -1 0 0
    outer loop
      vertex -5 10.529999732971191 22.100000381469727
      vertex -5 8.729918479919434 18.900001525878906
      vertex -5 8.729918479919434 22.100000381469727
    endloop
  endfacet
  facet normal -1 0 0
    outer loop
      vertex -5 -10.529999732971191 18.900001525878906
      vertex -5 -8.729918479919434 22.100000381469727
      vertex -5 -8.729918479919434 18.900001525878906
    endloop
  endfacet
  facet normal -1 0 0
    outer loop
      vertex -5 -8.729918479919434 22.100000381469727
      vertex -5 -10.529999732971191 18.900001525878906
      vertex -5 -10.529999732971191 22.100000381469727
    endloop
  endfacet
  facet normal 0 0 -1
    outer loop
      vertex -5 -10.529999732971191 22.100000381469727
      vertex -5.075145721435547 -8.705535888671875 22.100000381469727
      vertex -5 -8.729918479919434 22.100000381469727
    endloop
  endfacet
  facet normal 0 0 -1
    outer loop
      vertex -6.1720051765441895 -10.529999732971191 22.100000381469727
      vertex -5.075145721435547 -8.705535888671875 22.100000381469727
      vertex -5 -10.529999732971191 22.100000381469727
    endloop
  endfacet
  facet normal 0 0 -1
    outer loop
      vertex -5.075145721435547 -8.705535888671875 22.100000381469727
      vertex -6.1720051765441895 -10.529999732971191 22.100000381469727
      vertex -5.656853675842285 -8.474873542785645 22.100000381469727
    endloop
  endfacet
  facet normal 0 0 -1
    outer loop
      vertex -6.470810890197754 -10.406159400939941 22.100000381469727
      vertex -5.656853675842285 -8.474873542785645 22.100000381469727
      vertex -6.1720051765441895 -10.529999732971191 22.100000381469727
    endloop
  endfacet
  facet normal 0 0 -1
    outer loop
      vertex -5.656853675842285 -8.474873542785645 22.100000381469727
      vertex -6.470810890197754 -10.406159400939941 22.100000381469727
      vertex -6.184082984924316 -8.220376014709473 22.100000381469727
    endloop
  endfacet
  facet normal 0 0 -1
    outer loop
      vertex -7.212489128112793 -10.030508041381836 22.100000381469727
      vertex -6.184082984924316 -8.220376014709473 22.100000381469727
      vertex -6.470810890197754 -10.406159400939941 22.100000381469727
    endloop
  endfacet
  facet normal 0 0 -1
    outer loop
      vertex -6.184082984924316 -8.220376014709473 22.100000381469727
      vertex -7.212489128112793 -10.030508041381836 22.100000381469727
      vertex -6.651756286621094 -7.94449520111084 22.100000381469727
    endloop
  endfacet
  facet normal 0 0 -1
    outer loop
      vertex -7.884706497192383 -9.61604118347168 22.100000381469727
      vertex -6.651756286621094 -7.94449520111084 22.100000381469727
      vertex -7.212489128112793 -10.030508041381836 22.100000381469727
    endloop
  endfacet
  facet normal 0 0 -1
    outer loop
      vertex -6.651756286621094 -7.94449520111084 22.100000381469727
      vertex -7.884706497192383 -9.61604118347168 22.100000381469727
      vertex -7.0553693771362305 -7.649888038635254 22.100000381469727
    endloop
  endfacet
  facet normal 0 0 -1
    outer loop
      vertex -8.480989456176758 -9.166749954223633 22.100000381469727
      vertex -7.0553693771362305 -7.649888038635254 22.100000381469727
      vertex -7.884706497192383 -9.61604118347168 22.100000381469727
    endloop
  endfacet
  facet normal 0 0 -1
    outer loop
      vertex -7.0553693771362305 -7.649888038635254 22.100000381469727
      vertex -8.480989456176758 -9.166749954223633 22.100000381469727
      vertex -7.391036033630371 -7.339391708374023 22.100000381469727
    endloop
  endfacet
  facet normal 0 0 -1
    outer loop
      vertex -8.995596885681152 -8.68696117401123 22.100000381469727
      vertex -7.391036033630371 -7.339391708374023 22.100000381469727
      vertex -8.480989456176758 -9.166749954223633 22.100000381469727
    endloop
  endfacet
  facet normal 0 0 -1
    outer loop
      vertex -7.391036033630371 -7.339391708374023 22.100000381469727
      vertex -8.995596885681152 -8.68696117401123 22.100000381469727
      vertex -7.655522346496582 -7.015995979309082 22.100000381469727
    endloop
  endfacet
  facet normal 0 0 -1
    outer loop
      vertex -9.42357063293457 -8.181295394897461 22.100000381469727
      vertex -7.655522346496582 -7.015995979309082 22.100000381469727
      vertex -8.995596885681152 -8.68696117401123 22.100000381469727
    endloop
  endfacet
  facet normal 0 0 -1
    outer loop
      vertex -7.655522346496582 -7.015995979309082 22.100000381469727
      vertex -9.42357063293457 -8.181295394897461 22.100000381469727
      vertex -7.846282005310059 -6.6828155517578125 22.100000381469727
    endloop
  endfacet
  facet normal 0 0 -1
    outer loop
      vertex -9.760790824890137 -7.6546220779418945 22.100000381469727
      vertex -7.846282005310059 -6.6828155517578125 22.100000381469727
      vertex -9.42357063293457 -8.181295394897461 22.100000381469727
    endloop
  endfacet
  facet normal 0 0 -1
    outer loop
      vertex -10.004009246826172 -7.1120147705078125 22.100000381469727
      vertex -7.846282005310059 -6.6828155517578125 22.100000381469727
      vertex -9.760790824890137 -7.6546220779418945 22.100000381469727
    endloop
  endfacet
  facet normal 0 0 -1
    outer loop
      vertex -9.199999809265137 -1.0999994277954102 22.100000381469727
      vertex -8 -6 22.100000381469727
      vertex -10.199999809265137 -6 22.100000381469727
    endloop
  endfacet
  facet normal 0 0 -1
    outer loop
      vertex -8 -6 22.100000381469727
      vertex -9.199999809265137 -1.0999994277954102 22.100000381469727
      vertex -8 -1.0999994277954102 22.100000381469727
    endloop
  endfacet
  facet normal 0 0 -1
    outer loop
      vertex -7.846282005310059 -6.6828155517578125 22.100000381469727
      vertex -10.004009246826172 -7.1120147705078125 22.100000381469727
      vertex -7.961477279663086 -6.343059539794922 22.100000381469727
    endloop
  endfacet
  facet normal 0 0 -1
    outer loop
      vertex -9.199999809265137 1.0999994277954102 22.100000381469727
      vertex -8 6 22.100000381469727
      vertex -8 1.0999994277954102 22.100000381469727
    endloop
  endfacet
  facet normal 0 0 -1
    outer loop
      vertex -10.150883674621582 6.558697700500488 22.100000381469727
      vertex -8 6 22.100000381469727
      vertex -10.199999809265137 6 22.100000381469727
    endloop
  endfacet
  facet normal 0 0 -1
    outer loop
      vertex -8 6 22.100000381469727
      vertex -9.199999809265137 1.0999994277954102 22.100000381469727
      vertex -10.199999809265137 6 22.100000381469727
    endloop
  endfacet
  facet normal 0 0 -1
    outer loop
      vertex -8 6 22.100000381469727
      vertex -8.995596885681152 8.68696117401123 22.100000381469727
      vertex -8.480989456176758 9.166749954223633 22.100000381469727
    endloop
  endfacet
  facet normal 0 0 -1
    outer loop
      vertex -9.199999809265137 -1.0999994277954102 22.100000381469727
      vertex -10.199999809265137 -6 22.100000381469727
      vertex -9.199999809265137 1.0999994277954102 22.100000381469727
    endloop
  endfacet
  facet normal 0 0 -1
    outer loop
      vertex -10.150883674621582 -6.558697700500488 22.100000381469727
      vertex -7.961477279663086 -6.343059539794922 22.100000381469727
      vertex -10.004009246826172 -7.1120147705078125 22.100000381469727
    endloop
  endfacet
  facet normal 0 0 -1
    outer loop
      vertex -10.199999809265137 6 22.100000381469727
      vertex -9.199999809265137 1.0999994277954102 22.100000381469727
      vertex -10.199999809265137 -6 22.100000381469727
    endloop
  endfacet
  facet normal 0 0 -1
    outer loop
      vertex -7.961477279663086 -6.343059539794922 22.100000381469727
      vertex -10.150883674621582 -6.558697700500488 22.100000381469727
      vertex -8 -6 22.100000381469727
    endloop
  endfacet
  facet normal 0 0 -1
    outer loop
      vertex -8 6 22.100000381469727
      vertex -9.42357063293457 8.181295394897461 22.100000381469727
      vertex -8.995596885681152 8.68696117401123 22.100000381469727
    endloop
  endfacet
  facet normal 0 0 -1
    outer loop
      vertex -8 -6 22.100000381469727
      vertex -10.150883674621582 -6.558697700500488 22.100000381469727
      vertex -10.199999809265137 -6 22.100000381469727
    endloop
  endfacet
  facet normal 0 0 -1
    outer loop
      vertex -8 6 22.100000381469727
      vertex -9.760790824890137 7.6546220779418945 22.100000381469727
      vertex -9.42357063293457 8.181295394897461 22.100000381469727
    endloop
  endfacet
  facet normal 0 0 -1
    outer loop
      vertex -8 6 22.100000381469727
      vertex -10.004009246826172 7.1120147705078125 22.100000381469727
      vertex -9.760790824890137 7.6546220779418945 22.100000381469727
    endloop
  endfacet
  facet normal 0 0 -1
    outer loop
      vertex -8 6 22.100000381469727
      vertex -10.150883674621582 6.558697700500488 22.100000381469727
      vertex -10.004009246826172 7.1120147705078125 22.100000381469727
    endloop
  endfacet
  facet normal 0 0 -1
    outer loop
      vertex -5.075145721435547 8.705535888671875 22.100000381469727
      vertex -5 10.529999732971191 22.100000381469727
      vertex -5 8.729918479919434 22.100000381469727
    endloop
  endfacet
  facet normal 0 0 -1
    outer loop
      vertex -6.1720051765441895 10.529999732971191 22.100000381469727
      vertex -5.075145721435547 8.705535888671875 22.100000381469727
      vertex -5.656853675842285 8.474873542785645 22.100000381469727
    endloop
  endfacet
  facet normal 0 0 -1
    outer loop
      vertex -5.075145721435547 8.705535888671875 22.100000381469727
      vertex -6.1720051765441895 10.529999732971191 22.100000381469727
      vertex -5 10.529999732971191 22.100000381469727
    endloop
  endfacet
  facet normal 0 0 -1
    outer loop
      vertex -6.470810890197754 10.406159400939941 22.100000381469727
      vertex -5.656853675842285 8.474873542785645 22.100000381469727
      vertex -6.184082984924316 8.220376014709473 22.100000381469727
    endloop
  endfacet
  facet normal 0 0 -1
    outer loop
      vertex -5.656853675842285 8.474873542785645 22.100000381469727
      vertex -6.470810890197754 10.406159400939941 22.100000381469727
      vertex -6.1720051765441895 10.529999732971191 22.100000381469727
    endloop
  endfacet
  facet normal 0 0 -1
    outer loop
      vertex -7.212489128112793 10.030508041381836 22.100000381469727
      vertex -6.184082984924316 8.220376014709473 22.100000381469727
      vertex -6.651756286621094 7.94449520111084 22.100000381469727
    endloop
  endfacet
  facet normal 0 0 -1
    outer loop
      vertex -7.884706497192383 9.61604118347168 22.100000381469727
      vertex -6.651756286621094 7.94449520111084 22.100000381469727
      vertex -7.0553693771362305 7.649888038635254 22.100000381469727
    endloop
  endfacet
  facet normal 0 0 -1
    outer loop
      vertex -6.184082984924316 8.220376014709473 22.100000381469727
      vertex -7.212489128112793 10.030508041381836 22.100000381469727
      vertex -6.470810890197754 10.406159400939941 22.100000381469727
    endloop
  endfacet
  facet normal 0 0 -1
    outer loop
      vertex -8.480989456176758 9.166749954223633 22.100000381469727
      vertex -7.0553693771362305 7.649888038635254 22.100000381469727
      vertex -7.391036033630371 7.339391708374023 22.100000381469727
    endloop
  endfacet
  facet normal 0 0 -1
    outer loop
      vertex -8.480989456176758 9.166749954223633 22.100000381469727
      vertex -7.391036033630371 7.339391708374023 22.100000381469727
      vertex -7.655522346496582 7.015995979309082 22.100000381469727
    endloop
  endfacet
  facet normal 0 0 -1
    outer loop
      vertex -8.480989456176758 9.166749954223633 22.100000381469727
      vertex -7.655522346496582 7.015995979309082 22.100000381469727
      vertex -7.846282005310059 6.6828155517578125 22.100000381469727
    endloop
  endfacet
  facet normal 0 0 -1
    outer loop
      vertex -6.651756286621094 7.94449520111084 22.100000381469727
      vertex -7.884706497192383 9.61604118347168 22.100000381469727
      vertex -7.212489128112793 10.030508041381836 22.100000381469727
    endloop
  endfacet
  facet normal 0 0 -1
    outer loop
      vertex -8.480989456176758 9.166749954223633 22.100000381469727
      vertex -7.846282005310059 6.6828155517578125 22.100000381469727
      vertex -7.961477279663086 6.343059539794922 22.100000381469727
    endloop
  endfacet
  facet normal 0 0 -1
    outer loop
      vertex -8.480989456176758 9.166749954223633 22.100000381469727
      vertex -7.961477279663086 6.343059539794922 22.100000381469727
      vertex -8 6 22.100000381469727
    endloop
  endfacet
  facet normal 0 0 -1
    outer loop
      vertex -7.0553693771362305 7.649888038635254 22.100000381469727
      vertex -8.480989456176758 9.166749954223633 22.100000381469727
      vertex -7.884706497192383 9.61604118347168 22.100000381469727
    endloop
  endfacet
  facet normal 0 -1 0
    outer loop
      vertex -6.1720051765441895 10.529999732971191 18.900001525878906
      vertex -5 10.529999732971191 22.100000381469727
      vertex -6.1720051765441895 10.529999732971191 22.100000381469727
    endloop
  endfacet
  facet normal 0 -1 0
    outer loop
      vertex -5 10.529999732971191 22.100000381469727
      vertex -6.1720051765441895 10.529999732971191 18.900001525878906
      vertex -5 10.529999732971191 18.900001525878906
    endloop
  endfacet
  facet normal 0 1 0
    outer loop
      vertex -5 -10.529999732971191 18.900001525878906
      vertex -6.1720051765441895 -10.529999732971191 22.100000381469727
      vertex -5 -10.529999732971191 22.100000381469727
    endloop
  endfacet
  facet normal 0 1 0
    outer loop
      vertex -6.1720051765441895 -10.529999732971191 22.100000381469727
      vertex -5 -10.529999732971191 18.900001525878906
      vertex -6.1720051765441895 -10.529999732971191 18.900001525878906
    endloop
  endfacet
  facet normal 0 0 1
    outer loop
      vertex -5 10.529999732971191 1.9000005722045898
      vertex -5.075145721435547 8.705535888671875 1.9000005722045898
      vertex -5 8.729918479919434 1.9000005722045898
    endloop
  endfacet
  facet normal 0 0 1
    outer loop
      vertex -6.1720051765441895 10.529999732971191 1.9000005722045898
      vertex -5.075145721435547 8.705535888671875 1.9000005722045898
      vertex -5 10.529999732971191 1.9000005722045898
    endloop
  endfacet
  facet normal 0 0 1
    outer loop
      vertex -5.075145721435547 8.705535888671875 1.9000005722045898
      vertex -6.1720051765441895 10.529999732971191 1.9000005722045898
      vertex -5.656853675842285 8.474873542785645 1.9000005722045898
    endloop
  endfacet
  facet normal 0 0 1
    outer loop
      vertex -6.470810890197754 10.406159400939941 1.9000005722045898
      vertex -5.656853675842285 8.474873542785645 1.9000005722045898
      vertex -6.1720051765441895 10.529999732971191 1.9000005722045898
    endloop
  endfacet
  facet normal 0 0 1
    outer loop
      vertex -5.656853675842285 8.474873542785645 1.9000005722045898
      vertex -6.470810890197754 10.406159400939941 1.9000005722045898
      vertex -6.184082984924316 8.220376014709473 1.9000005722045898
    endloop
  endfacet
  facet normal 0 0 1
    outer loop
      vertex -7.212489128112793 10.030508041381836 1.9000005722045898
      vertex -6.184082984924316 8.220376014709473 1.9000005722045898
      vertex -6.470810890197754 10.406159400939941 1.9000005722045898
    endloop
  endfacet
  facet normal 0 0 1
    outer loop
      vertex -6.184082984924316 8.220376014709473 1.9000005722045898
      vertex -7.212489128112793 10.030508041381836 1.9000005722045898
      vertex -6.651756286621094 7.94449520111084 1.9000005722045898
    endloop
  endfacet
  facet normal 0 0 1
    outer loop
      vertex -7.884706497192383 9.61604118347168 1.9000005722045898
      vertex -6.651756286621094 7.94449520111084 1.9000005722045898
      vertex -7.212489128112793 10.030508041381836 1.9000005722045898
    endloop
  endfacet
  facet normal 0 0 1
    outer loop
      vertex -6.651756286621094 7.94449520111084 1.9000005722045898
      vertex -7.884706497192383 9.61604118347168 1.9000005722045898
      vertex -7.0553693771362305 7.649888038635254 1.9000005722045898
    endloop
  endfacet
  facet normal 0 0 1
    outer loop
      vertex -8.480989456176758 9.166749954223633 1.9000005722045898
      vertex -7.0553693771362305 7.649888038635254 1.9000005722045898
      vertex -7.884706497192383 9.61604118347168 1.9000005722045898
    endloop
  endfacet
  facet normal 0 0 1
    outer loop
      vertex -7.0553693771362305 7.649888038635254 1.9000005722045898
      vertex -8.480989456176758 9.166749954223633 1.9000005722045898
      vertex -7.391036033630371 7.339391708374023 1.9000005722045898
    endloop
  endfacet
  facet normal 0 0 1
    outer loop
      vertex -8.995596885681152 8.68696117401123 1.9000005722045898
      vertex -7.391036033630371 7.339391708374023 1.9000005722045898
      vertex -8.480989456176758 9.166749954223633 1.9000005722045898
    endloop
  endfacet
  facet normal 0 0 1
    outer loop
      vertex -7.391036033630371 7.339391708374023 1.9000005722045898
      vertex -8.995596885681152 8.68696117401123 1.9000005722045898
      vertex -7.655522346496582 7.015995979309082 1.9000005722045898
    endloop
  endfacet
  facet normal 0 0 1
    outer loop
      vertex -9.42357063293457 8.181295394897461 1.9000005722045898
      vertex -7.655522346496582 7.015995979309082 1.9000005722045898
      vertex -8.995596885681152 8.68696117401123 1.9000005722045898
    endloop
  endfacet
  facet normal 0 0 1
    outer loop
      vertex -9.760790824890137 7.6546220779418945 1.9000005722045898
      vertex -7.846282005310059 6.6828155517578125 1.9000005722045898
      vertex -9.42357063293457 8.181295394897461 1.9000005722045898
    endloop
  endfacet
  facet normal 0 0 1
    outer loop
      vertex -7.655522346496582 7.015995979309082 1.9000005722045898
      vertex -9.42357063293457 8.181295394897461 1.9000005722045898
      vertex -7.846282005310059 6.6828155517578125 1.9000005722045898
    endloop
  endfacet
  facet normal 0 0 1
    outer loop
      vertex -5.075145721435547 -8.705535888671875 1.9000005722045898
      vertex -5 -10.529999732971191 1.9000005722045898
      vertex -5 -8.729918479919434 1.9000005722045898
    endloop
  endfacet
  facet normal 0 0 1
    outer loop
      vertex -6.1720051765441895 -10.529999732971191 1.9000005722045898
      vertex -5.075145721435547 -8.705535888671875 1.9000005722045898
      vertex -5.656853675842285 -8.474873542785645 1.9000005722045898
    endloop
  endfacet
  facet normal 0 0 1
    outer loop
      vertex -5.075145721435547 -8.705535888671875 1.9000005722045898
      vertex -6.1720051765441895 -10.529999732971191 1.9000005722045898
      vertex -5 -10.529999732971191 1.9000005722045898
    endloop
  endfacet
  facet normal 0 0 1
    outer loop
      vertex -6.470810890197754 -10.406159400939941 1.9000005722045898
      vertex -5.656853675842285 -8.474873542785645 1.9000005722045898
      vertex -6.184082984924316 -8.220376014709473 1.9000005722045898
    endloop
  endfacet
  facet normal 0 0 1
    outer loop
      vertex -5.656853675842285 -8.474873542785645 1.9000005722045898
      vertex -6.470810890197754 -10.406159400939941 1.9000005722045898
      vertex -6.1720051765441895 -10.529999732971191 1.9000005722045898
    endloop
  endfacet
  facet normal 0 0 1
    outer loop
      vertex -7.212489128112793 -10.030508041381836 1.9000005722045898
      vertex -6.184082984924316 -8.220376014709473 1.9000005722045898
      vertex -6.651756286621094 -7.94449520111084 1.9000005722045898
    endloop
  endfacet
  facet normal 0 0 1
    outer loop
      vertex -7.884706497192383 -9.61604118347168 1.9000005722045898
      vertex -6.651756286621094 -7.94449520111084 1.9000005722045898
      vertex -7.0553693771362305 -7.649888038635254 1.9000005722045898
    endloop
  endfacet
  facet normal 0 0 1
    outer loop
      vertex -6.184082984924316 -8.220376014709473 1.9000005722045898
      vertex -7.212489128112793 -10.030508041381836 1.9000005722045898
      vertex -6.470810890197754 -10.406159400939941 1.9000005722045898
    endloop
  endfacet
  facet normal 0 0 1
    outer loop
      vertex -8.480989456176758 -9.166749954223633 1.9000005722045898
      vertex -7.0553693771362305 -7.649888038635254 1.9000005722045898
      vertex -7.391036033630371 -7.339391708374023 1.9000005722045898
    endloop
  endfacet
  facet normal 0 0 1
    outer loop
      vertex -8.995596885681152 -8.68696117401123 1.9000005722045898
      vertex -7.391036033630371 -7.339391708374023 1.9000005722045898
      vertex -7.655522346496582 -7.015995979309082 1.9000005722045898
    endloop
  endfacet
  facet normal 0 0 1
    outer loop
      vertex -9.42357063293457 -8.181295394897461 1.9000005722045898
      vertex -7.655522346496582 -7.015995979309082 1.9000005722045898
      vertex -7.846282005310059 -6.6828155517578125 1.9000005722045898
    endloop
  endfacet
  facet normal 0 0 1
    outer loop
      vertex -6.651756286621094 -7.94449520111084 1.9000005722045898
      vertex -7.884706497192383 -9.61604118347168 1.9000005722045898
      vertex -7.212489128112793 -10.030508041381836 1.9000005722045898
    endloop
  endfacet
  facet normal 0 0 1
    outer loop
      vertex -10.004009246826172 -7.1120147705078125 1.9000005722045898
      vertex -7.846282005310059 -6.6828155517578125 1.9000005722045898
      vertex -7.961477279663086 -6.343059539794922 1.9000005722045898
    endloop
  endfacet
  facet normal 0 0 1
    outer loop
      vertex -10.150883674621582 -6.558697700500488 1.9000005722045898
      vertex -7.961477279663086 -6.343059539794922 1.9000005722045898
      vertex -8 -6 1.9000005722045898
    endloop
  endfacet
  facet normal 0 0 1
    outer loop
      vertex -7.0553693771362305 -7.649888038635254 1.9000005722045898
      vertex -8.480989456176758 -9.166749954223633 1.9000005722045898
      vertex -7.884706497192383 -9.61604118347168 1.9000005722045898
    endloop
  endfacet
  facet normal 0 0 1
    outer loop
      vertex -8 6 1.9000005722045898
      vertex -10.199999809265137 6 1.9000005722045898
      vertex -8 -6 1.9000005722045898
    endloop
  endfacet
  facet normal 0 0 1
    outer loop
      vertex -10.004009246826172 7.1120147705078125 1.9000005722045898
      vertex -7.846282005310059 6.6828155517578125 1.9000005722045898
      vertex -9.760790824890137 7.6546220779418945 1.9000005722045898
    endloop
  endfacet
  facet normal 0 0 1
    outer loop
      vertex -10.199999809265137 -6 1.9000005722045898
      vertex -8 -6 1.9000005722045898
      vertex -10.199999809265137 6 1.9000005722045898
    endloop
  endfacet
  facet normal 0 0 1
    outer loop
      vertex -7.846282005310059 6.6828155517578125 1.9000005722045898
      vertex -10.004009246826172 7.1120147705078125 1.9000005722045898
      vertex -7.961477279663086 6.343059539794922 1.9000005722045898
    endloop
  endfacet
  facet normal 0 0 1
    outer loop
      vertex -10.150883674621582 -6.558697700500488 1.9000005722045898
      vertex -8 -6 1.9000005722045898
      vertex -10.199999809265137 -6 1.9000005722045898
    endloop
  endfacet
  facet normal 0 0 1
    outer loop
      vertex -10.150883674621582 6.558697700500488 1.9000005722045898
      vertex -7.961477279663086 6.343059539794922 1.9000005722045898
      vertex -10.004009246826172 7.1120147705078125 1.9000005722045898
    endloop
  endfacet
  facet normal 0 0 1
    outer loop
      vertex -7.391036033630371 -7.339391708374023 1.9000005722045898
      vertex -8.995596885681152 -8.68696117401123 1.9000005722045898
      vertex -8.480989456176758 -9.166749954223633 1.9000005722045898
    endloop
  endfacet
  facet normal 0 0 1
    outer loop
      vertex -7.961477279663086 6.343059539794922 1.9000005722045898
      vertex -10.150883674621582 6.558697700500488 1.9000005722045898
      vertex -8 6 1.9000005722045898
    endloop
  endfacet
  facet normal 0 0 1
    outer loop
      vertex -7.655522346496582 -7.015995979309082 1.9000005722045898
      vertex -9.42357063293457 -8.181295394897461 1.9000005722045898
      vertex -8.995596885681152 -8.68696117401123 1.9000005722045898
    endloop
  endfacet
  facet normal 0 0 1
    outer loop
      vertex -8 6 1.9000005722045898
      vertex -10.150883674621582 6.558697700500488 1.9000005722045898
      vertex -10.199999809265137 6 1.9000005722045898
    endloop
  endfacet
  facet normal 0 0 1
    outer loop
      vertex -7.846282005310059 -6.6828155517578125 1.9000005722045898
      vertex -9.760790824890137 -7.6546220779418945 1.9000005722045898
      vertex -9.42357063293457 -8.181295394897461 1.9000005722045898
    endloop
  endfacet
  facet normal 0 0 1
    outer loop
      vertex -7.846282005310059 -6.6828155517578125 1.9000005722045898
      vertex -10.004009246826172 -7.1120147705078125 1.9000005722045898
      vertex -9.760790824890137 -7.6546220779418945 1.9000005722045898
    endloop
  endfacet
  facet normal 0 0 1
    outer loop
      vertex -7.961477279663086 -6.343059539794922 1.9000005722045898
      vertex -10.150883674621582 -6.558697700500488 1.9000005722045898
      vertex -10.004009246826172 -7.1120147705078125 1.9000005722045898
    endloop
  endfacet
  facet normal -1 0 0
    outer loop
      vertex -5 8.729918479919434 1.9000005722045898
      vertex -5 10.529999732971191 5.100000381469727
      vertex -5 10.529999732971191 1.9000005722045898
    endloop
  endfacet
  facet normal -1 0 0
    outer loop
      vertex -5 10.529999732971191 5.100000381469727
      vertex -5 8.729918479919434 1.9000005722045898
      vertex -5 8.729918479919434 5.100000381469727
    endloop
  endfacet
  facet normal -1 0 0
    outer loop
      vertex -5 -10.529999732971191 1.9000005722045898
      vertex -5 -8.729918479919434 5.100000381469727
      vertex -5 -8.729918479919434 1.9000005722045898
    endloop
  endfacet
  facet normal -1 0 0
    outer loop
      vertex -5 -8.729918479919434 5.100000381469727
      vertex -5 -10.529999732971191 1.9000005722045898
      vertex -5 -10.529999732971191 5.100000381469727
    endloop
  endfacet
  facet normal 0 0 -1
    outer loop
      vertex -5 -10.529999732971191 5.100000381469727
      vertex -5.075145721435547 -8.705535888671875 5.100000381469727
      vertex -5 -8.729918479919434 5.100000381469727
    endloop
  endfacet
  facet normal 0 0 -1
    outer loop
      vertex -6.1720051765441895 -10.529999732971191 5.100000381469727
      vertex -5.075145721435547 -8.705535888671875 5.100000381469727
      vertex -5 -10.529999732971191 5.100000381469727
    endloop
  endfacet
  facet normal 0 0 -1
    outer loop
      vertex -5.075145721435547 -8.705535888671875 5.100000381469727
      vertex -6.1720051765441895 -10.529999732971191 5.100000381469727
      vertex -5.656853675842285 -8.474873542785645 5.100000381469727
    endloop
  endfacet
  facet normal 0 0 -1
    outer loop
      vertex -6.470810890197754 -10.406159400939941 5.100000381469727
      vertex -5.656853675842285 -8.474873542785645 5.100000381469727
      vertex -6.1720051765441895 -10.529999732971191 5.100000381469727
    endloop
  endfacet
  facet normal 0 0 -1
    outer loop
      vertex -5.656853675842285 -8.474873542785645 5.100000381469727
      vertex -6.470810890197754 -10.406159400939941 5.100000381469727
      vertex -6.184082984924316 -8.220376014709473 5.100000381469727
    endloop
  endfacet
  facet normal 0 0 -1
    outer loop
      vertex -7.212489128112793 -10.030508041381836 5.100000381469727
      vertex -6.184082984924316 -8.220376014709473 5.100000381469727
      vertex -6.470810890197754 -10.406159400939941 5.100000381469727
    endloop
  endfacet
  facet normal 0 0 -1
    outer loop
      vertex -6.184082984924316 -8.220376014709473 5.100000381469727
      vertex -7.212489128112793 -10.030508041381836 5.100000381469727
      vertex -6.651756286621094 -7.94449520111084 5.100000381469727
    endloop
  endfacet
  facet normal 0 0 -1
    outer loop
      vertex -7.884706497192383 -9.61604118347168 5.100000381469727
      vertex -6.651756286621094 -7.94449520111084 5.100000381469727
      vertex -7.212489128112793 -10.030508041381836 5.100000381469727
    endloop
  endfacet
  facet normal 0 0 -1
    outer loop
      vertex -6.651756286621094 -7.94449520111084 5.100000381469727
      vertex -7.884706497192383 -9.61604118347168 5.100000381469727
      vertex -7.0553693771362305 -7.649888038635254 5.100000381469727
    endloop
  endfacet
  facet normal 0 0 -1
    outer loop
      vertex -8.480989456176758 -9.166749954223633 5.100000381469727
      vertex -7.0553693771362305 -7.649888038635254 5.100000381469727
      vertex -7.884706497192383 -9.61604118347168 5.100000381469727
    endloop
  endfacet
  facet normal 0 0 -1
    outer loop
      vertex -7.0553693771362305 -7.649888038635254 5.100000381469727
      vertex -8.480989456176758 -9.166749954223633 5.100000381469727
      vertex -7.391036033630371 -7.339391708374023 5.100000381469727
    endloop
  endfacet
  facet normal 0 0 -1
    outer loop
      vertex -8.995596885681152 -8.68696117401123 5.100000381469727
      vertex -7.391036033630371 -7.339391708374023 5.100000381469727
      vertex -8.480989456176758 -9.166749954223633 5.100000381469727
    endloop
  endfacet
  facet normal 0 0 -1
    outer loop
      vertex -7.391036033630371 -7.339391708374023 5.100000381469727
      vertex -8.995596885681152 -8.68696117401123 5.100000381469727
      vertex -7.655522346496582 -7.015995979309082 5.100000381469727
    endloop
  endfacet
  facet normal 0 0 -1
    outer loop
      vertex -9.42357063293457 -8.181295394897461 5.100000381469727
      vertex -7.655522346496582 -7.015995979309082 5.100000381469727
      vertex -8.995596885681152 -8.68696117401123 5.100000381469727
    endloop
  endfacet
  facet normal 0 0 -1
    outer loop
      vertex -7.655522346496582 -7.015995979309082 5.100000381469727
      vertex -9.42357063293457 -8.181295394897461 5.100000381469727
      vertex -7.846282005310059 -6.6828155517578125 5.100000381469727
    endloop
  endfacet
  facet normal 0 0 -1
    outer loop
      vertex -9.760790824890137 -7.6546220779418945 5.100000381469727
      vertex -7.846282005310059 -6.6828155517578125 5.100000381469727
      vertex -9.42357063293457 -8.181295394897461 5.100000381469727
    endloop
  endfacet
  facet normal 0 0 -1
    outer loop
      vertex -10.004009246826172 -7.1120147705078125 5.100000381469727
      vertex -7.846282005310059 -6.6828155517578125 5.100000381469727
      vertex -9.760790824890137 -7.6546220779418945 5.100000381469727
    endloop
  endfacet
  facet normal 0 0 -1
    outer loop
      vertex -7.846282005310059 -6.6828155517578125 5.100000381469727
      vertex -10.004009246826172 -7.1120147705078125 5.100000381469727
      vertex -7.961477279663086 -6.343059539794922 5.100000381469727
    endloop
  endfacet
  facet normal 0 0 -1
    outer loop
      vertex -7.961477279663086 -6.343059539794922 5.100000381469727
      vertex -10.150883674621582 -6.558697700500488 5.100000381469727
      vertex -8 -6 5.100000381469727
    endloop
  endfacet
  facet normal 0 0 -1
    outer loop
      vertex -10.150883674621582 -6.558697700500488 5.100000381469727
      vertex -7.961477279663086 -6.343059539794922 5.100000381469727
      vertex -10.004009246826172 -7.1120147705078125 5.100000381469727
    endloop
  endfacet
  facet normal 0 0 -1
    outer loop
      vertex -9.299999237060547 4 5.100000381469727
      vertex -8 6 5.100000381469727
      vertex -8 4 5.100000381469727
    endloop
  endfacet
  facet normal 0 0 -1
    outer loop
      vertex -8 6 5.100000381469727
      vertex -8.995596885681152 8.68696117401123 5.100000381469727
      vertex -8.480989456176758 9.166749954223633 5.100000381469727
    endloop
  endfacet
  facet normal 0 0 -1
    outer loop
      vertex -8 6 5.100000381469727
      vertex -9.299999237060547 4 5.100000381469727
      vertex -10.199999809265137 6 5.100000381469727
    endloop
  endfacet
  facet normal 0 0 -1
    outer loop
      vertex -8 6 5.100000381469727
      vertex -9.42357063293457 8.181295394897461 5.100000381469727
      vertex -8.995596885681152 8.68696117401123 5.100000381469727
    endloop
  endfacet
  facet normal 0 0 -1
    outer loop
      vertex -9.299999237060547 -4 5.100000381469727
      vertex -10.199999809265137 -6 5.100000381469727
      vertex -9.299999237060547 4 5.100000381469727
    endloop
  endfacet
  facet normal 0 0 -1
    outer loop
      vertex -10.199999809265137 -6 5.100000381469727
      vertex -8 -6 5.100000381469727
      vertex -10.150883674621582 -6.558697700500488 5.100000381469727
    endloop
  endfacet
  facet normal 0 0 -1
    outer loop
      vertex -10.199999809265137 6 5.100000381469727
      vertex -9.299999237060547 4 5.100000381469727
      vertex -10.199999809265137 -6 5.100000381469727
    endloop
  endfacet
  facet normal 0 0 -1
    outer loop
      vertex -9.299999237060547 -4 5.100000381469727
      vertex -8 -6 5.100000381469727
      vertex -10.199999809265137 -6 5.100000381469727
    endloop
  endfacet
  facet normal 0 0 -1
    outer loop
      vertex -8 6 5.100000381469727
      vertex -10.199999809265137 6 5.100000381469727
      vertex -10.150883674621582 6.558697700500488 5.100000381469727
    endloop
  endfacet
  facet normal 0 0 -1
    outer loop
      vertex -8 -6 5.100000381469727
      vertex -9.299999237060547 -4 5.100000381469727
      vertex -8 -4 5.100000381469727
    endloop
  endfacet
  facet normal 0 0 -1
    outer loop
      vertex -8 6 5.100000381469727
      vertex -9.760790824890137 7.6546220779418945 5.100000381469727
      vertex -9.42357063293457 8.181295394897461 5.100000381469727
    endloop
  endfacet
  facet normal 0 0 -1
    outer loop
      vertex -8 6 5.100000381469727
      vertex -10.004009246826172 7.1120147705078125 5.100000381469727
      vertex -9.760790824890137 7.6546220779418945 5.100000381469727
    endloop
  endfacet
  facet normal 0 0 -1
    outer loop
      vertex -8 6 5.100000381469727
      vertex -10.150883674621582 6.558697700500488 5.100000381469727
      vertex -10.004009246826172 7.1120147705078125 5.100000381469727
    endloop
  endfacet
  facet normal 0 0 -1
    outer loop
      vertex -5.075145721435547 8.705535888671875 5.100000381469727
      vertex -5 10.529999732971191 5.100000381469727
      vertex -5 8.729918479919434 5.100000381469727
    endloop
  endfacet
  facet normal 0 0 -1
    outer loop
      vertex -6.1720051765441895 10.529999732971191 5.100000381469727
      vertex -5.075145721435547 8.705535888671875 5.100000381469727
      vertex -5.656853675842285 8.474873542785645 5.100000381469727
    endloop
  endfacet
  facet normal 0 0 -1
    outer loop
      vertex -5.075145721435547 8.705535888671875 5.100000381469727
      vertex -6.1720051765441895 10.529999732971191 5.100000381469727
      vertex -5 10.529999732971191 5.100000381469727
    endloop
  endfacet
  facet normal 0 0 -1
    outer loop
      vertex -6.470810890197754 10.406159400939941 5.100000381469727
      vertex -5.656853675842285 8.474873542785645 5.100000381469727
      vertex -6.184082984924316 8.220376014709473 5.100000381469727
    endloop
  endfacet
  facet normal 0 0 -1
    outer loop
      vertex -5.656853675842285 8.474873542785645 5.100000381469727
      vertex -6.470810890197754 10.406159400939941 5.100000381469727
      vertex -6.1720051765441895 10.529999732971191 5.100000381469727
    endloop
  endfacet
  facet normal 0 0 -1
    outer loop
      vertex -7.212489128112793 10.030508041381836 5.100000381469727
      vertex -6.184082984924316 8.220376014709473 5.100000381469727
      vertex -6.651756286621094 7.94449520111084 5.100000381469727
    endloop
  endfacet
  facet normal 0 0 -1
    outer loop
      vertex -7.884706497192383 9.61604118347168 5.100000381469727
      vertex -6.651756286621094 7.94449520111084 5.100000381469727
      vertex -7.0553693771362305 7.649888038635254 5.100000381469727
    endloop
  endfacet
  facet normal 0 0 -1
    outer loop
      vertex -6.184082984924316 8.220376014709473 5.100000381469727
      vertex -7.212489128112793 10.030508041381836 5.100000381469727
      vertex -6.470810890197754 10.406159400939941 5.100000381469727
    endloop
  endfacet
  facet normal 0 0 -1
    outer loop
      vertex -8.480989456176758 9.166749954223633 5.100000381469727
      vertex -7.0553693771362305 7.649888038635254 5.100000381469727
      vertex -7.391036033630371 7.339391708374023 5.100000381469727
    endloop
  endfacet
  facet normal 0 0 -1
    outer loop
      vertex -8.480989456176758 9.166749954223633 5.100000381469727
      vertex -7.391036033630371 7.339391708374023 5.100000381469727
      vertex -7.655522346496582 7.015995979309082 5.100000381469727
    endloop
  endfacet
  facet normal 0 0 -1
    outer loop
      vertex -8.480989456176758 9.166749954223633 5.100000381469727
      vertex -7.655522346496582 7.015995979309082 5.100000381469727
      vertex -7.846282005310059 6.6828155517578125 5.100000381469727
    endloop
  endfacet
  facet normal 0 0 -1
    outer loop
      vertex -6.651756286621094 7.94449520111084 5.100000381469727
      vertex -7.884706497192383 9.61604118347168 5.100000381469727
      vertex -7.212489128112793 10.030508041381836 5.100000381469727
    endloop
  endfacet
  facet normal 0 0 -1
    outer loop
      vertex -8.480989456176758 9.166749954223633 5.100000381469727
      vertex -7.846282005310059 6.6828155517578125 5.100000381469727
      vertex -7.961477279663086 6.343059539794922 5.100000381469727
    endloop
  endfacet
  facet normal 0 0 -1
    outer loop
      vertex -8.480989456176758 9.166749954223633 5.100000381469727
      vertex -7.961477279663086 6.343059539794922 5.100000381469727
      vertex -8 6 5.100000381469727
    endloop
  endfacet
  facet normal 0 0 -1
    outer loop
      vertex -7.0553693771362305 7.649888038635254 5.100000381469727
      vertex -8.480989456176758 9.166749954223633 5.100000381469727
      vertex -7.884706497192383 9.61604118347168 5.100000381469727
    endloop
  endfacet
  facet normal 0 -1 0
    outer loop
      vertex -6.1720051765441895 10.529999732971191 1.9000005722045898
      vertex -5 10.529999732971191 5.100000381469727
      vertex -6.1720051765441895 10.529999732971191 5.100000381469727
    endloop
  endfacet
  facet normal 0 -1 0
    outer loop
      vertex -5 10.529999732971191 5.100000381469727
      vertex -6.1720051765441895 10.529999732971191 1.9000005722045898
      vertex -5 10.529999732971191 1.9000005722045898
    endloop
  endfacet
  facet normal 0 1 0
    outer loop
      vertex -5 -10.529999732971191 1.9000005722045898
      vertex -6.1720051765441895 -10.529999732971191 5.100000381469727
      vertex -5 -10.529999732971191 5.100000381469727
    endloop
  endfacet
  facet normal 0 1 0
    outer loop
      vertex -6.1720051765441895 -10.529999732971191 5.100000381469727
      vertex -5 -10.529999732971191 1.9000005722045898
      vertex -6.1720051765441895 -10.529999732971191 1.9000005722045898
    endloop
  endfacet
  facet normal 1 0 0
    outer loop
      vertex -9.299999237060547 -4 18.900001525878906
      vertex -9.299999237060547 4 5.100000381469727
      vertex -9.299999237060547 4 18.900001525878906
    endloop
  endfacet
  facet normal 1 0 0
    outer loop
      vertex -9.299999237060547 4 5.100000381469727
      vertex -9.299999237060547 -4 18.900001525878906
      vertex -9.299999237060547 -4 5.100000381469727
    endloop
  endfacet
  facet normal 0 -1 0
    outer loop
      vertex -9.299999237060547 4 5.100000381469727
      vertex -8 4 18.900001525878906
      vertex -9.299999237060547 4 18.900001525878906
    endloop
  endfacet
  facet normal 0 -1 0
    outer loop
      vertex -8 4 18.900001525878906
      vertex -9.299999237060547 4 5.100000381469727
      vertex -8 4 5.100000381469727
    endloop
  endfacet
  facet normal 0 1 0
    outer loop
      vertex -8 -4 5.100000381469727
      vertex -9.299999237060547 -4 18.900001525878906
      vertex -8 -4 18.900001525878906
    endloop
  endfacet
  facet normal 0 1 0
    outer loop
      vertex -9.299999237060547 -4 18.900001525878906
      vertex -8 -4 5.100000381469727
      vertex -9.299999237060547 -4 5.100000381469727
    endloop
  endfacet
  facet normal 1 0 0
    outer loop
      vertex -9.199999809265137 -1.0999994277954102 24
      vertex -9.199999809265137 1.0999994277954102 22.100000381469727
      vertex -9.199999809265137 1.0999994277954102 24
    endloop
  endfacet
  facet normal 1 0 0
    outer loop
      vertex -9.199999809265137 1.0999994277954102 22.100000381469727
      vertex -9.199999809265137 -1.0999994277954102 24
      vertex -9.199999809265137 -1.0999994277954102 22.100000381469727
    endloop
  endfacet
  facet normal 0 -1 0
    outer loop
      vertex -9.199999809265137 1.0999994277954102 22.100000381469727
      vertex -8 1.0999994277954102 24
      vertex -9.199999809265137 1.0999994277954102 24
    endloop
  endfacet
  facet normal 0 -1 0
    outer loop
      vertex -8 1.0999994277954102 24
      vertex -9.199999809265137 1.0999994277954102 22.100000381469727
      vertex -8 1.0999994277954102 22.100000381469727
    endloop
  endfacet
  facet normal 0 1 0
    outer loop
      vertex -8 -1.0999994277954102 22.100000381469727
      vertex -9.199999809265137 -1.0999994277954102 24
      vertex -8 -1.0999994277954102 24
    endloop
  endfacet
  facet normal 0 1 0
    outer loop
      vertex -9.199999809265137 -1.0999994277954102 24
      vertex -8 -1.0999994277954102 22.100000381469727
      vertex -9.199999809265137 -1.0999994277954102 22.100000381469727
    endloop
  endfacet
  facet normal 0.9978589055632504 -0.06540339890336276 0
    outer loop
      vertex -1.2999992370605469 -14.199999809265137 17.900001525878906
      vertex -1.2888774871826172 -14.030315399169922 14.300000190734863
      vertex -1.2888774871826172 -14.030315399169922 17.900001525878906
    endloop
  endfacet
  facet normal 0.9978589055632504 -0.06540339890336276 0
    outer loop
      vertex -1.2888774871826172 -14.030315399169922 14.300000190734863
      vertex -1.2999992370605469 -14.199999809265137 17.900001525878906
      vertex -1.2999992370605469 -14.199999809265137 14.300000190734863
    endloop
  endfacet
  facet normal 0.9978589055632503 -0.06540339890336276 0
    outer loop
      vertex -1.2999992370605469 -14.199999809265137 9.700000762939453
      vertex -1.2888774871826172 -14.030315399169922 6.100000381469727
      vertex -1.2888774871826172 -14.030315399169922 9.700000762939453
    endloop
  endfacet
  facet normal 0.9978589055632503 -0.06540339890336276 0
    outer loop
      vertex -1.2888774871826172 -14.030315399169922 6.100000381469727
      vertex -1.2999992370605469 -14.199999809265137 9.700000762939453
      vertex -1.2999992370605469 -14.199999809265137 6.100000381469727
    endloop
  endfacet
  facet normal 0.32143698212603855 -0.9469309724165247 0
    outer loop
      vertex -0.49748802185058594 -12.998955726623535 14.300000190734863
      vertex -0.33646392822265625 -12.944295883178711 17.900001525878906
      vertex -0.49748802185058594 -12.998955726623535 17.900001525878906
    endloop
  endfacet
  facet normal 0.32143698212603855 -0.9469309724165247 0
    outer loop
      vertex -0.33646392822265625 -12.944295883178711 17.900001525878906
      vertex -0.49748802185058594 -12.998955726623535 14.300000190734863
      vertex -0.33646392822265625 -12.944295883178711 14.300000190734863
    endloop
  endfacet
  facet normal 0.32143698212603855 -0.9469309724165247 0
    outer loop
      vertex -0.49748802185058594 -12.998955726623535 6.100000381469727
      vertex -0.33646392822265625 -12.944295883178711 9.700000762939453
      vertex -0.49748802185058594 -12.998955726623535 9.700000762939453
    endloop
  endfacet
  facet normal 0.32143698212603855 -0.9469309724165247 0
    outer loop
      vertex -0.33646392822265625 -12.944295883178711 9.700000762939453
      vertex -0.49748802185058594 -12.998955726623535 6.100000381469727
      vertex -0.33646392822265625 -12.944295883178711 6.100000381469727
    endloop
  endfacet
  facet normal 0.4422895178795707 0.8968723333751895 0
    outer loop
      vertex -0.49748802185058594 -15.401042938232422 14.300000190734863
      vertex -0.6499996185302734 -15.32583236694336 17.900001525878906
      vertex -0.49748802185058594 -15.401042938232422 17.900001525878906
    endloop
  endfacet
  facet normal 0.4422895178795707 0.8968723333751895 0
    outer loop
      vertex -0.6499996185302734 -15.32583236694336 17.900001525878906
      vertex -0.49748802185058594 -15.401042938232422 14.300000190734863
      vertex -0.6499996185302734 -15.32583236694336 14.300000190734863
    endloop
  endfacet
  facet normal 0.44228951787957066 0.8968723333751895 0
    outer loop
      vertex -0.49748802185058594 -15.401042938232422 6.100000381469727
      vertex -0.6499996185302734 -15.32583236694336 9.700000762939453
      vertex -0.49748802185058594 -15.401042938232422 9.700000762939453
    endloop
  endfacet
  facet normal 0.44228951787957066 0.8968723333751895 0
    outer loop
      vertex -0.6499996185302734 -15.32583236694336 9.700000762939453
      vertex -0.49748802185058594 -15.401042938232422 6.100000381469727
      vertex -0.6499996185302734 -15.32583236694336 6.100000381469727
    endloop
  endfacet
  facet normal 0.8314691680027351 0.555570897960683 0
    outer loop
      vertex -1.0313587188720703 -14.991389274597168 17.900001525878906
      vertex -1.1258325576782227 -14.84999942779541 14.300000190734863
      vertex -1.1258325576782227 -14.84999942779541 17.900001525878906
    endloop
  endfacet
  facet normal 0.8314691680027351 0.555570897960683 0
    outer loop
      vertex -1.1258325576782227 -14.84999942779541 14.300000190734863
      vertex -1.0313587188720703 -14.991389274597168 17.900001525878906
      vertex -1.0313587188720703 -14.991389274597168 14.300000190734863
    endloop
  endfacet
  facet normal 0.831469168002735 0.5555708979606829 0
    outer loop
      vertex -1.0313587188720703 -14.991389274597168 9.700000762939453
      vertex -1.1258325576782227 -14.84999942779541 6.100000381469727
      vertex -1.1258325576782227 -14.84999942779541 9.700000762939453
    endloop
  endfacet
  facet normal 0.831469168002735 0.5555708979606829 0
    outer loop
      vertex -1.1258325576782227 -14.84999942779541 6.100000381469727
      vertex -1.0313587188720703 -14.991389274597168 9.700000762939453
      vertex -1.0313587188720703 -14.991389274597168 6.100000381469727
    endloop
  endfacet
  facet normal 0.8968723333751895 -0.4422895178795707 0
    outer loop
      vertex -1.2010431289672852 -13.702510833740234 17.900001525878906
      vertex -1.1258325576782227 -13.549999237060547 14.300000190734863
      vertex -1.1258325576782227 -13.549999237060547 17.900001525878906
    endloop
  endfacet
  facet normal 0.8968723333751895 -0.4422895178795707 0
    outer loop
      vertex -1.1258325576782227 -13.549999237060547 14.300000190734863
      vertex -1.2010431289672852 -13.702510833740234 17.900001525878906
      vertex -1.2010431289672852 -13.702510833740234 14.300000190734863
    endloop
  endfacet
  facet normal 0.8968723333751895 -0.44228951787957066 0
    outer loop
      vertex -1.2010431289672852 -13.702510833740234 9.700000762939453
      vertex -1.1258325576782227 -13.549999237060547 6.100000381469727
      vertex -1.1258325576782227 -13.549999237060547 9.700000762939453
    endloop
  endfacet
  facet normal 0.8968723333751895 -0.44228951787957066 0
    outer loop
      vertex -1.1258325576782227 -13.549999237060547 6.100000381469727
      vertex -1.2010431289672852 -13.702510833740234 9.700000762939453
      vertex -1.2010431289672852 -13.702510833740234 6.100000381469727
    endloop
  endfacet
  facet normal 0.659347122301482 0.7518386610920953 0
    outer loop
      vertex -0.7913894653320312 -15.231358528137207 14.300000190734863
      vertex -0.9192380905151367 -15.119237899780273 17.900001525878906
      vertex -0.7913894653320312 -15.231358528137207 17.900001525878906
    endloop
  endfacet
  facet normal 0.659347122301482 0.7518386610920953 0
    outer loop
      vertex -0.9192380905151367 -15.119237899780273 17.900001525878906
      vertex -0.7913894653320312 -15.231358528137207 14.300000190734863
      vertex -0.9192380905151367 -15.119237899780273 14.300000190734863
    endloop
  endfacet
  facet normal 0.6593471223014821 0.7518386610920954 0
    outer loop
      vertex -0.7913894653320312 -15.231358528137207 6.100000381469727
      vertex -0.9192380905151367 -15.119237899780273 9.700000762939453
      vertex -0.7913894653320312 -15.231358528137207 9.700000762939453
    endloop
  endfacet
  facet normal 0.6593471223014821 0.7518386610920954 0
    outer loop
      vertex -0.9192380905151367 -15.119237899780273 9.700000762939453
      vertex -0.7913894653320312 -15.231358528137207 6.100000381469727
      vertex -0.9192380905151367 -15.119237899780273 6.100000381469727
    endloop
  endfacet
  facet normal 0.555570897960683 -0.8314691680027351 0
    outer loop
      vertex -0.7913894653320312 -13.16864013671875 14.300000190734863
      vertex -0.6499996185302734 -13.074166297912598 17.900001525878906
      vertex -0.7913894653320312 -13.16864013671875 17.900001525878906
    endloop
  endfacet
  facet normal 0.555570897960683 -0.8314691680027351 0
    outer loop
      vertex -0.6499996185302734 -13.074166297912598 17.900001525878906
      vertex -0.7913894653320312 -13.16864013671875 14.300000190734863
      vertex -0.6499996185302734 -13.074166297912598 14.300000190734863
    endloop
  endfacet
  facet normal 0.5555708979606829 -0.831469168002735 0
    outer loop
      vertex -0.7913894653320312 -13.16864013671875 6.100000381469727
      vertex -0.6499996185302734 -13.074166297912598 9.700000762939453
      vertex -0.7913894653320312 -13.16864013671875 9.700000762939453
    endloop
  endfacet
  facet normal 0.5555708979606829 -0.831469168002735 0
    outer loop
      vertex -0.6499996185302734 -13.074166297912598 9.700000762939453
      vertex -0.7913894653320312 -13.16864013671875 6.100000381469727
      vertex -0.6499996185302734 -13.074166297912598 6.100000381469727
    endloop
  endfacet
  facet normal 0.8968723333751895 0.4422895178795707 0
    outer loop
      vertex -1.1258325576782227 -14.84999942779541 17.900001525878906
      vertex -1.2010431289672852 -14.697487831115723 14.300000190734863
      vertex -1.2010431289672852 -14.697487831115723 17.900001525878906
    endloop
  endfacet
  facet normal 0.8968723333751895 0.4422895178795707 0
    outer loop
      vertex -1.2010431289672852 -14.697487831115723 14.300000190734863
      vertex -1.1258325576782227 -14.84999942779541 17.900001525878906
      vertex -1.1258325576782227 -14.84999942779541 14.300000190734863
    endloop
  endfacet
  facet normal 0.8968723333751895 0.44228951787957066 0
    outer loop
      vertex -1.1258325576782227 -14.84999942779541 9.700000762939453
      vertex -1.2010431289672852 -14.697487831115723 6.100000381469727
      vertex -1.2010431289672852 -14.697487831115723 9.700000762939453
    endloop
  endfacet
  facet normal 0.8968723333751895 0.44228951787957066 0
    outer loop
      vertex -1.2010431289672852 -14.697487831115723 6.100000381469727
      vertex -1.1258325576782227 -14.84999942779541 9.700000762939453
      vertex -1.1258325576782227 -14.84999942779541 6.100000381469727
    endloop
  endfacet
  facet normal 0.7518386610920953 0.659347122301482 0
    outer loop
      vertex -0.9192380905151367 -15.119237899780273 17.900001525878906
      vertex -1.0313587188720703 -14.991389274597168 14.300000190734863
      vertex -1.0313587188720703 -14.991389274597168 17.900001525878906
    endloop
  endfacet
  facet normal 0.7518386610920953 0.659347122301482 0
    outer loop
      vertex -1.0313587188720703 -14.991389274597168 14.300000190734863
      vertex -0.9192380905151367 -15.119237899780273 17.900001525878906
      vertex -0.9192380905151367 -15.119237899780273 14.300000190734863
    endloop
  endfacet
  facet normal 0.7518386610920954 0.6593471223014821 0
    outer loop
      vertex -0.9192380905151367 -15.119237899780273 9.700000762939453
      vertex -1.0313587188720703 -14.991389274597168 6.100000381469727
      vertex -1.0313587188720703 -14.991389274597168 9.700000762939453
    endloop
  endfacet
  facet normal 0.7518386610920954 0.6593471223014821 0
    outer loop
      vertex -1.0313587188720703 -14.991389274597168 6.100000381469727
      vertex -0.9192380905151367 -15.119237899780273 9.700000762939453
      vertex -0.9192380905151367 -15.119237899780273 6.100000381469727
    endloop
  endfacet
  facet normal 0.9469303929575563 0.32143868916676444 0
    outer loop
      vertex -1.2010431289672852 -14.697487831115723 17.900001525878906
      vertex -1.2557029724121094 -14.53646469116211 14.300000190734863
      vertex -1.2557029724121094 -14.53646469116211 17.900001525878906
    endloop
  endfacet
  facet normal 0.9469303929575563 0.32143868916676444 0
    outer loop
      vertex -1.2557029724121094 -14.53646469116211 14.300000190734863
      vertex -1.2010431289672852 -14.697487831115723 17.900001525878906
      vertex -1.2010431289672852 -14.697487831115723 14.300000190734863
    endloop
  endfacet
  facet normal 0.9469303929575563 0.32143868916676444 0
    outer loop
      vertex -1.2010431289672852 -14.697487831115723 9.700000762939453
      vertex -1.2557029724121094 -14.53646469116211 6.100000381469727
      vertex -1.2557029724121094 -14.53646469116211 9.700000762939453
    endloop
  endfacet
  facet normal 0.9469303929575563 0.32143868916676444 0
    outer loop
      vertex -1.2557029724121094 -14.53646469116211 6.100000381469727
      vertex -1.2010431289672852 -14.697487831115723 9.700000762939453
      vertex -1.2010431289672852 -14.697487831115723 6.100000381469727
    endloop
  endfacet
  facet normal 0.9807857005634433 0.1950882097162099 0
    outer loop
      vertex -1.2557029724121094 -14.53646469116211 17.900001525878906
      vertex -1.2888774871826172 -14.369683265686035 14.300000190734863
      vertex -1.2888774871826172 -14.369683265686035 17.900001525878906
    endloop
  endfacet
  facet normal 0.9807857005634433 0.1950882097162099 0
    outer loop
      vertex -1.2888774871826172 -14.369683265686035 14.300000190734863
      vertex -1.2557029724121094 -14.53646469116211 17.900001525878906
      vertex -1.2557029724121094 -14.53646469116211 14.300000190734863
    endloop
  endfacet
  facet normal 0.9807857005634433 0.1950882097162099 0
    outer loop
      vertex -1.2557029724121094 -14.53646469116211 9.700000762939453
      vertex -1.2888774871826172 -14.369683265686035 6.100000381469727
      vertex -1.2888774871826172 -14.369683265686035 9.700000762939453
    endloop
  endfacet
  facet normal 0.9807857005634433 0.1950882097162099 0
    outer loop
      vertex -1.2888774871826172 -14.369683265686035 6.100000381469727
      vertex -1.2557029724121094 -14.53646469116211 9.700000762939453
      vertex -1.2557029724121094 -14.53646469116211 6.100000381469727
    endloop
  endfacet
  facet normal 0.659347122301482 -0.7518386610920953 0
    outer loop
      vertex -0.9192380905151367 -13.280760765075684 14.300000190734863
      vertex -0.7913894653320312 -13.16864013671875 17.900001525878906
      vertex -0.9192380905151367 -13.280760765075684 17.900001525878906
    endloop
  endfacet
  facet normal 0.659347122301482 -0.7518386610920953 0
    outer loop
      vertex -0.7913894653320312 -13.16864013671875 17.900001525878906
      vertex -0.9192380905151367 -13.280760765075684 14.300000190734863
      vertex -0.7913894653320312 -13.16864013671875 14.300000190734863
    endloop
  endfacet
  facet normal 0.6593471223014821 -0.7518386610920954 0
    outer loop
      vertex -0.9192380905151367 -13.280760765075684 6.100000381469727
      vertex -0.7913894653320312 -13.16864013671875 9.700000762939453
      vertex -0.9192380905151367 -13.280760765075684 9.700000762939453
    endloop
  endfacet
  facet normal 0.6593471223014821 -0.7518386610920954 0
    outer loop
      vertex -0.7913894653320312 -13.16864013671875 9.700000762939453
      vertex -0.9192380905151367 -13.280760765075684 6.100000381469727
      vertex -0.7913894653320312 -13.16864013671875 6.100000381469727
    endloop
  endfacet
  facet normal 0.4422895178795707 -0.8968723333751895 0
    outer loop
      vertex -0.6499996185302734 -13.074166297912598 14.300000190734863
      vertex -0.49748802185058594 -12.998955726623535 17.900001525878906
      vertex -0.6499996185302734 -13.074166297912598 17.900001525878906
    endloop
  endfacet
  facet normal 0.4422895178795707 -0.8968723333751895 0
    outer loop
      vertex -0.49748802185058594 -12.998955726623535 17.900001525878906
      vertex -0.6499996185302734 -13.074166297912598 14.300000190734863
      vertex -0.49748802185058594 -12.998955726623535 14.300000190734863
    endloop
  endfacet
  facet normal 0.44228951787957066 -0.8968723333751895 0
    outer loop
      vertex -0.6499996185302734 -13.074166297912598 6.100000381469727
      vertex -0.49748802185058594 -12.998955726623535 9.700000762939453
      vertex -0.6499996185302734 -13.074166297912598 9.700000762939453
    endloop
  endfacet
  facet normal 0.44228951787957066 -0.8968723333751895 0
    outer loop
      vertex -0.49748802185058594 -12.998955726623535 9.700000762939453
      vertex -0.6499996185302734 -13.074166297912598 6.100000381469727
      vertex -0.49748802185058594 -12.998955726623535 6.100000381469727
    endloop
  endfacet
  facet normal 0.9469309724165247 -0.32143698212603855 0
    outer loop
      vertex -1.2557029724121094 -13.863534927368164 17.900001525878906
      vertex -1.2010431289672852 -13.702510833740234 14.300000190734863
      vertex -1.2010431289672852 -13.702510833740234 17.900001525878906
    endloop
  endfacet
  facet normal 0.9469309724165247 -0.32143698212603855 0
    outer loop
      vertex -1.2010431289672852 -13.702510833740234 14.300000190734863
      vertex -1.2557029724121094 -13.863534927368164 17.900001525878906
      vertex -1.2557029724121094 -13.863534927368164 14.300000190734863
    endloop
  endfacet
  facet normal 0.9469309724165247 -0.32143698212603855 0
    outer loop
      vertex -1.2557029724121094 -13.863534927368164 9.700000762939453
      vertex -1.2010431289672852 -13.702510833740234 6.100000381469727
      vertex -1.2010431289672852 -13.702510833740234 9.700000762939453
    endloop
  endfacet
  facet normal 0.9469309724165247 -0.32143698212603855 0
    outer loop
      vertex -1.2010431289672852 -13.702510833740234 6.100000381469727
      vertex -1.2557029724121094 -13.863534927368164 9.700000762939453
      vertex -1.2557029724121094 -13.863534927368164 6.100000381469727
    endloop
  endfacet
  facet normal 0.0654037649185976 0.9978588815731776 0
    outer loop
      vertex 0 -15.5 14.300000190734863
      vertex -0.16968345642089844 -15.48887825012207 17.900001525878906
      vertex 0 -15.5 17.900001525878906
    endloop
  endfacet
  facet normal 0.0654037649185976 0.9978588815731776 0
    outer loop
      vertex -0.16968345642089844 -15.48887825012207 17.900001525878906
      vertex 0 -15.5 14.300000190734863
      vertex -0.16968345642089844 -15.48887825012207 14.300000190734863
    endloop
  endfacet
  facet normal 0.0654037649185976 0.9978588815731776 0
    outer loop
      vertex 0 -15.5 6.100000381469727
      vertex -0.16968345642089844 -15.48887825012207 9.700000762939453
      vertex 0 -15.5 9.700000762939453
    endloop
  endfacet
  facet normal 0.0654037649185976 0.9978588815731776 0
    outer loop
      vertex -0.16968345642089844 -15.48887825012207 9.700000762939453
      vertex 0 -15.5 6.100000381469727
      vertex -0.16968345642089844 -15.48887825012207 6.100000381469727
    endloop
  endfacet
  facet normal 0.8314691680027351 -0.555570897960683 0
    outer loop
      vertex -1.1258325576782227 -13.549999237060547 17.900001525878906
      vertex -1.0313587188720703 -13.408609390258789 14.300000190734863
      vertex -1.0313587188720703 -13.408609390258789 17.900001525878906
    endloop
  endfacet
  facet normal 0.8314691680027351 -0.555570897960683 0
    outer loop
      vertex -1.0313587188720703 -13.408609390258789 14.300000190734863
      vertex -1.1258325576782227 -13.549999237060547 17.900001525878906
      vertex -1.1258325576782227 -13.549999237060547 14.300000190734863
    endloop
  endfacet
  facet normal 0.831469168002735 -0.5555708979606829 0
    outer loop
      vertex -1.1258325576782227 -13.549999237060547 9.700000762939453
      vertex -1.0313587188720703 -13.408609390258789 6.100000381469727
      vertex -1.0313587188720703 -13.408609390258789 9.700000762939453
    endloop
  endfacet
  facet normal 0.831469168002735 -0.5555708979606829 0
    outer loop
      vertex -1.0313587188720703 -13.408609390258789 6.100000381469727
      vertex -1.1258325576782227 -13.549999237060547 9.700000762939453
      vertex -1.1258325576782227 -13.549999237060547 6.100000381469727
    endloop
  endfacet
  facet normal 0.9978588815731776 0.0654037649185976 0
    outer loop
      vertex -1.2888774871826172 -14.369683265686035 17.900001525878906
      vertex -1.2999992370605469 -14.199999809265137 14.300000190734863
      vertex -1.2999992370605469 -14.199999809265137 17.900001525878906
    endloop
  endfacet
  facet normal 0.9978588815731776 0.0654037649185976 0
    outer loop
      vertex -1.2999992370605469 -14.199999809265137 14.300000190734863
      vertex -1.2888774871826172 -14.369683265686035 17.900001525878906
      vertex -1.2888774871826172 -14.369683265686035 14.300000190734863
    endloop
  endfacet
  facet normal 0.9978588815731776 0.0654037649185976 0
    outer loop
      vertex -1.2888774871826172 -14.369683265686035 9.700000762939453
      vertex -1.2999992370605469 -14.199999809265137 6.100000381469727
      vertex -1.2999992370605469 -14.199999809265137 9.700000762939453
    endloop
  endfacet
  facet normal 0.9978588815731776 0.0654037649185976 0
    outer loop
      vertex -1.2999992370605469 -14.199999809265137 6.100000381469727
      vertex -1.2888774871826172 -14.369683265686035 9.700000762939453
      vertex -1.2888774871826172 -14.369683265686035 6.100000381469727
    endloop
  endfacet
  facet normal 0.1950892828009549 -0.9807854871154084 0
    outer loop
      vertex -0.33646392822265625 -12.944295883178711 14.300000190734863
      vertex -0.16968345642089844 -12.911121368408203 17.900001525878906
      vertex -0.33646392822265625 -12.944295883178711 17.900001525878906
    endloop
  endfacet
  facet normal 0.1950892828009549 -0.9807854871154084 0
    outer loop
      vertex -0.16968345642089844 -12.911121368408203 17.900001525878906
      vertex -0.33646392822265625 -12.944295883178711 14.300000190734863
      vertex -0.16968345642089844 -12.911121368408203 14.300000190734863
    endloop
  endfacet
  facet normal 0.19508928280095492 -0.9807854871154085 0
    outer loop
      vertex -0.33646392822265625 -12.944295883178711 6.100000381469727
      vertex -0.16968345642089844 -12.911121368408203 9.700000762939453
      vertex -0.33646392822265625 -12.944295883178711 9.700000762939453
    endloop
  endfacet
  facet normal 0.19508928280095492 -0.9807854871154085 0
    outer loop
      vertex -0.16968345642089844 -12.911121368408203 9.700000762939453
      vertex -0.33646392822265625 -12.944295883178711 6.100000381469727
      vertex -0.16968345642089844 -12.911121368408203 6.100000381469727
    endloop
  endfacet
  facet normal 0.7518386610920953 -0.659347122301482 0
    outer loop
      vertex -1.0313587188720703 -13.408609390258789 17.900001525878906
      vertex -0.9192380905151367 -13.280760765075684 14.300000190734863
      vertex -0.9192380905151367 -13.280760765075684 17.900001525878906
    endloop
  endfacet
  facet normal 0.7518386610920953 -0.659347122301482 0
    outer loop
      vertex -0.9192380905151367 -13.280760765075684 14.300000190734863
      vertex -1.0313587188720703 -13.408609390258789 17.900001525878906
      vertex -1.0313587188720703 -13.408609390258789 14.300000190734863
    endloop
  endfacet
  facet normal 0.7518386610920954 -0.6593471223014821 0
    outer loop
      vertex -1.0313587188720703 -13.408609390258789 9.700000762939453
      vertex -0.9192380905151367 -13.280760765075684 6.100000381469727
      vertex -0.9192380905151367 -13.280760765075684 9.700000762939453
    endloop
  endfacet
  facet normal 0.7518386610920954 -0.6593471223014821 0
    outer loop
      vertex -0.9192380905151367 -13.280760765075684 6.100000381469727
      vertex -1.0313587188720703 -13.408609390258789 9.700000762939453
      vertex -1.0313587188720703 -13.408609390258789 6.100000381469727
    endloop
  endfacet
  facet normal 0.9807854871154084 -0.1950892828009549 0
    outer loop
      vertex -1.2888774871826172 -14.030315399169922 17.900001525878906
      vertex -1.2557029724121094 -13.863534927368164 14.300000190734863
      vertex -1.2557029724121094 -13.863534927368164 17.900001525878906
    endloop
  endfacet
  facet normal 0.9807854871154084 -0.1950892828009549 0
    outer loop
      vertex -1.2557029724121094 -13.863534927368164 14.300000190734863
      vertex -1.2888774871826172 -14.030315399169922 17.900001525878906
      vertex -1.2888774871826172 -14.030315399169922 14.300000190734863
    endloop
  endfacet
  facet normal 0.9807854871154085 -0.19508928280095492 0
    outer loop
      vertex -1.2888774871826172 -14.030315399169922 9.700000762939453
      vertex -1.2557029724121094 -13.863534927368164 6.100000381469727
      vertex -1.2557029724121094 -13.863534927368164 9.700000762939453
    endloop
  endfacet
  facet normal 0.9807854871154085 -0.19508928280095492 0
    outer loop
      vertex -1.2557029724121094 -13.863534927368164 6.100000381469727
      vertex -1.2888774871826172 -14.030315399169922 9.700000762939453
      vertex -1.2888774871826172 -14.030315399169922 6.100000381469727
    endloop
  endfacet
  facet normal 0.555570897960683 0.8314691680027351 0
    outer loop
      vertex -0.6499996185302734 -15.32583236694336 14.300000190734863
      vertex -0.7913894653320312 -15.231358528137207 17.900001525878906
      vertex -0.6499996185302734 -15.32583236694336 17.900001525878906
    endloop
  endfacet
  facet normal 0.555570897960683 0.8314691680027351 0
    outer loop
      vertex -0.7913894653320312 -15.231358528137207 17.900001525878906
      vertex -0.6499996185302734 -15.32583236694336 14.300000190734863
      vertex -0.7913894653320312 -15.231358528137207 14.300000190734863
    endloop
  endfacet
  facet normal 0.5555708979606829 0.831469168002735 0
    outer loop
      vertex -0.6499996185302734 -15.32583236694336 6.100000381469727
      vertex -0.7913894653320312 -15.231358528137207 9.700000762939453
      vertex -0.6499996185302734 -15.32583236694336 9.700000762939453
    endloop
  endfacet
  facet normal 0.5555708979606829 0.831469168002735 0
    outer loop
      vertex -0.7913894653320312 -15.231358528137207 9.700000762939453
      vertex -0.6499996185302734 -15.32583236694336 6.100000381469727
      vertex -0.7913894653320312 -15.231358528137207 6.100000381469727
    endloop
  endfacet
  facet normal 0.0654037649185976 -0.9978588815731776 0
    outer loop
      vertex -0.16968345642089844 -12.911121368408203 14.300000190734863
      vertex 0 -12.899999618530273 17.900001525878906
      vertex -0.16968345642089844 -12.911121368408203 17.900001525878906
    endloop
  endfacet
  facet normal 0.0654037649185976 -0.9978588815731776 0
    outer loop
      vertex 0 -12.899999618530273 17.900001525878906
      vertex -0.16968345642089844 -12.911121368408203 14.300000190734863
      vertex 0 -12.899999618530273 14.300000190734863
    endloop
  endfacet
  facet normal 0.0654037649185976 -0.9978588815731776 0
    outer loop
      vertex -0.16968345642089844 -12.911121368408203 6.100000381469727
      vertex 0 -12.899999618530273 9.700000762939453
      vertex -0.16968345642089844 -12.911121368408203 9.700000762939453
    endloop
  endfacet
  facet normal 0.0654037649185976 -0.9978588815731776 0
    outer loop
      vertex 0 -12.899999618530273 9.700000762939453
      vertex -0.16968345642089844 -12.911121368408203 6.100000381469727
      vertex 0 -12.899999618530273 6.100000381469727
    endloop
  endfacet
  facet normal 0.32143698212603855 0.9469309724165247 0
    outer loop
      vertex -0.33646392822265625 -15.455702781677246 14.300000190734863
      vertex -0.49748802185058594 -15.401042938232422 17.900001525878906
      vertex -0.33646392822265625 -15.455702781677246 17.900001525878906
    endloop
  endfacet
  facet normal 0.32143698212603855 0.9469309724165247 0
    outer loop
      vertex -0.49748802185058594 -15.401042938232422 17.900001525878906
      vertex -0.33646392822265625 -15.455702781677246 14.300000190734863
      vertex -0.49748802185058594 -15.401042938232422 14.300000190734863
    endloop
  endfacet
  facet normal 0.32143698212603855 0.9469309724165247 0
    outer loop
      vertex -0.33646392822265625 -15.455702781677246 6.100000381469727
      vertex -0.49748802185058594 -15.401042938232422 9.700000762939453
      vertex -0.33646392822265625 -15.455702781677246 9.700000762939453
    endloop
  endfacet
  facet normal 0.32143698212603855 0.9469309724165247 0
    outer loop
      vertex -0.49748802185058594 -15.401042938232422 9.700000762939453
      vertex -0.33646392822265625 -15.455702781677246 6.100000381469727
      vertex -0.49748802185058594 -15.401042938232422 6.100000381469727
    endloop
  endfacet
  facet normal 0.19509467761237934 0.9807844140112146 0
    outer loop
      vertex -0.16968345642089844 -15.48887825012207 14.300000190734863
      vertex -0.33646392822265625 -15.455702781677246 17.900001525878906
      vertex -0.16968345642089844 -15.48887825012207 17.900001525878906
    endloop
  endfacet
  facet normal 0.19509467761237934 0.9807844140112146 0
    outer loop
      vertex -0.33646392822265625 -15.455702781677246 17.900001525878906
      vertex -0.16968345642089844 -15.48887825012207 14.300000190734863
      vertex -0.33646392822265625 -15.455702781677246 14.300000190734863
    endloop
  endfacet
  facet normal 0.19509467761237934 0.9807844140112146 0
    outer loop
      vertex -0.16968345642089844 -15.48887825012207 6.100000381469727
      vertex -0.33646392822265625 -15.455702781677246 9.700000762939453
      vertex -0.16968345642089844 -15.48887825012207 9.700000762939453
    endloop
  endfacet
  facet normal 0.19509467761237934 0.9807844140112146 0
    outer loop
      vertex -0.33646392822265625 -15.455702781677246 9.700000762939453
      vertex -0.16968345642089844 -15.48887825012207 6.100000381469727
      vertex -0.33646392822265625 -15.455702781677246 6.100000381469727
    endloop
  endfacet
endsolid OpenSCAD_Model
