ISO-10303-21;
HEADER;
FILE_DESCRIPTION(('Open CASCADE Model'),'2;1');
FILE_NAME('Open CASCADE Shape Model','2026-10-07T16:18:29',('Author'),(
    'Open CASCADE'),'Open CASCADE STEP processor 7.9','Open CASCADE 7.9'
  ,'Unknown');
FILE_SCHEMA(('AUTOMOTIVE_DESIGN { 1 0 10303 214 1 1 1 1 }'));
ENDSEC;
DATA;
#1 = APPLICATION_PROTOCOL_DEFINITION('international standard',
  'automotive_design',2000,#2);
#2 = APPLICATION_CONTEXT(
  'core data for automotive mechanical design processes');
#3 = SHAPE_DEFINITION_REPRESENTATION(#4,#10);
#4 = PRODUCT_DEFINITION_SHAPE('','',#5);
#5 = PRODUCT_DEFINITION('design','',#6,#9);
#6 = PRODUCT_DEFINITION_FORMATION('','',#7);
#7 = PRODUCT('bb936fc6-c26a-11f1-a2e3-02fc00000005',
  'bb936fc6-c26a-11f1-a2e3-02fc00000005','',(#8));
#8 = PRODUCT_CONTEXT('',#2,'mechanical');
#9 = PRODUCT_DEFINITION_CONTEXT('part definition',#2,'design');
#10 = SHAPE_REPRESENTATION('',(#11,#15,#19),#23);
#11 = AXIS2_PLACEMENT_3D('',#12,#13,#14);
#12 = CARTESIAN_POINT('',(0.,0.,0.));
#13 = DIRECTION('',(0.,0.,1.));
#14 = DIRECTION('',(1.,0.,-0.));
#15 = AXIS2_PLACEMENT_3D('',#16,#17,#18);
#16 = CARTESIAN_POINT('',(0.,0.,0.));
#17 = DIRECTION('',(0.,0.,1.));
#18 = DIRECTION('',(1.,0.,-0.));
#19 = AXIS2_PLACEMENT_3D('',#20,#21,#22);
#20 = CARTESIAN_POINT('',(0.,0.,0.));
#21 = DIRECTION('',(0.,0.,1.));
#22 = DIRECTION('',(1.,0.,-0.));
#23 = ( GEOMETRIC_REPRESENTATION_CONTEXT(3) 
GLOBAL_UNCERTAINTY_ASSIGNED_CONTEXT((#27)) GLOBAL_UNIT_ASSIGNED_CONTEXT(
(#24,#25,#26)) REPRESENTATION_CONTEXT('Context #1',
  '3D Context with UNIT and UNCERTAINTY') );
#24 = ( LENGTH_UNIT() NAMED_UNIT(*) SI_UNIT(.MILLI.,.METRE.) );
#25 = ( NAMED_UNIT(*) PLANE_ANGLE_UNIT() SI_UNIT($,.RADIAN.) );
#26 = ( NAMED_UNIT(*) SI_UNIT($,.STERADIAN.) SOLID_ANGLE_UNIT() );
#27 = UNCERTAINTY_MEASURE_WITH_UNIT(LENGTH_MEASURE(2.E-06),#24,
  'distance_accuracy_value','confusion accuracy');
#28 = PRODUCT_RELATED_PRODUCT_CATEGORY('part',$,(#7));
#29 = SHAPE_DEFINITION_REPRESENTATION(#30,#36);
#30 = PRODUCT_DEFINITION_SHAPE('','',#31);
#31 = PRODUCT_DEFINITION('design','',#32,#35);
#32 = PRODUCT_DEFINITION_FORMATION('','',#33);
#33 = PRODUCT('top_shell_dorsal','top_shell_dorsal','',(#34));
#34 = PRODUCT_CONTEXT('',#2,'mechanical');
#35 = PRODUCT_DEFINITION_CONTEXT('part definition',#2,'design');
#36 = ADVANCED_BREP_SHAPE_REPRESENTATION('',(#11,#37),#7586);
#37 = MANIFOLD_SOLID_BREP('',#38);
#38 = CLOSED_SHELL('',(#39,#163,#692,#1641,#2114,#2679,#2726,#3307,#3332
    ,#3359,#3386,#3411,#3438,#3953,#4182,#4264,#4313,#4367,#4449,#4498,
    #4552,#4634,#4683,#4737,#4786,#4811,#4926,#4975,#5185,#5210,#5409,
    #5436,#5463,#5470,#5477,#5504,#6080,#6129,#6179,#6620,#6645,#6652,
    #6659,#6666,#6691,#6926,#6933,#6940,#6947,#6974,#7001,#7008,#7035,
    #7062,#7087,#7114,#7141,#7168,#7195,#7220,#7245,#7272,#7299,#7326,
    #7353,#7378,#7405,#7432,#7459,#7466,#7522,#7578,#7582));
#39 = ADVANCED_FACE('',(#40),#54,.F.);
#40 = FACE_BOUND('',#41,.F.);
#41 = EDGE_LOOP('',(#42,#77,#108,#134));
#42 = ORIENTED_EDGE('',*,*,#43,.F.);
#43 = EDGE_CURVE('',#44,#46,#48,.T.);
#44 = VERTEX_POINT('',#45);
#45 = CARTESIAN_POINT('',(0.,6.,10.2));
#46 = VERTEX_POINT('',#47);
#47 = CARTESIAN_POINT('',(0.,-6.,10.2));
#48 = SURFACE_CURVE('',#49,(#53,#65),.PCURVE_S1.);
#49 = LINE('',#50,#51);
#50 = CARTESIAN_POINT('',(0.,6.,10.2));
#51 = VECTOR('',#52,1.);
#52 = DIRECTION('',(0.,-1.,0.));
#53 = PCURVE('',#54,#59);
#54 = PLANE('',#55);
#55 = AXIS2_PLACEMENT_3D('',#56,#57,#58);
#56 = CARTESIAN_POINT('',(0.,6.,10.2));
#57 = DIRECTION('',(0.,0.,-1.));
#58 = DIRECTION('',(0.,-1.,0.));
#59 = DEFINITIONAL_REPRESENTATION('',(#60),#64);
#60 = LINE('',#61,#62);
#61 = CARTESIAN_POINT('',(0.,-0.));
#62 = VECTOR('',#63,1.);
#63 = DIRECTION('',(1.,0.));
#64 = ( GEOMETRIC_REPRESENTATION_CONTEXT(2) 
PARAMETRIC_REPRESENTATION_CONTEXT() REPRESENTATION_CONTEXT('2D SPACE',''
  ) );
#65 = PCURVE('',#66,#71);
#66 = PLANE('',#67);
#67 = AXIS2_PLACEMENT_3D('',#68,#69,#70);
#68 = CARTESIAN_POINT('',(0.,1.098615638815E-15,-5.254248707375E-16));
#69 = DIRECTION('',(1.,0.,0.));
#70 = DIRECTION('',(-0.,0.,1.));
#71 = DEFINITIONAL_REPRESENTATION('',(#72),#76);
#72 = LINE('',#73,#74);
#73 = CARTESIAN_POINT('',(10.2,-6.));
#74 = VECTOR('',#75,1.);
#75 = DIRECTION('',(0.,1.));
#76 = ( GEOMETRIC_REPRESENTATION_CONTEXT(2) 
PARAMETRIC_REPRESENTATION_CONTEXT() REPRESENTATION_CONTEXT('2D SPACE',''
  ) );
#77 = ORIENTED_EDGE('',*,*,#78,.T.);
#78 = EDGE_CURVE('',#44,#79,#81,.T.);
#79 = VERTEX_POINT('',#80);
#80 = CARTESIAN_POINT('',(1.9,6.,10.2));
#81 = SURFACE_CURVE('',#82,(#86,#93),.PCURVE_S1.);
#82 = LINE('',#83,#84);
#83 = CARTESIAN_POINT('',(0.,6.,10.2));
#84 = VECTOR('',#85,1.);
#85 = DIRECTION('',(1.,0.,0.));
#86 = PCURVE('',#54,#87);
#87 = DEFINITIONAL_REPRESENTATION('',(#88),#92);
#88 = LINE('',#89,#90);
#89 = CARTESIAN_POINT('',(-2.6645352591E-15,-0.));
#90 = VECTOR('',#91,1.);
#91 = DIRECTION('',(0.,-1.));
#92 = ( GEOMETRIC_REPRESENTATION_CONTEXT(2) 
PARAMETRIC_REPRESENTATION_CONTEXT() REPRESENTATION_CONTEXT('2D SPACE',''
  ) );
#93 = PCURVE('',#94,#102);
#94 = SURFACE_OF_LINEAR_EXTRUSION('',#95,#100);
#95 = ELLIPSE('',#96,10.2,5.7);
#96 = AXIS2_PLACEMENT_3D('',#97,#98,#99);
#97 = CARTESIAN_POINT('',(0.,6.,7.301798873315E-16));
#98 = DIRECTION('',(1.,0.,-0.));
#99 = DIRECTION('',(0.,1.110223024625E-16,1.));
#100 = VECTOR('',#101,1.);
#101 = DIRECTION('',(-1.,-0.,-0.));
#102 = DEFINITIONAL_REPRESENTATION('',(#103),#107);
#103 = LINE('',#104,#105);
#104 = CARTESIAN_POINT('',(6.28318530718,0.));
#105 = VECTOR('',#106,1.);
#106 = DIRECTION('',(0.,-1.));
#107 = ( GEOMETRIC_REPRESENTATION_CONTEXT(2) 
PARAMETRIC_REPRESENTATION_CONTEXT() REPRESENTATION_CONTEXT('2D SPACE',''
  ) );
#108 = ORIENTED_EDGE('',*,*,#109,.T.);
#109 = EDGE_CURVE('',#79,#110,#112,.T.);
#110 = VERTEX_POINT('',#111);
#111 = CARTESIAN_POINT('',(1.9,-6.,10.2));
#112 = SURFACE_CURVE('',#113,(#117,#123),.PCURVE_S1.);
#113 = LINE('',#114,#115);
#114 = CARTESIAN_POINT('',(1.9,3.,10.2));
#115 = VECTOR('',#116,1.);
#116 = DIRECTION('',(0.,-1.,0.));
#117 = PCURVE('',#54,#118);
#118 = DEFINITIONAL_REPRESENTATION('',(#119),#122);
#119 = B_SPLINE_CURVE_WITH_KNOTS('',1,(#120,#121),.UNSPECIFIED.,.F.,.F.,
  (2,2),(-3.,9.),.PIECEWISE_BEZIER_KNOTS.);
#120 = CARTESIAN_POINT('',(-2.6645352591E-15,-1.9));
#121 = CARTESIAN_POINT('',(12.,-1.9));
#122 = ( GEOMETRIC_REPRESENTATION_CONTEXT(2) 
PARAMETRIC_REPRESENTATION_CONTEXT() REPRESENTATION_CONTEXT('2D SPACE',''
  ) );
#123 = PCURVE('',#124,#129);
#124 = PLANE('',#125);
#125 = AXIS2_PLACEMENT_3D('',#126,#127,#128);
#126 = CARTESIAN_POINT('',(1.9,0.,8.));
#127 = DIRECTION('',(1.,0.,0.));
#128 = DIRECTION('',(-0.,0.,1.));
#129 = DEFINITIONAL_REPRESENTATION('',(#130),#133);
#130 = B_SPLINE_CURVE_WITH_KNOTS('',1,(#131,#132),.UNSPECIFIED.,.F.,.F.,
  (2,2),(-3.,9.),.PIECEWISE_BEZIER_KNOTS.);
#131 = CARTESIAN_POINT('',(2.2,-6.));
#132 = CARTESIAN_POINT('',(2.2,6.));
#133 = ( GEOMETRIC_REPRESENTATION_CONTEXT(2) 
PARAMETRIC_REPRESENTATION_CONTEXT() REPRESENTATION_CONTEXT('2D SPACE',''
  ) );
#134 = ORIENTED_EDGE('',*,*,#135,.F.);
#135 = EDGE_CURVE('',#46,#110,#136,.T.);
#136 = SURFACE_CURVE('',#137,(#141,#148),.PCURVE_S1.);
#137 = LINE('',#138,#139);
#138 = CARTESIAN_POINT('',(0.,-6.,10.2));
#139 = VECTOR('',#140,1.);
#140 = DIRECTION('',(1.,0.,0.));
#141 = PCURVE('',#54,#142);
#142 = DEFINITIONAL_REPRESENTATION('',(#143),#147);
#143 = LINE('',#144,#145);
#144 = CARTESIAN_POINT('',(12.,0.));
#145 = VECTOR('',#146,1.);
#146 = DIRECTION('',(0.,-1.));
#147 = ( GEOMETRIC_REPRESENTATION_CONTEXT(2) 
PARAMETRIC_REPRESENTATION_CONTEXT() REPRESENTATION_CONTEXT('2D SPACE',''
  ) );
#148 = PCURVE('',#149,#157);
#149 = SURFACE_OF_LINEAR_EXTRUSION('',#150,#155);
#150 = ELLIPSE('',#151,10.2,5.7);
#151 = AXIS2_PLACEMENT_3D('',#152,#153,#154);
#152 = CARTESIAN_POINT('',(0.,-6.,0.));
#153 = DIRECTION('',(1.,0.,-0.));
#154 = DIRECTION('',(0.,1.110223024625E-16,1.));
#155 = VECTOR('',#156,1.);
#156 = DIRECTION('',(-1.,-0.,-0.));
#157 = DEFINITIONAL_REPRESENTATION('',(#158),#162);
#158 = LINE('',#159,#160);
#159 = CARTESIAN_POINT('',(0.,0.));
#160 = VECTOR('',#161,1.);
#161 = DIRECTION('',(0.,-1.));
#162 = ( GEOMETRIC_REPRESENTATION_CONTEXT(2) 
PARAMETRIC_REPRESENTATION_CONTEXT() REPRESENTATION_CONTEXT('2D SPACE',''
  ) );
#163 = ADVANCED_FACE('',(#164),#66,.F.);
#164 = FACE_BOUND('',#165,.F.);
#165 = EDGE_LOOP('',(#166,#194,#216,#217,#241,#268,#404,#430,#458,#486,
    #514,#540));
#166 = ORIENTED_EDGE('',*,*,#167,.F.);
#167 = EDGE_CURVE('',#168,#170,#172,.T.);
#168 = VERTEX_POINT('',#169);
#169 = CARTESIAN_POINT('',(0.,11.7,-1.7763568394E-15));
#170 = VERTEX_POINT('',#171);
#171 = CARTESIAN_POINT('',(0.,9.5,-1.7763568394E-15));
#172 = SURFACE_CURVE('',#173,(#177,#183),.PCURVE_S1.);
#173 = LINE('',#174,#175);
#174 = CARTESIAN_POINT('',(0.,-36.,0.));
#175 = VECTOR('',#176,1.);
#176 = DIRECTION('',(0.,-1.,0.));
#177 = PCURVE('',#66,#178);
#178 = DEFINITIONAL_REPRESENTATION('',(#179),#182);
#179 = B_SPLINE_CURVE_WITH_KNOTS('',1,(#180,#181),.UNSPECIFIED.,.F.,.F.,
  (2,2),(-47.7,-24.3),.PIECEWISE_BEZIER_KNOTS.);
#180 = CARTESIAN_POINT('',(5.254248707375E-16,-11.7));
#181 = CARTESIAN_POINT('',(5.254248707375E-16,11.7));
#182 = ( GEOMETRIC_REPRESENTATION_CONTEXT(2) 
PARAMETRIC_REPRESENTATION_CONTEXT() REPRESENTATION_CONTEXT('2D SPACE',''
  ) );
#183 = PCURVE('',#184,#189);
#184 = PLANE('',#185);
#185 = AXIS2_PLACEMENT_3D('',#186,#187,#188);
#186 = CARTESIAN_POINT('',(-72.,-72.,0.));
#187 = DIRECTION('',(0.,0.,1.));
#188 = DIRECTION('',(1.,0.,0.));
#189 = DEFINITIONAL_REPRESENTATION('',(#190),#193);
#190 = B_SPLINE_CURVE_WITH_KNOTS('',1,(#191,#192),.UNSPECIFIED.,.F.,.F.,
  (2,2),(-47.7,-24.3),.PIECEWISE_BEZIER_KNOTS.);
#191 = CARTESIAN_POINT('',(72.,83.7));
#192 = CARTESIAN_POINT('',(72.,60.3));
#193 = ( GEOMETRIC_REPRESENTATION_CONTEXT(2) 
PARAMETRIC_REPRESENTATION_CONTEXT() REPRESENTATION_CONTEXT('2D SPACE',''
  ) );
#194 = ORIENTED_EDGE('',*,*,#195,.T.);
#195 = EDGE_CURVE('',#168,#44,#196,.T.);
#196 = SURFACE_CURVE('',#197,(#202,#209),.PCURVE_S1.);
#197 = ELLIPSE('',#198,10.2,5.7);
#198 = AXIS2_PLACEMENT_3D('',#199,#200,#201);
#199 = CARTESIAN_POINT('',(0.,6.,7.301798873315E-16));
#200 = DIRECTION('',(1.,0.,-0.));
#201 = DIRECTION('',(0.,1.110223024625E-16,1.));
#202 = PCURVE('',#66,#203);
#203 = DEFINITIONAL_REPRESENTATION('',(#204),#208);
#204 = ELLIPSE('',#205,10.2,5.7);
#205 = AXIS2_PLACEMENT_2D('',#206,#207);
#206 = CARTESIAN_POINT('',(1.255604758069E-15,-6.));
#207 = DIRECTION('',(1.,-1.110223024625E-16));
#208 = ( GEOMETRIC_REPRESENTATION_CONTEXT(2) 
PARAMETRIC_REPRESENTATION_CONTEXT() REPRESENTATION_CONTEXT('2D SPACE',''
  ) );
#209 = PCURVE('',#94,#210);
#210 = DEFINITIONAL_REPRESENTATION('',(#211),#215);
#211 = LINE('',#212,#213);
#212 = CARTESIAN_POINT('',(0.,0.));
#213 = VECTOR('',#214,1.);
#214 = DIRECTION('',(1.,0.));
#215 = ( GEOMETRIC_REPRESENTATION_CONTEXT(2) 
PARAMETRIC_REPRESENTATION_CONTEXT() REPRESENTATION_CONTEXT('2D SPACE',''
  ) );
#216 = ORIENTED_EDGE('',*,*,#43,.T.);
#217 = ORIENTED_EDGE('',*,*,#218,.T.);
#218 = EDGE_CURVE('',#46,#219,#221,.T.);
#219 = VERTEX_POINT('',#220);
#220 = CARTESIAN_POINT('',(0.,-11.7,1.7763568394E-15));
#221 = SURFACE_CURVE('',#222,(#227,#234),.PCURVE_S1.);
#222 = ELLIPSE('',#223,10.2,5.7);
#223 = AXIS2_PLACEMENT_3D('',#224,#225,#226);
#224 = CARTESIAN_POINT('',(0.,-6.,0.));
#225 = DIRECTION('',(1.,0.,-0.));
#226 = DIRECTION('',(0.,1.110223024625E-16,1.));
#227 = PCURVE('',#66,#228);
#228 = DEFINITIONAL_REPRESENTATION('',(#229),#233);
#229 = ELLIPSE('',#230,10.2,5.7);
#230 = AXIS2_PLACEMENT_2D('',#231,#232);
#231 = CARTESIAN_POINT('',(5.254248707375E-16,6.));
#232 = DIRECTION('',(1.,-1.110223024625E-16));
#233 = ( GEOMETRIC_REPRESENTATION_CONTEXT(2) 
PARAMETRIC_REPRESENTATION_CONTEXT() REPRESENTATION_CONTEXT('2D SPACE',''
  ) );
#234 = PCURVE('',#149,#235);
#235 = DEFINITIONAL_REPRESENTATION('',(#236),#240);
#236 = LINE('',#237,#238);
#237 = CARTESIAN_POINT('',(0.,0.));
#238 = VECTOR('',#239,1.);
#239 = DIRECTION('',(1.,0.));
#240 = ( GEOMETRIC_REPRESENTATION_CONTEXT(2) 
PARAMETRIC_REPRESENTATION_CONTEXT() REPRESENTATION_CONTEXT('2D SPACE',''
  ) );
#241 = ORIENTED_EDGE('',*,*,#242,.F.);
#242 = EDGE_CURVE('',#243,#219,#245,.T.);
#243 = VERTEX_POINT('',#244);
#244 = CARTESIAN_POINT('',(0.,-9.5,0.));
#245 = SURFACE_CURVE('',#246,(#250,#256),.PCURVE_S1.);
#246 = LINE('',#247,#248);
#247 = CARTESIAN_POINT('',(0.,-36.,0.));
#248 = VECTOR('',#249,1.);
#249 = DIRECTION('',(0.,-1.,0.));
#250 = PCURVE('',#66,#251);
#251 = DEFINITIONAL_REPRESENTATION('',(#252),#255);
#252 = B_SPLINE_CURVE_WITH_KNOTS('',1,(#253,#254),.UNSPECIFIED.,.F.,.F.,
  (2,2),(-47.7,-24.3),.PIECEWISE_BEZIER_KNOTS.);
#253 = CARTESIAN_POINT('',(5.254248707375E-16,-11.7));
#254 = CARTESIAN_POINT('',(5.254248707375E-16,11.7));
#255 = ( GEOMETRIC_REPRESENTATION_CONTEXT(2) 
PARAMETRIC_REPRESENTATION_CONTEXT() REPRESENTATION_CONTEXT('2D SPACE',''
  ) );
#256 = PCURVE('',#257,#262);
#257 = PLANE('',#258);
#258 = AXIS2_PLACEMENT_3D('',#259,#260,#261);
#259 = CARTESIAN_POINT('',(-72.,-72.,0.));
#260 = DIRECTION('',(0.,0.,1.));
#261 = DIRECTION('',(1.,0.,0.));
#262 = DEFINITIONAL_REPRESENTATION('',(#263),#267);
#263 = LINE('',#264,#265);
#264 = CARTESIAN_POINT('',(72.,36.));
#265 = VECTOR('',#266,1.);
#266 = DIRECTION('',(0.,-1.));
#267 = ( GEOMETRIC_REPRESENTATION_CONTEXT(2) 
PARAMETRIC_REPRESENTATION_CONTEXT() REPRESENTATION_CONTEXT('2D SPACE',''
  ) );
#268 = ORIENTED_EDGE('',*,*,#269,.T.);
#269 = EDGE_CURVE('',#243,#270,#272,.T.);
#270 = VERTEX_POINT('',#271);
#271 = CARTESIAN_POINT('',(0.,-6.,8.));
#272 = SURFACE_CURVE('',#273,(#312,#354),.PCURVE_S1.);
#273 = B_SPLINE_CURVE_WITH_KNOTS('',7,(#274,#275,#276,#277,#278,#279,
    #280,#281,#282,#283,#284,#285,#286,#287,#288,#289,#290,#291,#292,
    #293,#294,#295,#296,#297,#298,#299,#300,#301,#302,#303,#304,#305,
    #306,#307,#308,#309,#310,#311),.UNSPECIFIED.,.F.,.F.,(8,6,6,6,6,6,8)
  ,(0.,0.383761525915,0.554960586812,0.704488106854,0.876959334464,
    0.924427095897,1.),.UNSPECIFIED.);
#274 = CARTESIAN_POINT('',(0.,-9.5,8.784367782777E-16));
#275 = CARTESIAN_POINT('',(0.,-9.5,0.518103695271));
#276 = CARTESIAN_POINT('',(0.,-9.482874192842,1.036063454374));
#277 = CARTESIAN_POINT('',(0.,-9.44863486237,1.553370556981));
#278 = CARTESIAN_POINT('',(0.,-9.396888762692,2.06931144097));
#279 = CARTESIAN_POINT('',(0.,-9.326830291823,2.582944567508));
#280 = CARTESIAN_POINT('',(0.,-9.237281843264,3.093108174825));
#281 = CARTESIAN_POINT('',(0.,-9.076321595569,3.823660885338));
#282 = CARTESIAN_POINT('',(0.,-9.022345188348,4.047999554211));
#283 = CARTESIAN_POINT('',(0.,-8.963848906088,4.271173596468));
#284 = CARTESIAN_POINT('',(0.,-8.900596459023,4.492995644214));
#285 = CARTESIAN_POINT('',(0.,-8.832311378322,4.713226441409));
#286 = CARTESIAN_POINT('',(0.,-8.758656006062,4.931567490561));
#287 = CARTESIAN_POINT('',(0.,-8.609785677725,5.336373542469));
#288 = CARTESIAN_POINT('',(0.,-8.535963071619,5.52333341464));
#289 = CARTESIAN_POINT('',(0.,-8.45742384774,5.708312692407));
#290 = CARTESIAN_POINT('',(0.,-8.373821540918,5.890983370624));
#291 = CARTESIAN_POINT('',(0.,-8.284765771955,6.070905306522));
#292 = CARTESIAN_POINT('',(0.,-8.189786279834,6.247506475956));
#293 = CARTESIAN_POINT('',(0.,-7.971151116511,6.619050449145));
#294 = CARTESIAN_POINT('',(0.,-7.845585837035,6.812217673526));
#295 = CARTESIAN_POINT('',(0.,-7.710357050197,6.998955477139));
#296 = CARTESIAN_POINT('',(0.,-7.564293888284,7.177588803971));
#297 = CARTESIAN_POINT('',(0.,-7.406256080281,7.345311971587));
#298 = CARTESIAN_POINT('',(0.,-7.235263481095,7.49832233588));
#299 = CARTESIAN_POINT('',(0.,-6.999189650007,7.668042651027));
#300 = CARTESIAN_POINT('',(0.,-6.947204661872,7.703137537297));
#301 = CARTESIAN_POINT('',(0.,-6.894180496138,7.73658077772));
#302 = CARTESIAN_POINT('',(0.,-6.840123597767,7.768242726856));
#303 = CARTESIAN_POINT('',(0.,-6.785053338338,7.79798549826));
#304 = CARTESIAN_POINT('',(0.,-6.7290042864,7.825667283292));
#305 = CARTESIAN_POINT('',(0.,-6.581317915802,7.891712122855));
#306 = CARTESIAN_POINT('',(0.,-6.488209302602,7.926717376687));
#307 = CARTESIAN_POINT('',(0.,-6.392987162781,7.955547603188));
#308 = CARTESIAN_POINT('',(0.,-6.296024621904,7.977642899118));
#309 = CARTESIAN_POINT('',(0.,-6.197793901624,7.992550575138));
#310 = CARTESIAN_POINT('',(0.,-6.098880348993,8.));
#311 = CARTESIAN_POINT('',(0.,-6.,8.));
#312 = PCURVE('',#66,#313);
#313 = DEFINITIONAL_REPRESENTATION('',(#314),#353);
#314 = B_SPLINE_CURVE_WITH_KNOTS('',7,(#315,#316,#317,#318,#319,#320,
    #321,#322,#323,#324,#325,#326,#327,#328,#329,#330,#331,#332,#333,
    #334,#335,#336,#337,#338,#339,#340,#341,#342,#343,#344,#345,#346,
    #347,#348,#349,#350,#351,#352),.UNSPECIFIED.,.F.,.F.,(8,6,6,6,6,6,8)
  ,(0.,0.383761525915,0.554960586812,0.704488106854,0.876959334464,
    0.924427095897,1.),.UNSPECIFIED.);
#315 = CARTESIAN_POINT('',(1.403861649015E-15,9.5));
#316 = CARTESIAN_POINT('',(0.518103695271,9.5));
#317 = CARTESIAN_POINT('',(1.036063454374,9.482874192842));
#318 = CARTESIAN_POINT('',(1.553370556981,9.44863486237));
#319 = CARTESIAN_POINT('',(2.06931144097,9.396888762692));
#320 = CARTESIAN_POINT('',(2.582944567508,9.326830291823));
#321 = CARTESIAN_POINT('',(3.093108174825,9.237281843264));
#322 = CARTESIAN_POINT('',(3.823660885338,9.076321595569));
#323 = CARTESIAN_POINT('',(4.047999554211,9.022345188348));
#324 = CARTESIAN_POINT('',(4.271173596468,8.963848906088));
#325 = CARTESIAN_POINT('',(4.492995644214,8.900596459023));
#326 = CARTESIAN_POINT('',(4.713226441409,8.832311378322));
#327 = CARTESIAN_POINT('',(4.931567490561,8.758656006062));
#328 = CARTESIAN_POINT('',(5.336373542469,8.609785677725));
#329 = CARTESIAN_POINT('',(5.52333341464,8.535963071619));
#330 = CARTESIAN_POINT('',(5.708312692407,8.45742384774));
#331 = CARTESIAN_POINT('',(5.890983370624,8.373821540918));
#332 = CARTESIAN_POINT('',(6.070905306522,8.284765771955));
#333 = CARTESIAN_POINT('',(6.247506475956,8.189786279834));
#334 = CARTESIAN_POINT('',(6.619050449145,7.971151116511));
#335 = CARTESIAN_POINT('',(6.812217673526,7.845585837035));
#336 = CARTESIAN_POINT('',(6.998955477139,7.710357050197));
#337 = CARTESIAN_POINT('',(7.177588803971,7.564293888284));
#338 = CARTESIAN_POINT('',(7.345311971587,7.406256080281));
#339 = CARTESIAN_POINT('',(7.49832233588,7.235263481095));
#340 = CARTESIAN_POINT('',(7.668042651027,6.999189650007));
#341 = CARTESIAN_POINT('',(7.703137537297,6.947204661872));
#342 = CARTESIAN_POINT('',(7.73658077772,6.894180496138));
#343 = CARTESIAN_POINT('',(7.768242726856,6.840123597767));
#344 = CARTESIAN_POINT('',(7.79798549826,6.785053338338));
#345 = CARTESIAN_POINT('',(7.825667283292,6.7290042864));
#346 = CARTESIAN_POINT('',(7.891712122855,6.581317915802));
#347 = CARTESIAN_POINT('',(7.926717376687,6.488209302602));
#348 = CARTESIAN_POINT('',(7.955547603188,6.392987162781));
#349 = CARTESIAN_POINT('',(7.977642899118,6.296024621904));
#350 = CARTESIAN_POINT('',(7.992550575138,6.197793901624));
#351 = CARTESIAN_POINT('',(8.,6.098880348993));
#352 = CARTESIAN_POINT('',(8.,6.));
#353 = ( GEOMETRIC_REPRESENTATION_CONTEXT(2) 
PARAMETRIC_REPRESENTATION_CONTEXT() REPRESENTATION_CONTEXT('2D SPACE',''
  ) );
#354 = PCURVE('',#355,#363);
#355 = SURFACE_OF_LINEAR_EXTRUSION('',#356,#361);
#356 = ELLIPSE('',#357,8.,3.5);
#357 = AXIS2_PLACEMENT_3D('',#358,#359,#360);
#358 = CARTESIAN_POINT('',(-2.,-6.,0.));
#359 = DIRECTION('',(1.,0.,-0.));
#360 = DIRECTION('',(0.,1.110223024625E-16,1.));
#361 = VECTOR('',#362,1.);
#362 = DIRECTION('',(-1.,-0.,-0.));
#363 = DEFINITIONAL_REPRESENTATION('',(#364),#403);
#364 = B_SPLINE_CURVE_WITH_KNOTS('',7,(#365,#366,#367,#368,#369,#370,
    #371,#372,#373,#374,#375,#376,#377,#378,#379,#380,#381,#382,#383,
    #384,#385,#386,#387,#388,#389,#390,#391,#392,#393,#394,#395,#396,
    #397,#398,#399,#400,#401,#402),.UNSPECIFIED.,.F.,.F.,(8,6,6,6,6,6,8)
  ,(0.,0.383761525915,0.554960586812,0.704488106854,0.876959334464,
    0.924427095897,1.),.UNSPECIFIED.);
#365 = CARTESIAN_POINT('',(1.570796326795,-2.));
#366 = CARTESIAN_POINT('',(1.506033364886,-2.));
#367 = CARTESIAN_POINT('',(1.441288561384,-2.));
#368 = CARTESIAN_POINT('',(1.37618066756,-2.));
#369 = CARTESIAN_POINT('',(1.310360269801,-2.));
#370 = CARTESIAN_POINT('',(1.243437423182,-2.));
#371 = CARTESIAN_POINT('',(1.174973700575,-2.));
#372 = CARTESIAN_POINT('',(1.072728254745,-2.));
#373 = CARTESIAN_POINT('',(1.040746073197,-2.));
#374 = CARTESIAN_POINT('',(1.00826193471,-2.));
#375 = CARTESIAN_POINT('',(0.975208353046,-2.));
#376 = CARTESIAN_POINT('',(0.941509982832,-2.));
#377 = CARTESIAN_POINT('',(0.90707676963,-2.));
#378 = CARTESIAN_POINT('',(0.84097374399,-2.));
#379 = CARTESIAN_POINT('',(0.809512473632,-2.));
#380 = CARTESIAN_POINT('',(0.77732603029,-2.));
#381 = CARTESIAN_POINT('',(0.744324666781,-2.));
#382 = CARTESIAN_POINT('',(0.710409662552,-2.));
#383 = CARTESIAN_POINT('',(0.675461005956,-2.));
#384 = CARTESIAN_POINT('',(0.597620774042,-2.));
#385 = CARTESIAN_POINT('',(0.554423814437,-2.));
#386 = CARTESIAN_POINT('',(0.509371744595,-2.));
#387 = CARTESIAN_POINT('',(0.462166261098,-2.));
#388 = CARTESIAN_POINT('',(0.412524466485,-2.));
#389 = CARTESIAN_POINT('',(0.360181640381,-2.));
#390 = CARTESIAN_POINT('',(0.289474247958,-2.));
#391 = CARTESIAN_POINT('',(0.273989472643,-2.));
#392 = CARTESIAN_POINT('',(0.258277634006,-2.));
#393 = CARTESIAN_POINT('',(0.242338740757,-2.));
#394 = CARTESIAN_POINT('',(0.226175818022,-2.));
#395 = CARTESIAN_POINT('',(0.209795387595,-2.));
#396 = CARTESIAN_POINT('',(0.166799267248,-2.));
#397 = CARTESIAN_POINT('',(0.139851638258,-2.));
#398 = CARTESIAN_POINT('',(0.112429457321,-2.));
#399 = CARTESIAN_POINT('',(8.461531564908E-02,-2.));
#400 = CARTESIAN_POINT('',(5.651253430258E-02,-2.));
#401 = CARTESIAN_POINT('',(2.825152828368E-02,-2.));
#402 = CARTESIAN_POINT('',(0.,-2.));
#403 = ( GEOMETRIC_REPRESENTATION_CONTEXT(2) 
PARAMETRIC_REPRESENTATION_CONTEXT() REPRESENTATION_CONTEXT('2D SPACE',''
  ) );
#404 = ORIENTED_EDGE('',*,*,#405,.T.);
#405 = EDGE_CURVE('',#270,#406,#408,.T.);
#406 = VERTEX_POINT('',#407);
#407 = CARTESIAN_POINT('',(0.,-1.1,8.));
#408 = SURFACE_CURVE('',#409,(#413,#419),.PCURVE_S1.);
#409 = LINE('',#410,#411);
#410 = CARTESIAN_POINT('',(0.,3.,8.));
#411 = VECTOR('',#412,1.);
#412 = DIRECTION('',(-0.,1.,0.));
#413 = PCURVE('',#66,#414);
#414 = DEFINITIONAL_REPRESENTATION('',(#415),#418);
#415 = B_SPLINE_CURVE_WITH_KNOTS('',1,(#416,#417),.UNSPECIFIED.,.F.,.F.,
  (2,2),(-9.,3.),.PIECEWISE_BEZIER_KNOTS.);
#416 = CARTESIAN_POINT('',(8.,6.));
#417 = CARTESIAN_POINT('',(8.,-6.));
#418 = ( GEOMETRIC_REPRESENTATION_CONTEXT(2) 
PARAMETRIC_REPRESENTATION_CONTEXT() REPRESENTATION_CONTEXT('2D SPACE',''
  ) );
#419 = PCURVE('',#420,#425);
#420 = PLANE('',#421);
#421 = AXIS2_PLACEMENT_3D('',#422,#423,#424);
#422 = CARTESIAN_POINT('',(-2.,6.,8.));
#423 = DIRECTION('',(0.,0.,-1.));
#424 = DIRECTION('',(0.,-1.,0.));
#425 = DEFINITIONAL_REPRESENTATION('',(#426),#429);
#426 = B_SPLINE_CURVE_WITH_KNOTS('',1,(#427,#428),.UNSPECIFIED.,.F.,.F.,
  (2,2),(-9.,3.),.PIECEWISE_BEZIER_KNOTS.);
#427 = CARTESIAN_POINT('',(12.,-2.));
#428 = CARTESIAN_POINT('',(-8.881784197001E-16,-2.));
#429 = ( GEOMETRIC_REPRESENTATION_CONTEXT(2) 
PARAMETRIC_REPRESENTATION_CONTEXT() REPRESENTATION_CONTEXT('2D SPACE',''
  ) );
#430 = ORIENTED_EDGE('',*,*,#431,.T.);
#431 = EDGE_CURVE('',#406,#432,#434,.T.);
#432 = VERTEX_POINT('',#433);
#433 = CARTESIAN_POINT('',(0.,-1.1,9.2));
#434 = SURFACE_CURVE('',#435,(#439,#446),.PCURVE_S1.);
#435 = LINE('',#436,#437);
#436 = CARTESIAN_POINT('',(0.,-1.1,7.6));
#437 = VECTOR('',#438,1.);
#438 = DIRECTION('',(0.,0.,1.));
#439 = PCURVE('',#66,#440);
#440 = DEFINITIONAL_REPRESENTATION('',(#441),#445);
#441 = LINE('',#442,#443);
#442 = CARTESIAN_POINT('',(7.6,1.1));
#443 = VECTOR('',#444,1.);
#444 = DIRECTION('',(1.,0.));
#445 = ( GEOMETRIC_REPRESENTATION_CONTEXT(2) 
PARAMETRIC_REPRESENTATION_CONTEXT() REPRESENTATION_CONTEXT('2D SPACE',''
  ) );
#446 = PCURVE('',#447,#452);
#447 = PLANE('',#448);
#448 = AXIS2_PLACEMENT_3D('',#449,#450,#451);
#449 = CARTESIAN_POINT('',(0.,-1.1,7.6));
#450 = DIRECTION('',(0.,1.,0.));
#451 = DIRECTION('',(0.,0.,1.));
#452 = DEFINITIONAL_REPRESENTATION('',(#453),#457);
#453 = LINE('',#454,#455);
#454 = CARTESIAN_POINT('',(0.,0.));
#455 = VECTOR('',#456,1.);
#456 = DIRECTION('',(1.,0.));
#457 = ( GEOMETRIC_REPRESENTATION_CONTEXT(2) 
PARAMETRIC_REPRESENTATION_CONTEXT() REPRESENTATION_CONTEXT('2D SPACE',''
  ) );
#458 = ORIENTED_EDGE('',*,*,#459,.T.);
#459 = EDGE_CURVE('',#432,#460,#462,.T.);
#460 = VERTEX_POINT('',#461);
#461 = CARTESIAN_POINT('',(0.,1.1,9.2));
#462 = SURFACE_CURVE('',#463,(#467,#474),.PCURVE_S1.);
#463 = LINE('',#464,#465);
#464 = CARTESIAN_POINT('',(0.,-1.1,9.2));
#465 = VECTOR('',#466,1.);
#466 = DIRECTION('',(0.,1.,0.));
#467 = PCURVE('',#66,#468);
#468 = DEFINITIONAL_REPRESENTATION('',(#469),#473);
#469 = LINE('',#470,#471);
#470 = CARTESIAN_POINT('',(9.2,1.1));
#471 = VECTOR('',#472,1.);
#472 = DIRECTION('',(0.,-1.));
#473 = ( GEOMETRIC_REPRESENTATION_CONTEXT(2) 
PARAMETRIC_REPRESENTATION_CONTEXT() REPRESENTATION_CONTEXT('2D SPACE',''
  ) );
#474 = PCURVE('',#475,#480);
#475 = PLANE('',#476);
#476 = AXIS2_PLACEMENT_3D('',#477,#478,#479);
#477 = CARTESIAN_POINT('',(0.,-1.1,9.2));
#478 = DIRECTION('',(0.,0.,1.));
#479 = DIRECTION('',(1.,0.,0.));
#480 = DEFINITIONAL_REPRESENTATION('',(#481),#485);
#481 = LINE('',#482,#483);
#482 = CARTESIAN_POINT('',(0.,0.));
#483 = VECTOR('',#484,1.);
#484 = DIRECTION('',(0.,1.));
#485 = ( GEOMETRIC_REPRESENTATION_CONTEXT(2) 
PARAMETRIC_REPRESENTATION_CONTEXT() REPRESENTATION_CONTEXT('2D SPACE',''
  ) );
#486 = ORIENTED_EDGE('',*,*,#487,.F.);
#487 = EDGE_CURVE('',#488,#460,#490,.T.);
#488 = VERTEX_POINT('',#489);
#489 = CARTESIAN_POINT('',(0.,1.1,8.));
#490 = SURFACE_CURVE('',#491,(#495,#502),.PCURVE_S1.);
#491 = LINE('',#492,#493);
#492 = CARTESIAN_POINT('',(0.,1.1,7.6));
#493 = VECTOR('',#494,1.);
#494 = DIRECTION('',(0.,0.,1.));
#495 = PCURVE('',#66,#496);
#496 = DEFINITIONAL_REPRESENTATION('',(#497),#501);
#497 = LINE('',#498,#499);
#498 = CARTESIAN_POINT('',(7.6,-1.1));
#499 = VECTOR('',#500,1.);
#500 = DIRECTION('',(1.,0.));
#501 = ( GEOMETRIC_REPRESENTATION_CONTEXT(2) 
PARAMETRIC_REPRESENTATION_CONTEXT() REPRESENTATION_CONTEXT('2D SPACE',''
  ) );
#502 = PCURVE('',#503,#508);
#503 = PLANE('',#504);
#504 = AXIS2_PLACEMENT_3D('',#505,#506,#507);
#505 = CARTESIAN_POINT('',(0.,1.1,7.6));
#506 = DIRECTION('',(0.,1.,0.));
#507 = DIRECTION('',(0.,0.,1.));
#508 = DEFINITIONAL_REPRESENTATION('',(#509),#513);
#509 = LINE('',#510,#511);
#510 = CARTESIAN_POINT('',(0.,0.));
#511 = VECTOR('',#512,1.);
#512 = DIRECTION('',(1.,0.));
#513 = ( GEOMETRIC_REPRESENTATION_CONTEXT(2) 
PARAMETRIC_REPRESENTATION_CONTEXT() REPRESENTATION_CONTEXT('2D SPACE',''
  ) );
#514 = ORIENTED_EDGE('',*,*,#515,.T.);
#515 = EDGE_CURVE('',#488,#516,#518,.T.);
#516 = VERTEX_POINT('',#517);
#517 = CARTESIAN_POINT('',(0.,6.,8.));
#518 = SURFACE_CURVE('',#519,(#523,#529),.PCURVE_S1.);
#519 = LINE('',#520,#521);
#520 = CARTESIAN_POINT('',(0.,3.,8.));
#521 = VECTOR('',#522,1.);
#522 = DIRECTION('',(-0.,1.,0.));
#523 = PCURVE('',#66,#524);
#524 = DEFINITIONAL_REPRESENTATION('',(#525),#528);
#525 = B_SPLINE_CURVE_WITH_KNOTS('',1,(#526,#527),.UNSPECIFIED.,.F.,.F.,
  (2,2),(-9.,3.),.PIECEWISE_BEZIER_KNOTS.);
#526 = CARTESIAN_POINT('',(8.,6.));
#527 = CARTESIAN_POINT('',(8.,-6.));
#528 = ( GEOMETRIC_REPRESENTATION_CONTEXT(2) 
PARAMETRIC_REPRESENTATION_CONTEXT() REPRESENTATION_CONTEXT('2D SPACE',''
  ) );
#529 = PCURVE('',#530,#535);
#530 = PLANE('',#531);
#531 = AXIS2_PLACEMENT_3D('',#532,#533,#534);
#532 = CARTESIAN_POINT('',(-2.,6.,8.));
#533 = DIRECTION('',(0.,0.,-1.));
#534 = DIRECTION('',(0.,-1.,0.));
#535 = DEFINITIONAL_REPRESENTATION('',(#536),#539);
#536 = B_SPLINE_CURVE_WITH_KNOTS('',1,(#537,#538),.UNSPECIFIED.,.F.,.F.,
  (2,2),(-9.,3.),.PIECEWISE_BEZIER_KNOTS.);
#537 = CARTESIAN_POINT('',(12.,-2.));
#538 = CARTESIAN_POINT('',(-8.881784197001E-16,-2.));
#539 = ( GEOMETRIC_REPRESENTATION_CONTEXT(2) 
PARAMETRIC_REPRESENTATION_CONTEXT() REPRESENTATION_CONTEXT('2D SPACE',''
  ) );
#540 = ORIENTED_EDGE('',*,*,#541,.T.);
#541 = EDGE_CURVE('',#516,#170,#542,.T.);
#542 = SURFACE_CURVE('',#543,(#588,#636),.PCURVE_S1.);
#543 = B_SPLINE_CURVE_WITH_KNOTS('',8,(#544,#545,#546,#547,#548,#549,
    #550,#551,#552,#553,#554,#555,#556,#557,#558,#559,#560,#561,#562,
    #563,#564,#565,#566,#567,#568,#569,#570,#571,#572,#573,#574,#575,
    #576,#577,#578,#579,#580,#581,#582,#583,#584,#585,#586,#587),
  .UNSPECIFIED.,.F.,.F.,(9,7,7,7,7,7,9),(0.,8.658279662528E-02,
    0.150251277784,0.255683647933,0.372291782785,0.665519617111,1.),
  .UNSPECIFIED.);
#544 = CARTESIAN_POINT('',(0.,6.,8.));
#545 = CARTESIAN_POINT('',(0.,6.099128819857,8.));
#546 = CARTESIAN_POINT('',(0.,6.198293937355,7.992665807984));
#547 = CARTESIAN_POINT('',(0.,6.296811556493,7.977988505677));
#548 = CARTESIAN_POINT('',(0.,6.394120147784,7.956203668491));
#549 = CARTESIAN_POINT('',(0.,6.489764673928,7.92771415796));
#550 = CARTESIAN_POINT('',(0.,6.583383377432,7.893027198491));
#551 = CARTESIAN_POINT('',(0.,6.674697130171,7.852705738441));
#552 = CARTESIAN_POINT('',(0.,6.828803341265,7.773970151336));
#553 = CARTESIAN_POINT('',(0.,6.89278015243,7.737859023831));
#554 = CARTESIAN_POINT('',(0.,6.955383298478,7.699210314761));
#555 = CARTESIAN_POINT('',(0.,7.016586233437,7.658229285382));
#556 = CARTESIAN_POINT('',(0.,7.076380536856,7.615110763004));
#557 = CARTESIAN_POINT('',(0.,7.134772898817,7.57003438684));
#558 = CARTESIAN_POINT('',(0.,7.191782898386,7.52316119315));
#559 = CARTESIAN_POINT('',(0.,7.339610041592,7.394268441656));
#560 = CARTESIAN_POINT('',(0.,7.428037444472,7.309394005582));
#561 = CARTESIAN_POINT('',(0.,7.512890454867,7.220632097442));
#562 = CARTESIAN_POINT('',(0.,7.594331268062,7.128517004844));
#563 = CARTESIAN_POINT('',(0.,7.672523159483,7.033499667228));
#564 = CARTESIAN_POINT('',(0.,7.747633461244,6.935951195208));
#565 = CARTESIAN_POINT('',(0.,7.819833959625,6.836163679009));
#566 = CARTESIAN_POINT('',(0.,7.966126687444,6.621740525587));
#567 = CARTESIAN_POINT('',(0.,8.039578388048,6.506696360956));
#568 = CARTESIAN_POINT('',(0.,8.109873516676,6.389534602291));
#569 = CARTESIAN_POINT('',(0.,8.177197924045,6.27052276615));
#570 = CARTESIAN_POINT('',(0.,8.241715020477,6.149884506217));
#571 = CARTESIAN_POINT('',(0.,8.303573430244,6.027804591189));
#572 = CARTESIAN_POINT('',(0.,8.362910890006,5.904431429776));
#573 = CARTESIAN_POINT('',(0.,8.563046970465,5.466667572461));
#574 = CARTESIAN_POINT('',(0.,8.690997818884,5.146218530993));
#575 = CARTESIAN_POINT('',(0.,8.805786994558,4.820295577962));
#576 = CARTESIAN_POINT('',(0.,8.908675576542,4.490152664732));
#577 = CARTESIAN_POINT('',(0.,9.000689531356,4.156755394486));
#578 = CARTESIAN_POINT('',(0.,9.082612659509,3.820777235062));
#579 = CARTESIAN_POINT('',(0.,9.155098048944,3.482648047799));
#580 = CARTESIAN_POINT('',(0.,9.291155136534,2.754604305937));
#581 = CARTESIAN_POINT('',(0.,9.351985752743,2.364379794939));
#582 = CARTESIAN_POINT('',(0.,9.40188941271,1.972400674496));
#583 = CARTESIAN_POINT('',(0.,9.441358215425,1.579117685881));
#584 = CARTESIAN_POINT('',(0.,9.470733998979,1.184922817815));
#585 = CARTESIAN_POINT('',(0.,9.490243578081,0.790154944446));
#586 = CARTESIAN_POINT('',(0.,9.5,0.3951012674));
#587 = CARTESIAN_POINT('',(0.,9.5,-1.7763568394E-15));
#588 = PCURVE('',#66,#589);
#589 = DEFINITIONAL_REPRESENTATION('',(#590),#635);
#590 = B_SPLINE_CURVE_WITH_KNOTS('',8,(#591,#592,#593,#594,#595,#596,
    #597,#598,#599,#600,#601,#602,#603,#604,#605,#606,#607,#608,#609,
    #610,#611,#612,#613,#614,#615,#616,#617,#618,#619,#620,#621,#622,
    #623,#624,#625,#626,#627,#628,#629,#630,#631,#632,#633,#634),
  .UNSPECIFIED.,.F.,.F.,(9,7,7,7,7,7,9),(0.,8.658279662528E-02,
    0.150251277784,0.255683647933,0.372291782785,0.665519617111,1.),
  .UNSPECIFIED.);
#591 = CARTESIAN_POINT('',(8.,-6.));
#592 = CARTESIAN_POINT('',(8.,-6.099128819857));
#593 = CARTESIAN_POINT('',(7.992665807984,-6.198293937355));
#594 = CARTESIAN_POINT('',(7.977988505677,-6.296811556493));
#595 = CARTESIAN_POINT('',(7.956203668491,-6.394120147784));
#596 = CARTESIAN_POINT('',(7.92771415796,-6.489764673928));
#597 = CARTESIAN_POINT('',(7.893027198491,-6.583383377432));
#598 = CARTESIAN_POINT('',(7.852705738441,-6.674697130171));
#599 = CARTESIAN_POINT('',(7.773970151336,-6.828803341265));
#600 = CARTESIAN_POINT('',(7.737859023831,-6.89278015243));
#601 = CARTESIAN_POINT('',(7.699210314761,-6.955383298478));
#602 = CARTESIAN_POINT('',(7.658229285382,-7.016586233437));
#603 = CARTESIAN_POINT('',(7.615110763004,-7.076380536856));
#604 = CARTESIAN_POINT('',(7.57003438684,-7.134772898817));
#605 = CARTESIAN_POINT('',(7.52316119315,-7.191782898386));
#606 = CARTESIAN_POINT('',(7.394268441656,-7.339610041592));
#607 = CARTESIAN_POINT('',(7.309394005582,-7.428037444472));
#608 = CARTESIAN_POINT('',(7.220632097442,-7.512890454867));
#609 = CARTESIAN_POINT('',(7.128517004844,-7.594331268062));
#610 = CARTESIAN_POINT('',(7.033499667228,-7.672523159483));
#611 = CARTESIAN_POINT('',(6.935951195208,-7.747633461244));
#612 = CARTESIAN_POINT('',(6.836163679009,-7.819833959625));
#613 = CARTESIAN_POINT('',(6.621740525587,-7.966126687444));
#614 = CARTESIAN_POINT('',(6.506696360956,-8.039578388048));
#615 = CARTESIAN_POINT('',(6.389534602291,-8.109873516676));
#616 = CARTESIAN_POINT('',(6.27052276615,-8.177197924045));
#617 = CARTESIAN_POINT('',(6.149884506217,-8.241715020477));
#618 = CARTESIAN_POINT('',(6.027804591189,-8.303573430244));
#619 = CARTESIAN_POINT('',(5.904431429776,-8.362910890006));
#620 = CARTESIAN_POINT('',(5.466667572461,-8.563046970465));
#621 = CARTESIAN_POINT('',(5.146218530993,-8.690997818884));
#622 = CARTESIAN_POINT('',(4.820295577962,-8.805786994558));
#623 = CARTESIAN_POINT('',(4.490152664732,-8.908675576542));
#624 = CARTESIAN_POINT('',(4.156755394486,-9.000689531356));
#625 = CARTESIAN_POINT('',(3.820777235062,-9.082612659509));
#626 = CARTESIAN_POINT('',(3.482648047799,-9.155098048944));
#627 = CARTESIAN_POINT('',(2.754604305937,-9.291155136534));
#628 = CARTESIAN_POINT('',(2.364379794939,-9.351985752743));
#629 = CARTESIAN_POINT('',(1.972400674496,-9.40188941271));
#630 = CARTESIAN_POINT('',(1.579117685881,-9.441358215425));
#631 = CARTESIAN_POINT('',(1.184922817815,-9.470733998979));
#632 = CARTESIAN_POINT('',(0.790154944446,-9.490243578081));
#633 = CARTESIAN_POINT('',(0.3951012674,-9.5));
#634 = CARTESIAN_POINT('',(-1.250931968663E-15,-9.5));
#635 = ( GEOMETRIC_REPRESENTATION_CONTEXT(2) 
PARAMETRIC_REPRESENTATION_CONTEXT() REPRESENTATION_CONTEXT('2D SPACE',''
  ) );
#636 = PCURVE('',#637,#645);
#637 = SURFACE_OF_LINEAR_EXTRUSION('',#638,#643);
#638 = ELLIPSE('',#639,8.,3.5);
#639 = AXIS2_PLACEMENT_3D('',#640,#641,#642);
#640 = CARTESIAN_POINT('',(-2.,6.,8.179737819538E-17));
#641 = DIRECTION('',(1.,0.,-0.));
#642 = DIRECTION('',(0.,1.110223024625E-16,1.));
#643 = VECTOR('',#644,1.);
#644 = DIRECTION('',(-1.,-0.,-0.));
#645 = DEFINITIONAL_REPRESENTATION('',(#646),#691);
#646 = B_SPLINE_CURVE_WITH_KNOTS('',8,(#647,#648,#649,#650,#651,#652,
    #653,#654,#655,#656,#657,#658,#659,#660,#661,#662,#663,#664,#665,
    #666,#667,#668,#669,#670,#671,#672,#673,#674,#675,#676,#677,#678,
    #679,#680,#681,#682,#683,#684,#685,#686,#687,#688,#689,#690),
  .UNSPECIFIED.,.F.,.F.,(9,7,7,7,7,7,9),(0.,8.658279662528E-02,
    0.150251277784,0.255683647933,0.372291782785,0.665519617111,1.),
  .UNSPECIFIED.);
#647 = CARTESIAN_POINT('',(6.28318530718,-2.));
#648 = CARTESIAN_POINT('',(6.25486278722,-2.));
#649 = CARTESIAN_POINT('',(6.226529917182,-2.));
#650 = CARTESIAN_POINT('',(6.198347352404,-2.));
#651 = CARTESIAN_POINT('',(6.170440962706,-2.));
#652 = CARTESIAN_POINT('',(6.142910066436,-2.));
#653 = CARTESIAN_POINT('',(6.115833366548,-2.));
#654 = CARTESIAN_POINT('',(6.089272588706,-2.));
#655 = CARTESIAN_POINT('',(6.044155681462,-2.));
#656 = CARTESIAN_POINT('',(6.025332139291,-2.));
#657 = CARTESIAN_POINT('',(6.006811771188,-2.));
#658 = CARTESIAN_POINT('',(5.988598322693,-2.));
#659 = CARTESIAN_POINT('',(5.970691570746,-2.));
#660 = CARTESIAN_POINT('',(5.953087925814,-2.));
#661 = CARTESIAN_POINT('',(5.935780774035,-2.));
#662 = CARTESIAN_POINT('',(5.890575788177,-2.));
#663 = CARTESIAN_POINT('',(5.863188702091,-2.));
#664 = CARTESIAN_POINT('',(5.836548529304,-2.));
#665 = CARTESIAN_POINT('',(5.810609684208,-2.));
#666 = CARTESIAN_POINT('',(5.785328638988,-2.));
#667 = CARTESIAN_POINT('',(5.760661653992,-2.));
#668 = CARTESIAN_POINT('',(5.736563366882,-2.));
#669 = CARTESIAN_POINT('',(5.686909953712,-2.));
#670 = CARTESIAN_POINT('',(5.661481295229,-2.));
#671 = CARTESIAN_POINT('',(5.636641970699,-2.));
#672 = CARTESIAN_POINT('',(5.612343847361,-2.));
#673 = CARTESIAN_POINT('',(5.588545232231,-2.));
#674 = CARTESIAN_POINT('',(5.565208234114,-2.));
#675 = CARTESIAN_POINT('',(5.542297209502,-2.));
#676 = CARTESIAN_POINT('',(5.463151254166,-2.));
#677 = CARTESIAN_POINT('',(5.40904478446,-2.));
#678 = CARTESIAN_POINT('',(5.356905687775,-2.));
#679 = CARTESIAN_POINT('',(5.306407511916,-2.));
#680 = CARTESIAN_POINT('',(5.257282161062,-2.));
#681 = CARTESIAN_POINT('',(5.209315973965,-2.));
#682 = CARTESIAN_POINT('',(5.162311984239,-2.));
#683 = CARTESIAN_POINT('',(5.063351686382,-2.));
#684 = CARTESIAN_POINT('',(5.011667319002,-2.));
#685 = CARTESIAN_POINT('',(4.96078433184,-2.));
#686 = CARTESIAN_POINT('',(4.910512659542,-2.));
#687 = CARTESIAN_POINT('',(4.860687989127,-2.));
#688 = CARTESIAN_POINT('',(4.81115831639,-2.));
#689 = CARTESIAN_POINT('',(4.76177663881,-2.));
#690 = CARTESIAN_POINT('',(4.712388980385,-2.));
#691 = ( GEOMETRIC_REPRESENTATION_CONTEXT(2) 
PARAMETRIC_REPRESENTATION_CONTEXT() REPRESENTATION_CONTEXT('2D SPACE',''
  ) );
#692 = ADVANCED_FACE('',(#693),#149,.F.);
#693 = FACE_BOUND('',#694,.F.);
#694 = EDGE_LOOP('',(#695,#696,#697,#780,#817,#905,#933,#1021,#1058,
    #1146,#1174,#1203,#1226,#1266,#1303,#1343,#1366,#1406,#1443,#1483,
    #1506,#1546,#1580,#1620));
#695 = ORIENTED_EDGE('',*,*,#218,.F.);
#696 = ORIENTED_EDGE('',*,*,#135,.T.);
#697 = ORIENTED_EDGE('',*,*,#698,.F.);
#698 = EDGE_CURVE('',#699,#110,#701,.T.);
#699 = VERTEX_POINT('',#700);
#700 = CARTESIAN_POINT('',(1.9,-10.53,6.190932427456));
#701 = SURFACE_CURVE('',#702,(#726,#753),.PCURVE_S1.);
#702 = B_SPLINE_CURVE_WITH_KNOTS('',8,(#703,#704,#705,#706,#707,#708,
    #709,#710,#711,#712,#713,#714,#715,#716,#717,#718,#719,#720,#721,
    #722,#723,#724,#725),.UNSPECIFIED.,.F.,.F.,(9,7,7,9),(0.,
    0.608126547431,0.761318664773,1.),.UNSPECIFIED.);
#703 = CARTESIAN_POINT('',(1.9,-10.53,6.190932427456));
#704 = CARTESIAN_POINT('',(1.9,-10.33823586325,6.640256989969));
#705 = CARTESIAN_POINT('',(1.9,-10.12573540972,7.079158519069));
#706 = CARTESIAN_POINT('',(1.9,-9.89050498875,7.507127588466));
#707 = CARTESIAN_POINT('',(1.9,-9.630322927412,7.921720930191));
#708 = CARTESIAN_POINT('',(1.9,-9.343027009364,8.318790020117));
#709 = CARTESIAN_POINT('',(1.9,-9.026379189733,8.692280956784));
#710 = CARTESIAN_POINT('',(1.9,-8.678491420769,9.034594897305));
#711 = CARTESIAN_POINT('',(1.9,-8.200356676943,9.411250363727));
#712 = CARTESIAN_POINT('',(1.9,-8.102068914926,9.484345362736));
#713 = CARTESIAN_POINT('',(1.9,-8.001697683307,9.55456364718));
#714 = CARTESIAN_POINT('',(1.9,-7.899251182116,9.621706906204));
#715 = CARTESIAN_POINT('',(1.9,-7.794754001195,9.685564009353));
#716 = CARTESIAN_POINT('',(1.9,-7.688249595778,9.745915187239));
#717 = CARTESIAN_POINT('',(1.9,-7.579802762071,9.802536212221));
#718 = CARTESIAN_POINT('',(1.9,-7.297647929353,9.937259534613));
#719 = CARTESIAN_POINT('',(1.9,-7.121199593404,10.009762314808));
#720 = CARTESIAN_POINT('',(1.9,-6.94061126145,10.071784860051));
#721 = CARTESIAN_POINT('',(1.9,-6.756450286824,10.122471793838));
#722 = CARTESIAN_POINT('',(1.9,-6.569406563087,10.161078714235));
#723 = CARTESIAN_POINT('',(1.9,-6.380305005,10.187030838377));
#724 = CARTESIAN_POINT('',(1.9,-6.190121167121,10.2));
#725 = CARTESIAN_POINT('',(1.9,-6.,10.2));
#726 = PCURVE('',#149,#727);
#727 = DEFINITIONAL_REPRESENTATION('',(#728),#752);
#728 = B_SPLINE_CURVE_WITH_KNOTS('',8,(#729,#730,#731,#732,#733,#734,
    #735,#736,#737,#738,#739,#740,#741,#742,#743,#744,#745,#746,#747,
    #748,#749,#750,#751),.UNSPECIFIED.,.F.,.F.,(9,7,7,9),(0.,
    0.608126547431,0.761318664773,1.),.UNSPECIFIED.);
#729 = CARTESIAN_POINT('',(0.918573885062,-1.9));
#730 = CARTESIAN_POINT('',(0.863144936304,-1.9));
#731 = CARTESIAN_POINT('',(0.806319894191,-1.9));
#732 = CARTESIAN_POINT('',(0.747667712643,-1.9));
#733 = CARTESIAN_POINT('',(0.686823953479,-1.9));
#734 = CARTESIAN_POINT('',(0.623475418447,-1.9));
#735 = CARTESIAN_POINT('',(0.557281290958,-1.9));
#736 = CARTESIAN_POINT('',(0.487899720695,-1.9));
#737 = CARTESIAN_POINT('',(0.39624815289,-1.9));
#738 = CARTESIAN_POINT('',(0.377578904824,-1.9));
#739 = CARTESIAN_POINT('',(0.358679230057,-1.9));
#740 = CARTESIAN_POINT('',(0.339547692262,-1.9));
#741 = CARTESIAN_POINT('',(0.320184930459,-1.9));
#742 = CARTESIAN_POINT('',(0.300593914678,-1.9));
#743 = CARTESIAN_POINT('',(0.280780201606,-1.9));
#744 = CARTESIAN_POINT('',(0.229547500505,-1.9));
#745 = CARTESIAN_POINT('',(0.197805577492,-1.9));
#746 = CARTESIAN_POINT('',(0.165580379082,-1.9));
#747 = CARTESIAN_POINT('',(0.132936911872,-1.9));
#748 = CARTESIAN_POINT('',(9.995247325764E-02,-1.9));
#749 = CARTESIAN_POINT('',(6.672015249315E-02,-1.9));
#750 = CARTESIAN_POINT('',(3.3354590723E-02,-1.9));
#751 = CARTESIAN_POINT('',(0.,-1.9));
#752 = ( GEOMETRIC_REPRESENTATION_CONTEXT(2) 
PARAMETRIC_REPRESENTATION_CONTEXT() REPRESENTATION_CONTEXT('2D SPACE',''
  ) );
#753 = PCURVE('',#124,#754);
#754 = DEFINITIONAL_REPRESENTATION('',(#755),#779);
#755 = B_SPLINE_CURVE_WITH_KNOTS('',8,(#756,#757,#758,#759,#760,#761,
    #762,#763,#764,#765,#766,#767,#768,#769,#770,#771,#772,#773,#774,
    #775,#776,#777,#778),.UNSPECIFIED.,.F.,.F.,(9,7,7,9),(0.,
    0.608126547431,0.761318664773,1.),.UNSPECIFIED.);
#756 = CARTESIAN_POINT('',(-1.809067572544,10.53));
#757 = CARTESIAN_POINT('',(-1.359743010031,10.338235863251));
#758 = CARTESIAN_POINT('',(-0.920841480931,10.125735409724));
#759 = CARTESIAN_POINT('',(-0.492872411534,9.89050498875));
#760 = CARTESIAN_POINT('',(-7.827906980889E-02,9.630322927412));
#761 = CARTESIAN_POINT('',(0.318790020117,9.343027009364));
#762 = CARTESIAN_POINT('',(0.692280956784,9.026379189733));
#763 = CARTESIAN_POINT('',(1.034594897305,8.678491420769));
#764 = CARTESIAN_POINT('',(1.411250363727,8.200356676943));
#765 = CARTESIAN_POINT('',(1.484345362736,8.102068914926));
#766 = CARTESIAN_POINT('',(1.55456364718,8.001697683307));
#767 = CARTESIAN_POINT('',(1.621706906204,7.899251182116));
#768 = CARTESIAN_POINT('',(1.685564009353,7.794754001195));
#769 = CARTESIAN_POINT('',(1.745915187239,7.688249595778));
#770 = CARTESIAN_POINT('',(1.802536212221,7.579802762071));
#771 = CARTESIAN_POINT('',(1.937259534613,7.297647929353));
#772 = CARTESIAN_POINT('',(2.009762314808,7.121199593404));
#773 = CARTESIAN_POINT('',(2.071784860051,6.94061126145));
#774 = CARTESIAN_POINT('',(2.122471793838,6.756450286824));
#775 = CARTESIAN_POINT('',(2.161078714235,6.569406563087));
#776 = CARTESIAN_POINT('',(2.187030838377,6.380305005));
#777 = CARTESIAN_POINT('',(2.2,6.190121167121));
#778 = CARTESIAN_POINT('',(2.2,6.));
#779 = ( GEOMETRIC_REPRESENTATION_CONTEXT(2) 
PARAMETRIC_REPRESENTATION_CONTEXT() REPRESENTATION_CONTEXT('2D SPACE',''
  ) );
#780 = ORIENTED_EDGE('',*,*,#781,.F.);
#781 = EDGE_CURVE('',#782,#699,#784,.T.);
#782 = VERTEX_POINT('',#783);
#783 = CARTESIAN_POINT('',(5.1,-10.53,6.190932427456));
#784 = SURFACE_CURVE('',#785,(#792,#802),.PCURVE_S1.);
#785 = B_SPLINE_CURVE_WITH_KNOTS('',5,(#786,#787,#788,#789,#790,#791),
  .UNSPECIFIED.,.F.,.F.,(6,6),(0.,1.),.PIECEWISE_BEZIER_KNOTS.);
#786 = CARTESIAN_POINT('',(5.1,-10.53,6.190932427456));
#787 = CARTESIAN_POINT('',(4.762975335832,-10.53,6.190932427456));
#788 = CARTESIAN_POINT('',(3.883888770222,-10.53,6.190932427456));
#789 = CARTESIAN_POINT('',(3.142854059808,-10.53,6.190932427456));
#790 = CARTESIAN_POINT('',(2.626800705069,-10.53,6.190932427456));
#791 = CARTESIAN_POINT('',(1.9,-10.53,6.190932427456));
#792 = PCURVE('',#149,#793);
#793 = DEFINITIONAL_REPRESENTATION('',(#794),#801);
#794 = B_SPLINE_CURVE_WITH_KNOTS('',5,(#795,#796,#797,#798,#799,#800),
  .UNSPECIFIED.,.F.,.F.,(6,6),(0.,1.),.PIECEWISE_BEZIER_KNOTS.);
#795 = CARTESIAN_POINT('',(0.918573885062,-5.1));
#796 = CARTESIAN_POINT('',(0.918573885062,-4.762975335832));
#797 = CARTESIAN_POINT('',(0.918573885062,-3.883888770222));
#798 = CARTESIAN_POINT('',(0.918573885062,-3.142854059808));
#799 = CARTESIAN_POINT('',(0.918573885062,-2.626800705069));
#800 = CARTESIAN_POINT('',(0.918573885062,-1.9));
#801 = ( GEOMETRIC_REPRESENTATION_CONTEXT(2) 
PARAMETRIC_REPRESENTATION_CONTEXT() REPRESENTATION_CONTEXT('2D SPACE',''
  ) );
#802 = PCURVE('',#803,#808);
#803 = PLANE('',#804);
#804 = AXIS2_PLACEMENT_3D('',#805,#806,#807);
#805 = CARTESIAN_POINT('',(1.9,-10.53,11.));
#806 = DIRECTION('',(-0.,1.,0.));
#807 = DIRECTION('',(0.,0.,-1.));
#808 = DEFINITIONAL_REPRESENTATION('',(#809),#816);
#809 = B_SPLINE_CURVE_WITH_KNOTS('',5,(#810,#811,#812,#813,#814,#815),
  .UNSPECIFIED.,.F.,.F.,(6,6),(0.,1.),.PIECEWISE_BEZIER_KNOTS.);
#810 = CARTESIAN_POINT('',(4.809067572544,-3.2));
#811 = CARTESIAN_POINT('',(4.809067572544,-2.862975335832));
#812 = CARTESIAN_POINT('',(4.809067572544,-1.983888770222));
#813 = CARTESIAN_POINT('',(4.809067572544,-1.242854059808));
#814 = CARTESIAN_POINT('',(4.809067572544,-0.726800705069));
#815 = CARTESIAN_POINT('',(4.809067572544,0.));
#816 = ( GEOMETRIC_REPRESENTATION_CONTEXT(2) 
PARAMETRIC_REPRESENTATION_CONTEXT() REPRESENTATION_CONTEXT('2D SPACE',''
  ) );
#817 = ORIENTED_EDGE('',*,*,#818,.T.);
#818 = EDGE_CURVE('',#782,#819,#821,.T.);
#819 = VERTEX_POINT('',#820);
#820 = CARTESIAN_POINT('',(5.1,-6.,10.2));
#821 = SURFACE_CURVE('',#822,(#846,#873),.PCURVE_S1.);
#822 = B_SPLINE_CURVE_WITH_KNOTS('',8,(#823,#824,#825,#826,#827,#828,
    #829,#830,#831,#832,#833,#834,#835,#836,#837,#838,#839,#840,#841,
    #842,#843,#844,#845),.UNSPECIFIED.,.F.,.F.,(9,7,7,9),(0.,
    0.608126547431,0.761318664773,1.),.UNSPECIFIED.);
#823 = CARTESIAN_POINT('',(5.1,-10.53,6.190932427456));
#824 = CARTESIAN_POINT('',(5.1,-10.33823586325,6.640256989969));
#825 = CARTESIAN_POINT('',(5.1,-10.12573540972,7.079158519069));
#826 = CARTESIAN_POINT('',(5.1,-9.89050498875,7.507127588466));
#827 = CARTESIAN_POINT('',(5.1,-9.630322927412,7.921720930191));
#828 = CARTESIAN_POINT('',(5.1,-9.343027009364,8.318790020117));
#829 = CARTESIAN_POINT('',(5.1,-9.026379189733,8.692280956784));
#830 = CARTESIAN_POINT('',(5.1,-8.678491420769,9.034594897305));
#831 = CARTESIAN_POINT('',(5.1,-8.200356676943,9.411250363727));
#832 = CARTESIAN_POINT('',(5.1,-8.102068914926,9.484345362736));
#833 = CARTESIAN_POINT('',(5.1,-8.001697683307,9.55456364718));
#834 = CARTESIAN_POINT('',(5.1,-7.899251182116,9.621706906204));
#835 = CARTESIAN_POINT('',(5.1,-7.794754001195,9.685564009353));
#836 = CARTESIAN_POINT('',(5.1,-7.688249595778,9.745915187239));
#837 = CARTESIAN_POINT('',(5.1,-7.579802762071,9.802536212221));
#838 = CARTESIAN_POINT('',(5.1,-7.297647929353,9.937259534613));
#839 = CARTESIAN_POINT('',(5.1,-7.121199593404,10.009762314808));
#840 = CARTESIAN_POINT('',(5.1,-6.94061126145,10.071784860051));
#841 = CARTESIAN_POINT('',(5.1,-6.756450286824,10.122471793838));
#842 = CARTESIAN_POINT('',(5.1,-6.569406563087,10.161078714235));
#843 = CARTESIAN_POINT('',(5.1,-6.380305005,10.187030838377));
#844 = CARTESIAN_POINT('',(5.1,-6.190121167121,10.2));
#845 = CARTESIAN_POINT('',(5.1,-6.,10.2));
#846 = PCURVE('',#149,#847);
#847 = DEFINITIONAL_REPRESENTATION('',(#848),#872);
#848 = B_SPLINE_CURVE_WITH_KNOTS('',8,(#849,#850,#851,#852,#853,#854,
    #855,#856,#857,#858,#859,#860,#861,#862,#863,#864,#865,#866,#867,
    #868,#869,#870,#871),.UNSPECIFIED.,.F.,.F.,(9,7,7,9),(0.,
    0.608126547431,0.761318664773,1.),.UNSPECIFIED.);
#849 = CARTESIAN_POINT('',(0.918573885062,-5.1));
#850 = CARTESIAN_POINT('',(0.863144936304,-5.1));
#851 = CARTESIAN_POINT('',(0.806319894191,-5.1));
#852 = CARTESIAN_POINT('',(0.747667712643,-5.1));
#853 = CARTESIAN_POINT('',(0.686823953479,-5.1));
#854 = CARTESIAN_POINT('',(0.623475418447,-5.1));
#855 = CARTESIAN_POINT('',(0.557281290958,-5.1));
#856 = CARTESIAN_POINT('',(0.487899720695,-5.1));
#857 = CARTESIAN_POINT('',(0.39624815289,-5.1));
#858 = CARTESIAN_POINT('',(0.377578904824,-5.1));
#859 = CARTESIAN_POINT('',(0.358679230057,-5.1));
#860 = CARTESIAN_POINT('',(0.339547692262,-5.1));
#861 = CARTESIAN_POINT('',(0.320184930459,-5.1));
#862 = CARTESIAN_POINT('',(0.300593914678,-5.1));
#863 = CARTESIAN_POINT('',(0.280780201606,-5.1));
#864 = CARTESIAN_POINT('',(0.229547500505,-5.1));
#865 = CARTESIAN_POINT('',(0.197805577492,-5.1));
#866 = CARTESIAN_POINT('',(0.165580379082,-5.1));
#867 = CARTESIAN_POINT('',(0.132936911872,-5.1));
#868 = CARTESIAN_POINT('',(9.995247325764E-02,-5.1));
#869 = CARTESIAN_POINT('',(6.672015249315E-02,-5.1));
#870 = CARTESIAN_POINT('',(3.3354590723E-02,-5.1));
#871 = CARTESIAN_POINT('',(0.,-5.1));
#872 = ( GEOMETRIC_REPRESENTATION_CONTEXT(2) 
PARAMETRIC_REPRESENTATION_CONTEXT() REPRESENTATION_CONTEXT('2D SPACE',''
  ) );
#873 = PCURVE('',#874,#879);
#874 = PLANE('',#875);
#875 = AXIS2_PLACEMENT_3D('',#876,#877,#878);
#876 = CARTESIAN_POINT('',(5.1,0.,8.));
#877 = DIRECTION('',(1.,0.,0.));
#878 = DIRECTION('',(-0.,0.,1.));
#879 = DEFINITIONAL_REPRESENTATION('',(#880),#904);
#880 = B_SPLINE_CURVE_WITH_KNOTS('',8,(#881,#882,#883,#884,#885,#886,
    #887,#888,#889,#890,#891,#892,#893,#894,#895,#896,#897,#898,#899,
    #900,#901,#902,#903),.UNSPECIFIED.,.F.,.F.,(9,7,7,9),(0.,
    0.608126547431,0.761318664773,1.),.UNSPECIFIED.);
#881 = CARTESIAN_POINT('',(-1.809067572544,10.53));
#882 = CARTESIAN_POINT('',(-1.359743010031,10.338235863251));
#883 = CARTESIAN_POINT('',(-0.920841480931,10.125735409724));
#884 = CARTESIAN_POINT('',(-0.492872411534,9.89050498875));
#885 = CARTESIAN_POINT('',(-7.827906980889E-02,9.630322927412));
#886 = CARTESIAN_POINT('',(0.318790020117,9.343027009364));
#887 = CARTESIAN_POINT('',(0.692280956784,9.026379189733));
#888 = CARTESIAN_POINT('',(1.034594897305,8.678491420769));
#889 = CARTESIAN_POINT('',(1.411250363727,8.200356676943));
#890 = CARTESIAN_POINT('',(1.484345362736,8.102068914926));
#891 = CARTESIAN_POINT('',(1.55456364718,8.001697683307));
#892 = CARTESIAN_POINT('',(1.621706906204,7.899251182116));
#893 = CARTESIAN_POINT('',(1.685564009353,7.794754001195));
#894 = CARTESIAN_POINT('',(1.745915187239,7.688249595778));
#895 = CARTESIAN_POINT('',(1.802536212221,7.579802762071));
#896 = CARTESIAN_POINT('',(1.937259534613,7.297647929353));
#897 = CARTESIAN_POINT('',(2.009762314808,7.121199593404));
#898 = CARTESIAN_POINT('',(2.071784860051,6.94061126145));
#899 = CARTESIAN_POINT('',(2.122471793838,6.756450286824));
#900 = CARTESIAN_POINT('',(2.161078714235,6.569406563087));
#901 = CARTESIAN_POINT('',(2.187030838377,6.380305005));
#902 = CARTESIAN_POINT('',(2.2,6.190121167121));
#903 = CARTESIAN_POINT('',(2.2,6.));
#904 = ( GEOMETRIC_REPRESENTATION_CONTEXT(2) 
PARAMETRIC_REPRESENTATION_CONTEXT() REPRESENTATION_CONTEXT('2D SPACE',''
  ) );
#905 = ORIENTED_EDGE('',*,*,#906,.T.);
#906 = EDGE_CURVE('',#819,#907,#909,.T.);
#907 = VERTEX_POINT('',#908);
#908 = CARTESIAN_POINT('',(18.9,-6.,10.2));
#909 = SURFACE_CURVE('',#910,(#914,#921),.PCURVE_S1.);
#910 = LINE('',#911,#912);
#911 = CARTESIAN_POINT('',(0.,-6.,10.2));
#912 = VECTOR('',#913,1.);
#913 = DIRECTION('',(1.,0.,0.));
#914 = PCURVE('',#149,#915);
#915 = DEFINITIONAL_REPRESENTATION('',(#916),#920);
#916 = LINE('',#917,#918);
#917 = CARTESIAN_POINT('',(0.,0.));
#918 = VECTOR('',#919,1.);
#919 = DIRECTION('',(0.,-1.));
#920 = ( GEOMETRIC_REPRESENTATION_CONTEXT(2) 
PARAMETRIC_REPRESENTATION_CONTEXT() REPRESENTATION_CONTEXT('2D SPACE',''
  ) );
#921 = PCURVE('',#922,#927);
#922 = PLANE('',#923);
#923 = AXIS2_PLACEMENT_3D('',#924,#925,#926);
#924 = CARTESIAN_POINT('',(0.,6.,10.2));
#925 = DIRECTION('',(0.,0.,-1.));
#926 = DIRECTION('',(0.,-1.,0.));
#927 = DEFINITIONAL_REPRESENTATION('',(#928),#932);
#928 = LINE('',#929,#930);
#929 = CARTESIAN_POINT('',(12.,0.));
#930 = VECTOR('',#931,1.);
#931 = DIRECTION('',(0.,-1.));
#932 = ( GEOMETRIC_REPRESENTATION_CONTEXT(2) 
PARAMETRIC_REPRESENTATION_CONTEXT() REPRESENTATION_CONTEXT('2D SPACE',''
  ) );
#933 = ORIENTED_EDGE('',*,*,#934,.F.);
#934 = EDGE_CURVE('',#935,#907,#937,.T.);
#935 = VERTEX_POINT('',#936);
#936 = CARTESIAN_POINT('',(18.9,-10.53,6.190932427456));
#937 = SURFACE_CURVE('',#938,(#962,#989),.PCURVE_S1.);
#938 = B_SPLINE_CURVE_WITH_KNOTS('',8,(#939,#940,#941,#942,#943,#944,
    #945,#946,#947,#948,#949,#950,#951,#952,#953,#954,#955,#956,#957,
    #958,#959,#960,#961),.UNSPECIFIED.,.F.,.F.,(9,7,7,9),(0.,
    0.608126547431,0.761318664773,1.),.UNSPECIFIED.);
#939 = CARTESIAN_POINT('',(18.9,-10.53,6.190932427456));
#940 = CARTESIAN_POINT('',(18.9,-10.33823586325,6.640256989969));
#941 = CARTESIAN_POINT('',(18.9,-10.12573540972,7.079158519069));
#942 = CARTESIAN_POINT('',(18.9,-9.89050498875,7.507127588466));
#943 = CARTESIAN_POINT('',(18.9,-9.630322927412,7.921720930191));
#944 = CARTESIAN_POINT('',(18.9,-9.343027009364,8.318790020117));
#945 = CARTESIAN_POINT('',(18.9,-9.026379189733,8.692280956784));
#946 = CARTESIAN_POINT('',(18.9,-8.678491420769,9.034594897305));
#947 = CARTESIAN_POINT('',(18.9,-8.200356676943,9.411250363727));
#948 = CARTESIAN_POINT('',(18.9,-8.102068914926,9.484345362736));
#949 = CARTESIAN_POINT('',(18.9,-8.001697683307,9.55456364718));
#950 = CARTESIAN_POINT('',(18.9,-7.899251182116,9.621706906204));
#951 = CARTESIAN_POINT('',(18.9,-7.794754001195,9.685564009353));
#952 = CARTESIAN_POINT('',(18.9,-7.688249595778,9.745915187239));
#953 = CARTESIAN_POINT('',(18.9,-7.579802762071,9.802536212221));
#954 = CARTESIAN_POINT('',(18.9,-7.297647929353,9.937259534613));
#955 = CARTESIAN_POINT('',(18.9,-7.121199593404,10.009762314808));
#956 = CARTESIAN_POINT('',(18.9,-6.94061126145,10.071784860051));
#957 = CARTESIAN_POINT('',(18.9,-6.756450286824,10.122471793838));
#958 = CARTESIAN_POINT('',(18.9,-6.569406563087,10.161078714235));
#959 = CARTESIAN_POINT('',(18.9,-6.380305005,10.187030838377));
#960 = CARTESIAN_POINT('',(18.9,-6.190121167121,10.2));
#961 = CARTESIAN_POINT('',(18.9,-6.,10.2));
#962 = PCURVE('',#149,#963);
#963 = DEFINITIONAL_REPRESENTATION('',(#964),#988);
#964 = B_SPLINE_CURVE_WITH_KNOTS('',8,(#965,#966,#967,#968,#969,#970,
    #971,#972,#973,#974,#975,#976,#977,#978,#979,#980,#981,#982,#983,
    #984,#985,#986,#987),.UNSPECIFIED.,.F.,.F.,(9,7,7,9),(0.,
    0.608126547431,0.761318664773,1.),.UNSPECIFIED.);
#965 = CARTESIAN_POINT('',(0.918573885062,-18.9));
#966 = CARTESIAN_POINT('',(0.863144936304,-18.9));
#967 = CARTESIAN_POINT('',(0.806319894191,-18.9));
#968 = CARTESIAN_POINT('',(0.747667712643,-18.9));
#969 = CARTESIAN_POINT('',(0.686823953479,-18.9));
#970 = CARTESIAN_POINT('',(0.623475418447,-18.9));
#971 = CARTESIAN_POINT('',(0.557281290958,-18.9));
#972 = CARTESIAN_POINT('',(0.487899720695,-18.9));
#973 = CARTESIAN_POINT('',(0.39624815289,-18.9));
#974 = CARTESIAN_POINT('',(0.377578904824,-18.9));
#975 = CARTESIAN_POINT('',(0.358679230057,-18.9));
#976 = CARTESIAN_POINT('',(0.339547692262,-18.9));
#977 = CARTESIAN_POINT('',(0.320184930459,-18.9));
#978 = CARTESIAN_POINT('',(0.300593914678,-18.9));
#979 = CARTESIAN_POINT('',(0.280780201606,-18.9));
#980 = CARTESIAN_POINT('',(0.229547500505,-18.9));
#981 = CARTESIAN_POINT('',(0.197805577492,-18.9));
#982 = CARTESIAN_POINT('',(0.165580379082,-18.9));
#983 = CARTESIAN_POINT('',(0.132936911872,-18.9));
#984 = CARTESIAN_POINT('',(9.995247325764E-02,-18.9));
#985 = CARTESIAN_POINT('',(6.672015249315E-02,-18.9));
#986 = CARTESIAN_POINT('',(3.3354590723E-02,-18.9));
#987 = CARTESIAN_POINT('',(0.,-18.9));
#988 = ( GEOMETRIC_REPRESENTATION_CONTEXT(2) 
PARAMETRIC_REPRESENTATION_CONTEXT() REPRESENTATION_CONTEXT('2D SPACE',''
  ) );
#989 = PCURVE('',#990,#995);
#990 = PLANE('',#991);
#991 = AXIS2_PLACEMENT_3D('',#992,#993,#994);
#992 = CARTESIAN_POINT('',(18.9,0.,8.));
#993 = DIRECTION('',(1.,0.,0.));
#994 = DIRECTION('',(-0.,0.,1.));
#995 = DEFINITIONAL_REPRESENTATION('',(#996),#1020);
#996 = B_SPLINE_CURVE_WITH_KNOTS('',8,(#997,#998,#999,#1000,#1001,#1002,
    #1003,#1004,#1005,#1006,#1007,#1008,#1009,#1010,#1011,#1012,#1013,
    #1014,#1015,#1016,#1017,#1018,#1019),.UNSPECIFIED.,.F.,.F.,(9,7,7,9)
  ,(0.,0.608126547431,0.761318664773,1.),.UNSPECIFIED.);
#997 = CARTESIAN_POINT('',(-1.809067572544,10.53));
#998 = CARTESIAN_POINT('',(-1.359743010031,10.338235863251));
#999 = CARTESIAN_POINT('',(-0.920841480931,10.125735409724));
#1000 = CARTESIAN_POINT('',(-0.492872411534,9.89050498875));
#1001 = CARTESIAN_POINT('',(-7.827906980889E-02,9.630322927412));
#1002 = CARTESIAN_POINT('',(0.318790020117,9.343027009364));
#1003 = CARTESIAN_POINT('',(0.692280956784,9.026379189733));
#1004 = CARTESIAN_POINT('',(1.034594897305,8.678491420769));
#1005 = CARTESIAN_POINT('',(1.411250363727,8.200356676943));
#1006 = CARTESIAN_POINT('',(1.484345362736,8.102068914926));
#1007 = CARTESIAN_POINT('',(1.55456364718,8.001697683307));
#1008 = CARTESIAN_POINT('',(1.621706906204,7.899251182116));
#1009 = CARTESIAN_POINT('',(1.685564009353,7.794754001195));
#1010 = CARTESIAN_POINT('',(1.745915187239,7.688249595778));
#1011 = CARTESIAN_POINT('',(1.802536212221,7.579802762071));
#1012 = CARTESIAN_POINT('',(1.937259534613,7.297647929353));
#1013 = CARTESIAN_POINT('',(2.009762314808,7.121199593404));
#1014 = CARTESIAN_POINT('',(2.071784860051,6.94061126145));
#1015 = CARTESIAN_POINT('',(2.122471793838,6.756450286824));
#1016 = CARTESIAN_POINT('',(2.161078714235,6.569406563087));
#1017 = CARTESIAN_POINT('',(2.187030838377,6.380305005));
#1018 = CARTESIAN_POINT('',(2.2,6.190121167121));
#1019 = CARTESIAN_POINT('',(2.2,6.));
#1020 = ( GEOMETRIC_REPRESENTATION_CONTEXT(2) 
PARAMETRIC_REPRESENTATION_CONTEXT() REPRESENTATION_CONTEXT('2D SPACE',''
  ) );
#1021 = ORIENTED_EDGE('',*,*,#1022,.F.);
#1022 = EDGE_CURVE('',#1023,#935,#1025,.T.);
#1023 = VERTEX_POINT('',#1024);
#1024 = CARTESIAN_POINT('',(22.1,-10.53,6.190932427456));
#1025 = SURFACE_CURVE('',#1026,(#1033,#1043),.PCURVE_S1.);
#1026 = B_SPLINE_CURVE_WITH_KNOTS('',5,(#1027,#1028,#1029,#1030,#1031,
    #1032),.UNSPECIFIED.,.F.,.F.,(6,6),(0.,1.),
  .PIECEWISE_BEZIER_KNOTS.);
#1027 = CARTESIAN_POINT('',(22.1,-10.53,6.190932427456));
#1028 = CARTESIAN_POINT('',(21.495424863061,-10.53,6.190932427456));
#1029 = CARTESIAN_POINT('',(20.867396244205,-10.53,6.190932427456));
#1030 = CARTESIAN_POINT('',(20.122666941681,-10.53,6.190932427456));
#1031 = CARTESIAN_POINT('',(19.361098788763,-10.53,6.190932427456));
#1032 = CARTESIAN_POINT('',(18.9,-10.53,6.190932427456));
#1033 = PCURVE('',#149,#1034);
#1034 = DEFINITIONAL_REPRESENTATION('',(#1035),#1042);
#1035 = B_SPLINE_CURVE_WITH_KNOTS('',5,(#1036,#1037,#1038,#1039,#1040,
    #1041),.UNSPECIFIED.,.F.,.F.,(6,6),(0.,1.),
  .PIECEWISE_BEZIER_KNOTS.);
#1036 = CARTESIAN_POINT('',(0.918573885062,-22.1));
#1037 = CARTESIAN_POINT('',(0.918573885062,-21.49542486306));
#1038 = CARTESIAN_POINT('',(0.918573885062,-20.8673962442));
#1039 = CARTESIAN_POINT('',(0.918573885062,-20.12266694168));
#1040 = CARTESIAN_POINT('',(0.918573885062,-19.36109878876));
#1041 = CARTESIAN_POINT('',(0.918573885062,-18.9));
#1042 = ( GEOMETRIC_REPRESENTATION_CONTEXT(2) 
PARAMETRIC_REPRESENTATION_CONTEXT() REPRESENTATION_CONTEXT('2D SPACE',''
  ) );
#1043 = PCURVE('',#1044,#1049);
#1044 = PLANE('',#1045);
#1045 = AXIS2_PLACEMENT_3D('',#1046,#1047,#1048);
#1046 = CARTESIAN_POINT('',(18.9,-10.53,11.));
#1047 = DIRECTION('',(-0.,1.,0.));
#1048 = DIRECTION('',(0.,0.,-1.));
#1049 = DEFINITIONAL_REPRESENTATION('',(#1050),#1057);
#1050 = B_SPLINE_CURVE_WITH_KNOTS('',5,(#1051,#1052,#1053,#1054,#1055,
    #1056),.UNSPECIFIED.,.F.,.F.,(6,6),(0.,1.),
  .PIECEWISE_BEZIER_KNOTS.);
#1051 = CARTESIAN_POINT('',(4.809067572544,-3.2));
#1052 = CARTESIAN_POINT('',(4.809067572544,-2.595424863061));
#1053 = CARTESIAN_POINT('',(4.809067572544,-1.967396244205));
#1054 = CARTESIAN_POINT('',(4.809067572544,-1.222666941681));
#1055 = CARTESIAN_POINT('',(4.809067572544,-0.461098788763));
#1056 = CARTESIAN_POINT('',(4.809067572544,0.));
#1057 = ( GEOMETRIC_REPRESENTATION_CONTEXT(2) 
PARAMETRIC_REPRESENTATION_CONTEXT() REPRESENTATION_CONTEXT('2D SPACE',''
  ) );
#1058 = ORIENTED_EDGE('',*,*,#1059,.T.);
#1059 = EDGE_CURVE('',#1023,#1060,#1062,.T.);
#1060 = VERTEX_POINT('',#1061);
#1061 = CARTESIAN_POINT('',(22.1,-6.,10.2));
#1062 = SURFACE_CURVE('',#1063,(#1087,#1114),.PCURVE_S1.);
#1063 = B_SPLINE_CURVE_WITH_KNOTS('',8,(#1064,#1065,#1066,#1067,#1068,
    #1069,#1070,#1071,#1072,#1073,#1074,#1075,#1076,#1077,#1078,#1079,
    #1080,#1081,#1082,#1083,#1084,#1085,#1086),.UNSPECIFIED.,.F.,.F.,(9,
    7,7,9),(0.,0.608126547431,0.761318664773,1.),.UNSPECIFIED.);
#1064 = CARTESIAN_POINT('',(22.1,-10.53,6.190932427456));
#1065 = CARTESIAN_POINT('',(22.1,-10.33823586325,6.640256989969));
#1066 = CARTESIAN_POINT('',(22.1,-10.12573540972,7.079158519069));
#1067 = CARTESIAN_POINT('',(22.1,-9.89050498875,7.507127588466));
#1068 = CARTESIAN_POINT('',(22.1,-9.630322927412,7.921720930191));
#1069 = CARTESIAN_POINT('',(22.1,-9.343027009364,8.318790020117));
#1070 = CARTESIAN_POINT('',(22.1,-9.026379189733,8.692280956784));
#1071 = CARTESIAN_POINT('',(22.1,-8.678491420769,9.034594897305));
#1072 = CARTESIAN_POINT('',(22.1,-8.200356676943,9.411250363727));
#1073 = CARTESIAN_POINT('',(22.1,-8.102068914926,9.484345362736));
#1074 = CARTESIAN_POINT('',(22.1,-8.001697683307,9.55456364718));
#1075 = CARTESIAN_POINT('',(22.1,-7.899251182116,9.621706906204));
#1076 = CARTESIAN_POINT('',(22.1,-7.794754001195,9.685564009353));
#1077 = CARTESIAN_POINT('',(22.1,-7.688249595778,9.745915187239));
#1078 = CARTESIAN_POINT('',(22.1,-7.579802762071,9.802536212221));
#1079 = CARTESIAN_POINT('',(22.1,-7.297647929353,9.937259534613));
#1080 = CARTESIAN_POINT('',(22.1,-7.121199593404,10.009762314808));
#1081 = CARTESIAN_POINT('',(22.1,-6.94061126145,10.071784860051));
#1082 = CARTESIAN_POINT('',(22.1,-6.756450286824,10.122471793838));
#1083 = CARTESIAN_POINT('',(22.1,-6.569406563087,10.161078714235));
#1084 = CARTESIAN_POINT('',(22.1,-6.380305005,10.187030838377));
#1085 = CARTESIAN_POINT('',(22.1,-6.190121167121,10.2));
#1086 = CARTESIAN_POINT('',(22.1,-6.,10.2));
#1087 = PCURVE('',#149,#1088);
#1088 = DEFINITIONAL_REPRESENTATION('',(#1089),#1113);
#1089 = B_SPLINE_CURVE_WITH_KNOTS('',8,(#1090,#1091,#1092,#1093,#1094,
    #1095,#1096,#1097,#1098,#1099,#1100,#1101,#1102,#1103,#1104,#1105,
    #1106,#1107,#1108,#1109,#1110,#1111,#1112),.UNSPECIFIED.,.F.,.F.,(9,
    7,7,9),(0.,0.608126547431,0.761318664773,1.),.UNSPECIFIED.);
#1090 = CARTESIAN_POINT('',(0.918573885062,-22.1));
#1091 = CARTESIAN_POINT('',(0.863144936304,-22.1));
#1092 = CARTESIAN_POINT('',(0.806319894191,-22.1));
#1093 = CARTESIAN_POINT('',(0.747667712643,-22.1));
#1094 = CARTESIAN_POINT('',(0.686823953479,-22.1));
#1095 = CARTESIAN_POINT('',(0.623475418447,-22.1));
#1096 = CARTESIAN_POINT('',(0.557281290958,-22.1));
#1097 = CARTESIAN_POINT('',(0.487899720695,-22.1));
#1098 = CARTESIAN_POINT('',(0.39624815289,-22.1));
#1099 = CARTESIAN_POINT('',(0.377578904824,-22.1));
#1100 = CARTESIAN_POINT('',(0.358679230057,-22.1));
#1101 = CARTESIAN_POINT('',(0.339547692262,-22.1));
#1102 = CARTESIAN_POINT('',(0.320184930459,-22.1));
#1103 = CARTESIAN_POINT('',(0.300593914678,-22.1));
#1104 = CARTESIAN_POINT('',(0.280780201606,-22.1));
#1105 = CARTESIAN_POINT('',(0.229547500505,-22.1));
#1106 = CARTESIAN_POINT('',(0.197805577492,-22.1));
#1107 = CARTESIAN_POINT('',(0.165580379082,-22.1));
#1108 = CARTESIAN_POINT('',(0.132936911872,-22.1));
#1109 = CARTESIAN_POINT('',(9.995247325764E-02,-22.1));
#1110 = CARTESIAN_POINT('',(6.672015249315E-02,-22.1));
#1111 = CARTESIAN_POINT('',(3.3354590723E-02,-22.1));
#1112 = CARTESIAN_POINT('',(0.,-22.1));
#1113 = ( GEOMETRIC_REPRESENTATION_CONTEXT(2) 
PARAMETRIC_REPRESENTATION_CONTEXT() REPRESENTATION_CONTEXT('2D SPACE',''
  ) );
#1114 = PCURVE('',#1115,#1120);
#1115 = PLANE('',#1116);
#1116 = AXIS2_PLACEMENT_3D('',#1117,#1118,#1119);
#1117 = CARTESIAN_POINT('',(22.1,0.,8.));
#1118 = DIRECTION('',(1.,0.,0.));
#1119 = DIRECTION('',(-0.,0.,1.));
#1120 = DEFINITIONAL_REPRESENTATION('',(#1121),#1145);
#1121 = B_SPLINE_CURVE_WITH_KNOTS('',8,(#1122,#1123,#1124,#1125,#1126,
    #1127,#1128,#1129,#1130,#1131,#1132,#1133,#1134,#1135,#1136,#1137,
    #1138,#1139,#1140,#1141,#1142,#1143,#1144),.UNSPECIFIED.,.F.,.F.,(9,
    7,7,9),(0.,0.608126547431,0.761318664773,1.),.UNSPECIFIED.);
#1122 = CARTESIAN_POINT('',(-1.809067572544,10.53));
#1123 = CARTESIAN_POINT('',(-1.359743010031,10.338235863251));
#1124 = CARTESIAN_POINT('',(-0.920841480931,10.125735409724));
#1125 = CARTESIAN_POINT('',(-0.492872411534,9.89050498875));
#1126 = CARTESIAN_POINT('',(-7.827906980889E-02,9.630322927412));
#1127 = CARTESIAN_POINT('',(0.318790020117,9.343027009364));
#1128 = CARTESIAN_POINT('',(0.692280956784,9.026379189733));
#1129 = CARTESIAN_POINT('',(1.034594897305,8.678491420769));
#1130 = CARTESIAN_POINT('',(1.411250363727,8.200356676943));
#1131 = CARTESIAN_POINT('',(1.484345362736,8.102068914926));
#1132 = CARTESIAN_POINT('',(1.55456364718,8.001697683307));
#1133 = CARTESIAN_POINT('',(1.621706906204,7.899251182116));
#1134 = CARTESIAN_POINT('',(1.685564009353,7.794754001195));
#1135 = CARTESIAN_POINT('',(1.745915187239,7.688249595778));
#1136 = CARTESIAN_POINT('',(1.802536212221,7.579802762071));
#1137 = CARTESIAN_POINT('',(1.937259534613,7.297647929353));
#1138 = CARTESIAN_POINT('',(2.009762314808,7.121199593404));
#1139 = CARTESIAN_POINT('',(2.071784860051,6.94061126145));
#1140 = CARTESIAN_POINT('',(2.122471793838,6.756450286824));
#1141 = CARTESIAN_POINT('',(2.161078714235,6.569406563087));
#1142 = CARTESIAN_POINT('',(2.187030838377,6.380305005));
#1143 = CARTESIAN_POINT('',(2.2,6.190121167121));
#1144 = CARTESIAN_POINT('',(2.2,6.));
#1145 = ( GEOMETRIC_REPRESENTATION_CONTEXT(2) 
PARAMETRIC_REPRESENTATION_CONTEXT() REPRESENTATION_CONTEXT('2D SPACE',''
  ) );
#1146 = ORIENTED_EDGE('',*,*,#1147,.T.);
#1147 = EDGE_CURVE('',#1060,#1148,#1150,.T.);
#1148 = VERTEX_POINT('',#1149);
#1149 = CARTESIAN_POINT('',(24.,-6.,10.2));
#1150 = SURFACE_CURVE('',#1151,(#1155,#1162),.PCURVE_S1.);
#1151 = LINE('',#1152,#1153);
#1152 = CARTESIAN_POINT('',(0.,-6.,10.2));
#1153 = VECTOR('',#1154,1.);
#1154 = DIRECTION('',(1.,0.,0.));
#1155 = PCURVE('',#149,#1156);
#1156 = DEFINITIONAL_REPRESENTATION('',(#1157),#1161);
#1157 = LINE('',#1158,#1159);
#1158 = CARTESIAN_POINT('',(0.,0.));
#1159 = VECTOR('',#1160,1.);
#1160 = DIRECTION('',(0.,-1.));
#1161 = ( GEOMETRIC_REPRESENTATION_CONTEXT(2) 
PARAMETRIC_REPRESENTATION_CONTEXT() REPRESENTATION_CONTEXT('2D SPACE',''
  ) );
#1162 = PCURVE('',#1163,#1168);
#1163 = PLANE('',#1164);
#1164 = AXIS2_PLACEMENT_3D('',#1165,#1166,#1167);
#1165 = CARTESIAN_POINT('',(0.,6.,10.2));
#1166 = DIRECTION('',(0.,0.,-1.));
#1167 = DIRECTION('',(0.,-1.,0.));
#1168 = DEFINITIONAL_REPRESENTATION('',(#1169),#1173);
#1169 = LINE('',#1170,#1171);
#1170 = CARTESIAN_POINT('',(12.,0.));
#1171 = VECTOR('',#1172,1.);
#1172 = DIRECTION('',(0.,-1.));
#1173 = ( GEOMETRIC_REPRESENTATION_CONTEXT(2) 
PARAMETRIC_REPRESENTATION_CONTEXT() REPRESENTATION_CONTEXT('2D SPACE',''
  ) );
#1174 = ORIENTED_EDGE('',*,*,#1175,.T.);
#1175 = EDGE_CURVE('',#1148,#1176,#1178,.T.);
#1176 = VERTEX_POINT('',#1177);
#1177 = CARTESIAN_POINT('',(24.,-11.7,1.7763568394E-15));
#1178 = SURFACE_CURVE('',#1179,(#1184,#1191),.PCURVE_S1.);
#1179 = ELLIPSE('',#1180,10.2,5.7);
#1180 = AXIS2_PLACEMENT_3D('',#1181,#1182,#1183);
#1181 = CARTESIAN_POINT('',(24.,-6.,0.));
#1182 = DIRECTION('',(1.,0.,-0.));
#1183 = DIRECTION('',(0.,1.110223024625E-16,1.));
#1184 = PCURVE('',#149,#1185);
#1185 = DEFINITIONAL_REPRESENTATION('',(#1186),#1190);
#1186 = LINE('',#1187,#1188);
#1187 = CARTESIAN_POINT('',(0.,-24.));
#1188 = VECTOR('',#1189,1.);
#1189 = DIRECTION('',(1.,0.));
#1190 = ( GEOMETRIC_REPRESENTATION_CONTEXT(2) 
PARAMETRIC_REPRESENTATION_CONTEXT() REPRESENTATION_CONTEXT('2D SPACE',''
  ) );
#1191 = PCURVE('',#1192,#1197);
#1192 = PLANE('',#1193);
#1193 = AXIS2_PLACEMENT_3D('',#1194,#1195,#1196);
#1194 = CARTESIAN_POINT('',(24.,1.098615638815E-15,-5.254248707375E-16)
  );
#1195 = DIRECTION('',(1.,0.,0.));
#1196 = DIRECTION('',(-0.,0.,1.));
#1197 = DEFINITIONAL_REPRESENTATION('',(#1198),#1202);
#1198 = ELLIPSE('',#1199,10.2,5.7);
#1199 = AXIS2_PLACEMENT_2D('',#1200,#1201);
#1200 = CARTESIAN_POINT('',(5.254248707375E-16,6.));
#1201 = DIRECTION('',(1.,-1.110223024625E-16));
#1202 = ( GEOMETRIC_REPRESENTATION_CONTEXT(2) 
PARAMETRIC_REPRESENTATION_CONTEXT() REPRESENTATION_CONTEXT('2D SPACE',''
  ) );
#1203 = ORIENTED_EDGE('',*,*,#1204,.F.);
#1204 = EDGE_CURVE('',#1205,#1176,#1207,.T.);
#1205 = VERTEX_POINT('',#1206);
#1206 = CARTESIAN_POINT('',(22.,-11.7,8.881784197001E-16));
#1207 = SURFACE_CURVE('',#1208,(#1212,#1219),.PCURVE_S1.);
#1208 = LINE('',#1209,#1210);
#1209 = CARTESIAN_POINT('',(0.,-11.7,1.7763568394E-15));
#1210 = VECTOR('',#1211,1.);
#1211 = DIRECTION('',(1.,0.,0.));
#1212 = PCURVE('',#149,#1213);
#1213 = DEFINITIONAL_REPRESENTATION('',(#1214),#1218);
#1214 = LINE('',#1215,#1216);
#1215 = CARTESIAN_POINT('',(1.570796326795,0.));
#1216 = VECTOR('',#1217,1.);
#1217 = DIRECTION('',(0.,-1.));
#1218 = ( GEOMETRIC_REPRESENTATION_CONTEXT(2) 
PARAMETRIC_REPRESENTATION_CONTEXT() REPRESENTATION_CONTEXT('2D SPACE',''
  ) );
#1219 = PCURVE('',#257,#1220);
#1220 = DEFINITIONAL_REPRESENTATION('',(#1221),#1225);
#1221 = LINE('',#1222,#1223);
#1222 = CARTESIAN_POINT('',(72.,60.3));
#1223 = VECTOR('',#1224,1.);
#1224 = DIRECTION('',(1.,0.));
#1225 = ( GEOMETRIC_REPRESENTATION_CONTEXT(2) 
PARAMETRIC_REPRESENTATION_CONTEXT() REPRESENTATION_CONTEXT('2D SPACE',''
  ) );
#1226 = ORIENTED_EDGE('',*,*,#1227,.T.);
#1227 = EDGE_CURVE('',#1205,#1228,#1230,.T.);
#1228 = VERTEX_POINT('',#1229);
#1229 = CARTESIAN_POINT('',(22.,-11.63350876556,1.553422912019));
#1230 = SURFACE_CURVE('',#1231,(#1239,#1250),.PCURVE_S1.);
#1231 = B_SPLINE_CURVE_WITH_KNOTS('',6,(#1232,#1233,#1234,#1235,#1236,
    #1237,#1238),.UNSPECIFIED.,.F.,.F.,(7,7),(0.,1.),
  .PIECEWISE_BEZIER_KNOTS.);
#1232 = CARTESIAN_POINT('',(22.,-11.7,1.257396991601E-15));
#1233 = CARTESIAN_POINT('',(22.,-11.7,0.502423205248));
#1234 = CARTESIAN_POINT('',(22.,-11.6834042037,1.004817997588));
#1235 = CARTESIAN_POINT('',(22.,-11.65021685048,1.506543443286));
#1236 = CARTESIAN_POINT('',(22.,-11.60021808213,2.006872801256));
#1237 = CARTESIAN_POINT('',(22.,-11.53300860039,2.504995225642));
#1238 = CARTESIAN_POINT('',(22.,-11.44788457722,3.));
#1239 = PCURVE('',#149,#1240);
#1240 = DEFINITIONAL_REPRESENTATION('',(#1241),#1249);
#1241 = B_SPLINE_CURVE_WITH_KNOTS('',6,(#1242,#1243,#1244,#1245,#1246,
    #1247,#1248),.UNSPECIFIED.,.F.,.F.,(7,7),(0.,1.),
  .PIECEWISE_BEZIER_KNOTS.);
#1242 = CARTESIAN_POINT('',(1.570796326795,-22.));
#1243 = CARTESIAN_POINT('',(1.52153914981,-22.));
#1244 = CARTESIAN_POINT('',(1.472284747414,-22.));
#1245 = CARTESIAN_POINT('',(1.422880949013,-22.));
#1246 = CARTESIAN_POINT('',(1.373183447859,-22.));
#1247 = CARTESIAN_POINT('',(1.323039837087,-22.));
#1248 = CARTESIAN_POINT('',(1.272264107032,-22.));
#1249 = ( GEOMETRIC_REPRESENTATION_CONTEXT(2) 
PARAMETRIC_REPRESENTATION_CONTEXT() REPRESENTATION_CONTEXT('2D SPACE',''
  ) );
#1250 = PCURVE('',#1251,#1256);
#1251 = PLANE('',#1252);
#1252 = AXIS2_PLACEMENT_3D('',#1253,#1254,#1255);
#1253 = CARTESIAN_POINT('',(22.,-14.2,1.054420088418E-16));
#1254 = DIRECTION('',(1.,0.,0.));
#1255 = DIRECTION('',(-0.,0.,1.));
#1256 = DEFINITIONAL_REPRESENTATION('',(#1257),#1265);
#1257 = B_SPLINE_CURVE_WITH_KNOTS('',6,(#1258,#1259,#1260,#1261,#1262,
    #1263,#1264),.UNSPECIFIED.,.F.,.F.,(7,7),(0.,1.),
  .PIECEWISE_BEZIER_KNOTS.);
#1258 = CARTESIAN_POINT('',(1.15195498276E-15,-2.5));
#1259 = CARTESIAN_POINT('',(0.502423205248,-2.5));
#1260 = CARTESIAN_POINT('',(1.004817997588,-2.516595796294));
#1261 = CARTESIAN_POINT('',(1.506543443286,-2.54978314952));
#1262 = CARTESIAN_POINT('',(2.006872801256,-2.599781917868));
#1263 = CARTESIAN_POINT('',(2.504995225642,-2.666991399601));
#1264 = CARTESIAN_POINT('',(3.,-2.752115422774));
#1265 = ( GEOMETRIC_REPRESENTATION_CONTEXT(2) 
PARAMETRIC_REPRESENTATION_CONTEXT() REPRESENTATION_CONTEXT('2D SPACE',''
  ) );
#1266 = ORIENTED_EDGE('',*,*,#1267,.T.);
#1267 = EDGE_CURVE('',#1228,#1268,#1270,.T.);
#1268 = VERTEX_POINT('',#1269);
#1269 = CARTESIAN_POINT('',(18.4,-11.63350876556,1.553422912019));
#1270 = SURFACE_CURVE('',#1271,(#1278,#1288),.PCURVE_S1.);
#1271 = B_SPLINE_CURVE_WITH_KNOTS('',5,(#1272,#1273,#1274,#1275,#1276,
    #1277),.UNSPECIFIED.,.F.,.F.,(6,6),(0.,1.),
  .PIECEWISE_BEZIER_KNOTS.);
#1272 = CARTESIAN_POINT('',(22.0000006,-11.63350876556,1.553422912019));
#1273 = CARTESIAN_POINT('',(21.490269664538,-11.63350876556,
    1.553422912019));
#1274 = CARTESIAN_POINT('',(20.600064165624,-11.63350876556,
    1.553422912019));
#1275 = CARTESIAN_POINT('',(19.816977988385,-11.63350876556,
    1.553422912019));
#1276 = CARTESIAN_POINT('',(19.200485615865,-11.63350876556,
    1.553422912019));
#1277 = CARTESIAN_POINT('',(18.3999994,-11.63350876556,1.553422912019));
#1278 = PCURVE('',#149,#1279);
#1279 = DEFINITIONAL_REPRESENTATION('',(#1280),#1287);
#1280 = B_SPLINE_CURVE_WITH_KNOTS('',5,(#1281,#1282,#1283,#1284,#1285,
    #1286),.UNSPECIFIED.,.F.,.F.,(6,6),(0.,1.),
  .PIECEWISE_BEZIER_KNOTS.);
#1281 = CARTESIAN_POINT('',(1.417905000248,-22.0000006));
#1282 = CARTESIAN_POINT('',(1.417905000248,-21.49026966453));
#1283 = CARTESIAN_POINT('',(1.417905000248,-20.60006416562));
#1284 = CARTESIAN_POINT('',(1.417905000248,-19.81697798838));
#1285 = CARTESIAN_POINT('',(1.417905000248,-19.20048561586));
#1286 = CARTESIAN_POINT('',(1.417905000248,-18.3999994));
#1287 = ( GEOMETRIC_REPRESENTATION_CONTEXT(2) 
PARAMETRIC_REPRESENTATION_CONTEXT() REPRESENTATION_CONTEXT('2D SPACE',''
  ) );
#1288 = PCURVE('',#1289,#1294);
#1289 = CYLINDRICAL_SURFACE('',#1290,3.);
#1290 = AXIS2_PLACEMENT_3D('',#1291,#1292,#1293);
#1291 = CARTESIAN_POINT('',(18.4,-14.2,0.));
#1292 = DIRECTION('',(-1.,-0.,-0.));
#1293 = DIRECTION('',(0.,1.,0.));
#1294 = DEFINITIONAL_REPRESENTATION('',(#1295),#1302);
#1295 = B_SPLINE_CURVE_WITH_KNOTS('',5,(#1296,#1297,#1298,#1299,#1300,
    #1301),.UNSPECIFIED.,.F.,.F.,(6,6),(0.,1.),
  .PIECEWISE_BEZIER_KNOTS.);
#1296 = CARTESIAN_POINT('',(-0.54428628032,-3.6000006));
#1297 = CARTESIAN_POINT('',(-0.54428628032,-3.090269664538));
#1298 = CARTESIAN_POINT('',(-0.54428628032,-2.200064165624));
#1299 = CARTESIAN_POINT('',(-0.54428628032,-1.416977988385));
#1300 = CARTESIAN_POINT('',(-0.54428628032,-0.800485615865));
#1301 = CARTESIAN_POINT('',(-0.54428628032,5.999999999062E-07));
#1302 = ( GEOMETRIC_REPRESENTATION_CONTEXT(2) 
PARAMETRIC_REPRESENTATION_CONTEXT() REPRESENTATION_CONTEXT('2D SPACE',''
  ) );
#1303 = ORIENTED_EDGE('',*,*,#1304,.F.);
#1304 = EDGE_CURVE('',#1305,#1268,#1307,.T.);
#1305 = VERTEX_POINT('',#1306);
#1306 = CARTESIAN_POINT('',(18.4,-11.7,8.881784197001E-16));
#1307 = SURFACE_CURVE('',#1308,(#1316,#1327),.PCURVE_S1.);
#1308 = B_SPLINE_CURVE_WITH_KNOTS('',6,(#1309,#1310,#1311,#1312,#1313,
    #1314,#1315),.UNSPECIFIED.,.F.,.F.,(7,7),(0.,1.),
  .PIECEWISE_BEZIER_KNOTS.);
#1309 = CARTESIAN_POINT('',(18.4,-11.7,1.257396991601E-15));
#1310 = CARTESIAN_POINT('',(18.4,-11.7,0.502423205248));
#1311 = CARTESIAN_POINT('',(18.4,-11.6834042037,1.004817997588));
#1312 = CARTESIAN_POINT('',(18.4,-11.65021685048,1.506543443286));
#1313 = CARTESIAN_POINT('',(18.4,-11.60021808213,2.006872801256));
#1314 = CARTESIAN_POINT('',(18.4,-11.53300860039,2.504995225642));
#1315 = CARTESIAN_POINT('',(18.4,-11.44788457722,3.));
#1316 = PCURVE('',#149,#1317);
#1317 = DEFINITIONAL_REPRESENTATION('',(#1318),#1326);
#1318 = B_SPLINE_CURVE_WITH_KNOTS('',6,(#1319,#1320,#1321,#1322,#1323,
    #1324,#1325),.UNSPECIFIED.,.F.,.F.,(7,7),(0.,1.),
  .PIECEWISE_BEZIER_KNOTS.);
#1319 = CARTESIAN_POINT('',(1.570796326795,-18.4));
#1320 = CARTESIAN_POINT('',(1.52153914981,-18.4));
#1321 = CARTESIAN_POINT('',(1.472284747414,-18.4));
#1322 = CARTESIAN_POINT('',(1.422880949013,-18.4));
#1323 = CARTESIAN_POINT('',(1.373183447859,-18.4));
#1324 = CARTESIAN_POINT('',(1.323039837087,-18.4));
#1325 = CARTESIAN_POINT('',(1.272264107032,-18.4));
#1326 = ( GEOMETRIC_REPRESENTATION_CONTEXT(2) 
PARAMETRIC_REPRESENTATION_CONTEXT() REPRESENTATION_CONTEXT('2D SPACE',''
  ) );
#1327 = PCURVE('',#1328,#1333);
#1328 = PLANE('',#1329);
#1329 = AXIS2_PLACEMENT_3D('',#1330,#1331,#1332);
#1330 = CARTESIAN_POINT('',(18.4,-14.2,1.054420088418E-16));
#1331 = DIRECTION('',(1.,0.,0.));
#1332 = DIRECTION('',(-0.,0.,1.));
#1333 = DEFINITIONAL_REPRESENTATION('',(#1334),#1342);
#1334 = B_SPLINE_CURVE_WITH_KNOTS('',6,(#1335,#1336,#1337,#1338,#1339,
    #1340,#1341),.UNSPECIFIED.,.F.,.F.,(7,7),(0.,1.),
  .PIECEWISE_BEZIER_KNOTS.);
#1335 = CARTESIAN_POINT('',(1.15195498276E-15,-2.5));
#1336 = CARTESIAN_POINT('',(0.502423205248,-2.5));
#1337 = CARTESIAN_POINT('',(1.004817997588,-2.516595796294));
#1338 = CARTESIAN_POINT('',(1.506543443286,-2.54978314952));
#1339 = CARTESIAN_POINT('',(2.006872801256,-2.599781917868));
#1340 = CARTESIAN_POINT('',(2.504995225642,-2.666991399601));
#1341 = CARTESIAN_POINT('',(3.,-2.752115422774));
#1342 = ( GEOMETRIC_REPRESENTATION_CONTEXT(2) 
PARAMETRIC_REPRESENTATION_CONTEXT() REPRESENTATION_CONTEXT('2D SPACE',''
  ) );
#1343 = ORIENTED_EDGE('',*,*,#1344,.F.);
#1344 = EDGE_CURVE('',#1345,#1305,#1347,.T.);
#1345 = VERTEX_POINT('',#1346);
#1346 = CARTESIAN_POINT('',(13.8,-11.7,8.881784197001E-16));
#1347 = SURFACE_CURVE('',#1348,(#1352,#1359),.PCURVE_S1.);
#1348 = LINE('',#1349,#1350);
#1349 = CARTESIAN_POINT('',(0.,-11.7,1.7763568394E-15));
#1350 = VECTOR('',#1351,1.);
#1351 = DIRECTION('',(1.,0.,0.));
#1352 = PCURVE('',#149,#1353);
#1353 = DEFINITIONAL_REPRESENTATION('',(#1354),#1358);
#1354 = LINE('',#1355,#1356);
#1355 = CARTESIAN_POINT('',(1.570796326795,0.));
#1356 = VECTOR('',#1357,1.);
#1357 = DIRECTION('',(0.,-1.));
#1358 = ( GEOMETRIC_REPRESENTATION_CONTEXT(2) 
PARAMETRIC_REPRESENTATION_CONTEXT() REPRESENTATION_CONTEXT('2D SPACE',''
  ) );
#1359 = PCURVE('',#257,#1360);
#1360 = DEFINITIONAL_REPRESENTATION('',(#1361),#1365);
#1361 = LINE('',#1362,#1363);
#1362 = CARTESIAN_POINT('',(72.,60.3));
#1363 = VECTOR('',#1364,1.);
#1364 = DIRECTION('',(1.,0.));
#1365 = ( GEOMETRIC_REPRESENTATION_CONTEXT(2) 
PARAMETRIC_REPRESENTATION_CONTEXT() REPRESENTATION_CONTEXT('2D SPACE',''
  ) );
#1366 = ORIENTED_EDGE('',*,*,#1367,.T.);
#1367 = EDGE_CURVE('',#1345,#1368,#1370,.T.);
#1368 = VERTEX_POINT('',#1369);
#1369 = CARTESIAN_POINT('',(13.8,-11.63350876556,1.553422912019));
#1370 = SURFACE_CURVE('',#1371,(#1379,#1390),.PCURVE_S1.);
#1371 = B_SPLINE_CURVE_WITH_KNOTS('',6,(#1372,#1373,#1374,#1375,#1376,
    #1377,#1378),.UNSPECIFIED.,.F.,.F.,(7,7),(0.,1.),
  .PIECEWISE_BEZIER_KNOTS.);
#1372 = CARTESIAN_POINT('',(13.8,-11.7,1.257396991601E-15));
#1373 = CARTESIAN_POINT('',(13.8,-11.7,0.502423205248));
#1374 = CARTESIAN_POINT('',(13.8,-11.6834042037,1.004817997588));
#1375 = CARTESIAN_POINT('',(13.8,-11.65021685048,1.506543443286));
#1376 = CARTESIAN_POINT('',(13.8,-11.60021808213,2.006872801256));
#1377 = CARTESIAN_POINT('',(13.8,-11.53300860039,2.504995225642));
#1378 = CARTESIAN_POINT('',(13.8,-11.44788457722,3.));
#1379 = PCURVE('',#149,#1380);
#1380 = DEFINITIONAL_REPRESENTATION('',(#1381),#1389);
#1381 = B_SPLINE_CURVE_WITH_KNOTS('',6,(#1382,#1383,#1384,#1385,#1386,
    #1387,#1388),.UNSPECIFIED.,.F.,.F.,(7,7),(0.,1.),
  .PIECEWISE_BEZIER_KNOTS.);
#1382 = CARTESIAN_POINT('',(1.570796326795,-13.8));
#1383 = CARTESIAN_POINT('',(1.52153914981,-13.8));
#1384 = CARTESIAN_POINT('',(1.472284747414,-13.8));
#1385 = CARTESIAN_POINT('',(1.422880949013,-13.8));
#1386 = CARTESIAN_POINT('',(1.373183447859,-13.8));
#1387 = CARTESIAN_POINT('',(1.323039837087,-13.8));
#1388 = CARTESIAN_POINT('',(1.272264107032,-13.8));
#1389 = ( GEOMETRIC_REPRESENTATION_CONTEXT(2) 
PARAMETRIC_REPRESENTATION_CONTEXT() REPRESENTATION_CONTEXT('2D SPACE',''
  ) );
#1390 = PCURVE('',#1391,#1396);
#1391 = PLANE('',#1392);
#1392 = AXIS2_PLACEMENT_3D('',#1393,#1394,#1395);
#1393 = CARTESIAN_POINT('',(13.8,-14.2,1.054420088418E-16));
#1394 = DIRECTION('',(1.,0.,0.));
#1395 = DIRECTION('',(-0.,0.,1.));
#1396 = DEFINITIONAL_REPRESENTATION('',(#1397),#1405);
#1397 = B_SPLINE_CURVE_WITH_KNOTS('',6,(#1398,#1399,#1400,#1401,#1402,
    #1403,#1404),.UNSPECIFIED.,.F.,.F.,(7,7),(0.,1.),
  .PIECEWISE_BEZIER_KNOTS.);
#1398 = CARTESIAN_POINT('',(1.15195498276E-15,-2.5));
#1399 = CARTESIAN_POINT('',(0.502423205248,-2.5));
#1400 = CARTESIAN_POINT('',(1.004817997588,-2.516595796294));
#1401 = CARTESIAN_POINT('',(1.506543443286,-2.54978314952));
#1402 = CARTESIAN_POINT('',(2.006872801256,-2.599781917868));
#1403 = CARTESIAN_POINT('',(2.504995225642,-2.666991399601));
#1404 = CARTESIAN_POINT('',(3.,-2.752115422774));
#1405 = ( GEOMETRIC_REPRESENTATION_CONTEXT(2) 
PARAMETRIC_REPRESENTATION_CONTEXT() REPRESENTATION_CONTEXT('2D SPACE',''
  ) );
#1406 = ORIENTED_EDGE('',*,*,#1407,.T.);
#1407 = EDGE_CURVE('',#1368,#1408,#1410,.T.);
#1408 = VERTEX_POINT('',#1409);
#1409 = CARTESIAN_POINT('',(10.2,-11.63350876556,1.553422912019));
#1410 = SURFACE_CURVE('',#1411,(#1418,#1428),.PCURVE_S1.);
#1411 = B_SPLINE_CURVE_WITH_KNOTS('',5,(#1412,#1413,#1414,#1415,#1416,
    #1417),.UNSPECIFIED.,.F.,.F.,(6,6),(0.,1.),
  .PIECEWISE_BEZIER_KNOTS.);
#1412 = CARTESIAN_POINT('',(13.8000006,-11.63350876556,1.553422912019));
#1413 = CARTESIAN_POINT('',(13.574806804256,-11.63350876556,
    1.553422912019));
#1414 = CARTESIAN_POINT('',(12.523023385487,-11.63350876556,
    1.553422912019));
#1415 = CARTESIAN_POINT('',(11.589589770016,-11.63350876556,
    1.553422912019));
#1416 = CARTESIAN_POINT('',(10.981624755826,-11.63350876556,
    1.553422912019));
#1417 = CARTESIAN_POINT('',(10.1999994,-11.63350876556,1.553422912019));
#1418 = PCURVE('',#149,#1419);
#1419 = DEFINITIONAL_REPRESENTATION('',(#1420),#1427);
#1420 = B_SPLINE_CURVE_WITH_KNOTS('',5,(#1421,#1422,#1423,#1424,#1425,
    #1426),.UNSPECIFIED.,.F.,.F.,(6,6),(0.,1.),
  .PIECEWISE_BEZIER_KNOTS.);
#1421 = CARTESIAN_POINT('',(1.417905000248,-13.8000006));
#1422 = CARTESIAN_POINT('',(1.417905000248,-13.57480680425));
#1423 = CARTESIAN_POINT('',(1.417905000248,-12.52302338548));
#1424 = CARTESIAN_POINT('',(1.417905000248,-11.58958977001));
#1425 = CARTESIAN_POINT('',(1.417905000248,-10.98162475582));
#1426 = CARTESIAN_POINT('',(1.417905000248,-10.1999994));
#1427 = ( GEOMETRIC_REPRESENTATION_CONTEXT(2) 
PARAMETRIC_REPRESENTATION_CONTEXT() REPRESENTATION_CONTEXT('2D SPACE',''
  ) );
#1428 = PCURVE('',#1429,#1434);
#1429 = CYLINDRICAL_SURFACE('',#1430,3.);
#1430 = AXIS2_PLACEMENT_3D('',#1431,#1432,#1433);
#1431 = CARTESIAN_POINT('',(10.2,-14.2,0.));
#1432 = DIRECTION('',(-1.,-0.,-0.));
#1433 = DIRECTION('',(0.,1.,0.));
#1434 = DEFINITIONAL_REPRESENTATION('',(#1435),#1442);
#1435 = B_SPLINE_CURVE_WITH_KNOTS('',5,(#1436,#1437,#1438,#1439,#1440,
    #1441),.UNSPECIFIED.,.F.,.F.,(6,6),(0.,1.),
  .PIECEWISE_BEZIER_KNOTS.);
#1436 = CARTESIAN_POINT('',(-0.54428628032,-3.6000006));
#1437 = CARTESIAN_POINT('',(-0.54428628032,-3.374806804256));
#1438 = CARTESIAN_POINT('',(-0.54428628032,-2.323023385487));
#1439 = CARTESIAN_POINT('',(-0.54428628032,-1.389589770016));
#1440 = CARTESIAN_POINT('',(-0.54428628032,-0.781624755826));
#1441 = CARTESIAN_POINT('',(-0.54428628032,5.999999999062E-07));
#1442 = ( GEOMETRIC_REPRESENTATION_CONTEXT(2) 
PARAMETRIC_REPRESENTATION_CONTEXT() REPRESENTATION_CONTEXT('2D SPACE',''
  ) );
#1443 = ORIENTED_EDGE('',*,*,#1444,.F.);
#1444 = EDGE_CURVE('',#1445,#1408,#1447,.T.);
#1445 = VERTEX_POINT('',#1446);
#1446 = CARTESIAN_POINT('',(10.2,-11.7,8.881784197001E-16));
#1447 = SURFACE_CURVE('',#1448,(#1456,#1467),.PCURVE_S1.);
#1448 = B_SPLINE_CURVE_WITH_KNOTS('',6,(#1449,#1450,#1451,#1452,#1453,
    #1454,#1455),.UNSPECIFIED.,.F.,.F.,(7,7),(0.,1.),
  .PIECEWISE_BEZIER_KNOTS.);
#1449 = CARTESIAN_POINT('',(10.2,-11.7,1.257396991601E-15));
#1450 = CARTESIAN_POINT('',(10.2,-11.7,0.502423205248));
#1451 = CARTESIAN_POINT('',(10.2,-11.6834042037,1.004817997588));
#1452 = CARTESIAN_POINT('',(10.2,-11.65021685048,1.506543443286));
#1453 = CARTESIAN_POINT('',(10.2,-11.60021808213,2.006872801256));
#1454 = CARTESIAN_POINT('',(10.2,-11.53300860039,2.504995225642));
#1455 = CARTESIAN_POINT('',(10.2,-11.44788457722,3.));
#1456 = PCURVE('',#149,#1457);
#1457 = DEFINITIONAL_REPRESENTATION('',(#1458),#1466);
#1458 = B_SPLINE_CURVE_WITH_KNOTS('',6,(#1459,#1460,#1461,#1462,#1463,
    #1464,#1465),.UNSPECIFIED.,.F.,.F.,(7,7),(0.,1.),
  .PIECEWISE_BEZIER_KNOTS.);
#1459 = CARTESIAN_POINT('',(1.570796326795,-10.2));
#1460 = CARTESIAN_POINT('',(1.52153914981,-10.2));
#1461 = CARTESIAN_POINT('',(1.472284747414,-10.2));
#1462 = CARTESIAN_POINT('',(1.422880949013,-10.2));
#1463 = CARTESIAN_POINT('',(1.373183447859,-10.2));
#1464 = CARTESIAN_POINT('',(1.323039837087,-10.2));
#1465 = CARTESIAN_POINT('',(1.272264107032,-10.2));
#1466 = ( GEOMETRIC_REPRESENTATION_CONTEXT(2) 
PARAMETRIC_REPRESENTATION_CONTEXT() REPRESENTATION_CONTEXT('2D SPACE',''
  ) );
#1467 = PCURVE('',#1468,#1473);
#1468 = PLANE('',#1469);
#1469 = AXIS2_PLACEMENT_3D('',#1470,#1471,#1472);
#1470 = CARTESIAN_POINT('',(10.2,-14.2,1.054420088418E-16));
#1471 = DIRECTION('',(1.,0.,0.));
#1472 = DIRECTION('',(-0.,0.,1.));
#1473 = DEFINITIONAL_REPRESENTATION('',(#1474),#1482);
#1474 = B_SPLINE_CURVE_WITH_KNOTS('',6,(#1475,#1476,#1477,#1478,#1479,
    #1480,#1481),.UNSPECIFIED.,.F.,.F.,(7,7),(0.,1.),
  .PIECEWISE_BEZIER_KNOTS.);
#1475 = CARTESIAN_POINT('',(1.15195498276E-15,-2.5));
#1476 = CARTESIAN_POINT('',(0.502423205248,-2.5));
#1477 = CARTESIAN_POINT('',(1.004817997588,-2.516595796294));
#1478 = CARTESIAN_POINT('',(1.506543443286,-2.54978314952));
#1479 = CARTESIAN_POINT('',(2.006872801256,-2.599781917868));
#1480 = CARTESIAN_POINT('',(2.504995225642,-2.666991399601));
#1481 = CARTESIAN_POINT('',(3.,-2.752115422774));
#1482 = ( GEOMETRIC_REPRESENTATION_CONTEXT(2) 
PARAMETRIC_REPRESENTATION_CONTEXT() REPRESENTATION_CONTEXT('2D SPACE',''
  ) );
#1483 = ORIENTED_EDGE('',*,*,#1484,.F.);
#1484 = EDGE_CURVE('',#1485,#1445,#1487,.T.);
#1485 = VERTEX_POINT('',#1486);
#1486 = CARTESIAN_POINT('',(5.6,-11.7,8.881784197001E-16));
#1487 = SURFACE_CURVE('',#1488,(#1492,#1499),.PCURVE_S1.);
#1488 = LINE('',#1489,#1490);
#1489 = CARTESIAN_POINT('',(0.,-11.7,1.7763568394E-15));
#1490 = VECTOR('',#1491,1.);
#1491 = DIRECTION('',(1.,0.,0.));
#1492 = PCURVE('',#149,#1493);
#1493 = DEFINITIONAL_REPRESENTATION('',(#1494),#1498);
#1494 = LINE('',#1495,#1496);
#1495 = CARTESIAN_POINT('',(1.570796326795,0.));
#1496 = VECTOR('',#1497,1.);
#1497 = DIRECTION('',(0.,-1.));
#1498 = ( GEOMETRIC_REPRESENTATION_CONTEXT(2) 
PARAMETRIC_REPRESENTATION_CONTEXT() REPRESENTATION_CONTEXT('2D SPACE',''
  ) );
#1499 = PCURVE('',#257,#1500);
#1500 = DEFINITIONAL_REPRESENTATION('',(#1501),#1505);
#1501 = LINE('',#1502,#1503);
#1502 = CARTESIAN_POINT('',(72.,60.3));
#1503 = VECTOR('',#1504,1.);
#1504 = DIRECTION('',(1.,0.));
#1505 = ( GEOMETRIC_REPRESENTATION_CONTEXT(2) 
PARAMETRIC_REPRESENTATION_CONTEXT() REPRESENTATION_CONTEXT('2D SPACE',''
  ) );
#1506 = ORIENTED_EDGE('',*,*,#1507,.T.);
#1507 = EDGE_CURVE('',#1485,#1508,#1510,.T.);
#1508 = VERTEX_POINT('',#1509);
#1509 = CARTESIAN_POINT('',(5.6,-11.63350876556,1.553422912019));
#1510 = SURFACE_CURVE('',#1511,(#1519,#1530),.PCURVE_S1.);
#1511 = B_SPLINE_CURVE_WITH_KNOTS('',6,(#1512,#1513,#1514,#1515,#1516,
    #1517,#1518),.UNSPECIFIED.,.F.,.F.,(7,7),(0.,1.),
  .PIECEWISE_BEZIER_KNOTS.);
#1512 = CARTESIAN_POINT('',(5.6,-11.7,1.257396991601E-15));
#1513 = CARTESIAN_POINT('',(5.6,-11.7,0.502423205248));
#1514 = CARTESIAN_POINT('',(5.6,-11.6834042037,1.004817997588));
#1515 = CARTESIAN_POINT('',(5.6,-11.65021685048,1.506543443286));
#1516 = CARTESIAN_POINT('',(5.6,-11.60021808213,2.006872801256));
#1517 = CARTESIAN_POINT('',(5.6,-11.53300860039,2.504995225642));
#1518 = CARTESIAN_POINT('',(5.6,-11.44788457722,3.));
#1519 = PCURVE('',#149,#1520);
#1520 = DEFINITIONAL_REPRESENTATION('',(#1521),#1529);
#1521 = B_SPLINE_CURVE_WITH_KNOTS('',6,(#1522,#1523,#1524,#1525,#1526,
    #1527,#1528),.UNSPECIFIED.,.F.,.F.,(7,7),(0.,1.),
  .PIECEWISE_BEZIER_KNOTS.);
#1522 = CARTESIAN_POINT('',(1.570796326795,-5.6));
#1523 = CARTESIAN_POINT('',(1.52153914981,-5.6));
#1524 = CARTESIAN_POINT('',(1.472284747414,-5.6));
#1525 = CARTESIAN_POINT('',(1.422880949013,-5.6));
#1526 = CARTESIAN_POINT('',(1.373183447859,-5.6));
#1527 = CARTESIAN_POINT('',(1.323039837087,-5.6));
#1528 = CARTESIAN_POINT('',(1.272264107032,-5.6));
#1529 = ( GEOMETRIC_REPRESENTATION_CONTEXT(2) 
PARAMETRIC_REPRESENTATION_CONTEXT() REPRESENTATION_CONTEXT('2D SPACE',''
  ) );
#1530 = PCURVE('',#1531,#1536);
#1531 = PLANE('',#1532);
#1532 = AXIS2_PLACEMENT_3D('',#1533,#1534,#1535);
#1533 = CARTESIAN_POINT('',(5.6,-14.2,1.054420088418E-16));
#1534 = DIRECTION('',(1.,0.,0.));
#1535 = DIRECTION('',(-0.,0.,1.));
#1536 = DEFINITIONAL_REPRESENTATION('',(#1537),#1545);
#1537 = B_SPLINE_CURVE_WITH_KNOTS('',6,(#1538,#1539,#1540,#1541,#1542,
    #1543,#1544),.UNSPECIFIED.,.F.,.F.,(7,7),(0.,1.),
  .PIECEWISE_BEZIER_KNOTS.);
#1538 = CARTESIAN_POINT('',(1.15195498276E-15,-2.5));
#1539 = CARTESIAN_POINT('',(0.502423205248,-2.5));
#1540 = CARTESIAN_POINT('',(1.004817997588,-2.516595796294));
#1541 = CARTESIAN_POINT('',(1.506543443286,-2.54978314952));
#1542 = CARTESIAN_POINT('',(2.006872801256,-2.599781917868));
#1543 = CARTESIAN_POINT('',(2.504995225642,-2.666991399601));
#1544 = CARTESIAN_POINT('',(3.,-2.752115422774));
#1545 = ( GEOMETRIC_REPRESENTATION_CONTEXT(2) 
PARAMETRIC_REPRESENTATION_CONTEXT() REPRESENTATION_CONTEXT('2D SPACE',''
  ) );
#1546 = ORIENTED_EDGE('',*,*,#1547,.T.);
#1547 = EDGE_CURVE('',#1508,#1548,#1550,.T.);
#1548 = VERTEX_POINT('',#1549);
#1549 = CARTESIAN_POINT('',(2.,-11.63350876556,1.553422912019));
#1550 = SURFACE_CURVE('',#1551,(#1557,#1566),.PCURVE_S1.);
#1551 = B_SPLINE_CURVE_WITH_KNOTS('',4,(#1552,#1553,#1554,#1555,#1556),
  .UNSPECIFIED.,.F.,.F.,(5,5),(0.,1.),.PIECEWISE_BEZIER_KNOTS.);
#1552 = CARTESIAN_POINT('',(5.6000006,-11.63350876556,1.553422912019));
#1553 = CARTESIAN_POINT('',(4.7000003,-11.63350876556,1.553422912019));
#1554 = CARTESIAN_POINT('',(3.8,-11.63350876556,1.553422912019));
#1555 = CARTESIAN_POINT('',(2.8999997,-11.63350876556,1.553422912019));
#1556 = CARTESIAN_POINT('',(1.9999994,-11.63350876556,1.553422912019));
#1557 = PCURVE('',#149,#1558);
#1558 = DEFINITIONAL_REPRESENTATION('',(#1559),#1565);
#1559 = B_SPLINE_CURVE_WITH_KNOTS('',4,(#1560,#1561,#1562,#1563,#1564),
  .UNSPECIFIED.,.F.,.F.,(5,5),(0.,1.),.PIECEWISE_BEZIER_KNOTS.);
#1560 = CARTESIAN_POINT('',(1.417905000248,-5.6000006));
#1561 = CARTESIAN_POINT('',(1.417905000248,-4.7000003));
#1562 = CARTESIAN_POINT('',(1.417905000248,-3.8));
#1563 = CARTESIAN_POINT('',(1.417905000248,-2.8999997));
#1564 = CARTESIAN_POINT('',(1.417905000248,-1.9999994));
#1565 = ( GEOMETRIC_REPRESENTATION_CONTEXT(2) 
PARAMETRIC_REPRESENTATION_CONTEXT() REPRESENTATION_CONTEXT('2D SPACE',''
  ) );
#1566 = PCURVE('',#1567,#1572);
#1567 = CYLINDRICAL_SURFACE('',#1568,3.);
#1568 = AXIS2_PLACEMENT_3D('',#1569,#1570,#1571);
#1569 = CARTESIAN_POINT('',(2.,-14.2,0.));
#1570 = DIRECTION('',(-1.,-0.,-0.));
#1571 = DIRECTION('',(0.,1.,0.));
#1572 = DEFINITIONAL_REPRESENTATION('',(#1573),#1579);
#1573 = B_SPLINE_CURVE_WITH_KNOTS('',4,(#1574,#1575,#1576,#1577,#1578),
  .UNSPECIFIED.,.F.,.F.,(5,5),(0.,1.),.PIECEWISE_BEZIER_KNOTS.);
#1574 = CARTESIAN_POINT('',(-0.54428628032,-3.6000006));
#1575 = CARTESIAN_POINT('',(-0.54428628032,-2.7000003));
#1576 = CARTESIAN_POINT('',(-0.54428628032,-1.8));
#1577 = CARTESIAN_POINT('',(-0.54428628032,-0.8999997));
#1578 = CARTESIAN_POINT('',(-0.54428628032,5.999999999062E-07));
#1579 = ( GEOMETRIC_REPRESENTATION_CONTEXT(2) 
PARAMETRIC_REPRESENTATION_CONTEXT() REPRESENTATION_CONTEXT('2D SPACE',''
  ) );
#1580 = ORIENTED_EDGE('',*,*,#1581,.F.);
#1581 = EDGE_CURVE('',#1582,#1548,#1584,.T.);
#1582 = VERTEX_POINT('',#1583);
#1583 = CARTESIAN_POINT('',(2.,-11.7,8.881784197001E-16));
#1584 = SURFACE_CURVE('',#1585,(#1593,#1604),.PCURVE_S1.);
#1585 = B_SPLINE_CURVE_WITH_KNOTS('',6,(#1586,#1587,#1588,#1589,#1590,
    #1591,#1592),.UNSPECIFIED.,.F.,.F.,(7,7),(0.,1.),
  .PIECEWISE_BEZIER_KNOTS.);
#1586 = CARTESIAN_POINT('',(2.,-11.7,1.257396991601E-15));
#1587 = CARTESIAN_POINT('',(2.,-11.7,0.502423205248));
#1588 = CARTESIAN_POINT('',(2.,-11.6834042037,1.004817997588));
#1589 = CARTESIAN_POINT('',(2.,-11.65021685048,1.506543443286));
#1590 = CARTESIAN_POINT('',(2.,-11.60021808213,2.006872801256));
#1591 = CARTESIAN_POINT('',(2.,-11.53300860039,2.504995225642));
#1592 = CARTESIAN_POINT('',(2.,-11.44788457722,3.));
#1593 = PCURVE('',#149,#1594);
#1594 = DEFINITIONAL_REPRESENTATION('',(#1595),#1603);
#1595 = B_SPLINE_CURVE_WITH_KNOTS('',6,(#1596,#1597,#1598,#1599,#1600,
    #1601,#1602),.UNSPECIFIED.,.F.,.F.,(7,7),(0.,1.),
  .PIECEWISE_BEZIER_KNOTS.);
#1596 = CARTESIAN_POINT('',(1.570796326795,-2.));
#1597 = CARTESIAN_POINT('',(1.52153914981,-2.));
#1598 = CARTESIAN_POINT('',(1.472284747414,-2.));
#1599 = CARTESIAN_POINT('',(1.422880949013,-2.));
#1600 = CARTESIAN_POINT('',(1.373183447859,-2.));
#1601 = CARTESIAN_POINT('',(1.323039837087,-2.));
#1602 = CARTESIAN_POINT('',(1.272264107032,-2.));
#1603 = ( GEOMETRIC_REPRESENTATION_CONTEXT(2) 
PARAMETRIC_REPRESENTATION_CONTEXT() REPRESENTATION_CONTEXT('2D SPACE',''
  ) );
#1604 = PCURVE('',#1605,#1610);
#1605 = PLANE('',#1606);
#1606 = AXIS2_PLACEMENT_3D('',#1607,#1608,#1609);
#1607 = CARTESIAN_POINT('',(2.,-14.2,1.054420088418E-16));
#1608 = DIRECTION('',(1.,0.,0.));
#1609 = DIRECTION('',(-0.,0.,1.));
#1610 = DEFINITIONAL_REPRESENTATION('',(#1611),#1619);
#1611 = B_SPLINE_CURVE_WITH_KNOTS('',6,(#1612,#1613,#1614,#1615,#1616,
    #1617,#1618),.UNSPECIFIED.,.F.,.F.,(7,7),(0.,1.),
  .PIECEWISE_BEZIER_KNOTS.);
#1612 = CARTESIAN_POINT('',(1.15195498276E-15,-2.5));
#1613 = CARTESIAN_POINT('',(0.502423205248,-2.5));
#1614 = CARTESIAN_POINT('',(1.004817997588,-2.516595796294));
#1615 = CARTESIAN_POINT('',(1.506543443286,-2.54978314952));
#1616 = CARTESIAN_POINT('',(2.006872801256,-2.599781917868));
#1617 = CARTESIAN_POINT('',(2.504995225642,-2.666991399601));
#1618 = CARTESIAN_POINT('',(3.,-2.752115422774));
#1619 = ( GEOMETRIC_REPRESENTATION_CONTEXT(2) 
PARAMETRIC_REPRESENTATION_CONTEXT() REPRESENTATION_CONTEXT('2D SPACE',''
  ) );
#1620 = ORIENTED_EDGE('',*,*,#1621,.F.);
#1621 = EDGE_CURVE('',#219,#1582,#1622,.T.);
#1622 = SURFACE_CURVE('',#1623,(#1627,#1634),.PCURVE_S1.);
#1623 = LINE('',#1624,#1625);
#1624 = CARTESIAN_POINT('',(0.,-11.7,1.7763568394E-15));
#1625 = VECTOR('',#1626,1.);
#1626 = DIRECTION('',(1.,0.,0.));
#1627 = PCURVE('',#149,#1628);
#1628 = DEFINITIONAL_REPRESENTATION('',(#1629),#1633);
#1629 = LINE('',#1630,#1631);
#1630 = CARTESIAN_POINT('',(1.570796326795,0.));
#1631 = VECTOR('',#1632,1.);
#1632 = DIRECTION('',(0.,-1.));
#1633 = ( GEOMETRIC_REPRESENTATION_CONTEXT(2) 
PARAMETRIC_REPRESENTATION_CONTEXT() REPRESENTATION_CONTEXT('2D SPACE',''
  ) );
#1634 = PCURVE('',#257,#1635);
#1635 = DEFINITIONAL_REPRESENTATION('',(#1636),#1640);
#1636 = LINE('',#1637,#1638);
#1637 = CARTESIAN_POINT('',(72.,60.3));
#1638 = VECTOR('',#1639,1.);
#1639 = DIRECTION('',(1.,0.));
#1640 = ( GEOMETRIC_REPRESENTATION_CONTEXT(2) 
PARAMETRIC_REPRESENTATION_CONTEXT() REPRESENTATION_CONTEXT('2D SPACE',''
  ) );
#1641 = ADVANCED_FACE('',(#1642),#124,.T.);
#1642 = FACE_BOUND('',#1643,.T.);
#1643 = EDGE_LOOP('',(#1644,#1667,#1695,#1775,#1796,#1817,#1838,#1859,
    #1880,#1975,#2003,#2031,#2112,#2113));
#1644 = ORIENTED_EDGE('',*,*,#1645,.T.);
#1645 = EDGE_CURVE('',#699,#1646,#1648,.T.);
#1646 = VERTEX_POINT('',#1647);
#1647 = CARTESIAN_POINT('',(1.9,-10.53,5.));
#1648 = SURFACE_CURVE('',#1649,(#1653,#1660),.PCURVE_S1.);
#1649 = LINE('',#1650,#1651);
#1650 = CARTESIAN_POINT('',(1.9,-10.53,11.));
#1651 = VECTOR('',#1652,1.);
#1652 = DIRECTION('',(0.,0.,-1.));
#1653 = PCURVE('',#124,#1654);
#1654 = DEFINITIONAL_REPRESENTATION('',(#1655),#1659);
#1655 = LINE('',#1656,#1657);
#1656 = CARTESIAN_POINT('',(3.,10.53));
#1657 = VECTOR('',#1658,1.);
#1658 = DIRECTION('',(-1.,0.));
#1659 = ( GEOMETRIC_REPRESENTATION_CONTEXT(2) 
PARAMETRIC_REPRESENTATION_CONTEXT() REPRESENTATION_CONTEXT('2D SPACE',''
  ) );
#1660 = PCURVE('',#803,#1661);
#1661 = DEFINITIONAL_REPRESENTATION('',(#1662),#1666);
#1662 = LINE('',#1663,#1664);
#1663 = CARTESIAN_POINT('',(0.,0.));
#1664 = VECTOR('',#1665,1.);
#1665 = DIRECTION('',(1.,0.));
#1666 = ( GEOMETRIC_REPRESENTATION_CONTEXT(2) 
PARAMETRIC_REPRESENTATION_CONTEXT() REPRESENTATION_CONTEXT('2D SPACE',''
  ) );
#1667 = ORIENTED_EDGE('',*,*,#1668,.T.);
#1668 = EDGE_CURVE('',#1646,#1669,#1671,.T.);
#1669 = VERTEX_POINT('',#1670);
#1670 = CARTESIAN_POINT('',(1.9,-8.732186624299,5.));
#1671 = SURFACE_CURVE('',#1672,(#1676,#1683),.PCURVE_S1.);
#1672 = LINE('',#1673,#1674);
#1673 = CARTESIAN_POINT('',(1.9,-10.53,5.));
#1674 = VECTOR('',#1675,1.);
#1675 = DIRECTION('',(0.,1.,0.));
#1676 = PCURVE('',#124,#1677);
#1677 = DEFINITIONAL_REPRESENTATION('',(#1678),#1682);
#1678 = LINE('',#1679,#1680);
#1679 = CARTESIAN_POINT('',(-3.,10.53));
#1680 = VECTOR('',#1681,1.);
#1681 = DIRECTION('',(0.,-1.));
#1682 = ( GEOMETRIC_REPRESENTATION_CONTEXT(2) 
PARAMETRIC_REPRESENTATION_CONTEXT() REPRESENTATION_CONTEXT('2D SPACE',''
  ) );
#1683 = PCURVE('',#1684,#1689);
#1684 = PLANE('',#1685);
#1685 = AXIS2_PLACEMENT_3D('',#1686,#1687,#1688);
#1686 = CARTESIAN_POINT('',(1.9,-10.53,5.));
#1687 = DIRECTION('',(0.,0.,1.));
#1688 = DIRECTION('',(0.,1.,0.));
#1689 = DEFINITIONAL_REPRESENTATION('',(#1690),#1694);
#1690 = LINE('',#1691,#1692);
#1691 = CARTESIAN_POINT('',(0.,0.));
#1692 = VECTOR('',#1693,1.);
#1693 = DIRECTION('',(1.,0.));
#1694 = ( GEOMETRIC_REPRESENTATION_CONTEXT(2) 
PARAMETRIC_REPRESENTATION_CONTEXT() REPRESENTATION_CONTEXT('2D SPACE',''
  ) );
#1695 = ORIENTED_EDGE('',*,*,#1696,.T.);
#1696 = EDGE_CURVE('',#1669,#1697,#1699,.T.);
#1697 = VERTEX_POINT('',#1698);
#1698 = CARTESIAN_POINT('',(1.9,-6.,8.));
#1699 = SURFACE_CURVE('',#1700,(#1723,#1749),.PCURVE_S1.);
#1700 = B_SPLINE_CURVE_WITH_KNOTS('',6,(#1701,#1702,#1703,#1704,#1705,
    #1706,#1707,#1708,#1709,#1710,#1711,#1712,#1713,#1714,#1715,#1716,
    #1717,#1718,#1719,#1720,#1721,#1722),.UNSPECIFIED.,.F.,.F.,(7,5,5,5,
    7),(0.,0.337782905588,0.620842547573,0.792498210746,1.),
  .UNSPECIFIED.);
#1701 = CARTESIAN_POINT('',(1.9,-8.732186624299,5.));
#1702 = CARTESIAN_POINT('',(1.9,-8.65129550266,5.230932522389));
#1703 = CARTESIAN_POINT('',(1.9,-8.563913746089,5.459389177269));
#1704 = CARTESIAN_POINT('',(1.9,-8.469493739306,5.684992151005));
#1705 = CARTESIAN_POINT('',(1.9,-8.367366206713,5.907085334031));
#1706 = CARTESIAN_POINT('',(1.9,-8.256753479127,6.124742967621));
#1707 = CARTESIAN_POINT('',(1.9,-8.035684169582,6.514158403062));
#1708 = CARTESIAN_POINT('',(1.9,-7.928177565889,6.687509620489));
#1709 = CARTESIAN_POINT('',(1.9,-7.813208735281,6.856012684967));
#1710 = CARTESIAN_POINT('',(1.9,-7.68997405562,7.018412164347));
#1711 = CARTESIAN_POINT('',(1.9,-7.55766596154,7.172897506504));
#1712 = CARTESIAN_POINT('',(1.9,-7.328808616925,7.404158703416));
#1713 = CARTESIAN_POINT('',(1.9,-7.238727148118,7.487541173801));
#1714 = CARTESIAN_POINT('',(1.9,-7.144733091486,7.566417728696));
#1715 = CARTESIAN_POINT('',(1.9,-7.046682538392,7.639980951399));
#1716 = CARTESIAN_POINT('',(1.9,-6.944535177464,7.707229917929));
#1717 = CARTESIAN_POINT('',(1.9,-6.710158571663,7.839409870243));
#1718 = CARTESIAN_POINT('',(1.9,-6.575954294845,7.901008356469));
#1719 = CARTESIAN_POINT('',(1.9,-6.436404061581,7.949674433473));
#1720 = CARTESIAN_POINT('',(1.9,-6.292599967653,7.983235323564));
#1721 = CARTESIAN_POINT('',(1.9,-6.146259140703,8.));
#1722 = CARTESIAN_POINT('',(1.9,-6.,8.));
#1723 = PCURVE('',#124,#1724);
#1724 = DEFINITIONAL_REPRESENTATION('',(#1725),#1748);
#1725 = B_SPLINE_CURVE_WITH_KNOTS('',6,(#1726,#1727,#1728,#1729,#1730,
    #1731,#1732,#1733,#1734,#1735,#1736,#1737,#1738,#1739,#1740,#1741,
    #1742,#1743,#1744,#1745,#1746,#1747),.UNSPECIFIED.,.F.,.F.,(7,5,5,5,
    7),(0.,0.337782905588,0.620842547573,0.792498210746,1.),
  .UNSPECIFIED.);
#1726 = CARTESIAN_POINT('',(-3.,8.732186624299));
#1727 = CARTESIAN_POINT('',(-2.769067477611,8.65129550266));
#1728 = CARTESIAN_POINT('',(-2.540610822731,8.563913746089));
#1729 = CARTESIAN_POINT('',(-2.315007848995,8.469493739306));
#1730 = CARTESIAN_POINT('',(-2.092914665969,8.367366206713));
#1731 = CARTESIAN_POINT('',(-1.875257032379,8.256753479127));
#1732 = CARTESIAN_POINT('',(-1.485841596938,8.035684169582));
#1733 = CARTESIAN_POINT('',(-1.312490379511,7.928177565889));
#1734 = CARTESIAN_POINT('',(-1.143987315033,7.813208735281));
#1735 = CARTESIAN_POINT('',(-0.981587835653,7.68997405562));
#1736 = CARTESIAN_POINT('',(-0.827102493496,7.55766596154));
#1737 = CARTESIAN_POINT('',(-0.595841296584,7.328808616925));
#1738 = CARTESIAN_POINT('',(-0.512458826199,7.238727148118));
#1739 = CARTESIAN_POINT('',(-0.433582271304,7.144733091486));
#1740 = CARTESIAN_POINT('',(-0.360019048601,7.046682538392));
#1741 = CARTESIAN_POINT('',(-0.292770082071,6.944535177464));
#1742 = CARTESIAN_POINT('',(-0.160590129757,6.710158571663));
#1743 = CARTESIAN_POINT('',(-9.899164353072E-02,6.575954294845));
#1744 = CARTESIAN_POINT('',(-5.032556652749E-02,6.436404061581));
#1745 = CARTESIAN_POINT('',(-1.676467643584E-02,6.292599967653));
#1746 = CARTESIAN_POINT('',(0.,6.146259140703));
#1747 = CARTESIAN_POINT('',(0.,6.));
#1748 = ( GEOMETRIC_REPRESENTATION_CONTEXT(2) 
PARAMETRIC_REPRESENTATION_CONTEXT() REPRESENTATION_CONTEXT('2D SPACE',''
  ) );
#1749 = PCURVE('',#355,#1750);
#1750 = DEFINITIONAL_REPRESENTATION('',(#1751),#1774);
#1751 = B_SPLINE_CURVE_WITH_KNOTS('',6,(#1752,#1753,#1754,#1755,#1756,
    #1757,#1758,#1759,#1760,#1761,#1762,#1763,#1764,#1765,#1766,#1767,
    #1768,#1769,#1770,#1771,#1772,#1773),.UNSPECIFIED.,.F.,.F.,(7,5,5,5,
    7),(0.,0.337782905588,0.620842547573,0.792498210746,1.),
  .UNSPECIFIED.);
#1752 = CARTESIAN_POINT('',(0.895664793858,-3.9));
#1753 = CARTESIAN_POINT('',(0.858685995394,-3.9));
#1754 = CARTESIAN_POINT('',(0.820789651891,-3.9));
#1755 = CARTESIAN_POINT('',(0.781824438509,-3.9));
#1756 = CARTESIAN_POINT('',(0.741619289198,-3.9));
#1757 = CARTESIAN_POINT('',(0.699978844848,-3.9));
#1758 = CARTESIAN_POINT('',(0.620235725643,-3.9));
#1759 = CARTESIAN_POINT('',(0.582678894165,-3.9));
#1760 = CARTESIAN_POINT('',(0.543717291512,-3.9));
#1761 = CARTESIAN_POINT('',(0.503147676005,-3.9));
#1762 = CARTESIAN_POINT('',(0.460765185155,-3.9));
#1763 = CARTESIAN_POINT('',(0.389272400469,-3.9));
#1764 = CARTESIAN_POINT('',(0.361518255953,-3.9));
#1765 = CARTESIAN_POINT('',(0.332933987124,-3.9));
#1766 = CARTESIAN_POINT('',(0.303477601533,-3.9));
#1767 = CARTESIAN_POINT('',(0.273128711694,-3.9));
#1768 = CARTESIAN_POINT('',(0.204155747301,-3.9));
#1769 = CARTESIAN_POINT('',(0.165083706571,-3.9));
#1770 = CARTESIAN_POINT('',(0.124818562602,-3.9));
#1771 = CARTESIAN_POINT('',(8.359990535268E-02,-3.9));
#1772 = CARTESIAN_POINT('',(4.178832591514E-02,-3.9));
#1773 = CARTESIAN_POINT('',(0.,-3.9));
#1774 = ( GEOMETRIC_REPRESENTATION_CONTEXT(2) 
PARAMETRIC_REPRESENTATION_CONTEXT() REPRESENTATION_CONTEXT('2D SPACE',''
  ) );
#1775 = ORIENTED_EDGE('',*,*,#1776,.F.);
#1776 = EDGE_CURVE('',#1777,#1697,#1779,.T.);
#1777 = VERTEX_POINT('',#1778);
#1778 = CARTESIAN_POINT('',(1.9,-1.1,8.));
#1779 = SURFACE_CURVE('',#1780,(#1784,#1790),.PCURVE_S1.);
#1780 = LINE('',#1781,#1782);
#1781 = CARTESIAN_POINT('',(1.9,3.,8.));
#1782 = VECTOR('',#1783,1.);
#1783 = DIRECTION('',(0.,-1.,0.));
#1784 = PCURVE('',#124,#1785);
#1785 = DEFINITIONAL_REPRESENTATION('',(#1786),#1789);
#1786 = B_SPLINE_CURVE_WITH_KNOTS('',1,(#1787,#1788),.UNSPECIFIED.,.F.,
  .F.,(2,2),(-3.,9.),.PIECEWISE_BEZIER_KNOTS.);
#1787 = CARTESIAN_POINT('',(0.,-6.));
#1788 = CARTESIAN_POINT('',(0.,6.));
#1789 = ( GEOMETRIC_REPRESENTATION_CONTEXT(2) 
PARAMETRIC_REPRESENTATION_CONTEXT() REPRESENTATION_CONTEXT('2D SPACE',''
  ) );
#1790 = PCURVE('',#420,#1791);
#1791 = DEFINITIONAL_REPRESENTATION('',(#1792),#1795);
#1792 = B_SPLINE_CURVE_WITH_KNOTS('',1,(#1793,#1794),.UNSPECIFIED.,.F.,
  .F.,(2,2),(-3.,9.),.PIECEWISE_BEZIER_KNOTS.);
#1793 = CARTESIAN_POINT('',(-8.881784197001E-16,-3.9));
#1794 = CARTESIAN_POINT('',(12.,-3.9));
#1795 = ( GEOMETRIC_REPRESENTATION_CONTEXT(2) 
PARAMETRIC_REPRESENTATION_CONTEXT() REPRESENTATION_CONTEXT('2D SPACE',''
  ) );
#1796 = ORIENTED_EDGE('',*,*,#1797,.F.);
#1797 = EDGE_CURVE('',#1798,#1777,#1800,.T.);
#1798 = VERTEX_POINT('',#1799);
#1799 = CARTESIAN_POINT('',(1.9,-1.1,9.2));
#1800 = SURFACE_CURVE('',#1801,(#1805,#1811),.PCURVE_S1.);
#1801 = LINE('',#1802,#1803);
#1802 = CARTESIAN_POINT('',(1.9,-1.1,7.8));
#1803 = VECTOR('',#1804,1.);
#1804 = DIRECTION('',(0.,0.,-1.));
#1805 = PCURVE('',#124,#1806);
#1806 = DEFINITIONAL_REPRESENTATION('',(#1807),#1810);
#1807 = B_SPLINE_CURVE_WITH_KNOTS('',1,(#1808,#1809),.UNSPECIFIED.,.F.,
  .F.,(2,2),(-1.4,-0.2),.PIECEWISE_BEZIER_KNOTS.);
#1808 = CARTESIAN_POINT('',(1.2,1.1));
#1809 = CARTESIAN_POINT('',(0.,1.1));
#1810 = ( GEOMETRIC_REPRESENTATION_CONTEXT(2) 
PARAMETRIC_REPRESENTATION_CONTEXT() REPRESENTATION_CONTEXT('2D SPACE',''
  ) );
#1811 = PCURVE('',#447,#1812);
#1812 = DEFINITIONAL_REPRESENTATION('',(#1813),#1816);
#1813 = B_SPLINE_CURVE_WITH_KNOTS('',1,(#1814,#1815),.UNSPECIFIED.,.F.,
  .F.,(2,2),(-1.4,-0.2),.PIECEWISE_BEZIER_KNOTS.);
#1814 = CARTESIAN_POINT('',(1.6,1.9));
#1815 = CARTESIAN_POINT('',(0.4,1.9));
#1816 = ( GEOMETRIC_REPRESENTATION_CONTEXT(2) 
PARAMETRIC_REPRESENTATION_CONTEXT() REPRESENTATION_CONTEXT('2D SPACE',''
  ) );
#1817 = ORIENTED_EDGE('',*,*,#1818,.T.);
#1818 = EDGE_CURVE('',#1798,#1819,#1821,.T.);
#1819 = VERTEX_POINT('',#1820);
#1820 = CARTESIAN_POINT('',(1.9,1.1,9.2));
#1821 = SURFACE_CURVE('',#1822,(#1826,#1832),.PCURVE_S1.);
#1822 = LINE('',#1823,#1824);
#1823 = CARTESIAN_POINT('',(1.9,-0.55,9.2));
#1824 = VECTOR('',#1825,1.);
#1825 = DIRECTION('',(0.,1.,0.));
#1826 = PCURVE('',#124,#1827);
#1827 = DEFINITIONAL_REPRESENTATION('',(#1828),#1831);
#1828 = B_SPLINE_CURVE_WITH_KNOTS('',1,(#1829,#1830),.UNSPECIFIED.,.F.,
  .F.,(2,2),(-0.55,1.65),.PIECEWISE_BEZIER_KNOTS.);
#1829 = CARTESIAN_POINT('',(1.2,1.1));
#1830 = CARTESIAN_POINT('',(1.2,-1.1));
#1831 = ( GEOMETRIC_REPRESENTATION_CONTEXT(2) 
PARAMETRIC_REPRESENTATION_CONTEXT() REPRESENTATION_CONTEXT('2D SPACE',''
  ) );
#1832 = PCURVE('',#475,#1833);
#1833 = DEFINITIONAL_REPRESENTATION('',(#1834),#1837);
#1834 = B_SPLINE_CURVE_WITH_KNOTS('',1,(#1835,#1836),.UNSPECIFIED.,.F.,
  .F.,(2,2),(-0.55,1.65),.PIECEWISE_BEZIER_KNOTS.);
#1835 = CARTESIAN_POINT('',(1.9,0.));
#1836 = CARTESIAN_POINT('',(1.9,2.2));
#1837 = ( GEOMETRIC_REPRESENTATION_CONTEXT(2) 
PARAMETRIC_REPRESENTATION_CONTEXT() REPRESENTATION_CONTEXT('2D SPACE',''
  ) );
#1838 = ORIENTED_EDGE('',*,*,#1839,.T.);
#1839 = EDGE_CURVE('',#1819,#1840,#1842,.T.);
#1840 = VERTEX_POINT('',#1841);
#1841 = CARTESIAN_POINT('',(1.9,1.1,8.));
#1842 = SURFACE_CURVE('',#1843,(#1847,#1853),.PCURVE_S1.);
#1843 = LINE('',#1844,#1845);
#1844 = CARTESIAN_POINT('',(1.9,1.1,7.8));
#1845 = VECTOR('',#1846,1.);
#1846 = DIRECTION('',(0.,0.,-1.));
#1847 = PCURVE('',#124,#1848);
#1848 = DEFINITIONAL_REPRESENTATION('',(#1849),#1852);
#1849 = B_SPLINE_CURVE_WITH_KNOTS('',1,(#1850,#1851),.UNSPECIFIED.,.F.,
  .F.,(2,2),(-1.4,-0.2),.PIECEWISE_BEZIER_KNOTS.);
#1850 = CARTESIAN_POINT('',(1.2,-1.1));
#1851 = CARTESIAN_POINT('',(0.,-1.1));
#1852 = ( GEOMETRIC_REPRESENTATION_CONTEXT(2) 
PARAMETRIC_REPRESENTATION_CONTEXT() REPRESENTATION_CONTEXT('2D SPACE',''
  ) );
#1853 = PCURVE('',#503,#1854);
#1854 = DEFINITIONAL_REPRESENTATION('',(#1855),#1858);
#1855 = B_SPLINE_CURVE_WITH_KNOTS('',1,(#1856,#1857),.UNSPECIFIED.,.F.,
  .F.,(2,2),(-1.4,-0.2),.PIECEWISE_BEZIER_KNOTS.);
#1856 = CARTESIAN_POINT('',(1.6,1.9));
#1857 = CARTESIAN_POINT('',(0.4,1.9));
#1858 = ( GEOMETRIC_REPRESENTATION_CONTEXT(2) 
PARAMETRIC_REPRESENTATION_CONTEXT() REPRESENTATION_CONTEXT('2D SPACE',''
  ) );
#1859 = ORIENTED_EDGE('',*,*,#1860,.F.);
#1860 = EDGE_CURVE('',#1861,#1840,#1863,.T.);
#1861 = VERTEX_POINT('',#1862);
#1862 = CARTESIAN_POINT('',(1.9,6.,8.));
#1863 = SURFACE_CURVE('',#1864,(#1868,#1874),.PCURVE_S1.);
#1864 = LINE('',#1865,#1866);
#1865 = CARTESIAN_POINT('',(1.9,3.,8.));
#1866 = VECTOR('',#1867,1.);
#1867 = DIRECTION('',(0.,-1.,0.));
#1868 = PCURVE('',#124,#1869);
#1869 = DEFINITIONAL_REPRESENTATION('',(#1870),#1873);
#1870 = B_SPLINE_CURVE_WITH_KNOTS('',1,(#1871,#1872),.UNSPECIFIED.,.F.,
  .F.,(2,2),(-3.,9.),.PIECEWISE_BEZIER_KNOTS.);
#1871 = CARTESIAN_POINT('',(0.,-6.));
#1872 = CARTESIAN_POINT('',(0.,6.));
#1873 = ( GEOMETRIC_REPRESENTATION_CONTEXT(2) 
PARAMETRIC_REPRESENTATION_CONTEXT() REPRESENTATION_CONTEXT('2D SPACE',''
  ) );
#1874 = PCURVE('',#530,#1875);
#1875 = DEFINITIONAL_REPRESENTATION('',(#1876),#1879);
#1876 = B_SPLINE_CURVE_WITH_KNOTS('',1,(#1877,#1878),.UNSPECIFIED.,.F.,
  .F.,(2,2),(-3.,9.),.PIECEWISE_BEZIER_KNOTS.);
#1877 = CARTESIAN_POINT('',(-8.881784197001E-16,-3.9));
#1878 = CARTESIAN_POINT('',(12.,-3.9));
#1879 = ( GEOMETRIC_REPRESENTATION_CONTEXT(2) 
PARAMETRIC_REPRESENTATION_CONTEXT() REPRESENTATION_CONTEXT('2D SPACE',''
  ) );
#1880 = ORIENTED_EDGE('',*,*,#1881,.T.);
#1881 = EDGE_CURVE('',#1861,#1882,#1884,.T.);
#1882 = VERTEX_POINT('',#1883);
#1883 = CARTESIAN_POINT('',(1.9,8.732186624299,5.));
#1884 = SURFACE_CURVE('',#1885,(#1913,#1944),.PCURVE_S1.);
#1885 = B_SPLINE_CURVE_WITH_KNOTS('',6,(#1886,#1887,#1888,#1889,#1890,
    #1891,#1892,#1893,#1894,#1895,#1896,#1897,#1898,#1899,#1900,#1901,
    #1902,#1903,#1904,#1905,#1906,#1907,#1908,#1909,#1910,#1911,#1912),
  .UNSPECIFIED.,.F.,.F.,(7,5,5,5,5,7),(0.,0.179093933348,0.301853997552,
    0.546282957023,0.8420071473,1.),.UNSPECIFIED.);
#1886 = CARTESIAN_POINT('',(1.9,6.,8.));
#1887 = CARTESIAN_POINT('',(1.9,6.126203025231,8.));
#1888 = CARTESIAN_POINT('',(1.9,6.252466429234,7.987518143031));
#1889 = CARTESIAN_POINT('',(1.9,6.377131822344,7.962532875084));
#1890 = CARTESIAN_POINT('',(1.9,6.499002687632,7.925966710094));
#1891 = CARTESIAN_POINT('',(1.9,6.617234579295,7.879126187575));
#1892 = CARTESIAN_POINT('',(1.9,6.809445126544,7.785260961592));
#1893 = CARTESIAN_POINT('',(1.9,6.885690017448,7.742906407891));
#1894 = CARTESIAN_POINT('',(1.9,6.959894461159,7.696790224158));
#1895 = CARTESIAN_POINT('',(1.9,7.032011841132,7.647320252622));
#1896 = CARTESIAN_POINT('',(1.9,7.102049140086,7.594866170301));
#1897 = CARTESIAN_POINT('',(1.9,7.305451256994,7.429955665475));
#1898 = CARTESIAN_POINT('',(1.9,7.432689141802,7.30963432863));
#1899 = CARTESIAN_POINT('',(1.9,7.552280058075,7.181103147475));
#1900 = CARTESIAN_POINT('',(1.9,7.664753354284,7.046127966971));
#1901 = CARTESIAN_POINT('',(1.9,7.770702564278,6.905969065648));
#1902 = CARTESIAN_POINT('',(1.9,7.991792105865,6.586378160779));
#1903 = CARTESIAN_POINT('',(1.9,8.10409062556,6.405030161431));
#1904 = CARTESIAN_POINT('',(1.9,8.208663368052,6.218760964953));
#1905 = CARTESIAN_POINT('',(1.9,8.306211281334,6.0285800284));
#1906 = CARTESIAN_POINT('',(1.9,8.397358085571,5.835205640127));
#1907 = CARTESIAN_POINT('',(1.9,8.528197210579,5.534259800131));
#1908 = CARTESIAN_POINT('',(1.9,8.572076651273,5.428687073176));
#1909 = CARTESIAN_POINT('',(1.9,8.614351764713,5.322413651149));
#1910 = CARTESIAN_POINT('',(1.9,8.655089638338,5.215505505778));
#1911 = CARTESIAN_POINT('',(1.9,8.694349827372,5.108018615351));
#1912 = CARTESIAN_POINT('',(1.9,8.732186624299,5.));
#1913 = PCURVE('',#124,#1914);
#1914 = DEFINITIONAL_REPRESENTATION('',(#1915),#1943);
#1915 = B_SPLINE_CURVE_WITH_KNOTS('',6,(#1916,#1917,#1918,#1919,#1920,
    #1921,#1922,#1923,#1924,#1925,#1926,#1927,#1928,#1929,#1930,#1931,
    #1932,#1933,#1934,#1935,#1936,#1937,#1938,#1939,#1940,#1941,#1942),
  .UNSPECIFIED.,.F.,.F.,(7,5,5,5,5,7),(0.,0.179093933348,0.301853997552,
    0.546282957023,0.8420071473,1.),.UNSPECIFIED.);
#1916 = CARTESIAN_POINT('',(0.,-6.));
#1917 = CARTESIAN_POINT('',(0.,-6.126203025231));
#1918 = CARTESIAN_POINT('',(-1.248185696865E-02,-6.252466429234));
#1919 = CARTESIAN_POINT('',(-3.746712491584E-02,-6.377131822344));
#1920 = CARTESIAN_POINT('',(-7.403328990581E-02,-6.499002687632));
#1921 = CARTESIAN_POINT('',(-0.120873812425,-6.617234579295));
#1922 = CARTESIAN_POINT('',(-0.214739038408,-6.809445126544));
#1923 = CARTESIAN_POINT('',(-0.257093592109,-6.885690017448));
#1924 = CARTESIAN_POINT('',(-0.303209775842,-6.959894461159));
#1925 = CARTESIAN_POINT('',(-0.352679747378,-7.032011841132));
#1926 = CARTESIAN_POINT('',(-0.405133829699,-7.102049140086));
#1927 = CARTESIAN_POINT('',(-0.570044334525,-7.305451256994));
#1928 = CARTESIAN_POINT('',(-0.69036567137,-7.432689141802));
#1929 = CARTESIAN_POINT('',(-0.818896852525,-7.552280058075));
#1930 = CARTESIAN_POINT('',(-0.953872033029,-7.664753354284));
#1931 = CARTESIAN_POINT('',(-1.094030934352,-7.770702564278));
#1932 = CARTESIAN_POINT('',(-1.413621839221,-7.991792105865));
#1933 = CARTESIAN_POINT('',(-1.594969838569,-8.10409062556));
#1934 = CARTESIAN_POINT('',(-1.781239035047,-8.208663368052));
#1935 = CARTESIAN_POINT('',(-1.9714199716,-8.306211281334));
#1936 = CARTESIAN_POINT('',(-2.164794359873,-8.397358085571));
#1937 = CARTESIAN_POINT('',(-2.465740199869,-8.528197210579));
#1938 = CARTESIAN_POINT('',(-2.571312926824,-8.572076651273));
#1939 = CARTESIAN_POINT('',(-2.677586348851,-8.614351764713));
#1940 = CARTESIAN_POINT('',(-2.784494494222,-8.655089638338));
#1941 = CARTESIAN_POINT('',(-2.891981384649,-8.694349827372));
#1942 = CARTESIAN_POINT('',(-3.,-8.732186624299));
#1943 = ( GEOMETRIC_REPRESENTATION_CONTEXT(2) 
PARAMETRIC_REPRESENTATION_CONTEXT() REPRESENTATION_CONTEXT('2D SPACE',''
  ) );
#1944 = PCURVE('',#637,#1945);
#1945 = DEFINITIONAL_REPRESENTATION('',(#1946),#1974);
#1946 = B_SPLINE_CURVE_WITH_KNOTS('',6,(#1947,#1948,#1949,#1950,#1951,
    #1952,#1953,#1954,#1955,#1956,#1957,#1958,#1959,#1960,#1961,#1962,
    #1963,#1964,#1965,#1966,#1967,#1968,#1969,#1970,#1971,#1972,#1973),
  .UNSPECIFIED.,.F.,.F.,(7,5,5,5,5,7),(0.,0.179093933348,0.301853997552,
    0.546282957023,0.8420071473,1.),.UNSPECIFIED.);
#1947 = CARTESIAN_POINT('',(6.28318530718,-3.9));
#1948 = CARTESIAN_POINT('',(6.247127299971,-3.9));
#1949 = CARTESIAN_POINT('',(6.211052068261,-3.9));
#1950 = CARTESIAN_POINT('',(6.175348867505,-3.9));
#1951 = CARTESIAN_POINT('',(6.140275398152,-3.9));
#1952 = CARTESIAN_POINT('',(6.106017114474,-3.9));
#1953 = CARTESIAN_POINT('',(6.049860399487,-3.9));
#1954 = CARTESIAN_POINT('',(6.027450787239,-3.9));
#1955 = CARTESIAN_POINT('',(6.005491517939,-3.9));
#1956 = CARTESIAN_POINT('',(5.983989096498,-3.9));
#1957 = CARTESIAN_POINT('',(5.962937767335,-3.9));
#1958 = CARTESIAN_POINT('',(5.901275219596,-3.9));
#1959 = CARTESIAN_POINT('',(5.86198513286,-3.9));
#1960 = CARTESIAN_POINT('',(5.82428678278,-3.9));
#1961 = CARTESIAN_POINT('',(5.788039564505,-3.9));
#1962 = CARTESIAN_POINT('',(5.753090902802,-3.9));
#1963 = CARTESIAN_POINT('',(5.678350261027,-3.9));
#1964 = CARTESIAN_POINT('',(5.639116413692,-3.9));
#1965 = CARTESIAN_POINT('',(5.601296403143,-3.9));
#1966 = CARTESIAN_POINT('',(5.564714239685,-3.9));
#1967 = CARTESIAN_POINT('',(5.529212019844,-3.9));
#1968 = CARTESIAN_POINT('',(5.476178157592,-3.9));
#1969 = CARTESIAN_POINT('',(5.457980393544,-3.9));
#1970 = CARTESIAN_POINT('',(5.440032283947,-3.9));
#1971 = CARTESIAN_POINT('',(5.422316444369,-3.9));
#1972 = CARTESIAN_POINT('',(5.404817334774,-3.9));
#1973 = CARTESIAN_POINT('',(5.387520513322,-3.9));
#1974 = ( GEOMETRIC_REPRESENTATION_CONTEXT(2) 
PARAMETRIC_REPRESENTATION_CONTEXT() REPRESENTATION_CONTEXT('2D SPACE',''
  ) );
#1975 = ORIENTED_EDGE('',*,*,#1976,.T.);
#1976 = EDGE_CURVE('',#1882,#1977,#1979,.T.);
#1977 = VERTEX_POINT('',#1978);
#1978 = CARTESIAN_POINT('',(1.9,10.53,5.));
#1979 = SURFACE_CURVE('',#1980,(#1984,#1991),.PCURVE_S1.);
#1980 = LINE('',#1981,#1982);
#1981 = CARTESIAN_POINT('',(1.9,-10.53,5.));
#1982 = VECTOR('',#1983,1.);
#1983 = DIRECTION('',(0.,1.,0.));
#1984 = PCURVE('',#124,#1985);
#1985 = DEFINITIONAL_REPRESENTATION('',(#1986),#1990);
#1986 = LINE('',#1987,#1988);
#1987 = CARTESIAN_POINT('',(-3.,10.53));
#1988 = VECTOR('',#1989,1.);
#1989 = DIRECTION('',(0.,-1.));
#1990 = ( GEOMETRIC_REPRESENTATION_CONTEXT(2) 
PARAMETRIC_REPRESENTATION_CONTEXT() REPRESENTATION_CONTEXT('2D SPACE',''
  ) );
#1991 = PCURVE('',#1992,#1997);
#1992 = PLANE('',#1993);
#1993 = AXIS2_PLACEMENT_3D('',#1994,#1995,#1996);
#1994 = CARTESIAN_POINT('',(1.9,-10.53,5.));
#1995 = DIRECTION('',(0.,0.,1.));
#1996 = DIRECTION('',(0.,1.,0.));
#1997 = DEFINITIONAL_REPRESENTATION('',(#1998),#2002);
#1998 = LINE('',#1999,#2000);
#1999 = CARTESIAN_POINT('',(0.,0.));
#2000 = VECTOR('',#2001,1.);
#2001 = DIRECTION('',(1.,0.));
#2002 = ( GEOMETRIC_REPRESENTATION_CONTEXT(2) 
PARAMETRIC_REPRESENTATION_CONTEXT() REPRESENTATION_CONTEXT('2D SPACE',''
  ) );
#2003 = ORIENTED_EDGE('',*,*,#2004,.T.);
#2004 = EDGE_CURVE('',#1977,#2005,#2007,.T.);
#2005 = VERTEX_POINT('',#2006);
#2006 = CARTESIAN_POINT('',(1.9,10.53,6.190932427456));
#2007 = SURFACE_CURVE('',#2008,(#2012,#2019),.PCURVE_S1.);
#2008 = LINE('',#2009,#2010);
#2009 = CARTESIAN_POINT('',(1.9,10.53,5.));
#2010 = VECTOR('',#2011,1.);
#2011 = DIRECTION('',(0.,0.,1.));
#2012 = PCURVE('',#124,#2013);
#2013 = DEFINITIONAL_REPRESENTATION('',(#2014),#2018);
#2014 = LINE('',#2015,#2016);
#2015 = CARTESIAN_POINT('',(-3.,-10.53));
#2016 = VECTOR('',#2017,1.);
#2017 = DIRECTION('',(1.,0.));
#2018 = ( GEOMETRIC_REPRESENTATION_CONTEXT(2) 
PARAMETRIC_REPRESENTATION_CONTEXT() REPRESENTATION_CONTEXT('2D SPACE',''
  ) );
#2019 = PCURVE('',#2020,#2025);
#2020 = PLANE('',#2021);
#2021 = AXIS2_PLACEMENT_3D('',#2022,#2023,#2024);
#2022 = CARTESIAN_POINT('',(1.9,10.53,5.));
#2023 = DIRECTION('',(0.,-1.,0.));
#2024 = DIRECTION('',(0.,0.,1.));
#2025 = DEFINITIONAL_REPRESENTATION('',(#2026),#2030);
#2026 = LINE('',#2027,#2028);
#2027 = CARTESIAN_POINT('',(0.,0.));
#2028 = VECTOR('',#2029,1.);
#2029 = DIRECTION('',(1.,0.));
#2030 = ( GEOMETRIC_REPRESENTATION_CONTEXT(2) 
PARAMETRIC_REPRESENTATION_CONTEXT() REPRESENTATION_CONTEXT('2D SPACE',''
  ) );
#2031 = ORIENTED_EDGE('',*,*,#2032,.F.);
#2032 = EDGE_CURVE('',#79,#2005,#2033,.T.);
#2033 = SURFACE_CURVE('',#2034,(#2058,#2085),.PCURVE_S1.);
#2034 = B_SPLINE_CURVE_WITH_KNOTS('',8,(#2035,#2036,#2037,#2038,#2039,
    #2040,#2041,#2042,#2043,#2044,#2045,#2046,#2047,#2048,#2049,#2050,
    #2051,#2052,#2053,#2054,#2055,#2056,#2057),.UNSPECIFIED.,.F.,.F.,(9,
    7,7,9),(0.,0.238681335227,0.391873452569,1.),.UNSPECIFIED.);
#2035 = CARTESIAN_POINT('',(1.9,6.,10.2));
#2036 = CARTESIAN_POINT('',(1.9,6.190121167121,10.2));
#2037 = CARTESIAN_POINT('',(1.9,6.380305005,10.187030838377));
#2038 = CARTESIAN_POINT('',(1.9,6.569406563087,10.161078714235));
#2039 = CARTESIAN_POINT('',(1.9,6.756450286824,10.122471793837));
#2040 = CARTESIAN_POINT('',(1.9,6.94061126145,10.071784860051));
#2041 = CARTESIAN_POINT('',(1.9,7.121199593404,10.009762314808));
#2042 = CARTESIAN_POINT('',(1.9,7.297647929353,9.937259534613));
#2043 = CARTESIAN_POINT('',(1.9,7.57980276207,9.802536212222));
#2044 = CARTESIAN_POINT('',(1.9,7.688249595778,9.74591518724));
#2045 = CARTESIAN_POINT('',(1.9,7.794754001194,9.685564009353));
#2046 = CARTESIAN_POINT('',(1.9,7.899251182115,9.621706906205));
#2047 = CARTESIAN_POINT('',(1.9,8.001697683307,9.55456364718));
#2048 = CARTESIAN_POINT('',(1.9,8.102068914925,9.484345362736));
#2049 = CARTESIAN_POINT('',(1.9,8.200356676943,9.411250363727));
#2050 = CARTESIAN_POINT('',(1.9,8.678491420769,9.034594897305));
#2051 = CARTESIAN_POINT('',(1.9,9.026379189731,8.692280956786));
#2052 = CARTESIAN_POINT('',(1.9,9.343027009367,8.318790020113));
#2053 = CARTESIAN_POINT('',(1.9,9.630322927408,7.921720930199));
#2054 = CARTESIAN_POINT('',(1.9,9.890504988754,7.507127588458));
#2055 = CARTESIAN_POINT('',(1.9,10.125735409721,7.079158519074));
#2056 = CARTESIAN_POINT('',(1.9,10.338235863252,6.640256989967));
#2057 = CARTESIAN_POINT('',(1.9,10.53,6.190932427456));
#2058 = PCURVE('',#124,#2059);
#2059 = DEFINITIONAL_REPRESENTATION('',(#2060),#2084);
#2060 = B_SPLINE_CURVE_WITH_KNOTS('',8,(#2061,#2062,#2063,#2064,#2065,
    #2066,#2067,#2068,#2069,#2070,#2071,#2072,#2073,#2074,#2075,#2076,
    #2077,#2078,#2079,#2080,#2081,#2082,#2083),.UNSPECIFIED.,.F.,.F.,(9,
    7,7,9),(0.,0.238681335227,0.391873452569,1.),.UNSPECIFIED.);
#2061 = CARTESIAN_POINT('',(2.2,-6.));
#2062 = CARTESIAN_POINT('',(2.2,-6.190121167121));
#2063 = CARTESIAN_POINT('',(2.187030838377,-6.380305005));
#2064 = CARTESIAN_POINT('',(2.161078714235,-6.569406563087));
#2065 = CARTESIAN_POINT('',(2.122471793837,-6.756450286824));
#2066 = CARTESIAN_POINT('',(2.071784860051,-6.94061126145));
#2067 = CARTESIAN_POINT('',(2.009762314808,-7.121199593404));
#2068 = CARTESIAN_POINT('',(1.937259534613,-7.297647929353));
#2069 = CARTESIAN_POINT('',(1.802536212222,-7.57980276207));
#2070 = CARTESIAN_POINT('',(1.74591518724,-7.688249595778));
#2071 = CARTESIAN_POINT('',(1.685564009353,-7.794754001194));
#2072 = CARTESIAN_POINT('',(1.621706906205,-7.899251182115));
#2073 = CARTESIAN_POINT('',(1.55456364718,-8.001697683307));
#2074 = CARTESIAN_POINT('',(1.484345362736,-8.102068914925));
#2075 = CARTESIAN_POINT('',(1.411250363727,-8.200356676943));
#2076 = CARTESIAN_POINT('',(1.034594897305,-8.678491420769));
#2077 = CARTESIAN_POINT('',(0.692280956786,-9.026379189731));
#2078 = CARTESIAN_POINT('',(0.318790020113,-9.343027009367));
#2079 = CARTESIAN_POINT('',(-7.827906980099E-02,-9.630322927408));
#2080 = CARTESIAN_POINT('',(-0.492872411542,-9.890504988754));
#2081 = CARTESIAN_POINT('',(-0.920841480926,-10.12573540972));
#2082 = CARTESIAN_POINT('',(-1.359743010033,-10.33823586325));
#2083 = CARTESIAN_POINT('',(-1.809067572544,-10.53));
#2084 = ( GEOMETRIC_REPRESENTATION_CONTEXT(2) 
PARAMETRIC_REPRESENTATION_CONTEXT() REPRESENTATION_CONTEXT('2D SPACE',''
  ) );
#2085 = PCURVE('',#94,#2086);
#2086 = DEFINITIONAL_REPRESENTATION('',(#2087),#2111);
#2087 = B_SPLINE_CURVE_WITH_KNOTS('',8,(#2088,#2089,#2090,#2091,#2092,
    #2093,#2094,#2095,#2096,#2097,#2098,#2099,#2100,#2101,#2102,#2103,
    #2104,#2105,#2106,#2107,#2108,#2109,#2110),.UNSPECIFIED.,.F.,.F.,(9,
    7,7,9),(0.,0.238681335227,0.391873452569,1.),.UNSPECIFIED.);
#2088 = CARTESIAN_POINT('',(6.28318530718,-1.9));
#2089 = CARTESIAN_POINT('',(6.249830716457,-1.9));
#2090 = CARTESIAN_POINT('',(6.216465154686,-1.9));
#2091 = CARTESIAN_POINT('',(6.183232833922,-1.9));
#2092 = CARTESIAN_POINT('',(6.150248395308,-1.9));
#2093 = CARTESIAN_POINT('',(6.117604928097,-1.9));
#2094 = CARTESIAN_POINT('',(6.085379729687,-1.9));
#2095 = CARTESIAN_POINT('',(6.053637806675,-1.9));
#2096 = CARTESIAN_POINT('',(6.002405105574,-1.9));
#2097 = CARTESIAN_POINT('',(5.982591392502,-1.9));
#2098 = CARTESIAN_POINT('',(5.96300037672,-1.9));
#2099 = CARTESIAN_POINT('',(5.943637614918,-1.9));
#2100 = CARTESIAN_POINT('',(5.924506077122,-1.9));
#2101 = CARTESIAN_POINT('',(5.905606402355,-1.9));
#2102 = CARTESIAN_POINT('',(5.88693715429,-1.9));
#2103 = CARTESIAN_POINT('',(5.795285586485,-1.9));
#2104 = CARTESIAN_POINT('',(5.725904016221,-1.9));
#2105 = CARTESIAN_POINT('',(5.659709888732,-1.9));
#2106 = CARTESIAN_POINT('',(5.596361353701,-1.9));
#2107 = CARTESIAN_POINT('',(5.535517594536,-1.9));
#2108 = CARTESIAN_POINT('',(5.476865412989,-1.9));
#2109 = CARTESIAN_POINT('',(5.420040370876,-1.9));
#2110 = CARTESIAN_POINT('',(5.364611422118,-1.9));
#2111 = ( GEOMETRIC_REPRESENTATION_CONTEXT(2) 
PARAMETRIC_REPRESENTATION_CONTEXT() REPRESENTATION_CONTEXT('2D SPACE',''
  ) );
#2112 = ORIENTED_EDGE('',*,*,#109,.T.);
#2113 = ORIENTED_EDGE('',*,*,#698,.F.);
#2114 = ADVANCED_FACE('',(#2115,#2529),#94,.F.);
#2115 = FACE_BOUND('',#2116,.F.);
#2116 = EDGE_LOOP('',(#2117,#2118,#2141,#2165,#2188,#2271,#2308,#2391,
    #2414,#2497,#2527,#2528));
#2117 = ORIENTED_EDGE('',*,*,#195,.F.);
#2118 = ORIENTED_EDGE('',*,*,#2119,.T.);
#2119 = EDGE_CURVE('',#168,#2120,#2122,.T.);
#2120 = VERTEX_POINT('',#2121);
#2121 = CARTESIAN_POINT('',(24.,11.7,-1.7763568394E-15));
#2122 = SURFACE_CURVE('',#2123,(#2127,#2134),.PCURVE_S1.);
#2123 = LINE('',#2124,#2125);
#2124 = CARTESIAN_POINT('',(0.,11.7,-1.7763568394E-15));
#2125 = VECTOR('',#2126,1.);
#2126 = DIRECTION('',(1.,0.,0.));
#2127 = PCURVE('',#94,#2128);
#2128 = DEFINITIONAL_REPRESENTATION('',(#2129),#2133);
#2129 = LINE('',#2130,#2131);
#2130 = CARTESIAN_POINT('',(4.712388980385,0.));
#2131 = VECTOR('',#2132,1.);
#2132 = DIRECTION('',(0.,-1.));
#2133 = ( GEOMETRIC_REPRESENTATION_CONTEXT(2) 
PARAMETRIC_REPRESENTATION_CONTEXT() REPRESENTATION_CONTEXT('2D SPACE',''
  ) );
#2134 = PCURVE('',#184,#2135);
#2135 = DEFINITIONAL_REPRESENTATION('',(#2136),#2140);
#2136 = LINE('',#2137,#2138);
#2137 = CARTESIAN_POINT('',(72.,83.7));
#2138 = VECTOR('',#2139,1.);
#2139 = DIRECTION('',(1.,0.));
#2140 = ( GEOMETRIC_REPRESENTATION_CONTEXT(2) 
PARAMETRIC_REPRESENTATION_CONTEXT() REPRESENTATION_CONTEXT('2D SPACE',''
  ) );
#2141 = ORIENTED_EDGE('',*,*,#2142,.T.);
#2142 = EDGE_CURVE('',#2120,#2143,#2145,.T.);
#2143 = VERTEX_POINT('',#2144);
#2144 = CARTESIAN_POINT('',(24.,6.,10.2));
#2145 = SURFACE_CURVE('',#2146,(#2151,#2158),.PCURVE_S1.);
#2146 = ELLIPSE('',#2147,10.2,5.7);
#2147 = AXIS2_PLACEMENT_3D('',#2148,#2149,#2150);
#2148 = CARTESIAN_POINT('',(24.,6.,7.301798873315E-16));
#2149 = DIRECTION('',(1.,0.,-0.));
#2150 = DIRECTION('',(0.,1.110223024625E-16,1.));
#2151 = PCURVE('',#94,#2152);
#2152 = DEFINITIONAL_REPRESENTATION('',(#2153),#2157);
#2153 = LINE('',#2154,#2155);
#2154 = CARTESIAN_POINT('',(0.,-24.));
#2155 = VECTOR('',#2156,1.);
#2156 = DIRECTION('',(1.,0.));
#2157 = ( GEOMETRIC_REPRESENTATION_CONTEXT(2) 
PARAMETRIC_REPRESENTATION_CONTEXT() REPRESENTATION_CONTEXT('2D SPACE',''
  ) );
#2158 = PCURVE('',#1192,#2159);
#2159 = DEFINITIONAL_REPRESENTATION('',(#2160),#2164);
#2160 = ELLIPSE('',#2161,10.2,5.7);
#2161 = AXIS2_PLACEMENT_2D('',#2162,#2163);
#2162 = CARTESIAN_POINT('',(1.255604758069E-15,-6.));
#2163 = DIRECTION('',(1.,-1.110223024625E-16));
#2164 = ( GEOMETRIC_REPRESENTATION_CONTEXT(2) 
PARAMETRIC_REPRESENTATION_CONTEXT() REPRESENTATION_CONTEXT('2D SPACE',''
  ) );
#2165 = ORIENTED_EDGE('',*,*,#2166,.F.);
#2166 = EDGE_CURVE('',#2167,#2143,#2169,.T.);
#2167 = VERTEX_POINT('',#2168);
#2168 = CARTESIAN_POINT('',(22.1,6.,10.2));
#2169 = SURFACE_CURVE('',#2170,(#2174,#2181),.PCURVE_S1.);
#2170 = LINE('',#2171,#2172);
#2171 = CARTESIAN_POINT('',(0.,6.,10.2));
#2172 = VECTOR('',#2173,1.);
#2173 = DIRECTION('',(1.,0.,0.));
#2174 = PCURVE('',#94,#2175);
#2175 = DEFINITIONAL_REPRESENTATION('',(#2176),#2180);
#2176 = LINE('',#2177,#2178);
#2177 = CARTESIAN_POINT('',(6.28318530718,0.));
#2178 = VECTOR('',#2179,1.);
#2179 = DIRECTION('',(0.,-1.));
#2180 = ( GEOMETRIC_REPRESENTATION_CONTEXT(2) 
PARAMETRIC_REPRESENTATION_CONTEXT() REPRESENTATION_CONTEXT('2D SPACE',''
  ) );
#2181 = PCURVE('',#1163,#2182);
#2182 = DEFINITIONAL_REPRESENTATION('',(#2183),#2187);
#2183 = LINE('',#2184,#2185);
#2184 = CARTESIAN_POINT('',(-2.6645352591E-15,-0.));
#2185 = VECTOR('',#2186,1.);
#2186 = DIRECTION('',(0.,-1.));
#2187 = ( GEOMETRIC_REPRESENTATION_CONTEXT(2) 
PARAMETRIC_REPRESENTATION_CONTEXT() REPRESENTATION_CONTEXT('2D SPACE',''
  ) );
#2188 = ORIENTED_EDGE('',*,*,#2189,.T.);
#2189 = EDGE_CURVE('',#2167,#2190,#2192,.T.);
#2190 = VERTEX_POINT('',#2191);
#2191 = CARTESIAN_POINT('',(22.1,10.53,6.190932427456));
#2192 = SURFACE_CURVE('',#2193,(#2217,#2244),.PCURVE_S1.);
#2193 = B_SPLINE_CURVE_WITH_KNOTS('',8,(#2194,#2195,#2196,#2197,#2198,
    #2199,#2200,#2201,#2202,#2203,#2204,#2205,#2206,#2207,#2208,#2209,
    #2210,#2211,#2212,#2213,#2214,#2215,#2216),.UNSPECIFIED.,.F.,.F.,(9,
    7,7,9),(0.,0.238681335227,0.391873452569,1.),.UNSPECIFIED.);
#2194 = CARTESIAN_POINT('',(22.1,6.,10.2));
#2195 = CARTESIAN_POINT('',(22.1,6.190121167121,10.2));
#2196 = CARTESIAN_POINT('',(22.1,6.380305005,10.187030838377));
#2197 = CARTESIAN_POINT('',(22.1,6.569406563087,10.161078714235));
#2198 = CARTESIAN_POINT('',(22.1,6.756450286824,10.122471793837));
#2199 = CARTESIAN_POINT('',(22.1,6.94061126145,10.071784860051));
#2200 = CARTESIAN_POINT('',(22.1,7.121199593404,10.009762314808));
#2201 = CARTESIAN_POINT('',(22.1,7.297647929353,9.937259534613));
#2202 = CARTESIAN_POINT('',(22.1,7.57980276207,9.802536212222));
#2203 = CARTESIAN_POINT('',(22.1,7.688249595778,9.74591518724));
#2204 = CARTESIAN_POINT('',(22.1,7.794754001194,9.685564009353));
#2205 = CARTESIAN_POINT('',(22.1,7.899251182115,9.621706906205));
#2206 = CARTESIAN_POINT('',(22.1,8.001697683307,9.55456364718));
#2207 = CARTESIAN_POINT('',(22.1,8.102068914925,9.484345362736));
#2208 = CARTESIAN_POINT('',(22.1,8.200356676943,9.411250363727));
#2209 = CARTESIAN_POINT('',(22.1,8.678491420769,9.034594897305));
#2210 = CARTESIAN_POINT('',(22.1,9.026379189731,8.692280956786));
#2211 = CARTESIAN_POINT('',(22.1,9.343027009367,8.318790020113));
#2212 = CARTESIAN_POINT('',(22.1,9.630322927408,7.921720930199));
#2213 = CARTESIAN_POINT('',(22.1,9.890504988754,7.507127588458));
#2214 = CARTESIAN_POINT('',(22.1,10.125735409721,7.079158519074));
#2215 = CARTESIAN_POINT('',(22.1,10.338235863252,6.640256989967));
#2216 = CARTESIAN_POINT('',(22.1,10.53,6.190932427456));
#2217 = PCURVE('',#94,#2218);
#2218 = DEFINITIONAL_REPRESENTATION('',(#2219),#2243);
#2219 = B_SPLINE_CURVE_WITH_KNOTS('',8,(#2220,#2221,#2222,#2223,#2224,
    #2225,#2226,#2227,#2228,#2229,#2230,#2231,#2232,#2233,#2234,#2235,
    #2236,#2237,#2238,#2239,#2240,#2241,#2242),.UNSPECIFIED.,.F.,.F.,(9,
    7,7,9),(0.,0.238681335227,0.391873452569,1.),.UNSPECIFIED.);
#2220 = CARTESIAN_POINT('',(6.28318530718,-22.1));
#2221 = CARTESIAN_POINT('',(6.249830716457,-22.1));
#2222 = CARTESIAN_POINT('',(6.216465154686,-22.1));
#2223 = CARTESIAN_POINT('',(6.183232833922,-22.1));
#2224 = CARTESIAN_POINT('',(6.150248395308,-22.1));
#2225 = CARTESIAN_POINT('',(6.117604928097,-22.1));
#2226 = CARTESIAN_POINT('',(6.085379729687,-22.1));
#2227 = CARTESIAN_POINT('',(6.053637806675,-22.1));
#2228 = CARTESIAN_POINT('',(6.002405105574,-22.1));
#2229 = CARTESIAN_POINT('',(5.982591392502,-22.1));
#2230 = CARTESIAN_POINT('',(5.96300037672,-22.1));
#2231 = CARTESIAN_POINT('',(5.943637614918,-22.1));
#2232 = CARTESIAN_POINT('',(5.924506077122,-22.1));
#2233 = CARTESIAN_POINT('',(5.905606402355,-22.1));
#2234 = CARTESIAN_POINT('',(5.88693715429,-22.1));
#2235 = CARTESIAN_POINT('',(5.795285586485,-22.1));
#2236 = CARTESIAN_POINT('',(5.725904016221,-22.1));
#2237 = CARTESIAN_POINT('',(5.659709888732,-22.1));
#2238 = CARTESIAN_POINT('',(5.596361353701,-22.1));
#2239 = CARTESIAN_POINT('',(5.535517594536,-22.1));
#2240 = CARTESIAN_POINT('',(5.476865412989,-22.1));
#2241 = CARTESIAN_POINT('',(5.420040370876,-22.1));
#2242 = CARTESIAN_POINT('',(5.364611422118,-22.1));
#2243 = ( GEOMETRIC_REPRESENTATION_CONTEXT(2) 
PARAMETRIC_REPRESENTATION_CONTEXT() REPRESENTATION_CONTEXT('2D SPACE',''
  ) );
#2244 = PCURVE('',#1115,#2245);
#2245 = DEFINITIONAL_REPRESENTATION('',(#2246),#2270);
#2246 = B_SPLINE_CURVE_WITH_KNOTS('',8,(#2247,#2248,#2249,#2250,#2251,
    #2252,#2253,#2254,#2255,#2256,#2257,#2258,#2259,#2260,#2261,#2262,
    #2263,#2264,#2265,#2266,#2267,#2268,#2269),.UNSPECIFIED.,.F.,.F.,(9,
    7,7,9),(0.,0.238681335227,0.391873452569,1.),.UNSPECIFIED.);
#2247 = CARTESIAN_POINT('',(2.2,-6.));
#2248 = CARTESIAN_POINT('',(2.2,-6.190121167121));
#2249 = CARTESIAN_POINT('',(2.187030838377,-6.380305005));
#2250 = CARTESIAN_POINT('',(2.161078714235,-6.569406563087));
#2251 = CARTESIAN_POINT('',(2.122471793837,-6.756450286824));
#2252 = CARTESIAN_POINT('',(2.071784860051,-6.94061126145));
#2253 = CARTESIAN_POINT('',(2.009762314808,-7.121199593404));
#2254 = CARTESIAN_POINT('',(1.937259534613,-7.297647929353));
#2255 = CARTESIAN_POINT('',(1.802536212222,-7.57980276207));
#2256 = CARTESIAN_POINT('',(1.74591518724,-7.688249595778));
#2257 = CARTESIAN_POINT('',(1.685564009353,-7.794754001194));
#2258 = CARTESIAN_POINT('',(1.621706906205,-7.899251182115));
#2259 = CARTESIAN_POINT('',(1.55456364718,-8.001697683307));
#2260 = CARTESIAN_POINT('',(1.484345362736,-8.102068914925));
#2261 = CARTESIAN_POINT('',(1.411250363727,-8.200356676943));
#2262 = CARTESIAN_POINT('',(1.034594897305,-8.678491420769));
#2263 = CARTESIAN_POINT('',(0.692280956786,-9.026379189731));
#2264 = CARTESIAN_POINT('',(0.318790020113,-9.343027009367));
#2265 = CARTESIAN_POINT('',(-7.827906980099E-02,-9.630322927408));
#2266 = CARTESIAN_POINT('',(-0.492872411542,-9.890504988754));
#2267 = CARTESIAN_POINT('',(-0.920841480926,-10.12573540972));
#2268 = CARTESIAN_POINT('',(-1.359743010033,-10.33823586325));
#2269 = CARTESIAN_POINT('',(-1.809067572544,-10.53));
#2270 = ( GEOMETRIC_REPRESENTATION_CONTEXT(2) 
PARAMETRIC_REPRESENTATION_CONTEXT() REPRESENTATION_CONTEXT('2D SPACE',''
  ) );
#2271 = ORIENTED_EDGE('',*,*,#2272,.T.);
#2272 = EDGE_CURVE('',#2190,#2273,#2275,.T.);
#2273 = VERTEX_POINT('',#2274);
#2274 = CARTESIAN_POINT('',(18.9,10.53,6.190932427456));
#2275 = SURFACE_CURVE('',#2276,(#2283,#2293),.PCURVE_S1.);
#2276 = B_SPLINE_CURVE_WITH_KNOTS('',5,(#2277,#2278,#2279,#2280,#2281,
    #2282),.UNSPECIFIED.,.F.,.F.,(6,6),(0.,1.),
  .PIECEWISE_BEZIER_KNOTS.);
#2277 = CARTESIAN_POINT('',(22.1,10.53,6.190932427456));
#2278 = CARTESIAN_POINT('',(21.495424863061,10.53,6.190932427456));
#2279 = CARTESIAN_POINT('',(20.867396244205,10.53,6.190932427456));
#2280 = CARTESIAN_POINT('',(20.122666941681,10.53,6.190932427456));
#2281 = CARTESIAN_POINT('',(19.361098788763,10.53,6.190932427456));
#2282 = CARTESIAN_POINT('',(18.9,10.53,6.190932427456));
#2283 = PCURVE('',#94,#2284);
#2284 = DEFINITIONAL_REPRESENTATION('',(#2285),#2292);
#2285 = B_SPLINE_CURVE_WITH_KNOTS('',5,(#2286,#2287,#2288,#2289,#2290,
    #2291),.UNSPECIFIED.,.F.,.F.,(6,6),(0.,1.),
  .PIECEWISE_BEZIER_KNOTS.);
#2286 = CARTESIAN_POINT('',(5.364611422118,-22.1));
#2287 = CARTESIAN_POINT('',(5.364611422118,-21.49542486306));
#2288 = CARTESIAN_POINT('',(5.364611422118,-20.8673962442));
#2289 = CARTESIAN_POINT('',(5.364611422118,-20.12266694168));
#2290 = CARTESIAN_POINT('',(5.364611422118,-19.36109878876));
#2291 = CARTESIAN_POINT('',(5.364611422118,-18.9));
#2292 = ( GEOMETRIC_REPRESENTATION_CONTEXT(2) 
PARAMETRIC_REPRESENTATION_CONTEXT() REPRESENTATION_CONTEXT('2D SPACE',''
  ) );
#2293 = PCURVE('',#2294,#2299);
#2294 = PLANE('',#2295);
#2295 = AXIS2_PLACEMENT_3D('',#2296,#2297,#2298);
#2296 = CARTESIAN_POINT('',(18.9,10.53,5.));
#2297 = DIRECTION('',(0.,-1.,0.));
#2298 = DIRECTION('',(0.,0.,1.));
#2299 = DEFINITIONAL_REPRESENTATION('',(#2300),#2307);
#2300 = B_SPLINE_CURVE_WITH_KNOTS('',5,(#2301,#2302,#2303,#2304,#2305,
    #2306),.UNSPECIFIED.,.F.,.F.,(6,6),(0.,1.),
  .PIECEWISE_BEZIER_KNOTS.);
#2301 = CARTESIAN_POINT('',(1.190932427456,-3.2));
#2302 = CARTESIAN_POINT('',(1.190932427456,-2.595424863061));
#2303 = CARTESIAN_POINT('',(1.190932427456,-1.967396244205));
#2304 = CARTESIAN_POINT('',(1.190932427456,-1.222666941681));
#2305 = CARTESIAN_POINT('',(1.190932427456,-0.461098788763));
#2306 = CARTESIAN_POINT('',(1.190932427456,0.));
#2307 = ( GEOMETRIC_REPRESENTATION_CONTEXT(2) 
PARAMETRIC_REPRESENTATION_CONTEXT() REPRESENTATION_CONTEXT('2D SPACE',''
  ) );
#2308 = ORIENTED_EDGE('',*,*,#2309,.F.);
#2309 = EDGE_CURVE('',#2310,#2273,#2312,.T.);
#2310 = VERTEX_POINT('',#2311);
#2311 = CARTESIAN_POINT('',(18.9,6.,10.2));
#2312 = SURFACE_CURVE('',#2313,(#2337,#2364),.PCURVE_S1.);
#2313 = B_SPLINE_CURVE_WITH_KNOTS('',8,(#2314,#2315,#2316,#2317,#2318,
    #2319,#2320,#2321,#2322,#2323,#2324,#2325,#2326,#2327,#2328,#2329,
    #2330,#2331,#2332,#2333,#2334,#2335,#2336),.UNSPECIFIED.,.F.,.F.,(9,
    7,7,9),(0.,0.238681335227,0.391873452569,1.),.UNSPECIFIED.);
#2314 = CARTESIAN_POINT('',(18.9,6.,10.2));
#2315 = CARTESIAN_POINT('',(18.9,6.190121167121,10.2));
#2316 = CARTESIAN_POINT('',(18.9,6.380305005,10.187030838377));
#2317 = CARTESIAN_POINT('',(18.9,6.569406563087,10.161078714235));
#2318 = CARTESIAN_POINT('',(18.9,6.756450286824,10.122471793837));
#2319 = CARTESIAN_POINT('',(18.9,6.94061126145,10.071784860051));
#2320 = CARTESIAN_POINT('',(18.9,7.121199593404,10.009762314808));
#2321 = CARTESIAN_POINT('',(18.9,7.297647929353,9.937259534613));
#2322 = CARTESIAN_POINT('',(18.9,7.57980276207,9.802536212222));
#2323 = CARTESIAN_POINT('',(18.9,7.688249595778,9.74591518724));
#2324 = CARTESIAN_POINT('',(18.9,7.794754001194,9.685564009353));
#2325 = CARTESIAN_POINT('',(18.9,7.899251182115,9.621706906205));
#2326 = CARTESIAN_POINT('',(18.9,8.001697683307,9.55456364718));
#2327 = CARTESIAN_POINT('',(18.9,8.102068914925,9.484345362736));
#2328 = CARTESIAN_POINT('',(18.9,8.200356676943,9.411250363727));
#2329 = CARTESIAN_POINT('',(18.9,8.678491420769,9.034594897305));
#2330 = CARTESIAN_POINT('',(18.9,9.026379189731,8.692280956786));
#2331 = CARTESIAN_POINT('',(18.9,9.343027009367,8.318790020113));
#2332 = CARTESIAN_POINT('',(18.9,9.630322927408,7.921720930199));
#2333 = CARTESIAN_POINT('',(18.9,9.890504988754,7.507127588458));
#2334 = CARTESIAN_POINT('',(18.9,10.125735409721,7.079158519074));
#2335 = CARTESIAN_POINT('',(18.9,10.338235863252,6.640256989967));
#2336 = CARTESIAN_POINT('',(18.9,10.53,6.190932427456));
#2337 = PCURVE('',#94,#2338);
#2338 = DEFINITIONAL_REPRESENTATION('',(#2339),#2363);
#2339 = B_SPLINE_CURVE_WITH_KNOTS('',8,(#2340,#2341,#2342,#2343,#2344,
    #2345,#2346,#2347,#2348,#2349,#2350,#2351,#2352,#2353,#2354,#2355,
    #2356,#2357,#2358,#2359,#2360,#2361,#2362),.UNSPECIFIED.,.F.,.F.,(9,
    7,7,9),(0.,0.238681335227,0.391873452569,1.),.UNSPECIFIED.);
#2340 = CARTESIAN_POINT('',(6.28318530718,-18.9));
#2341 = CARTESIAN_POINT('',(6.249830716457,-18.9));
#2342 = CARTESIAN_POINT('',(6.216465154686,-18.9));
#2343 = CARTESIAN_POINT('',(6.183232833922,-18.9));
#2344 = CARTESIAN_POINT('',(6.150248395308,-18.9));
#2345 = CARTESIAN_POINT('',(6.117604928097,-18.9));
#2346 = CARTESIAN_POINT('',(6.085379729687,-18.9));
#2347 = CARTESIAN_POINT('',(6.053637806675,-18.9));
#2348 = CARTESIAN_POINT('',(6.002405105574,-18.9));
#2349 = CARTESIAN_POINT('',(5.982591392502,-18.9));
#2350 = CARTESIAN_POINT('',(5.96300037672,-18.9));
#2351 = CARTESIAN_POINT('',(5.943637614918,-18.9));
#2352 = CARTESIAN_POINT('',(5.924506077122,-18.9));
#2353 = CARTESIAN_POINT('',(5.905606402355,-18.9));
#2354 = CARTESIAN_POINT('',(5.88693715429,-18.9));
#2355 = CARTESIAN_POINT('',(5.795285586485,-18.9));
#2356 = CARTESIAN_POINT('',(5.725904016221,-18.9));
#2357 = CARTESIAN_POINT('',(5.659709888732,-18.9));
#2358 = CARTESIAN_POINT('',(5.596361353701,-18.9));
#2359 = CARTESIAN_POINT('',(5.535517594536,-18.9));
#2360 = CARTESIAN_POINT('',(5.476865412989,-18.9));
#2361 = CARTESIAN_POINT('',(5.420040370876,-18.9));
#2362 = CARTESIAN_POINT('',(5.364611422118,-18.9));
#2363 = ( GEOMETRIC_REPRESENTATION_CONTEXT(2) 
PARAMETRIC_REPRESENTATION_CONTEXT() REPRESENTATION_CONTEXT('2D SPACE',''
  ) );
#2364 = PCURVE('',#990,#2365);
#2365 = DEFINITIONAL_REPRESENTATION('',(#2366),#2390);
#2366 = B_SPLINE_CURVE_WITH_KNOTS('',8,(#2367,#2368,#2369,#2370,#2371,
    #2372,#2373,#2374,#2375,#2376,#2377,#2378,#2379,#2380,#2381,#2382,
    #2383,#2384,#2385,#2386,#2387,#2388,#2389),.UNSPECIFIED.,.F.,.F.,(9,
    7,7,9),(0.,0.238681335227,0.391873452569,1.),.UNSPECIFIED.);
#2367 = CARTESIAN_POINT('',(2.2,-6.));
#2368 = CARTESIAN_POINT('',(2.2,-6.190121167121));
#2369 = CARTESIAN_POINT('',(2.187030838377,-6.380305005));
#2370 = CARTESIAN_POINT('',(2.161078714235,-6.569406563087));
#2371 = CARTESIAN_POINT('',(2.122471793837,-6.756450286824));
#2372 = CARTESIAN_POINT('',(2.071784860051,-6.94061126145));
#2373 = CARTESIAN_POINT('',(2.009762314808,-7.121199593404));
#2374 = CARTESIAN_POINT('',(1.937259534613,-7.297647929353));
#2375 = CARTESIAN_POINT('',(1.802536212222,-7.57980276207));
#2376 = CARTESIAN_POINT('',(1.74591518724,-7.688249595778));
#2377 = CARTESIAN_POINT('',(1.685564009353,-7.794754001194));
#2378 = CARTESIAN_POINT('',(1.621706906205,-7.899251182115));
#2379 = CARTESIAN_POINT('',(1.55456364718,-8.001697683307));
#2380 = CARTESIAN_POINT('',(1.484345362736,-8.102068914925));
#2381 = CARTESIAN_POINT('',(1.411250363727,-8.200356676943));
#2382 = CARTESIAN_POINT('',(1.034594897305,-8.678491420769));
#2383 = CARTESIAN_POINT('',(0.692280956786,-9.026379189731));
#2384 = CARTESIAN_POINT('',(0.318790020113,-9.343027009367));
#2385 = CARTESIAN_POINT('',(-7.827906980099E-02,-9.630322927408));
#2386 = CARTESIAN_POINT('',(-0.492872411542,-9.890504988754));
#2387 = CARTESIAN_POINT('',(-0.920841480926,-10.12573540972));
#2388 = CARTESIAN_POINT('',(-1.359743010033,-10.33823586325));
#2389 = CARTESIAN_POINT('',(-1.809067572544,-10.53));
#2390 = ( GEOMETRIC_REPRESENTATION_CONTEXT(2) 
PARAMETRIC_REPRESENTATION_CONTEXT() REPRESENTATION_CONTEXT('2D SPACE',''
  ) );
#2391 = ORIENTED_EDGE('',*,*,#2392,.F.);
#2392 = EDGE_CURVE('',#2393,#2310,#2395,.T.);
#2393 = VERTEX_POINT('',#2394);
#2394 = CARTESIAN_POINT('',(5.1,6.,10.2));
#2395 = SURFACE_CURVE('',#2396,(#2400,#2407),.PCURVE_S1.);
#2396 = LINE('',#2397,#2398);
#2397 = CARTESIAN_POINT('',(0.,6.,10.2));
#2398 = VECTOR('',#2399,1.);
#2399 = DIRECTION('',(1.,0.,0.));
#2400 = PCURVE('',#94,#2401);
#2401 = DEFINITIONAL_REPRESENTATION('',(#2402),#2406);
#2402 = LINE('',#2403,#2404);
#2403 = CARTESIAN_POINT('',(6.28318530718,0.));
#2404 = VECTOR('',#2405,1.);
#2405 = DIRECTION('',(0.,-1.));
#2406 = ( GEOMETRIC_REPRESENTATION_CONTEXT(2) 
PARAMETRIC_REPRESENTATION_CONTEXT() REPRESENTATION_CONTEXT('2D SPACE',''
  ) );
#2407 = PCURVE('',#922,#2408);
#2408 = DEFINITIONAL_REPRESENTATION('',(#2409),#2413);
#2409 = LINE('',#2410,#2411);
#2410 = CARTESIAN_POINT('',(-2.6645352591E-15,-0.));
#2411 = VECTOR('',#2412,1.);
#2412 = DIRECTION('',(0.,-1.));
#2413 = ( GEOMETRIC_REPRESENTATION_CONTEXT(2) 
PARAMETRIC_REPRESENTATION_CONTEXT() REPRESENTATION_CONTEXT('2D SPACE',''
  ) );
#2414 = ORIENTED_EDGE('',*,*,#2415,.T.);
#2415 = EDGE_CURVE('',#2393,#2416,#2418,.T.);
#2416 = VERTEX_POINT('',#2417);
#2417 = CARTESIAN_POINT('',(5.1,10.53,6.190932427456));
#2418 = SURFACE_CURVE('',#2419,(#2443,#2470),.PCURVE_S1.);
#2419 = B_SPLINE_CURVE_WITH_KNOTS('',8,(#2420,#2421,#2422,#2423,#2424,
    #2425,#2426,#2427,#2428,#2429,#2430,#2431,#2432,#2433,#2434,#2435,
    #2436,#2437,#2438,#2439,#2440,#2441,#2442),.UNSPECIFIED.,.F.,.F.,(9,
    7,7,9),(0.,0.238681335227,0.391873452569,1.),.UNSPECIFIED.);
#2420 = CARTESIAN_POINT('',(5.1,6.,10.2));
#2421 = CARTESIAN_POINT('',(5.1,6.190121167121,10.2));
#2422 = CARTESIAN_POINT('',(5.1,6.380305005,10.187030838377));
#2423 = CARTESIAN_POINT('',(5.1,6.569406563087,10.161078714235));
#2424 = CARTESIAN_POINT('',(5.1,6.756450286824,10.122471793837));
#2425 = CARTESIAN_POINT('',(5.1,6.94061126145,10.071784860051));
#2426 = CARTESIAN_POINT('',(5.1,7.121199593404,10.009762314808));
#2427 = CARTESIAN_POINT('',(5.1,7.297647929353,9.937259534613));
#2428 = CARTESIAN_POINT('',(5.1,7.57980276207,9.802536212222));
#2429 = CARTESIAN_POINT('',(5.1,7.688249595778,9.74591518724));
#2430 = CARTESIAN_POINT('',(5.1,7.794754001194,9.685564009353));
#2431 = CARTESIAN_POINT('',(5.1,7.899251182115,9.621706906205));
#2432 = CARTESIAN_POINT('',(5.1,8.001697683307,9.55456364718));
#2433 = CARTESIAN_POINT('',(5.1,8.102068914925,9.484345362736));
#2434 = CARTESIAN_POINT('',(5.1,8.200356676943,9.411250363727));
#2435 = CARTESIAN_POINT('',(5.1,8.678491420769,9.034594897305));
#2436 = CARTESIAN_POINT('',(5.1,9.026379189731,8.692280956786));
#2437 = CARTESIAN_POINT('',(5.1,9.343027009367,8.318790020113));
#2438 = CARTESIAN_POINT('',(5.1,9.630322927408,7.921720930199));
#2439 = CARTESIAN_POINT('',(5.1,9.890504988754,7.507127588458));
#2440 = CARTESIAN_POINT('',(5.1,10.125735409721,7.079158519074));
#2441 = CARTESIAN_POINT('',(5.1,10.338235863252,6.640256989967));
#2442 = CARTESIAN_POINT('',(5.1,10.53,6.190932427456));
#2443 = PCURVE('',#94,#2444);
#2444 = DEFINITIONAL_REPRESENTATION('',(#2445),#2469);
#2445 = B_SPLINE_CURVE_WITH_KNOTS('',8,(#2446,#2447,#2448,#2449,#2450,
    #2451,#2452,#2453,#2454,#2455,#2456,#2457,#2458,#2459,#2460,#2461,
    #2462,#2463,#2464,#2465,#2466,#2467,#2468),.UNSPECIFIED.,.F.,.F.,(9,
    7,7,9),(0.,0.238681335227,0.391873452569,1.),.UNSPECIFIED.);
#2446 = CARTESIAN_POINT('',(6.28318530718,-5.1));
#2447 = CARTESIAN_POINT('',(6.249830716457,-5.1));
#2448 = CARTESIAN_POINT('',(6.216465154686,-5.1));
#2449 = CARTESIAN_POINT('',(6.183232833922,-5.1));
#2450 = CARTESIAN_POINT('',(6.150248395308,-5.1));
#2451 = CARTESIAN_POINT('',(6.117604928097,-5.1));
#2452 = CARTESIAN_POINT('',(6.085379729687,-5.1));
#2453 = CARTESIAN_POINT('',(6.053637806675,-5.1));
#2454 = CARTESIAN_POINT('',(6.002405105574,-5.1));
#2455 = CARTESIAN_POINT('',(5.982591392502,-5.1));
#2456 = CARTESIAN_POINT('',(5.96300037672,-5.1));
#2457 = CARTESIAN_POINT('',(5.943637614918,-5.1));
#2458 = CARTESIAN_POINT('',(5.924506077122,-5.1));
#2459 = CARTESIAN_POINT('',(5.905606402355,-5.1));
#2460 = CARTESIAN_POINT('',(5.88693715429,-5.1));
#2461 = CARTESIAN_POINT('',(5.795285586485,-5.1));
#2462 = CARTESIAN_POINT('',(5.725904016221,-5.1));
#2463 = CARTESIAN_POINT('',(5.659709888732,-5.1));
#2464 = CARTESIAN_POINT('',(5.596361353701,-5.1));
#2465 = CARTESIAN_POINT('',(5.535517594536,-5.1));
#2466 = CARTESIAN_POINT('',(5.476865412989,-5.1));
#2467 = CARTESIAN_POINT('',(5.420040370876,-5.1));
#2468 = CARTESIAN_POINT('',(5.364611422118,-5.1));
#2469 = ( GEOMETRIC_REPRESENTATION_CONTEXT(2) 
PARAMETRIC_REPRESENTATION_CONTEXT() REPRESENTATION_CONTEXT('2D SPACE',''
  ) );
#2470 = PCURVE('',#874,#2471);
#2471 = DEFINITIONAL_REPRESENTATION('',(#2472),#2496);
#2472 = B_SPLINE_CURVE_WITH_KNOTS('',8,(#2473,#2474,#2475,#2476,#2477,
    #2478,#2479,#2480,#2481,#2482,#2483,#2484,#2485,#2486,#2487,#2488,
    #2489,#2490,#2491,#2492,#2493,#2494,#2495),.UNSPECIFIED.,.F.,.F.,(9,
    7,7,9),(0.,0.238681335227,0.391873452569,1.),.UNSPECIFIED.);
#2473 = CARTESIAN_POINT('',(2.2,-6.));
#2474 = CARTESIAN_POINT('',(2.2,-6.190121167121));
#2475 = CARTESIAN_POINT('',(2.187030838377,-6.380305005));
#2476 = CARTESIAN_POINT('',(2.161078714235,-6.569406563087));
#2477 = CARTESIAN_POINT('',(2.122471793837,-6.756450286824));
#2478 = CARTESIAN_POINT('',(2.071784860051,-6.94061126145));
#2479 = CARTESIAN_POINT('',(2.009762314808,-7.121199593404));
#2480 = CARTESIAN_POINT('',(1.937259534613,-7.297647929353));
#2481 = CARTESIAN_POINT('',(1.802536212222,-7.57980276207));
#2482 = CARTESIAN_POINT('',(1.74591518724,-7.688249595778));
#2483 = CARTESIAN_POINT('',(1.685564009353,-7.794754001194));
#2484 = CARTESIAN_POINT('',(1.621706906205,-7.899251182115));
#2485 = CARTESIAN_POINT('',(1.55456364718,-8.001697683307));
#2486 = CARTESIAN_POINT('',(1.484345362736,-8.102068914925));
#2487 = CARTESIAN_POINT('',(1.411250363727,-8.200356676943));
#2488 = CARTESIAN_POINT('',(1.034594897305,-8.678491420769));
#2489 = CARTESIAN_POINT('',(0.692280956786,-9.026379189731));
#2490 = CARTESIAN_POINT('',(0.318790020113,-9.343027009367));
#2491 = CARTESIAN_POINT('',(-7.827906980099E-02,-9.630322927408));
#2492 = CARTESIAN_POINT('',(-0.492872411542,-9.890504988754));
#2493 = CARTESIAN_POINT('',(-0.920841480926,-10.12573540972));
#2494 = CARTESIAN_POINT('',(-1.359743010033,-10.33823586325));
#2495 = CARTESIAN_POINT('',(-1.809067572544,-10.53));
#2496 = ( GEOMETRIC_REPRESENTATION_CONTEXT(2) 
PARAMETRIC_REPRESENTATION_CONTEXT() REPRESENTATION_CONTEXT('2D SPACE',''
  ) );
#2497 = ORIENTED_EDGE('',*,*,#2498,.T.);
#2498 = EDGE_CURVE('',#2416,#2005,#2499,.T.);
#2499 = SURFACE_CURVE('',#2500,(#2507,#2517),.PCURVE_S1.);
#2500 = B_SPLINE_CURVE_WITH_KNOTS('',5,(#2501,#2502,#2503,#2504,#2505,
    #2506),.UNSPECIFIED.,.F.,.F.,(6,6),(0.,1.),
  .PIECEWISE_BEZIER_KNOTS.);
#2501 = CARTESIAN_POINT('',(5.1,10.53,6.190932427456));
#2502 = CARTESIAN_POINT('',(4.762975335832,10.53,6.190932427456));
#2503 = CARTESIAN_POINT('',(3.883888770222,10.53,6.190932427456));
#2504 = CARTESIAN_POINT('',(3.142854059808,10.53,6.190932427456));
#2505 = CARTESIAN_POINT('',(2.626800705069,10.53,6.190932427456));
#2506 = CARTESIAN_POINT('',(1.9,10.53,6.190932427456));
#2507 = PCURVE('',#94,#2508);
#2508 = DEFINITIONAL_REPRESENTATION('',(#2509),#2516);
#2509 = B_SPLINE_CURVE_WITH_KNOTS('',5,(#2510,#2511,#2512,#2513,#2514,
    #2515),.UNSPECIFIED.,.F.,.F.,(6,6),(0.,1.),
  .PIECEWISE_BEZIER_KNOTS.);
#2510 = CARTESIAN_POINT('',(5.364611422118,-5.1));
#2511 = CARTESIAN_POINT('',(5.364611422118,-4.762975335832));
#2512 = CARTESIAN_POINT('',(5.364611422118,-3.883888770222));
#2513 = CARTESIAN_POINT('',(5.364611422118,-3.142854059808));
#2514 = CARTESIAN_POINT('',(5.364611422118,-2.626800705069));
#2515 = CARTESIAN_POINT('',(5.364611422118,-1.9));
#2516 = ( GEOMETRIC_REPRESENTATION_CONTEXT(2) 
PARAMETRIC_REPRESENTATION_CONTEXT() REPRESENTATION_CONTEXT('2D SPACE',''
  ) );
#2517 = PCURVE('',#2020,#2518);
#2518 = DEFINITIONAL_REPRESENTATION('',(#2519),#2526);
#2519 = B_SPLINE_CURVE_WITH_KNOTS('',5,(#2520,#2521,#2522,#2523,#2524,
    #2525),.UNSPECIFIED.,.F.,.F.,(6,6),(0.,1.),
  .PIECEWISE_BEZIER_KNOTS.);
#2520 = CARTESIAN_POINT('',(1.190932427456,-3.2));
#2521 = CARTESIAN_POINT('',(1.190932427456,-2.862975335832));
#2522 = CARTESIAN_POINT('',(1.190932427456,-1.983888770222));
#2523 = CARTESIAN_POINT('',(1.190932427456,-1.242854059808));
#2524 = CARTESIAN_POINT('',(1.190932427456,-0.726800705069));
#2525 = CARTESIAN_POINT('',(1.190932427456,0.));
#2526 = ( GEOMETRIC_REPRESENTATION_CONTEXT(2) 
PARAMETRIC_REPRESENTATION_CONTEXT() REPRESENTATION_CONTEXT('2D SPACE',''
  ) );
#2527 = ORIENTED_EDGE('',*,*,#2032,.F.);
#2528 = ORIENTED_EDGE('',*,*,#78,.F.);
#2529 = FACE_BOUND('',#2530,.F.);
#2530 = EDGE_LOOP('',(#2531,#2573,#2607,#2647));
#2531 = ORIENTED_EDGE('',*,*,#2532,.F.);
#2532 = EDGE_CURVE('',#2533,#2535,#2537,.T.);
#2533 = VERTEX_POINT('',#2534);
#2534 = CARTESIAN_POINT('',(2.,11.4,3.265483042581));
#2535 = VERTEX_POINT('',#2536);
#2536 = CARTESIAN_POINT('',(2.,11.699149645756,0.176181979537));
#2537 = SURFACE_CURVE('',#2538,(#2546,#2557),.PCURVE_S1.);
#2538 = B_SPLINE_CURVE_WITH_KNOTS('',6,(#2539,#2540,#2541,#2542,#2543,
    #2544,#2545),.UNSPECIFIED.,.F.,.F.,(7,7),(0.,1.),
  .PIECEWISE_BEZIER_KNOTS.);
#2539 = CARTESIAN_POINT('',(2.,11.4,3.265483042581));
#2540 = CARTESIAN_POINT('',(2.,11.501541577785,2.727782014946));
#2541 = CARTESIAN_POINT('',(2.,11.581505544541,2.185964496739));
#2542 = CARTESIAN_POINT('',(2.,11.640905937213,1.641266420886));
#2543 = CARTESIAN_POINT('',(2.,11.680299478955,1.094764297775));
#2544 = CARTESIAN_POINT('',(2.,11.7,0.547404742626));
#2545 = CARTESIAN_POINT('',(2.,11.7,-1.7763568394E-15));
#2546 = PCURVE('',#94,#2547);
#2547 = DEFINITIONAL_REPRESENTATION('',(#2548),#2556);
#2548 = B_SPLINE_CURVE_WITH_KNOTS('',6,(#2549,#2550,#2551,#2552,#2553,
    #2554,#2555),.UNSPECIFIED.,.F.,.F.,(7,7),(0.,1.),
  .PIECEWISE_BEZIER_KNOTS.);
#2549 = CARTESIAN_POINT('',(5.038271937606,-2.));
#2550 = CARTESIAN_POINT('',(4.982627495748,-2.));
#2551 = CARTESIAN_POINT('',(4.927812570399,-2.));
#2552 = CARTESIAN_POINT('',(4.873575382837,-2.));
#2553 = CARTESIAN_POINT('',(4.819718892159,-2.));
#2554 = CARTESIAN_POINT('',(4.766056112015,-2.));
#2555 = CARTESIAN_POINT('',(4.712388980385,-2.));
#2556 = ( GEOMETRIC_REPRESENTATION_CONTEXT(2) 
PARAMETRIC_REPRESENTATION_CONTEXT() REPRESENTATION_CONTEXT('2D SPACE',''
  ) );
#2557 = PCURVE('',#2558,#2563);
#2558 = PLANE('',#2559);
#2559 = AXIS2_PLACEMENT_3D('',#2560,#2561,#2562);
#2560 = CARTESIAN_POINT('',(2.,11.4,0.));
#2561 = DIRECTION('',(1.,0.,0.));
#2562 = DIRECTION('',(0.,0.,1.));
#2563 = DEFINITIONAL_REPRESENTATION('',(#2564),#2572);
#2564 = B_SPLINE_CURVE_WITH_KNOTS('',6,(#2565,#2566,#2567,#2568,#2569,
    #2570,#2571),.UNSPECIFIED.,.F.,.F.,(7,7),(0.,1.),
  .PIECEWISE_BEZIER_KNOTS.);
#2565 = CARTESIAN_POINT('',(3.265483042581,1.7763568394E-15));
#2566 = CARTESIAN_POINT('',(2.727782014946,-0.101541577785));
#2567 = CARTESIAN_POINT('',(2.185964496739,-0.181505544541));
#2568 = CARTESIAN_POINT('',(1.641266420886,-0.240905937213));
#2569 = CARTESIAN_POINT('',(1.094764297775,-0.280299478955));
#2570 = CARTESIAN_POINT('',(0.547404742626,-0.3));
#2571 = CARTESIAN_POINT('',(-1.7763568394E-15,-0.3));
#2572 = ( GEOMETRIC_REPRESENTATION_CONTEXT(2) 
PARAMETRIC_REPRESENTATION_CONTEXT() REPRESENTATION_CONTEXT('2D SPACE',''
  ) );
#2573 = ORIENTED_EDGE('',*,*,#2574,.F.);
#2574 = EDGE_CURVE('',#2575,#2533,#2577,.T.);
#2575 = VERTEX_POINT('',#2576);
#2576 = CARTESIAN_POINT('',(22.,11.4,3.265483042581));
#2577 = SURFACE_CURVE('',#2578,(#2584,#2593),.PCURVE_S1.);
#2578 = B_SPLINE_CURVE_WITH_KNOTS('',4,(#2579,#2580,#2581,#2582,#2583),
  .UNSPECIFIED.,.F.,.F.,(5,5),(0.,1.),.PIECEWISE_BEZIER_KNOTS.);
#2579 = CARTESIAN_POINT('',(22.,11.4,3.265483042581));
#2580 = CARTESIAN_POINT('',(17.,11.4,3.265483042581));
#2581 = CARTESIAN_POINT('',(12.,11.4,3.265483042581));
#2582 = CARTESIAN_POINT('',(7.,11.4,3.265483042581));
#2583 = CARTESIAN_POINT('',(2.,11.4,3.265483042581));
#2584 = PCURVE('',#94,#2585);
#2585 = DEFINITIONAL_REPRESENTATION('',(#2586),#2592);
#2586 = B_SPLINE_CURVE_WITH_KNOTS('',4,(#2587,#2588,#2589,#2590,#2591),
  .UNSPECIFIED.,.F.,.F.,(5,5),(0.,1.),.PIECEWISE_BEZIER_KNOTS.);
#2587 = CARTESIAN_POINT('',(5.038271937606,-22.));
#2588 = CARTESIAN_POINT('',(5.038271937606,-17.));
#2589 = CARTESIAN_POINT('',(5.038271937606,-12.));
#2590 = CARTESIAN_POINT('',(5.038271937606,-7.));
#2591 = CARTESIAN_POINT('',(5.038271937606,-2.));
#2592 = ( GEOMETRIC_REPRESENTATION_CONTEXT(2) 
PARAMETRIC_REPRESENTATION_CONTEXT() REPRESENTATION_CONTEXT('2D SPACE',''
  ) );
#2593 = PCURVE('',#2594,#2599);
#2594 = PLANE('',#2595);
#2595 = AXIS2_PLACEMENT_3D('',#2596,#2597,#2598);
#2596 = CARTESIAN_POINT('',(2.,11.4,0.));
#2597 = DIRECTION('',(0.,1.,0.));
#2598 = DIRECTION('',(0.,0.,1.));
#2599 = DEFINITIONAL_REPRESENTATION('',(#2600),#2606);
#2600 = B_SPLINE_CURVE_WITH_KNOTS('',4,(#2601,#2602,#2603,#2604,#2605),
  .UNSPECIFIED.,.F.,.F.,(5,5),(0.,1.),.PIECEWISE_BEZIER_KNOTS.);
#2601 = CARTESIAN_POINT('',(3.265483042581,20.));
#2602 = CARTESIAN_POINT('',(3.265483042581,15.));
#2603 = CARTESIAN_POINT('',(3.265483042581,10.));
#2604 = CARTESIAN_POINT('',(3.265483042581,5.));
#2605 = CARTESIAN_POINT('',(3.265483042581,0.));
#2606 = ( GEOMETRIC_REPRESENTATION_CONTEXT(2) 
PARAMETRIC_REPRESENTATION_CONTEXT() REPRESENTATION_CONTEXT('2D SPACE',''
  ) );
#2607 = ORIENTED_EDGE('',*,*,#2608,.T.);
#2608 = EDGE_CURVE('',#2575,#2609,#2611,.T.);
#2609 = VERTEX_POINT('',#2610);
#2610 = CARTESIAN_POINT('',(22.,11.699149645756,0.176181979537));
#2611 = SURFACE_CURVE('',#2612,(#2620,#2631),.PCURVE_S1.);
#2612 = B_SPLINE_CURVE_WITH_KNOTS('',6,(#2613,#2614,#2615,#2616,#2617,
    #2618,#2619),.UNSPECIFIED.,.F.,.F.,(7,7),(0.,1.),
  .PIECEWISE_BEZIER_KNOTS.);
#2613 = CARTESIAN_POINT('',(22.,11.4,3.265483042581));
#2614 = CARTESIAN_POINT('',(22.,11.501541577785,2.727782014946));
#2615 = CARTESIAN_POINT('',(22.,11.581505544541,2.185964496739));
#2616 = CARTESIAN_POINT('',(22.,11.640905937213,1.641266420886));
#2617 = CARTESIAN_POINT('',(22.,11.680299478955,1.094764297775));
#2618 = CARTESIAN_POINT('',(22.,11.7,0.547404742626));
#2619 = CARTESIAN_POINT('',(22.,11.7,-1.7763568394E-15));
#2620 = PCURVE('',#94,#2621);
#2621 = DEFINITIONAL_REPRESENTATION('',(#2622),#2630);
#2622 = B_SPLINE_CURVE_WITH_KNOTS('',6,(#2623,#2624,#2625,#2626,#2627,
    #2628,#2629),.UNSPECIFIED.,.F.,.F.,(7,7),(0.,1.),
  .PIECEWISE_BEZIER_KNOTS.);
#2623 = CARTESIAN_POINT('',(5.038271937606,-22.));
#2624 = CARTESIAN_POINT('',(4.982627495748,-22.));
#2625 = CARTESIAN_POINT('',(4.927812570399,-22.));
#2626 = CARTESIAN_POINT('',(4.873575382837,-22.));
#2627 = CARTESIAN_POINT('',(4.819718892159,-22.));
#2628 = CARTESIAN_POINT('',(4.766056112015,-22.));
#2629 = CARTESIAN_POINT('',(4.712388980385,-22.));
#2630 = ( GEOMETRIC_REPRESENTATION_CONTEXT(2) 
PARAMETRIC_REPRESENTATION_CONTEXT() REPRESENTATION_CONTEXT('2D SPACE',''
  ) );
#2631 = PCURVE('',#2632,#2637);
#2632 = PLANE('',#2633);
#2633 = AXIS2_PLACEMENT_3D('',#2634,#2635,#2636);
#2634 = CARTESIAN_POINT('',(22.,11.4,0.));
#2635 = DIRECTION('',(1.,0.,0.));
#2636 = DIRECTION('',(0.,0.,1.));
#2637 = DEFINITIONAL_REPRESENTATION('',(#2638),#2646);
#2638 = B_SPLINE_CURVE_WITH_KNOTS('',6,(#2639,#2640,#2641,#2642,#2643,
    #2644,#2645),.UNSPECIFIED.,.F.,.F.,(7,7),(0.,1.),
  .PIECEWISE_BEZIER_KNOTS.);
#2639 = CARTESIAN_POINT('',(3.265483042581,1.7763568394E-15));
#2640 = CARTESIAN_POINT('',(2.727782014946,-0.101541577785));
#2641 = CARTESIAN_POINT('',(2.185964496739,-0.181505544541));
#2642 = CARTESIAN_POINT('',(1.641266420886,-0.240905937213));
#2643 = CARTESIAN_POINT('',(1.094764297775,-0.280299478955));
#2644 = CARTESIAN_POINT('',(0.547404742626,-0.3));
#2645 = CARTESIAN_POINT('',(-1.7763568394E-15,-0.3));
#2646 = ( GEOMETRIC_REPRESENTATION_CONTEXT(2) 
PARAMETRIC_REPRESENTATION_CONTEXT() REPRESENTATION_CONTEXT('2D SPACE',''
  ) );
#2647 = ORIENTED_EDGE('',*,*,#2648,.T.);
#2648 = EDGE_CURVE('',#2609,#2535,#2649,.T.);
#2649 = SURFACE_CURVE('',#2650,(#2656,#2665),.PCURVE_S1.);
#2650 = B_SPLINE_CURVE_WITH_KNOTS('',4,(#2651,#2652,#2653,#2654,#2655),
  .UNSPECIFIED.,.F.,.F.,(5,5),(0.,1.),.PIECEWISE_BEZIER_KNOTS.);
#2651 = CARTESIAN_POINT('',(22.0000006,11.699149645756,0.176181979537));
#2652 = CARTESIAN_POINT('',(17.0000003,11.699149645756,0.176181979537));
#2653 = CARTESIAN_POINT('',(12.,11.699149645756,0.176181979537));
#2654 = CARTESIAN_POINT('',(6.9999997,11.699149645756,0.176181979537));
#2655 = CARTESIAN_POINT('',(1.9999994,11.699149645756,0.176181979537));
#2656 = PCURVE('',#94,#2657);
#2657 = DEFINITIONAL_REPRESENTATION('',(#2658),#2664);
#2658 = B_SPLINE_CURVE_WITH_KNOTS('',4,(#2659,#2660,#2661,#2662,#2663),
  .UNSPECIFIED.,.F.,.F.,(5,5),(0.,1.),.PIECEWISE_BEZIER_KNOTS.);
#2659 = CARTESIAN_POINT('',(4.729662582472,-22.0000006));
#2660 = CARTESIAN_POINT('',(4.729662582472,-17.0000003));
#2661 = CARTESIAN_POINT('',(4.729662582472,-12.));
#2662 = CARTESIAN_POINT('',(4.729662582472,-6.9999997));
#2663 = CARTESIAN_POINT('',(4.729662582472,-1.9999994));
#2664 = ( GEOMETRIC_REPRESENTATION_CONTEXT(2) 
PARAMETRIC_REPRESENTATION_CONTEXT() REPRESENTATION_CONTEXT('2D SPACE',''
  ) );
#2665 = PCURVE('',#2666,#2671);
#2666 = CYLINDRICAL_SURFACE('',#2667,0.8);
#2667 = AXIS2_PLACEMENT_3D('',#2668,#2669,#2670);
#2668 = CARTESIAN_POINT('',(2.,12.2,0.8));
#2669 = DIRECTION('',(1.,0.,0.));
#2670 = DIRECTION('',(0.,-1.,0.));
#2671 = DEFINITIONAL_REPRESENTATION('',(#2672),#2678);
#2672 = B_SPLINE_CURVE_WITH_KNOTS('',4,(#2673,#2674,#2675,#2676,#2677),
  .UNSPECIFIED.,.F.,.F.,(5,5),(0.,1.),.PIECEWISE_BEZIER_KNOTS.);
#2673 = CARTESIAN_POINT('',(0.894302393837,20.0000006));
#2674 = CARTESIAN_POINT('',(0.894302393837,15.0000003));
#2675 = CARTESIAN_POINT('',(0.894302393837,10.));
#2676 = CARTESIAN_POINT('',(0.894302393837,4.9999997));
#2677 = CARTESIAN_POINT('',(0.894302393837,-6.E-07));
#2678 = ( GEOMETRIC_REPRESENTATION_CONTEXT(2) 
PARAMETRIC_REPRESENTATION_CONTEXT() REPRESENTATION_CONTEXT('2D SPACE',''
  ) );
#2679 = ADVANCED_FACE('',(#2680),#184,.F.);
#2680 = FACE_BOUND('',#2681,.F.);
#2681 = EDGE_LOOP('',(#2682,#2683,#2684,#2707));
#2682 = ORIENTED_EDGE('',*,*,#2119,.F.);
#2683 = ORIENTED_EDGE('',*,*,#167,.T.);
#2684 = ORIENTED_EDGE('',*,*,#2685,.T.);
#2685 = EDGE_CURVE('',#170,#2686,#2688,.T.);
#2686 = VERTEX_POINT('',#2687);
#2687 = CARTESIAN_POINT('',(24.,9.5,-1.7763568394E-15));
#2688 = SURFACE_CURVE('',#2689,(#2693,#2700),.PCURVE_S1.);
#2689 = LINE('',#2690,#2691);
#2690 = CARTESIAN_POINT('',(-2.,9.5,-1.7763568394E-15));
#2691 = VECTOR('',#2692,1.);
#2692 = DIRECTION('',(1.,0.,0.));
#2693 = PCURVE('',#184,#2694);
#2694 = DEFINITIONAL_REPRESENTATION('',(#2695),#2699);
#2695 = LINE('',#2696,#2697);
#2696 = CARTESIAN_POINT('',(70.,81.5));
#2697 = VECTOR('',#2698,1.);
#2698 = DIRECTION('',(1.,0.));
#2699 = ( GEOMETRIC_REPRESENTATION_CONTEXT(2) 
PARAMETRIC_REPRESENTATION_CONTEXT() REPRESENTATION_CONTEXT('2D SPACE',''
  ) );
#2700 = PCURVE('',#637,#2701);
#2701 = DEFINITIONAL_REPRESENTATION('',(#2702),#2706);
#2702 = LINE('',#2703,#2704);
#2703 = CARTESIAN_POINT('',(4.712388980385,0.));
#2704 = VECTOR('',#2705,1.);
#2705 = DIRECTION('',(0.,-1.));
#2706 = ( GEOMETRIC_REPRESENTATION_CONTEXT(2) 
PARAMETRIC_REPRESENTATION_CONTEXT() REPRESENTATION_CONTEXT('2D SPACE',''
  ) );
#2707 = ORIENTED_EDGE('',*,*,#2708,.F.);
#2708 = EDGE_CURVE('',#2120,#2686,#2709,.T.);
#2709 = SURFACE_CURVE('',#2710,(#2714,#2720),.PCURVE_S1.);
#2710 = LINE('',#2711,#2712);
#2711 = CARTESIAN_POINT('',(24.,-36.,0.));
#2712 = VECTOR('',#2713,1.);
#2713 = DIRECTION('',(0.,-1.,0.));
#2714 = PCURVE('',#184,#2715);
#2715 = DEFINITIONAL_REPRESENTATION('',(#2716),#2719);
#2716 = B_SPLINE_CURVE_WITH_KNOTS('',1,(#2717,#2718),.UNSPECIFIED.,.F.,
  .F.,(2,2),(-47.7,-24.3),.PIECEWISE_BEZIER_KNOTS.);
#2717 = CARTESIAN_POINT('',(96.,83.7));
#2718 = CARTESIAN_POINT('',(96.,60.3));
#2719 = ( GEOMETRIC_REPRESENTATION_CONTEXT(2) 
PARAMETRIC_REPRESENTATION_CONTEXT() REPRESENTATION_CONTEXT('2D SPACE',''
  ) );
#2720 = PCURVE('',#1192,#2721);
#2721 = DEFINITIONAL_REPRESENTATION('',(#2722),#2725);
#2722 = B_SPLINE_CURVE_WITH_KNOTS('',1,(#2723,#2724),.UNSPECIFIED.,.F.,
  .F.,(2,2),(-47.7,-24.3),.PIECEWISE_BEZIER_KNOTS.);
#2723 = CARTESIAN_POINT('',(5.254248707375E-16,-11.7));
#2724 = CARTESIAN_POINT('',(5.254248707375E-16,11.7));
#2725 = ( GEOMETRIC_REPRESENTATION_CONTEXT(2) 
PARAMETRIC_REPRESENTATION_CONTEXT() REPRESENTATION_CONTEXT('2D SPACE',''
  ) );
#2726 = ADVANCED_FACE('',(#2727),#637,.T.);
#2727 = FACE_BOUND('',#2728,.T.);
#2728 = EDGE_LOOP('',(#2729,#2750,#2751,#2752,#2898,#2926,#3021,#3058,
    #3153,#3181,#3276,#3306));
#2729 = ORIENTED_EDGE('',*,*,#2730,.F.);
#2730 = EDGE_CURVE('',#516,#1861,#2731,.T.);
#2731 = SURFACE_CURVE('',#2732,(#2736,#2743),.PCURVE_S1.);
#2732 = LINE('',#2733,#2734);
#2733 = CARTESIAN_POINT('',(-2.,6.,8.));
#2734 = VECTOR('',#2735,1.);
#2735 = DIRECTION('',(1.,0.,0.));
#2736 = PCURVE('',#637,#2737);
#2737 = DEFINITIONAL_REPRESENTATION('',(#2738),#2742);
#2738 = LINE('',#2739,#2740);
#2739 = CARTESIAN_POINT('',(6.28318530718,0.));
#2740 = VECTOR('',#2741,1.);
#2741 = DIRECTION('',(0.,-1.));
#2742 = ( GEOMETRIC_REPRESENTATION_CONTEXT(2) 
PARAMETRIC_REPRESENTATION_CONTEXT() REPRESENTATION_CONTEXT('2D SPACE',''
  ) );
#2743 = PCURVE('',#530,#2744);
#2744 = DEFINITIONAL_REPRESENTATION('',(#2745),#2749);
#2745 = LINE('',#2746,#2747);
#2746 = CARTESIAN_POINT('',(-8.881784197001E-16,-0.));
#2747 = VECTOR('',#2748,1.);
#2748 = DIRECTION('',(0.,-1.));
#2749 = ( GEOMETRIC_REPRESENTATION_CONTEXT(2) 
PARAMETRIC_REPRESENTATION_CONTEXT() REPRESENTATION_CONTEXT('2D SPACE',''
  ) );
#2750 = ORIENTED_EDGE('',*,*,#541,.T.);
#2751 = ORIENTED_EDGE('',*,*,#2685,.T.);
#2752 = ORIENTED_EDGE('',*,*,#2753,.F.);
#2753 = EDGE_CURVE('',#2754,#2686,#2756,.T.);
#2754 = VERTEX_POINT('',#2755);
#2755 = CARTESIAN_POINT('',(24.,6.,8.));
#2756 = SURFACE_CURVE('',#2757,(#2802,#2850),.PCURVE_S1.);
#2757 = B_SPLINE_CURVE_WITH_KNOTS('',8,(#2758,#2759,#2760,#2761,#2762,
    #2763,#2764,#2765,#2766,#2767,#2768,#2769,#2770,#2771,#2772,#2773,
    #2774,#2775,#2776,#2777,#2778,#2779,#2780,#2781,#2782,#2783,#2784,
    #2785,#2786,#2787,#2788,#2789,#2790,#2791,#2792,#2793,#2794,#2795,
    #2796,#2797,#2798,#2799,#2800,#2801),.UNSPECIFIED.,.F.,.F.,(9,7,7,7,
    7,7,9),(0.,8.658279662528E-02,0.150251277784,0.255683647933,
    0.372291782785,0.665519617111,1.),.UNSPECIFIED.);
#2758 = CARTESIAN_POINT('',(24.,6.,8.));
#2759 = CARTESIAN_POINT('',(24.,6.099128819857,8.));
#2760 = CARTESIAN_POINT('',(24.,6.198293937355,7.992665807984));
#2761 = CARTESIAN_POINT('',(24.,6.296811556493,7.977988505677));
#2762 = CARTESIAN_POINT('',(24.,6.394120147784,7.956203668491));
#2763 = CARTESIAN_POINT('',(24.,6.489764673928,7.92771415796));
#2764 = CARTESIAN_POINT('',(24.,6.583383377432,7.893027198491));
#2765 = CARTESIAN_POINT('',(24.,6.674697130171,7.852705738441));
#2766 = CARTESIAN_POINT('',(24.,6.828803341265,7.773970151336));
#2767 = CARTESIAN_POINT('',(24.,6.89278015243,7.737859023831));
#2768 = CARTESIAN_POINT('',(24.,6.955383298478,7.699210314761));
#2769 = CARTESIAN_POINT('',(24.,7.016586233437,7.658229285382));
#2770 = CARTESIAN_POINT('',(24.,7.076380536856,7.615110763004));
#2771 = CARTESIAN_POINT('',(24.,7.134772898817,7.57003438684));
#2772 = CARTESIAN_POINT('',(24.,7.191782898386,7.52316119315));
#2773 = CARTESIAN_POINT('',(24.,7.339610041592,7.394268441656));
#2774 = CARTESIAN_POINT('',(24.,7.428037444472,7.309394005582));
#2775 = CARTESIAN_POINT('',(24.,7.512890454867,7.220632097442));
#2776 = CARTESIAN_POINT('',(24.,7.594331268062,7.128517004844));
#2777 = CARTESIAN_POINT('',(24.,7.672523159483,7.033499667228));
#2778 = CARTESIAN_POINT('',(24.,7.747633461244,6.935951195208));
#2779 = CARTESIAN_POINT('',(24.,7.819833959625,6.836163679009));
#2780 = CARTESIAN_POINT('',(24.,7.966126687444,6.621740525587));
#2781 = CARTESIAN_POINT('',(24.,8.039578388048,6.506696360956));
#2782 = CARTESIAN_POINT('',(24.,8.109873516676,6.389534602291));
#2783 = CARTESIAN_POINT('',(24.,8.177197924045,6.27052276615));
#2784 = CARTESIAN_POINT('',(24.,8.241715020477,6.149884506217));
#2785 = CARTESIAN_POINT('',(24.,8.303573430244,6.027804591189));
#2786 = CARTESIAN_POINT('',(24.,8.362910890006,5.904431429776));
#2787 = CARTESIAN_POINT('',(24.,8.563046970465,5.466667572461));
#2788 = CARTESIAN_POINT('',(24.,8.690997818884,5.146218530993));
#2789 = CARTESIAN_POINT('',(24.,8.805786994558,4.820295577962));
#2790 = CARTESIAN_POINT('',(24.,8.908675576542,4.490152664732));
#2791 = CARTESIAN_POINT('',(24.,9.000689531356,4.156755394486));
#2792 = CARTESIAN_POINT('',(24.,9.082612659509,3.820777235062));
#2793 = CARTESIAN_POINT('',(24.,9.155098048944,3.482648047799));
#2794 = CARTESIAN_POINT('',(24.,9.291155136534,2.754604305937));
#2795 = CARTESIAN_POINT('',(24.,9.351985752743,2.364379794939));
#2796 = CARTESIAN_POINT('',(24.,9.40188941271,1.972400674496));
#2797 = CARTESIAN_POINT('',(24.,9.441358215425,1.579117685881));
#2798 = CARTESIAN_POINT('',(24.,9.470733998979,1.184922817815));
#2799 = CARTESIAN_POINT('',(24.,9.490243578081,0.790154944446));
#2800 = CARTESIAN_POINT('',(24.,9.5,0.3951012674));
#2801 = CARTESIAN_POINT('',(24.,9.5,-1.7763568394E-15));
#2802 = PCURVE('',#637,#2803);
#2803 = DEFINITIONAL_REPRESENTATION('',(#2804),#2849);
#2804 = B_SPLINE_CURVE_WITH_KNOTS('',8,(#2805,#2806,#2807,#2808,#2809,
    #2810,#2811,#2812,#2813,#2814,#2815,#2816,#2817,#2818,#2819,#2820,
    #2821,#2822,#2823,#2824,#2825,#2826,#2827,#2828,#2829,#2830,#2831,
    #2832,#2833,#2834,#2835,#2836,#2837,#2838,#2839,#2840,#2841,#2842,
    #2843,#2844,#2845,#2846,#2847,#2848),.UNSPECIFIED.,.F.,.F.,(9,7,7,7,
    7,7,9),(0.,8.658279662528E-02,0.150251277784,0.255683647933,
    0.372291782785,0.665519617111,1.),.UNSPECIFIED.);
#2805 = CARTESIAN_POINT('',(6.28318530718,-26.));
#2806 = CARTESIAN_POINT('',(6.25486278722,-26.));
#2807 = CARTESIAN_POINT('',(6.226529917182,-26.));
#2808 = CARTESIAN_POINT('',(6.198347352404,-26.));
#2809 = CARTESIAN_POINT('',(6.170440962706,-26.));
#2810 = CARTESIAN_POINT('',(6.142910066436,-26.));
#2811 = CARTESIAN_POINT('',(6.115833366548,-26.));
#2812 = CARTESIAN_POINT('',(6.089272588706,-26.));
#2813 = CARTESIAN_POINT('',(6.044155681462,-26.));
#2814 = CARTESIAN_POINT('',(6.025332139291,-26.));
#2815 = CARTESIAN_POINT('',(6.006811771188,-26.));
#2816 = CARTESIAN_POINT('',(5.988598322693,-26.));
#2817 = CARTESIAN_POINT('',(5.970691570746,-26.));
#2818 = CARTESIAN_POINT('',(5.953087925814,-26.));
#2819 = CARTESIAN_POINT('',(5.935780774035,-26.));
#2820 = CARTESIAN_POINT('',(5.890575788177,-26.));
#2821 = CARTESIAN_POINT('',(5.863188702091,-26.));
#2822 = CARTESIAN_POINT('',(5.836548529304,-26.));
#2823 = CARTESIAN_POINT('',(5.810609684208,-26.));
#2824 = CARTESIAN_POINT('',(5.785328638988,-26.));
#2825 = CARTESIAN_POINT('',(5.760661653992,-26.));
#2826 = CARTESIAN_POINT('',(5.736563366882,-26.));
#2827 = CARTESIAN_POINT('',(5.686909953712,-26.));
#2828 = CARTESIAN_POINT('',(5.661481295229,-26.));
#2829 = CARTESIAN_POINT('',(5.636641970699,-26.));
#2830 = CARTESIAN_POINT('',(5.612343847361,-26.));
#2831 = CARTESIAN_POINT('',(5.588545232231,-26.));
#2832 = CARTESIAN_POINT('',(5.565208234114,-26.));
#2833 = CARTESIAN_POINT('',(5.542297209502,-26.));
#2834 = CARTESIAN_POINT('',(5.463151254166,-26.));
#2835 = CARTESIAN_POINT('',(5.40904478446,-26.));
#2836 = CARTESIAN_POINT('',(5.356905687775,-26.));
#2837 = CARTESIAN_POINT('',(5.306407511916,-26.));
#2838 = CARTESIAN_POINT('',(5.257282161062,-26.));
#2839 = CARTESIAN_POINT('',(5.209315973965,-26.));
#2840 = CARTESIAN_POINT('',(5.162311984239,-26.));
#2841 = CARTESIAN_POINT('',(5.063351686382,-26.));
#2842 = CARTESIAN_POINT('',(5.011667319002,-26.));
#2843 = CARTESIAN_POINT('',(4.96078433184,-26.));
#2844 = CARTESIAN_POINT('',(4.910512659542,-26.));
#2845 = CARTESIAN_POINT('',(4.860687989127,-26.));
#2846 = CARTESIAN_POINT('',(4.81115831639,-26.));
#2847 = CARTESIAN_POINT('',(4.76177663881,-26.));
#2848 = CARTESIAN_POINT('',(4.712388980385,-26.));
#2849 = ( GEOMETRIC_REPRESENTATION_CONTEXT(2) 
PARAMETRIC_REPRESENTATION_CONTEXT() REPRESENTATION_CONTEXT('2D SPACE',''
  ) );
#2850 = PCURVE('',#1192,#2851);
#2851 = DEFINITIONAL_REPRESENTATION('',(#2852),#2897);
#2852 = B_SPLINE_CURVE_WITH_KNOTS('',8,(#2853,#2854,#2855,#2856,#2857,
    #2858,#2859,#2860,#2861,#2862,#2863,#2864,#2865,#2866,#2867,#2868,
    #2869,#2870,#2871,#2872,#2873,#2874,#2875,#2876,#2877,#2878,#2879,
    #2880,#2881,#2882,#2883,#2884,#2885,#2886,#2887,#2888,#2889,#2890,
    #2891,#2892,#2893,#2894,#2895,#2896),.UNSPECIFIED.,.F.,.F.,(9,7,7,7,
    7,7,9),(0.,8.658279662528E-02,0.150251277784,0.255683647933,
    0.372291782785,0.665519617111,1.),.UNSPECIFIED.);
#2853 = CARTESIAN_POINT('',(8.,-6.));
#2854 = CARTESIAN_POINT('',(8.,-6.099128819857));
#2855 = CARTESIAN_POINT('',(7.992665807984,-6.198293937355));
#2856 = CARTESIAN_POINT('',(7.977988505677,-6.296811556493));
#2857 = CARTESIAN_POINT('',(7.956203668491,-6.394120147784));
#2858 = CARTESIAN_POINT('',(7.92771415796,-6.489764673928));
#2859 = CARTESIAN_POINT('',(7.893027198491,-6.583383377432));
#2860 = CARTESIAN_POINT('',(7.852705738441,-6.674697130171));
#2861 = CARTESIAN_POINT('',(7.773970151336,-6.828803341265));
#2862 = CARTESIAN_POINT('',(7.737859023831,-6.89278015243));
#2863 = CARTESIAN_POINT('',(7.699210314761,-6.955383298478));
#2864 = CARTESIAN_POINT('',(7.658229285382,-7.016586233437));
#2865 = CARTESIAN_POINT('',(7.615110763004,-7.076380536856));
#2866 = CARTESIAN_POINT('',(7.57003438684,-7.134772898817));
#2867 = CARTESIAN_POINT('',(7.52316119315,-7.191782898386));
#2868 = CARTESIAN_POINT('',(7.394268441656,-7.339610041592));
#2869 = CARTESIAN_POINT('',(7.309394005582,-7.428037444472));
#2870 = CARTESIAN_POINT('',(7.220632097442,-7.512890454867));
#2871 = CARTESIAN_POINT('',(7.128517004844,-7.594331268062));
#2872 = CARTESIAN_POINT('',(7.033499667228,-7.672523159483));
#2873 = CARTESIAN_POINT('',(6.935951195208,-7.747633461244));
#2874 = CARTESIAN_POINT('',(6.836163679009,-7.819833959625));
#2875 = CARTESIAN_POINT('',(6.621740525587,-7.966126687444));
#2876 = CARTESIAN_POINT('',(6.506696360956,-8.039578388048));
#2877 = CARTESIAN_POINT('',(6.389534602291,-8.109873516676));
#2878 = CARTESIAN_POINT('',(6.27052276615,-8.177197924045));
#2879 = CARTESIAN_POINT('',(6.149884506217,-8.241715020477));
#2880 = CARTESIAN_POINT('',(6.027804591189,-8.303573430244));
#2881 = CARTESIAN_POINT('',(5.904431429776,-8.362910890006));
#2882 = CARTESIAN_POINT('',(5.466667572461,-8.563046970465));
#2883 = CARTESIAN_POINT('',(5.146218530993,-8.690997818884));
#2884 = CARTESIAN_POINT('',(4.820295577962,-8.805786994558));
#2885 = CARTESIAN_POINT('',(4.490152664732,-8.908675576542));
#2886 = CARTESIAN_POINT('',(4.156755394486,-9.000689531356));
#2887 = CARTESIAN_POINT('',(3.820777235062,-9.082612659509));
#2888 = CARTESIAN_POINT('',(3.482648047799,-9.155098048944));
#2889 = CARTESIAN_POINT('',(2.754604305937,-9.291155136534));
#2890 = CARTESIAN_POINT('',(2.364379794939,-9.351985752743));
#2891 = CARTESIAN_POINT('',(1.972400674496,-9.40188941271));
#2892 = CARTESIAN_POINT('',(1.579117685881,-9.441358215425));
#2893 = CARTESIAN_POINT('',(1.184922817815,-9.470733998979));
#2894 = CARTESIAN_POINT('',(0.790154944446,-9.490243578081));
#2895 = CARTESIAN_POINT('',(0.3951012674,-9.5));
#2896 = CARTESIAN_POINT('',(-1.250931968663E-15,-9.5));
#2897 = ( GEOMETRIC_REPRESENTATION_CONTEXT(2) 
PARAMETRIC_REPRESENTATION_CONTEXT() REPRESENTATION_CONTEXT('2D SPACE',''
  ) );
#2898 = ORIENTED_EDGE('',*,*,#2899,.F.);
#2899 = EDGE_CURVE('',#2900,#2754,#2902,.T.);
#2900 = VERTEX_POINT('',#2901);
#2901 = CARTESIAN_POINT('',(22.1,6.,8.));
#2902 = SURFACE_CURVE('',#2903,(#2907,#2914),.PCURVE_S1.);
#2903 = LINE('',#2904,#2905);
#2904 = CARTESIAN_POINT('',(-2.,6.,8.));
#2905 = VECTOR('',#2906,1.);
#2906 = DIRECTION('',(1.,0.,0.));
#2907 = PCURVE('',#637,#2908);
#2908 = DEFINITIONAL_REPRESENTATION('',(#2909),#2913);
#2909 = LINE('',#2910,#2911);
#2910 = CARTESIAN_POINT('',(6.28318530718,0.));
#2911 = VECTOR('',#2912,1.);
#2912 = DIRECTION('',(0.,-1.));
#2913 = ( GEOMETRIC_REPRESENTATION_CONTEXT(2) 
PARAMETRIC_REPRESENTATION_CONTEXT() REPRESENTATION_CONTEXT('2D SPACE',''
  ) );
#2914 = PCURVE('',#2915,#2920);
#2915 = PLANE('',#2916);
#2916 = AXIS2_PLACEMENT_3D('',#2917,#2918,#2919);
#2917 = CARTESIAN_POINT('',(-2.,6.,8.));
#2918 = DIRECTION('',(0.,0.,-1.));
#2919 = DIRECTION('',(0.,-1.,0.));
#2920 = DEFINITIONAL_REPRESENTATION('',(#2921),#2925);
#2921 = LINE('',#2922,#2923);
#2922 = CARTESIAN_POINT('',(-8.881784197001E-16,-0.));
#2923 = VECTOR('',#2924,1.);
#2924 = DIRECTION('',(0.,-1.));
#2925 = ( GEOMETRIC_REPRESENTATION_CONTEXT(2) 
PARAMETRIC_REPRESENTATION_CONTEXT() REPRESENTATION_CONTEXT('2D SPACE',''
  ) );
#2926 = ORIENTED_EDGE('',*,*,#2927,.T.);
#2927 = EDGE_CURVE('',#2900,#2928,#2930,.T.);
#2928 = VERTEX_POINT('',#2929);
#2929 = CARTESIAN_POINT('',(22.1,8.732186624299,5.));
#2930 = SURFACE_CURVE('',#2931,(#2959,#2990),.PCURVE_S1.);
#2931 = B_SPLINE_CURVE_WITH_KNOTS('',6,(#2932,#2933,#2934,#2935,#2936,
    #2937,#2938,#2939,#2940,#2941,#2942,#2943,#2944,#2945,#2946,#2947,
    #2948,#2949,#2950,#2951,#2952,#2953,#2954,#2955,#2956,#2957,#2958),
  .UNSPECIFIED.,.F.,.F.,(7,5,5,5,5,7),(0.,0.179093933348,0.301853997552,
    0.546282957023,0.8420071473,1.),.UNSPECIFIED.);
#2932 = CARTESIAN_POINT('',(22.1,6.,8.));
#2933 = CARTESIAN_POINT('',(22.1,6.126203025231,8.));
#2934 = CARTESIAN_POINT('',(22.1,6.252466429234,7.987518143031));
#2935 = CARTESIAN_POINT('',(22.1,6.377131822344,7.962532875084));
#2936 = CARTESIAN_POINT('',(22.1,6.499002687632,7.925966710094));
#2937 = CARTESIAN_POINT('',(22.1,6.617234579295,7.879126187575));
#2938 = CARTESIAN_POINT('',(22.1,6.809445126544,7.785260961592));
#2939 = CARTESIAN_POINT('',(22.1,6.885690017448,7.742906407891));
#2940 = CARTESIAN_POINT('',(22.1,6.959894461159,7.696790224158));
#2941 = CARTESIAN_POINT('',(22.1,7.032011841132,7.647320252622));
#2942 = CARTESIAN_POINT('',(22.1,7.102049140086,7.594866170301));
#2943 = CARTESIAN_POINT('',(22.1,7.305451256994,7.429955665475));
#2944 = CARTESIAN_POINT('',(22.1,7.432689141802,7.30963432863));
#2945 = CARTESIAN_POINT('',(22.1,7.552280058075,7.181103147475));
#2946 = CARTESIAN_POINT('',(22.1,7.664753354284,7.046127966971));
#2947 = CARTESIAN_POINT('',(22.1,7.770702564278,6.905969065648));
#2948 = CARTESIAN_POINT('',(22.1,7.991792105865,6.586378160779));
#2949 = CARTESIAN_POINT('',(22.1,8.10409062556,6.405030161431));
#2950 = CARTESIAN_POINT('',(22.1,8.208663368052,6.218760964953));
#2951 = CARTESIAN_POINT('',(22.1,8.306211281334,6.0285800284));
#2952 = CARTESIAN_POINT('',(22.1,8.397358085571,5.835205640127));
#2953 = CARTESIAN_POINT('',(22.1,8.528197210579,5.534259800131));
#2954 = CARTESIAN_POINT('',(22.1,8.572076651273,5.428687073176));
#2955 = CARTESIAN_POINT('',(22.1,8.614351764713,5.322413651149));
#2956 = CARTESIAN_POINT('',(22.1,8.655089638338,5.215505505778));
#2957 = CARTESIAN_POINT('',(22.1,8.694349827372,5.108018615351));
#2958 = CARTESIAN_POINT('',(22.1,8.732186624299,5.));
#2959 = PCURVE('',#637,#2960);
#2960 = DEFINITIONAL_REPRESENTATION('',(#2961),#2989);
#2961 = B_SPLINE_CURVE_WITH_KNOTS('',6,(#2962,#2963,#2964,#2965,#2966,
    #2967,#2968,#2969,#2970,#2971,#2972,#2973,#2974,#2975,#2976,#2977,
    #2978,#2979,#2980,#2981,#2982,#2983,#2984,#2985,#2986,#2987,#2988),
  .UNSPECIFIED.,.F.,.F.,(7,5,5,5,5,7),(0.,0.179093933348,0.301853997552,
    0.546282957023,0.8420071473,1.),.UNSPECIFIED.);
#2962 = CARTESIAN_POINT('',(6.28318530718,-24.1));
#2963 = CARTESIAN_POINT('',(6.247127299971,-24.1));
#2964 = CARTESIAN_POINT('',(6.211052068261,-24.1));
#2965 = CARTESIAN_POINT('',(6.175348867505,-24.1));
#2966 = CARTESIAN_POINT('',(6.140275398152,-24.1));
#2967 = CARTESIAN_POINT('',(6.106017114474,-24.1));
#2968 = CARTESIAN_POINT('',(6.049860399487,-24.1));
#2969 = CARTESIAN_POINT('',(6.027450787239,-24.1));
#2970 = CARTESIAN_POINT('',(6.005491517939,-24.1));
#2971 = CARTESIAN_POINT('',(5.983989096498,-24.1));
#2972 = CARTESIAN_POINT('',(5.962937767335,-24.1));
#2973 = CARTESIAN_POINT('',(5.901275219596,-24.1));
#2974 = CARTESIAN_POINT('',(5.86198513286,-24.1));
#2975 = CARTESIAN_POINT('',(5.82428678278,-24.1));
#2976 = CARTESIAN_POINT('',(5.788039564505,-24.1));
#2977 = CARTESIAN_POINT('',(5.753090902802,-24.1));
#2978 = CARTESIAN_POINT('',(5.678350261027,-24.1));
#2979 = CARTESIAN_POINT('',(5.639116413692,-24.1));
#2980 = CARTESIAN_POINT('',(5.601296403143,-24.1));
#2981 = CARTESIAN_POINT('',(5.564714239685,-24.1));
#2982 = CARTESIAN_POINT('',(5.529212019844,-24.1));
#2983 = CARTESIAN_POINT('',(5.476178157592,-24.1));
#2984 = CARTESIAN_POINT('',(5.457980393544,-24.1));
#2985 = CARTESIAN_POINT('',(5.440032283947,-24.1));
#2986 = CARTESIAN_POINT('',(5.422316444369,-24.1));
#2987 = CARTESIAN_POINT('',(5.404817334774,-24.1));
#2988 = CARTESIAN_POINT('',(5.387520513322,-24.1));
#2989 = ( GEOMETRIC_REPRESENTATION_CONTEXT(2) 
PARAMETRIC_REPRESENTATION_CONTEXT() REPRESENTATION_CONTEXT('2D SPACE',''
  ) );
#2990 = PCURVE('',#1115,#2991);
#2991 = DEFINITIONAL_REPRESENTATION('',(#2992),#3020);
#2992 = B_SPLINE_CURVE_WITH_KNOTS('',6,(#2993,#2994,#2995,#2996,#2997,
    #2998,#2999,#3000,#3001,#3002,#3003,#3004,#3005,#3006,#3007,#3008,
    #3009,#3010,#3011,#3012,#3013,#3014,#3015,#3016,#3017,#3018,#3019),
  .UNSPECIFIED.,.F.,.F.,(7,5,5,5,5,7),(0.,0.179093933348,0.301853997552,
    0.546282957023,0.8420071473,1.),.UNSPECIFIED.);
#2993 = CARTESIAN_POINT('',(0.,-6.));
#2994 = CARTESIAN_POINT('',(0.,-6.126203025231));
#2995 = CARTESIAN_POINT('',(-1.248185696865E-02,-6.252466429234));
#2996 = CARTESIAN_POINT('',(-3.746712491584E-02,-6.377131822344));
#2997 = CARTESIAN_POINT('',(-7.403328990581E-02,-6.499002687632));
#2998 = CARTESIAN_POINT('',(-0.120873812425,-6.617234579295));
#2999 = CARTESIAN_POINT('',(-0.214739038408,-6.809445126544));
#3000 = CARTESIAN_POINT('',(-0.257093592109,-6.885690017448));
#3001 = CARTESIAN_POINT('',(-0.303209775842,-6.959894461159));
#3002 = CARTESIAN_POINT('',(-0.352679747378,-7.032011841132));
#3003 = CARTESIAN_POINT('',(-0.405133829699,-7.102049140086));
#3004 = CARTESIAN_POINT('',(-0.570044334525,-7.305451256994));
#3005 = CARTESIAN_POINT('',(-0.69036567137,-7.432689141802));
#3006 = CARTESIAN_POINT('',(-0.818896852525,-7.552280058075));
#3007 = CARTESIAN_POINT('',(-0.953872033029,-7.664753354284));
#3008 = CARTESIAN_POINT('',(-1.094030934352,-7.770702564278));
#3009 = CARTESIAN_POINT('',(-1.413621839221,-7.991792105865));
#3010 = CARTESIAN_POINT('',(-1.594969838569,-8.10409062556));
#3011 = CARTESIAN_POINT('',(-1.781239035047,-8.208663368052));
#3012 = CARTESIAN_POINT('',(-1.9714199716,-8.306211281334));
#3013 = CARTESIAN_POINT('',(-2.164794359873,-8.397358085571));
#3014 = CARTESIAN_POINT('',(-2.465740199869,-8.528197210579));
#3015 = CARTESIAN_POINT('',(-2.571312926824,-8.572076651273));
#3016 = CARTESIAN_POINT('',(-2.677586348851,-8.614351764713));
#3017 = CARTESIAN_POINT('',(-2.784494494222,-8.655089638338));
#3018 = CARTESIAN_POINT('',(-2.891981384649,-8.694349827372));
#3019 = CARTESIAN_POINT('',(-3.,-8.732186624299));
#3020 = ( GEOMETRIC_REPRESENTATION_CONTEXT(2) 
PARAMETRIC_REPRESENTATION_CONTEXT() REPRESENTATION_CONTEXT('2D SPACE',''
  ) );
#3021 = ORIENTED_EDGE('',*,*,#3022,.T.);
#3022 = EDGE_CURVE('',#2928,#3023,#3025,.T.);
#3023 = VERTEX_POINT('',#3024);
#3024 = CARTESIAN_POINT('',(18.9,8.732186624299,5.));
#3025 = SURFACE_CURVE('',#3026,(#3033,#3043),.PCURVE_S1.);
#3026 = B_SPLINE_CURVE_WITH_KNOTS('',5,(#3027,#3028,#3029,#3030,#3031,
    #3032),.UNSPECIFIED.,.F.,.F.,(6,6),(0.,1.),
  .PIECEWISE_BEZIER_KNOTS.);
#3027 = CARTESIAN_POINT('',(22.1,8.732186624299,5.));
#3028 = CARTESIAN_POINT('',(21.495424863061,8.732186624299,5.));
#3029 = CARTESIAN_POINT('',(20.867396244205,8.732186624299,5.));
#3030 = CARTESIAN_POINT('',(20.122666941681,8.732186624299,5.));
#3031 = CARTESIAN_POINT('',(19.361098788763,8.732186624299,5.));
#3032 = CARTESIAN_POINT('',(18.9,8.732186624299,5.));
#3033 = PCURVE('',#637,#3034);
#3034 = DEFINITIONAL_REPRESENTATION('',(#3035),#3042);
#3035 = B_SPLINE_CURVE_WITH_KNOTS('',5,(#3036,#3037,#3038,#3039,#3040,
    #3041),.UNSPECIFIED.,.F.,.F.,(6,6),(0.,1.),
  .PIECEWISE_BEZIER_KNOTS.);
#3036 = CARTESIAN_POINT('',(5.387520513322,-24.1));
#3037 = CARTESIAN_POINT('',(5.387520513322,-23.49542486306));
#3038 = CARTESIAN_POINT('',(5.387520513322,-22.8673962442));
#3039 = CARTESIAN_POINT('',(5.387520513322,-22.12266694168));
#3040 = CARTESIAN_POINT('',(5.387520513322,-21.36109878876));
#3041 = CARTESIAN_POINT('',(5.387520513322,-20.9));
#3042 = ( GEOMETRIC_REPRESENTATION_CONTEXT(2) 
PARAMETRIC_REPRESENTATION_CONTEXT() REPRESENTATION_CONTEXT('2D SPACE',''
  ) );
#3043 = PCURVE('',#3044,#3049);
#3044 = PLANE('',#3045);
#3045 = AXIS2_PLACEMENT_3D('',#3046,#3047,#3048);
#3046 = CARTESIAN_POINT('',(18.9,-10.53,5.));
#3047 = DIRECTION('',(0.,0.,1.));
#3048 = DIRECTION('',(0.,1.,0.));
#3049 = DEFINITIONAL_REPRESENTATION('',(#3050),#3057);
#3050 = B_SPLINE_CURVE_WITH_KNOTS('',5,(#3051,#3052,#3053,#3054,#3055,
    #3056),.UNSPECIFIED.,.F.,.F.,(6,6),(0.,1.),
  .PIECEWISE_BEZIER_KNOTS.);
#3051 = CARTESIAN_POINT('',(19.262186624299,-3.2));
#3052 = CARTESIAN_POINT('',(19.262186624299,-2.595424863061));
#3053 = CARTESIAN_POINT('',(19.262186624299,-1.967396244205));
#3054 = CARTESIAN_POINT('',(19.262186624299,-1.222666941681));
#3055 = CARTESIAN_POINT('',(19.262186624299,-0.461098788763));
#3056 = CARTESIAN_POINT('',(19.262186624299,0.));
#3057 = ( GEOMETRIC_REPRESENTATION_CONTEXT(2) 
PARAMETRIC_REPRESENTATION_CONTEXT() REPRESENTATION_CONTEXT('2D SPACE',''
  ) );
#3058 = ORIENTED_EDGE('',*,*,#3059,.F.);
#3059 = EDGE_CURVE('',#3060,#3023,#3062,.T.);
#3060 = VERTEX_POINT('',#3061);
#3061 = CARTESIAN_POINT('',(18.9,6.,8.));
#3062 = SURFACE_CURVE('',#3063,(#3091,#3122),.PCURVE_S1.);
#3063 = B_SPLINE_CURVE_WITH_KNOTS('',6,(#3064,#3065,#3066,#3067,#3068,
    #3069,#3070,#3071,#3072,#3073,#3074,#3075,#3076,#3077,#3078,#3079,
    #3080,#3081,#3082,#3083,#3084,#3085,#3086,#3087,#3088,#3089,#3090),
  .UNSPECIFIED.,.F.,.F.,(7,5,5,5,5,7),(0.,0.179093933348,0.301853997552,
    0.546282957023,0.8420071473,1.),.UNSPECIFIED.);
#3064 = CARTESIAN_POINT('',(18.9,6.,8.));
#3065 = CARTESIAN_POINT('',(18.9,6.126203025231,8.));
#3066 = CARTESIAN_POINT('',(18.9,6.252466429234,7.987518143031));
#3067 = CARTESIAN_POINT('',(18.9,6.377131822344,7.962532875084));
#3068 = CARTESIAN_POINT('',(18.9,6.499002687632,7.925966710094));
#3069 = CARTESIAN_POINT('',(18.9,6.617234579295,7.879126187575));
#3070 = CARTESIAN_POINT('',(18.9,6.809445126544,7.785260961592));
#3071 = CARTESIAN_POINT('',(18.9,6.885690017448,7.742906407891));
#3072 = CARTESIAN_POINT('',(18.9,6.959894461159,7.696790224158));
#3073 = CARTESIAN_POINT('',(18.9,7.032011841132,7.647320252622));
#3074 = CARTESIAN_POINT('',(18.9,7.102049140086,7.594866170301));
#3075 = CARTESIAN_POINT('',(18.9,7.305451256994,7.429955665475));
#3076 = CARTESIAN_POINT('',(18.9,7.432689141802,7.30963432863));
#3077 = CARTESIAN_POINT('',(18.9,7.552280058075,7.181103147475));
#3078 = CARTESIAN_POINT('',(18.9,7.664753354284,7.046127966971));
#3079 = CARTESIAN_POINT('',(18.9,7.770702564278,6.905969065648));
#3080 = CARTESIAN_POINT('',(18.9,7.991792105865,6.586378160779));
#3081 = CARTESIAN_POINT('',(18.9,8.10409062556,6.405030161431));
#3082 = CARTESIAN_POINT('',(18.9,8.208663368052,6.218760964953));
#3083 = CARTESIAN_POINT('',(18.9,8.306211281334,6.0285800284));
#3084 = CARTESIAN_POINT('',(18.9,8.397358085571,5.835205640127));
#3085 = CARTESIAN_POINT('',(18.9,8.528197210579,5.534259800131));
#3086 = CARTESIAN_POINT('',(18.9,8.572076651273,5.428687073176));
#3087 = CARTESIAN_POINT('',(18.9,8.614351764713,5.322413651149));
#3088 = CARTESIAN_POINT('',(18.9,8.655089638338,5.215505505778));
#3089 = CARTESIAN_POINT('',(18.9,8.694349827372,5.108018615351));
#3090 = CARTESIAN_POINT('',(18.9,8.732186624299,5.));
#3091 = PCURVE('',#637,#3092);
#3092 = DEFINITIONAL_REPRESENTATION('',(#3093),#3121);
#3093 = B_SPLINE_CURVE_WITH_KNOTS('',6,(#3094,#3095,#3096,#3097,#3098,
    #3099,#3100,#3101,#3102,#3103,#3104,#3105,#3106,#3107,#3108,#3109,
    #3110,#3111,#3112,#3113,#3114,#3115,#3116,#3117,#3118,#3119,#3120),
  .UNSPECIFIED.,.F.,.F.,(7,5,5,5,5,7),(0.,0.179093933348,0.301853997552,
    0.546282957023,0.8420071473,1.),.UNSPECIFIED.);
#3094 = CARTESIAN_POINT('',(6.28318530718,-20.9));
#3095 = CARTESIAN_POINT('',(6.247127299971,-20.9));
#3096 = CARTESIAN_POINT('',(6.211052068261,-20.9));
#3097 = CARTESIAN_POINT('',(6.175348867505,-20.9));
#3098 = CARTESIAN_POINT('',(6.140275398152,-20.9));
#3099 = CARTESIAN_POINT('',(6.106017114474,-20.9));
#3100 = CARTESIAN_POINT('',(6.049860399487,-20.9));
#3101 = CARTESIAN_POINT('',(6.027450787239,-20.9));
#3102 = CARTESIAN_POINT('',(6.005491517939,-20.9));
#3103 = CARTESIAN_POINT('',(5.983989096498,-20.9));
#3104 = CARTESIAN_POINT('',(5.962937767335,-20.9));
#3105 = CARTESIAN_POINT('',(5.901275219596,-20.9));
#3106 = CARTESIAN_POINT('',(5.86198513286,-20.9));
#3107 = CARTESIAN_POINT('',(5.82428678278,-20.9));
#3108 = CARTESIAN_POINT('',(5.788039564505,-20.9));
#3109 = CARTESIAN_POINT('',(5.753090902802,-20.9));
#3110 = CARTESIAN_POINT('',(5.678350261027,-20.9));
#3111 = CARTESIAN_POINT('',(5.639116413692,-20.9));
#3112 = CARTESIAN_POINT('',(5.601296403143,-20.9));
#3113 = CARTESIAN_POINT('',(5.564714239685,-20.9));
#3114 = CARTESIAN_POINT('',(5.529212019844,-20.9));
#3115 = CARTESIAN_POINT('',(5.476178157592,-20.9));
#3116 = CARTESIAN_POINT('',(5.457980393544,-20.9));
#3117 = CARTESIAN_POINT('',(5.440032283947,-20.9));
#3118 = CARTESIAN_POINT('',(5.422316444369,-20.9));
#3119 = CARTESIAN_POINT('',(5.404817334774,-20.9));
#3120 = CARTESIAN_POINT('',(5.387520513322,-20.9));
#3121 = ( GEOMETRIC_REPRESENTATION_CONTEXT(2) 
PARAMETRIC_REPRESENTATION_CONTEXT() REPRESENTATION_CONTEXT('2D SPACE',''
  ) );
#3122 = PCURVE('',#990,#3123);
#3123 = DEFINITIONAL_REPRESENTATION('',(#3124),#3152);
#3124 = B_SPLINE_CURVE_WITH_KNOTS('',6,(#3125,#3126,#3127,#3128,#3129,
    #3130,#3131,#3132,#3133,#3134,#3135,#3136,#3137,#3138,#3139,#3140,
    #3141,#3142,#3143,#3144,#3145,#3146,#3147,#3148,#3149,#3150,#3151),
  .UNSPECIFIED.,.F.,.F.,(7,5,5,5,5,7),(0.,0.179093933348,0.301853997552,
    0.546282957023,0.8420071473,1.),.UNSPECIFIED.);
#3125 = CARTESIAN_POINT('',(0.,-6.));
#3126 = CARTESIAN_POINT('',(0.,-6.126203025231));
#3127 = CARTESIAN_POINT('',(-1.248185696865E-02,-6.252466429234));
#3128 = CARTESIAN_POINT('',(-3.746712491584E-02,-6.377131822344));
#3129 = CARTESIAN_POINT('',(-7.403328990581E-02,-6.499002687632));
#3130 = CARTESIAN_POINT('',(-0.120873812425,-6.617234579295));
#3131 = CARTESIAN_POINT('',(-0.214739038408,-6.809445126544));
#3132 = CARTESIAN_POINT('',(-0.257093592109,-6.885690017448));
#3133 = CARTESIAN_POINT('',(-0.303209775842,-6.959894461159));
#3134 = CARTESIAN_POINT('',(-0.352679747378,-7.032011841132));
#3135 = CARTESIAN_POINT('',(-0.405133829699,-7.102049140086));
#3136 = CARTESIAN_POINT('',(-0.570044334525,-7.305451256994));
#3137 = CARTESIAN_POINT('',(-0.69036567137,-7.432689141802));
#3138 = CARTESIAN_POINT('',(-0.818896852525,-7.552280058075));
#3139 = CARTESIAN_POINT('',(-0.953872033029,-7.664753354284));
#3140 = CARTESIAN_POINT('',(-1.094030934352,-7.770702564278));
#3141 = CARTESIAN_POINT('',(-1.413621839221,-7.991792105865));
#3142 = CARTESIAN_POINT('',(-1.594969838569,-8.10409062556));
#3143 = CARTESIAN_POINT('',(-1.781239035047,-8.208663368052));
#3144 = CARTESIAN_POINT('',(-1.9714199716,-8.306211281334));
#3145 = CARTESIAN_POINT('',(-2.164794359873,-8.397358085571));
#3146 = CARTESIAN_POINT('',(-2.465740199869,-8.528197210579));
#3147 = CARTESIAN_POINT('',(-2.571312926824,-8.572076651273));
#3148 = CARTESIAN_POINT('',(-2.677586348851,-8.614351764713));
#3149 = CARTESIAN_POINT('',(-2.784494494222,-8.655089638338));
#3150 = CARTESIAN_POINT('',(-2.891981384649,-8.694349827372));
#3151 = CARTESIAN_POINT('',(-3.,-8.732186624299));
#3152 = ( GEOMETRIC_REPRESENTATION_CONTEXT(2) 
PARAMETRIC_REPRESENTATION_CONTEXT() REPRESENTATION_CONTEXT('2D SPACE',''
  ) );
#3153 = ORIENTED_EDGE('',*,*,#3154,.F.);
#3154 = EDGE_CURVE('',#3155,#3060,#3157,.T.);
#3155 = VERTEX_POINT('',#3156);
#3156 = CARTESIAN_POINT('',(5.1,6.,8.));
#3157 = SURFACE_CURVE('',#3158,(#3162,#3169),.PCURVE_S1.);
#3158 = LINE('',#3159,#3160);
#3159 = CARTESIAN_POINT('',(-2.,6.,8.));
#3160 = VECTOR('',#3161,1.);
#3161 = DIRECTION('',(1.,0.,0.));
#3162 = PCURVE('',#637,#3163);
#3163 = DEFINITIONAL_REPRESENTATION('',(#3164),#3168);
#3164 = LINE('',#3165,#3166);
#3165 = CARTESIAN_POINT('',(6.28318530718,0.));
#3166 = VECTOR('',#3167,1.);
#3167 = DIRECTION('',(0.,-1.));
#3168 = ( GEOMETRIC_REPRESENTATION_CONTEXT(2) 
PARAMETRIC_REPRESENTATION_CONTEXT() REPRESENTATION_CONTEXT('2D SPACE',''
  ) );
#3169 = PCURVE('',#3170,#3175);
#3170 = PLANE('',#3171);
#3171 = AXIS2_PLACEMENT_3D('',#3172,#3173,#3174);
#3172 = CARTESIAN_POINT('',(-2.,6.,8.));
#3173 = DIRECTION('',(0.,0.,-1.));
#3174 = DIRECTION('',(0.,-1.,0.));
#3175 = DEFINITIONAL_REPRESENTATION('',(#3176),#3180);
#3176 = LINE('',#3177,#3178);
#3177 = CARTESIAN_POINT('',(-8.881784197001E-16,-0.));
#3178 = VECTOR('',#3179,1.);
#3179 = DIRECTION('',(0.,-1.));
#3180 = ( GEOMETRIC_REPRESENTATION_CONTEXT(2) 
PARAMETRIC_REPRESENTATION_CONTEXT() REPRESENTATION_CONTEXT('2D SPACE',''
  ) );
#3181 = ORIENTED_EDGE('',*,*,#3182,.T.);
#3182 = EDGE_CURVE('',#3155,#3183,#3185,.T.);
#3183 = VERTEX_POINT('',#3184);
#3184 = CARTESIAN_POINT('',(5.1,8.732186624299,5.));
#3185 = SURFACE_CURVE('',#3186,(#3214,#3245),.PCURVE_S1.);
#3186 = B_SPLINE_CURVE_WITH_KNOTS('',6,(#3187,#3188,#3189,#3190,#3191,
    #3192,#3193,#3194,#3195,#3196,#3197,#3198,#3199,#3200,#3201,#3202,
    #3203,#3204,#3205,#3206,#3207,#3208,#3209,#3210,#3211,#3212,#3213),
  .UNSPECIFIED.,.F.,.F.,(7,5,5,5,5,7),(0.,0.179093933348,0.301853997552,
    0.546282957023,0.8420071473,1.),.UNSPECIFIED.);
#3187 = CARTESIAN_POINT('',(5.1,6.,8.));
#3188 = CARTESIAN_POINT('',(5.1,6.126203025231,8.));
#3189 = CARTESIAN_POINT('',(5.1,6.252466429234,7.987518143031));
#3190 = CARTESIAN_POINT('',(5.1,6.377131822344,7.962532875084));
#3191 = CARTESIAN_POINT('',(5.1,6.499002687632,7.925966710094));
#3192 = CARTESIAN_POINT('',(5.1,6.617234579295,7.879126187575));
#3193 = CARTESIAN_POINT('',(5.1,6.809445126544,7.785260961592));
#3194 = CARTESIAN_POINT('',(5.1,6.885690017448,7.742906407891));
#3195 = CARTESIAN_POINT('',(5.1,6.959894461159,7.696790224158));
#3196 = CARTESIAN_POINT('',(5.1,7.032011841132,7.647320252622));
#3197 = CARTESIAN_POINT('',(5.1,7.102049140086,7.594866170301));
#3198 = CARTESIAN_POINT('',(5.1,7.305451256994,7.429955665475));
#3199 = CARTESIAN_POINT('',(5.1,7.432689141802,7.30963432863));
#3200 = CARTESIAN_POINT('',(5.1,7.552280058075,7.181103147475));
#3201 = CARTESIAN_POINT('',(5.1,7.664753354284,7.046127966971));
#3202 = CARTESIAN_POINT('',(5.1,7.770702564278,6.905969065648));
#3203 = CARTESIAN_POINT('',(5.1,7.991792105865,6.586378160779));
#3204 = CARTESIAN_POINT('',(5.1,8.10409062556,6.405030161431));
#3205 = CARTESIAN_POINT('',(5.1,8.208663368052,6.218760964953));
#3206 = CARTESIAN_POINT('',(5.1,8.306211281334,6.0285800284));
#3207 = CARTESIAN_POINT('',(5.1,8.397358085571,5.835205640127));
#3208 = CARTESIAN_POINT('',(5.1,8.528197210579,5.534259800131));
#3209 = CARTESIAN_POINT('',(5.1,8.572076651273,5.428687073176));
#3210 = CARTESIAN_POINT('',(5.1,8.614351764713,5.322413651149));
#3211 = CARTESIAN_POINT('',(5.1,8.655089638338,5.215505505778));
#3212 = CARTESIAN_POINT('',(5.1,8.694349827372,5.108018615351));
#3213 = CARTESIAN_POINT('',(5.1,8.732186624299,5.));
#3214 = PCURVE('',#637,#3215);
#3215 = DEFINITIONAL_REPRESENTATION('',(#3216),#3244);
#3216 = B_SPLINE_CURVE_WITH_KNOTS('',6,(#3217,#3218,#3219,#3220,#3221,
    #3222,#3223,#3224,#3225,#3226,#3227,#3228,#3229,#3230,#3231,#3232,
    #3233,#3234,#3235,#3236,#3237,#3238,#3239,#3240,#3241,#3242,#3243),
  .UNSPECIFIED.,.F.,.F.,(7,5,5,5,5,7),(0.,0.179093933348,0.301853997552,
    0.546282957023,0.8420071473,1.),.UNSPECIFIED.);
#3217 = CARTESIAN_POINT('',(6.28318530718,-7.1));
#3218 = CARTESIAN_POINT('',(6.247127299971,-7.1));
#3219 = CARTESIAN_POINT('',(6.211052068261,-7.1));
#3220 = CARTESIAN_POINT('',(6.175348867505,-7.1));
#3221 = CARTESIAN_POINT('',(6.140275398152,-7.1));
#3222 = CARTESIAN_POINT('',(6.106017114474,-7.1));
#3223 = CARTESIAN_POINT('',(6.049860399487,-7.1));
#3224 = CARTESIAN_POINT('',(6.027450787239,-7.1));
#3225 = CARTESIAN_POINT('',(6.005491517939,-7.1));
#3226 = CARTESIAN_POINT('',(5.983989096498,-7.1));
#3227 = CARTESIAN_POINT('',(5.962937767335,-7.1));
#3228 = CARTESIAN_POINT('',(5.901275219596,-7.1));
#3229 = CARTESIAN_POINT('',(5.86198513286,-7.1));
#3230 = CARTESIAN_POINT('',(5.82428678278,-7.1));
#3231 = CARTESIAN_POINT('',(5.788039564505,-7.1));
#3232 = CARTESIAN_POINT('',(5.753090902802,-7.1));
#3233 = CARTESIAN_POINT('',(5.678350261027,-7.1));
#3234 = CARTESIAN_POINT('',(5.639116413692,-7.1));
#3235 = CARTESIAN_POINT('',(5.601296403143,-7.1));
#3236 = CARTESIAN_POINT('',(5.564714239685,-7.1));
#3237 = CARTESIAN_POINT('',(5.529212019844,-7.1));
#3238 = CARTESIAN_POINT('',(5.476178157592,-7.1));
#3239 = CARTESIAN_POINT('',(5.457980393544,-7.1));
#3240 = CARTESIAN_POINT('',(5.440032283947,-7.1));
#3241 = CARTESIAN_POINT('',(5.422316444369,-7.1));
#3242 = CARTESIAN_POINT('',(5.404817334774,-7.1));
#3243 = CARTESIAN_POINT('',(5.387520513322,-7.1));
#3244 = ( GEOMETRIC_REPRESENTATION_CONTEXT(2) 
PARAMETRIC_REPRESENTATION_CONTEXT() REPRESENTATION_CONTEXT('2D SPACE',''
  ) );
#3245 = PCURVE('',#874,#3246);
#3246 = DEFINITIONAL_REPRESENTATION('',(#3247),#3275);
#3247 = B_SPLINE_CURVE_WITH_KNOTS('',6,(#3248,#3249,#3250,#3251,#3252,
    #3253,#3254,#3255,#3256,#3257,#3258,#3259,#3260,#3261,#3262,#3263,
    #3264,#3265,#3266,#3267,#3268,#3269,#3270,#3271,#3272,#3273,#3274),
  .UNSPECIFIED.,.F.,.F.,(7,5,5,5,5,7),(0.,0.179093933348,0.301853997552,
    0.546282957023,0.8420071473,1.),.UNSPECIFIED.);
#3248 = CARTESIAN_POINT('',(0.,-6.));
#3249 = CARTESIAN_POINT('',(0.,-6.126203025231));
#3250 = CARTESIAN_POINT('',(-1.248185696865E-02,-6.252466429234));
#3251 = CARTESIAN_POINT('',(-3.746712491584E-02,-6.377131822344));
#3252 = CARTESIAN_POINT('',(-7.403328990581E-02,-6.499002687632));
#3253 = CARTESIAN_POINT('',(-0.120873812425,-6.617234579295));
#3254 = CARTESIAN_POINT('',(-0.214739038408,-6.809445126544));
#3255 = CARTESIAN_POINT('',(-0.257093592109,-6.885690017448));
#3256 = CARTESIAN_POINT('',(-0.303209775842,-6.959894461159));
#3257 = CARTESIAN_POINT('',(-0.352679747378,-7.032011841132));
#3258 = CARTESIAN_POINT('',(-0.405133829699,-7.102049140086));
#3259 = CARTESIAN_POINT('',(-0.570044334525,-7.305451256994));
#3260 = CARTESIAN_POINT('',(-0.69036567137,-7.432689141802));
#3261 = CARTESIAN_POINT('',(-0.818896852525,-7.552280058075));
#3262 = CARTESIAN_POINT('',(-0.953872033029,-7.664753354284));
#3263 = CARTESIAN_POINT('',(-1.094030934352,-7.770702564278));
#3264 = CARTESIAN_POINT('',(-1.413621839221,-7.991792105865));
#3265 = CARTESIAN_POINT('',(-1.594969838569,-8.10409062556));
#3266 = CARTESIAN_POINT('',(-1.781239035047,-8.208663368052));
#3267 = CARTESIAN_POINT('',(-1.9714199716,-8.306211281334));
#3268 = CARTESIAN_POINT('',(-2.164794359873,-8.397358085571));
#3269 = CARTESIAN_POINT('',(-2.465740199869,-8.528197210579));
#3270 = CARTESIAN_POINT('',(-2.571312926824,-8.572076651273));
#3271 = CARTESIAN_POINT('',(-2.677586348851,-8.614351764713));
#3272 = CARTESIAN_POINT('',(-2.784494494222,-8.655089638338));
#3273 = CARTESIAN_POINT('',(-2.891981384649,-8.694349827372));
#3274 = CARTESIAN_POINT('',(-3.,-8.732186624299));
#3275 = ( GEOMETRIC_REPRESENTATION_CONTEXT(2) 
PARAMETRIC_REPRESENTATION_CONTEXT() REPRESENTATION_CONTEXT('2D SPACE',''
  ) );
#3276 = ORIENTED_EDGE('',*,*,#3277,.T.);
#3277 = EDGE_CURVE('',#3183,#1882,#3278,.T.);
#3278 = SURFACE_CURVE('',#3279,(#3286,#3296),.PCURVE_S1.);
#3279 = B_SPLINE_CURVE_WITH_KNOTS('',5,(#3280,#3281,#3282,#3283,#3284,
    #3285),.UNSPECIFIED.,.F.,.F.,(6,6),(0.,1.),
  .PIECEWISE_BEZIER_KNOTS.);
#3280 = CARTESIAN_POINT('',(5.1,8.732186624299,5.));
#3281 = CARTESIAN_POINT('',(4.762975335831,8.732186624299,5.));
#3282 = CARTESIAN_POINT('',(3.883888770222,8.732186624299,5.));
#3283 = CARTESIAN_POINT('',(3.142854059807,8.732186624299,5.));
#3284 = CARTESIAN_POINT('',(2.626800705069,8.732186624299,5.));
#3285 = CARTESIAN_POINT('',(1.9,8.732186624299,5.));
#3286 = PCURVE('',#637,#3287);
#3287 = DEFINITIONAL_REPRESENTATION('',(#3288),#3295);
#3288 = B_SPLINE_CURVE_WITH_KNOTS('',5,(#3289,#3290,#3291,#3292,#3293,
    #3294),.UNSPECIFIED.,.F.,.F.,(6,6),(0.,1.),
  .PIECEWISE_BEZIER_KNOTS.);
#3289 = CARTESIAN_POINT('',(5.387520513322,-7.1));
#3290 = CARTESIAN_POINT('',(5.387520513322,-6.762975335831));
#3291 = CARTESIAN_POINT('',(5.387520513322,-5.883888770222));
#3292 = CARTESIAN_POINT('',(5.387520513322,-5.142854059807));
#3293 = CARTESIAN_POINT('',(5.387520513322,-4.626800705069));
#3294 = CARTESIAN_POINT('',(5.387520513322,-3.9));
#3295 = ( GEOMETRIC_REPRESENTATION_CONTEXT(2) 
PARAMETRIC_REPRESENTATION_CONTEXT() REPRESENTATION_CONTEXT('2D SPACE',''
  ) );
#3296 = PCURVE('',#1992,#3297);
#3297 = DEFINITIONAL_REPRESENTATION('',(#3298),#3305);
#3298 = B_SPLINE_CURVE_WITH_KNOTS('',5,(#3299,#3300,#3301,#3302,#3303,
    #3304),.UNSPECIFIED.,.F.,.F.,(6,6),(0.,1.),
  .PIECEWISE_BEZIER_KNOTS.);
#3299 = CARTESIAN_POINT('',(19.262186624299,-3.2));
#3300 = CARTESIAN_POINT('',(19.262186624299,-2.862975335831));
#3301 = CARTESIAN_POINT('',(19.262186624299,-1.983888770222));
#3302 = CARTESIAN_POINT('',(19.262186624299,-1.242854059807));
#3303 = CARTESIAN_POINT('',(19.262186624299,-0.726800705069));
#3304 = CARTESIAN_POINT('',(19.262186624299,0.));
#3305 = ( GEOMETRIC_REPRESENTATION_CONTEXT(2) 
PARAMETRIC_REPRESENTATION_CONTEXT() REPRESENTATION_CONTEXT('2D SPACE',''
  ) );
#3306 = ORIENTED_EDGE('',*,*,#1881,.F.);
#3307 = ADVANCED_FACE('',(#3308),#530,.T.);
#3308 = FACE_BOUND('',#3309,.T.);
#3309 = EDGE_LOOP('',(#3310,#3311,#3312,#3331));
#3310 = ORIENTED_EDGE('',*,*,#2730,.T.);
#3311 = ORIENTED_EDGE('',*,*,#1860,.T.);
#3312 = ORIENTED_EDGE('',*,*,#3313,.F.);
#3313 = EDGE_CURVE('',#488,#1840,#3314,.T.);
#3314 = SURFACE_CURVE('',#3315,(#3319,#3325),.PCURVE_S1.);
#3315 = LINE('',#3316,#3317);
#3316 = CARTESIAN_POINT('',(-1.,1.1,8.));
#3317 = VECTOR('',#3318,1.);
#3318 = DIRECTION('',(1.,-0.,0.));
#3319 = PCURVE('',#530,#3320);
#3320 = DEFINITIONAL_REPRESENTATION('',(#3321),#3324);
#3321 = B_SPLINE_CURVE_WITH_KNOTS('',1,(#3322,#3323),.UNSPECIFIED.,.F.,
  .F.,(2,2),(1.,6.),.PIECEWISE_BEZIER_KNOTS.);
#3322 = CARTESIAN_POINT('',(4.9,-2.));
#3323 = CARTESIAN_POINT('',(4.9,-7.));
#3324 = ( GEOMETRIC_REPRESENTATION_CONTEXT(2) 
PARAMETRIC_REPRESENTATION_CONTEXT() REPRESENTATION_CONTEXT('2D SPACE',''
  ) );
#3325 = PCURVE('',#503,#3326);
#3326 = DEFINITIONAL_REPRESENTATION('',(#3327),#3330);
#3327 = B_SPLINE_CURVE_WITH_KNOTS('',1,(#3328,#3329),.UNSPECIFIED.,.F.,
  .F.,(2,2),(1.,6.),.PIECEWISE_BEZIER_KNOTS.);
#3328 = CARTESIAN_POINT('',(0.4,0.));
#3329 = CARTESIAN_POINT('',(0.4,5.));
#3330 = ( GEOMETRIC_REPRESENTATION_CONTEXT(2) 
PARAMETRIC_REPRESENTATION_CONTEXT() REPRESENTATION_CONTEXT('2D SPACE',''
  ) );
#3331 = ORIENTED_EDGE('',*,*,#515,.T.);
#3332 = ADVANCED_FACE('',(#3333),#503,.F.);
#3333 = FACE_BOUND('',#3334,.F.);
#3334 = EDGE_LOOP('',(#3335,#3336,#3337,#3358));
#3335 = ORIENTED_EDGE('',*,*,#3313,.F.);
#3336 = ORIENTED_EDGE('',*,*,#487,.T.);
#3337 = ORIENTED_EDGE('',*,*,#3338,.T.);
#3338 = EDGE_CURVE('',#460,#1819,#3339,.T.);
#3339 = SURFACE_CURVE('',#3340,(#3344,#3351),.PCURVE_S1.);
#3340 = LINE('',#3341,#3342);
#3341 = CARTESIAN_POINT('',(0.,1.1,9.2));
#3342 = VECTOR('',#3343,1.);
#3343 = DIRECTION('',(1.,0.,0.));
#3344 = PCURVE('',#503,#3345);
#3345 = DEFINITIONAL_REPRESENTATION('',(#3346),#3350);
#3346 = LINE('',#3347,#3348);
#3347 = CARTESIAN_POINT('',(1.6,0.));
#3348 = VECTOR('',#3349,1.);
#3349 = DIRECTION('',(0.,1.));
#3350 = ( GEOMETRIC_REPRESENTATION_CONTEXT(2) 
PARAMETRIC_REPRESENTATION_CONTEXT() REPRESENTATION_CONTEXT('2D SPACE',''
  ) );
#3351 = PCURVE('',#475,#3352);
#3352 = DEFINITIONAL_REPRESENTATION('',(#3353),#3357);
#3353 = LINE('',#3354,#3355);
#3354 = CARTESIAN_POINT('',(0.,2.2));
#3355 = VECTOR('',#3356,1.);
#3356 = DIRECTION('',(1.,0.));
#3357 = ( GEOMETRIC_REPRESENTATION_CONTEXT(2) 
PARAMETRIC_REPRESENTATION_CONTEXT() REPRESENTATION_CONTEXT('2D SPACE',''
  ) );
#3358 = ORIENTED_EDGE('',*,*,#1839,.T.);
#3359 = ADVANCED_FACE('',(#3360),#475,.F.);
#3360 = FACE_BOUND('',#3361,.F.);
#3361 = EDGE_LOOP('',(#3362,#3363,#3364,#3385));
#3362 = ORIENTED_EDGE('',*,*,#3338,.F.);
#3363 = ORIENTED_EDGE('',*,*,#459,.F.);
#3364 = ORIENTED_EDGE('',*,*,#3365,.T.);
#3365 = EDGE_CURVE('',#432,#1798,#3366,.T.);
#3366 = SURFACE_CURVE('',#3367,(#3371,#3378),.PCURVE_S1.);
#3367 = LINE('',#3368,#3369);
#3368 = CARTESIAN_POINT('',(0.,-1.1,9.2));
#3369 = VECTOR('',#3370,1.);
#3370 = DIRECTION('',(1.,0.,0.));
#3371 = PCURVE('',#475,#3372);
#3372 = DEFINITIONAL_REPRESENTATION('',(#3373),#3377);
#3373 = LINE('',#3374,#3375);
#3374 = CARTESIAN_POINT('',(0.,0.));
#3375 = VECTOR('',#3376,1.);
#3376 = DIRECTION('',(1.,0.));
#3377 = ( GEOMETRIC_REPRESENTATION_CONTEXT(2) 
PARAMETRIC_REPRESENTATION_CONTEXT() REPRESENTATION_CONTEXT('2D SPACE',''
  ) );
#3378 = PCURVE('',#447,#3379);
#3379 = DEFINITIONAL_REPRESENTATION('',(#3380),#3384);
#3380 = LINE('',#3381,#3382);
#3381 = CARTESIAN_POINT('',(1.6,0.));
#3382 = VECTOR('',#3383,1.);
#3383 = DIRECTION('',(0.,1.));
#3384 = ( GEOMETRIC_REPRESENTATION_CONTEXT(2) 
PARAMETRIC_REPRESENTATION_CONTEXT() REPRESENTATION_CONTEXT('2D SPACE',''
  ) );
#3385 = ORIENTED_EDGE('',*,*,#1818,.T.);
#3386 = ADVANCED_FACE('',(#3387),#447,.T.);
#3387 = FACE_BOUND('',#3388,.T.);
#3388 = EDGE_LOOP('',(#3389,#3408,#3409,#3410));
#3389 = ORIENTED_EDGE('',*,*,#3390,.F.);
#3390 = EDGE_CURVE('',#406,#1777,#3391,.T.);
#3391 = SURFACE_CURVE('',#3392,(#3396,#3402),.PCURVE_S1.);
#3392 = LINE('',#3393,#3394);
#3393 = CARTESIAN_POINT('',(-1.,-1.1,8.));
#3394 = VECTOR('',#3395,1.);
#3395 = DIRECTION('',(1.,-0.,0.));
#3396 = PCURVE('',#447,#3397);
#3397 = DEFINITIONAL_REPRESENTATION('',(#3398),#3401);
#3398 = B_SPLINE_CURVE_WITH_KNOTS('',1,(#3399,#3400),.UNSPECIFIED.,.F.,
  .F.,(2,2),(1.,6.),.PIECEWISE_BEZIER_KNOTS.);
#3399 = CARTESIAN_POINT('',(0.4,0.));
#3400 = CARTESIAN_POINT('',(0.4,5.));
#3401 = ( GEOMETRIC_REPRESENTATION_CONTEXT(2) 
PARAMETRIC_REPRESENTATION_CONTEXT() REPRESENTATION_CONTEXT('2D SPACE',''
  ) );
#3402 = PCURVE('',#420,#3403);
#3403 = DEFINITIONAL_REPRESENTATION('',(#3404),#3407);
#3404 = B_SPLINE_CURVE_WITH_KNOTS('',1,(#3405,#3406),.UNSPECIFIED.,.F.,
  .F.,(2,2),(1.,6.),.PIECEWISE_BEZIER_KNOTS.);
#3405 = CARTESIAN_POINT('',(7.1,-2.));
#3406 = CARTESIAN_POINT('',(7.1,-7.));
#3407 = ( GEOMETRIC_REPRESENTATION_CONTEXT(2) 
PARAMETRIC_REPRESENTATION_CONTEXT() REPRESENTATION_CONTEXT('2D SPACE',''
  ) );
#3408 = ORIENTED_EDGE('',*,*,#431,.T.);
#3409 = ORIENTED_EDGE('',*,*,#3365,.T.);
#3410 = ORIENTED_EDGE('',*,*,#1797,.T.);
#3411 = ADVANCED_FACE('',(#3412),#420,.T.);
#3412 = FACE_BOUND('',#3413,.T.);
#3413 = EDGE_LOOP('',(#3414,#3435,#3436,#3437));
#3414 = ORIENTED_EDGE('',*,*,#3415,.F.);
#3415 = EDGE_CURVE('',#270,#1697,#3416,.T.);
#3416 = SURFACE_CURVE('',#3417,(#3421,#3428),.PCURVE_S1.);
#3417 = LINE('',#3418,#3419);
#3418 = CARTESIAN_POINT('',(-2.,-6.,8.));
#3419 = VECTOR('',#3420,1.);
#3420 = DIRECTION('',(1.,0.,0.));
#3421 = PCURVE('',#420,#3422);
#3422 = DEFINITIONAL_REPRESENTATION('',(#3423),#3427);
#3423 = LINE('',#3424,#3425);
#3424 = CARTESIAN_POINT('',(12.,0.));
#3425 = VECTOR('',#3426,1.);
#3426 = DIRECTION('',(0.,-1.));
#3427 = ( GEOMETRIC_REPRESENTATION_CONTEXT(2) 
PARAMETRIC_REPRESENTATION_CONTEXT() REPRESENTATION_CONTEXT('2D SPACE',''
  ) );
#3428 = PCURVE('',#355,#3429);
#3429 = DEFINITIONAL_REPRESENTATION('',(#3430),#3434);
#3430 = LINE('',#3431,#3432);
#3431 = CARTESIAN_POINT('',(0.,0.));
#3432 = VECTOR('',#3433,1.);
#3433 = DIRECTION('',(0.,-1.));
#3434 = ( GEOMETRIC_REPRESENTATION_CONTEXT(2) 
PARAMETRIC_REPRESENTATION_CONTEXT() REPRESENTATION_CONTEXT('2D SPACE',''
  ) );
#3435 = ORIENTED_EDGE('',*,*,#405,.T.);
#3436 = ORIENTED_EDGE('',*,*,#3390,.T.);
#3437 = ORIENTED_EDGE('',*,*,#1776,.T.);
#3438 = ADVANCED_FACE('',(#3439),#355,.T.);
#3439 = FACE_BOUND('',#3440,.T.);
#3440 = EDGE_LOOP('',(#3441,#3464,#3465,#3466,#3467,#3499,#3579,#3607,
    #3687,#3724,#3804,#3827));
#3441 = ORIENTED_EDGE('',*,*,#3442,.F.);
#3442 = EDGE_CURVE('',#243,#3443,#3445,.T.);
#3443 = VERTEX_POINT('',#3444);
#3444 = CARTESIAN_POINT('',(24.,-9.5,0.));
#3445 = SURFACE_CURVE('',#3446,(#3450,#3457),.PCURVE_S1.);
#3446 = LINE('',#3447,#3448);
#3447 = CARTESIAN_POINT('',(-2.,-9.5,0.));
#3448 = VECTOR('',#3449,1.);
#3449 = DIRECTION('',(1.,0.,0.));
#3450 = PCURVE('',#355,#3451);
#3451 = DEFINITIONAL_REPRESENTATION('',(#3452),#3456);
#3452 = LINE('',#3453,#3454);
#3453 = CARTESIAN_POINT('',(1.570796326795,0.));
#3454 = VECTOR('',#3455,1.);
#3455 = DIRECTION('',(0.,-1.));
#3456 = ( GEOMETRIC_REPRESENTATION_CONTEXT(2) 
PARAMETRIC_REPRESENTATION_CONTEXT() REPRESENTATION_CONTEXT('2D SPACE',''
  ) );
#3457 = PCURVE('',#257,#3458);
#3458 = DEFINITIONAL_REPRESENTATION('',(#3459),#3463);
#3459 = LINE('',#3460,#3461);
#3460 = CARTESIAN_POINT('',(70.,62.5));
#3461 = VECTOR('',#3462,1.);
#3462 = DIRECTION('',(1.,0.));
#3463 = ( GEOMETRIC_REPRESENTATION_CONTEXT(2) 
PARAMETRIC_REPRESENTATION_CONTEXT() REPRESENTATION_CONTEXT('2D SPACE',''
  ) );
#3464 = ORIENTED_EDGE('',*,*,#269,.T.);
#3465 = ORIENTED_EDGE('',*,*,#3415,.T.);
#3466 = ORIENTED_EDGE('',*,*,#1696,.F.);
#3467 = ORIENTED_EDGE('',*,*,#3468,.F.);
#3468 = EDGE_CURVE('',#3469,#1669,#3471,.T.);
#3469 = VERTEX_POINT('',#3470);
#3470 = CARTESIAN_POINT('',(5.1,-8.732186624299,5.));
#3471 = SURFACE_CURVE('',#3472,(#3479,#3489),.PCURVE_S1.);
#3472 = B_SPLINE_CURVE_WITH_KNOTS('',5,(#3473,#3474,#3475,#3476,#3477,
    #3478),.UNSPECIFIED.,.F.,.F.,(6,6),(0.,1.),
  .PIECEWISE_BEZIER_KNOTS.);
#3473 = CARTESIAN_POINT('',(5.1,-8.732186624299,5.));
#3474 = CARTESIAN_POINT('',(4.762975335831,-8.732186624299,5.));
#3475 = CARTESIAN_POINT('',(3.883888770222,-8.732186624299,5.));
#3476 = CARTESIAN_POINT('',(3.142854059807,-8.732186624299,5.));
#3477 = CARTESIAN_POINT('',(2.626800705069,-8.732186624299,5.));
#3478 = CARTESIAN_POINT('',(1.9,-8.732186624299,5.));
#3479 = PCURVE('',#355,#3480);
#3480 = DEFINITIONAL_REPRESENTATION('',(#3481),#3488);
#3481 = B_SPLINE_CURVE_WITH_KNOTS('',5,(#3482,#3483,#3484,#3485,#3486,
    #3487),.UNSPECIFIED.,.F.,.F.,(6,6),(0.,1.),
  .PIECEWISE_BEZIER_KNOTS.);
#3482 = CARTESIAN_POINT('',(0.895664793858,-7.1));
#3483 = CARTESIAN_POINT('',(0.895664793858,-6.762975335831));
#3484 = CARTESIAN_POINT('',(0.895664793858,-5.883888770222));
#3485 = CARTESIAN_POINT('',(0.895664793858,-5.142854059807));
#3486 = CARTESIAN_POINT('',(0.895664793858,-4.626800705069));
#3487 = CARTESIAN_POINT('',(0.895664793858,-3.9));
#3488 = ( GEOMETRIC_REPRESENTATION_CONTEXT(2) 
PARAMETRIC_REPRESENTATION_CONTEXT() REPRESENTATION_CONTEXT('2D SPACE',''
  ) );
#3489 = PCURVE('',#1684,#3490);
#3490 = DEFINITIONAL_REPRESENTATION('',(#3491),#3498);
#3491 = B_SPLINE_CURVE_WITH_KNOTS('',5,(#3492,#3493,#3494,#3495,#3496,
    #3497),.UNSPECIFIED.,.F.,.F.,(6,6),(0.,1.),
  .PIECEWISE_BEZIER_KNOTS.);
#3492 = CARTESIAN_POINT('',(1.797813375701,-3.2));
#3493 = CARTESIAN_POINT('',(1.797813375701,-2.862975335831));
#3494 = CARTESIAN_POINT('',(1.797813375701,-1.983888770222));
#3495 = CARTESIAN_POINT('',(1.797813375701,-1.242854059807));
#3496 = CARTESIAN_POINT('',(1.797813375701,-0.726800705069));
#3497 = CARTESIAN_POINT('',(1.797813375701,0.));
#3498 = ( GEOMETRIC_REPRESENTATION_CONTEXT(2) 
PARAMETRIC_REPRESENTATION_CONTEXT() REPRESENTATION_CONTEXT('2D SPACE',''
  ) );
#3499 = ORIENTED_EDGE('',*,*,#3500,.T.);
#3500 = EDGE_CURVE('',#3469,#3501,#3503,.T.);
#3501 = VERTEX_POINT('',#3502);
#3502 = CARTESIAN_POINT('',(5.1,-6.,8.));
#3503 = SURFACE_CURVE('',#3504,(#3527,#3553),.PCURVE_S1.);
#3504 = B_SPLINE_CURVE_WITH_KNOTS('',6,(#3505,#3506,#3507,#3508,#3509,
    #3510,#3511,#3512,#3513,#3514,#3515,#3516,#3517,#3518,#3519,#3520,
    #3521,#3522,#3523,#3524,#3525,#3526),.UNSPECIFIED.,.F.,.F.,(7,5,5,5,
    7),(0.,0.337782905588,0.620842547573,0.792498210746,1.),
  .UNSPECIFIED.);
#3505 = CARTESIAN_POINT('',(5.1,-8.732186624299,5.));
#3506 = CARTESIAN_POINT('',(5.1,-8.65129550266,5.230932522389));
#3507 = CARTESIAN_POINT('',(5.1,-8.563913746089,5.459389177269));
#3508 = CARTESIAN_POINT('',(5.1,-8.469493739306,5.684992151005));
#3509 = CARTESIAN_POINT('',(5.1,-8.367366206713,5.907085334031));
#3510 = CARTESIAN_POINT('',(5.1,-8.256753479127,6.124742967621));
#3511 = CARTESIAN_POINT('',(5.1,-8.035684169582,6.514158403062));
#3512 = CARTESIAN_POINT('',(5.1,-7.928177565889,6.687509620489));
#3513 = CARTESIAN_POINT('',(5.1,-7.813208735281,6.856012684967));
#3514 = CARTESIAN_POINT('',(5.1,-7.68997405562,7.018412164347));
#3515 = CARTESIAN_POINT('',(5.1,-7.55766596154,7.172897506504));
#3516 = CARTESIAN_POINT('',(5.1,-7.328808616925,7.404158703416));
#3517 = CARTESIAN_POINT('',(5.1,-7.238727148118,7.487541173801));
#3518 = CARTESIAN_POINT('',(5.1,-7.144733091486,7.566417728696));
#3519 = CARTESIAN_POINT('',(5.1,-7.046682538392,7.639980951399));
#3520 = CARTESIAN_POINT('',(5.1,-6.944535177464,7.707229917929));
#3521 = CARTESIAN_POINT('',(5.1,-6.710158571663,7.839409870243));
#3522 = CARTESIAN_POINT('',(5.1,-6.575954294845,7.901008356469));
#3523 = CARTESIAN_POINT('',(5.1,-6.436404061581,7.949674433473));
#3524 = CARTESIAN_POINT('',(5.1,-6.292599967653,7.983235323564));
#3525 = CARTESIAN_POINT('',(5.1,-6.146259140703,8.));
#3526 = CARTESIAN_POINT('',(5.1,-6.,8.));
#3527 = PCURVE('',#355,#3528);
#3528 = DEFINITIONAL_REPRESENTATION('',(#3529),#3552);
#3529 = B_SPLINE_CURVE_WITH_KNOTS('',6,(#3530,#3531,#3532,#3533,#3534,
    #3535,#3536,#3537,#3538,#3539,#3540,#3541,#3542,#3543,#3544,#3545,
    #3546,#3547,#3548,#3549,#3550,#3551),.UNSPECIFIED.,.F.,.F.,(7,5,5,5,
    7),(0.,0.337782905588,0.620842547573,0.792498210746,1.),
  .UNSPECIFIED.);
#3530 = CARTESIAN_POINT('',(0.895664793858,-7.1));
#3531 = CARTESIAN_POINT('',(0.858685995394,-7.1));
#3532 = CARTESIAN_POINT('',(0.820789651891,-7.1));
#3533 = CARTESIAN_POINT('',(0.781824438509,-7.1));
#3534 = CARTESIAN_POINT('',(0.741619289198,-7.1));
#3535 = CARTESIAN_POINT('',(0.699978844848,-7.1));
#3536 = CARTESIAN_POINT('',(0.620235725643,-7.1));
#3537 = CARTESIAN_POINT('',(0.582678894165,-7.1));
#3538 = CARTESIAN_POINT('',(0.543717291512,-7.1));
#3539 = CARTESIAN_POINT('',(0.503147676005,-7.1));
#3540 = CARTESIAN_POINT('',(0.460765185155,-7.1));
#3541 = CARTESIAN_POINT('',(0.389272400469,-7.1));
#3542 = CARTESIAN_POINT('',(0.361518255953,-7.1));
#3543 = CARTESIAN_POINT('',(0.332933987124,-7.1));
#3544 = CARTESIAN_POINT('',(0.303477601533,-7.1));
#3545 = CARTESIAN_POINT('',(0.273128711694,-7.1));
#3546 = CARTESIAN_POINT('',(0.204155747301,-7.1));
#3547 = CARTESIAN_POINT('',(0.165083706571,-7.1));
#3548 = CARTESIAN_POINT('',(0.124818562602,-7.1));
#3549 = CARTESIAN_POINT('',(8.359990535268E-02,-7.1));
#3550 = CARTESIAN_POINT('',(4.178832591514E-02,-7.1));
#3551 = CARTESIAN_POINT('',(0.,-7.1));
#3552 = ( GEOMETRIC_REPRESENTATION_CONTEXT(2) 
PARAMETRIC_REPRESENTATION_CONTEXT() REPRESENTATION_CONTEXT('2D SPACE',''
  ) );
#3553 = PCURVE('',#874,#3554);
#3554 = DEFINITIONAL_REPRESENTATION('',(#3555),#3578);
#3555 = B_SPLINE_CURVE_WITH_KNOTS('',6,(#3556,#3557,#3558,#3559,#3560,
    #3561,#3562,#3563,#3564,#3565,#3566,#3567,#3568,#3569,#3570,#3571,
    #3572,#3573,#3574,#3575,#3576,#3577),.UNSPECIFIED.,.F.,.F.,(7,5,5,5,
    7),(0.,0.337782905588,0.620842547573,0.792498210746,1.),
  .UNSPECIFIED.);
#3556 = CARTESIAN_POINT('',(-3.,8.732186624299));
#3557 = CARTESIAN_POINT('',(-2.769067477611,8.65129550266));
#3558 = CARTESIAN_POINT('',(-2.540610822731,8.563913746089));
#3559 = CARTESIAN_POINT('',(-2.315007848995,8.469493739306));
#3560 = CARTESIAN_POINT('',(-2.092914665969,8.367366206713));
#3561 = CARTESIAN_POINT('',(-1.875257032379,8.256753479127));
#3562 = CARTESIAN_POINT('',(-1.485841596938,8.035684169582));
#3563 = CARTESIAN_POINT('',(-1.312490379511,7.928177565889));
#3564 = CARTESIAN_POINT('',(-1.143987315033,7.813208735281));
#3565 = CARTESIAN_POINT('',(-0.981587835653,7.68997405562));
#3566 = CARTESIAN_POINT('',(-0.827102493496,7.55766596154));
#3567 = CARTESIAN_POINT('',(-0.595841296584,7.328808616925));
#3568 = CARTESIAN_POINT('',(-0.512458826199,7.238727148118));
#3569 = CARTESIAN_POINT('',(-0.433582271304,7.144733091486));
#3570 = CARTESIAN_POINT('',(-0.360019048601,7.046682538392));
#3571 = CARTESIAN_POINT('',(-0.292770082071,6.944535177464));
#3572 = CARTESIAN_POINT('',(-0.160590129757,6.710158571663));
#3573 = CARTESIAN_POINT('',(-9.899164353072E-02,6.575954294845));
#3574 = CARTESIAN_POINT('',(-5.032556652749E-02,6.436404061581));
#3575 = CARTESIAN_POINT('',(-1.676467643584E-02,6.292599967653));
#3576 = CARTESIAN_POINT('',(0.,6.146259140703));
#3577 = CARTESIAN_POINT('',(0.,6.));
#3578 = ( GEOMETRIC_REPRESENTATION_CONTEXT(2) 
PARAMETRIC_REPRESENTATION_CONTEXT() REPRESENTATION_CONTEXT('2D SPACE',''
  ) );
#3579 = ORIENTED_EDGE('',*,*,#3580,.T.);
#3580 = EDGE_CURVE('',#3501,#3581,#3583,.T.);
#3581 = VERTEX_POINT('',#3582);
#3582 = CARTESIAN_POINT('',(18.9,-6.,8.));
#3583 = SURFACE_CURVE('',#3584,(#3588,#3595),.PCURVE_S1.);
#3584 = LINE('',#3585,#3586);
#3585 = CARTESIAN_POINT('',(-2.,-6.,8.));
#3586 = VECTOR('',#3587,1.);
#3587 = DIRECTION('',(1.,0.,0.));
#3588 = PCURVE('',#355,#3589);
#3589 = DEFINITIONAL_REPRESENTATION('',(#3590),#3594);
#3590 = LINE('',#3591,#3592);
#3591 = CARTESIAN_POINT('',(0.,0.));
#3592 = VECTOR('',#3593,1.);
#3593 = DIRECTION('',(0.,-1.));
#3594 = ( GEOMETRIC_REPRESENTATION_CONTEXT(2) 
PARAMETRIC_REPRESENTATION_CONTEXT() REPRESENTATION_CONTEXT('2D SPACE',''
  ) );
#3595 = PCURVE('',#3596,#3601);
#3596 = PLANE('',#3597);
#3597 = AXIS2_PLACEMENT_3D('',#3598,#3599,#3600);
#3598 = CARTESIAN_POINT('',(-2.,6.,8.));
#3599 = DIRECTION('',(0.,0.,-1.));
#3600 = DIRECTION('',(0.,-1.,0.));
#3601 = DEFINITIONAL_REPRESENTATION('',(#3602),#3606);
#3602 = LINE('',#3603,#3604);
#3603 = CARTESIAN_POINT('',(12.,0.));
#3604 = VECTOR('',#3605,1.);
#3605 = DIRECTION('',(0.,-1.));
#3606 = ( GEOMETRIC_REPRESENTATION_CONTEXT(2) 
PARAMETRIC_REPRESENTATION_CONTEXT() REPRESENTATION_CONTEXT('2D SPACE',''
  ) );
#3607 = ORIENTED_EDGE('',*,*,#3608,.F.);
#3608 = EDGE_CURVE('',#3609,#3581,#3611,.T.);
#3609 = VERTEX_POINT('',#3610);
#3610 = CARTESIAN_POINT('',(18.9,-8.732186624299,5.));
#3611 = SURFACE_CURVE('',#3612,(#3635,#3661),.PCURVE_S1.);
#3612 = B_SPLINE_CURVE_WITH_KNOTS('',6,(#3613,#3614,#3615,#3616,#3617,
    #3618,#3619,#3620,#3621,#3622,#3623,#3624,#3625,#3626,#3627,#3628,
    #3629,#3630,#3631,#3632,#3633,#3634),.UNSPECIFIED.,.F.,.F.,(7,5,5,5,
    7),(0.,0.337782905588,0.620842547573,0.792498210746,1.),
  .UNSPECIFIED.);
#3613 = CARTESIAN_POINT('',(18.9,-8.732186624299,5.));
#3614 = CARTESIAN_POINT('',(18.9,-8.65129550266,5.230932522389));
#3615 = CARTESIAN_POINT('',(18.9,-8.563913746089,5.459389177269));
#3616 = CARTESIAN_POINT('',(18.9,-8.469493739306,5.684992151005));
#3617 = CARTESIAN_POINT('',(18.9,-8.367366206713,5.907085334031));
#3618 = CARTESIAN_POINT('',(18.9,-8.256753479127,6.124742967621));
#3619 = CARTESIAN_POINT('',(18.9,-8.035684169582,6.514158403062));
#3620 = CARTESIAN_POINT('',(18.9,-7.928177565889,6.687509620489));
#3621 = CARTESIAN_POINT('',(18.9,-7.813208735281,6.856012684967));
#3622 = CARTESIAN_POINT('',(18.9,-7.68997405562,7.018412164347));
#3623 = CARTESIAN_POINT('',(18.9,-7.55766596154,7.172897506504));
#3624 = CARTESIAN_POINT('',(18.9,-7.328808616925,7.404158703416));
#3625 = CARTESIAN_POINT('',(18.9,-7.238727148118,7.487541173801));
#3626 = CARTESIAN_POINT('',(18.9,-7.144733091486,7.566417728696));
#3627 = CARTESIAN_POINT('',(18.9,-7.046682538392,7.639980951399));
#3628 = CARTESIAN_POINT('',(18.9,-6.944535177464,7.707229917929));
#3629 = CARTESIAN_POINT('',(18.9,-6.710158571663,7.839409870243));
#3630 = CARTESIAN_POINT('',(18.9,-6.575954294845,7.901008356469));
#3631 = CARTESIAN_POINT('',(18.9,-6.436404061581,7.949674433473));
#3632 = CARTESIAN_POINT('',(18.9,-6.292599967653,7.983235323564));
#3633 = CARTESIAN_POINT('',(18.9,-6.146259140703,8.));
#3634 = CARTESIAN_POINT('',(18.9,-6.,8.));
#3635 = PCURVE('',#355,#3636);
#3636 = DEFINITIONAL_REPRESENTATION('',(#3637),#3660);
#3637 = B_SPLINE_CURVE_WITH_KNOTS('',6,(#3638,#3639,#3640,#3641,#3642,
    #3643,#3644,#3645,#3646,#3647,#3648,#3649,#3650,#3651,#3652,#3653,
    #3654,#3655,#3656,#3657,#3658,#3659),.UNSPECIFIED.,.F.,.F.,(7,5,5,5,
    7),(0.,0.337782905588,0.620842547573,0.792498210746,1.),
  .UNSPECIFIED.);
#3638 = CARTESIAN_POINT('',(0.895664793858,-20.9));
#3639 = CARTESIAN_POINT('',(0.858685995394,-20.9));
#3640 = CARTESIAN_POINT('',(0.820789651891,-20.9));
#3641 = CARTESIAN_POINT('',(0.781824438509,-20.9));
#3642 = CARTESIAN_POINT('',(0.741619289198,-20.9));
#3643 = CARTESIAN_POINT('',(0.699978844848,-20.9));
#3644 = CARTESIAN_POINT('',(0.620235725643,-20.9));
#3645 = CARTESIAN_POINT('',(0.582678894165,-20.9));
#3646 = CARTESIAN_POINT('',(0.543717291512,-20.9));
#3647 = CARTESIAN_POINT('',(0.503147676005,-20.9));
#3648 = CARTESIAN_POINT('',(0.460765185155,-20.9));
#3649 = CARTESIAN_POINT('',(0.389272400469,-20.9));
#3650 = CARTESIAN_POINT('',(0.361518255953,-20.9));
#3651 = CARTESIAN_POINT('',(0.332933987124,-20.9));
#3652 = CARTESIAN_POINT('',(0.303477601533,-20.9));
#3653 = CARTESIAN_POINT('',(0.273128711694,-20.9));
#3654 = CARTESIAN_POINT('',(0.204155747301,-20.9));
#3655 = CARTESIAN_POINT('',(0.165083706571,-20.9));
#3656 = CARTESIAN_POINT('',(0.124818562602,-20.9));
#3657 = CARTESIAN_POINT('',(8.359990535268E-02,-20.9));
#3658 = CARTESIAN_POINT('',(4.178832591514E-02,-20.9));
#3659 = CARTESIAN_POINT('',(0.,-20.9));
#3660 = ( GEOMETRIC_REPRESENTATION_CONTEXT(2) 
PARAMETRIC_REPRESENTATION_CONTEXT() REPRESENTATION_CONTEXT('2D SPACE',''
  ) );
#3661 = PCURVE('',#990,#3662);
#3662 = DEFINITIONAL_REPRESENTATION('',(#3663),#3686);
#3663 = B_SPLINE_CURVE_WITH_KNOTS('',6,(#3664,#3665,#3666,#3667,#3668,
    #3669,#3670,#3671,#3672,#3673,#3674,#3675,#3676,#3677,#3678,#3679,
    #3680,#3681,#3682,#3683,#3684,#3685),.UNSPECIFIED.,.F.,.F.,(7,5,5,5,
    7),(0.,0.337782905588,0.620842547573,0.792498210746,1.),
  .UNSPECIFIED.);
#3664 = CARTESIAN_POINT('',(-3.,8.732186624299));
#3665 = CARTESIAN_POINT('',(-2.769067477611,8.65129550266));
#3666 = CARTESIAN_POINT('',(-2.540610822731,8.563913746089));
#3667 = CARTESIAN_POINT('',(-2.315007848995,8.469493739306));
#3668 = CARTESIAN_POINT('',(-2.092914665969,8.367366206713));
#3669 = CARTESIAN_POINT('',(-1.875257032379,8.256753479127));
#3670 = CARTESIAN_POINT('',(-1.485841596938,8.035684169582));
#3671 = CARTESIAN_POINT('',(-1.312490379511,7.928177565889));
#3672 = CARTESIAN_POINT('',(-1.143987315033,7.813208735281));
#3673 = CARTESIAN_POINT('',(-0.981587835653,7.68997405562));
#3674 = CARTESIAN_POINT('',(-0.827102493496,7.55766596154));
#3675 = CARTESIAN_POINT('',(-0.595841296584,7.328808616925));
#3676 = CARTESIAN_POINT('',(-0.512458826199,7.238727148118));
#3677 = CARTESIAN_POINT('',(-0.433582271304,7.144733091486));
#3678 = CARTESIAN_POINT('',(-0.360019048601,7.046682538392));
#3679 = CARTESIAN_POINT('',(-0.292770082071,6.944535177464));
#3680 = CARTESIAN_POINT('',(-0.160590129757,6.710158571663));
#3681 = CARTESIAN_POINT('',(-9.899164353072E-02,6.575954294845));
#3682 = CARTESIAN_POINT('',(-5.032556652749E-02,6.436404061581));
#3683 = CARTESIAN_POINT('',(-1.676467643584E-02,6.292599967653));
#3684 = CARTESIAN_POINT('',(0.,6.146259140703));
#3685 = CARTESIAN_POINT('',(0.,6.));
#3686 = ( GEOMETRIC_REPRESENTATION_CONTEXT(2) 
PARAMETRIC_REPRESENTATION_CONTEXT() REPRESENTATION_CONTEXT('2D SPACE',''
  ) );
#3687 = ORIENTED_EDGE('',*,*,#3688,.F.);
#3688 = EDGE_CURVE('',#3689,#3609,#3691,.T.);
#3689 = VERTEX_POINT('',#3690);
#3690 = CARTESIAN_POINT('',(22.1,-8.732186624299,5.));
#3691 = SURFACE_CURVE('',#3692,(#3699,#3709),.PCURVE_S1.);
#3692 = B_SPLINE_CURVE_WITH_KNOTS('',5,(#3693,#3694,#3695,#3696,#3697,
    #3698),.UNSPECIFIED.,.F.,.F.,(6,6),(0.,1.),
  .PIECEWISE_BEZIER_KNOTS.);
#3693 = CARTESIAN_POINT('',(22.1,-8.732186624299,5.));
#3694 = CARTESIAN_POINT('',(21.495424863061,-8.732186624299,5.));
#3695 = CARTESIAN_POINT('',(20.867396244205,-8.732186624299,5.));
#3696 = CARTESIAN_POINT('',(20.122666941681,-8.732186624299,5.));
#3697 = CARTESIAN_POINT('',(19.361098788763,-8.732186624299,5.));
#3698 = CARTESIAN_POINT('',(18.9,-8.732186624299,5.));
#3699 = PCURVE('',#355,#3700);
#3700 = DEFINITIONAL_REPRESENTATION('',(#3701),#3708);
#3701 = B_SPLINE_CURVE_WITH_KNOTS('',5,(#3702,#3703,#3704,#3705,#3706,
    #3707),.UNSPECIFIED.,.F.,.F.,(6,6),(0.,1.),
  .PIECEWISE_BEZIER_KNOTS.);
#3702 = CARTESIAN_POINT('',(0.895664793858,-24.1));
#3703 = CARTESIAN_POINT('',(0.895664793858,-23.49542486306));
#3704 = CARTESIAN_POINT('',(0.895664793858,-22.8673962442));
#3705 = CARTESIAN_POINT('',(0.895664793858,-22.12266694168));
#3706 = CARTESIAN_POINT('',(0.895664793858,-21.36109878876));
#3707 = CARTESIAN_POINT('',(0.895664793858,-20.9));
#3708 = ( GEOMETRIC_REPRESENTATION_CONTEXT(2) 
PARAMETRIC_REPRESENTATION_CONTEXT() REPRESENTATION_CONTEXT('2D SPACE',''
  ) );
#3709 = PCURVE('',#3710,#3715);
#3710 = PLANE('',#3711);
#3711 = AXIS2_PLACEMENT_3D('',#3712,#3713,#3714);
#3712 = CARTESIAN_POINT('',(18.9,-10.53,5.));
#3713 = DIRECTION('',(0.,0.,1.));
#3714 = DIRECTION('',(0.,1.,0.));
#3715 = DEFINITIONAL_REPRESENTATION('',(#3716),#3723);
#3716 = B_SPLINE_CURVE_WITH_KNOTS('',5,(#3717,#3718,#3719,#3720,#3721,
    #3722),.UNSPECIFIED.,.F.,.F.,(6,6),(0.,1.),
  .PIECEWISE_BEZIER_KNOTS.);
#3717 = CARTESIAN_POINT('',(1.797813375701,-3.2));
#3718 = CARTESIAN_POINT('',(1.797813375701,-2.595424863061));
#3719 = CARTESIAN_POINT('',(1.797813375701,-1.967396244205));
#3720 = CARTESIAN_POINT('',(1.797813375701,-1.222666941681));
#3721 = CARTESIAN_POINT('',(1.797813375701,-0.461098788763));
#3722 = CARTESIAN_POINT('',(1.797813375701,0.));
#3723 = ( GEOMETRIC_REPRESENTATION_CONTEXT(2) 
PARAMETRIC_REPRESENTATION_CONTEXT() REPRESENTATION_CONTEXT('2D SPACE',''
  ) );
#3724 = ORIENTED_EDGE('',*,*,#3725,.T.);
#3725 = EDGE_CURVE('',#3689,#3726,#3728,.T.);
#3726 = VERTEX_POINT('',#3727);
#3727 = CARTESIAN_POINT('',(22.1,-6.,8.));
#3728 = SURFACE_CURVE('',#3729,(#3752,#3778),.PCURVE_S1.);
#3729 = B_SPLINE_CURVE_WITH_KNOTS('',6,(#3730,#3731,#3732,#3733,#3734,
    #3735,#3736,#3737,#3738,#3739,#3740,#3741,#3742,#3743,#3744,#3745,
    #3746,#3747,#3748,#3749,#3750,#3751),.UNSPECIFIED.,.F.,.F.,(7,5,5,5,
    7),(0.,0.337782905588,0.620842547573,0.792498210746,1.),
  .UNSPECIFIED.);
#3730 = CARTESIAN_POINT('',(22.1,-8.732186624299,5.));
#3731 = CARTESIAN_POINT('',(22.1,-8.65129550266,5.230932522389));
#3732 = CARTESIAN_POINT('',(22.1,-8.563913746089,5.459389177269));
#3733 = CARTESIAN_POINT('',(22.1,-8.469493739306,5.684992151005));
#3734 = CARTESIAN_POINT('',(22.1,-8.367366206713,5.907085334031));
#3735 = CARTESIAN_POINT('',(22.1,-8.256753479127,6.124742967621));
#3736 = CARTESIAN_POINT('',(22.1,-8.035684169582,6.514158403062));
#3737 = CARTESIAN_POINT('',(22.1,-7.928177565889,6.687509620489));
#3738 = CARTESIAN_POINT('',(22.1,-7.813208735281,6.856012684967));
#3739 = CARTESIAN_POINT('',(22.1,-7.68997405562,7.018412164347));
#3740 = CARTESIAN_POINT('',(22.1,-7.55766596154,7.172897506504));
#3741 = CARTESIAN_POINT('',(22.1,-7.328808616925,7.404158703416));
#3742 = CARTESIAN_POINT('',(22.1,-7.238727148118,7.487541173801));
#3743 = CARTESIAN_POINT('',(22.1,-7.144733091486,7.566417728696));
#3744 = CARTESIAN_POINT('',(22.1,-7.046682538392,7.639980951399));
#3745 = CARTESIAN_POINT('',(22.1,-6.944535177464,7.707229917929));
#3746 = CARTESIAN_POINT('',(22.1,-6.710158571663,7.839409870243));
#3747 = CARTESIAN_POINT('',(22.1,-6.575954294845,7.901008356469));
#3748 = CARTESIAN_POINT('',(22.1,-6.436404061581,7.949674433473));
#3749 = CARTESIAN_POINT('',(22.1,-6.292599967653,7.983235323564));
#3750 = CARTESIAN_POINT('',(22.1,-6.146259140703,8.));
#3751 = CARTESIAN_POINT('',(22.1,-6.,8.));
#3752 = PCURVE('',#355,#3753);
#3753 = DEFINITIONAL_REPRESENTATION('',(#3754),#3777);
#3754 = B_SPLINE_CURVE_WITH_KNOTS('',6,(#3755,#3756,#3757,#3758,#3759,
    #3760,#3761,#3762,#3763,#3764,#3765,#3766,#3767,#3768,#3769,#3770,
    #3771,#3772,#3773,#3774,#3775,#3776),.UNSPECIFIED.,.F.,.F.,(7,5,5,5,
    7),(0.,0.337782905588,0.620842547573,0.792498210746,1.),
  .UNSPECIFIED.);
#3755 = CARTESIAN_POINT('',(0.895664793858,-24.1));
#3756 = CARTESIAN_POINT('',(0.858685995394,-24.1));
#3757 = CARTESIAN_POINT('',(0.820789651891,-24.1));
#3758 = CARTESIAN_POINT('',(0.781824438509,-24.1));
#3759 = CARTESIAN_POINT('',(0.741619289198,-24.1));
#3760 = CARTESIAN_POINT('',(0.699978844848,-24.1));
#3761 = CARTESIAN_POINT('',(0.620235725643,-24.1));
#3762 = CARTESIAN_POINT('',(0.582678894165,-24.1));
#3763 = CARTESIAN_POINT('',(0.543717291512,-24.1));
#3764 = CARTESIAN_POINT('',(0.503147676005,-24.1));
#3765 = CARTESIAN_POINT('',(0.460765185155,-24.1));
#3766 = CARTESIAN_POINT('',(0.389272400469,-24.1));
#3767 = CARTESIAN_POINT('',(0.361518255953,-24.1));
#3768 = CARTESIAN_POINT('',(0.332933987124,-24.1));
#3769 = CARTESIAN_POINT('',(0.303477601533,-24.1));
#3770 = CARTESIAN_POINT('',(0.273128711694,-24.1));
#3771 = CARTESIAN_POINT('',(0.204155747301,-24.1));
#3772 = CARTESIAN_POINT('',(0.165083706571,-24.1));
#3773 = CARTESIAN_POINT('',(0.124818562602,-24.1));
#3774 = CARTESIAN_POINT('',(8.359990535268E-02,-24.1));
#3775 = CARTESIAN_POINT('',(4.178832591514E-02,-24.1));
#3776 = CARTESIAN_POINT('',(0.,-24.1));
#3777 = ( GEOMETRIC_REPRESENTATION_CONTEXT(2) 
PARAMETRIC_REPRESENTATION_CONTEXT() REPRESENTATION_CONTEXT('2D SPACE',''
  ) );
#3778 = PCURVE('',#1115,#3779);
#3779 = DEFINITIONAL_REPRESENTATION('',(#3780),#3803);
#3780 = B_SPLINE_CURVE_WITH_KNOTS('',6,(#3781,#3782,#3783,#3784,#3785,
    #3786,#3787,#3788,#3789,#3790,#3791,#3792,#3793,#3794,#3795,#3796,
    #3797,#3798,#3799,#3800,#3801,#3802),.UNSPECIFIED.,.F.,.F.,(7,5,5,5,
    7),(0.,0.337782905588,0.620842547573,0.792498210746,1.),
  .UNSPECIFIED.);
#3781 = CARTESIAN_POINT('',(-3.,8.732186624299));
#3782 = CARTESIAN_POINT('',(-2.769067477611,8.65129550266));
#3783 = CARTESIAN_POINT('',(-2.540610822731,8.563913746089));
#3784 = CARTESIAN_POINT('',(-2.315007848995,8.469493739306));
#3785 = CARTESIAN_POINT('',(-2.092914665969,8.367366206713));
#3786 = CARTESIAN_POINT('',(-1.875257032379,8.256753479127));
#3787 = CARTESIAN_POINT('',(-1.485841596938,8.035684169582));
#3788 = CARTESIAN_POINT('',(-1.312490379511,7.928177565889));
#3789 = CARTESIAN_POINT('',(-1.143987315033,7.813208735281));
#3790 = CARTESIAN_POINT('',(-0.981587835653,7.68997405562));
#3791 = CARTESIAN_POINT('',(-0.827102493496,7.55766596154));
#3792 = CARTESIAN_POINT('',(-0.595841296584,7.328808616925));
#3793 = CARTESIAN_POINT('',(-0.512458826199,7.238727148118));
#3794 = CARTESIAN_POINT('',(-0.433582271304,7.144733091486));
#3795 = CARTESIAN_POINT('',(-0.360019048601,7.046682538392));
#3796 = CARTESIAN_POINT('',(-0.292770082071,6.944535177464));
#3797 = CARTESIAN_POINT('',(-0.160590129757,6.710158571663));
#3798 = CARTESIAN_POINT('',(-9.899164353072E-02,6.575954294845));
#3799 = CARTESIAN_POINT('',(-5.032556652749E-02,6.436404061581));
#3800 = CARTESIAN_POINT('',(-1.676467643584E-02,6.292599967653));
#3801 = CARTESIAN_POINT('',(0.,6.146259140703));
#3802 = CARTESIAN_POINT('',(0.,6.));
#3803 = ( GEOMETRIC_REPRESENTATION_CONTEXT(2) 
PARAMETRIC_REPRESENTATION_CONTEXT() REPRESENTATION_CONTEXT('2D SPACE',''
  ) );
#3804 = ORIENTED_EDGE('',*,*,#3805,.T.);
#3805 = EDGE_CURVE('',#3726,#3806,#3808,.T.);
#3806 = VERTEX_POINT('',#3807);
#3807 = CARTESIAN_POINT('',(24.,-6.,8.));
#3808 = SURFACE_CURVE('',#3809,(#3813,#3820),.PCURVE_S1.);
#3809 = LINE('',#3810,#3811);
#3810 = CARTESIAN_POINT('',(-2.,-6.,8.));
#3811 = VECTOR('',#3812,1.);
#3812 = DIRECTION('',(1.,0.,0.));
#3813 = PCURVE('',#355,#3814);
#3814 = DEFINITIONAL_REPRESENTATION('',(#3815),#3819);
#3815 = LINE('',#3816,#3817);
#3816 = CARTESIAN_POINT('',(0.,0.));
#3817 = VECTOR('',#3818,1.);
#3818 = DIRECTION('',(0.,-1.));
#3819 = ( GEOMETRIC_REPRESENTATION_CONTEXT(2) 
PARAMETRIC_REPRESENTATION_CONTEXT() REPRESENTATION_CONTEXT('2D SPACE',''
  ) );
#3820 = PCURVE('',#2915,#3821);
#3821 = DEFINITIONAL_REPRESENTATION('',(#3822),#3826);
#3822 = LINE('',#3823,#3824);
#3823 = CARTESIAN_POINT('',(12.,0.));
#3824 = VECTOR('',#3825,1.);
#3825 = DIRECTION('',(0.,-1.));
#3826 = ( GEOMETRIC_REPRESENTATION_CONTEXT(2) 
PARAMETRIC_REPRESENTATION_CONTEXT() REPRESENTATION_CONTEXT('2D SPACE',''
  ) );
#3827 = ORIENTED_EDGE('',*,*,#3828,.F.);
#3828 = EDGE_CURVE('',#3443,#3806,#3829,.T.);
#3829 = SURFACE_CURVE('',#3830,(#3869,#3911),.PCURVE_S1.);
#3830 = B_SPLINE_CURVE_WITH_KNOTS('',7,(#3831,#3832,#3833,#3834,#3835,
    #3836,#3837,#3838,#3839,#3840,#3841,#3842,#3843,#3844,#3845,#3846,
    #3847,#3848,#3849,#3850,#3851,#3852,#3853,#3854,#3855,#3856,#3857,
    #3858,#3859,#3860,#3861,#3862,#3863,#3864,#3865,#3866,#3867,#3868),
  .UNSPECIFIED.,.F.,.F.,(8,6,6,6,6,6,8),(0.,0.383761525915,
    0.554960586812,0.704488106854,0.876959334464,0.924427095897,1.),
  .UNSPECIFIED.);
#3831 = CARTESIAN_POINT('',(24.,-9.5,8.784367782777E-16));
#3832 = CARTESIAN_POINT('',(24.,-9.5,0.518103695271));
#3833 = CARTESIAN_POINT('',(24.,-9.482874192842,1.036063454374));
#3834 = CARTESIAN_POINT('',(24.,-9.44863486237,1.553370556981));
#3835 = CARTESIAN_POINT('',(24.,-9.396888762692,2.06931144097));
#3836 = CARTESIAN_POINT('',(24.,-9.326830291823,2.582944567508));
#3837 = CARTESIAN_POINT('',(24.,-9.237281843264,3.093108174825));
#3838 = CARTESIAN_POINT('',(24.,-9.076321595569,3.823660885338));
#3839 = CARTESIAN_POINT('',(24.,-9.022345188348,4.047999554211));
#3840 = CARTESIAN_POINT('',(24.,-8.963848906088,4.271173596468));
#3841 = CARTESIAN_POINT('',(24.,-8.900596459023,4.492995644214));
#3842 = CARTESIAN_POINT('',(24.,-8.832311378322,4.713226441409));
#3843 = CARTESIAN_POINT('',(24.,-8.758656006062,4.931567490561));
#3844 = CARTESIAN_POINT('',(24.,-8.609785677725,5.336373542469));
#3845 = CARTESIAN_POINT('',(24.,-8.535963071619,5.52333341464));
#3846 = CARTESIAN_POINT('',(24.,-8.45742384774,5.708312692407));
#3847 = CARTESIAN_POINT('',(24.,-8.373821540918,5.890983370624));
#3848 = CARTESIAN_POINT('',(24.,-8.284765771955,6.070905306522));
#3849 = CARTESIAN_POINT('',(24.,-8.189786279834,6.247506475956));
#3850 = CARTESIAN_POINT('',(24.,-7.971151116511,6.619050449145));
#3851 = CARTESIAN_POINT('',(24.,-7.845585837035,6.812217673526));
#3852 = CARTESIAN_POINT('',(24.,-7.710357050197,6.998955477139));
#3853 = CARTESIAN_POINT('',(24.,-7.564293888284,7.177588803971));
#3854 = CARTESIAN_POINT('',(24.,-7.406256080281,7.345311971587));
#3855 = CARTESIAN_POINT('',(24.,-7.235263481095,7.49832233588));
#3856 = CARTESIAN_POINT('',(24.,-6.999189650007,7.668042651027));
#3857 = CARTESIAN_POINT('',(24.,-6.947204661872,7.703137537297));
#3858 = CARTESIAN_POINT('',(24.,-6.894180496138,7.73658077772));
#3859 = CARTESIAN_POINT('',(24.,-6.840123597767,7.768242726856));
#3860 = CARTESIAN_POINT('',(24.,-6.785053338338,7.79798549826));
#3861 = CARTESIAN_POINT('',(24.,-6.7290042864,7.825667283292));
#3862 = CARTESIAN_POINT('',(24.,-6.581317915802,7.891712122855));
#3863 = CARTESIAN_POINT('',(24.,-6.488209302602,7.926717376687));
#3864 = CARTESIAN_POINT('',(24.,-6.392987162781,7.955547603188));
#3865 = CARTESIAN_POINT('',(24.,-6.296024621904,7.977642899118));
#3866 = CARTESIAN_POINT('',(24.,-6.197793901624,7.992550575138));
#3867 = CARTESIAN_POINT('',(24.,-6.098880348993,8.));
#3868 = CARTESIAN_POINT('',(24.,-6.,8.));
#3869 = PCURVE('',#355,#3870);
#3870 = DEFINITIONAL_REPRESENTATION('',(#3871),#3910);
#3871 = B_SPLINE_CURVE_WITH_KNOTS('',7,(#3872,#3873,#3874,#3875,#3876,
    #3877,#3878,#3879,#3880,#3881,#3882,#3883,#3884,#3885,#3886,#3887,
    #3888,#3889,#3890,#3891,#3892,#3893,#3894,#3895,#3896,#3897,#3898,
    #3899,#3900,#3901,#3902,#3903,#3904,#3905,#3906,#3907,#3908,#3909),
  .UNSPECIFIED.,.F.,.F.,(8,6,6,6,6,6,8),(0.,0.383761525915,
    0.554960586812,0.704488106854,0.876959334464,0.924427095897,1.),
  .UNSPECIFIED.);
#3872 = CARTESIAN_POINT('',(1.570796326795,-26.));
#3873 = CARTESIAN_POINT('',(1.506033364886,-26.));
#3874 = CARTESIAN_POINT('',(1.441288561384,-26.));
#3875 = CARTESIAN_POINT('',(1.37618066756,-26.));
#3876 = CARTESIAN_POINT('',(1.310360269801,-26.));
#3877 = CARTESIAN_POINT('',(1.243437423182,-26.));
#3878 = CARTESIAN_POINT('',(1.174973700575,-26.));
#3879 = CARTESIAN_POINT('',(1.072728254745,-26.));
#3880 = CARTESIAN_POINT('',(1.040746073197,-26.));
#3881 = CARTESIAN_POINT('',(1.00826193471,-26.));
#3882 = CARTESIAN_POINT('',(0.975208353046,-26.));
#3883 = CARTESIAN_POINT('',(0.941509982832,-26.));
#3884 = CARTESIAN_POINT('',(0.90707676963,-26.));
#3885 = CARTESIAN_POINT('',(0.84097374399,-26.));
#3886 = CARTESIAN_POINT('',(0.809512473632,-26.));
#3887 = CARTESIAN_POINT('',(0.77732603029,-26.));
#3888 = CARTESIAN_POINT('',(0.744324666781,-26.));
#3889 = CARTESIAN_POINT('',(0.710409662552,-26.));
#3890 = CARTESIAN_POINT('',(0.675461005956,-26.));
#3891 = CARTESIAN_POINT('',(0.597620774042,-26.));
#3892 = CARTESIAN_POINT('',(0.554423814437,-26.));
#3893 = CARTESIAN_POINT('',(0.509371744595,-26.));
#3894 = CARTESIAN_POINT('',(0.462166261098,-26.));
#3895 = CARTESIAN_POINT('',(0.412524466485,-26.));
#3896 = CARTESIAN_POINT('',(0.360181640381,-26.));
#3897 = CARTESIAN_POINT('',(0.289474247958,-26.));
#3898 = CARTESIAN_POINT('',(0.273989472643,-26.));
#3899 = CARTESIAN_POINT('',(0.258277634006,-26.));
#3900 = CARTESIAN_POINT('',(0.242338740757,-26.));
#3901 = CARTESIAN_POINT('',(0.226175818022,-26.));
#3902 = CARTESIAN_POINT('',(0.209795387595,-26.));
#3903 = CARTESIAN_POINT('',(0.166799267248,-26.));
#3904 = CARTESIAN_POINT('',(0.139851638258,-26.));
#3905 = CARTESIAN_POINT('',(0.112429457321,-26.));
#3906 = CARTESIAN_POINT('',(8.461531564908E-02,-26.));
#3907 = CARTESIAN_POINT('',(5.651253430258E-02,-26.));
#3908 = CARTESIAN_POINT('',(2.825152828368E-02,-26.));
#3909 = CARTESIAN_POINT('',(0.,-26.));
#3910 = ( GEOMETRIC_REPRESENTATION_CONTEXT(2) 
PARAMETRIC_REPRESENTATION_CONTEXT() REPRESENTATION_CONTEXT('2D SPACE',''
  ) );
#3911 = PCURVE('',#1192,#3912);
#3912 = DEFINITIONAL_REPRESENTATION('',(#3913),#3952);
#3913 = B_SPLINE_CURVE_WITH_KNOTS('',7,(#3914,#3915,#3916,#3917,#3918,
    #3919,#3920,#3921,#3922,#3923,#3924,#3925,#3926,#3927,#3928,#3929,
    #3930,#3931,#3932,#3933,#3934,#3935,#3936,#3937,#3938,#3939,#3940,
    #3941,#3942,#3943,#3944,#3945,#3946,#3947,#3948,#3949,#3950,#3951),
  .UNSPECIFIED.,.F.,.F.,(8,6,6,6,6,6,8),(0.,0.383761525915,
    0.554960586812,0.704488106854,0.876959334464,0.924427095897,1.),
  .UNSPECIFIED.);
#3914 = CARTESIAN_POINT('',(1.403861649015E-15,9.5));
#3915 = CARTESIAN_POINT('',(0.518103695271,9.5));
#3916 = CARTESIAN_POINT('',(1.036063454374,9.482874192842));
#3917 = CARTESIAN_POINT('',(1.553370556981,9.44863486237));
#3918 = CARTESIAN_POINT('',(2.06931144097,9.396888762692));
#3919 = CARTESIAN_POINT('',(2.582944567508,9.326830291823));
#3920 = CARTESIAN_POINT('',(3.093108174825,9.237281843264));
#3921 = CARTESIAN_POINT('',(3.823660885338,9.076321595569));
#3922 = CARTESIAN_POINT('',(4.047999554211,9.022345188348));
#3923 = CARTESIAN_POINT('',(4.271173596468,8.963848906088));
#3924 = CARTESIAN_POINT('',(4.492995644214,8.900596459023));
#3925 = CARTESIAN_POINT('',(4.713226441409,8.832311378322));
#3926 = CARTESIAN_POINT('',(4.931567490561,8.758656006062));
#3927 = CARTESIAN_POINT('',(5.336373542469,8.609785677725));
#3928 = CARTESIAN_POINT('',(5.52333341464,8.535963071619));
#3929 = CARTESIAN_POINT('',(5.708312692407,8.45742384774));
#3930 = CARTESIAN_POINT('',(5.890983370624,8.373821540918));
#3931 = CARTESIAN_POINT('',(6.070905306522,8.284765771955));
#3932 = CARTESIAN_POINT('',(6.247506475956,8.189786279834));
#3933 = CARTESIAN_POINT('',(6.619050449145,7.971151116511));
#3934 = CARTESIAN_POINT('',(6.812217673526,7.845585837035));
#3935 = CARTESIAN_POINT('',(6.998955477139,7.710357050197));
#3936 = CARTESIAN_POINT('',(7.177588803971,7.564293888284));
#3937 = CARTESIAN_POINT('',(7.345311971587,7.406256080281));
#3938 = CARTESIAN_POINT('',(7.49832233588,7.235263481095));
#3939 = CARTESIAN_POINT('',(7.668042651027,6.999189650007));
#3940 = CARTESIAN_POINT('',(7.703137537297,6.947204661872));
#3941 = CARTESIAN_POINT('',(7.73658077772,6.894180496138));
#3942 = CARTESIAN_POINT('',(7.768242726856,6.840123597767));
#3943 = CARTESIAN_POINT('',(7.79798549826,6.785053338338));
#3944 = CARTESIAN_POINT('',(7.825667283292,6.7290042864));
#3945 = CARTESIAN_POINT('',(7.891712122855,6.581317915802));
#3946 = CARTESIAN_POINT('',(7.926717376687,6.488209302602));
#3947 = CARTESIAN_POINT('',(7.955547603188,6.392987162781));
#3948 = CARTESIAN_POINT('',(7.977642899118,6.296024621904));
#3949 = CARTESIAN_POINT('',(7.992550575138,6.197793901624));
#3950 = CARTESIAN_POINT('',(8.,6.098880348993));
#3951 = CARTESIAN_POINT('',(8.,6.));
#3952 = ( GEOMETRIC_REPRESENTATION_CONTEXT(2) 
PARAMETRIC_REPRESENTATION_CONTEXT() REPRESENTATION_CONTEXT('2D SPACE',''
  ) );
#3953 = ADVANCED_FACE('',(#3954),#257,.F.);
#3954 = FACE_BOUND('',#3955,.F.);
#3955 = EDGE_LOOP('',(#3956,#3957,#3958,#3959,#3981,#4009,#4029,#4030,
    #4052,#4075,#4095,#4096,#4118,#4141,#4161,#4162));
#3956 = ORIENTED_EDGE('',*,*,#3442,.F.);
#3957 = ORIENTED_EDGE('',*,*,#242,.T.);
#3958 = ORIENTED_EDGE('',*,*,#1621,.T.);
#3959 = ORIENTED_EDGE('',*,*,#3960,.T.);
#3960 = EDGE_CURVE('',#1582,#3961,#3963,.T.);
#3961 = VERTEX_POINT('',#3962);
#3962 = CARTESIAN_POINT('',(2.,-13.2,0.));
#3963 = SURFACE_CURVE('',#3964,(#3968,#3975),.PCURVE_S1.);
#3964 = LINE('',#3965,#3966);
#3965 = CARTESIAN_POINT('',(2.,-43.1,0.));
#3966 = VECTOR('',#3967,1.);
#3967 = DIRECTION('',(0.,-1.,0.));
#3968 = PCURVE('',#257,#3969);
#3969 = DEFINITIONAL_REPRESENTATION('',(#3970),#3974);
#3970 = LINE('',#3971,#3972);
#3971 = CARTESIAN_POINT('',(74.,28.9));
#3972 = VECTOR('',#3973,1.);
#3973 = DIRECTION('',(0.,-1.));
#3974 = ( GEOMETRIC_REPRESENTATION_CONTEXT(2) 
PARAMETRIC_REPRESENTATION_CONTEXT() REPRESENTATION_CONTEXT('2D SPACE',''
  ) );
#3975 = PCURVE('',#1605,#3976);
#3976 = DEFINITIONAL_REPRESENTATION('',(#3977),#3980);
#3977 = B_SPLINE_CURVE_WITH_KNOTS('',1,(#3978,#3979),.UNSPECIFIED.,.F.,
  .F.,(2,2),(-31.9,-25.9),.PIECEWISE_BEZIER_KNOTS.);
#3978 = CARTESIAN_POINT('',(-1.054420088418E-16,-3.));
#3979 = CARTESIAN_POINT('',(-1.054420088418E-16,3.));
#3980 = ( GEOMETRIC_REPRESENTATION_CONTEXT(2) 
PARAMETRIC_REPRESENTATION_CONTEXT() REPRESENTATION_CONTEXT('2D SPACE',''
  ) );
#3981 = ORIENTED_EDGE('',*,*,#3982,.T.);
#3982 = EDGE_CURVE('',#3961,#3983,#3985,.T.);
#3983 = VERTEX_POINT('',#3984);
#3984 = CARTESIAN_POINT('',(5.6,-13.2,0.));
#3985 = SURFACE_CURVE('',#3986,(#3990,#3997),.PCURVE_S1.);
#3986 = LINE('',#3987,#3988);
#3987 = CARTESIAN_POINT('',(-0.5,-13.2,0.));
#3988 = VECTOR('',#3989,1.);
#3989 = DIRECTION('',(1.,0.,0.));
#3990 = PCURVE('',#257,#3991);
#3991 = DEFINITIONAL_REPRESENTATION('',(#3992),#3996);
#3992 = LINE('',#3993,#3994);
#3993 = CARTESIAN_POINT('',(71.5,58.8));
#3994 = VECTOR('',#3995,1.);
#3995 = DIRECTION('',(1.,0.));
#3996 = ( GEOMETRIC_REPRESENTATION_CONTEXT(2) 
PARAMETRIC_REPRESENTATION_CONTEXT() REPRESENTATION_CONTEXT('2D SPACE',''
  ) );
#3997 = PCURVE('',#3998,#4003);
#3998 = CYLINDRICAL_SURFACE('',#3999,1.);
#3999 = AXIS2_PLACEMENT_3D('',#4000,#4001,#4002);
#4000 = CARTESIAN_POINT('',(-0.5,-14.2,0.));
#4001 = DIRECTION('',(-1.,-0.,-0.));
#4002 = DIRECTION('',(0.,1.,0.));
#4003 = DEFINITIONAL_REPRESENTATION('',(#4004),#4008);
#4004 = LINE('',#4005,#4006);
#4005 = CARTESIAN_POINT('',(-6.28318530718,0.));
#4006 = VECTOR('',#4007,1.);
#4007 = DIRECTION('',(-0.,-1.));
#4008 = ( GEOMETRIC_REPRESENTATION_CONTEXT(2) 
PARAMETRIC_REPRESENTATION_CONTEXT() REPRESENTATION_CONTEXT('2D SPACE',''
  ) );
#4009 = ORIENTED_EDGE('',*,*,#4010,.F.);
#4010 = EDGE_CURVE('',#1485,#3983,#4011,.T.);
#4011 = SURFACE_CURVE('',#4012,(#4016,#4023),.PCURVE_S1.);
#4012 = LINE('',#4013,#4014);
#4013 = CARTESIAN_POINT('',(5.6,-43.1,0.));
#4014 = VECTOR('',#4015,1.);
#4015 = DIRECTION('',(0.,-1.,0.));
#4016 = PCURVE('',#257,#4017);
#4017 = DEFINITIONAL_REPRESENTATION('',(#4018),#4022);
#4018 = LINE('',#4019,#4020);
#4019 = CARTESIAN_POINT('',(77.6,28.9));
#4020 = VECTOR('',#4021,1.);
#4021 = DIRECTION('',(0.,-1.));
#4022 = ( GEOMETRIC_REPRESENTATION_CONTEXT(2) 
PARAMETRIC_REPRESENTATION_CONTEXT() REPRESENTATION_CONTEXT('2D SPACE',''
  ) );
#4023 = PCURVE('',#1531,#4024);
#4024 = DEFINITIONAL_REPRESENTATION('',(#4025),#4028);
#4025 = B_SPLINE_CURVE_WITH_KNOTS('',1,(#4026,#4027),.UNSPECIFIED.,.F.,
  .F.,(2,2),(-31.9,-25.9),.PIECEWISE_BEZIER_KNOTS.);
#4026 = CARTESIAN_POINT('',(-1.054420088418E-16,-3.));
#4027 = CARTESIAN_POINT('',(-1.054420088418E-16,3.));
#4028 = ( GEOMETRIC_REPRESENTATION_CONTEXT(2) 
PARAMETRIC_REPRESENTATION_CONTEXT() REPRESENTATION_CONTEXT('2D SPACE',''
  ) );
#4029 = ORIENTED_EDGE('',*,*,#1484,.T.);
#4030 = ORIENTED_EDGE('',*,*,#4031,.T.);
#4031 = EDGE_CURVE('',#1445,#4032,#4034,.T.);
#4032 = VERTEX_POINT('',#4033);
#4033 = CARTESIAN_POINT('',(10.2,-13.2,0.));
#4034 = SURFACE_CURVE('',#4035,(#4039,#4046),.PCURVE_S1.);
#4035 = LINE('',#4036,#4037);
#4036 = CARTESIAN_POINT('',(10.2,-43.1,0.));
#4037 = VECTOR('',#4038,1.);
#4038 = DIRECTION('',(0.,-1.,0.));
#4039 = PCURVE('',#257,#4040);
#4040 = DEFINITIONAL_REPRESENTATION('',(#4041),#4045);
#4041 = LINE('',#4042,#4043);
#4042 = CARTESIAN_POINT('',(82.2,28.9));
#4043 = VECTOR('',#4044,1.);
#4044 = DIRECTION('',(0.,-1.));
#4045 = ( GEOMETRIC_REPRESENTATION_CONTEXT(2) 
PARAMETRIC_REPRESENTATION_CONTEXT() REPRESENTATION_CONTEXT('2D SPACE',''
  ) );
#4046 = PCURVE('',#1468,#4047);
#4047 = DEFINITIONAL_REPRESENTATION('',(#4048),#4051);
#4048 = B_SPLINE_CURVE_WITH_KNOTS('',1,(#4049,#4050),.UNSPECIFIED.,.F.,
  .F.,(2,2),(-31.9,-25.9),.PIECEWISE_BEZIER_KNOTS.);
#4049 = CARTESIAN_POINT('',(-1.054420088418E-16,-3.));
#4050 = CARTESIAN_POINT('',(-1.054420088418E-16,3.));
#4051 = ( GEOMETRIC_REPRESENTATION_CONTEXT(2) 
PARAMETRIC_REPRESENTATION_CONTEXT() REPRESENTATION_CONTEXT('2D SPACE',''
  ) );
#4052 = ORIENTED_EDGE('',*,*,#4053,.T.);
#4053 = EDGE_CURVE('',#4032,#4054,#4056,.T.);
#4054 = VERTEX_POINT('',#4055);
#4055 = CARTESIAN_POINT('',(13.8,-13.2,0.));
#4056 = SURFACE_CURVE('',#4057,(#4061,#4068),.PCURVE_S1.);
#4057 = LINE('',#4058,#4059);
#4058 = CARTESIAN_POINT('',(-0.5,-13.2,0.));
#4059 = VECTOR('',#4060,1.);
#4060 = DIRECTION('',(1.,0.,0.));
#4061 = PCURVE('',#257,#4062);
#4062 = DEFINITIONAL_REPRESENTATION('',(#4063),#4067);
#4063 = LINE('',#4064,#4065);
#4064 = CARTESIAN_POINT('',(71.5,58.8));
#4065 = VECTOR('',#4066,1.);
#4066 = DIRECTION('',(1.,0.));
#4067 = ( GEOMETRIC_REPRESENTATION_CONTEXT(2) 
PARAMETRIC_REPRESENTATION_CONTEXT() REPRESENTATION_CONTEXT('2D SPACE',''
  ) );
#4068 = PCURVE('',#3998,#4069);
#4069 = DEFINITIONAL_REPRESENTATION('',(#4070),#4074);
#4070 = LINE('',#4071,#4072);
#4071 = CARTESIAN_POINT('',(-6.28318530718,0.));
#4072 = VECTOR('',#4073,1.);
#4073 = DIRECTION('',(-0.,-1.));
#4074 = ( GEOMETRIC_REPRESENTATION_CONTEXT(2) 
PARAMETRIC_REPRESENTATION_CONTEXT() REPRESENTATION_CONTEXT('2D SPACE',''
  ) );
#4075 = ORIENTED_EDGE('',*,*,#4076,.F.);
#4076 = EDGE_CURVE('',#1345,#4054,#4077,.T.);
#4077 = SURFACE_CURVE('',#4078,(#4082,#4089),.PCURVE_S1.);
#4078 = LINE('',#4079,#4080);
#4079 = CARTESIAN_POINT('',(13.8,-43.1,0.));
#4080 = VECTOR('',#4081,1.);
#4081 = DIRECTION('',(0.,-1.,0.));
#4082 = PCURVE('',#257,#4083);
#4083 = DEFINITIONAL_REPRESENTATION('',(#4084),#4088);
#4084 = LINE('',#4085,#4086);
#4085 = CARTESIAN_POINT('',(85.8,28.9));
#4086 = VECTOR('',#4087,1.);
#4087 = DIRECTION('',(0.,-1.));
#4088 = ( GEOMETRIC_REPRESENTATION_CONTEXT(2) 
PARAMETRIC_REPRESENTATION_CONTEXT() REPRESENTATION_CONTEXT('2D SPACE',''
  ) );
#4089 = PCURVE('',#1391,#4090);
#4090 = DEFINITIONAL_REPRESENTATION('',(#4091),#4094);
#4091 = B_SPLINE_CURVE_WITH_KNOTS('',1,(#4092,#4093),.UNSPECIFIED.,.F.,
  .F.,(2,2),(-31.9,-25.9),.PIECEWISE_BEZIER_KNOTS.);
#4092 = CARTESIAN_POINT('',(-1.054420088418E-16,-3.));
#4093 = CARTESIAN_POINT('',(-1.054420088418E-16,3.));
#4094 = ( GEOMETRIC_REPRESENTATION_CONTEXT(2) 
PARAMETRIC_REPRESENTATION_CONTEXT() REPRESENTATION_CONTEXT('2D SPACE',''
  ) );
#4095 = ORIENTED_EDGE('',*,*,#1344,.T.);
#4096 = ORIENTED_EDGE('',*,*,#4097,.T.);
#4097 = EDGE_CURVE('',#1305,#4098,#4100,.T.);
#4098 = VERTEX_POINT('',#4099);
#4099 = CARTESIAN_POINT('',(18.4,-13.2,0.));
#4100 = SURFACE_CURVE('',#4101,(#4105,#4112),.PCURVE_S1.);
#4101 = LINE('',#4102,#4103);
#4102 = CARTESIAN_POINT('',(18.4,-43.1,0.));
#4103 = VECTOR('',#4104,1.);
#4104 = DIRECTION('',(0.,-1.,0.));
#4105 = PCURVE('',#257,#4106);
#4106 = DEFINITIONAL_REPRESENTATION('',(#4107),#4111);
#4107 = LINE('',#4108,#4109);
#4108 = CARTESIAN_POINT('',(90.4,28.9));
#4109 = VECTOR('',#4110,1.);
#4110 = DIRECTION('',(0.,-1.));
#4111 = ( GEOMETRIC_REPRESENTATION_CONTEXT(2) 
PARAMETRIC_REPRESENTATION_CONTEXT() REPRESENTATION_CONTEXT('2D SPACE',''
  ) );
#4112 = PCURVE('',#1328,#4113);
#4113 = DEFINITIONAL_REPRESENTATION('',(#4114),#4117);
#4114 = B_SPLINE_CURVE_WITH_KNOTS('',1,(#4115,#4116),.UNSPECIFIED.,.F.,
  .F.,(2,2),(-31.9,-25.9),.PIECEWISE_BEZIER_KNOTS.);
#4115 = CARTESIAN_POINT('',(-1.054420088418E-16,-3.));
#4116 = CARTESIAN_POINT('',(-1.054420088418E-16,3.));
#4117 = ( GEOMETRIC_REPRESENTATION_CONTEXT(2) 
PARAMETRIC_REPRESENTATION_CONTEXT() REPRESENTATION_CONTEXT('2D SPACE',''
  ) );
#4118 = ORIENTED_EDGE('',*,*,#4119,.T.);
#4119 = EDGE_CURVE('',#4098,#4120,#4122,.T.);
#4120 = VERTEX_POINT('',#4121);
#4121 = CARTESIAN_POINT('',(22.,-13.2,0.));
#4122 = SURFACE_CURVE('',#4123,(#4127,#4134),.PCURVE_S1.);
#4123 = LINE('',#4124,#4125);
#4124 = CARTESIAN_POINT('',(-0.5,-13.2,0.));
#4125 = VECTOR('',#4126,1.);
#4126 = DIRECTION('',(1.,0.,0.));
#4127 = PCURVE('',#257,#4128);
#4128 = DEFINITIONAL_REPRESENTATION('',(#4129),#4133);
#4129 = LINE('',#4130,#4131);
#4130 = CARTESIAN_POINT('',(71.5,58.8));
#4131 = VECTOR('',#4132,1.);
#4132 = DIRECTION('',(1.,0.));
#4133 = ( GEOMETRIC_REPRESENTATION_CONTEXT(2) 
PARAMETRIC_REPRESENTATION_CONTEXT() REPRESENTATION_CONTEXT('2D SPACE',''
  ) );
#4134 = PCURVE('',#3998,#4135);
#4135 = DEFINITIONAL_REPRESENTATION('',(#4136),#4140);
#4136 = LINE('',#4137,#4138);
#4137 = CARTESIAN_POINT('',(-6.28318530718,0.));
#4138 = VECTOR('',#4139,1.);
#4139 = DIRECTION('',(-0.,-1.));
#4140 = ( GEOMETRIC_REPRESENTATION_CONTEXT(2) 
PARAMETRIC_REPRESENTATION_CONTEXT() REPRESENTATION_CONTEXT('2D SPACE',''
  ) );
#4141 = ORIENTED_EDGE('',*,*,#4142,.F.);
#4142 = EDGE_CURVE('',#1205,#4120,#4143,.T.);
#4143 = SURFACE_CURVE('',#4144,(#4148,#4155),.PCURVE_S1.);
#4144 = LINE('',#4145,#4146);
#4145 = CARTESIAN_POINT('',(22.,-43.1,0.));
#4146 = VECTOR('',#4147,1.);
#4147 = DIRECTION('',(0.,-1.,0.));
#4148 = PCURVE('',#257,#4149);
#4149 = DEFINITIONAL_REPRESENTATION('',(#4150),#4154);
#4150 = LINE('',#4151,#4152);
#4151 = CARTESIAN_POINT('',(94.,28.9));
#4152 = VECTOR('',#4153,1.);
#4153 = DIRECTION('',(0.,-1.));
#4154 = ( GEOMETRIC_REPRESENTATION_CONTEXT(2) 
PARAMETRIC_REPRESENTATION_CONTEXT() REPRESENTATION_CONTEXT('2D SPACE',''
  ) );
#4155 = PCURVE('',#1251,#4156);
#4156 = DEFINITIONAL_REPRESENTATION('',(#4157),#4160);
#4157 = B_SPLINE_CURVE_WITH_KNOTS('',1,(#4158,#4159),.UNSPECIFIED.,.F.,
  .F.,(2,2),(-31.9,-25.9),.PIECEWISE_BEZIER_KNOTS.);
#4158 = CARTESIAN_POINT('',(-1.054420088418E-16,-3.));
#4159 = CARTESIAN_POINT('',(-1.054420088418E-16,3.));
#4160 = ( GEOMETRIC_REPRESENTATION_CONTEXT(2) 
PARAMETRIC_REPRESENTATION_CONTEXT() REPRESENTATION_CONTEXT('2D SPACE',''
  ) );
#4161 = ORIENTED_EDGE('',*,*,#1204,.T.);
#4162 = ORIENTED_EDGE('',*,*,#4163,.F.);
#4163 = EDGE_CURVE('',#3443,#1176,#4164,.T.);
#4164 = SURFACE_CURVE('',#4165,(#4169,#4176),.PCURVE_S1.);
#4165 = LINE('',#4166,#4167);
#4166 = CARTESIAN_POINT('',(24.,-36.,0.));
#4167 = VECTOR('',#4168,1.);
#4168 = DIRECTION('',(0.,-1.,0.));
#4169 = PCURVE('',#257,#4170);
#4170 = DEFINITIONAL_REPRESENTATION('',(#4171),#4175);
#4171 = LINE('',#4172,#4173);
#4172 = CARTESIAN_POINT('',(96.,36.));
#4173 = VECTOR('',#4174,1.);
#4174 = DIRECTION('',(0.,-1.));
#4175 = ( GEOMETRIC_REPRESENTATION_CONTEXT(2) 
PARAMETRIC_REPRESENTATION_CONTEXT() REPRESENTATION_CONTEXT('2D SPACE',''
  ) );
#4176 = PCURVE('',#1192,#4177);
#4177 = DEFINITIONAL_REPRESENTATION('',(#4178),#4181);
#4178 = B_SPLINE_CURVE_WITH_KNOTS('',1,(#4179,#4180),.UNSPECIFIED.,.F.,
  .F.,(2,2),(-47.7,-24.3),.PIECEWISE_BEZIER_KNOTS.);
#4179 = CARTESIAN_POINT('',(5.254248707375E-16,-11.7));
#4180 = CARTESIAN_POINT('',(5.254248707375E-16,11.7));
#4181 = ( GEOMETRIC_REPRESENTATION_CONTEXT(2) 
PARAMETRIC_REPRESENTATION_CONTEXT() REPRESENTATION_CONTEXT('2D SPACE',''
  ) );
#4182 = ADVANCED_FACE('',(#4183),#1605,.F.);
#4183 = FACE_BOUND('',#4184,.F.);
#4184 = EDGE_LOOP('',(#4185,#4186,#4187,#4211,#4238));
#4185 = ORIENTED_EDGE('',*,*,#3960,.F.);
#4186 = ORIENTED_EDGE('',*,*,#1581,.T.);
#4187 = ORIENTED_EDGE('',*,*,#4188,.T.);
#4188 = EDGE_CURVE('',#1548,#4189,#4191,.T.);
#4189 = VERTEX_POINT('',#4190);
#4190 = CARTESIAN_POINT('',(2.,-17.2,3.673940397442E-16));
#4191 = SURFACE_CURVE('',#4192,(#4197,#4204),.PCURVE_S1.);
#4192 = CIRCLE('',#4193,3.);
#4193 = AXIS2_PLACEMENT_3D('',#4194,#4195,#4196);
#4194 = CARTESIAN_POINT('',(2.,-14.2,0.));
#4195 = DIRECTION('',(1.,0.,0.));
#4196 = DIRECTION('',(0.,1.,0.));
#4197 = PCURVE('',#1605,#4198);
#4198 = DEFINITIONAL_REPRESENTATION('',(#4199),#4203);
#4199 = CIRCLE('',#4200,3.);
#4200 = AXIS2_PLACEMENT_2D('',#4201,#4202);
#4201 = CARTESIAN_POINT('',(-1.054420088418E-16,-1.7763568394E-15));
#4202 = DIRECTION('',(0.,-1.));
#4203 = ( GEOMETRIC_REPRESENTATION_CONTEXT(2) 
PARAMETRIC_REPRESENTATION_CONTEXT() REPRESENTATION_CONTEXT('2D SPACE',''
  ) );
#4204 = PCURVE('',#1567,#4205);
#4205 = DEFINITIONAL_REPRESENTATION('',(#4206),#4210);
#4206 = LINE('',#4207,#4208);
#4207 = CARTESIAN_POINT('',(-0.,0.));
#4208 = VECTOR('',#4209,1.);
#4209 = DIRECTION('',(-1.,0.));
#4210 = ( GEOMETRIC_REPRESENTATION_CONTEXT(2) 
PARAMETRIC_REPRESENTATION_CONTEXT() REPRESENTATION_CONTEXT('2D SPACE',''
  ) );
#4211 = ORIENTED_EDGE('',*,*,#4212,.F.);
#4212 = EDGE_CURVE('',#4213,#4189,#4215,.T.);
#4213 = VERTEX_POINT('',#4214);
#4214 = CARTESIAN_POINT('',(2.,-15.2,0.));
#4215 = SURFACE_CURVE('',#4216,(#4220,#4226),.PCURVE_S1.);
#4216 = LINE('',#4217,#4218);
#4217 = CARTESIAN_POINT('',(2.,-43.1,0.));
#4218 = VECTOR('',#4219,1.);
#4219 = DIRECTION('',(0.,-1.,0.));
#4220 = PCURVE('',#1605,#4221);
#4221 = DEFINITIONAL_REPRESENTATION('',(#4222),#4225);
#4222 = B_SPLINE_CURVE_WITH_KNOTS('',1,(#4223,#4224),.UNSPECIFIED.,.F.,
  .F.,(2,2),(-31.9,-25.9),.PIECEWISE_BEZIER_KNOTS.);
#4223 = CARTESIAN_POINT('',(-1.054420088418E-16,-3.));
#4224 = CARTESIAN_POINT('',(-1.054420088418E-16,3.));
#4225 = ( GEOMETRIC_REPRESENTATION_CONTEXT(2) 
PARAMETRIC_REPRESENTATION_CONTEXT() REPRESENTATION_CONTEXT('2D SPACE',''
  ) );
#4226 = PCURVE('',#4227,#4232);
#4227 = PLANE('',#4228);
#4228 = AXIS2_PLACEMENT_3D('',#4229,#4230,#4231);
#4229 = CARTESIAN_POINT('',(-72.,-72.,0.));
#4230 = DIRECTION('',(0.,0.,1.));
#4231 = DIRECTION('',(1.,0.,0.));
#4232 = DEFINITIONAL_REPRESENTATION('',(#4233),#4237);
#4233 = LINE('',#4234,#4235);
#4234 = CARTESIAN_POINT('',(74.,28.9));
#4235 = VECTOR('',#4236,1.);
#4236 = DIRECTION('',(0.,-1.));
#4237 = ( GEOMETRIC_REPRESENTATION_CONTEXT(2) 
PARAMETRIC_REPRESENTATION_CONTEXT() REPRESENTATION_CONTEXT('2D SPACE',''
  ) );
#4238 = ORIENTED_EDGE('',*,*,#4239,.T.);
#4239 = EDGE_CURVE('',#4213,#3961,#4240,.T.);
#4240 = SURFACE_CURVE('',#4241,(#4246,#4257),.PCURVE_S1.);
#4241 = CIRCLE('',#4242,1.);
#4242 = AXIS2_PLACEMENT_3D('',#4243,#4244,#4245);
#4243 = CARTESIAN_POINT('',(2.,-14.2,0.));
#4244 = DIRECTION('',(-1.,0.,0.));
#4245 = DIRECTION('',(0.,1.,0.));
#4246 = PCURVE('',#1605,#4247);
#4247 = DEFINITIONAL_REPRESENTATION('',(#4248),#4256);
#4248 = ( BOUNDED_CURVE() B_SPLINE_CURVE(2,(#4249,#4250,#4251,#4252,
#4253,#4254,#4255),.UNSPECIFIED.,.T.,.F.) B_SPLINE_CURVE_WITH_KNOTS((1,2
    ,2,2,2,1),(-2.094395102393,0.,2.094395102393,4.188790204786,
6.28318530718,8.377580409573),.UNSPECIFIED.) CURVE() 
GEOMETRIC_REPRESENTATION_ITEM() RATIONAL_B_SPLINE_CURVE((1.,0.5,1.,0.5,
1.,0.5,1.)) REPRESENTATION_ITEM('') );
#4249 = CARTESIAN_POINT('',(-1.054420088418E-16,-1.));
#4250 = CARTESIAN_POINT('',(-1.732050807569,-1.));
#4251 = CARTESIAN_POINT('',(-0.866025403784,0.5));
#4252 = CARTESIAN_POINT('',(-3.503713686713E-16,2.));
#4253 = CARTESIAN_POINT('',(0.866025403784,0.5));
#4254 = CARTESIAN_POINT('',(1.732050807569,-1.));
#4255 = CARTESIAN_POINT('',(-1.054420088418E-16,-1.));
#4256 = ( GEOMETRIC_REPRESENTATION_CONTEXT(2) 
PARAMETRIC_REPRESENTATION_CONTEXT() REPRESENTATION_CONTEXT('2D SPACE',''
  ) );
#4257 = PCURVE('',#3998,#4258);
#4258 = DEFINITIONAL_REPRESENTATION('',(#4259),#4263);
#4259 = LINE('',#4260,#4261);
#4260 = CARTESIAN_POINT('',(-6.28318530718,-2.5));
#4261 = VECTOR('',#4262,1.);
#4262 = DIRECTION('',(1.,-0.));
#4263 = ( GEOMETRIC_REPRESENTATION_CONTEXT(2) 
PARAMETRIC_REPRESENTATION_CONTEXT() REPRESENTATION_CONTEXT('2D SPACE',''
  ) );
#4264 = ADVANCED_FACE('',(#4265),#1567,.T.);
#4265 = FACE_BOUND('',#4266,.F.);
#4266 = EDGE_LOOP('',(#4267,#4268,#4269,#4293));
#4267 = ORIENTED_EDGE('',*,*,#4188,.F.);
#4268 = ORIENTED_EDGE('',*,*,#1547,.F.);
#4269 = ORIENTED_EDGE('',*,*,#4270,.T.);
#4270 = EDGE_CURVE('',#1508,#4271,#4273,.T.);
#4271 = VERTEX_POINT('',#4272);
#4272 = CARTESIAN_POINT('',(5.6,-17.2,3.673940397442E-16));
#4273 = SURFACE_CURVE('',#4274,(#4279,#4286),.PCURVE_S1.);
#4274 = CIRCLE('',#4275,3.);
#4275 = AXIS2_PLACEMENT_3D('',#4276,#4277,#4278);
#4276 = CARTESIAN_POINT('',(5.6,-14.2,0.));
#4277 = DIRECTION('',(1.,0.,0.));
#4278 = DIRECTION('',(0.,1.,0.));
#4279 = PCURVE('',#1567,#4280);
#4280 = DEFINITIONAL_REPRESENTATION('',(#4281),#4285);
#4281 = LINE('',#4282,#4283);
#4282 = CARTESIAN_POINT('',(-0.,-3.6));
#4283 = VECTOR('',#4284,1.);
#4284 = DIRECTION('',(-1.,0.));
#4285 = ( GEOMETRIC_REPRESENTATION_CONTEXT(2) 
PARAMETRIC_REPRESENTATION_CONTEXT() REPRESENTATION_CONTEXT('2D SPACE',''
  ) );
#4286 = PCURVE('',#1531,#4287);
#4287 = DEFINITIONAL_REPRESENTATION('',(#4288),#4292);
#4288 = CIRCLE('',#4289,3.);
#4289 = AXIS2_PLACEMENT_2D('',#4290,#4291);
#4290 = CARTESIAN_POINT('',(-1.054420088418E-16,-1.7763568394E-15));
#4291 = DIRECTION('',(0.,-1.));
#4292 = ( GEOMETRIC_REPRESENTATION_CONTEXT(2) 
PARAMETRIC_REPRESENTATION_CONTEXT() REPRESENTATION_CONTEXT('2D SPACE',''
  ) );
#4293 = ORIENTED_EDGE('',*,*,#4294,.T.);
#4294 = EDGE_CURVE('',#4271,#4189,#4295,.T.);
#4295 = SURFACE_CURVE('',#4296,(#4300,#4306),.PCURVE_S1.);
#4296 = LINE('',#4297,#4298);
#4297 = CARTESIAN_POINT('',(2.,-17.2,0.));
#4298 = VECTOR('',#4299,1.);
#4299 = DIRECTION('',(-1.,-0.,-0.));
#4300 = PCURVE('',#1567,#4301);
#4301 = DEFINITIONAL_REPRESENTATION('',(#4302),#4305);
#4302 = B_SPLINE_CURVE_WITH_KNOTS('',1,(#4303,#4304),.UNSPECIFIED.,.F.,
  .F.,(2,2),(-3.6000006,5.999999999062E-07),.PIECEWISE_BEZIER_KNOTS.);
#4303 = CARTESIAN_POINT('',(-3.14159265359,-3.6000006));
#4304 = CARTESIAN_POINT('',(-3.14159265359,5.999999999062E-07));
#4305 = ( GEOMETRIC_REPRESENTATION_CONTEXT(2) 
PARAMETRIC_REPRESENTATION_CONTEXT() REPRESENTATION_CONTEXT('2D SPACE',''
  ) );
#4306 = PCURVE('',#4227,#4307);
#4307 = DEFINITIONAL_REPRESENTATION('',(#4308),#4312);
#4308 = LINE('',#4309,#4310);
#4309 = CARTESIAN_POINT('',(74.,54.8));
#4310 = VECTOR('',#4311,1.);
#4311 = DIRECTION('',(-1.,0.));
#4312 = ( GEOMETRIC_REPRESENTATION_CONTEXT(2) 
PARAMETRIC_REPRESENTATION_CONTEXT() REPRESENTATION_CONTEXT('2D SPACE',''
  ) );
#4313 = ADVANCED_FACE('',(#4314),#1531,.T.);
#4314 = FACE_BOUND('',#4315,.T.);
#4315 = EDGE_LOOP('',(#4316,#4317,#4318,#4319,#4341));
#4316 = ORIENTED_EDGE('',*,*,#4010,.F.);
#4317 = ORIENTED_EDGE('',*,*,#1507,.T.);
#4318 = ORIENTED_EDGE('',*,*,#4270,.T.);
#4319 = ORIENTED_EDGE('',*,*,#4320,.F.);
#4320 = EDGE_CURVE('',#4321,#4271,#4323,.T.);
#4321 = VERTEX_POINT('',#4322);
#4322 = CARTESIAN_POINT('',(5.6,-15.2,0.));
#4323 = SURFACE_CURVE('',#4324,(#4328,#4334),.PCURVE_S1.);
#4324 = LINE('',#4325,#4326);
#4325 = CARTESIAN_POINT('',(5.6,-43.1,0.));
#4326 = VECTOR('',#4327,1.);
#4327 = DIRECTION('',(0.,-1.,0.));
#4328 = PCURVE('',#1531,#4329);
#4329 = DEFINITIONAL_REPRESENTATION('',(#4330),#4333);
#4330 = B_SPLINE_CURVE_WITH_KNOTS('',1,(#4331,#4332),.UNSPECIFIED.,.F.,
  .F.,(2,2),(-31.9,-25.9),.PIECEWISE_BEZIER_KNOTS.);
#4331 = CARTESIAN_POINT('',(-1.054420088418E-16,-3.));
#4332 = CARTESIAN_POINT('',(-1.054420088418E-16,3.));
#4333 = ( GEOMETRIC_REPRESENTATION_CONTEXT(2) 
PARAMETRIC_REPRESENTATION_CONTEXT() REPRESENTATION_CONTEXT('2D SPACE',''
  ) );
#4334 = PCURVE('',#4227,#4335);
#4335 = DEFINITIONAL_REPRESENTATION('',(#4336),#4340);
#4336 = LINE('',#4337,#4338);
#4337 = CARTESIAN_POINT('',(77.6,28.9));
#4338 = VECTOR('',#4339,1.);
#4339 = DIRECTION('',(0.,-1.));
#4340 = ( GEOMETRIC_REPRESENTATION_CONTEXT(2) 
PARAMETRIC_REPRESENTATION_CONTEXT() REPRESENTATION_CONTEXT('2D SPACE',''
  ) );
#4341 = ORIENTED_EDGE('',*,*,#4342,.T.);
#4342 = EDGE_CURVE('',#4321,#3983,#4343,.T.);
#4343 = SURFACE_CURVE('',#4344,(#4349,#4360),.PCURVE_S1.);
#4344 = CIRCLE('',#4345,1.);
#4345 = AXIS2_PLACEMENT_3D('',#4346,#4347,#4348);
#4346 = CARTESIAN_POINT('',(5.6,-14.2,0.));
#4347 = DIRECTION('',(-1.,0.,0.));
#4348 = DIRECTION('',(0.,1.,0.));
#4349 = PCURVE('',#1531,#4350);
#4350 = DEFINITIONAL_REPRESENTATION('',(#4351),#4359);
#4351 = ( BOUNDED_CURVE() B_SPLINE_CURVE(2,(#4352,#4353,#4354,#4355,
#4356,#4357,#4358),.UNSPECIFIED.,.T.,.F.) B_SPLINE_CURVE_WITH_KNOTS((1,2
    ,2,2,2,1),(-2.094395102393,0.,2.094395102393,4.188790204786,
6.28318530718,8.377580409573),.UNSPECIFIED.) CURVE() 
GEOMETRIC_REPRESENTATION_ITEM() RATIONAL_B_SPLINE_CURVE((1.,0.5,1.,0.5,
1.,0.5,1.)) REPRESENTATION_ITEM('') );
#4352 = CARTESIAN_POINT('',(-1.054420088418E-16,-1.));
#4353 = CARTESIAN_POINT('',(-1.732050807569,-1.));
#4354 = CARTESIAN_POINT('',(-0.866025403784,0.5));
#4355 = CARTESIAN_POINT('',(-3.503713686713E-16,2.));
#4356 = CARTESIAN_POINT('',(0.866025403784,0.5));
#4357 = CARTESIAN_POINT('',(1.732050807569,-1.));
#4358 = CARTESIAN_POINT('',(-1.054420088418E-16,-1.));
#4359 = ( GEOMETRIC_REPRESENTATION_CONTEXT(2) 
PARAMETRIC_REPRESENTATION_CONTEXT() REPRESENTATION_CONTEXT('2D SPACE',''
  ) );
#4360 = PCURVE('',#3998,#4361);
#4361 = DEFINITIONAL_REPRESENTATION('',(#4362),#4366);
#4362 = LINE('',#4363,#4364);
#4363 = CARTESIAN_POINT('',(-6.28318530718,-6.1));
#4364 = VECTOR('',#4365,1.);
#4365 = DIRECTION('',(1.,-0.));
#4366 = ( GEOMETRIC_REPRESENTATION_CONTEXT(2) 
PARAMETRIC_REPRESENTATION_CONTEXT() REPRESENTATION_CONTEXT('2D SPACE',''
  ) );
#4367 = ADVANCED_FACE('',(#4368),#1468,.F.);
#4368 = FACE_BOUND('',#4369,.F.);
#4369 = EDGE_LOOP('',(#4370,#4371,#4372,#4396,#4423));
#4370 = ORIENTED_EDGE('',*,*,#4031,.F.);
#4371 = ORIENTED_EDGE('',*,*,#1444,.T.);
#4372 = ORIENTED_EDGE('',*,*,#4373,.T.);
#4373 = EDGE_CURVE('',#1408,#4374,#4376,.T.);
#4374 = VERTEX_POINT('',#4375);
#4375 = CARTESIAN_POINT('',(10.2,-17.2,3.673940397442E-16));
#4376 = SURFACE_CURVE('',#4377,(#4382,#4389),.PCURVE_S1.);
#4377 = CIRCLE('',#4378,3.);
#4378 = AXIS2_PLACEMENT_3D('',#4379,#4380,#4381);
#4379 = CARTESIAN_POINT('',(10.2,-14.2,0.));
#4380 = DIRECTION('',(1.,0.,0.));
#4381 = DIRECTION('',(0.,1.,0.));
#4382 = PCURVE('',#1468,#4383);
#4383 = DEFINITIONAL_REPRESENTATION('',(#4384),#4388);
#4384 = CIRCLE('',#4385,3.);
#4385 = AXIS2_PLACEMENT_2D('',#4386,#4387);
#4386 = CARTESIAN_POINT('',(-1.054420088418E-16,-1.7763568394E-15));
#4387 = DIRECTION('',(0.,-1.));
#4388 = ( GEOMETRIC_REPRESENTATION_CONTEXT(2) 
PARAMETRIC_REPRESENTATION_CONTEXT() REPRESENTATION_CONTEXT('2D SPACE',''
  ) );
#4389 = PCURVE('',#1429,#4390);
#4390 = DEFINITIONAL_REPRESENTATION('',(#4391),#4395);
#4391 = LINE('',#4392,#4393);
#4392 = CARTESIAN_POINT('',(-0.,0.));
#4393 = VECTOR('',#4394,1.);
#4394 = DIRECTION('',(-1.,0.));
#4395 = ( GEOMETRIC_REPRESENTATION_CONTEXT(2) 
PARAMETRIC_REPRESENTATION_CONTEXT() REPRESENTATION_CONTEXT('2D SPACE',''
  ) );
#4396 = ORIENTED_EDGE('',*,*,#4397,.F.);
#4397 = EDGE_CURVE('',#4398,#4374,#4400,.T.);
#4398 = VERTEX_POINT('',#4399);
#4399 = CARTESIAN_POINT('',(10.2,-15.2,0.));
#4400 = SURFACE_CURVE('',#4401,(#4405,#4411),.PCURVE_S1.);
#4401 = LINE('',#4402,#4403);
#4402 = CARTESIAN_POINT('',(10.2,-43.1,0.));
#4403 = VECTOR('',#4404,1.);
#4404 = DIRECTION('',(0.,-1.,0.));
#4405 = PCURVE('',#1468,#4406);
#4406 = DEFINITIONAL_REPRESENTATION('',(#4407),#4410);
#4407 = B_SPLINE_CURVE_WITH_KNOTS('',1,(#4408,#4409),.UNSPECIFIED.,.F.,
  .F.,(2,2),(-31.9,-25.9),.PIECEWISE_BEZIER_KNOTS.);
#4408 = CARTESIAN_POINT('',(-1.054420088418E-16,-3.));
#4409 = CARTESIAN_POINT('',(-1.054420088418E-16,3.));
#4410 = ( GEOMETRIC_REPRESENTATION_CONTEXT(2) 
PARAMETRIC_REPRESENTATION_CONTEXT() REPRESENTATION_CONTEXT('2D SPACE',''
  ) );
#4411 = PCURVE('',#4412,#4417);
#4412 = PLANE('',#4413);
#4413 = AXIS2_PLACEMENT_3D('',#4414,#4415,#4416);
#4414 = CARTESIAN_POINT('',(-72.,-72.,0.));
#4415 = DIRECTION('',(0.,0.,1.));
#4416 = DIRECTION('',(1.,0.,0.));
#4417 = DEFINITIONAL_REPRESENTATION('',(#4418),#4422);
#4418 = LINE('',#4419,#4420);
#4419 = CARTESIAN_POINT('',(82.2,28.9));
#4420 = VECTOR('',#4421,1.);
#4421 = DIRECTION('',(0.,-1.));
#4422 = ( GEOMETRIC_REPRESENTATION_CONTEXT(2) 
PARAMETRIC_REPRESENTATION_CONTEXT() REPRESENTATION_CONTEXT('2D SPACE',''
  ) );
#4423 = ORIENTED_EDGE('',*,*,#4424,.T.);
#4424 = EDGE_CURVE('',#4398,#4032,#4425,.T.);
#4425 = SURFACE_CURVE('',#4426,(#4431,#4442),.PCURVE_S1.);
#4426 = CIRCLE('',#4427,1.);
#4427 = AXIS2_PLACEMENT_3D('',#4428,#4429,#4430);
#4428 = CARTESIAN_POINT('',(10.2,-14.2,0.));
#4429 = DIRECTION('',(-1.,0.,0.));
#4430 = DIRECTION('',(0.,1.,0.));
#4431 = PCURVE('',#1468,#4432);
#4432 = DEFINITIONAL_REPRESENTATION('',(#4433),#4441);
#4433 = ( BOUNDED_CURVE() B_SPLINE_CURVE(2,(#4434,#4435,#4436,#4437,
#4438,#4439,#4440),.UNSPECIFIED.,.T.,.F.) B_SPLINE_CURVE_WITH_KNOTS((1,2
    ,2,2,2,1),(-2.094395102393,0.,2.094395102393,4.188790204786,
6.28318530718,8.377580409573),.UNSPECIFIED.) CURVE() 
GEOMETRIC_REPRESENTATION_ITEM() RATIONAL_B_SPLINE_CURVE((1.,0.5,1.,0.5,
1.,0.5,1.)) REPRESENTATION_ITEM('') );
#4434 = CARTESIAN_POINT('',(-1.054420088418E-16,-1.));
#4435 = CARTESIAN_POINT('',(-1.732050807569,-1.));
#4436 = CARTESIAN_POINT('',(-0.866025403784,0.5));
#4437 = CARTESIAN_POINT('',(-3.503713686713E-16,2.));
#4438 = CARTESIAN_POINT('',(0.866025403784,0.5));
#4439 = CARTESIAN_POINT('',(1.732050807569,-1.));
#4440 = CARTESIAN_POINT('',(-1.054420088418E-16,-1.));
#4441 = ( GEOMETRIC_REPRESENTATION_CONTEXT(2) 
PARAMETRIC_REPRESENTATION_CONTEXT() REPRESENTATION_CONTEXT('2D SPACE',''
  ) );
#4442 = PCURVE('',#3998,#4443);
#4443 = DEFINITIONAL_REPRESENTATION('',(#4444),#4448);
#4444 = LINE('',#4445,#4446);
#4445 = CARTESIAN_POINT('',(-6.28318530718,-10.7));
#4446 = VECTOR('',#4447,1.);
#4447 = DIRECTION('',(1.,-0.));
#4448 = ( GEOMETRIC_REPRESENTATION_CONTEXT(2) 
PARAMETRIC_REPRESENTATION_CONTEXT() REPRESENTATION_CONTEXT('2D SPACE',''
  ) );
#4449 = ADVANCED_FACE('',(#4450),#1429,.T.);
#4450 = FACE_BOUND('',#4451,.F.);
#4451 = EDGE_LOOP('',(#4452,#4453,#4454,#4478));
#4452 = ORIENTED_EDGE('',*,*,#4373,.F.);
#4453 = ORIENTED_EDGE('',*,*,#1407,.F.);
#4454 = ORIENTED_EDGE('',*,*,#4455,.T.);
#4455 = EDGE_CURVE('',#1368,#4456,#4458,.T.);
#4456 = VERTEX_POINT('',#4457);
#4457 = CARTESIAN_POINT('',(13.8,-17.2,3.673940397442E-16));
#4458 = SURFACE_CURVE('',#4459,(#4464,#4471),.PCURVE_S1.);
#4459 = CIRCLE('',#4460,3.);
#4460 = AXIS2_PLACEMENT_3D('',#4461,#4462,#4463);
#4461 = CARTESIAN_POINT('',(13.8,-14.2,0.));
#4462 = DIRECTION('',(1.,0.,0.));
#4463 = DIRECTION('',(0.,1.,0.));
#4464 = PCURVE('',#1429,#4465);
#4465 = DEFINITIONAL_REPRESENTATION('',(#4466),#4470);
#4466 = LINE('',#4467,#4468);
#4467 = CARTESIAN_POINT('',(-0.,-3.6));
#4468 = VECTOR('',#4469,1.);
#4469 = DIRECTION('',(-1.,0.));
#4470 = ( GEOMETRIC_REPRESENTATION_CONTEXT(2) 
PARAMETRIC_REPRESENTATION_CONTEXT() REPRESENTATION_CONTEXT('2D SPACE',''
  ) );
#4471 = PCURVE('',#1391,#4472);
#4472 = DEFINITIONAL_REPRESENTATION('',(#4473),#4477);
#4473 = CIRCLE('',#4474,3.);
#4474 = AXIS2_PLACEMENT_2D('',#4475,#4476);
#4475 = CARTESIAN_POINT('',(-1.054420088418E-16,-1.7763568394E-15));
#4476 = DIRECTION('',(0.,-1.));
#4477 = ( GEOMETRIC_REPRESENTATION_CONTEXT(2) 
PARAMETRIC_REPRESENTATION_CONTEXT() REPRESENTATION_CONTEXT('2D SPACE',''
  ) );
#4478 = ORIENTED_EDGE('',*,*,#4479,.T.);
#4479 = EDGE_CURVE('',#4456,#4374,#4480,.T.);
#4480 = SURFACE_CURVE('',#4481,(#4485,#4491),.PCURVE_S1.);
#4481 = LINE('',#4482,#4483);
#4482 = CARTESIAN_POINT('',(10.2,-17.2,0.));
#4483 = VECTOR('',#4484,1.);
#4484 = DIRECTION('',(-1.,-0.,-0.));
#4485 = PCURVE('',#1429,#4486);
#4486 = DEFINITIONAL_REPRESENTATION('',(#4487),#4490);
#4487 = B_SPLINE_CURVE_WITH_KNOTS('',1,(#4488,#4489),.UNSPECIFIED.,.F.,
  .F.,(2,2),(-3.6000006,5.999999999062E-07),.PIECEWISE_BEZIER_KNOTS.);
#4488 = CARTESIAN_POINT('',(-3.14159265359,-3.6000006));
#4489 = CARTESIAN_POINT('',(-3.14159265359,5.999999999062E-07));
#4490 = ( GEOMETRIC_REPRESENTATION_CONTEXT(2) 
PARAMETRIC_REPRESENTATION_CONTEXT() REPRESENTATION_CONTEXT('2D SPACE',''
  ) );
#4491 = PCURVE('',#4412,#4492);
#4492 = DEFINITIONAL_REPRESENTATION('',(#4493),#4497);
#4493 = LINE('',#4494,#4495);
#4494 = CARTESIAN_POINT('',(82.2,54.8));
#4495 = VECTOR('',#4496,1.);
#4496 = DIRECTION('',(-1.,0.));
#4497 = ( GEOMETRIC_REPRESENTATION_CONTEXT(2) 
PARAMETRIC_REPRESENTATION_CONTEXT() REPRESENTATION_CONTEXT('2D SPACE',''
  ) );
#4498 = ADVANCED_FACE('',(#4499),#1391,.T.);
#4499 = FACE_BOUND('',#4500,.T.);
#4500 = EDGE_LOOP('',(#4501,#4502,#4503,#4504,#4526));
#4501 = ORIENTED_EDGE('',*,*,#4076,.F.);
#4502 = ORIENTED_EDGE('',*,*,#1367,.T.);
#4503 = ORIENTED_EDGE('',*,*,#4455,.T.);
#4504 = ORIENTED_EDGE('',*,*,#4505,.F.);
#4505 = EDGE_CURVE('',#4506,#4456,#4508,.T.);
#4506 = VERTEX_POINT('',#4507);
#4507 = CARTESIAN_POINT('',(13.8,-15.2,0.));
#4508 = SURFACE_CURVE('',#4509,(#4513,#4519),.PCURVE_S1.);
#4509 = LINE('',#4510,#4511);
#4510 = CARTESIAN_POINT('',(13.8,-43.1,0.));
#4511 = VECTOR('',#4512,1.);
#4512 = DIRECTION('',(0.,-1.,0.));
#4513 = PCURVE('',#1391,#4514);
#4514 = DEFINITIONAL_REPRESENTATION('',(#4515),#4518);
#4515 = B_SPLINE_CURVE_WITH_KNOTS('',1,(#4516,#4517),.UNSPECIFIED.,.F.,
  .F.,(2,2),(-31.9,-25.9),.PIECEWISE_BEZIER_KNOTS.);
#4516 = CARTESIAN_POINT('',(-1.054420088418E-16,-3.));
#4517 = CARTESIAN_POINT('',(-1.054420088418E-16,3.));
#4518 = ( GEOMETRIC_REPRESENTATION_CONTEXT(2) 
PARAMETRIC_REPRESENTATION_CONTEXT() REPRESENTATION_CONTEXT('2D SPACE',''
  ) );
#4519 = PCURVE('',#4412,#4520);
#4520 = DEFINITIONAL_REPRESENTATION('',(#4521),#4525);
#4521 = LINE('',#4522,#4523);
#4522 = CARTESIAN_POINT('',(85.8,28.9));
#4523 = VECTOR('',#4524,1.);
#4524 = DIRECTION('',(0.,-1.));
#4525 = ( GEOMETRIC_REPRESENTATION_CONTEXT(2) 
PARAMETRIC_REPRESENTATION_CONTEXT() REPRESENTATION_CONTEXT('2D SPACE',''
  ) );
#4526 = ORIENTED_EDGE('',*,*,#4527,.T.);
#4527 = EDGE_CURVE('',#4506,#4054,#4528,.T.);
#4528 = SURFACE_CURVE('',#4529,(#4534,#4545),.PCURVE_S1.);
#4529 = CIRCLE('',#4530,1.);
#4530 = AXIS2_PLACEMENT_3D('',#4531,#4532,#4533);
#4531 = CARTESIAN_POINT('',(13.8,-14.2,0.));
#4532 = DIRECTION('',(-1.,0.,0.));
#4533 = DIRECTION('',(0.,1.,0.));
#4534 = PCURVE('',#1391,#4535);
#4535 = DEFINITIONAL_REPRESENTATION('',(#4536),#4544);
#4536 = ( BOUNDED_CURVE() B_SPLINE_CURVE(2,(#4537,#4538,#4539,#4540,
#4541,#4542,#4543),.UNSPECIFIED.,.T.,.F.) B_SPLINE_CURVE_WITH_KNOTS((1,2
    ,2,2,2,1),(-2.094395102393,0.,2.094395102393,4.188790204786,
6.28318530718,8.377580409573),.UNSPECIFIED.) CURVE() 
GEOMETRIC_REPRESENTATION_ITEM() RATIONAL_B_SPLINE_CURVE((1.,0.5,1.,0.5,
1.,0.5,1.)) REPRESENTATION_ITEM('') );
#4537 = CARTESIAN_POINT('',(-1.054420088418E-16,-1.));
#4538 = CARTESIAN_POINT('',(-1.732050807569,-1.));
#4539 = CARTESIAN_POINT('',(-0.866025403784,0.5));
#4540 = CARTESIAN_POINT('',(-3.503713686713E-16,2.));
#4541 = CARTESIAN_POINT('',(0.866025403784,0.5));
#4542 = CARTESIAN_POINT('',(1.732050807569,-1.));
#4543 = CARTESIAN_POINT('',(-1.054420088418E-16,-1.));
#4544 = ( GEOMETRIC_REPRESENTATION_CONTEXT(2) 
PARAMETRIC_REPRESENTATION_CONTEXT() REPRESENTATION_CONTEXT('2D SPACE',''
  ) );
#4545 = PCURVE('',#3998,#4546);
#4546 = DEFINITIONAL_REPRESENTATION('',(#4547),#4551);
#4547 = LINE('',#4548,#4549);
#4548 = CARTESIAN_POINT('',(-6.28318530718,-14.3));
#4549 = VECTOR('',#4550,1.);
#4550 = DIRECTION('',(1.,-0.));
#4551 = ( GEOMETRIC_REPRESENTATION_CONTEXT(2) 
PARAMETRIC_REPRESENTATION_CONTEXT() REPRESENTATION_CONTEXT('2D SPACE',''
  ) );
#4552 = ADVANCED_FACE('',(#4553),#1328,.F.);
#4553 = FACE_BOUND('',#4554,.F.);
#4554 = EDGE_LOOP('',(#4555,#4556,#4557,#4581,#4608));
#4555 = ORIENTED_EDGE('',*,*,#4097,.F.);
#4556 = ORIENTED_EDGE('',*,*,#1304,.T.);
#4557 = ORIENTED_EDGE('',*,*,#4558,.T.);
#4558 = EDGE_CURVE('',#1268,#4559,#4561,.T.);
#4559 = VERTEX_POINT('',#4560);
#4560 = CARTESIAN_POINT('',(18.4,-17.2,3.673940397442E-16));
#4561 = SURFACE_CURVE('',#4562,(#4567,#4574),.PCURVE_S1.);
#4562 = CIRCLE('',#4563,3.);
#4563 = AXIS2_PLACEMENT_3D('',#4564,#4565,#4566);
#4564 = CARTESIAN_POINT('',(18.4,-14.2,0.));
#4565 = DIRECTION('',(1.,0.,0.));
#4566 = DIRECTION('',(0.,1.,0.));
#4567 = PCURVE('',#1328,#4568);
#4568 = DEFINITIONAL_REPRESENTATION('',(#4569),#4573);
#4569 = CIRCLE('',#4570,3.);
#4570 = AXIS2_PLACEMENT_2D('',#4571,#4572);
#4571 = CARTESIAN_POINT('',(-1.054420088418E-16,-1.7763568394E-15));
#4572 = DIRECTION('',(0.,-1.));
#4573 = ( GEOMETRIC_REPRESENTATION_CONTEXT(2) 
PARAMETRIC_REPRESENTATION_CONTEXT() REPRESENTATION_CONTEXT('2D SPACE',''
  ) );
#4574 = PCURVE('',#1289,#4575);
#4575 = DEFINITIONAL_REPRESENTATION('',(#4576),#4580);
#4576 = LINE('',#4577,#4578);
#4577 = CARTESIAN_POINT('',(-0.,0.));
#4578 = VECTOR('',#4579,1.);
#4579 = DIRECTION('',(-1.,0.));
#4580 = ( GEOMETRIC_REPRESENTATION_CONTEXT(2) 
PARAMETRIC_REPRESENTATION_CONTEXT() REPRESENTATION_CONTEXT('2D SPACE',''
  ) );
#4581 = ORIENTED_EDGE('',*,*,#4582,.F.);
#4582 = EDGE_CURVE('',#4583,#4559,#4585,.T.);
#4583 = VERTEX_POINT('',#4584);
#4584 = CARTESIAN_POINT('',(18.4,-15.2,0.));
#4585 = SURFACE_CURVE('',#4586,(#4590,#4596),.PCURVE_S1.);
#4586 = LINE('',#4587,#4588);
#4587 = CARTESIAN_POINT('',(18.4,-43.1,0.));
#4588 = VECTOR('',#4589,1.);
#4589 = DIRECTION('',(0.,-1.,0.));
#4590 = PCURVE('',#1328,#4591);
#4591 = DEFINITIONAL_REPRESENTATION('',(#4592),#4595);
#4592 = B_SPLINE_CURVE_WITH_KNOTS('',1,(#4593,#4594),.UNSPECIFIED.,.F.,
  .F.,(2,2),(-31.9,-25.9),.PIECEWISE_BEZIER_KNOTS.);
#4593 = CARTESIAN_POINT('',(-1.054420088418E-16,-3.));
#4594 = CARTESIAN_POINT('',(-1.054420088418E-16,3.));
#4595 = ( GEOMETRIC_REPRESENTATION_CONTEXT(2) 
PARAMETRIC_REPRESENTATION_CONTEXT() REPRESENTATION_CONTEXT('2D SPACE',''
  ) );
#4596 = PCURVE('',#4597,#4602);
#4597 = PLANE('',#4598);
#4598 = AXIS2_PLACEMENT_3D('',#4599,#4600,#4601);
#4599 = CARTESIAN_POINT('',(-72.,-72.,0.));
#4600 = DIRECTION('',(0.,0.,1.));
#4601 = DIRECTION('',(1.,0.,0.));
#4602 = DEFINITIONAL_REPRESENTATION('',(#4603),#4607);
#4603 = LINE('',#4604,#4605);
#4604 = CARTESIAN_POINT('',(90.4,28.9));
#4605 = VECTOR('',#4606,1.);
#4606 = DIRECTION('',(0.,-1.));
#4607 = ( GEOMETRIC_REPRESENTATION_CONTEXT(2) 
PARAMETRIC_REPRESENTATION_CONTEXT() REPRESENTATION_CONTEXT('2D SPACE',''
  ) );
#4608 = ORIENTED_EDGE('',*,*,#4609,.T.);
#4609 = EDGE_CURVE('',#4583,#4098,#4610,.T.);
#4610 = SURFACE_CURVE('',#4611,(#4616,#4627),.PCURVE_S1.);
#4611 = CIRCLE('',#4612,1.);
#4612 = AXIS2_PLACEMENT_3D('',#4613,#4614,#4615);
#4613 = CARTESIAN_POINT('',(18.4,-14.2,0.));
#4614 = DIRECTION('',(-1.,0.,0.));
#4615 = DIRECTION('',(0.,1.,0.));
#4616 = PCURVE('',#1328,#4617);
#4617 = DEFINITIONAL_REPRESENTATION('',(#4618),#4626);
#4618 = ( BOUNDED_CURVE() B_SPLINE_CURVE(2,(#4619,#4620,#4621,#4622,
#4623,#4624,#4625),.UNSPECIFIED.,.T.,.F.) B_SPLINE_CURVE_WITH_KNOTS((1,2
    ,2,2,2,1),(-2.094395102393,0.,2.094395102393,4.188790204786,
6.28318530718,8.377580409573),.UNSPECIFIED.) CURVE() 
GEOMETRIC_REPRESENTATION_ITEM() RATIONAL_B_SPLINE_CURVE((1.,0.5,1.,0.5,
1.,0.5,1.)) REPRESENTATION_ITEM('') );
#4619 = CARTESIAN_POINT('',(-1.054420088418E-16,-1.));
#4620 = CARTESIAN_POINT('',(-1.732050807569,-1.));
#4621 = CARTESIAN_POINT('',(-0.866025403784,0.5));
#4622 = CARTESIAN_POINT('',(-3.503713686713E-16,2.));
#4623 = CARTESIAN_POINT('',(0.866025403784,0.5));
#4624 = CARTESIAN_POINT('',(1.732050807569,-1.));
#4625 = CARTESIAN_POINT('',(-1.054420088418E-16,-1.));
#4626 = ( GEOMETRIC_REPRESENTATION_CONTEXT(2) 
PARAMETRIC_REPRESENTATION_CONTEXT() REPRESENTATION_CONTEXT('2D SPACE',''
  ) );
#4627 = PCURVE('',#3998,#4628);
#4628 = DEFINITIONAL_REPRESENTATION('',(#4629),#4633);
#4629 = LINE('',#4630,#4631);
#4630 = CARTESIAN_POINT('',(-6.28318530718,-18.9));
#4631 = VECTOR('',#4632,1.);
#4632 = DIRECTION('',(1.,-0.));
#4633 = ( GEOMETRIC_REPRESENTATION_CONTEXT(2) 
PARAMETRIC_REPRESENTATION_CONTEXT() REPRESENTATION_CONTEXT('2D SPACE',''
  ) );
#4634 = ADVANCED_FACE('',(#4635),#1289,.T.);
#4635 = FACE_BOUND('',#4636,.F.);
#4636 = EDGE_LOOP('',(#4637,#4638,#4639,#4663));
#4637 = ORIENTED_EDGE('',*,*,#4558,.F.);
#4638 = ORIENTED_EDGE('',*,*,#1267,.F.);
#4639 = ORIENTED_EDGE('',*,*,#4640,.T.);
#4640 = EDGE_CURVE('',#1228,#4641,#4643,.T.);
#4641 = VERTEX_POINT('',#4642);
#4642 = CARTESIAN_POINT('',(22.,-17.2,3.673940397442E-16));
#4643 = SURFACE_CURVE('',#4644,(#4649,#4656),.PCURVE_S1.);
#4644 = CIRCLE('',#4645,3.);
#4645 = AXIS2_PLACEMENT_3D('',#4646,#4647,#4648);
#4646 = CARTESIAN_POINT('',(22.,-14.2,0.));
#4647 = DIRECTION('',(1.,0.,0.));
#4648 = DIRECTION('',(0.,1.,0.));
#4649 = PCURVE('',#1289,#4650);
#4650 = DEFINITIONAL_REPRESENTATION('',(#4651),#4655);
#4651 = LINE('',#4652,#4653);
#4652 = CARTESIAN_POINT('',(-0.,-3.6));
#4653 = VECTOR('',#4654,1.);
#4654 = DIRECTION('',(-1.,0.));
#4655 = ( GEOMETRIC_REPRESENTATION_CONTEXT(2) 
PARAMETRIC_REPRESENTATION_CONTEXT() REPRESENTATION_CONTEXT('2D SPACE',''
  ) );
#4656 = PCURVE('',#1251,#4657);
#4657 = DEFINITIONAL_REPRESENTATION('',(#4658),#4662);
#4658 = CIRCLE('',#4659,3.);
#4659 = AXIS2_PLACEMENT_2D('',#4660,#4661);
#4660 = CARTESIAN_POINT('',(-1.054420088418E-16,-1.7763568394E-15));
#4661 = DIRECTION('',(0.,-1.));
#4662 = ( GEOMETRIC_REPRESENTATION_CONTEXT(2) 
PARAMETRIC_REPRESENTATION_CONTEXT() REPRESENTATION_CONTEXT('2D SPACE',''
  ) );
#4663 = ORIENTED_EDGE('',*,*,#4664,.T.);
#4664 = EDGE_CURVE('',#4641,#4559,#4665,.T.);
#4665 = SURFACE_CURVE('',#4666,(#4670,#4676),.PCURVE_S1.);
#4666 = LINE('',#4667,#4668);
#4667 = CARTESIAN_POINT('',(18.4,-17.2,0.));
#4668 = VECTOR('',#4669,1.);
#4669 = DIRECTION('',(-1.,-0.,-0.));
#4670 = PCURVE('',#1289,#4671);
#4671 = DEFINITIONAL_REPRESENTATION('',(#4672),#4675);
#4672 = B_SPLINE_CURVE_WITH_KNOTS('',1,(#4673,#4674),.UNSPECIFIED.,.F.,
  .F.,(2,2),(-3.6000006,5.999999999062E-07),.PIECEWISE_BEZIER_KNOTS.);
#4673 = CARTESIAN_POINT('',(-3.14159265359,-3.6000006));
#4674 = CARTESIAN_POINT('',(-3.14159265359,5.999999999062E-07));
#4675 = ( GEOMETRIC_REPRESENTATION_CONTEXT(2) 
PARAMETRIC_REPRESENTATION_CONTEXT() REPRESENTATION_CONTEXT('2D SPACE',''
  ) );
#4676 = PCURVE('',#4597,#4677);
#4677 = DEFINITIONAL_REPRESENTATION('',(#4678),#4682);
#4678 = LINE('',#4679,#4680);
#4679 = CARTESIAN_POINT('',(90.4,54.8));
#4680 = VECTOR('',#4681,1.);
#4681 = DIRECTION('',(-1.,0.));
#4682 = ( GEOMETRIC_REPRESENTATION_CONTEXT(2) 
PARAMETRIC_REPRESENTATION_CONTEXT() REPRESENTATION_CONTEXT('2D SPACE',''
  ) );
#4683 = ADVANCED_FACE('',(#4684),#1251,.T.);
#4684 = FACE_BOUND('',#4685,.T.);
#4685 = EDGE_LOOP('',(#4686,#4687,#4688,#4689,#4711));
#4686 = ORIENTED_EDGE('',*,*,#4142,.F.);
#4687 = ORIENTED_EDGE('',*,*,#1227,.T.);
#4688 = ORIENTED_EDGE('',*,*,#4640,.T.);
#4689 = ORIENTED_EDGE('',*,*,#4690,.F.);
#4690 = EDGE_CURVE('',#4691,#4641,#4693,.T.);
#4691 = VERTEX_POINT('',#4692);
#4692 = CARTESIAN_POINT('',(22.,-15.2,0.));
#4693 = SURFACE_CURVE('',#4694,(#4698,#4704),.PCURVE_S1.);
#4694 = LINE('',#4695,#4696);
#4695 = CARTESIAN_POINT('',(22.,-43.1,0.));
#4696 = VECTOR('',#4697,1.);
#4697 = DIRECTION('',(0.,-1.,0.));
#4698 = PCURVE('',#1251,#4699);
#4699 = DEFINITIONAL_REPRESENTATION('',(#4700),#4703);
#4700 = B_SPLINE_CURVE_WITH_KNOTS('',1,(#4701,#4702),.UNSPECIFIED.,.F.,
  .F.,(2,2),(-31.9,-25.9),.PIECEWISE_BEZIER_KNOTS.);
#4701 = CARTESIAN_POINT('',(-1.054420088418E-16,-3.));
#4702 = CARTESIAN_POINT('',(-1.054420088418E-16,3.));
#4703 = ( GEOMETRIC_REPRESENTATION_CONTEXT(2) 
PARAMETRIC_REPRESENTATION_CONTEXT() REPRESENTATION_CONTEXT('2D SPACE',''
  ) );
#4704 = PCURVE('',#4597,#4705);
#4705 = DEFINITIONAL_REPRESENTATION('',(#4706),#4710);
#4706 = LINE('',#4707,#4708);
#4707 = CARTESIAN_POINT('',(94.,28.9));
#4708 = VECTOR('',#4709,1.);
#4709 = DIRECTION('',(0.,-1.));
#4710 = ( GEOMETRIC_REPRESENTATION_CONTEXT(2) 
PARAMETRIC_REPRESENTATION_CONTEXT() REPRESENTATION_CONTEXT('2D SPACE',''
  ) );
#4711 = ORIENTED_EDGE('',*,*,#4712,.T.);
#4712 = EDGE_CURVE('',#4691,#4120,#4713,.T.);
#4713 = SURFACE_CURVE('',#4714,(#4719,#4730),.PCURVE_S1.);
#4714 = CIRCLE('',#4715,1.);
#4715 = AXIS2_PLACEMENT_3D('',#4716,#4717,#4718);
#4716 = CARTESIAN_POINT('',(22.,-14.2,0.));
#4717 = DIRECTION('',(-1.,0.,0.));
#4718 = DIRECTION('',(0.,1.,0.));
#4719 = PCURVE('',#1251,#4720);
#4720 = DEFINITIONAL_REPRESENTATION('',(#4721),#4729);
#4721 = ( BOUNDED_CURVE() B_SPLINE_CURVE(2,(#4722,#4723,#4724,#4725,
#4726,#4727,#4728),.UNSPECIFIED.,.T.,.F.) B_SPLINE_CURVE_WITH_KNOTS((1,2
    ,2,2,2,1),(-2.094395102393,0.,2.094395102393,4.188790204786,
6.28318530718,8.377580409573),.UNSPECIFIED.) CURVE() 
GEOMETRIC_REPRESENTATION_ITEM() RATIONAL_B_SPLINE_CURVE((1.,0.5,1.,0.5,
1.,0.5,1.)) REPRESENTATION_ITEM('') );
#4722 = CARTESIAN_POINT('',(-1.054420088418E-16,-1.));
#4723 = CARTESIAN_POINT('',(-1.732050807569,-1.));
#4724 = CARTESIAN_POINT('',(-0.866025403784,0.5));
#4725 = CARTESIAN_POINT('',(-3.503713686713E-16,2.));
#4726 = CARTESIAN_POINT('',(0.866025403784,0.5));
#4727 = CARTESIAN_POINT('',(1.732050807569,-1.));
#4728 = CARTESIAN_POINT('',(-1.054420088418E-16,-1.));
#4729 = ( GEOMETRIC_REPRESENTATION_CONTEXT(2) 
PARAMETRIC_REPRESENTATION_CONTEXT() REPRESENTATION_CONTEXT('2D SPACE',''
  ) );
#4730 = PCURVE('',#3998,#4731);
#4731 = DEFINITIONAL_REPRESENTATION('',(#4732),#4736);
#4732 = LINE('',#4733,#4734);
#4733 = CARTESIAN_POINT('',(-6.28318530718,-22.5));
#4734 = VECTOR('',#4735,1.);
#4735 = DIRECTION('',(1.,-0.));
#4736 = ( GEOMETRIC_REPRESENTATION_CONTEXT(2) 
PARAMETRIC_REPRESENTATION_CONTEXT() REPRESENTATION_CONTEXT('2D SPACE',''
  ) );
#4737 = ADVANCED_FACE('',(#4738),#1192,.T.);
#4738 = FACE_BOUND('',#4739,.T.);
#4739 = EDGE_LOOP('',(#4740,#4741,#4762,#4763,#4764,#4765,#4784,#4785));
#4740 = ORIENTED_EDGE('',*,*,#2142,.T.);
#4741 = ORIENTED_EDGE('',*,*,#4742,.T.);
#4742 = EDGE_CURVE('',#2143,#1148,#4743,.T.);
#4743 = SURFACE_CURVE('',#4744,(#4748,#4755),.PCURVE_S1.);
#4744 = LINE('',#4745,#4746);
#4745 = CARTESIAN_POINT('',(24.,6.,10.2));
#4746 = VECTOR('',#4747,1.);
#4747 = DIRECTION('',(0.,-1.,0.));
#4748 = PCURVE('',#1192,#4749);
#4749 = DEFINITIONAL_REPRESENTATION('',(#4750),#4754);
#4750 = LINE('',#4751,#4752);
#4751 = CARTESIAN_POINT('',(10.2,-6.));
#4752 = VECTOR('',#4753,1.);
#4753 = DIRECTION('',(0.,1.));
#4754 = ( GEOMETRIC_REPRESENTATION_CONTEXT(2) 
PARAMETRIC_REPRESENTATION_CONTEXT() REPRESENTATION_CONTEXT('2D SPACE',''
  ) );
#4755 = PCURVE('',#1163,#4756);
#4756 = DEFINITIONAL_REPRESENTATION('',(#4757),#4761);
#4757 = LINE('',#4758,#4759);
#4758 = CARTESIAN_POINT('',(0.,-24.));
#4759 = VECTOR('',#4760,1.);
#4760 = DIRECTION('',(1.,0.));
#4761 = ( GEOMETRIC_REPRESENTATION_CONTEXT(2) 
PARAMETRIC_REPRESENTATION_CONTEXT() REPRESENTATION_CONTEXT('2D SPACE',''
  ) );
#4762 = ORIENTED_EDGE('',*,*,#1175,.T.);
#4763 = ORIENTED_EDGE('',*,*,#4163,.F.);
#4764 = ORIENTED_EDGE('',*,*,#3828,.T.);
#4765 = ORIENTED_EDGE('',*,*,#4766,.T.);
#4766 = EDGE_CURVE('',#3806,#2754,#4767,.T.);
#4767 = SURFACE_CURVE('',#4768,(#4772,#4778),.PCURVE_S1.);
#4768 = LINE('',#4769,#4770);
#4769 = CARTESIAN_POINT('',(24.,3.,8.));
#4770 = VECTOR('',#4771,1.);
#4771 = DIRECTION('',(-0.,1.,0.));
#4772 = PCURVE('',#1192,#4773);
#4773 = DEFINITIONAL_REPRESENTATION('',(#4774),#4777);
#4774 = B_SPLINE_CURVE_WITH_KNOTS('',1,(#4775,#4776),.UNSPECIFIED.,.F.,
  .F.,(2,2),(-9.,3.),.PIECEWISE_BEZIER_KNOTS.);
#4775 = CARTESIAN_POINT('',(8.,6.));
#4776 = CARTESIAN_POINT('',(8.,-6.));
#4777 = ( GEOMETRIC_REPRESENTATION_CONTEXT(2) 
PARAMETRIC_REPRESENTATION_CONTEXT() REPRESENTATION_CONTEXT('2D SPACE',''
  ) );
#4778 = PCURVE('',#2915,#4779);
#4779 = DEFINITIONAL_REPRESENTATION('',(#4780),#4783);
#4780 = B_SPLINE_CURVE_WITH_KNOTS('',1,(#4781,#4782),.UNSPECIFIED.,.F.,
  .F.,(2,2),(-9.,3.),.PIECEWISE_BEZIER_KNOTS.);
#4781 = CARTESIAN_POINT('',(12.,-26.));
#4782 = CARTESIAN_POINT('',(-8.881784197001E-16,-26.));
#4783 = ( GEOMETRIC_REPRESENTATION_CONTEXT(2) 
PARAMETRIC_REPRESENTATION_CONTEXT() REPRESENTATION_CONTEXT('2D SPACE',''
  ) );
#4784 = ORIENTED_EDGE('',*,*,#2753,.T.);
#4785 = ORIENTED_EDGE('',*,*,#2708,.F.);
#4786 = ADVANCED_FACE('',(#4787),#1163,.F.);
#4787 = FACE_BOUND('',#4788,.F.);
#4788 = EDGE_LOOP('',(#4789,#4808,#4809,#4810));
#4789 = ORIENTED_EDGE('',*,*,#4790,.F.);
#4790 = EDGE_CURVE('',#2167,#1060,#4791,.T.);
#4791 = SURFACE_CURVE('',#4792,(#4796,#4802),.PCURVE_S1.);
#4792 = LINE('',#4793,#4794);
#4793 = CARTESIAN_POINT('',(22.1,3.,10.2));
#4794 = VECTOR('',#4795,1.);
#4795 = DIRECTION('',(0.,-1.,0.));
#4796 = PCURVE('',#1163,#4797);
#4797 = DEFINITIONAL_REPRESENTATION('',(#4798),#4801);
#4798 = B_SPLINE_CURVE_WITH_KNOTS('',1,(#4799,#4800),.UNSPECIFIED.,.F.,
  .F.,(2,2),(-3.,9.),.PIECEWISE_BEZIER_KNOTS.);
#4799 = CARTESIAN_POINT('',(-2.6645352591E-15,-22.1));
#4800 = CARTESIAN_POINT('',(12.,-22.1));
#4801 = ( GEOMETRIC_REPRESENTATION_CONTEXT(2) 
PARAMETRIC_REPRESENTATION_CONTEXT() REPRESENTATION_CONTEXT('2D SPACE',''
  ) );
#4802 = PCURVE('',#1115,#4803);
#4803 = DEFINITIONAL_REPRESENTATION('',(#4804),#4807);
#4804 = B_SPLINE_CURVE_WITH_KNOTS('',1,(#4805,#4806),.UNSPECIFIED.,.F.,
  .F.,(2,2),(-3.,9.),.PIECEWISE_BEZIER_KNOTS.);
#4805 = CARTESIAN_POINT('',(2.2,-6.));
#4806 = CARTESIAN_POINT('',(2.2,6.));
#4807 = ( GEOMETRIC_REPRESENTATION_CONTEXT(2) 
PARAMETRIC_REPRESENTATION_CONTEXT() REPRESENTATION_CONTEXT('2D SPACE',''
  ) );
#4808 = ORIENTED_EDGE('',*,*,#2166,.T.);
#4809 = ORIENTED_EDGE('',*,*,#4742,.T.);
#4810 = ORIENTED_EDGE('',*,*,#1147,.F.);
#4811 = ADVANCED_FACE('',(#4812),#1115,.F.);
#4812 = FACE_BOUND('',#4813,.F.);
#4813 = EDGE_LOOP('',(#4814,#4837,#4858,#4859,#4878,#4879,#4902,#4923,
    #4924,#4925));
#4814 = ORIENTED_EDGE('',*,*,#4815,.T.);
#4815 = EDGE_CURVE('',#1023,#4816,#4818,.T.);
#4816 = VERTEX_POINT('',#4817);
#4817 = CARTESIAN_POINT('',(22.1,-10.53,5.));
#4818 = SURFACE_CURVE('',#4819,(#4823,#4830),.PCURVE_S1.);
#4819 = LINE('',#4820,#4821);
#4820 = CARTESIAN_POINT('',(22.1,-10.53,11.));
#4821 = VECTOR('',#4822,1.);
#4822 = DIRECTION('',(0.,0.,-1.));
#4823 = PCURVE('',#1115,#4824);
#4824 = DEFINITIONAL_REPRESENTATION('',(#4825),#4829);
#4825 = LINE('',#4826,#4827);
#4826 = CARTESIAN_POINT('',(3.,10.53));
#4827 = VECTOR('',#4828,1.);
#4828 = DIRECTION('',(-1.,0.));
#4829 = ( GEOMETRIC_REPRESENTATION_CONTEXT(2) 
PARAMETRIC_REPRESENTATION_CONTEXT() REPRESENTATION_CONTEXT('2D SPACE',''
  ) );
#4830 = PCURVE('',#1044,#4831);
#4831 = DEFINITIONAL_REPRESENTATION('',(#4832),#4836);
#4832 = LINE('',#4833,#4834);
#4833 = CARTESIAN_POINT('',(0.,-3.2));
#4834 = VECTOR('',#4835,1.);
#4835 = DIRECTION('',(1.,0.));
#4836 = ( GEOMETRIC_REPRESENTATION_CONTEXT(2) 
PARAMETRIC_REPRESENTATION_CONTEXT() REPRESENTATION_CONTEXT('2D SPACE',''
  ) );
#4837 = ORIENTED_EDGE('',*,*,#4838,.T.);
#4838 = EDGE_CURVE('',#4816,#3689,#4839,.T.);
#4839 = SURFACE_CURVE('',#4840,(#4844,#4851),.PCURVE_S1.);
#4840 = LINE('',#4841,#4842);
#4841 = CARTESIAN_POINT('',(22.1,-10.53,5.));
#4842 = VECTOR('',#4843,1.);
#4843 = DIRECTION('',(0.,1.,0.));
#4844 = PCURVE('',#1115,#4845);
#4845 = DEFINITIONAL_REPRESENTATION('',(#4846),#4850);
#4846 = LINE('',#4847,#4848);
#4847 = CARTESIAN_POINT('',(-3.,10.53));
#4848 = VECTOR('',#4849,1.);
#4849 = DIRECTION('',(0.,-1.));
#4850 = ( GEOMETRIC_REPRESENTATION_CONTEXT(2) 
PARAMETRIC_REPRESENTATION_CONTEXT() REPRESENTATION_CONTEXT('2D SPACE',''
  ) );
#4851 = PCURVE('',#3710,#4852);
#4852 = DEFINITIONAL_REPRESENTATION('',(#4853),#4857);
#4853 = LINE('',#4854,#4855);
#4854 = CARTESIAN_POINT('',(0.,-3.2));
#4855 = VECTOR('',#4856,1.);
#4856 = DIRECTION('',(1.,0.));
#4857 = ( GEOMETRIC_REPRESENTATION_CONTEXT(2) 
PARAMETRIC_REPRESENTATION_CONTEXT() REPRESENTATION_CONTEXT('2D SPACE',''
  ) );
#4858 = ORIENTED_EDGE('',*,*,#3725,.T.);
#4859 = ORIENTED_EDGE('',*,*,#4860,.F.);
#4860 = EDGE_CURVE('',#2900,#3726,#4861,.T.);
#4861 = SURFACE_CURVE('',#4862,(#4866,#4872),.PCURVE_S1.);
#4862 = LINE('',#4863,#4864);
#4863 = CARTESIAN_POINT('',(22.1,3.,8.));
#4864 = VECTOR('',#4865,1.);
#4865 = DIRECTION('',(0.,-1.,0.));
#4866 = PCURVE('',#1115,#4867);
#4867 = DEFINITIONAL_REPRESENTATION('',(#4868),#4871);
#4868 = B_SPLINE_CURVE_WITH_KNOTS('',1,(#4869,#4870),.UNSPECIFIED.,.F.,
  .F.,(2,2),(-3.,9.),.PIECEWISE_BEZIER_KNOTS.);
#4869 = CARTESIAN_POINT('',(0.,-6.));
#4870 = CARTESIAN_POINT('',(0.,6.));
#4871 = ( GEOMETRIC_REPRESENTATION_CONTEXT(2) 
PARAMETRIC_REPRESENTATION_CONTEXT() REPRESENTATION_CONTEXT('2D SPACE',''
  ) );
#4872 = PCURVE('',#2915,#4873);
#4873 = DEFINITIONAL_REPRESENTATION('',(#4874),#4877);
#4874 = B_SPLINE_CURVE_WITH_KNOTS('',1,(#4875,#4876),.UNSPECIFIED.,.F.,
  .F.,(2,2),(-3.,9.),.PIECEWISE_BEZIER_KNOTS.);
#4875 = CARTESIAN_POINT('',(-8.881784197001E-16,-24.1));
#4876 = CARTESIAN_POINT('',(12.,-24.1));
#4877 = ( GEOMETRIC_REPRESENTATION_CONTEXT(2) 
PARAMETRIC_REPRESENTATION_CONTEXT() REPRESENTATION_CONTEXT('2D SPACE',''
  ) );
#4878 = ORIENTED_EDGE('',*,*,#2927,.T.);
#4879 = ORIENTED_EDGE('',*,*,#4880,.T.);
#4880 = EDGE_CURVE('',#2928,#4881,#4883,.T.);
#4881 = VERTEX_POINT('',#4882);
#4882 = CARTESIAN_POINT('',(22.1,10.53,5.));
#4883 = SURFACE_CURVE('',#4884,(#4888,#4895),.PCURVE_S1.);
#4884 = LINE('',#4885,#4886);
#4885 = CARTESIAN_POINT('',(22.1,-10.53,5.));
#4886 = VECTOR('',#4887,1.);
#4887 = DIRECTION('',(0.,1.,0.));
#4888 = PCURVE('',#1115,#4889);
#4889 = DEFINITIONAL_REPRESENTATION('',(#4890),#4894);
#4890 = LINE('',#4891,#4892);
#4891 = CARTESIAN_POINT('',(-3.,10.53));
#4892 = VECTOR('',#4893,1.);
#4893 = DIRECTION('',(0.,-1.));
#4894 = ( GEOMETRIC_REPRESENTATION_CONTEXT(2) 
PARAMETRIC_REPRESENTATION_CONTEXT() REPRESENTATION_CONTEXT('2D SPACE',''
  ) );
#4895 = PCURVE('',#3044,#4896);
#4896 = DEFINITIONAL_REPRESENTATION('',(#4897),#4901);
#4897 = LINE('',#4898,#4899);
#4898 = CARTESIAN_POINT('',(0.,-3.2));
#4899 = VECTOR('',#4900,1.);
#4900 = DIRECTION('',(1.,0.));
#4901 = ( GEOMETRIC_REPRESENTATION_CONTEXT(2) 
PARAMETRIC_REPRESENTATION_CONTEXT() REPRESENTATION_CONTEXT('2D SPACE',''
  ) );
#4902 = ORIENTED_EDGE('',*,*,#4903,.T.);
#4903 = EDGE_CURVE('',#4881,#2190,#4904,.T.);
#4904 = SURFACE_CURVE('',#4905,(#4909,#4916),.PCURVE_S1.);
#4905 = LINE('',#4906,#4907);
#4906 = CARTESIAN_POINT('',(22.1,10.53,5.));
#4907 = VECTOR('',#4908,1.);
#4908 = DIRECTION('',(0.,0.,1.));
#4909 = PCURVE('',#1115,#4910);
#4910 = DEFINITIONAL_REPRESENTATION('',(#4911),#4915);
#4911 = LINE('',#4912,#4913);
#4912 = CARTESIAN_POINT('',(-3.,-10.53));
#4913 = VECTOR('',#4914,1.);
#4914 = DIRECTION('',(1.,0.));
#4915 = ( GEOMETRIC_REPRESENTATION_CONTEXT(2) 
PARAMETRIC_REPRESENTATION_CONTEXT() REPRESENTATION_CONTEXT('2D SPACE',''
  ) );
#4916 = PCURVE('',#2294,#4917);
#4917 = DEFINITIONAL_REPRESENTATION('',(#4918),#4922);
#4918 = LINE('',#4919,#4920);
#4919 = CARTESIAN_POINT('',(0.,-3.2));
#4920 = VECTOR('',#4921,1.);
#4921 = DIRECTION('',(1.,0.));
#4922 = ( GEOMETRIC_REPRESENTATION_CONTEXT(2) 
PARAMETRIC_REPRESENTATION_CONTEXT() REPRESENTATION_CONTEXT('2D SPACE',''
  ) );
#4923 = ORIENTED_EDGE('',*,*,#2189,.F.);
#4924 = ORIENTED_EDGE('',*,*,#4790,.T.);
#4925 = ORIENTED_EDGE('',*,*,#1059,.F.);
#4926 = ADVANCED_FACE('',(#4927),#1044,.T.);
#4927 = FACE_BOUND('',#4928,.T.);
#4928 = EDGE_LOOP('',(#4929,#4952,#4953,#4954));
#4929 = ORIENTED_EDGE('',*,*,#4930,.F.);
#4930 = EDGE_CURVE('',#935,#4931,#4933,.T.);
#4931 = VERTEX_POINT('',#4932);
#4932 = CARTESIAN_POINT('',(18.9,-10.53,5.));
#4933 = SURFACE_CURVE('',#4934,(#4938,#4945),.PCURVE_S1.);
#4934 = LINE('',#4935,#4936);
#4935 = CARTESIAN_POINT('',(18.9,-10.53,11.));
#4936 = VECTOR('',#4937,1.);
#4937 = DIRECTION('',(0.,0.,-1.));
#4938 = PCURVE('',#1044,#4939);
#4939 = DEFINITIONAL_REPRESENTATION('',(#4940),#4944);
#4940 = LINE('',#4941,#4942);
#4941 = CARTESIAN_POINT('',(0.,0.));
#4942 = VECTOR('',#4943,1.);
#4943 = DIRECTION('',(1.,0.));
#4944 = ( GEOMETRIC_REPRESENTATION_CONTEXT(2) 
PARAMETRIC_REPRESENTATION_CONTEXT() REPRESENTATION_CONTEXT('2D SPACE',''
  ) );
#4945 = PCURVE('',#990,#4946);
#4946 = DEFINITIONAL_REPRESENTATION('',(#4947),#4951);
#4947 = LINE('',#4948,#4949);
#4948 = CARTESIAN_POINT('',(3.,10.53));
#4949 = VECTOR('',#4950,1.);
#4950 = DIRECTION('',(-1.,0.));
#4951 = ( GEOMETRIC_REPRESENTATION_CONTEXT(2) 
PARAMETRIC_REPRESENTATION_CONTEXT() REPRESENTATION_CONTEXT('2D SPACE',''
  ) );
#4952 = ORIENTED_EDGE('',*,*,#1022,.F.);
#4953 = ORIENTED_EDGE('',*,*,#4815,.T.);
#4954 = ORIENTED_EDGE('',*,*,#4955,.F.);
#4955 = EDGE_CURVE('',#4931,#4816,#4956,.T.);
#4956 = SURFACE_CURVE('',#4957,(#4961,#4968),.PCURVE_S1.);
#4957 = LINE('',#4958,#4959);
#4958 = CARTESIAN_POINT('',(18.9,-10.53,5.));
#4959 = VECTOR('',#4960,1.);
#4960 = DIRECTION('',(1.,0.,0.));
#4961 = PCURVE('',#1044,#4962);
#4962 = DEFINITIONAL_REPRESENTATION('',(#4963),#4967);
#4963 = LINE('',#4964,#4965);
#4964 = CARTESIAN_POINT('',(6.,0.));
#4965 = VECTOR('',#4966,1.);
#4966 = DIRECTION('',(0.,-1.));
#4967 = ( GEOMETRIC_REPRESENTATION_CONTEXT(2) 
PARAMETRIC_REPRESENTATION_CONTEXT() REPRESENTATION_CONTEXT('2D SPACE',''
  ) );
#4968 = PCURVE('',#3710,#4969);
#4969 = DEFINITIONAL_REPRESENTATION('',(#4970),#4974);
#4970 = LINE('',#4971,#4972);
#4971 = CARTESIAN_POINT('',(0.,0.));
#4972 = VECTOR('',#4973,1.);
#4973 = DIRECTION('',(0.,-1.));
#4974 = ( GEOMETRIC_REPRESENTATION_CONTEXT(2) 
PARAMETRIC_REPRESENTATION_CONTEXT() REPRESENTATION_CONTEXT('2D SPACE',''
  ) );
#4975 = ADVANCED_FACE('',(#4976),#990,.T.);
#4976 = FACE_BOUND('',#4977,.T.);
#4977 = EDGE_LOOP('',(#4978,#4979,#5000,#5001,#5022,#5048,#5074,#5100,
    #5119,#5120,#5143,#5164,#5165,#5184));
#4978 = ORIENTED_EDGE('',*,*,#4930,.T.);
#4979 = ORIENTED_EDGE('',*,*,#4980,.T.);
#4980 = EDGE_CURVE('',#4931,#3609,#4981,.T.);
#4981 = SURFACE_CURVE('',#4982,(#4986,#4993),.PCURVE_S1.);
#4982 = LINE('',#4983,#4984);
#4983 = CARTESIAN_POINT('',(18.9,-10.53,5.));
#4984 = VECTOR('',#4985,1.);
#4985 = DIRECTION('',(0.,1.,0.));
#4986 = PCURVE('',#990,#4987);
#4987 = DEFINITIONAL_REPRESENTATION('',(#4988),#4992);
#4988 = LINE('',#4989,#4990);
#4989 = CARTESIAN_POINT('',(-3.,10.53));
#4990 = VECTOR('',#4991,1.);
#4991 = DIRECTION('',(0.,-1.));
#4992 = ( GEOMETRIC_REPRESENTATION_CONTEXT(2) 
PARAMETRIC_REPRESENTATION_CONTEXT() REPRESENTATION_CONTEXT('2D SPACE',''
  ) );
#4993 = PCURVE('',#3710,#4994);
#4994 = DEFINITIONAL_REPRESENTATION('',(#4995),#4999);
#4995 = LINE('',#4996,#4997);
#4996 = CARTESIAN_POINT('',(0.,0.));
#4997 = VECTOR('',#4998,1.);
#4998 = DIRECTION('',(1.,0.));
#4999 = ( GEOMETRIC_REPRESENTATION_CONTEXT(2) 
PARAMETRIC_REPRESENTATION_CONTEXT() REPRESENTATION_CONTEXT('2D SPACE',''
  ) );
#5000 = ORIENTED_EDGE('',*,*,#3608,.T.);
#5001 = ORIENTED_EDGE('',*,*,#5002,.F.);
#5002 = EDGE_CURVE('',#5003,#3581,#5005,.T.);
#5003 = VERTEX_POINT('',#5004);
#5004 = CARTESIAN_POINT('',(18.9,-4.,8.));
#5005 = SURFACE_CURVE('',#5006,(#5010,#5016),.PCURVE_S1.);
#5006 = LINE('',#5007,#5008);
#5007 = CARTESIAN_POINT('',(18.9,3.,8.));
#5008 = VECTOR('',#5009,1.);
#5009 = DIRECTION('',(0.,-1.,0.));
#5010 = PCURVE('',#990,#5011);
#5011 = DEFINITIONAL_REPRESENTATION('',(#5012),#5015);
#5012 = B_SPLINE_CURVE_WITH_KNOTS('',1,(#5013,#5014),.UNSPECIFIED.,.F.,
  .F.,(2,2),(-3.,9.),.PIECEWISE_BEZIER_KNOTS.);
#5013 = CARTESIAN_POINT('',(0.,-6.));
#5014 = CARTESIAN_POINT('',(0.,6.));
#5015 = ( GEOMETRIC_REPRESENTATION_CONTEXT(2) 
PARAMETRIC_REPRESENTATION_CONTEXT() REPRESENTATION_CONTEXT('2D SPACE',''
  ) );
#5016 = PCURVE('',#3596,#5017);
#5017 = DEFINITIONAL_REPRESENTATION('',(#5018),#5021);
#5018 = B_SPLINE_CURVE_WITH_KNOTS('',1,(#5019,#5020),.UNSPECIFIED.,.F.,
  .F.,(2,2),(-3.,9.),.PIECEWISE_BEZIER_KNOTS.);
#5019 = CARTESIAN_POINT('',(-8.881784197001E-16,-20.9));
#5020 = CARTESIAN_POINT('',(12.,-20.9));
#5021 = ( GEOMETRIC_REPRESENTATION_CONTEXT(2) 
PARAMETRIC_REPRESENTATION_CONTEXT() REPRESENTATION_CONTEXT('2D SPACE',''
  ) );
#5022 = ORIENTED_EDGE('',*,*,#5023,.F.);
#5023 = EDGE_CURVE('',#5024,#5003,#5026,.T.);
#5024 = VERTEX_POINT('',#5025);
#5025 = CARTESIAN_POINT('',(18.9,-4.,9.3));
#5026 = SURFACE_CURVE('',#5027,(#5031,#5037),.PCURVE_S1.);
#5027 = LINE('',#5028,#5029);
#5028 = CARTESIAN_POINT('',(18.9,-4.,7.8));
#5029 = VECTOR('',#5030,1.);
#5030 = DIRECTION('',(0.,0.,-1.));
#5031 = PCURVE('',#990,#5032);
#5032 = DEFINITIONAL_REPRESENTATION('',(#5033),#5036);
#5033 = B_SPLINE_CURVE_WITH_KNOTS('',1,(#5034,#5035),.UNSPECIFIED.,.F.,
  .F.,(2,2),(-1.5,-0.2),.PIECEWISE_BEZIER_KNOTS.);
#5034 = CARTESIAN_POINT('',(1.3,4.));
#5035 = CARTESIAN_POINT('',(0.,4.));
#5036 = ( GEOMETRIC_REPRESENTATION_CONTEXT(2) 
PARAMETRIC_REPRESENTATION_CONTEXT() REPRESENTATION_CONTEXT('2D SPACE',''
  ) );
#5037 = PCURVE('',#5038,#5043);
#5038 = PLANE('',#5039);
#5039 = AXIS2_PLACEMENT_3D('',#5040,#5041,#5042);
#5040 = CARTESIAN_POINT('',(4.,-4.,7.6));
#5041 = DIRECTION('',(0.,1.,0.));
#5042 = DIRECTION('',(0.,0.,1.));
#5043 = DEFINITIONAL_REPRESENTATION('',(#5044),#5047);
#5044 = B_SPLINE_CURVE_WITH_KNOTS('',1,(#5045,#5046),.UNSPECIFIED.,.F.,
  .F.,(2,2),(-1.5,-0.2),.PIECEWISE_BEZIER_KNOTS.);
#5045 = CARTESIAN_POINT('',(1.7,14.9));
#5046 = CARTESIAN_POINT('',(0.4,14.9));
#5047 = ( GEOMETRIC_REPRESENTATION_CONTEXT(2) 
PARAMETRIC_REPRESENTATION_CONTEXT() REPRESENTATION_CONTEXT('2D SPACE',''
  ) );
#5048 = ORIENTED_EDGE('',*,*,#5049,.T.);
#5049 = EDGE_CURVE('',#5024,#5050,#5052,.T.);
#5050 = VERTEX_POINT('',#5051);
#5051 = CARTESIAN_POINT('',(18.9,4.,9.3));
#5052 = SURFACE_CURVE('',#5053,(#5057,#5063),.PCURVE_S1.);
#5053 = LINE('',#5054,#5055);
#5054 = CARTESIAN_POINT('',(18.9,-2.,9.3));
#5055 = VECTOR('',#5056,1.);
#5056 = DIRECTION('',(0.,1.,0.));
#5057 = PCURVE('',#990,#5058);
#5058 = DEFINITIONAL_REPRESENTATION('',(#5059),#5062);
#5059 = B_SPLINE_CURVE_WITH_KNOTS('',1,(#5060,#5061),.UNSPECIFIED.,.F.,
  .F.,(2,2),(-2.,6.),.PIECEWISE_BEZIER_KNOTS.);
#5060 = CARTESIAN_POINT('',(1.3,4.));
#5061 = CARTESIAN_POINT('',(1.3,-4.));
#5062 = ( GEOMETRIC_REPRESENTATION_CONTEXT(2) 
PARAMETRIC_REPRESENTATION_CONTEXT() REPRESENTATION_CONTEXT('2D SPACE',''
  ) );
#5063 = PCURVE('',#5064,#5069);
#5064 = PLANE('',#5065);
#5065 = AXIS2_PLACEMENT_3D('',#5066,#5067,#5068);
#5066 = CARTESIAN_POINT('',(4.,-4.,9.3));
#5067 = DIRECTION('',(0.,0.,1.));
#5068 = DIRECTION('',(1.,0.,0.));
#5069 = DEFINITIONAL_REPRESENTATION('',(#5070),#5073);
#5070 = B_SPLINE_CURVE_WITH_KNOTS('',1,(#5071,#5072),.UNSPECIFIED.,.F.,
  .F.,(2,2),(-2.,6.),.PIECEWISE_BEZIER_KNOTS.);
#5071 = CARTESIAN_POINT('',(14.9,0.));
#5072 = CARTESIAN_POINT('',(14.9,8.));
#5073 = ( GEOMETRIC_REPRESENTATION_CONTEXT(2) 
PARAMETRIC_REPRESENTATION_CONTEXT() REPRESENTATION_CONTEXT('2D SPACE',''
  ) );
#5074 = ORIENTED_EDGE('',*,*,#5075,.T.);
#5075 = EDGE_CURVE('',#5050,#5076,#5078,.T.);
#5076 = VERTEX_POINT('',#5077);
#5077 = CARTESIAN_POINT('',(18.9,4.,8.));
#5078 = SURFACE_CURVE('',#5079,(#5083,#5089),.PCURVE_S1.);
#5079 = LINE('',#5080,#5081);
#5080 = CARTESIAN_POINT('',(18.9,4.,7.8));
#5081 = VECTOR('',#5082,1.);
#5082 = DIRECTION('',(0.,0.,-1.));
#5083 = PCURVE('',#990,#5084);
#5084 = DEFINITIONAL_REPRESENTATION('',(#5085),#5088);
#5085 = B_SPLINE_CURVE_WITH_KNOTS('',1,(#5086,#5087),.UNSPECIFIED.,.F.,
  .F.,(2,2),(-1.5,-0.2),.PIECEWISE_BEZIER_KNOTS.);
#5086 = CARTESIAN_POINT('',(1.3,-4.));
#5087 = CARTESIAN_POINT('',(0.,-4.));
#5088 = ( GEOMETRIC_REPRESENTATION_CONTEXT(2) 
PARAMETRIC_REPRESENTATION_CONTEXT() REPRESENTATION_CONTEXT('2D SPACE',''
  ) );
#5089 = PCURVE('',#5090,#5095);
#5090 = PLANE('',#5091);
#5091 = AXIS2_PLACEMENT_3D('',#5092,#5093,#5094);
#5092 = CARTESIAN_POINT('',(4.,4.,7.6));
#5093 = DIRECTION('',(0.,1.,0.));
#5094 = DIRECTION('',(0.,0.,1.));
#5095 = DEFINITIONAL_REPRESENTATION('',(#5096),#5099);
#5096 = B_SPLINE_CURVE_WITH_KNOTS('',1,(#5097,#5098),.UNSPECIFIED.,.F.,
  .F.,(2,2),(-1.5,-0.2),.PIECEWISE_BEZIER_KNOTS.);
#5097 = CARTESIAN_POINT('',(1.7,14.9));
#5098 = CARTESIAN_POINT('',(0.4,14.9));
#5099 = ( GEOMETRIC_REPRESENTATION_CONTEXT(2) 
PARAMETRIC_REPRESENTATION_CONTEXT() REPRESENTATION_CONTEXT('2D SPACE',''
  ) );
#5100 = ORIENTED_EDGE('',*,*,#5101,.F.);
#5101 = EDGE_CURVE('',#3060,#5076,#5102,.T.);
#5102 = SURFACE_CURVE('',#5103,(#5107,#5113),.PCURVE_S1.);
#5103 = LINE('',#5104,#5105);
#5104 = CARTESIAN_POINT('',(18.9,3.,8.));
#5105 = VECTOR('',#5106,1.);
#5106 = DIRECTION('',(0.,-1.,0.));
#5107 = PCURVE('',#990,#5108);
#5108 = DEFINITIONAL_REPRESENTATION('',(#5109),#5112);
#5109 = B_SPLINE_CURVE_WITH_KNOTS('',1,(#5110,#5111),.UNSPECIFIED.,.F.,
  .F.,(2,2),(-3.,9.),.PIECEWISE_BEZIER_KNOTS.);
#5110 = CARTESIAN_POINT('',(0.,-6.));
#5111 = CARTESIAN_POINT('',(0.,6.));
#5112 = ( GEOMETRIC_REPRESENTATION_CONTEXT(2) 
PARAMETRIC_REPRESENTATION_CONTEXT() REPRESENTATION_CONTEXT('2D SPACE',''
  ) );
#5113 = PCURVE('',#3170,#5114);
#5114 = DEFINITIONAL_REPRESENTATION('',(#5115),#5118);
#5115 = B_SPLINE_CURVE_WITH_KNOTS('',1,(#5116,#5117),.UNSPECIFIED.,.F.,
  .F.,(2,2),(-3.,9.),.PIECEWISE_BEZIER_KNOTS.);
#5116 = CARTESIAN_POINT('',(-8.881784197001E-16,-20.9));
#5117 = CARTESIAN_POINT('',(12.,-20.9));
#5118 = ( GEOMETRIC_REPRESENTATION_CONTEXT(2) 
PARAMETRIC_REPRESENTATION_CONTEXT() REPRESENTATION_CONTEXT('2D SPACE',''
  ) );
#5119 = ORIENTED_EDGE('',*,*,#3059,.T.);
#5120 = ORIENTED_EDGE('',*,*,#5121,.T.);
#5121 = EDGE_CURVE('',#3023,#5122,#5124,.T.);
#5122 = VERTEX_POINT('',#5123);
#5123 = CARTESIAN_POINT('',(18.9,10.53,5.));
#5124 = SURFACE_CURVE('',#5125,(#5129,#5136),.PCURVE_S1.);
#5125 = LINE('',#5126,#5127);
#5126 = CARTESIAN_POINT('',(18.9,-10.53,5.));
#5127 = VECTOR('',#5128,1.);
#5128 = DIRECTION('',(0.,1.,0.));
#5129 = PCURVE('',#990,#5130);
#5130 = DEFINITIONAL_REPRESENTATION('',(#5131),#5135);
#5131 = LINE('',#5132,#5133);
#5132 = CARTESIAN_POINT('',(-3.,10.53));
#5133 = VECTOR('',#5134,1.);
#5134 = DIRECTION('',(0.,-1.));
#5135 = ( GEOMETRIC_REPRESENTATION_CONTEXT(2) 
PARAMETRIC_REPRESENTATION_CONTEXT() REPRESENTATION_CONTEXT('2D SPACE',''
  ) );
#5136 = PCURVE('',#3044,#5137);
#5137 = DEFINITIONAL_REPRESENTATION('',(#5138),#5142);
#5138 = LINE('',#5139,#5140);
#5139 = CARTESIAN_POINT('',(0.,0.));
#5140 = VECTOR('',#5141,1.);
#5141 = DIRECTION('',(1.,0.));
#5142 = ( GEOMETRIC_REPRESENTATION_CONTEXT(2) 
PARAMETRIC_REPRESENTATION_CONTEXT() REPRESENTATION_CONTEXT('2D SPACE',''
  ) );
#5143 = ORIENTED_EDGE('',*,*,#5144,.T.);
#5144 = EDGE_CURVE('',#5122,#2273,#5145,.T.);
#5145 = SURFACE_CURVE('',#5146,(#5150,#5157),.PCURVE_S1.);
#5146 = LINE('',#5147,#5148);
#5147 = CARTESIAN_POINT('',(18.9,10.53,5.));
#5148 = VECTOR('',#5149,1.);
#5149 = DIRECTION('',(0.,0.,1.));
#5150 = PCURVE('',#990,#5151);
#5151 = DEFINITIONAL_REPRESENTATION('',(#5152),#5156);
#5152 = LINE('',#5153,#5154);
#5153 = CARTESIAN_POINT('',(-3.,-10.53));
#5154 = VECTOR('',#5155,1.);
#5155 = DIRECTION('',(1.,0.));
#5156 = ( GEOMETRIC_REPRESENTATION_CONTEXT(2) 
PARAMETRIC_REPRESENTATION_CONTEXT() REPRESENTATION_CONTEXT('2D SPACE',''
  ) );
#5157 = PCURVE('',#2294,#5158);
#5158 = DEFINITIONAL_REPRESENTATION('',(#5159),#5163);
#5159 = LINE('',#5160,#5161);
#5160 = CARTESIAN_POINT('',(0.,0.));
#5161 = VECTOR('',#5162,1.);
#5162 = DIRECTION('',(1.,0.));
#5163 = ( GEOMETRIC_REPRESENTATION_CONTEXT(2) 
PARAMETRIC_REPRESENTATION_CONTEXT() REPRESENTATION_CONTEXT('2D SPACE',''
  ) );
#5164 = ORIENTED_EDGE('',*,*,#2309,.F.);
#5165 = ORIENTED_EDGE('',*,*,#5166,.T.);
#5166 = EDGE_CURVE('',#2310,#907,#5167,.T.);
#5167 = SURFACE_CURVE('',#5168,(#5172,#5178),.PCURVE_S1.);
#5168 = LINE('',#5169,#5170);
#5169 = CARTESIAN_POINT('',(18.9,3.,10.2));
#5170 = VECTOR('',#5171,1.);
#5171 = DIRECTION('',(0.,-1.,0.));
#5172 = PCURVE('',#990,#5173);
#5173 = DEFINITIONAL_REPRESENTATION('',(#5174),#5177);
#5174 = B_SPLINE_CURVE_WITH_KNOTS('',1,(#5175,#5176),.UNSPECIFIED.,.F.,
  .F.,(2,2),(-3.,9.),.PIECEWISE_BEZIER_KNOTS.);
#5175 = CARTESIAN_POINT('',(2.2,-6.));
#5176 = CARTESIAN_POINT('',(2.2,6.));
#5177 = ( GEOMETRIC_REPRESENTATION_CONTEXT(2) 
PARAMETRIC_REPRESENTATION_CONTEXT() REPRESENTATION_CONTEXT('2D SPACE',''
  ) );
#5178 = PCURVE('',#922,#5179);
#5179 = DEFINITIONAL_REPRESENTATION('',(#5180),#5183);
#5180 = B_SPLINE_CURVE_WITH_KNOTS('',1,(#5181,#5182),.UNSPECIFIED.,.F.,
  .F.,(2,2),(-3.,9.),.PIECEWISE_BEZIER_KNOTS.);
#5181 = CARTESIAN_POINT('',(-2.6645352591E-15,-18.9));
#5182 = CARTESIAN_POINT('',(12.,-18.9));
#5183 = ( GEOMETRIC_REPRESENTATION_CONTEXT(2) 
PARAMETRIC_REPRESENTATION_CONTEXT() REPRESENTATION_CONTEXT('2D SPACE',''
  ) );
#5184 = ORIENTED_EDGE('',*,*,#934,.F.);
#5185 = ADVANCED_FACE('',(#5186),#922,.F.);
#5186 = FACE_BOUND('',#5187,.F.);
#5187 = EDGE_LOOP('',(#5188,#5207,#5208,#5209));
#5188 = ORIENTED_EDGE('',*,*,#5189,.F.);
#5189 = EDGE_CURVE('',#2393,#819,#5190,.T.);
#5190 = SURFACE_CURVE('',#5191,(#5195,#5201),.PCURVE_S1.);
#5191 = LINE('',#5192,#5193);
#5192 = CARTESIAN_POINT('',(5.1,3.,10.2));
#5193 = VECTOR('',#5194,1.);
#5194 = DIRECTION('',(0.,-1.,0.));
#5195 = PCURVE('',#922,#5196);
#5196 = DEFINITIONAL_REPRESENTATION('',(#5197),#5200);
#5197 = B_SPLINE_CURVE_WITH_KNOTS('',1,(#5198,#5199),.UNSPECIFIED.,.F.,
  .F.,(2,2),(-3.,9.),.PIECEWISE_BEZIER_KNOTS.);
#5198 = CARTESIAN_POINT('',(-2.6645352591E-15,-5.1));
#5199 = CARTESIAN_POINT('',(12.,-5.1));
#5200 = ( GEOMETRIC_REPRESENTATION_CONTEXT(2) 
PARAMETRIC_REPRESENTATION_CONTEXT() REPRESENTATION_CONTEXT('2D SPACE',''
  ) );
#5201 = PCURVE('',#874,#5202);
#5202 = DEFINITIONAL_REPRESENTATION('',(#5203),#5206);
#5203 = B_SPLINE_CURVE_WITH_KNOTS('',1,(#5204,#5205),.UNSPECIFIED.,.F.,
  .F.,(2,2),(-3.,9.),.PIECEWISE_BEZIER_KNOTS.);
#5204 = CARTESIAN_POINT('',(2.2,-6.));
#5205 = CARTESIAN_POINT('',(2.2,6.));
#5206 = ( GEOMETRIC_REPRESENTATION_CONTEXT(2) 
PARAMETRIC_REPRESENTATION_CONTEXT() REPRESENTATION_CONTEXT('2D SPACE',''
  ) );
#5207 = ORIENTED_EDGE('',*,*,#2392,.T.);
#5208 = ORIENTED_EDGE('',*,*,#5166,.T.);
#5209 = ORIENTED_EDGE('',*,*,#906,.F.);
#5210 = ADVANCED_FACE('',(#5211),#874,.F.);
#5211 = FACE_BOUND('',#5212,.F.);
#5212 = EDGE_LOOP('',(#5213,#5236,#5257,#5258,#5279,#5300,#5321,#5342,
    #5361,#5362,#5385,#5406,#5407,#5408));
#5213 = ORIENTED_EDGE('',*,*,#5214,.T.);
#5214 = EDGE_CURVE('',#782,#5215,#5217,.T.);
#5215 = VERTEX_POINT('',#5216);
#5216 = CARTESIAN_POINT('',(5.1,-10.53,5.));
#5217 = SURFACE_CURVE('',#5218,(#5222,#5229),.PCURVE_S1.);
#5218 = LINE('',#5219,#5220);
#5219 = CARTESIAN_POINT('',(5.1,-10.53,11.));
#5220 = VECTOR('',#5221,1.);
#5221 = DIRECTION('',(0.,0.,-1.));
#5222 = PCURVE('',#874,#5223);
#5223 = DEFINITIONAL_REPRESENTATION('',(#5224),#5228);
#5224 = LINE('',#5225,#5226);
#5225 = CARTESIAN_POINT('',(3.,10.53));
#5226 = VECTOR('',#5227,1.);
#5227 = DIRECTION('',(-1.,0.));
#5228 = ( GEOMETRIC_REPRESENTATION_CONTEXT(2) 
PARAMETRIC_REPRESENTATION_CONTEXT() REPRESENTATION_CONTEXT('2D SPACE',''
  ) );
#5229 = PCURVE('',#803,#5230);
#5230 = DEFINITIONAL_REPRESENTATION('',(#5231),#5235);
#5231 = LINE('',#5232,#5233);
#5232 = CARTESIAN_POINT('',(0.,-3.2));
#5233 = VECTOR('',#5234,1.);
#5234 = DIRECTION('',(1.,0.));
#5235 = ( GEOMETRIC_REPRESENTATION_CONTEXT(2) 
PARAMETRIC_REPRESENTATION_CONTEXT() REPRESENTATION_CONTEXT('2D SPACE',''
  ) );
#5236 = ORIENTED_EDGE('',*,*,#5237,.T.);
#5237 = EDGE_CURVE('',#5215,#3469,#5238,.T.);
#5238 = SURFACE_CURVE('',#5239,(#5243,#5250),.PCURVE_S1.);
#5239 = LINE('',#5240,#5241);
#5240 = CARTESIAN_POINT('',(5.1,-10.53,5.));
#5241 = VECTOR('',#5242,1.);
#5242 = DIRECTION('',(0.,1.,0.));
#5243 = PCURVE('',#874,#5244);
#5244 = DEFINITIONAL_REPRESENTATION('',(#5245),#5249);
#5245 = LINE('',#5246,#5247);
#5246 = CARTESIAN_POINT('',(-3.,10.53));
#5247 = VECTOR('',#5248,1.);
#5248 = DIRECTION('',(0.,-1.));
#5249 = ( GEOMETRIC_REPRESENTATION_CONTEXT(2) 
PARAMETRIC_REPRESENTATION_CONTEXT() REPRESENTATION_CONTEXT('2D SPACE',''
  ) );
#5250 = PCURVE('',#1684,#5251);
#5251 = DEFINITIONAL_REPRESENTATION('',(#5252),#5256);
#5252 = LINE('',#5253,#5254);
#5253 = CARTESIAN_POINT('',(0.,-3.2));
#5254 = VECTOR('',#5255,1.);
#5255 = DIRECTION('',(1.,0.));
#5256 = ( GEOMETRIC_REPRESENTATION_CONTEXT(2) 
PARAMETRIC_REPRESENTATION_CONTEXT() REPRESENTATION_CONTEXT('2D SPACE',''
  ) );
#5257 = ORIENTED_EDGE('',*,*,#3500,.T.);
#5258 = ORIENTED_EDGE('',*,*,#5259,.F.);
#5259 = EDGE_CURVE('',#5260,#3501,#5262,.T.);
#5260 = VERTEX_POINT('',#5261);
#5261 = CARTESIAN_POINT('',(5.1,-4.,8.));
#5262 = SURFACE_CURVE('',#5263,(#5267,#5273),.PCURVE_S1.);
#5263 = LINE('',#5264,#5265);
#5264 = CARTESIAN_POINT('',(5.1,3.,8.));
#5265 = VECTOR('',#5266,1.);
#5266 = DIRECTION('',(0.,-1.,0.));
#5267 = PCURVE('',#874,#5268);
#5268 = DEFINITIONAL_REPRESENTATION('',(#5269),#5272);
#5269 = B_SPLINE_CURVE_WITH_KNOTS('',1,(#5270,#5271),.UNSPECIFIED.,.F.,
  .F.,(2,2),(-3.,9.),.PIECEWISE_BEZIER_KNOTS.);
#5270 = CARTESIAN_POINT('',(0.,-6.));
#5271 = CARTESIAN_POINT('',(0.,6.));
#5272 = ( GEOMETRIC_REPRESENTATION_CONTEXT(2) 
PARAMETRIC_REPRESENTATION_CONTEXT() REPRESENTATION_CONTEXT('2D SPACE',''
  ) );
#5273 = PCURVE('',#3596,#5274);
#5274 = DEFINITIONAL_REPRESENTATION('',(#5275),#5278);
#5275 = B_SPLINE_CURVE_WITH_KNOTS('',1,(#5276,#5277),.UNSPECIFIED.,.F.,
  .F.,(2,2),(-3.,9.),.PIECEWISE_BEZIER_KNOTS.);
#5276 = CARTESIAN_POINT('',(-8.881784197001E-16,-7.1));
#5277 = CARTESIAN_POINT('',(12.,-7.1));
#5278 = ( GEOMETRIC_REPRESENTATION_CONTEXT(2) 
PARAMETRIC_REPRESENTATION_CONTEXT() REPRESENTATION_CONTEXT('2D SPACE',''
  ) );
#5279 = ORIENTED_EDGE('',*,*,#5280,.F.);
#5280 = EDGE_CURVE('',#5281,#5260,#5283,.T.);
#5281 = VERTEX_POINT('',#5282);
#5282 = CARTESIAN_POINT('',(5.1,-4.,9.3));
#5283 = SURFACE_CURVE('',#5284,(#5288,#5294),.PCURVE_S1.);
#5284 = LINE('',#5285,#5286);
#5285 = CARTESIAN_POINT('',(5.1,-4.,7.8));
#5286 = VECTOR('',#5287,1.);
#5287 = DIRECTION('',(0.,0.,-1.));
#5288 = PCURVE('',#874,#5289);
#5289 = DEFINITIONAL_REPRESENTATION('',(#5290),#5293);
#5290 = B_SPLINE_CURVE_WITH_KNOTS('',1,(#5291,#5292),.UNSPECIFIED.,.F.,
  .F.,(2,2),(-1.5,-0.2),.PIECEWISE_BEZIER_KNOTS.);
#5291 = CARTESIAN_POINT('',(1.3,4.));
#5292 = CARTESIAN_POINT('',(0.,4.));
#5293 = ( GEOMETRIC_REPRESENTATION_CONTEXT(2) 
PARAMETRIC_REPRESENTATION_CONTEXT() REPRESENTATION_CONTEXT('2D SPACE',''
  ) );
#5294 = PCURVE('',#5038,#5295);
#5295 = DEFINITIONAL_REPRESENTATION('',(#5296),#5299);
#5296 = B_SPLINE_CURVE_WITH_KNOTS('',1,(#5297,#5298),.UNSPECIFIED.,.F.,
  .F.,(2,2),(-1.5,-0.2),.PIECEWISE_BEZIER_KNOTS.);
#5297 = CARTESIAN_POINT('',(1.7,1.1));
#5298 = CARTESIAN_POINT('',(0.4,1.1));
#5299 = ( GEOMETRIC_REPRESENTATION_CONTEXT(2) 
PARAMETRIC_REPRESENTATION_CONTEXT() REPRESENTATION_CONTEXT('2D SPACE',''
  ) );
#5300 = ORIENTED_EDGE('',*,*,#5301,.T.);
#5301 = EDGE_CURVE('',#5281,#5302,#5304,.T.);
#5302 = VERTEX_POINT('',#5303);
#5303 = CARTESIAN_POINT('',(5.1,4.,9.3));
#5304 = SURFACE_CURVE('',#5305,(#5309,#5315),.PCURVE_S1.);
#5305 = LINE('',#5306,#5307);
#5306 = CARTESIAN_POINT('',(5.1,-2.,9.3));
#5307 = VECTOR('',#5308,1.);
#5308 = DIRECTION('',(0.,1.,0.));
#5309 = PCURVE('',#874,#5310);
#5310 = DEFINITIONAL_REPRESENTATION('',(#5311),#5314);
#5311 = B_SPLINE_CURVE_WITH_KNOTS('',1,(#5312,#5313),.UNSPECIFIED.,.F.,
  .F.,(2,2),(-2.,6.),.PIECEWISE_BEZIER_KNOTS.);
#5312 = CARTESIAN_POINT('',(1.3,4.));
#5313 = CARTESIAN_POINT('',(1.3,-4.));
#5314 = ( GEOMETRIC_REPRESENTATION_CONTEXT(2) 
PARAMETRIC_REPRESENTATION_CONTEXT() REPRESENTATION_CONTEXT('2D SPACE',''
  ) );
#5315 = PCURVE('',#5064,#5316);
#5316 = DEFINITIONAL_REPRESENTATION('',(#5317),#5320);
#5317 = B_SPLINE_CURVE_WITH_KNOTS('',1,(#5318,#5319),.UNSPECIFIED.,.F.,
  .F.,(2,2),(-2.,6.),.PIECEWISE_BEZIER_KNOTS.);
#5318 = CARTESIAN_POINT('',(1.1,0.));
#5319 = CARTESIAN_POINT('',(1.1,8.));
#5320 = ( GEOMETRIC_REPRESENTATION_CONTEXT(2) 
PARAMETRIC_REPRESENTATION_CONTEXT() REPRESENTATION_CONTEXT('2D SPACE',''
  ) );
#5321 = ORIENTED_EDGE('',*,*,#5322,.T.);
#5322 = EDGE_CURVE('',#5302,#5323,#5325,.T.);
#5323 = VERTEX_POINT('',#5324);
#5324 = CARTESIAN_POINT('',(5.1,4.,8.));
#5325 = SURFACE_CURVE('',#5326,(#5330,#5336),.PCURVE_S1.);
#5326 = LINE('',#5327,#5328);
#5327 = CARTESIAN_POINT('',(5.1,4.,7.8));
#5328 = VECTOR('',#5329,1.);
#5329 = DIRECTION('',(0.,0.,-1.));
#5330 = PCURVE('',#874,#5331);
#5331 = DEFINITIONAL_REPRESENTATION('',(#5332),#5335);
#5332 = B_SPLINE_CURVE_WITH_KNOTS('',1,(#5333,#5334),.UNSPECIFIED.,.F.,
  .F.,(2,2),(-1.5,-0.2),.PIECEWISE_BEZIER_KNOTS.);
#5333 = CARTESIAN_POINT('',(1.3,-4.));
#5334 = CARTESIAN_POINT('',(0.,-4.));
#5335 = ( GEOMETRIC_REPRESENTATION_CONTEXT(2) 
PARAMETRIC_REPRESENTATION_CONTEXT() REPRESENTATION_CONTEXT('2D SPACE',''
  ) );
#5336 = PCURVE('',#5090,#5337);
#5337 = DEFINITIONAL_REPRESENTATION('',(#5338),#5341);
#5338 = B_SPLINE_CURVE_WITH_KNOTS('',1,(#5339,#5340),.UNSPECIFIED.,.F.,
  .F.,(2,2),(-1.5,-0.2),.PIECEWISE_BEZIER_KNOTS.);
#5339 = CARTESIAN_POINT('',(1.7,1.1));
#5340 = CARTESIAN_POINT('',(0.4,1.1));
#5341 = ( GEOMETRIC_REPRESENTATION_CONTEXT(2) 
PARAMETRIC_REPRESENTATION_CONTEXT() REPRESENTATION_CONTEXT('2D SPACE',''
  ) );
#5342 = ORIENTED_EDGE('',*,*,#5343,.F.);
#5343 = EDGE_CURVE('',#3155,#5323,#5344,.T.);
#5344 = SURFACE_CURVE('',#5345,(#5349,#5355),.PCURVE_S1.);
#5345 = LINE('',#5346,#5347);
#5346 = CARTESIAN_POINT('',(5.1,3.,8.));
#5347 = VECTOR('',#5348,1.);
#5348 = DIRECTION('',(0.,-1.,0.));
#5349 = PCURVE('',#874,#5350);
#5350 = DEFINITIONAL_REPRESENTATION('',(#5351),#5354);
#5351 = B_SPLINE_CURVE_WITH_KNOTS('',1,(#5352,#5353),.UNSPECIFIED.,.F.,
  .F.,(2,2),(-3.,9.),.PIECEWISE_BEZIER_KNOTS.);
#5352 = CARTESIAN_POINT('',(0.,-6.));
#5353 = CARTESIAN_POINT('',(0.,6.));
#5354 = ( GEOMETRIC_REPRESENTATION_CONTEXT(2) 
PARAMETRIC_REPRESENTATION_CONTEXT() REPRESENTATION_CONTEXT('2D SPACE',''
  ) );
#5355 = PCURVE('',#3170,#5356);
#5356 = DEFINITIONAL_REPRESENTATION('',(#5357),#5360);
#5357 = B_SPLINE_CURVE_WITH_KNOTS('',1,(#5358,#5359),.UNSPECIFIED.,.F.,
  .F.,(2,2),(-3.,9.),.PIECEWISE_BEZIER_KNOTS.);
#5358 = CARTESIAN_POINT('',(-8.881784197001E-16,-7.1));
#5359 = CARTESIAN_POINT('',(12.,-7.1));
#5360 = ( GEOMETRIC_REPRESENTATION_CONTEXT(2) 
PARAMETRIC_REPRESENTATION_CONTEXT() REPRESENTATION_CONTEXT('2D SPACE',''
  ) );
#5361 = ORIENTED_EDGE('',*,*,#3182,.T.);
#5362 = ORIENTED_EDGE('',*,*,#5363,.T.);
#5363 = EDGE_CURVE('',#3183,#5364,#5366,.T.);
#5364 = VERTEX_POINT('',#5365);
#5365 = CARTESIAN_POINT('',(5.1,10.53,5.));
#5366 = SURFACE_CURVE('',#5367,(#5371,#5378),.PCURVE_S1.);
#5367 = LINE('',#5368,#5369);
#5368 = CARTESIAN_POINT('',(5.1,-10.53,5.));
#5369 = VECTOR('',#5370,1.);
#5370 = DIRECTION('',(0.,1.,0.));
#5371 = PCURVE('',#874,#5372);
#5372 = DEFINITIONAL_REPRESENTATION('',(#5373),#5377);
#5373 = LINE('',#5374,#5375);
#5374 = CARTESIAN_POINT('',(-3.,10.53));
#5375 = VECTOR('',#5376,1.);
#5376 = DIRECTION('',(0.,-1.));
#5377 = ( GEOMETRIC_REPRESENTATION_CONTEXT(2) 
PARAMETRIC_REPRESENTATION_CONTEXT() REPRESENTATION_CONTEXT('2D SPACE',''
  ) );
#5378 = PCURVE('',#1992,#5379);
#5379 = DEFINITIONAL_REPRESENTATION('',(#5380),#5384);
#5380 = LINE('',#5381,#5382);
#5381 = CARTESIAN_POINT('',(0.,-3.2));
#5382 = VECTOR('',#5383,1.);
#5383 = DIRECTION('',(1.,0.));
#5384 = ( GEOMETRIC_REPRESENTATION_CONTEXT(2) 
PARAMETRIC_REPRESENTATION_CONTEXT() REPRESENTATION_CONTEXT('2D SPACE',''
  ) );
#5385 = ORIENTED_EDGE('',*,*,#5386,.T.);
#5386 = EDGE_CURVE('',#5364,#2416,#5387,.T.);
#5387 = SURFACE_CURVE('',#5388,(#5392,#5399),.PCURVE_S1.);
#5388 = LINE('',#5389,#5390);
#5389 = CARTESIAN_POINT('',(5.1,10.53,5.));
#5390 = VECTOR('',#5391,1.);
#5391 = DIRECTION('',(0.,0.,1.));
#5392 = PCURVE('',#874,#5393);
#5393 = DEFINITIONAL_REPRESENTATION('',(#5394),#5398);
#5394 = LINE('',#5395,#5396);
#5395 = CARTESIAN_POINT('',(-3.,-10.53));
#5396 = VECTOR('',#5397,1.);
#5397 = DIRECTION('',(1.,0.));
#5398 = ( GEOMETRIC_REPRESENTATION_CONTEXT(2) 
PARAMETRIC_REPRESENTATION_CONTEXT() REPRESENTATION_CONTEXT('2D SPACE',''
  ) );
#5399 = PCURVE('',#2020,#5400);
#5400 = DEFINITIONAL_REPRESENTATION('',(#5401),#5405);
#5401 = LINE('',#5402,#5403);
#5402 = CARTESIAN_POINT('',(0.,-3.2));
#5403 = VECTOR('',#5404,1.);
#5404 = DIRECTION('',(1.,0.));
#5405 = ( GEOMETRIC_REPRESENTATION_CONTEXT(2) 
PARAMETRIC_REPRESENTATION_CONTEXT() REPRESENTATION_CONTEXT('2D SPACE',''
  ) );
#5406 = ORIENTED_EDGE('',*,*,#2415,.F.);
#5407 = ORIENTED_EDGE('',*,*,#5189,.T.);
#5408 = ORIENTED_EDGE('',*,*,#818,.F.);
#5409 = ADVANCED_FACE('',(#5410),#803,.T.);
#5410 = FACE_BOUND('',#5411,.T.);
#5411 = EDGE_LOOP('',(#5412,#5413,#5414,#5415));
#5412 = ORIENTED_EDGE('',*,*,#1645,.F.);
#5413 = ORIENTED_EDGE('',*,*,#781,.F.);
#5414 = ORIENTED_EDGE('',*,*,#5214,.T.);
#5415 = ORIENTED_EDGE('',*,*,#5416,.F.);
#5416 = EDGE_CURVE('',#1646,#5215,#5417,.T.);
#5417 = SURFACE_CURVE('',#5418,(#5422,#5429),.PCURVE_S1.);
#5418 = LINE('',#5419,#5420);
#5419 = CARTESIAN_POINT('',(1.9,-10.53,5.));
#5420 = VECTOR('',#5421,1.);
#5421 = DIRECTION('',(1.,0.,0.));
#5422 = PCURVE('',#803,#5423);
#5423 = DEFINITIONAL_REPRESENTATION('',(#5424),#5428);
#5424 = LINE('',#5425,#5426);
#5425 = CARTESIAN_POINT('',(6.,0.));
#5426 = VECTOR('',#5427,1.);
#5427 = DIRECTION('',(0.,-1.));
#5428 = ( GEOMETRIC_REPRESENTATION_CONTEXT(2) 
PARAMETRIC_REPRESENTATION_CONTEXT() REPRESENTATION_CONTEXT('2D SPACE',''
  ) );
#5429 = PCURVE('',#1684,#5430);
#5430 = DEFINITIONAL_REPRESENTATION('',(#5431),#5435);
#5431 = LINE('',#5432,#5433);
#5432 = CARTESIAN_POINT('',(0.,0.));
#5433 = VECTOR('',#5434,1.);
#5434 = DIRECTION('',(0.,-1.));
#5435 = ( GEOMETRIC_REPRESENTATION_CONTEXT(2) 
PARAMETRIC_REPRESENTATION_CONTEXT() REPRESENTATION_CONTEXT('2D SPACE',''
  ) );
#5436 = ADVANCED_FACE('',(#5437),#2020,.T.);
#5437 = FACE_BOUND('',#5438,.T.);
#5438 = EDGE_LOOP('',(#5439,#5440,#5461,#5462));
#5439 = ORIENTED_EDGE('',*,*,#2004,.F.);
#5440 = ORIENTED_EDGE('',*,*,#5441,.T.);
#5441 = EDGE_CURVE('',#1977,#5364,#5442,.T.);
#5442 = SURFACE_CURVE('',#5443,(#5447,#5454),.PCURVE_S1.);
#5443 = LINE('',#5444,#5445);
#5444 = CARTESIAN_POINT('',(1.9,10.53,5.));
#5445 = VECTOR('',#5446,1.);
#5446 = DIRECTION('',(1.,0.,0.));
#5447 = PCURVE('',#2020,#5448);
#5448 = DEFINITIONAL_REPRESENTATION('',(#5449),#5453);
#5449 = LINE('',#5450,#5451);
#5450 = CARTESIAN_POINT('',(0.,0.));
#5451 = VECTOR('',#5452,1.);
#5452 = DIRECTION('',(0.,-1.));
#5453 = ( GEOMETRIC_REPRESENTATION_CONTEXT(2) 
PARAMETRIC_REPRESENTATION_CONTEXT() REPRESENTATION_CONTEXT('2D SPACE',''
  ) );
#5454 = PCURVE('',#1992,#5455);
#5455 = DEFINITIONAL_REPRESENTATION('',(#5456),#5460);
#5456 = LINE('',#5457,#5458);
#5457 = CARTESIAN_POINT('',(21.06,0.));
#5458 = VECTOR('',#5459,1.);
#5459 = DIRECTION('',(0.,-1.));
#5460 = ( GEOMETRIC_REPRESENTATION_CONTEXT(2) 
PARAMETRIC_REPRESENTATION_CONTEXT() REPRESENTATION_CONTEXT('2D SPACE',''
  ) );
#5461 = ORIENTED_EDGE('',*,*,#5386,.T.);
#5462 = ORIENTED_EDGE('',*,*,#2498,.T.);
#5463 = ADVANCED_FACE('',(#5464),#1992,.T.);
#5464 = FACE_BOUND('',#5465,.T.);
#5465 = EDGE_LOOP('',(#5466,#5467,#5468,#5469));
#5466 = ORIENTED_EDGE('',*,*,#1976,.F.);
#5467 = ORIENTED_EDGE('',*,*,#3277,.F.);
#5468 = ORIENTED_EDGE('',*,*,#5363,.T.);
#5469 = ORIENTED_EDGE('',*,*,#5441,.F.);
#5470 = ADVANCED_FACE('',(#5471),#1684,.T.);
#5471 = FACE_BOUND('',#5472,.T.);
#5472 = EDGE_LOOP('',(#5473,#5474,#5475,#5476));
#5473 = ORIENTED_EDGE('',*,*,#1668,.F.);
#5474 = ORIENTED_EDGE('',*,*,#5416,.T.);
#5475 = ORIENTED_EDGE('',*,*,#5237,.T.);
#5476 = ORIENTED_EDGE('',*,*,#3468,.T.);
#5477 = ADVANCED_FACE('',(#5478),#2294,.T.);
#5478 = FACE_BOUND('',#5479,.T.);
#5479 = EDGE_LOOP('',(#5480,#5481,#5502,#5503));
#5480 = ORIENTED_EDGE('',*,*,#5144,.F.);
#5481 = ORIENTED_EDGE('',*,*,#5482,.T.);
#5482 = EDGE_CURVE('',#5122,#4881,#5483,.T.);
#5483 = SURFACE_CURVE('',#5484,(#5488,#5495),.PCURVE_S1.);
#5484 = LINE('',#5485,#5486);
#5485 = CARTESIAN_POINT('',(18.9,10.53,5.));
#5486 = VECTOR('',#5487,1.);
#5487 = DIRECTION('',(1.,0.,0.));
#5488 = PCURVE('',#2294,#5489);
#5489 = DEFINITIONAL_REPRESENTATION('',(#5490),#5494);
#5490 = LINE('',#5491,#5492);
#5491 = CARTESIAN_POINT('',(0.,0.));
#5492 = VECTOR('',#5493,1.);
#5493 = DIRECTION('',(0.,-1.));
#5494 = ( GEOMETRIC_REPRESENTATION_CONTEXT(2) 
PARAMETRIC_REPRESENTATION_CONTEXT() REPRESENTATION_CONTEXT('2D SPACE',''
  ) );
#5495 = PCURVE('',#3044,#5496);
#5496 = DEFINITIONAL_REPRESENTATION('',(#5497),#5501);
#5497 = LINE('',#5498,#5499);
#5498 = CARTESIAN_POINT('',(21.06,0.));
#5499 = VECTOR('',#5500,1.);
#5500 = DIRECTION('',(0.,-1.));
#5501 = ( GEOMETRIC_REPRESENTATION_CONTEXT(2) 
PARAMETRIC_REPRESENTATION_CONTEXT() REPRESENTATION_CONTEXT('2D SPACE',''
  ) );
#5502 = ORIENTED_EDGE('',*,*,#4903,.T.);
#5503 = ORIENTED_EDGE('',*,*,#2272,.T.);
#5504 = ADVANCED_FACE('',(#5505),#2558,.F.);
#5505 = FACE_BOUND('',#5506,.F.);
#5506 = EDGE_LOOP('',(#5507,#5530,#5531,#5555,#5583,#5616,#5644,#5672,
    #5705,#5733,#5762,#5790,#5818,#5846,#5879,#5907,#5936,#5964,#5992,
    #6021,#6049));
#5507 = ORIENTED_EDGE('',*,*,#5508,.F.);
#5508 = EDGE_CURVE('',#2533,#5509,#5511,.T.);
#5509 = VERTEX_POINT('',#5510);
#5510 = CARTESIAN_POINT('',(2.,11.4,13.2));
#5511 = SURFACE_CURVE('',#5512,(#5516,#5523),.PCURVE_S1.);
#5512 = LINE('',#5513,#5514);
#5513 = CARTESIAN_POINT('',(2.,11.4,0.));
#5514 = VECTOR('',#5515,1.);
#5515 = DIRECTION('',(0.,0.,1.));
#5516 = PCURVE('',#2558,#5517);
#5517 = DEFINITIONAL_REPRESENTATION('',(#5518),#5522);
#5518 = LINE('',#5519,#5520);
#5519 = CARTESIAN_POINT('',(0.,0.));
#5520 = VECTOR('',#5521,1.);
#5521 = DIRECTION('',(1.,0.));
#5522 = ( GEOMETRIC_REPRESENTATION_CONTEXT(2) 
PARAMETRIC_REPRESENTATION_CONTEXT() REPRESENTATION_CONTEXT('2D SPACE',''
  ) );
#5523 = PCURVE('',#2594,#5524);
#5524 = DEFINITIONAL_REPRESENTATION('',(#5525),#5529);
#5525 = LINE('',#5526,#5527);
#5526 = CARTESIAN_POINT('',(0.,0.));
#5527 = VECTOR('',#5528,1.);
#5528 = DIRECTION('',(1.,0.));
#5529 = ( GEOMETRIC_REPRESENTATION_CONTEXT(2) 
PARAMETRIC_REPRESENTATION_CONTEXT() REPRESENTATION_CONTEXT('2D SPACE',''
  ) );
#5530 = ORIENTED_EDGE('',*,*,#2532,.T.);
#5531 = ORIENTED_EDGE('',*,*,#5532,.T.);
#5532 = EDGE_CURVE('',#2535,#5533,#5535,.T.);
#5533 = VERTEX_POINT('',#5534);
#5534 = CARTESIAN_POINT('',(2.,12.2,0.));
#5535 = SURFACE_CURVE('',#5536,(#5541,#5548),.PCURVE_S1.);
#5536 = CIRCLE('',#5537,0.8);
#5537 = AXIS2_PLACEMENT_3D('',#5538,#5539,#5540);
#5538 = CARTESIAN_POINT('',(2.,12.2,0.8));
#5539 = DIRECTION('',(1.,0.,0.));
#5540 = DIRECTION('',(-0.,0.,1.));
#5541 = PCURVE('',#2558,#5542);
#5542 = DEFINITIONAL_REPRESENTATION('',(#5543),#5547);
#5543 = CIRCLE('',#5544,0.8);
#5544 = AXIS2_PLACEMENT_2D('',#5545,#5546);
#5545 = CARTESIAN_POINT('',(0.8,-0.8));
#5546 = DIRECTION('',(1.,0.));
#5547 = ( GEOMETRIC_REPRESENTATION_CONTEXT(2) 
PARAMETRIC_REPRESENTATION_CONTEXT() REPRESENTATION_CONTEXT('2D SPACE',''
  ) );
#5548 = PCURVE('',#2666,#5549);
#5549 = DEFINITIONAL_REPRESENTATION('',(#5550),#5554);
#5550 = LINE('',#5551,#5552);
#5551 = CARTESIAN_POINT('',(-1.570796326795,0.));
#5552 = VECTOR('',#5553,1.);
#5553 = DIRECTION('',(1.,0.));
#5554 = ( GEOMETRIC_REPRESENTATION_CONTEXT(2) 
PARAMETRIC_REPRESENTATION_CONTEXT() REPRESENTATION_CONTEXT('2D SPACE',''
  ) );
#5555 = ORIENTED_EDGE('',*,*,#5556,.T.);
#5556 = EDGE_CURVE('',#5533,#5557,#5559,.T.);
#5557 = VERTEX_POINT('',#5558);
#5558 = CARTESIAN_POINT('',(2.,12.8,0.));
#5559 = SURFACE_CURVE('',#5560,(#5564,#5571),.PCURVE_S1.);
#5560 = LINE('',#5561,#5562);
#5561 = CARTESIAN_POINT('',(2.,11.4,0.));
#5562 = VECTOR('',#5563,1.);
#5563 = DIRECTION('',(0.,1.,0.));
#5564 = PCURVE('',#2558,#5565);
#5565 = DEFINITIONAL_REPRESENTATION('',(#5566),#5570);
#5566 = LINE('',#5567,#5568);
#5567 = CARTESIAN_POINT('',(0.,0.));
#5568 = VECTOR('',#5569,1.);
#5569 = DIRECTION('',(0.,-1.));
#5570 = ( GEOMETRIC_REPRESENTATION_CONTEXT(2) 
PARAMETRIC_REPRESENTATION_CONTEXT() REPRESENTATION_CONTEXT('2D SPACE',''
  ) );
#5571 = PCURVE('',#5572,#5577);
#5572 = PLANE('',#5573);
#5573 = AXIS2_PLACEMENT_3D('',#5574,#5575,#5576);
#5574 = CARTESIAN_POINT('',(2.,11.4,0.));
#5575 = DIRECTION('',(0.,0.,1.));
#5576 = DIRECTION('',(1.,0.,0.));
#5577 = DEFINITIONAL_REPRESENTATION('',(#5578),#5582);
#5578 = LINE('',#5579,#5580);
#5579 = CARTESIAN_POINT('',(0.,0.));
#5580 = VECTOR('',#5581,1.);
#5581 = DIRECTION('',(0.,1.));
#5582 = ( GEOMETRIC_REPRESENTATION_CONTEXT(2) 
PARAMETRIC_REPRESENTATION_CONTEXT() REPRESENTATION_CONTEXT('2D SPACE',''
  ) );
#5583 = ORIENTED_EDGE('',*,*,#5584,.F.);
#5584 = EDGE_CURVE('',#5585,#5557,#5587,.T.);
#5585 = VERTEX_POINT('',#5586);
#5586 = CARTESIAN_POINT('',(2.,13.6,0.8));
#5587 = SURFACE_CURVE('',#5588,(#5593,#5604),.PCURVE_S1.);
#5588 = CIRCLE('',#5589,0.8);
#5589 = AXIS2_PLACEMENT_3D('',#5590,#5591,#5592);
#5590 = CARTESIAN_POINT('',(2.,12.8,0.8));
#5591 = DIRECTION('',(-1.,0.,-0.));
#5592 = DIRECTION('',(-0.,0.,1.));
#5593 = PCURVE('',#2558,#5594);
#5594 = DEFINITIONAL_REPRESENTATION('',(#5595),#5603);
#5595 = ( BOUNDED_CURVE() B_SPLINE_CURVE(2,(#5596,#5597,#5598,#5599,
#5600,#5601,#5602),.UNSPECIFIED.,.T.,.F.) B_SPLINE_CURVE_WITH_KNOTS((1,2
    ,2,2,2,1),(-2.094395102393,0.,2.094395102393,4.188790204786,
6.28318530718,8.377580409573),.UNSPECIFIED.) CURVE() 
GEOMETRIC_REPRESENTATION_ITEM() RATIONAL_B_SPLINE_CURVE((1.,0.5,1.,0.5,
1.,0.5,1.)) REPRESENTATION_ITEM('') );
#5596 = CARTESIAN_POINT('',(1.6,-1.4));
#5597 = CARTESIAN_POINT('',(1.6,-2.785640646055));
#5598 = CARTESIAN_POINT('',(0.4,-2.092820323028));
#5599 = CARTESIAN_POINT('',(-0.8,-1.4));
#5600 = CARTESIAN_POINT('',(0.4,-0.707179676972));
#5601 = CARTESIAN_POINT('',(1.6,-1.43593539449E-02));
#5602 = CARTESIAN_POINT('',(1.6,-1.4));
#5603 = ( GEOMETRIC_REPRESENTATION_CONTEXT(2) 
PARAMETRIC_REPRESENTATION_CONTEXT() REPRESENTATION_CONTEXT('2D SPACE',''
  ) );
#5604 = PCURVE('',#5605,#5610);
#5605 = CYLINDRICAL_SURFACE('',#5606,0.8);
#5606 = AXIS2_PLACEMENT_3D('',#5607,#5608,#5609);
#5607 = CARTESIAN_POINT('',(2.,12.8,0.8));
#5608 = DIRECTION('',(1.,0.,0.));
#5609 = DIRECTION('',(-0.,1.,0.));
#5610 = DEFINITIONAL_REPRESENTATION('',(#5611),#5615);
#5611 = LINE('',#5612,#5613);
#5612 = CARTESIAN_POINT('',(1.570796326795,-0.));
#5613 = VECTOR('',#5614,1.);
#5614 = DIRECTION('',(-1.,0.));
#5615 = ( GEOMETRIC_REPRESENTATION_CONTEXT(2) 
PARAMETRIC_REPRESENTATION_CONTEXT() REPRESENTATION_CONTEXT('2D SPACE',''
  ) );
#5616 = ORIENTED_EDGE('',*,*,#5617,.T.);
#5617 = EDGE_CURVE('',#5585,#5618,#5620,.T.);
#5618 = VERTEX_POINT('',#5619);
#5619 = CARTESIAN_POINT('',(2.,13.6,8.7));
#5620 = SURFACE_CURVE('',#5621,(#5625,#5632),.PCURVE_S1.);
#5621 = LINE('',#5622,#5623);
#5622 = CARTESIAN_POINT('',(2.,13.6,0.));
#5623 = VECTOR('',#5624,1.);
#5624 = DIRECTION('',(0.,0.,1.));
#5625 = PCURVE('',#2558,#5626);
#5626 = DEFINITIONAL_REPRESENTATION('',(#5627),#5631);
#5627 = LINE('',#5628,#5629);
#5628 = CARTESIAN_POINT('',(0.,-2.2));
#5629 = VECTOR('',#5630,1.);
#5630 = DIRECTION('',(1.,0.));
#5631 = ( GEOMETRIC_REPRESENTATION_CONTEXT(2) 
PARAMETRIC_REPRESENTATION_CONTEXT() REPRESENTATION_CONTEXT('2D SPACE',''
  ) );
#5632 = PCURVE('',#5633,#5638);
#5633 = PLANE('',#5634);
#5634 = AXIS2_PLACEMENT_3D('',#5635,#5636,#5637);
#5635 = CARTESIAN_POINT('',(2.,13.6,0.));
#5636 = DIRECTION('',(0.,1.,0.));
#5637 = DIRECTION('',(0.,0.,1.));
#5638 = DEFINITIONAL_REPRESENTATION('',(#5639),#5643);
#5639 = LINE('',#5640,#5641);
#5640 = CARTESIAN_POINT('',(0.,0.));
#5641 = VECTOR('',#5642,1.);
#5642 = DIRECTION('',(1.,0.));
#5643 = ( GEOMETRIC_REPRESENTATION_CONTEXT(2) 
PARAMETRIC_REPRESENTATION_CONTEXT() REPRESENTATION_CONTEXT('2D SPACE',''
  ) );
#5644 = ORIENTED_EDGE('',*,*,#5645,.T.);
#5645 = EDGE_CURVE('',#5618,#5646,#5648,.T.);
#5646 = VERTEX_POINT('',#5647);
#5647 = CARTESIAN_POINT('',(2.,14.56,8.7));
#5648 = SURFACE_CURVE('',#5649,(#5653,#5660),.PCURVE_S1.);
#5649 = LINE('',#5650,#5651);
#5650 = CARTESIAN_POINT('',(2.,13.06,8.7));
#5651 = VECTOR('',#5652,1.);
#5652 = DIRECTION('',(0.,1.,0.));
#5653 = PCURVE('',#2558,#5654);
#5654 = DEFINITIONAL_REPRESENTATION('',(#5655),#5659);
#5655 = LINE('',#5656,#5657);
#5656 = CARTESIAN_POINT('',(8.7,-1.66));
#5657 = VECTOR('',#5658,1.);
#5658 = DIRECTION('',(0.,-1.));
#5659 = ( GEOMETRIC_REPRESENTATION_CONTEXT(2) 
PARAMETRIC_REPRESENTATION_CONTEXT() REPRESENTATION_CONTEXT('2D SPACE',''
  ) );
#5660 = PCURVE('',#5661,#5666);
#5661 = PLANE('',#5662);
#5662 = AXIS2_PLACEMENT_3D('',#5663,#5664,#5665);
#5663 = CARTESIAN_POINT('',(2.,13.06,8.7));
#5664 = DIRECTION('',(0.,0.,1.));
#5665 = DIRECTION('',(1.,0.,0.));
#5666 = DEFINITIONAL_REPRESENTATION('',(#5667),#5671);
#5667 = LINE('',#5668,#5669);
#5668 = CARTESIAN_POINT('',(0.,0.));
#5669 = VECTOR('',#5670,1.);
#5670 = DIRECTION('',(0.,1.));
#5671 = ( GEOMETRIC_REPRESENTATION_CONTEXT(2) 
PARAMETRIC_REPRESENTATION_CONTEXT() REPRESENTATION_CONTEXT('2D SPACE',''
  ) );
#5672 = ORIENTED_EDGE('',*,*,#5673,.F.);
#5673 = EDGE_CURVE('',#5674,#5646,#5676,.T.);
#5674 = VERTEX_POINT('',#5675);
#5675 = CARTESIAN_POINT('',(2.,14.86,9.));
#5676 = SURFACE_CURVE('',#5677,(#5682,#5693),.PCURVE_S1.);
#5677 = CIRCLE('',#5678,0.3);
#5678 = AXIS2_PLACEMENT_3D('',#5679,#5680,#5681);
#5679 = CARTESIAN_POINT('',(2.,14.56,9.));
#5680 = DIRECTION('',(-1.,0.,-0.));
#5681 = DIRECTION('',(-0.,0.,1.));
#5682 = PCURVE('',#2558,#5683);
#5683 = DEFINITIONAL_REPRESENTATION('',(#5684),#5692);
#5684 = ( BOUNDED_CURVE() B_SPLINE_CURVE(2,(#5685,#5686,#5687,#5688,
#5689,#5690,#5691),.UNSPECIFIED.,.T.,.F.) B_SPLINE_CURVE_WITH_KNOTS((1,2
    ,2,2,2,1),(-2.094395102393,0.,2.094395102393,4.188790204786,
6.28318530718,8.377580409573),.UNSPECIFIED.) CURVE() 
GEOMETRIC_REPRESENTATION_ITEM() RATIONAL_B_SPLINE_CURVE((1.,0.5,1.,0.5,
1.,0.5,1.)) REPRESENTATION_ITEM('') );
#5685 = CARTESIAN_POINT('',(9.3,-3.16));
#5686 = CARTESIAN_POINT('',(9.3,-3.679615242271));
#5687 = CARTESIAN_POINT('',(8.85,-3.419807621135));
#5688 = CARTESIAN_POINT('',(8.4,-3.16));
#5689 = CARTESIAN_POINT('',(8.85,-2.900192378865));
#5690 = CARTESIAN_POINT('',(9.3,-2.640384757729));
#5691 = CARTESIAN_POINT('',(9.3,-3.16));
#5692 = ( GEOMETRIC_REPRESENTATION_CONTEXT(2) 
PARAMETRIC_REPRESENTATION_CONTEXT() REPRESENTATION_CONTEXT('2D SPACE',''
  ) );
#5693 = PCURVE('',#5694,#5699);
#5694 = CYLINDRICAL_SURFACE('',#5695,0.3);
#5695 = AXIS2_PLACEMENT_3D('',#5696,#5697,#5698);
#5696 = CARTESIAN_POINT('',(2.,14.56,9.));
#5697 = DIRECTION('',(1.,0.,0.));
#5698 = DIRECTION('',(-0.,1.,0.));
#5699 = DEFINITIONAL_REPRESENTATION('',(#5700),#5704);
#5700 = LINE('',#5701,#5702);
#5701 = CARTESIAN_POINT('',(1.570796326795,-0.));
#5702 = VECTOR('',#5703,1.);
#5703 = DIRECTION('',(-1.,0.));
#5704 = ( GEOMETRIC_REPRESENTATION_CONTEXT(2) 
PARAMETRIC_REPRESENTATION_CONTEXT() REPRESENTATION_CONTEXT('2D SPACE',''
  ) );
#5705 = ORIENTED_EDGE('',*,*,#5706,.T.);
#5706 = EDGE_CURVE('',#5674,#5707,#5709,.T.);
#5707 = VERTEX_POINT('',#5708);
#5708 = CARTESIAN_POINT('',(2.,14.86,9.8));
#5709 = SURFACE_CURVE('',#5710,(#5714,#5721),.PCURVE_S1.);
#5710 = LINE('',#5711,#5712);
#5711 = CARTESIAN_POINT('',(2.,14.86,8.7));
#5712 = VECTOR('',#5713,1.);
#5713 = DIRECTION('',(0.,0.,1.));
#5714 = PCURVE('',#2558,#5715);
#5715 = DEFINITIONAL_REPRESENTATION('',(#5716),#5720);
#5716 = LINE('',#5717,#5718);
#5717 = CARTESIAN_POINT('',(8.7,-3.46));
#5718 = VECTOR('',#5719,1.);
#5719 = DIRECTION('',(1.,0.));
#5720 = ( GEOMETRIC_REPRESENTATION_CONTEXT(2) 
PARAMETRIC_REPRESENTATION_CONTEXT() REPRESENTATION_CONTEXT('2D SPACE',''
  ) );
#5721 = PCURVE('',#5722,#5727);
#5722 = PLANE('',#5723);
#5723 = AXIS2_PLACEMENT_3D('',#5724,#5725,#5726);
#5724 = CARTESIAN_POINT('',(2.,14.86,8.7));
#5725 = DIRECTION('',(0.,1.,0.));
#5726 = DIRECTION('',(0.,0.,1.));
#5727 = DEFINITIONAL_REPRESENTATION('',(#5728),#5732);
#5728 = LINE('',#5729,#5730);
#5729 = CARTESIAN_POINT('',(0.,0.));
#5730 = VECTOR('',#5731,1.);
#5731 = DIRECTION('',(1.,0.));
#5732 = ( GEOMETRIC_REPRESENTATION_CONTEXT(2) 
PARAMETRIC_REPRESENTATION_CONTEXT() REPRESENTATION_CONTEXT('2D SPACE',''
  ) );
#5733 = ORIENTED_EDGE('',*,*,#5734,.T.);
#5734 = EDGE_CURVE('',#5707,#5735,#5737,.T.);
#5735 = VERTEX_POINT('',#5736);
#5736 = CARTESIAN_POINT('',(2.,14.56,10.1));
#5737 = SURFACE_CURVE('',#5738,(#5743,#5750),.PCURVE_S1.);
#5738 = CIRCLE('',#5739,0.3);
#5739 = AXIS2_PLACEMENT_3D('',#5740,#5741,#5742);
#5740 = CARTESIAN_POINT('',(2.,14.56,9.8));
#5741 = DIRECTION('',(1.,0.,0.));
#5742 = DIRECTION('',(-0.,0.,1.));
#5743 = PCURVE('',#2558,#5744);
#5744 = DEFINITIONAL_REPRESENTATION('',(#5745),#5749);
#5745 = CIRCLE('',#5746,0.3);
#5746 = AXIS2_PLACEMENT_2D('',#5747,#5748);
#5747 = CARTESIAN_POINT('',(9.8,-3.16));
#5748 = DIRECTION('',(1.,0.));
#5749 = ( GEOMETRIC_REPRESENTATION_CONTEXT(2) 
PARAMETRIC_REPRESENTATION_CONTEXT() REPRESENTATION_CONTEXT('2D SPACE',''
  ) );
#5750 = PCURVE('',#5751,#5756);
#5751 = CYLINDRICAL_SURFACE('',#5752,0.3);
#5752 = AXIS2_PLACEMENT_3D('',#5753,#5754,#5755);
#5753 = CARTESIAN_POINT('',(2.,14.56,9.8));
#5754 = DIRECTION('',(1.,0.,0.));
#5755 = DIRECTION('',(-0.,1.,0.));
#5756 = DEFINITIONAL_REPRESENTATION('',(#5757),#5761);
#5757 = LINE('',#5758,#5759);
#5758 = CARTESIAN_POINT('',(-4.712388980385,0.));
#5759 = VECTOR('',#5760,1.);
#5760 = DIRECTION('',(1.,0.));
#5761 = ( GEOMETRIC_REPRESENTATION_CONTEXT(2) 
PARAMETRIC_REPRESENTATION_CONTEXT() REPRESENTATION_CONTEXT('2D SPACE',''
  ) );
#5762 = ORIENTED_EDGE('',*,*,#5763,.F.);
#5763 = EDGE_CURVE('',#5764,#5735,#5766,.T.);
#5764 = VERTEX_POINT('',#5765);
#5765 = CARTESIAN_POINT('',(2.,13.6,10.1));
#5766 = SURFACE_CURVE('',#5767,(#5771,#5778),.PCURVE_S1.);
#5767 = LINE('',#5768,#5769);
#5768 = CARTESIAN_POINT('',(2.,13.06,10.1));
#5769 = VECTOR('',#5770,1.);
#5770 = DIRECTION('',(0.,1.,0.));
#5771 = PCURVE('',#2558,#5772);
#5772 = DEFINITIONAL_REPRESENTATION('',(#5773),#5777);
#5773 = LINE('',#5774,#5775);
#5774 = CARTESIAN_POINT('',(10.1,-1.66));
#5775 = VECTOR('',#5776,1.);
#5776 = DIRECTION('',(0.,-1.));
#5777 = ( GEOMETRIC_REPRESENTATION_CONTEXT(2) 
PARAMETRIC_REPRESENTATION_CONTEXT() REPRESENTATION_CONTEXT('2D SPACE',''
  ) );
#5778 = PCURVE('',#5779,#5784);
#5779 = PLANE('',#5780);
#5780 = AXIS2_PLACEMENT_3D('',#5781,#5782,#5783);
#5781 = CARTESIAN_POINT('',(2.,13.06,10.1));
#5782 = DIRECTION('',(0.,0.,1.));
#5783 = DIRECTION('',(1.,0.,0.));
#5784 = DEFINITIONAL_REPRESENTATION('',(#5785),#5789);
#5785 = LINE('',#5786,#5787);
#5786 = CARTESIAN_POINT('',(0.,0.));
#5787 = VECTOR('',#5788,1.);
#5788 = DIRECTION('',(0.,1.));
#5789 = ( GEOMETRIC_REPRESENTATION_CONTEXT(2) 
PARAMETRIC_REPRESENTATION_CONTEXT() REPRESENTATION_CONTEXT('2D SPACE',''
  ) );
#5790 = ORIENTED_EDGE('',*,*,#5791,.T.);
#5791 = EDGE_CURVE('',#5764,#5792,#5794,.T.);
#5792 = VERTEX_POINT('',#5793);
#5793 = CARTESIAN_POINT('',(2.,13.6,11.3));
#5794 = SURFACE_CURVE('',#5795,(#5799,#5806),.PCURVE_S1.);
#5795 = LINE('',#5796,#5797);
#5796 = CARTESIAN_POINT('',(2.,13.6,0.));
#5797 = VECTOR('',#5798,1.);
#5798 = DIRECTION('',(0.,0.,1.));
#5799 = PCURVE('',#2558,#5800);
#5800 = DEFINITIONAL_REPRESENTATION('',(#5801),#5805);
#5801 = LINE('',#5802,#5803);
#5802 = CARTESIAN_POINT('',(0.,-2.2));
#5803 = VECTOR('',#5804,1.);
#5804 = DIRECTION('',(1.,0.));
#5805 = ( GEOMETRIC_REPRESENTATION_CONTEXT(2) 
PARAMETRIC_REPRESENTATION_CONTEXT() REPRESENTATION_CONTEXT('2D SPACE',''
  ) );
#5806 = PCURVE('',#5807,#5812);
#5807 = PLANE('',#5808);
#5808 = AXIS2_PLACEMENT_3D('',#5809,#5810,#5811);
#5809 = CARTESIAN_POINT('',(2.,13.6,0.));
#5810 = DIRECTION('',(0.,1.,0.));
#5811 = DIRECTION('',(0.,0.,1.));
#5812 = DEFINITIONAL_REPRESENTATION('',(#5813),#5817);
#5813 = LINE('',#5814,#5815);
#5814 = CARTESIAN_POINT('',(0.,0.));
#5815 = VECTOR('',#5816,1.);
#5816 = DIRECTION('',(1.,0.));
#5817 = ( GEOMETRIC_REPRESENTATION_CONTEXT(2) 
PARAMETRIC_REPRESENTATION_CONTEXT() REPRESENTATION_CONTEXT('2D SPACE',''
  ) );
#5818 = ORIENTED_EDGE('',*,*,#5819,.T.);
#5819 = EDGE_CURVE('',#5792,#5820,#5822,.T.);
#5820 = VERTEX_POINT('',#5821);
#5821 = CARTESIAN_POINT('',(2.,14.56,11.3));
#5822 = SURFACE_CURVE('',#5823,(#5827,#5834),.PCURVE_S1.);
#5823 = LINE('',#5824,#5825);
#5824 = CARTESIAN_POINT('',(2.,13.06,11.3));
#5825 = VECTOR('',#5826,1.);
#5826 = DIRECTION('',(0.,1.,0.));
#5827 = PCURVE('',#2558,#5828);
#5828 = DEFINITIONAL_REPRESENTATION('',(#5829),#5833);
#5829 = LINE('',#5830,#5831);
#5830 = CARTESIAN_POINT('',(11.3,-1.66));
#5831 = VECTOR('',#5832,1.);
#5832 = DIRECTION('',(0.,-1.));
#5833 = ( GEOMETRIC_REPRESENTATION_CONTEXT(2) 
PARAMETRIC_REPRESENTATION_CONTEXT() REPRESENTATION_CONTEXT('2D SPACE',''
  ) );
#5834 = PCURVE('',#5835,#5840);
#5835 = PLANE('',#5836);
#5836 = AXIS2_PLACEMENT_3D('',#5837,#5838,#5839);
#5837 = CARTESIAN_POINT('',(2.,13.06,11.3));
#5838 = DIRECTION('',(0.,0.,1.));
#5839 = DIRECTION('',(1.,0.,0.));
#5840 = DEFINITIONAL_REPRESENTATION('',(#5841),#5845);
#5841 = LINE('',#5842,#5843);
#5842 = CARTESIAN_POINT('',(0.,0.));
#5843 = VECTOR('',#5844,1.);
#5844 = DIRECTION('',(0.,1.));
#5845 = ( GEOMETRIC_REPRESENTATION_CONTEXT(2) 
PARAMETRIC_REPRESENTATION_CONTEXT() REPRESENTATION_CONTEXT('2D SPACE',''
  ) );
#5846 = ORIENTED_EDGE('',*,*,#5847,.F.);
#5847 = EDGE_CURVE('',#5848,#5820,#5850,.T.);
#5848 = VERTEX_POINT('',#5849);
#5849 = CARTESIAN_POINT('',(2.,14.86,11.6));
#5850 = SURFACE_CURVE('',#5851,(#5856,#5867),.PCURVE_S1.);
#5851 = CIRCLE('',#5852,0.3);
#5852 = AXIS2_PLACEMENT_3D('',#5853,#5854,#5855);
#5853 = CARTESIAN_POINT('',(2.,14.56,11.6));
#5854 = DIRECTION('',(-1.,0.,-0.));
#5855 = DIRECTION('',(-0.,0.,1.));
#5856 = PCURVE('',#2558,#5857);
#5857 = DEFINITIONAL_REPRESENTATION('',(#5858),#5866);
#5858 = ( BOUNDED_CURVE() B_SPLINE_CURVE(2,(#5859,#5860,#5861,#5862,
#5863,#5864,#5865),.UNSPECIFIED.,.T.,.F.) B_SPLINE_CURVE_WITH_KNOTS((1,2
    ,2,2,2,1),(-2.094395102393,0.,2.094395102393,4.188790204786,
6.28318530718,8.377580409573),.UNSPECIFIED.) CURVE() 
GEOMETRIC_REPRESENTATION_ITEM() RATIONAL_B_SPLINE_CURVE((1.,0.5,1.,0.5,
1.,0.5,1.)) REPRESENTATION_ITEM('') );
#5859 = CARTESIAN_POINT('',(11.9,-3.16));
#5860 = CARTESIAN_POINT('',(11.9,-3.679615242271));
#5861 = CARTESIAN_POINT('',(11.45,-3.419807621135));
#5862 = CARTESIAN_POINT('',(11.,-3.16));
#5863 = CARTESIAN_POINT('',(11.45,-2.900192378865));
#5864 = CARTESIAN_POINT('',(11.9,-2.640384757729));
#5865 = CARTESIAN_POINT('',(11.9,-3.16));
#5866 = ( GEOMETRIC_REPRESENTATION_CONTEXT(2) 
PARAMETRIC_REPRESENTATION_CONTEXT() REPRESENTATION_CONTEXT('2D SPACE',''
  ) );
#5867 = PCURVE('',#5868,#5873);
#5868 = CYLINDRICAL_SURFACE('',#5869,0.3);
#5869 = AXIS2_PLACEMENT_3D('',#5870,#5871,#5872);
#5870 = CARTESIAN_POINT('',(2.,14.56,11.6));
#5871 = DIRECTION('',(1.,0.,0.));
#5872 = DIRECTION('',(-0.,1.,0.));
#5873 = DEFINITIONAL_REPRESENTATION('',(#5874),#5878);
#5874 = LINE('',#5875,#5876);
#5875 = CARTESIAN_POINT('',(1.570796326795,-0.));
#5876 = VECTOR('',#5877,1.);
#5877 = DIRECTION('',(-1.,0.));
#5878 = ( GEOMETRIC_REPRESENTATION_CONTEXT(2) 
PARAMETRIC_REPRESENTATION_CONTEXT() REPRESENTATION_CONTEXT('2D SPACE',''
  ) );
#5879 = ORIENTED_EDGE('',*,*,#5880,.T.);
#5880 = EDGE_CURVE('',#5848,#5881,#5883,.T.);
#5881 = VERTEX_POINT('',#5882);
#5882 = CARTESIAN_POINT('',(2.,14.86,12.4));
#5883 = SURFACE_CURVE('',#5884,(#5888,#5895),.PCURVE_S1.);
#5884 = LINE('',#5885,#5886);
#5885 = CARTESIAN_POINT('',(2.,14.86,11.3));
#5886 = VECTOR('',#5887,1.);
#5887 = DIRECTION('',(0.,0.,1.));
#5888 = PCURVE('',#2558,#5889);
#5889 = DEFINITIONAL_REPRESENTATION('',(#5890),#5894);
#5890 = LINE('',#5891,#5892);
#5891 = CARTESIAN_POINT('',(11.3,-3.46));
#5892 = VECTOR('',#5893,1.);
#5893 = DIRECTION('',(1.,0.));
#5894 = ( GEOMETRIC_REPRESENTATION_CONTEXT(2) 
PARAMETRIC_REPRESENTATION_CONTEXT() REPRESENTATION_CONTEXT('2D SPACE',''
  ) );
#5895 = PCURVE('',#5896,#5901);
#5896 = PLANE('',#5897);
#5897 = AXIS2_PLACEMENT_3D('',#5898,#5899,#5900);
#5898 = CARTESIAN_POINT('',(2.,14.86,11.3));
#5899 = DIRECTION('',(0.,1.,0.));
#5900 = DIRECTION('',(0.,0.,1.));
#5901 = DEFINITIONAL_REPRESENTATION('',(#5902),#5906);
#5902 = LINE('',#5903,#5904);
#5903 = CARTESIAN_POINT('',(0.,0.));
#5904 = VECTOR('',#5905,1.);
#5905 = DIRECTION('',(1.,0.));
#5906 = ( GEOMETRIC_REPRESENTATION_CONTEXT(2) 
PARAMETRIC_REPRESENTATION_CONTEXT() REPRESENTATION_CONTEXT('2D SPACE',''
  ) );
#5907 = ORIENTED_EDGE('',*,*,#5908,.T.);
#5908 = EDGE_CURVE('',#5881,#5909,#5911,.T.);
#5909 = VERTEX_POINT('',#5910);
#5910 = CARTESIAN_POINT('',(2.,14.56,12.7));
#5911 = SURFACE_CURVE('',#5912,(#5917,#5924),.PCURVE_S1.);
#5912 = CIRCLE('',#5913,0.3);
#5913 = AXIS2_PLACEMENT_3D('',#5914,#5915,#5916);
#5914 = CARTESIAN_POINT('',(2.,14.56,12.4));
#5915 = DIRECTION('',(1.,0.,0.));
#5916 = DIRECTION('',(-0.,0.,1.));
#5917 = PCURVE('',#2558,#5918);
#5918 = DEFINITIONAL_REPRESENTATION('',(#5919),#5923);
#5919 = CIRCLE('',#5920,0.3);
#5920 = AXIS2_PLACEMENT_2D('',#5921,#5922);
#5921 = CARTESIAN_POINT('',(12.4,-3.16));
#5922 = DIRECTION('',(1.,0.));
#5923 = ( GEOMETRIC_REPRESENTATION_CONTEXT(2) 
PARAMETRIC_REPRESENTATION_CONTEXT() REPRESENTATION_CONTEXT('2D SPACE',''
  ) );
#5924 = PCURVE('',#5925,#5930);
#5925 = CYLINDRICAL_SURFACE('',#5926,0.3);
#5926 = AXIS2_PLACEMENT_3D('',#5927,#5928,#5929);
#5927 = CARTESIAN_POINT('',(2.,14.56,12.4));
#5928 = DIRECTION('',(1.,0.,0.));
#5929 = DIRECTION('',(-0.,1.,0.));
#5930 = DEFINITIONAL_REPRESENTATION('',(#5931),#5935);
#5931 = LINE('',#5932,#5933);
#5932 = CARTESIAN_POINT('',(-4.712388980385,0.));
#5933 = VECTOR('',#5934,1.);
#5934 = DIRECTION('',(1.,0.));
#5935 = ( GEOMETRIC_REPRESENTATION_CONTEXT(2) 
PARAMETRIC_REPRESENTATION_CONTEXT() REPRESENTATION_CONTEXT('2D SPACE',''
  ) );
#5936 = ORIENTED_EDGE('',*,*,#5937,.F.);
#5937 = EDGE_CURVE('',#5938,#5909,#5940,.T.);
#5938 = VERTEX_POINT('',#5939);
#5939 = CARTESIAN_POINT('',(2.,13.6,12.7));
#5940 = SURFACE_CURVE('',#5941,(#5945,#5952),.PCURVE_S1.);
#5941 = LINE('',#5942,#5943);
#5942 = CARTESIAN_POINT('',(2.,13.06,12.7));
#5943 = VECTOR('',#5944,1.);
#5944 = DIRECTION('',(0.,1.,0.));
#5945 = PCURVE('',#2558,#5946);
#5946 = DEFINITIONAL_REPRESENTATION('',(#5947),#5951);
#5947 = LINE('',#5948,#5949);
#5948 = CARTESIAN_POINT('',(12.7,-1.66));
#5949 = VECTOR('',#5950,1.);
#5950 = DIRECTION('',(0.,-1.));
#5951 = ( GEOMETRIC_REPRESENTATION_CONTEXT(2) 
PARAMETRIC_REPRESENTATION_CONTEXT() REPRESENTATION_CONTEXT('2D SPACE',''
  ) );
#5952 = PCURVE('',#5953,#5958);
#5953 = PLANE('',#5954);
#5954 = AXIS2_PLACEMENT_3D('',#5955,#5956,#5957);
#5955 = CARTESIAN_POINT('',(2.,13.06,12.7));
#5956 = DIRECTION('',(0.,0.,1.));
#5957 = DIRECTION('',(1.,0.,0.));
#5958 = DEFINITIONAL_REPRESENTATION('',(#5959),#5963);
#5959 = LINE('',#5960,#5961);
#5960 = CARTESIAN_POINT('',(0.,0.));
#5961 = VECTOR('',#5962,1.);
#5962 = DIRECTION('',(0.,1.));
#5963 = ( GEOMETRIC_REPRESENTATION_CONTEXT(2) 
PARAMETRIC_REPRESENTATION_CONTEXT() REPRESENTATION_CONTEXT('2D SPACE',''
  ) );
#5964 = ORIENTED_EDGE('',*,*,#5965,.T.);
#5965 = EDGE_CURVE('',#5938,#5966,#5968,.T.);
#5966 = VERTEX_POINT('',#5967);
#5967 = CARTESIAN_POINT('',(2.,13.6,13.2));
#5968 = SURFACE_CURVE('',#5969,(#5973,#5980),.PCURVE_S1.);
#5969 = LINE('',#5970,#5971);
#5970 = CARTESIAN_POINT('',(2.,13.6,0.));
#5971 = VECTOR('',#5972,1.);
#5972 = DIRECTION('',(0.,0.,1.));
#5973 = PCURVE('',#2558,#5974);
#5974 = DEFINITIONAL_REPRESENTATION('',(#5975),#5979);
#5975 = LINE('',#5976,#5977);
#5976 = CARTESIAN_POINT('',(0.,-2.2));
#5977 = VECTOR('',#5978,1.);
#5978 = DIRECTION('',(1.,0.));
#5979 = ( GEOMETRIC_REPRESENTATION_CONTEXT(2) 
PARAMETRIC_REPRESENTATION_CONTEXT() REPRESENTATION_CONTEXT('2D SPACE',''
  ) );
#5980 = PCURVE('',#5981,#5986);
#5981 = PLANE('',#5982);
#5982 = AXIS2_PLACEMENT_3D('',#5983,#5984,#5985);
#5983 = CARTESIAN_POINT('',(2.,13.6,0.));
#5984 = DIRECTION('',(0.,1.,0.));
#5985 = DIRECTION('',(0.,0.,1.));
#5986 = DEFINITIONAL_REPRESENTATION('',(#5987),#5991);
#5987 = LINE('',#5988,#5989);
#5988 = CARTESIAN_POINT('',(0.,0.));
#5989 = VECTOR('',#5990,1.);
#5990 = DIRECTION('',(1.,0.));
#5991 = ( GEOMETRIC_REPRESENTATION_CONTEXT(2) 
PARAMETRIC_REPRESENTATION_CONTEXT() REPRESENTATION_CONTEXT('2D SPACE',''
  ) );
#5992 = ORIENTED_EDGE('',*,*,#5993,.T.);
#5993 = EDGE_CURVE('',#5966,#5994,#5996,.T.);
#5994 = VERTEX_POINT('',#5995);
#5995 = CARTESIAN_POINT('',(2.,12.8,14.));
#5996 = SURFACE_CURVE('',#5997,(#6002,#6009),.PCURVE_S1.);
#5997 = CIRCLE('',#5998,0.8);
#5998 = AXIS2_PLACEMENT_3D('',#5999,#6000,#6001);
#5999 = CARTESIAN_POINT('',(2.,12.8,13.2));
#6000 = DIRECTION('',(1.,0.,0.));
#6001 = DIRECTION('',(-0.,0.,1.));
#6002 = PCURVE('',#2558,#6003);
#6003 = DEFINITIONAL_REPRESENTATION('',(#6004),#6008);
#6004 = CIRCLE('',#6005,0.8);
#6005 = AXIS2_PLACEMENT_2D('',#6006,#6007);
#6006 = CARTESIAN_POINT('',(13.2,-1.4));
#6007 = DIRECTION('',(1.,0.));
#6008 = ( GEOMETRIC_REPRESENTATION_CONTEXT(2) 
PARAMETRIC_REPRESENTATION_CONTEXT() REPRESENTATION_CONTEXT('2D SPACE',''
  ) );
#6009 = PCURVE('',#6010,#6015);
#6010 = CYLINDRICAL_SURFACE('',#6011,0.8);
#6011 = AXIS2_PLACEMENT_3D('',#6012,#6013,#6014);
#6012 = CARTESIAN_POINT('',(2.,12.8,13.2));
#6013 = DIRECTION('',(1.,0.,0.));
#6014 = DIRECTION('',(-0.,1.,0.));
#6015 = DEFINITIONAL_REPRESENTATION('',(#6016),#6020);
#6016 = LINE('',#6017,#6018);
#6017 = CARTESIAN_POINT('',(-4.712388980385,0.));
#6018 = VECTOR('',#6019,1.);
#6019 = DIRECTION('',(1.,0.));
#6020 = ( GEOMETRIC_REPRESENTATION_CONTEXT(2) 
PARAMETRIC_REPRESENTATION_CONTEXT() REPRESENTATION_CONTEXT('2D SPACE',''
  ) );
#6021 = ORIENTED_EDGE('',*,*,#6022,.F.);
#6022 = EDGE_CURVE('',#6023,#5994,#6025,.T.);
#6023 = VERTEX_POINT('',#6024);
#6024 = CARTESIAN_POINT('',(2.,12.2,14.));
#6025 = SURFACE_CURVE('',#6026,(#6030,#6037),.PCURVE_S1.);
#6026 = LINE('',#6027,#6028);
#6027 = CARTESIAN_POINT('',(2.,11.4,14.));
#6028 = VECTOR('',#6029,1.);
#6029 = DIRECTION('',(0.,1.,0.));
#6030 = PCURVE('',#2558,#6031);
#6031 = DEFINITIONAL_REPRESENTATION('',(#6032),#6036);
#6032 = LINE('',#6033,#6034);
#6033 = CARTESIAN_POINT('',(14.,0.));
#6034 = VECTOR('',#6035,1.);
#6035 = DIRECTION('',(0.,-1.));
#6036 = ( GEOMETRIC_REPRESENTATION_CONTEXT(2) 
PARAMETRIC_REPRESENTATION_CONTEXT() REPRESENTATION_CONTEXT('2D SPACE',''
  ) );
#6037 = PCURVE('',#6038,#6043);
#6038 = PLANE('',#6039);
#6039 = AXIS2_PLACEMENT_3D('',#6040,#6041,#6042);
#6040 = CARTESIAN_POINT('',(2.,11.4,14.));
#6041 = DIRECTION('',(0.,0.,1.));
#6042 = DIRECTION('',(1.,0.,0.));
#6043 = DEFINITIONAL_REPRESENTATION('',(#6044),#6048);
#6044 = LINE('',#6045,#6046);
#6045 = CARTESIAN_POINT('',(0.,0.));
#6046 = VECTOR('',#6047,1.);
#6047 = DIRECTION('',(0.,1.));
#6048 = ( GEOMETRIC_REPRESENTATION_CONTEXT(2) 
PARAMETRIC_REPRESENTATION_CONTEXT() REPRESENTATION_CONTEXT('2D SPACE',''
  ) );
#6049 = ORIENTED_EDGE('',*,*,#6050,.F.);
#6050 = EDGE_CURVE('',#5509,#6023,#6051,.T.);
#6051 = SURFACE_CURVE('',#6052,(#6057,#6068),.PCURVE_S1.);
#6052 = CIRCLE('',#6053,0.8);
#6053 = AXIS2_PLACEMENT_3D('',#6054,#6055,#6056);
#6054 = CARTESIAN_POINT('',(2.,12.2,13.2));
#6055 = DIRECTION('',(-1.,0.,-0.));
#6056 = DIRECTION('',(-0.,0.,1.));
#6057 = PCURVE('',#2558,#6058);
#6058 = DEFINITIONAL_REPRESENTATION('',(#6059),#6067);
#6059 = ( BOUNDED_CURVE() B_SPLINE_CURVE(2,(#6060,#6061,#6062,#6063,
#6064,#6065,#6066),.UNSPECIFIED.,.T.,.F.) B_SPLINE_CURVE_WITH_KNOTS((1,2
    ,2,2,2,1),(-2.094395102393,0.,2.094395102393,4.188790204786,
6.28318530718,8.377580409573),.UNSPECIFIED.) CURVE() 
GEOMETRIC_REPRESENTATION_ITEM() RATIONAL_B_SPLINE_CURVE((1.,0.5,1.,0.5,
1.,0.5,1.)) REPRESENTATION_ITEM('') );
#6060 = CARTESIAN_POINT('',(14.,-0.8));
#6061 = CARTESIAN_POINT('',(14.,-2.185640646055));
#6062 = CARTESIAN_POINT('',(12.8,-1.492820323028));
#6063 = CARTESIAN_POINT('',(11.6,-0.8));
#6064 = CARTESIAN_POINT('',(12.8,-0.107179676972));
#6065 = CARTESIAN_POINT('',(14.,0.585640646055));
#6066 = CARTESIAN_POINT('',(14.,-0.8));
#6067 = ( GEOMETRIC_REPRESENTATION_CONTEXT(2) 
PARAMETRIC_REPRESENTATION_CONTEXT() REPRESENTATION_CONTEXT('2D SPACE',''
  ) );
#6068 = PCURVE('',#6069,#6074);
#6069 = CYLINDRICAL_SURFACE('',#6070,0.8);
#6070 = AXIS2_PLACEMENT_3D('',#6071,#6072,#6073);
#6071 = CARTESIAN_POINT('',(2.,12.2,13.2));
#6072 = DIRECTION('',(1.,0.,0.));
#6073 = DIRECTION('',(0.,-1.,0.));
#6074 = DEFINITIONAL_REPRESENTATION('',(#6075),#6079);
#6075 = LINE('',#6076,#6077);
#6076 = CARTESIAN_POINT('',(4.712388980385,-0.));
#6077 = VECTOR('',#6078,1.);
#6078 = DIRECTION('',(-1.,0.));
#6079 = ( GEOMETRIC_REPRESENTATION_CONTEXT(2) 
PARAMETRIC_REPRESENTATION_CONTEXT() REPRESENTATION_CONTEXT('2D SPACE',''
  ) );
#6080 = ADVANCED_FACE('',(#6081),#2594,.F.);
#6081 = FACE_BOUND('',#6082,.F.);
#6082 = EDGE_LOOP('',(#6083,#6106,#6107,#6108));
#6083 = ORIENTED_EDGE('',*,*,#6084,.F.);
#6084 = EDGE_CURVE('',#2575,#6085,#6087,.T.);
#6085 = VERTEX_POINT('',#6086);
#6086 = CARTESIAN_POINT('',(22.,11.4,13.2));
#6087 = SURFACE_CURVE('',#6088,(#6092,#6099),.PCURVE_S1.);
#6088 = LINE('',#6089,#6090);
#6089 = CARTESIAN_POINT('',(22.,11.4,0.));
#6090 = VECTOR('',#6091,1.);
#6091 = DIRECTION('',(0.,0.,1.));
#6092 = PCURVE('',#2594,#6093);
#6093 = DEFINITIONAL_REPRESENTATION('',(#6094),#6098);
#6094 = LINE('',#6095,#6096);
#6095 = CARTESIAN_POINT('',(0.,20.));
#6096 = VECTOR('',#6097,1.);
#6097 = DIRECTION('',(1.,0.));
#6098 = ( GEOMETRIC_REPRESENTATION_CONTEXT(2) 
PARAMETRIC_REPRESENTATION_CONTEXT() REPRESENTATION_CONTEXT('2D SPACE',''
  ) );
#6099 = PCURVE('',#2632,#6100);
#6100 = DEFINITIONAL_REPRESENTATION('',(#6101),#6105);
#6101 = LINE('',#6102,#6103);
#6102 = CARTESIAN_POINT('',(0.,0.));
#6103 = VECTOR('',#6104,1.);
#6104 = DIRECTION('',(1.,0.));
#6105 = ( GEOMETRIC_REPRESENTATION_CONTEXT(2) 
PARAMETRIC_REPRESENTATION_CONTEXT() REPRESENTATION_CONTEXT('2D SPACE',''
  ) );
#6106 = ORIENTED_EDGE('',*,*,#2574,.T.);
#6107 = ORIENTED_EDGE('',*,*,#5508,.T.);
#6108 = ORIENTED_EDGE('',*,*,#6109,.T.);
#6109 = EDGE_CURVE('',#5509,#6085,#6110,.T.);
#6110 = SURFACE_CURVE('',#6111,(#6115,#6122),.PCURVE_S1.);
#6111 = LINE('',#6112,#6113);
#6112 = CARTESIAN_POINT('',(2.,11.4,13.2));
#6113 = VECTOR('',#6114,1.);
#6114 = DIRECTION('',(1.,0.,0.));
#6115 = PCURVE('',#2594,#6116);
#6116 = DEFINITIONAL_REPRESENTATION('',(#6117),#6121);
#6117 = LINE('',#6118,#6119);
#6118 = CARTESIAN_POINT('',(13.2,0.));
#6119 = VECTOR('',#6120,1.);
#6120 = DIRECTION('',(0.,1.));
#6121 = ( GEOMETRIC_REPRESENTATION_CONTEXT(2) 
PARAMETRIC_REPRESENTATION_CONTEXT() REPRESENTATION_CONTEXT('2D SPACE',''
  ) );
#6122 = PCURVE('',#6069,#6123);
#6123 = DEFINITIONAL_REPRESENTATION('',(#6124),#6128);
#6124 = LINE('',#6125,#6126);
#6125 = CARTESIAN_POINT('',(-0.,0.));
#6126 = VECTOR('',#6127,1.);
#6127 = DIRECTION('',(-0.,1.));
#6128 = ( GEOMETRIC_REPRESENTATION_CONTEXT(2) 
PARAMETRIC_REPRESENTATION_CONTEXT() REPRESENTATION_CONTEXT('2D SPACE',''
  ) );
#6129 = ADVANCED_FACE('',(#6130),#2666,.T.);
#6130 = FACE_BOUND('',#6131,.T.);
#6131 = EDGE_LOOP('',(#6132,#6133,#6134,#6157));
#6132 = ORIENTED_EDGE('',*,*,#2648,.T.);
#6133 = ORIENTED_EDGE('',*,*,#5532,.T.);
#6134 = ORIENTED_EDGE('',*,*,#6135,.T.);
#6135 = EDGE_CURVE('',#5533,#6136,#6138,.T.);
#6136 = VERTEX_POINT('',#6137);
#6137 = CARTESIAN_POINT('',(22.,12.2,0.));
#6138 = SURFACE_CURVE('',#6139,(#6143,#6150),.PCURVE_S1.);
#6139 = LINE('',#6140,#6141);
#6140 = CARTESIAN_POINT('',(2.,12.2,0.));
#6141 = VECTOR('',#6142,1.);
#6142 = DIRECTION('',(1.,0.,0.));
#6143 = PCURVE('',#2666,#6144);
#6144 = DEFINITIONAL_REPRESENTATION('',(#6145),#6149);
#6145 = LINE('',#6146,#6147);
#6146 = CARTESIAN_POINT('',(1.570796326795,0.));
#6147 = VECTOR('',#6148,1.);
#6148 = DIRECTION('',(0.,1.));
#6149 = ( GEOMETRIC_REPRESENTATION_CONTEXT(2) 
PARAMETRIC_REPRESENTATION_CONTEXT() REPRESENTATION_CONTEXT('2D SPACE',''
  ) );
#6150 = PCURVE('',#5572,#6151);
#6151 = DEFINITIONAL_REPRESENTATION('',(#6152),#6156);
#6152 = LINE('',#6153,#6154);
#6153 = CARTESIAN_POINT('',(0.,0.8));
#6154 = VECTOR('',#6155,1.);
#6155 = DIRECTION('',(1.,0.));
#6156 = ( GEOMETRIC_REPRESENTATION_CONTEXT(2) 
PARAMETRIC_REPRESENTATION_CONTEXT() REPRESENTATION_CONTEXT('2D SPACE',''
  ) );
#6157 = ORIENTED_EDGE('',*,*,#6158,.F.);
#6158 = EDGE_CURVE('',#2609,#6136,#6159,.T.);
#6159 = SURFACE_CURVE('',#6160,(#6165,#6172),.PCURVE_S1.);
#6160 = CIRCLE('',#6161,0.8);
#6161 = AXIS2_PLACEMENT_3D('',#6162,#6163,#6164);
#6162 = CARTESIAN_POINT('',(22.,12.2,0.8));
#6163 = DIRECTION('',(1.,0.,0.));
#6164 = DIRECTION('',(-0.,0.,1.));
#6165 = PCURVE('',#2666,#6166);
#6166 = DEFINITIONAL_REPRESENTATION('',(#6167),#6171);
#6167 = LINE('',#6168,#6169);
#6168 = CARTESIAN_POINT('',(-1.570796326795,20.));
#6169 = VECTOR('',#6170,1.);
#6170 = DIRECTION('',(1.,0.));
#6171 = ( GEOMETRIC_REPRESENTATION_CONTEXT(2) 
PARAMETRIC_REPRESENTATION_CONTEXT() REPRESENTATION_CONTEXT('2D SPACE',''
  ) );
#6172 = PCURVE('',#2632,#6173);
#6173 = DEFINITIONAL_REPRESENTATION('',(#6174),#6178);
#6174 = CIRCLE('',#6175,0.8);
#6175 = AXIS2_PLACEMENT_2D('',#6176,#6177);
#6176 = CARTESIAN_POINT('',(0.8,-0.8));
#6177 = DIRECTION('',(1.,0.));
#6178 = ( GEOMETRIC_REPRESENTATION_CONTEXT(2) 
PARAMETRIC_REPRESENTATION_CONTEXT() REPRESENTATION_CONTEXT('2D SPACE',''
  ) );
#6179 = ADVANCED_FACE('',(#6180),#2632,.T.);
#6180 = FACE_BOUND('',#6181,.T.);
#6181 = EDGE_LOOP('',(#6182,#6183,#6184,#6185,#6208,#6236,#6259,#6282,
    #6310,#6333,#6357,#6380,#6403,#6426,#6454,#6477,#6501,#6524,#6547,
    #6571,#6594));
#6182 = ORIENTED_EDGE('',*,*,#6084,.F.);
#6183 = ORIENTED_EDGE('',*,*,#2608,.T.);
#6184 = ORIENTED_EDGE('',*,*,#6158,.T.);
#6185 = ORIENTED_EDGE('',*,*,#6186,.T.);
#6186 = EDGE_CURVE('',#6136,#6187,#6189,.T.);
#6187 = VERTEX_POINT('',#6188);
#6188 = CARTESIAN_POINT('',(22.,12.8,0.));
#6189 = SURFACE_CURVE('',#6190,(#6194,#6201),.PCURVE_S1.);
#6190 = LINE('',#6191,#6192);
#6191 = CARTESIAN_POINT('',(22.,11.4,0.));
#6192 = VECTOR('',#6193,1.);
#6193 = DIRECTION('',(0.,1.,0.));
#6194 = PCURVE('',#2632,#6195);
#6195 = DEFINITIONAL_REPRESENTATION('',(#6196),#6200);
#6196 = LINE('',#6197,#6198);
#6197 = CARTESIAN_POINT('',(0.,0.));
#6198 = VECTOR('',#6199,1.);
#6199 = DIRECTION('',(0.,-1.));
#6200 = ( GEOMETRIC_REPRESENTATION_CONTEXT(2) 
PARAMETRIC_REPRESENTATION_CONTEXT() REPRESENTATION_CONTEXT('2D SPACE',''
  ) );
#6201 = PCURVE('',#5572,#6202);
#6202 = DEFINITIONAL_REPRESENTATION('',(#6203),#6207);
#6203 = LINE('',#6204,#6205);
#6204 = CARTESIAN_POINT('',(20.,0.));
#6205 = VECTOR('',#6206,1.);
#6206 = DIRECTION('',(0.,1.));
#6207 = ( GEOMETRIC_REPRESENTATION_CONTEXT(2) 
PARAMETRIC_REPRESENTATION_CONTEXT() REPRESENTATION_CONTEXT('2D SPACE',''
  ) );
#6208 = ORIENTED_EDGE('',*,*,#6209,.F.);
#6209 = EDGE_CURVE('',#6210,#6187,#6212,.T.);
#6210 = VERTEX_POINT('',#6211);
#6211 = CARTESIAN_POINT('',(22.,13.6,0.8));
#6212 = SURFACE_CURVE('',#6213,(#6218,#6229),.PCURVE_S1.);
#6213 = CIRCLE('',#6214,0.8);
#6214 = AXIS2_PLACEMENT_3D('',#6215,#6216,#6217);
#6215 = CARTESIAN_POINT('',(22.,12.8,0.8));
#6216 = DIRECTION('',(-1.,0.,-0.));
#6217 = DIRECTION('',(-0.,0.,1.));
#6218 = PCURVE('',#2632,#6219);
#6219 = DEFINITIONAL_REPRESENTATION('',(#6220),#6228);
#6220 = ( BOUNDED_CURVE() B_SPLINE_CURVE(2,(#6221,#6222,#6223,#6224,
#6225,#6226,#6227),.UNSPECIFIED.,.T.,.F.) B_SPLINE_CURVE_WITH_KNOTS((1,2
    ,2,2,2,1),(-2.094395102393,0.,2.094395102393,4.188790204786,
6.28318530718,8.377580409573),.UNSPECIFIED.) CURVE() 
GEOMETRIC_REPRESENTATION_ITEM() RATIONAL_B_SPLINE_CURVE((1.,0.5,1.,0.5,
1.,0.5,1.)) REPRESENTATION_ITEM('') );
#6221 = CARTESIAN_POINT('',(1.6,-1.4));
#6222 = CARTESIAN_POINT('',(1.6,-2.785640646055));
#6223 = CARTESIAN_POINT('',(0.4,-2.092820323028));
#6224 = CARTESIAN_POINT('',(-0.8,-1.4));
#6225 = CARTESIAN_POINT('',(0.4,-0.707179676972));
#6226 = CARTESIAN_POINT('',(1.6,-1.43593539449E-02));
#6227 = CARTESIAN_POINT('',(1.6,-1.4));
#6228 = ( GEOMETRIC_REPRESENTATION_CONTEXT(2) 
PARAMETRIC_REPRESENTATION_CONTEXT() REPRESENTATION_CONTEXT('2D SPACE',''
  ) );
#6229 = PCURVE('',#5605,#6230);
#6230 = DEFINITIONAL_REPRESENTATION('',(#6231),#6235);
#6231 = LINE('',#6232,#6233);
#6232 = CARTESIAN_POINT('',(1.570796326795,20.));
#6233 = VECTOR('',#6234,1.);
#6234 = DIRECTION('',(-1.,0.));
#6235 = ( GEOMETRIC_REPRESENTATION_CONTEXT(2) 
PARAMETRIC_REPRESENTATION_CONTEXT() REPRESENTATION_CONTEXT('2D SPACE',''
  ) );
#6236 = ORIENTED_EDGE('',*,*,#6237,.T.);
#6237 = EDGE_CURVE('',#6210,#6238,#6240,.T.);
#6238 = VERTEX_POINT('',#6239);
#6239 = CARTESIAN_POINT('',(22.,13.6,8.7));
#6240 = SURFACE_CURVE('',#6241,(#6245,#6252),.PCURVE_S1.);
#6241 = LINE('',#6242,#6243);
#6242 = CARTESIAN_POINT('',(22.,13.6,0.));
#6243 = VECTOR('',#6244,1.);
#6244 = DIRECTION('',(0.,0.,1.));
#6245 = PCURVE('',#2632,#6246);
#6246 = DEFINITIONAL_REPRESENTATION('',(#6247),#6251);
#6247 = LINE('',#6248,#6249);
#6248 = CARTESIAN_POINT('',(0.,-2.2));
#6249 = VECTOR('',#6250,1.);
#6250 = DIRECTION('',(1.,0.));
#6251 = ( GEOMETRIC_REPRESENTATION_CONTEXT(2) 
PARAMETRIC_REPRESENTATION_CONTEXT() REPRESENTATION_CONTEXT('2D SPACE',''
  ) );
#6252 = PCURVE('',#5633,#6253);
#6253 = DEFINITIONAL_REPRESENTATION('',(#6254),#6258);
#6254 = LINE('',#6255,#6256);
#6255 = CARTESIAN_POINT('',(0.,20.));
#6256 = VECTOR('',#6257,1.);
#6257 = DIRECTION('',(1.,0.));
#6258 = ( GEOMETRIC_REPRESENTATION_CONTEXT(2) 
PARAMETRIC_REPRESENTATION_CONTEXT() REPRESENTATION_CONTEXT('2D SPACE',''
  ) );
#6259 = ORIENTED_EDGE('',*,*,#6260,.T.);
#6260 = EDGE_CURVE('',#6238,#6261,#6263,.T.);
#6261 = VERTEX_POINT('',#6262);
#6262 = CARTESIAN_POINT('',(22.,14.56,8.7));
#6263 = SURFACE_CURVE('',#6264,(#6268,#6275),.PCURVE_S1.);
#6264 = LINE('',#6265,#6266);
#6265 = CARTESIAN_POINT('',(22.,13.06,8.7));
#6266 = VECTOR('',#6267,1.);
#6267 = DIRECTION('',(0.,1.,0.));
#6268 = PCURVE('',#2632,#6269);
#6269 = DEFINITIONAL_REPRESENTATION('',(#6270),#6274);
#6270 = LINE('',#6271,#6272);
#6271 = CARTESIAN_POINT('',(8.7,-1.66));
#6272 = VECTOR('',#6273,1.);
#6273 = DIRECTION('',(0.,-1.));
#6274 = ( GEOMETRIC_REPRESENTATION_CONTEXT(2) 
PARAMETRIC_REPRESENTATION_CONTEXT() REPRESENTATION_CONTEXT('2D SPACE',''
  ) );
#6275 = PCURVE('',#5661,#6276);
#6276 = DEFINITIONAL_REPRESENTATION('',(#6277),#6281);
#6277 = LINE('',#6278,#6279);
#6278 = CARTESIAN_POINT('',(20.,0.));
#6279 = VECTOR('',#6280,1.);
#6280 = DIRECTION('',(0.,1.));
#6281 = ( GEOMETRIC_REPRESENTATION_CONTEXT(2) 
PARAMETRIC_REPRESENTATION_CONTEXT() REPRESENTATION_CONTEXT('2D SPACE',''
  ) );
#6282 = ORIENTED_EDGE('',*,*,#6283,.F.);
#6283 = EDGE_CURVE('',#6284,#6261,#6286,.T.);
#6284 = VERTEX_POINT('',#6285);
#6285 = CARTESIAN_POINT('',(22.,14.86,9.));
#6286 = SURFACE_CURVE('',#6287,(#6292,#6303),.PCURVE_S1.);
#6287 = CIRCLE('',#6288,0.3);
#6288 = AXIS2_PLACEMENT_3D('',#6289,#6290,#6291);
#6289 = CARTESIAN_POINT('',(22.,14.56,9.));
#6290 = DIRECTION('',(-1.,0.,-0.));
#6291 = DIRECTION('',(-0.,0.,1.));
#6292 = PCURVE('',#2632,#6293);
#6293 = DEFINITIONAL_REPRESENTATION('',(#6294),#6302);
#6294 = ( BOUNDED_CURVE() B_SPLINE_CURVE(2,(#6295,#6296,#6297,#6298,
#6299,#6300,#6301),.UNSPECIFIED.,.T.,.F.) B_SPLINE_CURVE_WITH_KNOTS((1,2
    ,2,2,2,1),(-2.094395102393,0.,2.094395102393,4.188790204786,
6.28318530718,8.377580409573),.UNSPECIFIED.) CURVE() 
GEOMETRIC_REPRESENTATION_ITEM() RATIONAL_B_SPLINE_CURVE((1.,0.5,1.,0.5,
1.,0.5,1.)) REPRESENTATION_ITEM('') );
#6295 = CARTESIAN_POINT('',(9.3,-3.16));
#6296 = CARTESIAN_POINT('',(9.3,-3.679615242271));
#6297 = CARTESIAN_POINT('',(8.85,-3.419807621135));
#6298 = CARTESIAN_POINT('',(8.4,-3.16));
#6299 = CARTESIAN_POINT('',(8.85,-2.900192378865));
#6300 = CARTESIAN_POINT('',(9.3,-2.640384757729));
#6301 = CARTESIAN_POINT('',(9.3,-3.16));
#6302 = ( GEOMETRIC_REPRESENTATION_CONTEXT(2) 
PARAMETRIC_REPRESENTATION_CONTEXT() REPRESENTATION_CONTEXT('2D SPACE',''
  ) );
#6303 = PCURVE('',#5694,#6304);
#6304 = DEFINITIONAL_REPRESENTATION('',(#6305),#6309);
#6305 = LINE('',#6306,#6307);
#6306 = CARTESIAN_POINT('',(1.570796326795,20.));
#6307 = VECTOR('',#6308,1.);
#6308 = DIRECTION('',(-1.,0.));
#6309 = ( GEOMETRIC_REPRESENTATION_CONTEXT(2) 
PARAMETRIC_REPRESENTATION_CONTEXT() REPRESENTATION_CONTEXT('2D SPACE',''
  ) );
#6310 = ORIENTED_EDGE('',*,*,#6311,.T.);
#6311 = EDGE_CURVE('',#6284,#6312,#6314,.T.);
#6312 = VERTEX_POINT('',#6313);
#6313 = CARTESIAN_POINT('',(22.,14.86,9.8));
#6314 = SURFACE_CURVE('',#6315,(#6319,#6326),.PCURVE_S1.);
#6315 = LINE('',#6316,#6317);
#6316 = CARTESIAN_POINT('',(22.,14.86,8.7));
#6317 = VECTOR('',#6318,1.);
#6318 = DIRECTION('',(0.,0.,1.));
#6319 = PCURVE('',#2632,#6320);
#6320 = DEFINITIONAL_REPRESENTATION('',(#6321),#6325);
#6321 = LINE('',#6322,#6323);
#6322 = CARTESIAN_POINT('',(8.7,-3.46));
#6323 = VECTOR('',#6324,1.);
#6324 = DIRECTION('',(1.,0.));
#6325 = ( GEOMETRIC_REPRESENTATION_CONTEXT(2) 
PARAMETRIC_REPRESENTATION_CONTEXT() REPRESENTATION_CONTEXT('2D SPACE',''
  ) );
#6326 = PCURVE('',#5722,#6327);
#6327 = DEFINITIONAL_REPRESENTATION('',(#6328),#6332);
#6328 = LINE('',#6329,#6330);
#6329 = CARTESIAN_POINT('',(0.,20.));
#6330 = VECTOR('',#6331,1.);
#6331 = DIRECTION('',(1.,0.));
#6332 = ( GEOMETRIC_REPRESENTATION_CONTEXT(2) 
PARAMETRIC_REPRESENTATION_CONTEXT() REPRESENTATION_CONTEXT('2D SPACE',''
  ) );
#6333 = ORIENTED_EDGE('',*,*,#6334,.T.);
#6334 = EDGE_CURVE('',#6312,#6335,#6337,.T.);
#6335 = VERTEX_POINT('',#6336);
#6336 = CARTESIAN_POINT('',(22.,14.56,10.1));
#6337 = SURFACE_CURVE('',#6338,(#6343,#6350),.PCURVE_S1.);
#6338 = CIRCLE('',#6339,0.3);
#6339 = AXIS2_PLACEMENT_3D('',#6340,#6341,#6342);
#6340 = CARTESIAN_POINT('',(22.,14.56,9.8));
#6341 = DIRECTION('',(1.,0.,0.));
#6342 = DIRECTION('',(-0.,0.,1.));
#6343 = PCURVE('',#2632,#6344);
#6344 = DEFINITIONAL_REPRESENTATION('',(#6345),#6349);
#6345 = CIRCLE('',#6346,0.3);
#6346 = AXIS2_PLACEMENT_2D('',#6347,#6348);
#6347 = CARTESIAN_POINT('',(9.8,-3.16));
#6348 = DIRECTION('',(1.,0.));
#6349 = ( GEOMETRIC_REPRESENTATION_CONTEXT(2) 
PARAMETRIC_REPRESENTATION_CONTEXT() REPRESENTATION_CONTEXT('2D SPACE',''
  ) );
#6350 = PCURVE('',#5751,#6351);
#6351 = DEFINITIONAL_REPRESENTATION('',(#6352),#6356);
#6352 = LINE('',#6353,#6354);
#6353 = CARTESIAN_POINT('',(-4.712388980385,20.));
#6354 = VECTOR('',#6355,1.);
#6355 = DIRECTION('',(1.,0.));
#6356 = ( GEOMETRIC_REPRESENTATION_CONTEXT(2) 
PARAMETRIC_REPRESENTATION_CONTEXT() REPRESENTATION_CONTEXT('2D SPACE',''
  ) );
#6357 = ORIENTED_EDGE('',*,*,#6358,.F.);
#6358 = EDGE_CURVE('',#6359,#6335,#6361,.T.);
#6359 = VERTEX_POINT('',#6360);
#6360 = CARTESIAN_POINT('',(22.,13.6,10.1));
#6361 = SURFACE_CURVE('',#6362,(#6366,#6373),.PCURVE_S1.);
#6362 = LINE('',#6363,#6364);
#6363 = CARTESIAN_POINT('',(22.,13.06,10.1));
#6364 = VECTOR('',#6365,1.);
#6365 = DIRECTION('',(0.,1.,0.));
#6366 = PCURVE('',#2632,#6367);
#6367 = DEFINITIONAL_REPRESENTATION('',(#6368),#6372);
#6368 = LINE('',#6369,#6370);
#6369 = CARTESIAN_POINT('',(10.1,-1.66));
#6370 = VECTOR('',#6371,1.);
#6371 = DIRECTION('',(0.,-1.));
#6372 = ( GEOMETRIC_REPRESENTATION_CONTEXT(2) 
PARAMETRIC_REPRESENTATION_CONTEXT() REPRESENTATION_CONTEXT('2D SPACE',''
  ) );
#6373 = PCURVE('',#5779,#6374);
#6374 = DEFINITIONAL_REPRESENTATION('',(#6375),#6379);
#6375 = LINE('',#6376,#6377);
#6376 = CARTESIAN_POINT('',(20.,0.));
#6377 = VECTOR('',#6378,1.);
#6378 = DIRECTION('',(0.,1.));
#6379 = ( GEOMETRIC_REPRESENTATION_CONTEXT(2) 
PARAMETRIC_REPRESENTATION_CONTEXT() REPRESENTATION_CONTEXT('2D SPACE',''
  ) );
#6380 = ORIENTED_EDGE('',*,*,#6381,.T.);
#6381 = EDGE_CURVE('',#6359,#6382,#6384,.T.);
#6382 = VERTEX_POINT('',#6383);
#6383 = CARTESIAN_POINT('',(22.,13.6,11.3));
#6384 = SURFACE_CURVE('',#6385,(#6389,#6396),.PCURVE_S1.);
#6385 = LINE('',#6386,#6387);
#6386 = CARTESIAN_POINT('',(22.,13.6,0.));
#6387 = VECTOR('',#6388,1.);
#6388 = DIRECTION('',(0.,0.,1.));
#6389 = PCURVE('',#2632,#6390);
#6390 = DEFINITIONAL_REPRESENTATION('',(#6391),#6395);
#6391 = LINE('',#6392,#6393);
#6392 = CARTESIAN_POINT('',(0.,-2.2));
#6393 = VECTOR('',#6394,1.);
#6394 = DIRECTION('',(1.,0.));
#6395 = ( GEOMETRIC_REPRESENTATION_CONTEXT(2) 
PARAMETRIC_REPRESENTATION_CONTEXT() REPRESENTATION_CONTEXT('2D SPACE',''
  ) );
#6396 = PCURVE('',#5807,#6397);
#6397 = DEFINITIONAL_REPRESENTATION('',(#6398),#6402);
#6398 = LINE('',#6399,#6400);
#6399 = CARTESIAN_POINT('',(0.,20.));
#6400 = VECTOR('',#6401,1.);
#6401 = DIRECTION('',(1.,0.));
#6402 = ( GEOMETRIC_REPRESENTATION_CONTEXT(2) 
PARAMETRIC_REPRESENTATION_CONTEXT() REPRESENTATION_CONTEXT('2D SPACE',''
  ) );
#6403 = ORIENTED_EDGE('',*,*,#6404,.T.);
#6404 = EDGE_CURVE('',#6382,#6405,#6407,.T.);
#6405 = VERTEX_POINT('',#6406);
#6406 = CARTESIAN_POINT('',(22.,14.56,11.3));
#6407 = SURFACE_CURVE('',#6408,(#6412,#6419),.PCURVE_S1.);
#6408 = LINE('',#6409,#6410);
#6409 = CARTESIAN_POINT('',(22.,13.06,11.3));
#6410 = VECTOR('',#6411,1.);
#6411 = DIRECTION('',(0.,1.,0.));
#6412 = PCURVE('',#2632,#6413);
#6413 = DEFINITIONAL_REPRESENTATION('',(#6414),#6418);
#6414 = LINE('',#6415,#6416);
#6415 = CARTESIAN_POINT('',(11.3,-1.66));
#6416 = VECTOR('',#6417,1.);
#6417 = DIRECTION('',(0.,-1.));
#6418 = ( GEOMETRIC_REPRESENTATION_CONTEXT(2) 
PARAMETRIC_REPRESENTATION_CONTEXT() REPRESENTATION_CONTEXT('2D SPACE',''
  ) );
#6419 = PCURVE('',#5835,#6420);
#6420 = DEFINITIONAL_REPRESENTATION('',(#6421),#6425);
#6421 = LINE('',#6422,#6423);
#6422 = CARTESIAN_POINT('',(20.,0.));
#6423 = VECTOR('',#6424,1.);
#6424 = DIRECTION('',(0.,1.));
#6425 = ( GEOMETRIC_REPRESENTATION_CONTEXT(2) 
PARAMETRIC_REPRESENTATION_CONTEXT() REPRESENTATION_CONTEXT('2D SPACE',''
  ) );
#6426 = ORIENTED_EDGE('',*,*,#6427,.F.);
#6427 = EDGE_CURVE('',#6428,#6405,#6430,.T.);
#6428 = VERTEX_POINT('',#6429);
#6429 = CARTESIAN_POINT('',(22.,14.86,11.6));
#6430 = SURFACE_CURVE('',#6431,(#6436,#6447),.PCURVE_S1.);
#6431 = CIRCLE('',#6432,0.3);
#6432 = AXIS2_PLACEMENT_3D('',#6433,#6434,#6435);
#6433 = CARTESIAN_POINT('',(22.,14.56,11.6));
#6434 = DIRECTION('',(-1.,0.,-0.));
#6435 = DIRECTION('',(-0.,0.,1.));
#6436 = PCURVE('',#2632,#6437);
#6437 = DEFINITIONAL_REPRESENTATION('',(#6438),#6446);
#6438 = ( BOUNDED_CURVE() B_SPLINE_CURVE(2,(#6439,#6440,#6441,#6442,
#6443,#6444,#6445),.UNSPECIFIED.,.T.,.F.) B_SPLINE_CURVE_WITH_KNOTS((1,2
    ,2,2,2,1),(-2.094395102393,0.,2.094395102393,4.188790204786,
6.28318530718,8.377580409573),.UNSPECIFIED.) CURVE() 
GEOMETRIC_REPRESENTATION_ITEM() RATIONAL_B_SPLINE_CURVE((1.,0.5,1.,0.5,
1.,0.5,1.)) REPRESENTATION_ITEM('') );
#6439 = CARTESIAN_POINT('',(11.9,-3.16));
#6440 = CARTESIAN_POINT('',(11.9,-3.679615242271));
#6441 = CARTESIAN_POINT('',(11.45,-3.419807621135));
#6442 = CARTESIAN_POINT('',(11.,-3.16));
#6443 = CARTESIAN_POINT('',(11.45,-2.900192378865));
#6444 = CARTESIAN_POINT('',(11.9,-2.640384757729));
#6445 = CARTESIAN_POINT('',(11.9,-3.16));
#6446 = ( GEOMETRIC_REPRESENTATION_CONTEXT(2) 
PARAMETRIC_REPRESENTATION_CONTEXT() REPRESENTATION_CONTEXT('2D SPACE',''
  ) );
#6447 = PCURVE('',#5868,#6448);
#6448 = DEFINITIONAL_REPRESENTATION('',(#6449),#6453);
#6449 = LINE('',#6450,#6451);
#6450 = CARTESIAN_POINT('',(1.570796326795,20.));
#6451 = VECTOR('',#6452,1.);
#6452 = DIRECTION('',(-1.,0.));
#6453 = ( GEOMETRIC_REPRESENTATION_CONTEXT(2) 
PARAMETRIC_REPRESENTATION_CONTEXT() REPRESENTATION_CONTEXT('2D SPACE',''
  ) );
#6454 = ORIENTED_EDGE('',*,*,#6455,.T.);
#6455 = EDGE_CURVE('',#6428,#6456,#6458,.T.);
#6456 = VERTEX_POINT('',#6457);
#6457 = CARTESIAN_POINT('',(22.,14.86,12.4));
#6458 = SURFACE_CURVE('',#6459,(#6463,#6470),.PCURVE_S1.);
#6459 = LINE('',#6460,#6461);
#6460 = CARTESIAN_POINT('',(22.,14.86,11.3));
#6461 = VECTOR('',#6462,1.);
#6462 = DIRECTION('',(0.,0.,1.));
#6463 = PCURVE('',#2632,#6464);
#6464 = DEFINITIONAL_REPRESENTATION('',(#6465),#6469);
#6465 = LINE('',#6466,#6467);
#6466 = CARTESIAN_POINT('',(11.3,-3.46));
#6467 = VECTOR('',#6468,1.);
#6468 = DIRECTION('',(1.,0.));
#6469 = ( GEOMETRIC_REPRESENTATION_CONTEXT(2) 
PARAMETRIC_REPRESENTATION_CONTEXT() REPRESENTATION_CONTEXT('2D SPACE',''
  ) );
#6470 = PCURVE('',#5896,#6471);
#6471 = DEFINITIONAL_REPRESENTATION('',(#6472),#6476);
#6472 = LINE('',#6473,#6474);
#6473 = CARTESIAN_POINT('',(0.,20.));
#6474 = VECTOR('',#6475,1.);
#6475 = DIRECTION('',(1.,0.));
#6476 = ( GEOMETRIC_REPRESENTATION_CONTEXT(2) 
PARAMETRIC_REPRESENTATION_CONTEXT() REPRESENTATION_CONTEXT('2D SPACE',''
  ) );
#6477 = ORIENTED_EDGE('',*,*,#6478,.T.);
#6478 = EDGE_CURVE('',#6456,#6479,#6481,.T.);
#6479 = VERTEX_POINT('',#6480);
#6480 = CARTESIAN_POINT('',(22.,14.56,12.7));
#6481 = SURFACE_CURVE('',#6482,(#6487,#6494),.PCURVE_S1.);
#6482 = CIRCLE('',#6483,0.3);
#6483 = AXIS2_PLACEMENT_3D('',#6484,#6485,#6486);
#6484 = CARTESIAN_POINT('',(22.,14.56,12.4));
#6485 = DIRECTION('',(1.,0.,0.));
#6486 = DIRECTION('',(-0.,0.,1.));
#6487 = PCURVE('',#2632,#6488);
#6488 = DEFINITIONAL_REPRESENTATION('',(#6489),#6493);
#6489 = CIRCLE('',#6490,0.3);
#6490 = AXIS2_PLACEMENT_2D('',#6491,#6492);
#6491 = CARTESIAN_POINT('',(12.4,-3.16));
#6492 = DIRECTION('',(1.,0.));
#6493 = ( GEOMETRIC_REPRESENTATION_CONTEXT(2) 
PARAMETRIC_REPRESENTATION_CONTEXT() REPRESENTATION_CONTEXT('2D SPACE',''
  ) );
#6494 = PCURVE('',#5925,#6495);
#6495 = DEFINITIONAL_REPRESENTATION('',(#6496),#6500);
#6496 = LINE('',#6497,#6498);
#6497 = CARTESIAN_POINT('',(-4.712388980385,20.));
#6498 = VECTOR('',#6499,1.);
#6499 = DIRECTION('',(1.,0.));
#6500 = ( GEOMETRIC_REPRESENTATION_CONTEXT(2) 
PARAMETRIC_REPRESENTATION_CONTEXT() REPRESENTATION_CONTEXT('2D SPACE',''
  ) );
#6501 = ORIENTED_EDGE('',*,*,#6502,.F.);
#6502 = EDGE_CURVE('',#6503,#6479,#6505,.T.);
#6503 = VERTEX_POINT('',#6504);
#6504 = CARTESIAN_POINT('',(22.,13.6,12.7));
#6505 = SURFACE_CURVE('',#6506,(#6510,#6517),.PCURVE_S1.);
#6506 = LINE('',#6507,#6508);
#6507 = CARTESIAN_POINT('',(22.,13.06,12.7));
#6508 = VECTOR('',#6509,1.);
#6509 = DIRECTION('',(0.,1.,0.));
#6510 = PCURVE('',#2632,#6511);
#6511 = DEFINITIONAL_REPRESENTATION('',(#6512),#6516);
#6512 = LINE('',#6513,#6514);
#6513 = CARTESIAN_POINT('',(12.7,-1.66));
#6514 = VECTOR('',#6515,1.);
#6515 = DIRECTION('',(0.,-1.));
#6516 = ( GEOMETRIC_REPRESENTATION_CONTEXT(2) 
PARAMETRIC_REPRESENTATION_CONTEXT() REPRESENTATION_CONTEXT('2D SPACE',''
  ) );
#6517 = PCURVE('',#5953,#6518);
#6518 = DEFINITIONAL_REPRESENTATION('',(#6519),#6523);
#6519 = LINE('',#6520,#6521);
#6520 = CARTESIAN_POINT('',(20.,0.));
#6521 = VECTOR('',#6522,1.);
#6522 = DIRECTION('',(0.,1.));
#6523 = ( GEOMETRIC_REPRESENTATION_CONTEXT(2) 
PARAMETRIC_REPRESENTATION_CONTEXT() REPRESENTATION_CONTEXT('2D SPACE',''
  ) );
#6524 = ORIENTED_EDGE('',*,*,#6525,.T.);
#6525 = EDGE_CURVE('',#6503,#6526,#6528,.T.);
#6526 = VERTEX_POINT('',#6527);
#6527 = CARTESIAN_POINT('',(22.,13.6,13.2));
#6528 = SURFACE_CURVE('',#6529,(#6533,#6540),.PCURVE_S1.);
#6529 = LINE('',#6530,#6531);
#6530 = CARTESIAN_POINT('',(22.,13.6,0.));
#6531 = VECTOR('',#6532,1.);
#6532 = DIRECTION('',(0.,0.,1.));
#6533 = PCURVE('',#2632,#6534);
#6534 = DEFINITIONAL_REPRESENTATION('',(#6535),#6539);
#6535 = LINE('',#6536,#6537);
#6536 = CARTESIAN_POINT('',(0.,-2.2));
#6537 = VECTOR('',#6538,1.);
#6538 = DIRECTION('',(1.,0.));
#6539 = ( GEOMETRIC_REPRESENTATION_CONTEXT(2) 
PARAMETRIC_REPRESENTATION_CONTEXT() REPRESENTATION_CONTEXT('2D SPACE',''
  ) );
#6540 = PCURVE('',#5981,#6541);
#6541 = DEFINITIONAL_REPRESENTATION('',(#6542),#6546);
#6542 = LINE('',#6543,#6544);
#6543 = CARTESIAN_POINT('',(0.,20.));
#6544 = VECTOR('',#6545,1.);
#6545 = DIRECTION('',(1.,0.));
#6546 = ( GEOMETRIC_REPRESENTATION_CONTEXT(2) 
PARAMETRIC_REPRESENTATION_CONTEXT() REPRESENTATION_CONTEXT('2D SPACE',''
  ) );
#6547 = ORIENTED_EDGE('',*,*,#6548,.T.);
#6548 = EDGE_CURVE('',#6526,#6549,#6551,.T.);
#6549 = VERTEX_POINT('',#6550);
#6550 = CARTESIAN_POINT('',(22.,12.8,14.));
#6551 = SURFACE_CURVE('',#6552,(#6557,#6564),.PCURVE_S1.);
#6552 = CIRCLE('',#6553,0.8);
#6553 = AXIS2_PLACEMENT_3D('',#6554,#6555,#6556);
#6554 = CARTESIAN_POINT('',(22.,12.8,13.2));
#6555 = DIRECTION('',(1.,0.,0.));
#6556 = DIRECTION('',(-0.,0.,1.));
#6557 = PCURVE('',#2632,#6558);
#6558 = DEFINITIONAL_REPRESENTATION('',(#6559),#6563);
#6559 = CIRCLE('',#6560,0.8);
#6560 = AXIS2_PLACEMENT_2D('',#6561,#6562);
#6561 = CARTESIAN_POINT('',(13.2,-1.4));
#6562 = DIRECTION('',(1.,0.));
#6563 = ( GEOMETRIC_REPRESENTATION_CONTEXT(2) 
PARAMETRIC_REPRESENTATION_CONTEXT() REPRESENTATION_CONTEXT('2D SPACE',''
  ) );
#6564 = PCURVE('',#6010,#6565);
#6565 = DEFINITIONAL_REPRESENTATION('',(#6566),#6570);
#6566 = LINE('',#6567,#6568);
#6567 = CARTESIAN_POINT('',(-4.712388980385,20.));
#6568 = VECTOR('',#6569,1.);
#6569 = DIRECTION('',(1.,0.));
#6570 = ( GEOMETRIC_REPRESENTATION_CONTEXT(2) 
PARAMETRIC_REPRESENTATION_CONTEXT() REPRESENTATION_CONTEXT('2D SPACE',''
  ) );
#6571 = ORIENTED_EDGE('',*,*,#6572,.F.);
#6572 = EDGE_CURVE('',#6573,#6549,#6575,.T.);
#6573 = VERTEX_POINT('',#6574);
#6574 = CARTESIAN_POINT('',(22.,12.2,14.));
#6575 = SURFACE_CURVE('',#6576,(#6580,#6587),.PCURVE_S1.);
#6576 = LINE('',#6577,#6578);
#6577 = CARTESIAN_POINT('',(22.,11.4,14.));
#6578 = VECTOR('',#6579,1.);
#6579 = DIRECTION('',(0.,1.,0.));
#6580 = PCURVE('',#2632,#6581);
#6581 = DEFINITIONAL_REPRESENTATION('',(#6582),#6586);
#6582 = LINE('',#6583,#6584);
#6583 = CARTESIAN_POINT('',(14.,0.));
#6584 = VECTOR('',#6585,1.);
#6585 = DIRECTION('',(0.,-1.));
#6586 = ( GEOMETRIC_REPRESENTATION_CONTEXT(2) 
PARAMETRIC_REPRESENTATION_CONTEXT() REPRESENTATION_CONTEXT('2D SPACE',''
  ) );
#6587 = PCURVE('',#6038,#6588);
#6588 = DEFINITIONAL_REPRESENTATION('',(#6589),#6593);
#6589 = LINE('',#6590,#6591);
#6590 = CARTESIAN_POINT('',(20.,0.));
#6591 = VECTOR('',#6592,1.);
#6592 = DIRECTION('',(0.,1.));
#6593 = ( GEOMETRIC_REPRESENTATION_CONTEXT(2) 
PARAMETRIC_REPRESENTATION_CONTEXT() REPRESENTATION_CONTEXT('2D SPACE',''
  ) );
#6594 = ORIENTED_EDGE('',*,*,#6595,.F.);
#6595 = EDGE_CURVE('',#6085,#6573,#6596,.T.);
#6596 = SURFACE_CURVE('',#6597,(#6602,#6613),.PCURVE_S1.);
#6597 = CIRCLE('',#6598,0.8);
#6598 = AXIS2_PLACEMENT_3D('',#6599,#6600,#6601);
#6599 = CARTESIAN_POINT('',(22.,12.2,13.2));
#6600 = DIRECTION('',(-1.,0.,-0.));
#6601 = DIRECTION('',(-0.,0.,1.));
#6602 = PCURVE('',#2632,#6603);
#6603 = DEFINITIONAL_REPRESENTATION('',(#6604),#6612);
#6604 = ( BOUNDED_CURVE() B_SPLINE_CURVE(2,(#6605,#6606,#6607,#6608,
#6609,#6610,#6611),.UNSPECIFIED.,.T.,.F.) B_SPLINE_CURVE_WITH_KNOTS((1,2
    ,2,2,2,1),(-2.094395102393,0.,2.094395102393,4.188790204786,
6.28318530718,8.377580409573),.UNSPECIFIED.) CURVE() 
GEOMETRIC_REPRESENTATION_ITEM() RATIONAL_B_SPLINE_CURVE((1.,0.5,1.,0.5,
1.,0.5,1.)) REPRESENTATION_ITEM('') );
#6605 = CARTESIAN_POINT('',(14.,-0.8));
#6606 = CARTESIAN_POINT('',(14.,-2.185640646055));
#6607 = CARTESIAN_POINT('',(12.8,-1.492820323028));
#6608 = CARTESIAN_POINT('',(11.6,-0.8));
#6609 = CARTESIAN_POINT('',(12.8,-0.107179676972));
#6610 = CARTESIAN_POINT('',(14.,0.585640646055));
#6611 = CARTESIAN_POINT('',(14.,-0.8));
#6612 = ( GEOMETRIC_REPRESENTATION_CONTEXT(2) 
PARAMETRIC_REPRESENTATION_CONTEXT() REPRESENTATION_CONTEXT('2D SPACE',''
  ) );
#6613 = PCURVE('',#6069,#6614);
#6614 = DEFINITIONAL_REPRESENTATION('',(#6615),#6619);
#6615 = LINE('',#6616,#6617);
#6616 = CARTESIAN_POINT('',(4.712388980385,20.));
#6617 = VECTOR('',#6618,1.);
#6618 = DIRECTION('',(-1.,0.));
#6619 = ( GEOMETRIC_REPRESENTATION_CONTEXT(2) 
PARAMETRIC_REPRESENTATION_CONTEXT() REPRESENTATION_CONTEXT('2D SPACE',''
  ) );
#6620 = ADVANCED_FACE('',(#6621),#3170,.T.);
#6621 = FACE_BOUND('',#6622,.T.);
#6622 = EDGE_LOOP('',(#6623,#6624,#6625,#6644));
#6623 = ORIENTED_EDGE('',*,*,#3154,.T.);
#6624 = ORIENTED_EDGE('',*,*,#5101,.T.);
#6625 = ORIENTED_EDGE('',*,*,#6626,.F.);
#6626 = EDGE_CURVE('',#5323,#5076,#6627,.T.);
#6627 = SURFACE_CURVE('',#6628,(#6632,#6638),.PCURVE_S1.);
#6628 = LINE('',#6629,#6630);
#6629 = CARTESIAN_POINT('',(1.,4.,8.));
#6630 = VECTOR('',#6631,1.);
#6631 = DIRECTION('',(1.,-0.,0.));
#6632 = PCURVE('',#3170,#6633);
#6633 = DEFINITIONAL_REPRESENTATION('',(#6634),#6637);
#6634 = B_SPLINE_CURVE_WITH_KNOTS('',1,(#6635,#6636),.UNSPECIFIED.,.F.,
  .F.,(2,2),(3.,19.),.PIECEWISE_BEZIER_KNOTS.);
#6635 = CARTESIAN_POINT('',(2.,-6.));
#6636 = CARTESIAN_POINT('',(2.,-22.));
#6637 = ( GEOMETRIC_REPRESENTATION_CONTEXT(2) 
PARAMETRIC_REPRESENTATION_CONTEXT() REPRESENTATION_CONTEXT('2D SPACE',''
  ) );
#6638 = PCURVE('',#5090,#6639);
#6639 = DEFINITIONAL_REPRESENTATION('',(#6640),#6643);
#6640 = B_SPLINE_CURVE_WITH_KNOTS('',1,(#6641,#6642),.UNSPECIFIED.,.F.,
  .F.,(2,2),(3.,19.),.PIECEWISE_BEZIER_KNOTS.);
#6641 = CARTESIAN_POINT('',(0.4,0.));
#6642 = CARTESIAN_POINT('',(0.4,16.));
#6643 = ( GEOMETRIC_REPRESENTATION_CONTEXT(2) 
PARAMETRIC_REPRESENTATION_CONTEXT() REPRESENTATION_CONTEXT('2D SPACE',''
  ) );
#6644 = ORIENTED_EDGE('',*,*,#5343,.F.);
#6645 = ADVANCED_FACE('',(#6646),#3044,.T.);
#6646 = FACE_BOUND('',#6647,.T.);
#6647 = EDGE_LOOP('',(#6648,#6649,#6650,#6651));
#6648 = ORIENTED_EDGE('',*,*,#5121,.F.);
#6649 = ORIENTED_EDGE('',*,*,#3022,.F.);
#6650 = ORIENTED_EDGE('',*,*,#4880,.T.);
#6651 = ORIENTED_EDGE('',*,*,#5482,.F.);
#6652 = ADVANCED_FACE('',(#6653),#2915,.T.);
#6653 = FACE_BOUND('',#6654,.T.);
#6654 = EDGE_LOOP('',(#6655,#6656,#6657,#6658));
#6655 = ORIENTED_EDGE('',*,*,#3805,.F.);
#6656 = ORIENTED_EDGE('',*,*,#4860,.F.);
#6657 = ORIENTED_EDGE('',*,*,#2899,.T.);
#6658 = ORIENTED_EDGE('',*,*,#4766,.F.);
#6659 = ADVANCED_FACE('',(#6660),#3710,.T.);
#6660 = FACE_BOUND('',#6661,.T.);
#6661 = EDGE_LOOP('',(#6662,#6663,#6664,#6665));
#6662 = ORIENTED_EDGE('',*,*,#4980,.F.);
#6663 = ORIENTED_EDGE('',*,*,#4955,.T.);
#6664 = ORIENTED_EDGE('',*,*,#4838,.T.);
#6665 = ORIENTED_EDGE('',*,*,#3688,.T.);
#6666 = ADVANCED_FACE('',(#6667),#3596,.T.);
#6667 = FACE_BOUND('',#6668,.T.);
#6668 = EDGE_LOOP('',(#6669,#6670,#6671,#6690));
#6669 = ORIENTED_EDGE('',*,*,#3580,.F.);
#6670 = ORIENTED_EDGE('',*,*,#5259,.F.);
#6671 = ORIENTED_EDGE('',*,*,#6672,.T.);
#6672 = EDGE_CURVE('',#5260,#5003,#6673,.T.);
#6673 = SURFACE_CURVE('',#6674,(#6678,#6684),.PCURVE_S1.);
#6674 = LINE('',#6675,#6676);
#6675 = CARTESIAN_POINT('',(1.,-4.,8.));
#6676 = VECTOR('',#6677,1.);
#6677 = DIRECTION('',(1.,-0.,0.));
#6678 = PCURVE('',#3596,#6679);
#6679 = DEFINITIONAL_REPRESENTATION('',(#6680),#6683);
#6680 = B_SPLINE_CURVE_WITH_KNOTS('',1,(#6681,#6682),.UNSPECIFIED.,.F.,
  .F.,(2,2),(3.,19.),.PIECEWISE_BEZIER_KNOTS.);
#6681 = CARTESIAN_POINT('',(10.,-6.));
#6682 = CARTESIAN_POINT('',(10.,-22.));
#6683 = ( GEOMETRIC_REPRESENTATION_CONTEXT(2) 
PARAMETRIC_REPRESENTATION_CONTEXT() REPRESENTATION_CONTEXT('2D SPACE',''
  ) );
#6684 = PCURVE('',#5038,#6685);
#6685 = DEFINITIONAL_REPRESENTATION('',(#6686),#6689);
#6686 = B_SPLINE_CURVE_WITH_KNOTS('',1,(#6687,#6688),.UNSPECIFIED.,.F.,
  .F.,(2,2),(3.,19.),.PIECEWISE_BEZIER_KNOTS.);
#6687 = CARTESIAN_POINT('',(0.4,0.));
#6688 = CARTESIAN_POINT('',(0.4,16.));
#6689 = ( GEOMETRIC_REPRESENTATION_CONTEXT(2) 
PARAMETRIC_REPRESENTATION_CONTEXT() REPRESENTATION_CONTEXT('2D SPACE',''
  ) );
#6690 = ORIENTED_EDGE('',*,*,#5002,.T.);
#6691 = ADVANCED_FACE('',(#6692),#3998,.T.);
#6692 = FACE_BOUND('',#6693,.F.);
#6693 = EDGE_LOOP('',(#6694,#6733,#6754,#6755,#6774,#6775,#6796,#6797,
    #6816,#6817,#6838,#6839,#6858,#6859,#6882,#6919,#6920,#6921,#6922,
    #6923,#6924,#6925));
#6694 = ORIENTED_EDGE('',*,*,#6695,.F.);
#6695 = EDGE_CURVE('',#6696,#6696,#6698,.T.);
#6696 = VERTEX_POINT('',#6697);
#6697 = CARTESIAN_POINT('',(0.499,-13.2,0.));
#6698 = SURFACE_CURVE('',#6699,(#6704,#6711),.PCURVE_S1.);
#6699 = CIRCLE('',#6700,1.);
#6700 = AXIS2_PLACEMENT_3D('',#6701,#6702,#6703);
#6701 = CARTESIAN_POINT('',(0.499,-14.2,0.));
#6702 = DIRECTION('',(1.,0.,0.));
#6703 = DIRECTION('',(-0.,1.,0.));
#6704 = PCURVE('',#3998,#6705);
#6705 = DEFINITIONAL_REPRESENTATION('',(#6706),#6710);
#6706 = LINE('',#6707,#6708);
#6707 = CARTESIAN_POINT('',(-0.,-0.999));
#6708 = VECTOR('',#6709,1.);
#6709 = DIRECTION('',(-1.,0.));
#6710 = ( GEOMETRIC_REPRESENTATION_CONTEXT(2) 
PARAMETRIC_REPRESENTATION_CONTEXT() REPRESENTATION_CONTEXT('2D SPACE',''
  ) );
#6711 = PCURVE('',#6712,#6727);
#6712 = SURFACE_OF_REVOLUTION('',#6713,#6724);
#6713 = B_SPLINE_CURVE_WITH_KNOTS('',5,(#6714,#6715,#6716,#6717,#6718,
    #6719,#6720,#6721,#6722,#6723),.UNSPECIFIED.,.F.,.F.,(6,4,6),(0.,
    0.785398163397,1.570796326795),.UNSPECIFIED.);
#6714 = CARTESIAN_POINT('',(0.499,-13.2,0.));
#6715 = CARTESIAN_POINT('',(0.342077446953,-13.2,0.));
#6716 = CARTESIAN_POINT('',(0.185152407772,-13.23080475735,0.));
#6717 = CARTESIAN_POINT('',(3.630633913494E-02,-13.29245881768,0.));
#6718 = CARTESIAN_POINT('',(-9.643867302486E-02,-13.38163932421,0.));
#6719 = CARTESIAN_POINT('',(-0.318360675786,-13.60356132697,0.));
#6720 = CARTESIAN_POINT('',(-0.407541182312,-13.73630633913,0.));
#6721 = CARTESIAN_POINT('',(-0.469195242647,-13.88515240777,0.));
#6722 = CARTESIAN_POINT('',(-0.5,-14.04207744695,0.));
#6723 = CARTESIAN_POINT('',(-0.5,-14.199,0.));
#6724 = AXIS1_PLACEMENT('',#6725,#6726);
#6725 = CARTESIAN_POINT('',(0.499,-14.2,0.));
#6726 = DIRECTION('',(-1.,-0.,-0.));
#6727 = DEFINITIONAL_REPRESENTATION('',(#6728),#6732);
#6728 = LINE('',#6729,#6730);
#6729 = CARTESIAN_POINT('',(-0.,0.));
#6730 = VECTOR('',#6731,1.);
#6731 = DIRECTION('',(-1.,0.));
#6732 = ( GEOMETRIC_REPRESENTATION_CONTEXT(2) 
PARAMETRIC_REPRESENTATION_CONTEXT() REPRESENTATION_CONTEXT('2D SPACE',''
  ) );
#6733 = ORIENTED_EDGE('',*,*,#6734,.T.);
#6734 = EDGE_CURVE('',#6696,#3961,#6735,.T.);
#6735 = SEAM_CURVE('',#6736,(#6740,#6747),.PCURVE_S1.);
#6736 = LINE('',#6737,#6738);
#6737 = CARTESIAN_POINT('',(-0.5,-13.2,0.));
#6738 = VECTOR('',#6739,1.);
#6739 = DIRECTION('',(1.,0.,0.));
#6740 = PCURVE('',#3998,#6741);
#6741 = DEFINITIONAL_REPRESENTATION('',(#6742),#6746);
#6742 = LINE('',#6743,#6744);
#6743 = CARTESIAN_POINT('',(-6.28318530718,0.));
#6744 = VECTOR('',#6745,1.);
#6745 = DIRECTION('',(-0.,-1.));
#6746 = ( GEOMETRIC_REPRESENTATION_CONTEXT(2) 
PARAMETRIC_REPRESENTATION_CONTEXT() REPRESENTATION_CONTEXT('2D SPACE',''
  ) );
#6747 = PCURVE('',#3998,#6748);
#6748 = DEFINITIONAL_REPRESENTATION('',(#6749),#6753);
#6749 = LINE('',#6750,#6751);
#6750 = CARTESIAN_POINT('',(-0.,0.));
#6751 = VECTOR('',#6752,1.);
#6752 = DIRECTION('',(-0.,-1.));
#6753 = ( GEOMETRIC_REPRESENTATION_CONTEXT(2) 
PARAMETRIC_REPRESENTATION_CONTEXT() REPRESENTATION_CONTEXT('2D SPACE',''
  ) );
#6754 = ORIENTED_EDGE('',*,*,#4239,.F.);
#6755 = ORIENTED_EDGE('',*,*,#6756,.F.);
#6756 = EDGE_CURVE('',#4321,#4213,#6757,.T.);
#6757 = SURFACE_CURVE('',#6758,(#6762,#6768),.PCURVE_S1.);
#6758 = LINE('',#6759,#6760);
#6759 = CARTESIAN_POINT('',(-0.5,-15.2,0.));
#6760 = VECTOR('',#6761,1.);
#6761 = DIRECTION('',(-1.,-0.,-0.));
#6762 = PCURVE('',#3998,#6763);
#6763 = DEFINITIONAL_REPRESENTATION('',(#6764),#6767);
#6764 = B_SPLINE_CURVE_WITH_KNOTS('',1,(#6765,#6766),.UNSPECIFIED.,.F.,
  .F.,(2,2),(-24.0010006,-0.9989994),.PIECEWISE_BEZIER_KNOTS.);
#6765 = CARTESIAN_POINT('',(-3.14159265359,-24.0010006));
#6766 = CARTESIAN_POINT('',(-3.14159265359,-0.9989994));
#6767 = ( GEOMETRIC_REPRESENTATION_CONTEXT(2) 
PARAMETRIC_REPRESENTATION_CONTEXT() REPRESENTATION_CONTEXT('2D SPACE',''
  ) );
#6768 = PCURVE('',#4227,#6769);
#6769 = DEFINITIONAL_REPRESENTATION('',(#6770),#6773);
#6770 = B_SPLINE_CURVE_WITH_KNOTS('',1,(#6771,#6772),.UNSPECIFIED.,.F.,
  .F.,(2,2),(-24.0010006,-0.9989994),.PIECEWISE_BEZIER_KNOTS.);
#6771 = CARTESIAN_POINT('',(95.5010006,56.8));
#6772 = CARTESIAN_POINT('',(72.4989994,56.8));
#6773 = ( GEOMETRIC_REPRESENTATION_CONTEXT(2) 
PARAMETRIC_REPRESENTATION_CONTEXT() REPRESENTATION_CONTEXT('2D SPACE',''
  ) );
#6774 = ORIENTED_EDGE('',*,*,#4342,.T.);
#6775 = ORIENTED_EDGE('',*,*,#6776,.T.);
#6776 = EDGE_CURVE('',#3983,#4032,#6777,.T.);
#6777 = SEAM_CURVE('',#6778,(#6782,#6789),.PCURVE_S1.);
#6778 = LINE('',#6779,#6780);
#6779 = CARTESIAN_POINT('',(-0.5,-13.2,0.));
#6780 = VECTOR('',#6781,1.);
#6781 = DIRECTION('',(1.,0.,0.));
#6782 = PCURVE('',#3998,#6783);
#6783 = DEFINITIONAL_REPRESENTATION('',(#6784),#6788);
#6784 = LINE('',#6785,#6786);
#6785 = CARTESIAN_POINT('',(-6.28318530718,0.));
#6786 = VECTOR('',#6787,1.);
#6787 = DIRECTION('',(-0.,-1.));
#6788 = ( GEOMETRIC_REPRESENTATION_CONTEXT(2) 
PARAMETRIC_REPRESENTATION_CONTEXT() REPRESENTATION_CONTEXT('2D SPACE',''
  ) );
#6789 = PCURVE('',#3998,#6790);
#6790 = DEFINITIONAL_REPRESENTATION('',(#6791),#6795);
#6791 = LINE('',#6792,#6793);
#6792 = CARTESIAN_POINT('',(-0.,0.));
#6793 = VECTOR('',#6794,1.);
#6794 = DIRECTION('',(-0.,-1.));
#6795 = ( GEOMETRIC_REPRESENTATION_CONTEXT(2) 
PARAMETRIC_REPRESENTATION_CONTEXT() REPRESENTATION_CONTEXT('2D SPACE',''
  ) );
#6796 = ORIENTED_EDGE('',*,*,#4424,.F.);
#6797 = ORIENTED_EDGE('',*,*,#6798,.F.);
#6798 = EDGE_CURVE('',#4506,#4398,#6799,.T.);
#6799 = SURFACE_CURVE('',#6800,(#6804,#6810),.PCURVE_S1.);
#6800 = LINE('',#6801,#6802);
#6801 = CARTESIAN_POINT('',(-0.5,-15.2,0.));
#6802 = VECTOR('',#6803,1.);
#6803 = DIRECTION('',(-1.,-0.,-0.));
#6804 = PCURVE('',#3998,#6805);
#6805 = DEFINITIONAL_REPRESENTATION('',(#6806),#6809);
#6806 = B_SPLINE_CURVE_WITH_KNOTS('',1,(#6807,#6808),.UNSPECIFIED.,.F.,
  .F.,(2,2),(-24.0010006,-0.9989994),.PIECEWISE_BEZIER_KNOTS.);
#6807 = CARTESIAN_POINT('',(-3.14159265359,-24.0010006));
#6808 = CARTESIAN_POINT('',(-3.14159265359,-0.9989994));
#6809 = ( GEOMETRIC_REPRESENTATION_CONTEXT(2) 
PARAMETRIC_REPRESENTATION_CONTEXT() REPRESENTATION_CONTEXT('2D SPACE',''
  ) );
#6810 = PCURVE('',#4412,#6811);
#6811 = DEFINITIONAL_REPRESENTATION('',(#6812),#6815);
#6812 = B_SPLINE_CURVE_WITH_KNOTS('',1,(#6813,#6814),.UNSPECIFIED.,.F.,
  .F.,(2,2),(-24.0010006,-0.9989994),.PIECEWISE_BEZIER_KNOTS.);
#6813 = CARTESIAN_POINT('',(95.5010006,56.8));
#6814 = CARTESIAN_POINT('',(72.4989994,56.8));
#6815 = ( GEOMETRIC_REPRESENTATION_CONTEXT(2) 
PARAMETRIC_REPRESENTATION_CONTEXT() REPRESENTATION_CONTEXT('2D SPACE',''
  ) );
#6816 = ORIENTED_EDGE('',*,*,#4527,.T.);
#6817 = ORIENTED_EDGE('',*,*,#6818,.T.);
#6818 = EDGE_CURVE('',#4054,#4098,#6819,.T.);
#6819 = SEAM_CURVE('',#6820,(#6824,#6831),.PCURVE_S1.);
#6820 = LINE('',#6821,#6822);
#6821 = CARTESIAN_POINT('',(-0.5,-13.2,0.));
#6822 = VECTOR('',#6823,1.);
#6823 = DIRECTION('',(1.,0.,0.));
#6824 = PCURVE('',#3998,#6825);
#6825 = DEFINITIONAL_REPRESENTATION('',(#6826),#6830);
#6826 = LINE('',#6827,#6828);
#6827 = CARTESIAN_POINT('',(-6.28318530718,0.));
#6828 = VECTOR('',#6829,1.);
#6829 = DIRECTION('',(-0.,-1.));
#6830 = ( GEOMETRIC_REPRESENTATION_CONTEXT(2) 
PARAMETRIC_REPRESENTATION_CONTEXT() REPRESENTATION_CONTEXT('2D SPACE',''
  ) );
#6831 = PCURVE('',#3998,#6832);
#6832 = DEFINITIONAL_REPRESENTATION('',(#6833),#6837);
#6833 = LINE('',#6834,#6835);
#6834 = CARTESIAN_POINT('',(-0.,0.));
#6835 = VECTOR('',#6836,1.);
#6836 = DIRECTION('',(-0.,-1.));
#6837 = ( GEOMETRIC_REPRESENTATION_CONTEXT(2) 
PARAMETRIC_REPRESENTATION_CONTEXT() REPRESENTATION_CONTEXT('2D SPACE',''
  ) );
#6838 = ORIENTED_EDGE('',*,*,#4609,.F.);
#6839 = ORIENTED_EDGE('',*,*,#6840,.F.);
#6840 = EDGE_CURVE('',#4691,#4583,#6841,.T.);
#6841 = SURFACE_CURVE('',#6842,(#6846,#6852),.PCURVE_S1.);
#6842 = LINE('',#6843,#6844);
#6843 = CARTESIAN_POINT('',(-0.5,-15.2,0.));
#6844 = VECTOR('',#6845,1.);
#6845 = DIRECTION('',(-1.,-0.,-0.));
#6846 = PCURVE('',#3998,#6847);
#6847 = DEFINITIONAL_REPRESENTATION('',(#6848),#6851);
#6848 = B_SPLINE_CURVE_WITH_KNOTS('',1,(#6849,#6850),.UNSPECIFIED.,.F.,
  .F.,(2,2),(-24.0010006,-0.9989994),.PIECEWISE_BEZIER_KNOTS.);
#6849 = CARTESIAN_POINT('',(-3.14159265359,-24.0010006));
#6850 = CARTESIAN_POINT('',(-3.14159265359,-0.9989994));
#6851 = ( GEOMETRIC_REPRESENTATION_CONTEXT(2) 
PARAMETRIC_REPRESENTATION_CONTEXT() REPRESENTATION_CONTEXT('2D SPACE',''
  ) );
#6852 = PCURVE('',#4597,#6853);
#6853 = DEFINITIONAL_REPRESENTATION('',(#6854),#6857);
#6854 = B_SPLINE_CURVE_WITH_KNOTS('',1,(#6855,#6856),.UNSPECIFIED.,.F.,
  .F.,(2,2),(-24.0010006,-0.9989994),.PIECEWISE_BEZIER_KNOTS.);
#6855 = CARTESIAN_POINT('',(95.5010006,56.8));
#6856 = CARTESIAN_POINT('',(72.4989994,56.8));
#6857 = ( GEOMETRIC_REPRESENTATION_CONTEXT(2) 
PARAMETRIC_REPRESENTATION_CONTEXT() REPRESENTATION_CONTEXT('2D SPACE',''
  ) );
#6858 = ORIENTED_EDGE('',*,*,#4712,.T.);
#6859 = ORIENTED_EDGE('',*,*,#6860,.T.);
#6860 = EDGE_CURVE('',#4120,#6861,#6863,.T.);
#6861 = VERTEX_POINT('',#6862);
#6862 = CARTESIAN_POINT('',(23.501,-13.2,0.));
#6863 = SEAM_CURVE('',#6864,(#6868,#6875),.PCURVE_S1.);
#6864 = LINE('',#6865,#6866);
#6865 = CARTESIAN_POINT('',(-0.5,-13.2,0.));
#6866 = VECTOR('',#6867,1.);
#6867 = DIRECTION('',(1.,0.,0.));
#6868 = PCURVE('',#3998,#6869);
#6869 = DEFINITIONAL_REPRESENTATION('',(#6870),#6874);
#6870 = LINE('',#6871,#6872);
#6871 = CARTESIAN_POINT('',(-6.28318530718,0.));
#6872 = VECTOR('',#6873,1.);
#6873 = DIRECTION('',(-0.,-1.));
#6874 = ( GEOMETRIC_REPRESENTATION_CONTEXT(2) 
PARAMETRIC_REPRESENTATION_CONTEXT() REPRESENTATION_CONTEXT('2D SPACE',''
  ) );
#6875 = PCURVE('',#3998,#6876);
#6876 = DEFINITIONAL_REPRESENTATION('',(#6877),#6881);
#6877 = LINE('',#6878,#6879);
#6878 = CARTESIAN_POINT('',(-0.,0.));
#6879 = VECTOR('',#6880,1.);
#6880 = DIRECTION('',(-0.,-1.));
#6881 = ( GEOMETRIC_REPRESENTATION_CONTEXT(2) 
PARAMETRIC_REPRESENTATION_CONTEXT() REPRESENTATION_CONTEXT('2D SPACE',''
  ) );
#6882 = ORIENTED_EDGE('',*,*,#6883,.T.);
#6883 = EDGE_CURVE('',#6861,#6861,#6884,.T.);
#6884 = SURFACE_CURVE('',#6885,(#6890,#6897),.PCURVE_S1.);
#6885 = CIRCLE('',#6886,1.);
#6886 = AXIS2_PLACEMENT_3D('',#6887,#6888,#6889);
#6887 = CARTESIAN_POINT('',(23.501,-14.2,0.));
#6888 = DIRECTION('',(1.,0.,0.));
#6889 = DIRECTION('',(-0.,1.,0.));
#6890 = PCURVE('',#3998,#6891);
#6891 = DEFINITIONAL_REPRESENTATION('',(#6892),#6896);
#6892 = LINE('',#6893,#6894);
#6893 = CARTESIAN_POINT('',(-0.,-24.001));
#6894 = VECTOR('',#6895,1.);
#6895 = DIRECTION('',(-1.,0.));
#6896 = ( GEOMETRIC_REPRESENTATION_CONTEXT(2) 
PARAMETRIC_REPRESENTATION_CONTEXT() REPRESENTATION_CONTEXT('2D SPACE',''
  ) );
#6897 = PCURVE('',#6898,#6913);
#6898 = SURFACE_OF_REVOLUTION('',#6899,#6910);
#6899 = B_SPLINE_CURVE_WITH_KNOTS('',5,(#6900,#6901,#6902,#6903,#6904,
    #6905,#6906,#6907,#6908,#6909),.UNSPECIFIED.,.F.,.F.,(6,4,6),(0.,
    0.785398163397,1.570796326795),.UNSPECIFIED.);
#6900 = CARTESIAN_POINT('',(23.501,-13.2,0.));
#6901 = CARTESIAN_POINT('',(23.657922553047,-13.2,0.));
#6902 = CARTESIAN_POINT('',(23.814847592228,-13.23080475735,0.));
#6903 = CARTESIAN_POINT('',(23.963693660865,-13.29245881768,0.));
#6904 = CARTESIAN_POINT('',(24.096438673025,-13.38163932421,0.));
#6905 = CARTESIAN_POINT('',(24.318360675786,-13.60356132697,0.));
#6906 = CARTESIAN_POINT('',(24.407541182312,-13.73630633913,0.));
#6907 = CARTESIAN_POINT('',(24.469195242647,-13.88515240777,0.));
#6908 = CARTESIAN_POINT('',(24.5,-14.04207744695,0.));
#6909 = CARTESIAN_POINT('',(24.5,-14.199,0.));
#6910 = AXIS1_PLACEMENT('',#6911,#6912);
#6911 = CARTESIAN_POINT('',(23.501,-14.2,0.));
#6912 = DIRECTION('',(1.,0.,0.));
#6913 = DEFINITIONAL_REPRESENTATION('',(#6914),#6918);
#6914 = LINE('',#6915,#6916);
#6915 = CARTESIAN_POINT('',(0.,0.));
#6916 = VECTOR('',#6917,1.);
#6917 = DIRECTION('',(1.,0.));
#6918 = ( GEOMETRIC_REPRESENTATION_CONTEXT(2) 
PARAMETRIC_REPRESENTATION_CONTEXT() REPRESENTATION_CONTEXT('2D SPACE',''
  ) );
#6919 = ORIENTED_EDGE('',*,*,#6860,.F.);
#6920 = ORIENTED_EDGE('',*,*,#4119,.F.);
#6921 = ORIENTED_EDGE('',*,*,#6818,.F.);
#6922 = ORIENTED_EDGE('',*,*,#4053,.F.);
#6923 = ORIENTED_EDGE('',*,*,#6776,.F.);
#6924 = ORIENTED_EDGE('',*,*,#3982,.F.);
#6925 = ORIENTED_EDGE('',*,*,#6734,.F.);
#6926 = ADVANCED_FACE('',(#6927),#4227,.F.);
#6927 = FACE_BOUND('',#6928,.F.);
#6928 = EDGE_LOOP('',(#6929,#6930,#6931,#6932));
#6929 = ORIENTED_EDGE('',*,*,#6756,.T.);
#6930 = ORIENTED_EDGE('',*,*,#4212,.T.);
#6931 = ORIENTED_EDGE('',*,*,#4294,.F.);
#6932 = ORIENTED_EDGE('',*,*,#4320,.F.);
#6933 = ADVANCED_FACE('',(#6934),#4412,.F.);
#6934 = FACE_BOUND('',#6935,.F.);
#6935 = EDGE_LOOP('',(#6936,#6937,#6938,#6939));
#6936 = ORIENTED_EDGE('',*,*,#6798,.T.);
#6937 = ORIENTED_EDGE('',*,*,#4397,.T.);
#6938 = ORIENTED_EDGE('',*,*,#4479,.F.);
#6939 = ORIENTED_EDGE('',*,*,#4505,.F.);
#6940 = ADVANCED_FACE('',(#6941),#4597,.F.);
#6941 = FACE_BOUND('',#6942,.F.);
#6942 = EDGE_LOOP('',(#6943,#6944,#6945,#6946));
#6943 = ORIENTED_EDGE('',*,*,#4690,.F.);
#6944 = ORIENTED_EDGE('',*,*,#6840,.T.);
#6945 = ORIENTED_EDGE('',*,*,#4582,.T.);
#6946 = ORIENTED_EDGE('',*,*,#4664,.F.);
#6947 = ADVANCED_FACE('',(#6948),#5090,.F.);
#6948 = FACE_BOUND('',#6949,.F.);
#6949 = EDGE_LOOP('',(#6950,#6951,#6952,#6953));
#6950 = ORIENTED_EDGE('',*,*,#5075,.T.);
#6951 = ORIENTED_EDGE('',*,*,#6626,.F.);
#6952 = ORIENTED_EDGE('',*,*,#5322,.F.);
#6953 = ORIENTED_EDGE('',*,*,#6954,.T.);
#6954 = EDGE_CURVE('',#5302,#5050,#6955,.T.);
#6955 = SURFACE_CURVE('',#6956,(#6960,#6967),.PCURVE_S1.);
#6956 = LINE('',#6957,#6958);
#6957 = CARTESIAN_POINT('',(4.,4.,9.3));
#6958 = VECTOR('',#6959,1.);
#6959 = DIRECTION('',(1.,0.,0.));
#6960 = PCURVE('',#5090,#6961);
#6961 = DEFINITIONAL_REPRESENTATION('',(#6962),#6966);
#6962 = LINE('',#6963,#6964);
#6963 = CARTESIAN_POINT('',(1.7,0.));
#6964 = VECTOR('',#6965,1.);
#6965 = DIRECTION('',(0.,1.));
#6966 = ( GEOMETRIC_REPRESENTATION_CONTEXT(2) 
PARAMETRIC_REPRESENTATION_CONTEXT() REPRESENTATION_CONTEXT('2D SPACE',''
  ) );
#6967 = PCURVE('',#5064,#6968);
#6968 = DEFINITIONAL_REPRESENTATION('',(#6969),#6973);
#6969 = LINE('',#6970,#6971);
#6970 = CARTESIAN_POINT('',(0.,8.));
#6971 = VECTOR('',#6972,1.);
#6972 = DIRECTION('',(1.,0.));
#6973 = ( GEOMETRIC_REPRESENTATION_CONTEXT(2) 
PARAMETRIC_REPRESENTATION_CONTEXT() REPRESENTATION_CONTEXT('2D SPACE',''
  ) );
#6974 = ADVANCED_FACE('',(#6975),#5064,.F.);
#6975 = FACE_BOUND('',#6976,.F.);
#6976 = EDGE_LOOP('',(#6977,#6978,#6979,#7000));
#6977 = ORIENTED_EDGE('',*,*,#6954,.F.);
#6978 = ORIENTED_EDGE('',*,*,#5301,.F.);
#6979 = ORIENTED_EDGE('',*,*,#6980,.T.);
#6980 = EDGE_CURVE('',#5281,#5024,#6981,.T.);
#6981 = SURFACE_CURVE('',#6982,(#6986,#6993),.PCURVE_S1.);
#6982 = LINE('',#6983,#6984);
#6983 = CARTESIAN_POINT('',(4.,-4.,9.3));
#6984 = VECTOR('',#6985,1.);
#6985 = DIRECTION('',(1.,0.,0.));
#6986 = PCURVE('',#5064,#6987);
#6987 = DEFINITIONAL_REPRESENTATION('',(#6988),#6992);
#6988 = LINE('',#6989,#6990);
#6989 = CARTESIAN_POINT('',(0.,0.));
#6990 = VECTOR('',#6991,1.);
#6991 = DIRECTION('',(1.,0.));
#6992 = ( GEOMETRIC_REPRESENTATION_CONTEXT(2) 
PARAMETRIC_REPRESENTATION_CONTEXT() REPRESENTATION_CONTEXT('2D SPACE',''
  ) );
#6993 = PCURVE('',#5038,#6994);
#6994 = DEFINITIONAL_REPRESENTATION('',(#6995),#6999);
#6995 = LINE('',#6996,#6997);
#6996 = CARTESIAN_POINT('',(1.7,0.));
#6997 = VECTOR('',#6998,1.);
#6998 = DIRECTION('',(0.,1.));
#6999 = ( GEOMETRIC_REPRESENTATION_CONTEXT(2) 
PARAMETRIC_REPRESENTATION_CONTEXT() REPRESENTATION_CONTEXT('2D SPACE',''
  ) );
#7000 = ORIENTED_EDGE('',*,*,#5049,.T.);
#7001 = ADVANCED_FACE('',(#7002),#5038,.T.);
#7002 = FACE_BOUND('',#7003,.T.);
#7003 = EDGE_LOOP('',(#7004,#7005,#7006,#7007));
#7004 = ORIENTED_EDGE('',*,*,#5023,.T.);
#7005 = ORIENTED_EDGE('',*,*,#6672,.F.);
#7006 = ORIENTED_EDGE('',*,*,#5280,.F.);
#7007 = ORIENTED_EDGE('',*,*,#6980,.T.);
#7008 = ADVANCED_FACE('',(#7009),#5572,.F.);
#7009 = FACE_BOUND('',#7010,.F.);
#7010 = EDGE_LOOP('',(#7011,#7012,#7013,#7014));
#7011 = ORIENTED_EDGE('',*,*,#5556,.F.);
#7012 = ORIENTED_EDGE('',*,*,#6135,.T.);
#7013 = ORIENTED_EDGE('',*,*,#6186,.T.);
#7014 = ORIENTED_EDGE('',*,*,#7015,.F.);
#7015 = EDGE_CURVE('',#5557,#6187,#7016,.T.);
#7016 = SURFACE_CURVE('',#7017,(#7021,#7028),.PCURVE_S1.);
#7017 = LINE('',#7018,#7019);
#7018 = CARTESIAN_POINT('',(2.,12.8,0.));
#7019 = VECTOR('',#7020,1.);
#7020 = DIRECTION('',(1.,0.,0.));
#7021 = PCURVE('',#5572,#7022);
#7022 = DEFINITIONAL_REPRESENTATION('',(#7023),#7027);
#7023 = LINE('',#7024,#7025);
#7024 = CARTESIAN_POINT('',(0.,1.4));
#7025 = VECTOR('',#7026,1.);
#7026 = DIRECTION('',(1.,0.));
#7027 = ( GEOMETRIC_REPRESENTATION_CONTEXT(2) 
PARAMETRIC_REPRESENTATION_CONTEXT() REPRESENTATION_CONTEXT('2D SPACE',''
  ) );
#7028 = PCURVE('',#5605,#7029);
#7029 = DEFINITIONAL_REPRESENTATION('',(#7030),#7034);
#7030 = LINE('',#7031,#7032);
#7031 = CARTESIAN_POINT('',(-1.570796326795,0.));
#7032 = VECTOR('',#7033,1.);
#7033 = DIRECTION('',(-0.,1.));
#7034 = ( GEOMETRIC_REPRESENTATION_CONTEXT(2) 
PARAMETRIC_REPRESENTATION_CONTEXT() REPRESENTATION_CONTEXT('2D SPACE',''
  ) );
#7035 = ADVANCED_FACE('',(#7036),#5605,.T.);
#7036 = FACE_BOUND('',#7037,.F.);
#7037 = EDGE_LOOP('',(#7038,#7039,#7040,#7041));
#7038 = ORIENTED_EDGE('',*,*,#5584,.T.);
#7039 = ORIENTED_EDGE('',*,*,#7015,.T.);
#7040 = ORIENTED_EDGE('',*,*,#6209,.F.);
#7041 = ORIENTED_EDGE('',*,*,#7042,.F.);
#7042 = EDGE_CURVE('',#5585,#6210,#7043,.T.);
#7043 = SURFACE_CURVE('',#7044,(#7048,#7055),.PCURVE_S1.);
#7044 = LINE('',#7045,#7046);
#7045 = CARTESIAN_POINT('',(2.,13.6,0.8));
#7046 = VECTOR('',#7047,1.);
#7047 = DIRECTION('',(1.,0.,0.));
#7048 = PCURVE('',#5605,#7049);
#7049 = DEFINITIONAL_REPRESENTATION('',(#7050),#7054);
#7050 = LINE('',#7051,#7052);
#7051 = CARTESIAN_POINT('',(-0.,0.));
#7052 = VECTOR('',#7053,1.);
#7053 = DIRECTION('',(-0.,1.));
#7054 = ( GEOMETRIC_REPRESENTATION_CONTEXT(2) 
PARAMETRIC_REPRESENTATION_CONTEXT() REPRESENTATION_CONTEXT('2D SPACE',''
  ) );
#7055 = PCURVE('',#5633,#7056);
#7056 = DEFINITIONAL_REPRESENTATION('',(#7057),#7061);
#7057 = LINE('',#7058,#7059);
#7058 = CARTESIAN_POINT('',(0.8,0.));
#7059 = VECTOR('',#7060,1.);
#7060 = DIRECTION('',(0.,1.));
#7061 = ( GEOMETRIC_REPRESENTATION_CONTEXT(2) 
PARAMETRIC_REPRESENTATION_CONTEXT() REPRESENTATION_CONTEXT('2D SPACE',''
  ) );
#7062 = ADVANCED_FACE('',(#7063),#5633,.T.);
#7063 = FACE_BOUND('',#7064,.T.);
#7064 = EDGE_LOOP('',(#7065,#7066,#7067,#7068));
#7065 = ORIENTED_EDGE('',*,*,#6237,.F.);
#7066 = ORIENTED_EDGE('',*,*,#7042,.F.);
#7067 = ORIENTED_EDGE('',*,*,#5617,.T.);
#7068 = ORIENTED_EDGE('',*,*,#7069,.T.);
#7069 = EDGE_CURVE('',#5618,#6238,#7070,.T.);
#7070 = SURFACE_CURVE('',#7071,(#7075,#7081),.PCURVE_S1.);
#7071 = LINE('',#7072,#7073);
#7072 = CARTESIAN_POINT('',(2.,13.6,8.7));
#7073 = VECTOR('',#7074,1.);
#7074 = DIRECTION('',(1.,0.,0.));
#7075 = PCURVE('',#5633,#7076);
#7076 = DEFINITIONAL_REPRESENTATION('',(#7077),#7080);
#7077 = B_SPLINE_CURVE_WITH_KNOTS('',1,(#7078,#7079),.UNSPECIFIED.,.F.,
  .F.,(2,2),(0.,20.),.PIECEWISE_BEZIER_KNOTS.);
#7078 = CARTESIAN_POINT('',(8.7,0.));
#7079 = CARTESIAN_POINT('',(8.7,20.));
#7080 = ( GEOMETRIC_REPRESENTATION_CONTEXT(2) 
PARAMETRIC_REPRESENTATION_CONTEXT() REPRESENTATION_CONTEXT('2D SPACE',''
  ) );
#7081 = PCURVE('',#5661,#7082);
#7082 = DEFINITIONAL_REPRESENTATION('',(#7083),#7086);
#7083 = B_SPLINE_CURVE_WITH_KNOTS('',1,(#7084,#7085),.UNSPECIFIED.,.F.,
  .F.,(2,2),(0.,20.),.PIECEWISE_BEZIER_KNOTS.);
#7084 = CARTESIAN_POINT('',(0.,0.54));
#7085 = CARTESIAN_POINT('',(20.,0.54));
#7086 = ( GEOMETRIC_REPRESENTATION_CONTEXT(2) 
PARAMETRIC_REPRESENTATION_CONTEXT() REPRESENTATION_CONTEXT('2D SPACE',''
  ) );
#7087 = ADVANCED_FACE('',(#7088),#5661,.F.);
#7088 = FACE_BOUND('',#7089,.F.);
#7089 = EDGE_LOOP('',(#7090,#7091,#7092,#7093));
#7090 = ORIENTED_EDGE('',*,*,#5645,.F.);
#7091 = ORIENTED_EDGE('',*,*,#7069,.T.);
#7092 = ORIENTED_EDGE('',*,*,#6260,.T.);
#7093 = ORIENTED_EDGE('',*,*,#7094,.F.);
#7094 = EDGE_CURVE('',#5646,#6261,#7095,.T.);
#7095 = SURFACE_CURVE('',#7096,(#7100,#7107),.PCURVE_S1.);
#7096 = LINE('',#7097,#7098);
#7097 = CARTESIAN_POINT('',(2.,14.56,8.7));
#7098 = VECTOR('',#7099,1.);
#7099 = DIRECTION('',(1.,0.,0.));
#7100 = PCURVE('',#5661,#7101);
#7101 = DEFINITIONAL_REPRESENTATION('',(#7102),#7106);
#7102 = LINE('',#7103,#7104);
#7103 = CARTESIAN_POINT('',(0.,1.5));
#7104 = VECTOR('',#7105,1.);
#7105 = DIRECTION('',(1.,0.));
#7106 = ( GEOMETRIC_REPRESENTATION_CONTEXT(2) 
PARAMETRIC_REPRESENTATION_CONTEXT() REPRESENTATION_CONTEXT('2D SPACE',''
  ) );
#7107 = PCURVE('',#5694,#7108);
#7108 = DEFINITIONAL_REPRESENTATION('',(#7109),#7113);
#7109 = LINE('',#7110,#7111);
#7110 = CARTESIAN_POINT('',(-1.570796326795,0.));
#7111 = VECTOR('',#7112,1.);
#7112 = DIRECTION('',(-0.,1.));
#7113 = ( GEOMETRIC_REPRESENTATION_CONTEXT(2) 
PARAMETRIC_REPRESENTATION_CONTEXT() REPRESENTATION_CONTEXT('2D SPACE',''
  ) );
#7114 = ADVANCED_FACE('',(#7115),#5694,.T.);
#7115 = FACE_BOUND('',#7116,.F.);
#7116 = EDGE_LOOP('',(#7117,#7118,#7119,#7120));
#7117 = ORIENTED_EDGE('',*,*,#5673,.T.);
#7118 = ORIENTED_EDGE('',*,*,#7094,.T.);
#7119 = ORIENTED_EDGE('',*,*,#6283,.F.);
#7120 = ORIENTED_EDGE('',*,*,#7121,.F.);
#7121 = EDGE_CURVE('',#5674,#6284,#7122,.T.);
#7122 = SURFACE_CURVE('',#7123,(#7127,#7134),.PCURVE_S1.);
#7123 = LINE('',#7124,#7125);
#7124 = CARTESIAN_POINT('',(2.,14.86,9.));
#7125 = VECTOR('',#7126,1.);
#7126 = DIRECTION('',(1.,0.,0.));
#7127 = PCURVE('',#5694,#7128);
#7128 = DEFINITIONAL_REPRESENTATION('',(#7129),#7133);
#7129 = LINE('',#7130,#7131);
#7130 = CARTESIAN_POINT('',(-0.,0.));
#7131 = VECTOR('',#7132,1.);
#7132 = DIRECTION('',(-0.,1.));
#7133 = ( GEOMETRIC_REPRESENTATION_CONTEXT(2) 
PARAMETRIC_REPRESENTATION_CONTEXT() REPRESENTATION_CONTEXT('2D SPACE',''
  ) );
#7134 = PCURVE('',#5722,#7135);
#7135 = DEFINITIONAL_REPRESENTATION('',(#7136),#7140);
#7136 = LINE('',#7137,#7138);
#7137 = CARTESIAN_POINT('',(0.3,0.));
#7138 = VECTOR('',#7139,1.);
#7139 = DIRECTION('',(0.,1.));
#7140 = ( GEOMETRIC_REPRESENTATION_CONTEXT(2) 
PARAMETRIC_REPRESENTATION_CONTEXT() REPRESENTATION_CONTEXT('2D SPACE',''
  ) );
#7141 = ADVANCED_FACE('',(#7142),#5722,.T.);
#7142 = FACE_BOUND('',#7143,.T.);
#7143 = EDGE_LOOP('',(#7144,#7145,#7146,#7147));
#7144 = ORIENTED_EDGE('',*,*,#6311,.F.);
#7145 = ORIENTED_EDGE('',*,*,#7121,.F.);
#7146 = ORIENTED_EDGE('',*,*,#5706,.T.);
#7147 = ORIENTED_EDGE('',*,*,#7148,.T.);
#7148 = EDGE_CURVE('',#5707,#6312,#7149,.T.);
#7149 = SURFACE_CURVE('',#7150,(#7154,#7161),.PCURVE_S1.);
#7150 = LINE('',#7151,#7152);
#7151 = CARTESIAN_POINT('',(2.,14.86,9.8));
#7152 = VECTOR('',#7153,1.);
#7153 = DIRECTION('',(1.,0.,0.));
#7154 = PCURVE('',#5722,#7155);
#7155 = DEFINITIONAL_REPRESENTATION('',(#7156),#7160);
#7156 = LINE('',#7157,#7158);
#7157 = CARTESIAN_POINT('',(1.1,0.));
#7158 = VECTOR('',#7159,1.);
#7159 = DIRECTION('',(0.,1.));
#7160 = ( GEOMETRIC_REPRESENTATION_CONTEXT(2) 
PARAMETRIC_REPRESENTATION_CONTEXT() REPRESENTATION_CONTEXT('2D SPACE',''
  ) );
#7161 = PCURVE('',#5751,#7162);
#7162 = DEFINITIONAL_REPRESENTATION('',(#7163),#7167);
#7163 = LINE('',#7164,#7165);
#7164 = CARTESIAN_POINT('',(0.,0.));
#7165 = VECTOR('',#7166,1.);
#7166 = DIRECTION('',(0.,1.));
#7167 = ( GEOMETRIC_REPRESENTATION_CONTEXT(2) 
PARAMETRIC_REPRESENTATION_CONTEXT() REPRESENTATION_CONTEXT('2D SPACE',''
  ) );
#7168 = ADVANCED_FACE('',(#7169),#5751,.T.);
#7169 = FACE_BOUND('',#7170,.T.);
#7170 = EDGE_LOOP('',(#7171,#7172,#7193,#7194));
#7171 = ORIENTED_EDGE('',*,*,#5734,.T.);
#7172 = ORIENTED_EDGE('',*,*,#7173,.T.);
#7173 = EDGE_CURVE('',#5735,#6335,#7174,.T.);
#7174 = SURFACE_CURVE('',#7175,(#7179,#7186),.PCURVE_S1.);
#7175 = LINE('',#7176,#7177);
#7176 = CARTESIAN_POINT('',(2.,14.56,10.1));
#7177 = VECTOR('',#7178,1.);
#7178 = DIRECTION('',(1.,0.,0.));
#7179 = PCURVE('',#5751,#7180);
#7180 = DEFINITIONAL_REPRESENTATION('',(#7181),#7185);
#7181 = LINE('',#7182,#7183);
#7182 = CARTESIAN_POINT('',(1.570796326795,0.));
#7183 = VECTOR('',#7184,1.);
#7184 = DIRECTION('',(0.,1.));
#7185 = ( GEOMETRIC_REPRESENTATION_CONTEXT(2) 
PARAMETRIC_REPRESENTATION_CONTEXT() REPRESENTATION_CONTEXT('2D SPACE',''
  ) );
#7186 = PCURVE('',#5779,#7187);
#7187 = DEFINITIONAL_REPRESENTATION('',(#7188),#7192);
#7188 = LINE('',#7189,#7190);
#7189 = CARTESIAN_POINT('',(0.,1.5));
#7190 = VECTOR('',#7191,1.);
#7191 = DIRECTION('',(1.,0.));
#7192 = ( GEOMETRIC_REPRESENTATION_CONTEXT(2) 
PARAMETRIC_REPRESENTATION_CONTEXT() REPRESENTATION_CONTEXT('2D SPACE',''
  ) );
#7193 = ORIENTED_EDGE('',*,*,#6334,.F.);
#7194 = ORIENTED_EDGE('',*,*,#7148,.F.);
#7195 = ADVANCED_FACE('',(#7196),#5779,.T.);
#7196 = FACE_BOUND('',#7197,.T.);
#7197 = EDGE_LOOP('',(#7198,#7199,#7218,#7219));
#7198 = ORIENTED_EDGE('',*,*,#5763,.F.);
#7199 = ORIENTED_EDGE('',*,*,#7200,.T.);
#7200 = EDGE_CURVE('',#5764,#6359,#7201,.T.);
#7201 = SURFACE_CURVE('',#7202,(#7206,#7212),.PCURVE_S1.);
#7202 = LINE('',#7203,#7204);
#7203 = CARTESIAN_POINT('',(2.,13.6,10.1));
#7204 = VECTOR('',#7205,1.);
#7205 = DIRECTION('',(1.,0.,0.));
#7206 = PCURVE('',#5779,#7207);
#7207 = DEFINITIONAL_REPRESENTATION('',(#7208),#7211);
#7208 = B_SPLINE_CURVE_WITH_KNOTS('',1,(#7209,#7210),.UNSPECIFIED.,.F.,
  .F.,(2,2),(0.,20.),.PIECEWISE_BEZIER_KNOTS.);
#7209 = CARTESIAN_POINT('',(0.,0.54));
#7210 = CARTESIAN_POINT('',(20.,0.54));
#7211 = ( GEOMETRIC_REPRESENTATION_CONTEXT(2) 
PARAMETRIC_REPRESENTATION_CONTEXT() REPRESENTATION_CONTEXT('2D SPACE',''
  ) );
#7212 = PCURVE('',#5807,#7213);
#7213 = DEFINITIONAL_REPRESENTATION('',(#7214),#7217);
#7214 = B_SPLINE_CURVE_WITH_KNOTS('',1,(#7215,#7216),.UNSPECIFIED.,.F.,
  .F.,(2,2),(0.,20.),.PIECEWISE_BEZIER_KNOTS.);
#7215 = CARTESIAN_POINT('',(10.1,0.));
#7216 = CARTESIAN_POINT('',(10.1,20.));
#7217 = ( GEOMETRIC_REPRESENTATION_CONTEXT(2) 
PARAMETRIC_REPRESENTATION_CONTEXT() REPRESENTATION_CONTEXT('2D SPACE',''
  ) );
#7218 = ORIENTED_EDGE('',*,*,#6358,.T.);
#7219 = ORIENTED_EDGE('',*,*,#7173,.F.);
#7220 = ADVANCED_FACE('',(#7221),#5807,.T.);
#7221 = FACE_BOUND('',#7222,.T.);
#7222 = EDGE_LOOP('',(#7223,#7224,#7225,#7226));
#7223 = ORIENTED_EDGE('',*,*,#6381,.F.);
#7224 = ORIENTED_EDGE('',*,*,#7200,.F.);
#7225 = ORIENTED_EDGE('',*,*,#5791,.T.);
#7226 = ORIENTED_EDGE('',*,*,#7227,.T.);
#7227 = EDGE_CURVE('',#5792,#6382,#7228,.T.);
#7228 = SURFACE_CURVE('',#7229,(#7233,#7239),.PCURVE_S1.);
#7229 = LINE('',#7230,#7231);
#7230 = CARTESIAN_POINT('',(2.,13.6,11.3));
#7231 = VECTOR('',#7232,1.);
#7232 = DIRECTION('',(1.,0.,0.));
#7233 = PCURVE('',#5807,#7234);
#7234 = DEFINITIONAL_REPRESENTATION('',(#7235),#7238);
#7235 = B_SPLINE_CURVE_WITH_KNOTS('',1,(#7236,#7237),.UNSPECIFIED.,.F.,
  .F.,(2,2),(0.,20.),.PIECEWISE_BEZIER_KNOTS.);
#7236 = CARTESIAN_POINT('',(11.3,0.));
#7237 = CARTESIAN_POINT('',(11.3,20.));
#7238 = ( GEOMETRIC_REPRESENTATION_CONTEXT(2) 
PARAMETRIC_REPRESENTATION_CONTEXT() REPRESENTATION_CONTEXT('2D SPACE',''
  ) );
#7239 = PCURVE('',#5835,#7240);
#7240 = DEFINITIONAL_REPRESENTATION('',(#7241),#7244);
#7241 = B_SPLINE_CURVE_WITH_KNOTS('',1,(#7242,#7243),.UNSPECIFIED.,.F.,
  .F.,(2,2),(0.,20.),.PIECEWISE_BEZIER_KNOTS.);
#7242 = CARTESIAN_POINT('',(0.,0.54));
#7243 = CARTESIAN_POINT('',(20.,0.54));
#7244 = ( GEOMETRIC_REPRESENTATION_CONTEXT(2) 
PARAMETRIC_REPRESENTATION_CONTEXT() REPRESENTATION_CONTEXT('2D SPACE',''
  ) );
#7245 = ADVANCED_FACE('',(#7246),#5835,.F.);
#7246 = FACE_BOUND('',#7247,.F.);
#7247 = EDGE_LOOP('',(#7248,#7249,#7250,#7251));
#7248 = ORIENTED_EDGE('',*,*,#5819,.F.);
#7249 = ORIENTED_EDGE('',*,*,#7227,.T.);
#7250 = ORIENTED_EDGE('',*,*,#6404,.T.);
#7251 = ORIENTED_EDGE('',*,*,#7252,.F.);
#7252 = EDGE_CURVE('',#5820,#6405,#7253,.T.);
#7253 = SURFACE_CURVE('',#7254,(#7258,#7265),.PCURVE_S1.);
#7254 = LINE('',#7255,#7256);
#7255 = CARTESIAN_POINT('',(2.,14.56,11.3));
#7256 = VECTOR('',#7257,1.);
#7257 = DIRECTION('',(1.,0.,0.));
#7258 = PCURVE('',#5835,#7259);
#7259 = DEFINITIONAL_REPRESENTATION('',(#7260),#7264);
#7260 = LINE('',#7261,#7262);
#7261 = CARTESIAN_POINT('',(0.,1.5));
#7262 = VECTOR('',#7263,1.);
#7263 = DIRECTION('',(1.,0.));
#7264 = ( GEOMETRIC_REPRESENTATION_CONTEXT(2) 
PARAMETRIC_REPRESENTATION_CONTEXT() REPRESENTATION_CONTEXT('2D SPACE',''
  ) );
#7265 = PCURVE('',#5868,#7266);
#7266 = DEFINITIONAL_REPRESENTATION('',(#7267),#7271);
#7267 = LINE('',#7268,#7269);
#7268 = CARTESIAN_POINT('',(-1.570796326795,0.));
#7269 = VECTOR('',#7270,1.);
#7270 = DIRECTION('',(-0.,1.));
#7271 = ( GEOMETRIC_REPRESENTATION_CONTEXT(2) 
PARAMETRIC_REPRESENTATION_CONTEXT() REPRESENTATION_CONTEXT('2D SPACE',''
  ) );
#7272 = ADVANCED_FACE('',(#7273),#5868,.T.);
#7273 = FACE_BOUND('',#7274,.F.);
#7274 = EDGE_LOOP('',(#7275,#7276,#7277,#7278));
#7275 = ORIENTED_EDGE('',*,*,#5847,.T.);
#7276 = ORIENTED_EDGE('',*,*,#7252,.T.);
#7277 = ORIENTED_EDGE('',*,*,#6427,.F.);
#7278 = ORIENTED_EDGE('',*,*,#7279,.F.);
#7279 = EDGE_CURVE('',#5848,#6428,#7280,.T.);
#7280 = SURFACE_CURVE('',#7281,(#7285,#7292),.PCURVE_S1.);
#7281 = LINE('',#7282,#7283);
#7282 = CARTESIAN_POINT('',(2.,14.86,11.6));
#7283 = VECTOR('',#7284,1.);
#7284 = DIRECTION('',(1.,0.,0.));
#7285 = PCURVE('',#5868,#7286);
#7286 = DEFINITIONAL_REPRESENTATION('',(#7287),#7291);
#7287 = LINE('',#7288,#7289);
#7288 = CARTESIAN_POINT('',(-0.,0.));
#7289 = VECTOR('',#7290,1.);
#7290 = DIRECTION('',(-0.,1.));
#7291 = ( GEOMETRIC_REPRESENTATION_CONTEXT(2) 
PARAMETRIC_REPRESENTATION_CONTEXT() REPRESENTATION_CONTEXT('2D SPACE',''
  ) );
#7292 = PCURVE('',#5896,#7293);
#7293 = DEFINITIONAL_REPRESENTATION('',(#7294),#7298);
#7294 = LINE('',#7295,#7296);
#7295 = CARTESIAN_POINT('',(0.3,0.));
#7296 = VECTOR('',#7297,1.);
#7297 = DIRECTION('',(0.,1.));
#7298 = ( GEOMETRIC_REPRESENTATION_CONTEXT(2) 
PARAMETRIC_REPRESENTATION_CONTEXT() REPRESENTATION_CONTEXT('2D SPACE',''
  ) );
#7299 = ADVANCED_FACE('',(#7300),#5896,.T.);
#7300 = FACE_BOUND('',#7301,.T.);
#7301 = EDGE_LOOP('',(#7302,#7303,#7304,#7305));
#7302 = ORIENTED_EDGE('',*,*,#6455,.F.);
#7303 = ORIENTED_EDGE('',*,*,#7279,.F.);
#7304 = ORIENTED_EDGE('',*,*,#5880,.T.);
#7305 = ORIENTED_EDGE('',*,*,#7306,.T.);
#7306 = EDGE_CURVE('',#5881,#6456,#7307,.T.);
#7307 = SURFACE_CURVE('',#7308,(#7312,#7319),.PCURVE_S1.);
#7308 = LINE('',#7309,#7310);
#7309 = CARTESIAN_POINT('',(2.,14.86,12.4));
#7310 = VECTOR('',#7311,1.);
#7311 = DIRECTION('',(1.,0.,0.));
#7312 = PCURVE('',#5896,#7313);
#7313 = DEFINITIONAL_REPRESENTATION('',(#7314),#7318);
#7314 = LINE('',#7315,#7316);
#7315 = CARTESIAN_POINT('',(1.1,0.));
#7316 = VECTOR('',#7317,1.);
#7317 = DIRECTION('',(0.,1.));
#7318 = ( GEOMETRIC_REPRESENTATION_CONTEXT(2) 
PARAMETRIC_REPRESENTATION_CONTEXT() REPRESENTATION_CONTEXT('2D SPACE',''
  ) );
#7319 = PCURVE('',#5925,#7320);
#7320 = DEFINITIONAL_REPRESENTATION('',(#7321),#7325);
#7321 = LINE('',#7322,#7323);
#7322 = CARTESIAN_POINT('',(0.,0.));
#7323 = VECTOR('',#7324,1.);
#7324 = DIRECTION('',(0.,1.));
#7325 = ( GEOMETRIC_REPRESENTATION_CONTEXT(2) 
PARAMETRIC_REPRESENTATION_CONTEXT() REPRESENTATION_CONTEXT('2D SPACE',''
  ) );
#7326 = ADVANCED_FACE('',(#7327),#5925,.T.);
#7327 = FACE_BOUND('',#7328,.T.);
#7328 = EDGE_LOOP('',(#7329,#7330,#7351,#7352));
#7329 = ORIENTED_EDGE('',*,*,#5908,.T.);
#7330 = ORIENTED_EDGE('',*,*,#7331,.T.);
#7331 = EDGE_CURVE('',#5909,#6479,#7332,.T.);
#7332 = SURFACE_CURVE('',#7333,(#7337,#7344),.PCURVE_S1.);
#7333 = LINE('',#7334,#7335);
#7334 = CARTESIAN_POINT('',(2.,14.56,12.7));
#7335 = VECTOR('',#7336,1.);
#7336 = DIRECTION('',(1.,0.,0.));
#7337 = PCURVE('',#5925,#7338);
#7338 = DEFINITIONAL_REPRESENTATION('',(#7339),#7343);
#7339 = LINE('',#7340,#7341);
#7340 = CARTESIAN_POINT('',(1.570796326795,0.));
#7341 = VECTOR('',#7342,1.);
#7342 = DIRECTION('',(0.,1.));
#7343 = ( GEOMETRIC_REPRESENTATION_CONTEXT(2) 
PARAMETRIC_REPRESENTATION_CONTEXT() REPRESENTATION_CONTEXT('2D SPACE',''
  ) );
#7344 = PCURVE('',#5953,#7345);
#7345 = DEFINITIONAL_REPRESENTATION('',(#7346),#7350);
#7346 = LINE('',#7347,#7348);
#7347 = CARTESIAN_POINT('',(0.,1.5));
#7348 = VECTOR('',#7349,1.);
#7349 = DIRECTION('',(1.,0.));
#7350 = ( GEOMETRIC_REPRESENTATION_CONTEXT(2) 
PARAMETRIC_REPRESENTATION_CONTEXT() REPRESENTATION_CONTEXT('2D SPACE',''
  ) );
#7351 = ORIENTED_EDGE('',*,*,#6478,.F.);
#7352 = ORIENTED_EDGE('',*,*,#7306,.F.);
#7353 = ADVANCED_FACE('',(#7354),#5953,.T.);
#7354 = FACE_BOUND('',#7355,.T.);
#7355 = EDGE_LOOP('',(#7356,#7357,#7376,#7377));
#7356 = ORIENTED_EDGE('',*,*,#5937,.F.);
#7357 = ORIENTED_EDGE('',*,*,#7358,.T.);
#7358 = EDGE_CURVE('',#5938,#6503,#7359,.T.);
#7359 = SURFACE_CURVE('',#7360,(#7364,#7370),.PCURVE_S1.);
#7360 = LINE('',#7361,#7362);
#7361 = CARTESIAN_POINT('',(2.,13.6,12.7));
#7362 = VECTOR('',#7363,1.);
#7363 = DIRECTION('',(1.,0.,0.));
#7364 = PCURVE('',#5953,#7365);
#7365 = DEFINITIONAL_REPRESENTATION('',(#7366),#7369);
#7366 = B_SPLINE_CURVE_WITH_KNOTS('',1,(#7367,#7368),.UNSPECIFIED.,.F.,
  .F.,(2,2),(0.,20.),.PIECEWISE_BEZIER_KNOTS.);
#7367 = CARTESIAN_POINT('',(0.,0.54));
#7368 = CARTESIAN_POINT('',(20.,0.54));
#7369 = ( GEOMETRIC_REPRESENTATION_CONTEXT(2) 
PARAMETRIC_REPRESENTATION_CONTEXT() REPRESENTATION_CONTEXT('2D SPACE',''
  ) );
#7370 = PCURVE('',#5981,#7371);
#7371 = DEFINITIONAL_REPRESENTATION('',(#7372),#7375);
#7372 = B_SPLINE_CURVE_WITH_KNOTS('',1,(#7373,#7374),.UNSPECIFIED.,.F.,
  .F.,(2,2),(0.,20.),.PIECEWISE_BEZIER_KNOTS.);
#7373 = CARTESIAN_POINT('',(12.7,0.));
#7374 = CARTESIAN_POINT('',(12.7,20.));
#7375 = ( GEOMETRIC_REPRESENTATION_CONTEXT(2) 
PARAMETRIC_REPRESENTATION_CONTEXT() REPRESENTATION_CONTEXT('2D SPACE',''
  ) );
#7376 = ORIENTED_EDGE('',*,*,#6502,.T.);
#7377 = ORIENTED_EDGE('',*,*,#7331,.F.);
#7378 = ADVANCED_FACE('',(#7379),#5981,.T.);
#7379 = FACE_BOUND('',#7380,.T.);
#7380 = EDGE_LOOP('',(#7381,#7382,#7383,#7384));
#7381 = ORIENTED_EDGE('',*,*,#6525,.F.);
#7382 = ORIENTED_EDGE('',*,*,#7358,.F.);
#7383 = ORIENTED_EDGE('',*,*,#5965,.T.);
#7384 = ORIENTED_EDGE('',*,*,#7385,.T.);
#7385 = EDGE_CURVE('',#5966,#6526,#7386,.T.);
#7386 = SURFACE_CURVE('',#7387,(#7391,#7398),.PCURVE_S1.);
#7387 = LINE('',#7388,#7389);
#7388 = CARTESIAN_POINT('',(2.,13.6,13.2));
#7389 = VECTOR('',#7390,1.);
#7390 = DIRECTION('',(1.,0.,0.));
#7391 = PCURVE('',#5981,#7392);
#7392 = DEFINITIONAL_REPRESENTATION('',(#7393),#7397);
#7393 = LINE('',#7394,#7395);
#7394 = CARTESIAN_POINT('',(13.2,0.));
#7395 = VECTOR('',#7396,1.);
#7396 = DIRECTION('',(0.,1.));
#7397 = ( GEOMETRIC_REPRESENTATION_CONTEXT(2) 
PARAMETRIC_REPRESENTATION_CONTEXT() REPRESENTATION_CONTEXT('2D SPACE',''
  ) );
#7398 = PCURVE('',#6010,#7399);
#7399 = DEFINITIONAL_REPRESENTATION('',(#7400),#7404);
#7400 = LINE('',#7401,#7402);
#7401 = CARTESIAN_POINT('',(0.,0.));
#7402 = VECTOR('',#7403,1.);
#7403 = DIRECTION('',(0.,1.));
#7404 = ( GEOMETRIC_REPRESENTATION_CONTEXT(2) 
PARAMETRIC_REPRESENTATION_CONTEXT() REPRESENTATION_CONTEXT('2D SPACE',''
  ) );
#7405 = ADVANCED_FACE('',(#7406),#6010,.T.);
#7406 = FACE_BOUND('',#7407,.T.);
#7407 = EDGE_LOOP('',(#7408,#7409,#7430,#7431));
#7408 = ORIENTED_EDGE('',*,*,#5993,.T.);
#7409 = ORIENTED_EDGE('',*,*,#7410,.T.);
#7410 = EDGE_CURVE('',#5994,#6549,#7411,.T.);
#7411 = SURFACE_CURVE('',#7412,(#7416,#7423),.PCURVE_S1.);
#7412 = LINE('',#7413,#7414);
#7413 = CARTESIAN_POINT('',(2.,12.8,14.));
#7414 = VECTOR('',#7415,1.);
#7415 = DIRECTION('',(1.,0.,0.));
#7416 = PCURVE('',#6010,#7417);
#7417 = DEFINITIONAL_REPRESENTATION('',(#7418),#7422);
#7418 = LINE('',#7419,#7420);
#7419 = CARTESIAN_POINT('',(1.570796326795,0.));
#7420 = VECTOR('',#7421,1.);
#7421 = DIRECTION('',(0.,1.));
#7422 = ( GEOMETRIC_REPRESENTATION_CONTEXT(2) 
PARAMETRIC_REPRESENTATION_CONTEXT() REPRESENTATION_CONTEXT('2D SPACE',''
  ) );
#7423 = PCURVE('',#6038,#7424);
#7424 = DEFINITIONAL_REPRESENTATION('',(#7425),#7429);
#7425 = LINE('',#7426,#7427);
#7426 = CARTESIAN_POINT('',(0.,1.4));
#7427 = VECTOR('',#7428,1.);
#7428 = DIRECTION('',(1.,0.));
#7429 = ( GEOMETRIC_REPRESENTATION_CONTEXT(2) 
PARAMETRIC_REPRESENTATION_CONTEXT() REPRESENTATION_CONTEXT('2D SPACE',''
  ) );
#7430 = ORIENTED_EDGE('',*,*,#6548,.F.);
#7431 = ORIENTED_EDGE('',*,*,#7385,.F.);
#7432 = ADVANCED_FACE('',(#7433),#6038,.T.);
#7433 = FACE_BOUND('',#7434,.T.);
#7434 = EDGE_LOOP('',(#7435,#7436,#7457,#7458));
#7435 = ORIENTED_EDGE('',*,*,#6022,.F.);
#7436 = ORIENTED_EDGE('',*,*,#7437,.T.);
#7437 = EDGE_CURVE('',#6023,#6573,#7438,.T.);
#7438 = SURFACE_CURVE('',#7439,(#7443,#7450),.PCURVE_S1.);
#7439 = LINE('',#7440,#7441);
#7440 = CARTESIAN_POINT('',(2.,12.2,14.));
#7441 = VECTOR('',#7442,1.);
#7442 = DIRECTION('',(1.,0.,0.));
#7443 = PCURVE('',#6038,#7444);
#7444 = DEFINITIONAL_REPRESENTATION('',(#7445),#7449);
#7445 = LINE('',#7446,#7447);
#7446 = CARTESIAN_POINT('',(0.,0.8));
#7447 = VECTOR('',#7448,1.);
#7448 = DIRECTION('',(1.,0.));
#7449 = ( GEOMETRIC_REPRESENTATION_CONTEXT(2) 
PARAMETRIC_REPRESENTATION_CONTEXT() REPRESENTATION_CONTEXT('2D SPACE',''
  ) );
#7450 = PCURVE('',#6069,#7451);
#7451 = DEFINITIONAL_REPRESENTATION('',(#7452),#7456);
#7452 = LINE('',#7453,#7454);
#7453 = CARTESIAN_POINT('',(-1.570796326795,0.));
#7454 = VECTOR('',#7455,1.);
#7455 = DIRECTION('',(-0.,1.));
#7456 = ( GEOMETRIC_REPRESENTATION_CONTEXT(2) 
PARAMETRIC_REPRESENTATION_CONTEXT() REPRESENTATION_CONTEXT('2D SPACE',''
  ) );
#7457 = ORIENTED_EDGE('',*,*,#6572,.T.);
#7458 = ORIENTED_EDGE('',*,*,#7410,.F.);
#7459 = ADVANCED_FACE('',(#7460),#6069,.T.);
#7460 = FACE_BOUND('',#7461,.F.);
#7461 = EDGE_LOOP('',(#7462,#7463,#7464,#7465));
#7462 = ORIENTED_EDGE('',*,*,#6050,.T.);
#7463 = ORIENTED_EDGE('',*,*,#7437,.T.);
#7464 = ORIENTED_EDGE('',*,*,#6595,.F.);
#7465 = ORIENTED_EDGE('',*,*,#6109,.F.);
#7466 = ADVANCED_FACE('',(#7467),#6712,.T.);
#7467 = FACE_BOUND('',#7468,.F.);
#7468 = EDGE_LOOP('',(#7469,#7493,#7494,#7495));
#7469 = ORIENTED_EDGE('',*,*,#7470,.F.);
#7470 = EDGE_CURVE('',#6696,#7471,#7473,.T.);
#7471 = VERTEX_POINT('',#7472);
#7472 = CARTESIAN_POINT('',(-0.5,-14.199,0.));
#7473 = SEAM_CURVE('',#7474,(#7479,#7486),.PCURVE_S1.);
#7474 = CIRCLE('',#7475,0.999);
#7475 = AXIS2_PLACEMENT_3D('',#7476,#7477,#7478);
#7476 = CARTESIAN_POINT('',(0.499,-14.199,0.));
#7477 = DIRECTION('',(0.,0.,1.));
#7478 = DIRECTION('',(-0.,1.,0.));
#7479 = PCURVE('',#6712,#7480);
#7480 = DEFINITIONAL_REPRESENTATION('',(#7481),#7485);
#7481 = LINE('',#7482,#7483);
#7482 = CARTESIAN_POINT('',(-0.,0.));
#7483 = VECTOR('',#7484,1.);
#7484 = DIRECTION('',(-0.,1.));
#7485 = ( GEOMETRIC_REPRESENTATION_CONTEXT(2) 
PARAMETRIC_REPRESENTATION_CONTEXT() REPRESENTATION_CONTEXT('2D SPACE',''
  ) );
#7486 = PCURVE('',#6712,#7487);
#7487 = DEFINITIONAL_REPRESENTATION('',(#7488),#7492);
#7488 = LINE('',#7489,#7490);
#7489 = CARTESIAN_POINT('',(-6.28318530718,0.));
#7490 = VECTOR('',#7491,1.);
#7491 = DIRECTION('',(-0.,1.));
#7492 = ( GEOMETRIC_REPRESENTATION_CONTEXT(2) 
PARAMETRIC_REPRESENTATION_CONTEXT() REPRESENTATION_CONTEXT('2D SPACE',''
  ) );
#7493 = ORIENTED_EDGE('',*,*,#6695,.F.);
#7494 = ORIENTED_EDGE('',*,*,#7470,.T.);
#7495 = ORIENTED_EDGE('',*,*,#7496,.T.);
#7496 = EDGE_CURVE('',#7471,#7471,#7497,.T.);
#7497 = SURFACE_CURVE('',#7498,(#7503,#7510),.PCURVE_S1.);
#7498 = CIRCLE('',#7499,1.E-03);
#7499 = AXIS2_PLACEMENT_3D('',#7500,#7501,#7502);
#7500 = CARTESIAN_POINT('',(-0.5,-14.2,0.));
#7501 = DIRECTION('',(1.,0.,0.));
#7502 = DIRECTION('',(-0.,1.,0.));
#7503 = PCURVE('',#6712,#7504);
#7504 = DEFINITIONAL_REPRESENTATION('',(#7505),#7509);
#7505 = LINE('',#7506,#7507);
#7506 = CARTESIAN_POINT('',(-0.,1.570796326795));
#7507 = VECTOR('',#7508,1.);
#7508 = DIRECTION('',(-1.,0.));
#7509 = ( GEOMETRIC_REPRESENTATION_CONTEXT(2) 
PARAMETRIC_REPRESENTATION_CONTEXT() REPRESENTATION_CONTEXT('2D SPACE',''
  ) );
#7510 = PCURVE('',#7511,#7516);
#7511 = PLANE('',#7512);
#7512 = AXIS2_PLACEMENT_3D('',#7513,#7514,#7515);
#7513 = CARTESIAN_POINT('',(-0.5,-14.2,8.737595245399E-17));
#7514 = DIRECTION('',(1.,0.,0.));
#7515 = DIRECTION('',(-0.,0.,1.));
#7516 = DEFINITIONAL_REPRESENTATION('',(#7517),#7521);
#7517 = CIRCLE('',#7518,9.999999999994E-04);
#7518 = AXIS2_PLACEMENT_2D('',#7519,#7520);
#7519 = CARTESIAN_POINT('',(-8.737595245399E-17,0.));
#7520 = DIRECTION('',(0.,-1.));
#7521 = ( GEOMETRIC_REPRESENTATION_CONTEXT(2) 
PARAMETRIC_REPRESENTATION_CONTEXT() REPRESENTATION_CONTEXT('2D SPACE',''
  ) );
#7522 = ADVANCED_FACE('',(#7523),#6898,.T.);
#7523 = FACE_BOUND('',#7524,.T.);
#7524 = EDGE_LOOP('',(#7525,#7549,#7550,#7551));
#7525 = ORIENTED_EDGE('',*,*,#7526,.F.);
#7526 = EDGE_CURVE('',#6861,#7527,#7529,.T.);
#7527 = VERTEX_POINT('',#7528);
#7528 = CARTESIAN_POINT('',(24.5,-14.199,0.));
#7529 = SEAM_CURVE('',#7530,(#7535,#7542),.PCURVE_S1.);
#7530 = CIRCLE('',#7531,0.999);
#7531 = AXIS2_PLACEMENT_3D('',#7532,#7533,#7534);
#7532 = CARTESIAN_POINT('',(23.501,-14.199,0.));
#7533 = DIRECTION('',(0.,0.,-1.));
#7534 = DIRECTION('',(0.,1.,0.));
#7535 = PCURVE('',#6898,#7536);
#7536 = DEFINITIONAL_REPRESENTATION('',(#7537),#7541);
#7537 = LINE('',#7538,#7539);
#7538 = CARTESIAN_POINT('',(0.,0.));
#7539 = VECTOR('',#7540,1.);
#7540 = DIRECTION('',(0.,1.));
#7541 = ( GEOMETRIC_REPRESENTATION_CONTEXT(2) 
PARAMETRIC_REPRESENTATION_CONTEXT() REPRESENTATION_CONTEXT('2D SPACE',''
  ) );
#7542 = PCURVE('',#6898,#7543);
#7543 = DEFINITIONAL_REPRESENTATION('',(#7544),#7548);
#7544 = LINE('',#7545,#7546);
#7545 = CARTESIAN_POINT('',(6.28318530718,0.));
#7546 = VECTOR('',#7547,1.);
#7547 = DIRECTION('',(0.,1.));
#7548 = ( GEOMETRIC_REPRESENTATION_CONTEXT(2) 
PARAMETRIC_REPRESENTATION_CONTEXT() REPRESENTATION_CONTEXT('2D SPACE',''
  ) );
#7549 = ORIENTED_EDGE('',*,*,#6883,.T.);
#7550 = ORIENTED_EDGE('',*,*,#7526,.T.);
#7551 = ORIENTED_EDGE('',*,*,#7552,.F.);
#7552 = EDGE_CURVE('',#7527,#7527,#7553,.T.);
#7553 = SURFACE_CURVE('',#7554,(#7559,#7566),.PCURVE_S1.);
#7554 = CIRCLE('',#7555,1.E-03);
#7555 = AXIS2_PLACEMENT_3D('',#7556,#7557,#7558);
#7556 = CARTESIAN_POINT('',(24.5,-14.2,0.));
#7557 = DIRECTION('',(1.,0.,0.));
#7558 = DIRECTION('',(-0.,1.,0.));
#7559 = PCURVE('',#6898,#7560);
#7560 = DEFINITIONAL_REPRESENTATION('',(#7561),#7565);
#7561 = LINE('',#7562,#7563);
#7562 = CARTESIAN_POINT('',(0.,1.570796326795));
#7563 = VECTOR('',#7564,1.);
#7564 = DIRECTION('',(1.,0.));
#7565 = ( GEOMETRIC_REPRESENTATION_CONTEXT(2) 
PARAMETRIC_REPRESENTATION_CONTEXT() REPRESENTATION_CONTEXT('2D SPACE',''
  ) );
#7566 = PCURVE('',#7567,#7572);
#7567 = PLANE('',#7568);
#7568 = AXIS2_PLACEMENT_3D('',#7569,#7570,#7571);
#7569 = CARTESIAN_POINT('',(24.5,-14.2,8.737595245399E-17));
#7570 = DIRECTION('',(1.,0.,0.));
#7571 = DIRECTION('',(-0.,0.,1.));
#7572 = DEFINITIONAL_REPRESENTATION('',(#7573),#7577);
#7573 = CIRCLE('',#7574,9.999999999994E-04);
#7574 = AXIS2_PLACEMENT_2D('',#7575,#7576);
#7575 = CARTESIAN_POINT('',(-8.737595245399E-17,0.));
#7576 = DIRECTION('',(0.,-1.));
#7577 = ( GEOMETRIC_REPRESENTATION_CONTEXT(2) 
PARAMETRIC_REPRESENTATION_CONTEXT() REPRESENTATION_CONTEXT('2D SPACE',''
  ) );
#7578 = ADVANCED_FACE('',(#7579),#7511,.F.);
#7579 = FACE_BOUND('',#7580,.F.);
#7580 = EDGE_LOOP('',(#7581));
#7581 = ORIENTED_EDGE('',*,*,#7496,.T.);
#7582 = ADVANCED_FACE('',(#7583),#7567,.T.);
#7583 = FACE_BOUND('',#7584,.T.);
#7584 = EDGE_LOOP('',(#7585));
#7585 = ORIENTED_EDGE('',*,*,#7552,.T.);
#7586 = ( GEOMETRIC_REPRESENTATION_CONTEXT(3) 
GLOBAL_UNCERTAINTY_ASSIGNED_CONTEXT((#7590)) 
GLOBAL_UNIT_ASSIGNED_CONTEXT((#7587,#7588,#7589)) REPRESENTATION_CONTEXT
('Context #1','3D Context with UNIT and UNCERTAINTY') );
#7587 = ( LENGTH_UNIT() NAMED_UNIT(*) SI_UNIT(.MILLI.,.METRE.) );
#7588 = ( NAMED_UNIT(*) PLANE_ANGLE_UNIT() SI_UNIT($,.RADIAN.) );
#7589 = ( NAMED_UNIT(*) SI_UNIT($,.STERADIAN.) SOLID_ANGLE_UNIT() );
#7590 = UNCERTAINTY_MEASURE_WITH_UNIT(LENGTH_MEASURE(2.E-06),#7587,
  'distance_accuracy_value','confusion accuracy');
#7591 = CONTEXT_DEPENDENT_SHAPE_REPRESENTATION(#7592,#7594);
#7592 = ( REPRESENTATION_RELATIONSHIP('','',#36,#10) 
REPRESENTATION_RELATIONSHIP_WITH_TRANSFORMATION(#7593) 
SHAPE_REPRESENTATION_RELATIONSHIP() );
#7593 = ITEM_DEFINED_TRANSFORMATION('','',#11,#15);
#7594 = PRODUCT_DEFINITION_SHAPE('Placement','Placement of an item',
  #7595);
#7595 = NEXT_ASSEMBLY_USAGE_OCCURRENCE('3','top_shell_dorsal','',#5,#31,
  $);
#7596 = PRODUCT_RELATED_PRODUCT_CATEGORY('part',$,(#33));
#7597 = SHAPE_DEFINITION_REPRESENTATION(#7598,#7604);
#7598 = PRODUCT_DEFINITION_SHAPE('','',#7599);
#7599 = PRODUCT_DEFINITION('design','',#7600,#7603);
#7600 = PRODUCT_DEFINITION_FORMATION('','',#7601);
#7601 = PRODUCT('bottom_shell_palmar','bottom_shell_palmar','',(#7602));
#7602 = PRODUCT_CONTEXT('',#2,'mechanical');
#7603 = PRODUCT_DEFINITION_CONTEXT('part definition',#2,'design');
#7604 = ADVANCED_BREP_SHAPE_REPRESENTATION('',(#11,#7605),#14600);
#7605 = MANIFOLD_SOLID_BREP('',#7606);
#7606 = CLOSED_SHELL('',(#7607,#8351,#8889,#9011,#9588,#9637,#10102,
    #10477,#10526,#10917,#10966,#11459,#11508,#11991,#12040,#12508,
    #12535,#12905,#13078,#13211,#13238,#13265,#13292,#13319,#13346,
    #13459,#13486,#13513,#13540,#13567,#13594,#13621,#13648,#13675,
    #13702,#13729,#13756,#13783,#13810,#13837,#13864,#13891,#13918,
    #13945,#13952,#13959,#13986,#13993,#14000,#14027,#14054,#14081,
    #14108,#14115,#14142,#14149,#14156,#14239,#14289,#14344,#14427,
    #14477,#14532,#14559,#14586,#14593));
#7607 = ADVANCED_FACE('',(#7608),#7623,.F.);
#7608 = FACE_BOUND('',#7609,.F.);
#7609 = EDGE_LOOP('',(#7610,#7649,#7677,#7765,#7802,#7890,#7918,#8006,
    #8043,#8131,#8159,#8188,#8216,#8256,#8290,#8330));
#7610 = ORIENTED_EDGE('',*,*,#7611,.F.);
#7611 = EDGE_CURVE('',#7612,#7614,#7616,.T.);
#7612 = VERTEX_POINT('',#7613);
#7613 = CARTESIAN_POINT('',(0.,-36.79371315644,-1.266540881399));
#7614 = VERTEX_POINT('',#7615);
#7615 = CARTESIAN_POINT('',(0.,-36.63005795801,-12.95));
#7616 = SURFACE_CURVE('',#7617,(#7622,#7637),.PCURVE_S1.);
#7617 = ELLIPSE('',#7618,10.2,5.7);
#7618 = AXIS2_PLACEMENT_3D('',#7619,#7620,#7621);
#7619 = CARTESIAN_POINT('',(0.,-31.69371315644,-10.1));
#7620 = DIRECTION('',(1.,-0.,0.));
#7621 = DIRECTION('',(0.,0.5,-0.866025403784));
#7622 = PCURVE('',#7623,#7631);
#7623 = SURFACE_OF_LINEAR_EXTRUSION('',#7624,#7629);
#7624 = ELLIPSE('',#7625,10.2,5.7);
#7625 = AXIS2_PLACEMENT_3D('',#7626,#7627,#7628);
#7626 = CARTESIAN_POINT('',(0.,-31.69371315644,-10.1));
#7627 = DIRECTION('',(1.,-0.,0.));
#7628 = DIRECTION('',(0.,0.5,-0.866025403784));
#7629 = VECTOR('',#7630,1.);
#7630 = DIRECTION('',(-1.,0.,0.));
#7631 = DEFINITIONAL_REPRESENTATION('',(#7632),#7636);
#7632 = LINE('',#7633,#7634);
#7633 = CARTESIAN_POINT('',(0.,0.));
#7634 = VECTOR('',#7635,1.);
#7635 = DIRECTION('',(1.,0.));
#7636 = ( GEOMETRIC_REPRESENTATION_CONTEXT(2) 
PARAMETRIC_REPRESENTATION_CONTEXT() REPRESENTATION_CONTEXT('2D SPACE',''
  ) );
#7637 = PCURVE('',#7638,#7643);
#7638 = PLANE('',#7639);
#7639 = AXIS2_PLACEMENT_3D('',#7640,#7641,#7642);
#7640 = CARTESIAN_POINT('',(0.,-26.49756073373,-7.1));
#7641 = DIRECTION('',(1.,0.,0.));
#7642 = DIRECTION('',(0.,0.5,-0.866025403784));
#7643 = DEFINITIONAL_REPRESENTATION('',(#7644),#7648);
#7644 = ELLIPSE('',#7645,10.2,5.7);
#7645 = AXIS2_PLACEMENT_2D('',#7646,#7647);
#7646 = CARTESIAN_POINT('',(0.,-6.));
#7647 = DIRECTION('',(1.,-1.110223024625E-16));
#7648 = ( GEOMETRIC_REPRESENTATION_CONTEXT(2) 
PARAMETRIC_REPRESENTATION_CONTEXT() REPRESENTATION_CONTEXT('2D SPACE',''
  ) );
#7649 = ORIENTED_EDGE('',*,*,#7650,.T.);
#7650 = EDGE_CURVE('',#7612,#7651,#7653,.T.);
#7651 = VERTEX_POINT('',#7652);
#7652 = CARTESIAN_POINT('',(1.9,-36.79371315644,-1.266540881399));
#7653 = SURFACE_CURVE('',#7654,(#7658,#7665),.PCURVE_S1.);
#7654 = LINE('',#7655,#7656);
#7655 = CARTESIAN_POINT('',(0.,-36.79371315644,-1.266540881399));
#7656 = VECTOR('',#7657,1.);
#7657 = DIRECTION('',(1.,0.,0.));
#7658 = PCURVE('',#7623,#7659);
#7659 = DEFINITIONAL_REPRESENTATION('',(#7660),#7664);
#7660 = LINE('',#7661,#7662);
#7661 = CARTESIAN_POINT('',(3.14159265359,0.));
#7662 = VECTOR('',#7663,1.);
#7663 = DIRECTION('',(0.,-1.));
#7664 = ( GEOMETRIC_REPRESENTATION_CONTEXT(2) 
PARAMETRIC_REPRESENTATION_CONTEXT() REPRESENTATION_CONTEXT('2D SPACE',''
  ) );
#7665 = PCURVE('',#7666,#7671);
#7666 = PLANE('',#7667);
#7667 = AXIS2_PLACEMENT_3D('',#7668,#7669,#7670);
#7668 = CARTESIAN_POINT('',(0.,-26.40140831103,4.733459118601));
#7669 = DIRECTION('',(0.,0.5,-0.866025403784));
#7670 = DIRECTION('',(0.,-0.866025403784,-0.5));
#7671 = DEFINITIONAL_REPRESENTATION('',(#7672),#7676);
#7672 = LINE('',#7673,#7674);
#7673 = CARTESIAN_POINT('',(12.,0.));
#7674 = VECTOR('',#7675,1.);
#7675 = DIRECTION('',(0.,-1.));
#7676 = ( GEOMETRIC_REPRESENTATION_CONTEXT(2) 
PARAMETRIC_REPRESENTATION_CONTEXT() REPRESENTATION_CONTEXT('2D SPACE',''
  ) );
#7677 = ORIENTED_EDGE('',*,*,#7678,.F.);
#7678 = EDGE_CURVE('',#7679,#7651,#7681,.T.);
#7679 = VERTEX_POINT('',#7680);
#7680 = CARTESIAN_POINT('',(1.9,-38.71227444931,-7.00349524471));
#7681 = SURFACE_CURVE('',#7682,(#7706,#7733),.PCURVE_S1.);
#7682 = B_SPLINE_CURVE_WITH_KNOTS('',8,(#7683,#7684,#7685,#7686,#7687,
    #7688,#7689,#7690,#7691,#7692,#7693,#7694,#7695,#7696,#7697,#7698,
    #7699,#7700,#7701,#7702,#7703,#7704,#7705),.UNSPECIFIED.,.F.,.F.,(9,
    7,7,9),(0.,0.60812654743,0.761318664772,1.),.UNSPECIFIED.);
#7683 = CARTESIAN_POINT('',(1.9,-38.71227444931,-7.00349524471));
#7684 = CARTESIAN_POINT('',(1.9,-38.77086411661,-6.518486690655));
#7685 = CARTESIAN_POINT('',(1.9,-38.80628409009,-6.032136589936));
#7686 = CARTESIAN_POINT('',(1.9,-38.81655310448,-5.543889293303));
#7687 = CARTESIAN_POINT('',(1.9,-38.79852550061,-5.054749896481));
#7688 = CARTESIAN_POINT('',(1.9,-38.74825448215,-4.567230018505));
#7689 = CARTESIAN_POINT('',(1.9,-38.66077489463,-4.085453469463));
#7690 = CARTESIAN_POINT('',(1.9,-38.5306522193,-3.615057016416));
#7691 = CARTESIAN_POINT('',(1.9,-38.30490311792,-3.049796442109));
#7692 = CARTESIAN_POINT('',(1.9,-38.25633091864,-2.937350435069));
#7693 = CARTESIAN_POINT('',(1.9,-38.20451602447,-2.826354001121));
#7694 = CARTESIAN_POINT('',(1.9,-38.14936638142,-2.716982982517));
#7695 = CARTESIAN_POINT('',(1.9,-38.0907977197,-2.609432518518));
#7696 = CARTESIAN_POINT('',(1.9,-38.02873778793,-2.503914662612));
#7697 = CARTESIAN_POINT('',(1.9,-37.96313058747,-2.400655999735));
#7698 = CARTESIAN_POINT('',(1.9,-37.78613899574,-2.142904763702));
#7699 = CARTESIAN_POINT('',(1.9,-37.66958164445,-1.991891346235));
#7700 = CARTESIAN_POINT('',(1.9,-37.54419883397,-1.84788408047));
#7701 = CARTESIAN_POINT('',(1.9,-37.41005421845,-1.711907420857));
#7702 = CARTESIAN_POINT('',(1.9,-37.26737306227,-1.584950985163));
#7703 = CARTESIAN_POINT('',(1.9,-37.11658237115,-1.467925007331));
#7704 = CARTESIAN_POINT('',(1.9,-36.95836291696,-1.361601464959));
#7705 = CARTESIAN_POINT('',(1.9,-36.79371315644,-1.266540881399));
#7706 = PCURVE('',#7623,#7707);
#7707 = DEFINITIONAL_REPRESENTATION('',(#7708),#7732);
#7708 = B_SPLINE_CURVE_WITH_KNOTS('',8,(#7709,#7710,#7711,#7712,#7713,
    #7714,#7715,#7716,#7717,#7718,#7719,#7720,#7721,#7722,#7723,#7724,
    #7725,#7726,#7727,#7728,#7729,#7730,#7731),.UNSPECIFIED.,.F.,.F.,(9,
    7,7,9),(0.,0.60812654743,0.761318664772,1.),.UNSPECIFIED.);
#7709 = CARTESIAN_POINT('',(4.060166538652,-1.9));
#7710 = CARTESIAN_POINT('',(4.004737589893,-1.9));
#7711 = CARTESIAN_POINT('',(3.947912547782,-1.9));
#7712 = CARTESIAN_POINT('',(3.889260366232,-1.9));
#7713 = CARTESIAN_POINT('',(3.828416607071,-1.9));
#7714 = CARTESIAN_POINT('',(3.765068072036,-1.9));
#7715 = CARTESIAN_POINT('',(3.698873944549,-1.9));
#7716 = CARTESIAN_POINT('',(3.629492374284,-1.9));
#7717 = CARTESIAN_POINT('',(3.53784080648,-1.9));
#7718 = CARTESIAN_POINT('',(3.519171558414,-1.9));
#7719 = CARTESIAN_POINT('',(3.500271883647,-1.9));
#7720 = CARTESIAN_POINT('',(3.481140345851,-1.9));
#7721 = CARTESIAN_POINT('',(3.461777584049,-1.9));
#7722 = CARTESIAN_POINT('',(3.442186568268,-1.9));
#7723 = CARTESIAN_POINT('',(3.422372855195,-1.9));
#7724 = CARTESIAN_POINT('',(3.371140154095,-1.9));
#7725 = CARTESIAN_POINT('',(3.339398231082,-1.9));
#7726 = CARTESIAN_POINT('',(3.307173032672,-1.9));
#7727 = CARTESIAN_POINT('',(3.274529565461,-1.9));
#7728 = CARTESIAN_POINT('',(3.241545126847,-1.9));
#7729 = CARTESIAN_POINT('',(3.208312806083,-1.9));
#7730 = CARTESIAN_POINT('',(3.174947244313,-1.9));
#7731 = CARTESIAN_POINT('',(3.14159265359,-1.9));
#7732 = ( GEOMETRIC_REPRESENTATION_CONTEXT(2) 
PARAMETRIC_REPRESENTATION_CONTEXT() REPRESENTATION_CONTEXT('2D SPACE',''
  ) );
#7733 = PCURVE('',#7734,#7739);
#7734 = PLANE('',#7735);
#7735 = AXIS2_PLACEMENT_3D('',#7736,#7737,#7738);
#7736 = CARTESIAN_POINT('',(1.9,-30.49756073373,-0.171796769724));
#7737 = DIRECTION('',(1.,0.,0.));
#7738 = DIRECTION('',(0.,0.5,-0.866025403784));
#7739 = DEFINITIONAL_REPRESENTATION('',(#7740),#7764);
#7740 = B_SPLINE_CURVE_WITH_KNOTS('',8,(#7741,#7742,#7743,#7744,#7745,
    #7746,#7747,#7748,#7749,#7750,#7751,#7752,#7753,#7754,#7755,#7756,
    #7757,#7758,#7759,#7760,#7761,#7762,#7763),.UNSPECIFIED.,.F.,.F.,(9,
    7,7,9),(0.,0.60812654743,0.761318664772,1.),.UNSPECIFIED.);
#7741 = CARTESIAN_POINT('',(1.809067572544,-10.53));
#7742 = CARTESIAN_POINT('',(1.35974301003,-10.33823586325));
#7743 = CARTESIAN_POINT('',(0.920841480936,-10.12573540972));
#7744 = CARTESIAN_POINT('',(0.492872411525,-9.890504988747));
#7745 = CARTESIAN_POINT('',(7.827906981997E-02,-9.630322927416));
#7746 = CARTESIAN_POINT('',(-0.318790020124,-9.343027009361));
#7747 = CARTESIAN_POINT('',(-0.692280956781,-9.026379189735));
#7748 = CARTESIAN_POINT('',(-1.034594897305,-8.678491420768));
#7749 = CARTESIAN_POINT('',(-1.411250363727,-8.200356676943));
#7750 = CARTESIAN_POINT('',(-1.484345362735,-8.102068914926));
#7751 = CARTESIAN_POINT('',(-1.55456364718,-8.001697683307));
#7752 = CARTESIAN_POINT('',(-1.621706906204,-7.899251182116));
#7753 = CARTESIAN_POINT('',(-1.685564009353,-7.794754001195));
#7754 = CARTESIAN_POINT('',(-1.745915187239,-7.688249595779));
#7755 = CARTESIAN_POINT('',(-1.802536212221,-7.579802762071));
#7756 = CARTESIAN_POINT('',(-1.937259534613,-7.297647929353));
#7757 = CARTESIAN_POINT('',(-2.009762314807,-7.121199593405));
#7758 = CARTESIAN_POINT('',(-2.07178486005,-6.94061126145));
#7759 = CARTESIAN_POINT('',(-2.122471793838,-6.756450286824));
#7760 = CARTESIAN_POINT('',(-2.161078714235,-6.569406563087));
#7761 = CARTESIAN_POINT('',(-2.187030838377,-6.380305005001));
#7762 = CARTESIAN_POINT('',(-2.2,-6.190121167121));
#7763 = CARTESIAN_POINT('',(-2.2,-6.));
#7764 = ( GEOMETRIC_REPRESENTATION_CONTEXT(2) 
PARAMETRIC_REPRESENTATION_CONTEXT() REPRESENTATION_CONTEXT('2D SPACE',''
  ) );
#7765 = ORIENTED_EDGE('',*,*,#7766,.F.);
#7766 = EDGE_CURVE('',#7767,#7679,#7769,.T.);
#7767 = VERTEX_POINT('',#7768);
#7768 = CARTESIAN_POINT('',(5.1,-38.71227444931,-7.00349524471));
#7769 = SURFACE_CURVE('',#7770,(#7777,#7787),.PCURVE_S1.);
#7770 = B_SPLINE_CURVE_WITH_KNOTS('',5,(#7771,#7772,#7773,#7774,#7775,
    #7776),.UNSPECIFIED.,.F.,.F.,(6,6),(0.,1.),
  .PIECEWISE_BEZIER_KNOTS.);
#7771 = CARTESIAN_POINT('',(5.1,-38.71227444931,-7.00349524471));
#7772 = CARTESIAN_POINT('',(4.762975335832,-38.71227444931,
    -7.00349524471));
#7773 = CARTESIAN_POINT('',(3.883888770222,-38.71227444931,
    -7.00349524471));
#7774 = CARTESIAN_POINT('',(3.142854059808,-38.71227444931,
    -7.00349524471));
#7775 = CARTESIAN_POINT('',(2.626800705069,-38.71227444931,
    -7.00349524471));
#7776 = CARTESIAN_POINT('',(1.9,-38.71227444931,-7.00349524471));
#7777 = PCURVE('',#7623,#7778);
#7778 = DEFINITIONAL_REPRESENTATION('',(#7779),#7786);
#7779 = B_SPLINE_CURVE_WITH_KNOTS('',5,(#7780,#7781,#7782,#7783,#7784,
    #7785),.UNSPECIFIED.,.F.,.F.,(6,6),(0.,1.),
  .PIECEWISE_BEZIER_KNOTS.);
#7780 = CARTESIAN_POINT('',(4.060166538652,-5.1));
#7781 = CARTESIAN_POINT('',(4.060166538652,-4.762975335832));
#7782 = CARTESIAN_POINT('',(4.060166538652,-3.883888770222));
#7783 = CARTESIAN_POINT('',(4.060166538652,-3.142854059808));
#7784 = CARTESIAN_POINT('',(4.060166538652,-2.626800705069));
#7785 = CARTESIAN_POINT('',(4.060166538652,-1.9));
#7786 = ( GEOMETRIC_REPRESENTATION_CONTEXT(2) 
PARAMETRIC_REPRESENTATION_CONTEXT() REPRESENTATION_CONTEXT('2D SPACE',''
  ) );
#7787 = PCURVE('',#7788,#7793);
#7788 = PLANE('',#7789);
#7789 = AXIS2_PLACEMENT_3D('',#7790,#7791,#7792);
#7790 = CARTESIAN_POINT('',(1.9,-41.11680823558,-2.838720558371));
#7791 = DIRECTION('',(0.,0.866025403784,0.5));
#7792 = DIRECTION('',(0.,0.5,-0.866025403784));
#7793 = DEFINITIONAL_REPRESENTATION('',(#7794),#7801);
#7794 = B_SPLINE_CURVE_WITH_KNOTS('',5,(#7795,#7796,#7797,#7798,#7799,
    #7800),.UNSPECIFIED.,.F.,.F.,(6,6),(0.,1.),
  .PIECEWISE_BEZIER_KNOTS.);
#7795 = CARTESIAN_POINT('',(4.809067572544,-3.2));
#7796 = CARTESIAN_POINT('',(4.809067572544,-2.862975335832));
#7797 = CARTESIAN_POINT('',(4.809067572544,-1.983888770222));
#7798 = CARTESIAN_POINT('',(4.809067572544,-1.242854059808));
#7799 = CARTESIAN_POINT('',(4.809067572544,-0.726800705069));
#7800 = CARTESIAN_POINT('',(4.809067572544,0.));
#7801 = ( GEOMETRIC_REPRESENTATION_CONTEXT(2) 
PARAMETRIC_REPRESENTATION_CONTEXT() REPRESENTATION_CONTEXT('2D SPACE',''
  ) );
#7802 = ORIENTED_EDGE('',*,*,#7803,.T.);
#7803 = EDGE_CURVE('',#7767,#7804,#7806,.T.);
#7804 = VERTEX_POINT('',#7805);
#7805 = CARTESIAN_POINT('',(5.1,-36.79371315644,-1.266540881399));
#7806 = SURFACE_CURVE('',#7807,(#7831,#7858),.PCURVE_S1.);
#7807 = B_SPLINE_CURVE_WITH_KNOTS('',8,(#7808,#7809,#7810,#7811,#7812,
    #7813,#7814,#7815,#7816,#7817,#7818,#7819,#7820,#7821,#7822,#7823,
    #7824,#7825,#7826,#7827,#7828,#7829,#7830),.UNSPECIFIED.,.F.,.F.,(9,
    7,7,9),(0.,0.60812654743,0.761318664772,1.),.UNSPECIFIED.);
#7808 = CARTESIAN_POINT('',(5.1,-38.71227444931,-7.00349524471));
#7809 = CARTESIAN_POINT('',(5.1,-38.77086411661,-6.518486690655));
#7810 = CARTESIAN_POINT('',(5.1,-38.80628409009,-6.032136589936));
#7811 = CARTESIAN_POINT('',(5.1,-38.81655310448,-5.543889293303));
#7812 = CARTESIAN_POINT('',(5.1,-38.79852550061,-5.054749896481));
#7813 = CARTESIAN_POINT('',(5.1,-38.74825448215,-4.567230018505));
#7814 = CARTESIAN_POINT('',(5.1,-38.66077489463,-4.085453469463));
#7815 = CARTESIAN_POINT('',(5.1,-38.5306522193,-3.615057016416));
#7816 = CARTESIAN_POINT('',(5.1,-38.30490311792,-3.049796442109));
#7817 = CARTESIAN_POINT('',(5.1,-38.25633091864,-2.937350435069));
#7818 = CARTESIAN_POINT('',(5.1,-38.20451602447,-2.826354001121));
#7819 = CARTESIAN_POINT('',(5.1,-38.14936638142,-2.716982982517));
#7820 = CARTESIAN_POINT('',(5.1,-38.0907977197,-2.609432518518));
#7821 = CARTESIAN_POINT('',(5.1,-38.02873778793,-2.503914662612));
#7822 = CARTESIAN_POINT('',(5.1,-37.96313058747,-2.400655999735));
#7823 = CARTESIAN_POINT('',(5.1,-37.78613899574,-2.142904763702));
#7824 = CARTESIAN_POINT('',(5.1,-37.66958164445,-1.991891346235));
#7825 = CARTESIAN_POINT('',(5.1,-37.54419883397,-1.84788408047));
#7826 = CARTESIAN_POINT('',(5.1,-37.41005421845,-1.711907420857));
#7827 = CARTESIAN_POINT('',(5.1,-37.26737306227,-1.584950985163));
#7828 = CARTESIAN_POINT('',(5.1,-37.11658237115,-1.467925007331));
#7829 = CARTESIAN_POINT('',(5.1,-36.95836291696,-1.361601464959));
#7830 = CARTESIAN_POINT('',(5.1,-36.79371315644,-1.266540881399));
#7831 = PCURVE('',#7623,#7832);
#7832 = DEFINITIONAL_REPRESENTATION('',(#7833),#7857);
#7833 = B_SPLINE_CURVE_WITH_KNOTS('',8,(#7834,#7835,#7836,#7837,#7838,
    #7839,#7840,#7841,#7842,#7843,#7844,#7845,#7846,#7847,#7848,#7849,
    #7850,#7851,#7852,#7853,#7854,#7855,#7856),.UNSPECIFIED.,.F.,.F.,(9,
    7,7,9),(0.,0.60812654743,0.761318664772,1.),.UNSPECIFIED.);
#7834 = CARTESIAN_POINT('',(4.060166538652,-5.1));
#7835 = CARTESIAN_POINT('',(4.004737589893,-5.1));
#7836 = CARTESIAN_POINT('',(3.947912547782,-5.1));
#7837 = CARTESIAN_POINT('',(3.889260366232,-5.1));
#7838 = CARTESIAN_POINT('',(3.828416607071,-5.1));
#7839 = CARTESIAN_POINT('',(3.765068072036,-5.1));
#7840 = CARTESIAN_POINT('',(3.698873944549,-5.1));
#7841 = CARTESIAN_POINT('',(3.629492374284,-5.1));
#7842 = CARTESIAN_POINT('',(3.53784080648,-5.1));
#7843 = CARTESIAN_POINT('',(3.519171558414,-5.1));
#7844 = CARTESIAN_POINT('',(3.500271883647,-5.1));
#7845 = CARTESIAN_POINT('',(3.481140345851,-5.1));
#7846 = CARTESIAN_POINT('',(3.461777584049,-5.1));
#7847 = CARTESIAN_POINT('',(3.442186568268,-5.1));
#7848 = CARTESIAN_POINT('',(3.422372855195,-5.1));
#7849 = CARTESIAN_POINT('',(3.371140154095,-5.1));
#7850 = CARTESIAN_POINT('',(3.339398231082,-5.1));
#7851 = CARTESIAN_POINT('',(3.307173032672,-5.1));
#7852 = CARTESIAN_POINT('',(3.274529565461,-5.1));
#7853 = CARTESIAN_POINT('',(3.241545126847,-5.1));
#7854 = CARTESIAN_POINT('',(3.208312806083,-5.1));
#7855 = CARTESIAN_POINT('',(3.174947244313,-5.1));
#7856 = CARTESIAN_POINT('',(3.14159265359,-5.1));
#7857 = ( GEOMETRIC_REPRESENTATION_CONTEXT(2) 
PARAMETRIC_REPRESENTATION_CONTEXT() REPRESENTATION_CONTEXT('2D SPACE',''
  ) );
#7858 = PCURVE('',#7859,#7864);
#7859 = PLANE('',#7860);
#7860 = AXIS2_PLACEMENT_3D('',#7861,#7862,#7863);
#7861 = CARTESIAN_POINT('',(5.1,-30.49756073373,-0.171796769724));
#7862 = DIRECTION('',(1.,0.,0.));
#7863 = DIRECTION('',(0.,0.5,-0.866025403784));
#7864 = DEFINITIONAL_REPRESENTATION('',(#7865),#7889);
#7865 = B_SPLINE_CURVE_WITH_KNOTS('',8,(#7866,#7867,#7868,#7869,#7870,
    #7871,#7872,#7873,#7874,#7875,#7876,#7877,#7878,#7879,#7880,#7881,
    #7882,#7883,#7884,#7885,#7886,#7887,#7888),.UNSPECIFIED.,.F.,.F.,(9,
    7,7,9),(0.,0.60812654743,0.761318664772,1.),.UNSPECIFIED.);
#7866 = CARTESIAN_POINT('',(1.809067572544,-10.53));
#7867 = CARTESIAN_POINT('',(1.35974301003,-10.33823586325));
#7868 = CARTESIAN_POINT('',(0.920841480936,-10.12573540972));
#7869 = CARTESIAN_POINT('',(0.492872411525,-9.890504988747));
#7870 = CARTESIAN_POINT('',(7.827906981997E-02,-9.630322927416));
#7871 = CARTESIAN_POINT('',(-0.318790020124,-9.343027009361));
#7872 = CARTESIAN_POINT('',(-0.692280956781,-9.026379189735));
#7873 = CARTESIAN_POINT('',(-1.034594897305,-8.678491420768));
#7874 = CARTESIAN_POINT('',(-1.411250363727,-8.200356676943));
#7875 = CARTESIAN_POINT('',(-1.484345362735,-8.102068914926));
#7876 = CARTESIAN_POINT('',(-1.55456364718,-8.001697683307));
#7877 = CARTESIAN_POINT('',(-1.621706906204,-7.899251182116));
#7878 = CARTESIAN_POINT('',(-1.685564009353,-7.794754001195));
#7879 = CARTESIAN_POINT('',(-1.745915187239,-7.688249595779));
#7880 = CARTESIAN_POINT('',(-1.802536212221,-7.579802762071));
#7881 = CARTESIAN_POINT('',(-1.937259534613,-7.297647929353));
#7882 = CARTESIAN_POINT('',(-2.009762314807,-7.121199593405));
#7883 = CARTESIAN_POINT('',(-2.07178486005,-6.94061126145));
#7884 = CARTESIAN_POINT('',(-2.122471793838,-6.756450286824));
#7885 = CARTESIAN_POINT('',(-2.161078714235,-6.569406563087));
#7886 = CARTESIAN_POINT('',(-2.187030838377,-6.380305005001));
#7887 = CARTESIAN_POINT('',(-2.2,-6.190121167121));
#7888 = CARTESIAN_POINT('',(-2.2,-6.));
#7889 = ( GEOMETRIC_REPRESENTATION_CONTEXT(2) 
PARAMETRIC_REPRESENTATION_CONTEXT() REPRESENTATION_CONTEXT('2D SPACE',''
  ) );
#7890 = ORIENTED_EDGE('',*,*,#7891,.T.);
#7891 = EDGE_CURVE('',#7804,#7892,#7894,.T.);
#7892 = VERTEX_POINT('',#7893);
#7893 = CARTESIAN_POINT('',(18.9,-36.79371315644,-1.266540881399));
#7894 = SURFACE_CURVE('',#7895,(#7899,#7906),.PCURVE_S1.);
#7895 = LINE('',#7896,#7897);
#7896 = CARTESIAN_POINT('',(0.,-36.79371315644,-1.266540881399));
#7897 = VECTOR('',#7898,1.);
#7898 = DIRECTION('',(1.,0.,0.));
#7899 = PCURVE('',#7623,#7900);
#7900 = DEFINITIONAL_REPRESENTATION('',(#7901),#7905);
#7901 = LINE('',#7902,#7903);
#7902 = CARTESIAN_POINT('',(3.14159265359,0.));
#7903 = VECTOR('',#7904,1.);
#7904 = DIRECTION('',(0.,-1.));
#7905 = ( GEOMETRIC_REPRESENTATION_CONTEXT(2) 
PARAMETRIC_REPRESENTATION_CONTEXT() REPRESENTATION_CONTEXT('2D SPACE',''
  ) );
#7906 = PCURVE('',#7907,#7912);
#7907 = PLANE('',#7908);
#7908 = AXIS2_PLACEMENT_3D('',#7909,#7910,#7911);
#7909 = CARTESIAN_POINT('',(0.,-26.40140831103,4.733459118601));
#7910 = DIRECTION('',(0.,0.5,-0.866025403784));
#7911 = DIRECTION('',(0.,-0.866025403784,-0.5));
#7912 = DEFINITIONAL_REPRESENTATION('',(#7913),#7917);
#7913 = LINE('',#7914,#7915);
#7914 = CARTESIAN_POINT('',(12.,0.));
#7915 = VECTOR('',#7916,1.);
#7916 = DIRECTION('',(0.,-1.));
#7917 = ( GEOMETRIC_REPRESENTATION_CONTEXT(2) 
PARAMETRIC_REPRESENTATION_CONTEXT() REPRESENTATION_CONTEXT('2D SPACE',''
  ) );
#7918 = ORIENTED_EDGE('',*,*,#7919,.F.);
#7919 = EDGE_CURVE('',#7920,#7892,#7922,.T.);
#7920 = VERTEX_POINT('',#7921);
#7921 = CARTESIAN_POINT('',(18.9,-38.71227444931,-7.00349524471));
#7922 = SURFACE_CURVE('',#7923,(#7947,#7974),.PCURVE_S1.);
#7923 = B_SPLINE_CURVE_WITH_KNOTS('',8,(#7924,#7925,#7926,#7927,#7928,
    #7929,#7930,#7931,#7932,#7933,#7934,#7935,#7936,#7937,#7938,#7939,
    #7940,#7941,#7942,#7943,#7944,#7945,#7946),.UNSPECIFIED.,.F.,.F.,(9,
    7,7,9),(0.,0.60812654743,0.761318664772,1.),.UNSPECIFIED.);
#7924 = CARTESIAN_POINT('',(18.9,-38.71227444931,-7.00349524471));
#7925 = CARTESIAN_POINT('',(18.9,-38.77086411661,-6.518486690655));
#7926 = CARTESIAN_POINT('',(18.9,-38.80628409009,-6.032136589936));
#7927 = CARTESIAN_POINT('',(18.9,-38.81655310448,-5.543889293303));
#7928 = CARTESIAN_POINT('',(18.9,-38.79852550061,-5.054749896481));
#7929 = CARTESIAN_POINT('',(18.9,-38.74825448215,-4.567230018505));
#7930 = CARTESIAN_POINT('',(18.9,-38.66077489463,-4.085453469463));
#7931 = CARTESIAN_POINT('',(18.9,-38.5306522193,-3.615057016416));
#7932 = CARTESIAN_POINT('',(18.9,-38.30490311792,-3.049796442109));
#7933 = CARTESIAN_POINT('',(18.9,-38.25633091864,-2.937350435069));
#7934 = CARTESIAN_POINT('',(18.9,-38.20451602447,-2.826354001121));
#7935 = CARTESIAN_POINT('',(18.9,-38.14936638142,-2.716982982517));
#7936 = CARTESIAN_POINT('',(18.9,-38.0907977197,-2.609432518518));
#7937 = CARTESIAN_POINT('',(18.9,-38.02873778793,-2.503914662612));
#7938 = CARTESIAN_POINT('',(18.9,-37.96313058747,-2.400655999735));
#7939 = CARTESIAN_POINT('',(18.9,-37.78613899574,-2.142904763702));
#7940 = CARTESIAN_POINT('',(18.9,-37.66958164445,-1.991891346235));
#7941 = CARTESIAN_POINT('',(18.9,-37.54419883397,-1.84788408047));
#7942 = CARTESIAN_POINT('',(18.9,-37.41005421845,-1.711907420857));
#7943 = CARTESIAN_POINT('',(18.9,-37.26737306227,-1.584950985163));
#7944 = CARTESIAN_POINT('',(18.9,-37.11658237115,-1.467925007331));
#7945 = CARTESIAN_POINT('',(18.9,-36.95836291696,-1.361601464959));
#7946 = CARTESIAN_POINT('',(18.9,-36.79371315644,-1.266540881399));
#7947 = PCURVE('',#7623,#7948);
#7948 = DEFINITIONAL_REPRESENTATION('',(#7949),#7973);
#7949 = B_SPLINE_CURVE_WITH_KNOTS('',8,(#7950,#7951,#7952,#7953,#7954,
    #7955,#7956,#7957,#7958,#7959,#7960,#7961,#7962,#7963,#7964,#7965,
    #7966,#7967,#7968,#7969,#7970,#7971,#7972),.UNSPECIFIED.,.F.,.F.,(9,
    7,7,9),(0.,0.60812654743,0.761318664772,1.),.UNSPECIFIED.);
#7950 = CARTESIAN_POINT('',(4.060166538652,-18.9));
#7951 = CARTESIAN_POINT('',(4.004737589893,-18.9));
#7952 = CARTESIAN_POINT('',(3.947912547782,-18.9));
#7953 = CARTESIAN_POINT('',(3.889260366232,-18.9));
#7954 = CARTESIAN_POINT('',(3.828416607071,-18.9));
#7955 = CARTESIAN_POINT('',(3.765068072036,-18.9));
#7956 = CARTESIAN_POINT('',(3.698873944549,-18.9));
#7957 = CARTESIAN_POINT('',(3.629492374284,-18.9));
#7958 = CARTESIAN_POINT('',(3.53784080648,-18.9));
#7959 = CARTESIAN_POINT('',(3.519171558414,-18.9));
#7960 = CARTESIAN_POINT('',(3.500271883647,-18.9));
#7961 = CARTESIAN_POINT('',(3.481140345851,-18.9));
#7962 = CARTESIAN_POINT('',(3.461777584049,-18.9));
#7963 = CARTESIAN_POINT('',(3.442186568268,-18.9));
#7964 = CARTESIAN_POINT('',(3.422372855195,-18.9));
#7965 = CARTESIAN_POINT('',(3.371140154095,-18.9));
#7966 = CARTESIAN_POINT('',(3.339398231082,-18.9));
#7967 = CARTESIAN_POINT('',(3.307173032672,-18.9));
#7968 = CARTESIAN_POINT('',(3.274529565461,-18.9));
#7969 = CARTESIAN_POINT('',(3.241545126847,-18.9));
#7970 = CARTESIAN_POINT('',(3.208312806083,-18.9));
#7971 = CARTESIAN_POINT('',(3.174947244313,-18.9));
#7972 = CARTESIAN_POINT('',(3.14159265359,-18.9));
#7973 = ( GEOMETRIC_REPRESENTATION_CONTEXT(2) 
PARAMETRIC_REPRESENTATION_CONTEXT() REPRESENTATION_CONTEXT('2D SPACE',''
  ) );
#7974 = PCURVE('',#7975,#7980);
#7975 = PLANE('',#7976);
#7976 = AXIS2_PLACEMENT_3D('',#7977,#7978,#7979);
#7977 = CARTESIAN_POINT('',(18.9,-30.49756073373,-0.171796769724));
#7978 = DIRECTION('',(1.,0.,0.));
#7979 = DIRECTION('',(0.,0.5,-0.866025403784));
#7980 = DEFINITIONAL_REPRESENTATION('',(#7981),#8005);
#7981 = B_SPLINE_CURVE_WITH_KNOTS('',8,(#7982,#7983,#7984,#7985,#7986,
    #7987,#7988,#7989,#7990,#7991,#7992,#7993,#7994,#7995,#7996,#7997,
    #7998,#7999,#8000,#8001,#8002,#8003,#8004),.UNSPECIFIED.,.F.,.F.,(9,
    7,7,9),(0.,0.60812654743,0.761318664772,1.),.UNSPECIFIED.);
#7982 = CARTESIAN_POINT('',(1.809067572544,-10.53));
#7983 = CARTESIAN_POINT('',(1.35974301003,-10.33823586325));
#7984 = CARTESIAN_POINT('',(0.920841480936,-10.12573540972));
#7985 = CARTESIAN_POINT('',(0.492872411525,-9.890504988747));
#7986 = CARTESIAN_POINT('',(7.827906981997E-02,-9.630322927416));
#7987 = CARTESIAN_POINT('',(-0.318790020124,-9.343027009361));
#7988 = CARTESIAN_POINT('',(-0.692280956781,-9.026379189735));
#7989 = CARTESIAN_POINT('',(-1.034594897305,-8.678491420768));
#7990 = CARTESIAN_POINT('',(-1.411250363727,-8.200356676943));
#7991 = CARTESIAN_POINT('',(-1.484345362735,-8.102068914926));
#7992 = CARTESIAN_POINT('',(-1.55456364718,-8.001697683307));
#7993 = CARTESIAN_POINT('',(-1.621706906204,-7.899251182116));
#7994 = CARTESIAN_POINT('',(-1.685564009353,-7.794754001195));
#7995 = CARTESIAN_POINT('',(-1.745915187239,-7.688249595779));
#7996 = CARTESIAN_POINT('',(-1.802536212221,-7.579802762071));
#7997 = CARTESIAN_POINT('',(-1.937259534613,-7.297647929353));
#7998 = CARTESIAN_POINT('',(-2.009762314807,-7.121199593405));
#7999 = CARTESIAN_POINT('',(-2.07178486005,-6.94061126145));
#8000 = CARTESIAN_POINT('',(-2.122471793838,-6.756450286824));
#8001 = CARTESIAN_POINT('',(-2.161078714235,-6.569406563087));
#8002 = CARTESIAN_POINT('',(-2.187030838377,-6.380305005001));
#8003 = CARTESIAN_POINT('',(-2.2,-6.190121167121));
#8004 = CARTESIAN_POINT('',(-2.2,-6.));
#8005 = ( GEOMETRIC_REPRESENTATION_CONTEXT(2) 
PARAMETRIC_REPRESENTATION_CONTEXT() REPRESENTATION_CONTEXT('2D SPACE',''
  ) );
#8006 = ORIENTED_EDGE('',*,*,#8007,.F.);
#8007 = EDGE_CURVE('',#8008,#7920,#8010,.T.);
#8008 = VERTEX_POINT('',#8009);
#8009 = CARTESIAN_POINT('',(22.1,-38.71227444931,-7.00349524471));
#8010 = SURFACE_CURVE('',#8011,(#8018,#8028),.PCURVE_S1.);
#8011 = B_SPLINE_CURVE_WITH_KNOTS('',5,(#8012,#8013,#8014,#8015,#8016,
    #8017),.UNSPECIFIED.,.F.,.F.,(6,6),(0.,1.),
  .PIECEWISE_BEZIER_KNOTS.);
#8012 = CARTESIAN_POINT('',(22.1,-38.71227444931,-7.00349524471));
#8013 = CARTESIAN_POINT('',(21.495424863061,-38.71227444931,
    -7.00349524471));
#8014 = CARTESIAN_POINT('',(20.867396244205,-38.71227444931,
    -7.00349524471));
#8015 = CARTESIAN_POINT('',(20.122666941681,-38.71227444931,
    -7.00349524471));
#8016 = CARTESIAN_POINT('',(19.361098788763,-38.71227444931,
    -7.00349524471));
#8017 = CARTESIAN_POINT('',(18.9,-38.71227444931,-7.00349524471));
#8018 = PCURVE('',#7623,#8019);
#8019 = DEFINITIONAL_REPRESENTATION('',(#8020),#8027);
#8020 = B_SPLINE_CURVE_WITH_KNOTS('',5,(#8021,#8022,#8023,#8024,#8025,
    #8026),.UNSPECIFIED.,.F.,.F.,(6,6),(0.,1.),
  .PIECEWISE_BEZIER_KNOTS.);
#8021 = CARTESIAN_POINT('',(4.060166538652,-22.1));
#8022 = CARTESIAN_POINT('',(4.060166538652,-21.49542486306));
#8023 = CARTESIAN_POINT('',(4.060166538652,-20.8673962442));
#8024 = CARTESIAN_POINT('',(4.060166538652,-20.12266694168));
#8025 = CARTESIAN_POINT('',(4.060166538652,-19.36109878876));
#8026 = CARTESIAN_POINT('',(4.060166538652,-18.9));
#8027 = ( GEOMETRIC_REPRESENTATION_CONTEXT(2) 
PARAMETRIC_REPRESENTATION_CONTEXT() REPRESENTATION_CONTEXT('2D SPACE',''
  ) );
#8028 = PCURVE('',#8029,#8034);
#8029 = PLANE('',#8030);
#8030 = AXIS2_PLACEMENT_3D('',#8031,#8032,#8033);
#8031 = CARTESIAN_POINT('',(18.9,-41.11680823558,-2.838720558371));
#8032 = DIRECTION('',(0.,0.866025403784,0.5));
#8033 = DIRECTION('',(0.,0.5,-0.866025403784));
#8034 = DEFINITIONAL_REPRESENTATION('',(#8035),#8042);
#8035 = B_SPLINE_CURVE_WITH_KNOTS('',5,(#8036,#8037,#8038,#8039,#8040,
    #8041),.UNSPECIFIED.,.F.,.F.,(6,6),(0.,1.),
  .PIECEWISE_BEZIER_KNOTS.);
#8036 = CARTESIAN_POINT('',(4.809067572544,-3.2));
#8037 = CARTESIAN_POINT('',(4.809067572544,-2.595424863061));
#8038 = CARTESIAN_POINT('',(4.809067572544,-1.967396244205));
#8039 = CARTESIAN_POINT('',(4.809067572544,-1.222666941681));
#8040 = CARTESIAN_POINT('',(4.809067572544,-0.461098788763));
#8041 = CARTESIAN_POINT('',(4.809067572544,0.));
#8042 = ( GEOMETRIC_REPRESENTATION_CONTEXT(2) 
PARAMETRIC_REPRESENTATION_CONTEXT() REPRESENTATION_CONTEXT('2D SPACE',''
  ) );
#8043 = ORIENTED_EDGE('',*,*,#8044,.T.);
#8044 = EDGE_CURVE('',#8008,#8045,#8047,.T.);
#8045 = VERTEX_POINT('',#8046);
#8046 = CARTESIAN_POINT('',(22.1,-36.79371315644,-1.266540881399));
#8047 = SURFACE_CURVE('',#8048,(#8072,#8099),.PCURVE_S1.);
#8048 = B_SPLINE_CURVE_WITH_KNOTS('',8,(#8049,#8050,#8051,#8052,#8053,
    #8054,#8055,#8056,#8057,#8058,#8059,#8060,#8061,#8062,#8063,#8064,
    #8065,#8066,#8067,#8068,#8069,#8070,#8071),.UNSPECIFIED.,.F.,.F.,(9,
    7,7,9),(0.,0.60812654743,0.761318664772,1.),.UNSPECIFIED.);
#8049 = CARTESIAN_POINT('',(22.1,-38.71227444931,-7.00349524471));
#8050 = CARTESIAN_POINT('',(22.1,-38.77086411661,-6.518486690655));
#8051 = CARTESIAN_POINT('',(22.1,-38.80628409009,-6.032136589936));
#8052 = CARTESIAN_POINT('',(22.1,-38.81655310448,-5.543889293303));
#8053 = CARTESIAN_POINT('',(22.1,-38.79852550061,-5.054749896481));
#8054 = CARTESIAN_POINT('',(22.1,-38.74825448215,-4.567230018505));
#8055 = CARTESIAN_POINT('',(22.1,-38.66077489463,-4.085453469463));
#8056 = CARTESIAN_POINT('',(22.1,-38.5306522193,-3.615057016416));
#8057 = CARTESIAN_POINT('',(22.1,-38.30490311792,-3.049796442109));
#8058 = CARTESIAN_POINT('',(22.1,-38.25633091864,-2.937350435069));
#8059 = CARTESIAN_POINT('',(22.1,-38.20451602447,-2.826354001121));
#8060 = CARTESIAN_POINT('',(22.1,-38.14936638142,-2.716982982517));
#8061 = CARTESIAN_POINT('',(22.1,-38.0907977197,-2.609432518518));
#8062 = CARTESIAN_POINT('',(22.1,-38.02873778793,-2.503914662612));
#8063 = CARTESIAN_POINT('',(22.1,-37.96313058747,-2.400655999735));
#8064 = CARTESIAN_POINT('',(22.1,-37.78613899574,-2.142904763702));
#8065 = CARTESIAN_POINT('',(22.1,-37.66958164445,-1.991891346235));
#8066 = CARTESIAN_POINT('',(22.1,-37.54419883397,-1.84788408047));
#8067 = CARTESIAN_POINT('',(22.1,-37.41005421845,-1.711907420857));
#8068 = CARTESIAN_POINT('',(22.1,-37.26737306227,-1.584950985163));
#8069 = CARTESIAN_POINT('',(22.1,-37.11658237115,-1.467925007331));
#8070 = CARTESIAN_POINT('',(22.1,-36.95836291696,-1.361601464959));
#8071 = CARTESIAN_POINT('',(22.1,-36.79371315644,-1.266540881399));
#8072 = PCURVE('',#7623,#8073);
#8073 = DEFINITIONAL_REPRESENTATION('',(#8074),#8098);
#8074 = B_SPLINE_CURVE_WITH_KNOTS('',8,(#8075,#8076,#8077,#8078,#8079,
    #8080,#8081,#8082,#8083,#8084,#8085,#8086,#8087,#8088,#8089,#8090,
    #8091,#8092,#8093,#8094,#8095,#8096,#8097),.UNSPECIFIED.,.F.,.F.,(9,
    7,7,9),(0.,0.60812654743,0.761318664772,1.),.UNSPECIFIED.);
#8075 = CARTESIAN_POINT('',(4.060166538652,-22.1));
#8076 = CARTESIAN_POINT('',(4.004737589893,-22.1));
#8077 = CARTESIAN_POINT('',(3.947912547782,-22.1));
#8078 = CARTESIAN_POINT('',(3.889260366232,-22.1));
#8079 = CARTESIAN_POINT('',(3.828416607071,-22.1));
#8080 = CARTESIAN_POINT('',(3.765068072036,-22.1));
#8081 = CARTESIAN_POINT('',(3.698873944549,-22.1));
#8082 = CARTESIAN_POINT('',(3.629492374284,-22.1));
#8083 = CARTESIAN_POINT('',(3.53784080648,-22.1));
#8084 = CARTESIAN_POINT('',(3.519171558414,-22.1));
#8085 = CARTESIAN_POINT('',(3.500271883647,-22.1));
#8086 = CARTESIAN_POINT('',(3.481140345851,-22.1));
#8087 = CARTESIAN_POINT('',(3.461777584049,-22.1));
#8088 = CARTESIAN_POINT('',(3.442186568268,-22.1));
#8089 = CARTESIAN_POINT('',(3.422372855195,-22.1));
#8090 = CARTESIAN_POINT('',(3.371140154095,-22.1));
#8091 = CARTESIAN_POINT('',(3.339398231082,-22.1));
#8092 = CARTESIAN_POINT('',(3.307173032672,-22.1));
#8093 = CARTESIAN_POINT('',(3.274529565461,-22.1));
#8094 = CARTESIAN_POINT('',(3.241545126847,-22.1));
#8095 = CARTESIAN_POINT('',(3.208312806083,-22.1));
#8096 = CARTESIAN_POINT('',(3.174947244313,-22.1));
#8097 = CARTESIAN_POINT('',(3.14159265359,-22.1));
#8098 = ( GEOMETRIC_REPRESENTATION_CONTEXT(2) 
PARAMETRIC_REPRESENTATION_CONTEXT() REPRESENTATION_CONTEXT('2D SPACE',''
  ) );
#8099 = PCURVE('',#8100,#8105);
#8100 = PLANE('',#8101);
#8101 = AXIS2_PLACEMENT_3D('',#8102,#8103,#8104);
#8102 = CARTESIAN_POINT('',(22.1,-30.49756073373,-0.171796769724));
#8103 = DIRECTION('',(1.,0.,0.));
#8104 = DIRECTION('',(0.,0.5,-0.866025403784));
#8105 = DEFINITIONAL_REPRESENTATION('',(#8106),#8130);
#8106 = B_SPLINE_CURVE_WITH_KNOTS('',8,(#8107,#8108,#8109,#8110,#8111,
    #8112,#8113,#8114,#8115,#8116,#8117,#8118,#8119,#8120,#8121,#8122,
    #8123,#8124,#8125,#8126,#8127,#8128,#8129),.UNSPECIFIED.,.F.,.F.,(9,
    7,7,9),(0.,0.60812654743,0.761318664772,1.),.UNSPECIFIED.);
#8107 = CARTESIAN_POINT('',(1.809067572544,-10.53));
#8108 = CARTESIAN_POINT('',(1.35974301003,-10.33823586325));
#8109 = CARTESIAN_POINT('',(0.920841480936,-10.12573540972));
#8110 = CARTESIAN_POINT('',(0.492872411525,-9.890504988747));
#8111 = CARTESIAN_POINT('',(7.827906981997E-02,-9.630322927416));
#8112 = CARTESIAN_POINT('',(-0.318790020124,-9.343027009361));
#8113 = CARTESIAN_POINT('',(-0.692280956781,-9.026379189735));
#8114 = CARTESIAN_POINT('',(-1.034594897305,-8.678491420768));
#8115 = CARTESIAN_POINT('',(-1.411250363727,-8.200356676943));
#8116 = CARTESIAN_POINT('',(-1.484345362735,-8.102068914926));
#8117 = CARTESIAN_POINT('',(-1.55456364718,-8.001697683307));
#8118 = CARTESIAN_POINT('',(-1.621706906204,-7.899251182116));
#8119 = CARTESIAN_POINT('',(-1.685564009353,-7.794754001195));
#8120 = CARTESIAN_POINT('',(-1.745915187239,-7.688249595779));
#8121 = CARTESIAN_POINT('',(-1.802536212221,-7.579802762071));
#8122 = CARTESIAN_POINT('',(-1.937259534613,-7.297647929353));
#8123 = CARTESIAN_POINT('',(-2.009762314807,-7.121199593405));
#8124 = CARTESIAN_POINT('',(-2.07178486005,-6.94061126145));
#8125 = CARTESIAN_POINT('',(-2.122471793838,-6.756450286824));
#8126 = CARTESIAN_POINT('',(-2.161078714235,-6.569406563087));
#8127 = CARTESIAN_POINT('',(-2.187030838377,-6.380305005001));
#8128 = CARTESIAN_POINT('',(-2.2,-6.190121167121));
#8129 = CARTESIAN_POINT('',(-2.2,-6.));
#8130 = ( GEOMETRIC_REPRESENTATION_CONTEXT(2) 
PARAMETRIC_REPRESENTATION_CONTEXT() REPRESENTATION_CONTEXT('2D SPACE',''
  ) );
#8131 = ORIENTED_EDGE('',*,*,#8132,.T.);
#8132 = EDGE_CURVE('',#8045,#8133,#8135,.T.);
#8133 = VERTEX_POINT('',#8134);
#8134 = CARTESIAN_POINT('',(24.,-36.79371315644,-1.266540881399));
#8135 = SURFACE_CURVE('',#8136,(#8140,#8147),.PCURVE_S1.);
#8136 = LINE('',#8137,#8138);
#8137 = CARTESIAN_POINT('',(0.,-36.79371315644,-1.266540881399));
#8138 = VECTOR('',#8139,1.);
#8139 = DIRECTION('',(1.,0.,0.));
#8140 = PCURVE('',#7623,#8141);
#8141 = DEFINITIONAL_REPRESENTATION('',(#8142),#8146);
#8142 = LINE('',#8143,#8144);
#8143 = CARTESIAN_POINT('',(3.14159265359,0.));
#8144 = VECTOR('',#8145,1.);
#8145 = DIRECTION('',(0.,-1.));
#8146 = ( GEOMETRIC_REPRESENTATION_CONTEXT(2) 
PARAMETRIC_REPRESENTATION_CONTEXT() REPRESENTATION_CONTEXT('2D SPACE',''
  ) );
#8147 = PCURVE('',#8148,#8153);
#8148 = PLANE('',#8149);
#8149 = AXIS2_PLACEMENT_3D('',#8150,#8151,#8152);
#8150 = CARTESIAN_POINT('',(0.,-26.40140831103,4.733459118601));
#8151 = DIRECTION('',(0.,0.5,-0.866025403784));
#8152 = DIRECTION('',(0.,-0.866025403784,-0.5));
#8153 = DEFINITIONAL_REPRESENTATION('',(#8154),#8158);
#8154 = LINE('',#8155,#8156);
#8155 = CARTESIAN_POINT('',(12.,0.));
#8156 = VECTOR('',#8157,1.);
#8157 = DIRECTION('',(0.,-1.));
#8158 = ( GEOMETRIC_REPRESENTATION_CONTEXT(2) 
PARAMETRIC_REPRESENTATION_CONTEXT() REPRESENTATION_CONTEXT('2D SPACE',''
  ) );
#8159 = ORIENTED_EDGE('',*,*,#8160,.T.);
#8160 = EDGE_CURVE('',#8133,#8161,#8163,.T.);
#8161 = VERTEX_POINT('',#8162);
#8162 = CARTESIAN_POINT('',(24.,-36.63005795801,-12.95));
#8163 = SURFACE_CURVE('',#8164,(#8169,#8176),.PCURVE_S1.);
#8164 = ELLIPSE('',#8165,10.2,5.7);
#8165 = AXIS2_PLACEMENT_3D('',#8166,#8167,#8168);
#8166 = CARTESIAN_POINT('',(24.,-31.69371315644,-10.1));
#8167 = DIRECTION('',(1.,-0.,0.));
#8168 = DIRECTION('',(0.,0.5,-0.866025403784));
#8169 = PCURVE('',#7623,#8170);
#8170 = DEFINITIONAL_REPRESENTATION('',(#8171),#8175);
#8171 = LINE('',#8172,#8173);
#8172 = CARTESIAN_POINT('',(0.,-24.));
#8173 = VECTOR('',#8174,1.);
#8174 = DIRECTION('',(1.,0.));
#8175 = ( GEOMETRIC_REPRESENTATION_CONTEXT(2) 
PARAMETRIC_REPRESENTATION_CONTEXT() REPRESENTATION_CONTEXT('2D SPACE',''
  ) );
#8176 = PCURVE('',#8177,#8182);
#8177 = PLANE('',#8178);
#8178 = AXIS2_PLACEMENT_3D('',#8179,#8180,#8181);
#8179 = CARTESIAN_POINT('',(24.,-26.49756073373,-7.1));
#8180 = DIRECTION('',(1.,0.,0.));
#8181 = DIRECTION('',(0.,0.5,-0.866025403784));
#8182 = DEFINITIONAL_REPRESENTATION('',(#8183),#8187);
#8183 = ELLIPSE('',#8184,10.2,5.7);
#8184 = AXIS2_PLACEMENT_2D('',#8185,#8186);
#8185 = CARTESIAN_POINT('',(0.,-6.));
#8186 = DIRECTION('',(1.,-1.110223024625E-16));
#8187 = ( GEOMETRIC_REPRESENTATION_CONTEXT(2) 
PARAMETRIC_REPRESENTATION_CONTEXT() REPRESENTATION_CONTEXT('2D SPACE',''
  ) );
#8188 = ORIENTED_EDGE('',*,*,#8189,.F.);
#8189 = EDGE_CURVE('',#8190,#8161,#8192,.T.);
#8190 = VERTEX_POINT('',#8191);
#8191 = CARTESIAN_POINT('',(22.,-36.63005795801,-12.95));
#8192 = SURFACE_CURVE('',#8193,(#8197,#8204),.PCURVE_S1.);
#8193 = LINE('',#8194,#8195);
#8194 = CARTESIAN_POINT('',(0.,-36.63005795801,-12.95));
#8195 = VECTOR('',#8196,1.);
#8196 = DIRECTION('',(1.,0.,0.));
#8197 = PCURVE('',#7623,#8198);
#8198 = DEFINITIONAL_REPRESENTATION('',(#8199),#8203);
#8199 = LINE('',#8200,#8201);
#8200 = CARTESIAN_POINT('',(4.712388980385,0.));
#8201 = VECTOR('',#8202,1.);
#8202 = DIRECTION('',(0.,-1.));
#8203 = ( GEOMETRIC_REPRESENTATION_CONTEXT(2) 
PARAMETRIC_REPRESENTATION_CONTEXT() REPRESENTATION_CONTEXT('2D SPACE',''
  ) );
#8204 = PCURVE('',#8205,#8210);
#8205 = PLANE('',#8206);
#8206 = AXIS2_PLACEMENT_3D('',#8207,#8208,#8209);
#8207 = CARTESIAN_POINT('',(-72.,35.856268338741,28.9));
#8208 = DIRECTION('',(0.,0.5,-0.866025403784));
#8209 = DIRECTION('',(1.,0.,0.));
#8210 = DEFINITIONAL_REPRESENTATION('',(#8211),#8215);
#8211 = LINE('',#8212,#8213);
#8212 = CARTESIAN_POINT('',(72.,83.7));
#8213 = VECTOR('',#8214,1.);
#8214 = DIRECTION('',(1.,0.));
#8215 = ( GEOMETRIC_REPRESENTATION_CONTEXT(2) 
PARAMETRIC_REPRESENTATION_CONTEXT() REPRESENTATION_CONTEXT('2D SPACE',''
  ) );
#8216 = ORIENTED_EDGE('',*,*,#8217,.T.);
#8217 = EDGE_CURVE('',#8190,#8218,#8220,.T.);
#8218 = VERTEX_POINT('',#8219);
#8219 = CARTESIAN_POINT('',(22.,-37.9117195972,-10.22586607726));
#8220 = SURFACE_CURVE('',#8221,(#8229,#8240),.PCURVE_S1.);
#8221 = B_SPLINE_CURVE_WITH_KNOTS('',6,(#8222,#8223,#8224,#8225,#8226,
    #8227,#8228),.UNSPECIFIED.,.F.,.F.,(7,7),(0.,1.),
  .PIECEWISE_BEZIER_KNOTS.);
#8222 = CARTESIAN_POINT('',(22.,-36.63005795801,-12.95));
#8223 = CARTESIAN_POINT('',(22.,-36.88126956064,-12.5148887408));
#8224 = CARTESIAN_POINT('',(22.,-37.11809457562,-12.07150418976));
#8225 = CARTESIAN_POINT('',(22.,-37.34021620749,-11.62040353144));
#8226 = CARTESIAN_POINT('',(22.,-37.54708068293,-11.16210621301));
#8227 = CARTESIAN_POINT('',(22.,-37.73793677657,-10.69711479843));
#8228 = CARTESIAN_POINT('',(22.,-37.9117195972,-10.22586607726));
#8229 = PCURVE('',#7623,#8230);
#8230 = DEFINITIONAL_REPRESENTATION('',(#8231),#8239);
#8231 = B_SPLINE_CURVE_WITH_KNOTS('',6,(#8232,#8233,#8234,#8235,#8236,
    #8237,#8238),.UNSPECIFIED.,.F.,.F.,(7,7),(0.,1.),
  .PIECEWISE_BEZIER_KNOTS.);
#8232 = CARTESIAN_POINT('',(4.712388980385,-22.));
#8233 = CARTESIAN_POINT('',(4.6631318034,-22.));
#8234 = CARTESIAN_POINT('',(4.613877401004,-22.));
#8235 = CARTESIAN_POINT('',(4.564473602603,-22.));
#8236 = CARTESIAN_POINT('',(4.514776101449,-22.));
#8237 = CARTESIAN_POINT('',(4.464632490677,-22.));
#8238 = CARTESIAN_POINT('',(4.413856760622,-22.));
#8239 = ( GEOMETRIC_REPRESENTATION_CONTEXT(2) 
PARAMETRIC_REPRESENTATION_CONTEXT() REPRESENTATION_CONTEXT('2D SPACE',''
  ) );
#8240 = PCURVE('',#8241,#8246);
#8241 = PLANE('',#8242);
#8242 = AXIS2_PLACEMENT_3D('',#8243,#8244,#8245);
#8243 = CARTESIAN_POINT('',(22.,-37.87025033688,-10.20192378864));
#8244 = DIRECTION('',(1.,0.,0.));
#8245 = DIRECTION('',(0.,0.5,-0.866025403784));
#8246 = DEFINITIONAL_REPRESENTATION('',(#8247),#8255);
#8247 = B_SPLINE_CURVE_WITH_KNOTS('',6,(#8248,#8249,#8250,#8251,#8252,
    #8253,#8254),.UNSPECIFIED.,.F.,.F.,(7,7),(0.,1.),
  .PIECEWISE_BEZIER_KNOTS.);
#8248 = CARTESIAN_POINT('',(3.,-0.3));
#8249 = CARTESIAN_POINT('',(2.497576794751,-0.3));
#8250 = CARTESIAN_POINT('',(1.995182002416,-0.283404203706));
#8251 = CARTESIAN_POINT('',(1.49345655671,-0.250216850479));
#8252 = CARTESIAN_POINT('',(0.993127198748,-0.200218082133));
#8253 = CARTESIAN_POINT('',(0.495004774357,-0.133008600399));
#8254 = CARTESIAN_POINT('',(0.,-4.788457722648E-02));
#8255 = ( GEOMETRIC_REPRESENTATION_CONTEXT(2) 
PARAMETRIC_REPRESENTATION_CONTEXT() REPRESENTATION_CONTEXT('2D SPACE',''
  ) );
#8256 = ORIENTED_EDGE('',*,*,#8257,.T.);
#8257 = EDGE_CURVE('',#8218,#8258,#8260,.T.);
#8258 = VERTEX_POINT('',#8259);
#8259 = CARTESIAN_POINT('',(2.,-37.9117195972,-10.22586607726));
#8260 = SURFACE_CURVE('',#8261,(#8267,#8276),.PCURVE_S1.);
#8261 = B_SPLINE_CURVE_WITH_KNOTS('',4,(#8262,#8263,#8264,#8265,#8266),
  .UNSPECIFIED.,.F.,.F.,(5,5),(0.,1.),.PIECEWISE_BEZIER_KNOTS.);
#8262 = CARTESIAN_POINT('',(22.,-37.9117195972,-10.22586607726));
#8263 = CARTESIAN_POINT('',(17.,-37.9117195972,-10.22586607726));
#8264 = CARTESIAN_POINT('',(12.,-37.9117195972,-10.22586607726));
#8265 = CARTESIAN_POINT('',(7.,-37.9117195972,-10.22586607726));
#8266 = CARTESIAN_POINT('',(2.,-37.9117195972,-10.22586607726));
#8267 = PCURVE('',#7623,#8268);
#8268 = DEFINITIONAL_REPRESENTATION('',(#8269),#8275);
#8269 = B_SPLINE_CURVE_WITH_KNOTS('',4,(#8270,#8271,#8272,#8273,#8274),
  .UNSPECIFIED.,.F.,.F.,(5,5),(0.,1.),.PIECEWISE_BEZIER_KNOTS.);
#8270 = CARTESIAN_POINT('',(4.4138567792,-22.));
#8271 = CARTESIAN_POINT('',(4.4138567792,-17.));
#8272 = CARTESIAN_POINT('',(4.4138567792,-12.));
#8273 = CARTESIAN_POINT('',(4.4138567792,-7.));
#8274 = CARTESIAN_POINT('',(4.4138567792,-2.));
#8275 = ( GEOMETRIC_REPRESENTATION_CONTEXT(2) 
PARAMETRIC_REPRESENTATION_CONTEXT() REPRESENTATION_CONTEXT('2D SPACE',''
  ) );
#8276 = PCURVE('',#8277,#8282);
#8277 = PLANE('',#8278);
#8278 = AXIS2_PLACEMENT_3D('',#8279,#8280,#8281);
#8279 = CARTESIAN_POINT('',(2.,-37.87025033688,-10.20192378864));
#8280 = DIRECTION('',(0.,0.5,-0.866025403784));
#8281 = DIRECTION('',(1.,0.,0.));
#8282 = DEFINITIONAL_REPRESENTATION('',(#8283),#8289);
#8283 = B_SPLINE_CURVE_WITH_KNOTS('',4,(#8284,#8285,#8286,#8287,#8288),
  .UNSPECIFIED.,.F.,.F.,(5,5),(0.,1.),.PIECEWISE_BEZIER_KNOTS.);
#8284 = CARTESIAN_POINT('',(20.,4.788457722646E-02));
#8285 = CARTESIAN_POINT('',(15.,4.788457722646E-02));
#8286 = CARTESIAN_POINT('',(10.,4.788457722646E-02));
#8287 = CARTESIAN_POINT('',(5.,4.788457722646E-02));
#8288 = CARTESIAN_POINT('',(0.,4.788457722646E-02));
#8289 = ( GEOMETRIC_REPRESENTATION_CONTEXT(2) 
PARAMETRIC_REPRESENTATION_CONTEXT() REPRESENTATION_CONTEXT('2D SPACE',''
  ) );
#8290 = ORIENTED_EDGE('',*,*,#8291,.F.);
#8291 = EDGE_CURVE('',#8292,#8258,#8294,.T.);
#8292 = VERTEX_POINT('',#8293);
#8293 = CARTESIAN_POINT('',(2.,-36.63005795801,-12.95));
#8294 = SURFACE_CURVE('',#8295,(#8303,#8314),.PCURVE_S1.);
#8295 = B_SPLINE_CURVE_WITH_KNOTS('',6,(#8296,#8297,#8298,#8299,#8300,
    #8301,#8302),.UNSPECIFIED.,.F.,.F.,(7,7),(0.,1.),
  .PIECEWISE_BEZIER_KNOTS.);
#8296 = CARTESIAN_POINT('',(2.,-36.63005795801,-12.95));
#8297 = CARTESIAN_POINT('',(2.,-36.88126956064,-12.5148887408));
#8298 = CARTESIAN_POINT('',(2.,-37.11809457562,-12.07150418976));
#8299 = CARTESIAN_POINT('',(2.,-37.34021620749,-11.62040353144));
#8300 = CARTESIAN_POINT('',(2.,-37.54708068293,-11.16210621301));
#8301 = CARTESIAN_POINT('',(2.,-37.73793677657,-10.69711479843));
#8302 = CARTESIAN_POINT('',(2.,-37.9117195972,-10.22586607726));
#8303 = PCURVE('',#7623,#8304);
#8304 = DEFINITIONAL_REPRESENTATION('',(#8305),#8313);
#8305 = B_SPLINE_CURVE_WITH_KNOTS('',6,(#8306,#8307,#8308,#8309,#8310,
    #8311,#8312),.UNSPECIFIED.,.F.,.F.,(7,7),(0.,1.),
  .PIECEWISE_BEZIER_KNOTS.);
#8306 = CARTESIAN_POINT('',(4.712388980385,-2.));
#8307 = CARTESIAN_POINT('',(4.6631318034,-2.));
#8308 = CARTESIAN_POINT('',(4.613877401004,-2.));
#8309 = CARTESIAN_POINT('',(4.564473602603,-2.));
#8310 = CARTESIAN_POINT('',(4.514776101449,-2.));
#8311 = CARTESIAN_POINT('',(4.464632490677,-2.));
#8312 = CARTESIAN_POINT('',(4.413856760622,-2.));
#8313 = ( GEOMETRIC_REPRESENTATION_CONTEXT(2) 
PARAMETRIC_REPRESENTATION_CONTEXT() REPRESENTATION_CONTEXT('2D SPACE',''
  ) );
#8314 = PCURVE('',#8315,#8320);
#8315 = PLANE('',#8316);
#8316 = AXIS2_PLACEMENT_3D('',#8317,#8318,#8319);
#8317 = CARTESIAN_POINT('',(2.,-37.87025033688,-10.20192378864));
#8318 = DIRECTION('',(1.,0.,0.));
#8319 = DIRECTION('',(0.,0.5,-0.866025403784));
#8320 = DEFINITIONAL_REPRESENTATION('',(#8321),#8329);
#8321 = B_SPLINE_CURVE_WITH_KNOTS('',6,(#8322,#8323,#8324,#8325,#8326,
    #8327,#8328),.UNSPECIFIED.,.F.,.F.,(7,7),(0.,1.),
  .PIECEWISE_BEZIER_KNOTS.);
#8322 = CARTESIAN_POINT('',(3.,-0.3));
#8323 = CARTESIAN_POINT('',(2.497576794751,-0.3));
#8324 = CARTESIAN_POINT('',(1.995182002416,-0.283404203706));
#8325 = CARTESIAN_POINT('',(1.49345655671,-0.250216850479));
#8326 = CARTESIAN_POINT('',(0.993127198748,-0.200218082133));
#8327 = CARTESIAN_POINT('',(0.495004774357,-0.133008600399));
#8328 = CARTESIAN_POINT('',(0.,-4.788457722648E-02));
#8329 = ( GEOMETRIC_REPRESENTATION_CONTEXT(2) 
PARAMETRIC_REPRESENTATION_CONTEXT() REPRESENTATION_CONTEXT('2D SPACE',''
  ) );
#8330 = ORIENTED_EDGE('',*,*,#8331,.F.);
#8331 = EDGE_CURVE('',#7614,#8292,#8332,.T.);
#8332 = SURFACE_CURVE('',#8333,(#8337,#8344),.PCURVE_S1.);
#8333 = LINE('',#8334,#8335);
#8334 = CARTESIAN_POINT('',(0.,-36.63005795801,-12.95));
#8335 = VECTOR('',#8336,1.);
#8336 = DIRECTION('',(1.,0.,0.));
#8337 = PCURVE('',#7623,#8338);
#8338 = DEFINITIONAL_REPRESENTATION('',(#8339),#8343);
#8339 = LINE('',#8340,#8341);
#8340 = CARTESIAN_POINT('',(4.712388980385,0.));
#8341 = VECTOR('',#8342,1.);
#8342 = DIRECTION('',(0.,-1.));
#8343 = ( GEOMETRIC_REPRESENTATION_CONTEXT(2) 
PARAMETRIC_REPRESENTATION_CONTEXT() REPRESENTATION_CONTEXT('2D SPACE',''
  ) );
#8344 = PCURVE('',#8205,#8345);
#8345 = DEFINITIONAL_REPRESENTATION('',(#8346),#8350);
#8346 = LINE('',#8347,#8348);
#8347 = CARTESIAN_POINT('',(72.,83.7));
#8348 = VECTOR('',#8349,1.);
#8349 = DIRECTION('',(1.,0.));
#8350 = ( GEOMETRIC_REPRESENTATION_CONTEXT(2) 
PARAMETRIC_REPRESENTATION_CONTEXT() REPRESENTATION_CONTEXT('2D SPACE',''
  ) );
#8351 = ADVANCED_FACE('',(#8352),#7638,.F.);
#8352 = FACE_BOUND('',#8353,.F.);
#8353 = EDGE_LOOP('',(#8354,#8377,#8378,#8401,#8537,#8565,#8593,#8621,
    #8649,#8677,#8831,#8859));
#8354 = ORIENTED_EDGE('',*,*,#8355,.T.);
#8355 = EDGE_CURVE('',#8356,#7612,#8358,.T.);
#8356 = VERTEX_POINT('',#8357);
#8357 = CARTESIAN_POINT('',(0.,-26.40140831103,4.733459118601));
#8358 = SURFACE_CURVE('',#8359,(#8363,#8370),.PCURVE_S1.);
#8359 = LINE('',#8360,#8361);
#8360 = CARTESIAN_POINT('',(0.,-26.40140831103,4.733459118601));
#8361 = VECTOR('',#8362,1.);
#8362 = DIRECTION('',(0.,-0.866025403784,-0.5));
#8363 = PCURVE('',#7638,#8364);
#8364 = DEFINITIONAL_REPRESENTATION('',(#8365),#8369);
#8365 = LINE('',#8366,#8367);
#8366 = CARTESIAN_POINT('',(-10.2,6.));
#8367 = VECTOR('',#8368,1.);
#8368 = DIRECTION('',(0.,-1.));
#8369 = ( GEOMETRIC_REPRESENTATION_CONTEXT(2) 
PARAMETRIC_REPRESENTATION_CONTEXT() REPRESENTATION_CONTEXT('2D SPACE',''
  ) );
#8370 = PCURVE('',#7666,#8371);
#8371 = DEFINITIONAL_REPRESENTATION('',(#8372),#8376);
#8372 = LINE('',#8373,#8374);
#8373 = CARTESIAN_POINT('',(0.,0.));
#8374 = VECTOR('',#8375,1.);
#8375 = DIRECTION('',(1.,0.));
#8376 = ( GEOMETRIC_REPRESENTATION_CONTEXT(2) 
PARAMETRIC_REPRESENTATION_CONTEXT() REPRESENTATION_CONTEXT('2D SPACE',''
  ) );
#8377 = ORIENTED_EDGE('',*,*,#7611,.T.);
#8378 = ORIENTED_EDGE('',*,*,#8379,.T.);
#8379 = EDGE_CURVE('',#7614,#8380,#8382,.T.);
#8380 = VERTEX_POINT('',#8381);
#8381 = CARTESIAN_POINT('',(0.,-34.72480206969,-11.85));
#8382 = SURFACE_CURVE('',#8383,(#8387,#8394),.PCURVE_S1.);
#8383 = LINE('',#8384,#8385);
#8384 = CARTESIAN_POINT('',(0.,4.679353802501,10.9));
#8385 = VECTOR('',#8386,1.);
#8386 = DIRECTION('',(0.,0.866025403784,0.5));
#8387 = PCURVE('',#7638,#8388);
#8388 = DEFINITIONAL_REPRESENTATION('',(#8389),#8393);
#8389 = LINE('',#8390,#8391);
#8390 = CARTESIAN_POINT('',(1.7763568394E-15,36.));
#8391 = VECTOR('',#8392,1.);
#8392 = DIRECTION('',(0.,1.));
#8393 = ( GEOMETRIC_REPRESENTATION_CONTEXT(2) 
PARAMETRIC_REPRESENTATION_CONTEXT() REPRESENTATION_CONTEXT('2D SPACE',''
  ) );
#8394 = PCURVE('',#8205,#8395);
#8395 = DEFINITIONAL_REPRESENTATION('',(#8396),#8400);
#8396 = LINE('',#8397,#8398);
#8397 = CARTESIAN_POINT('',(72.,36.));
#8398 = VECTOR('',#8399,1.);
#8399 = DIRECTION('',(0.,-1.));
#8400 = ( GEOMETRIC_REPRESENTATION_CONTEXT(2) 
PARAMETRIC_REPRESENTATION_CONTEXT() REPRESENTATION_CONTEXT('2D SPACE',''
  ) );
#8401 = ORIENTED_EDGE('',*,*,#8402,.T.);
#8402 = EDGE_CURVE('',#8380,#8403,#8405,.T.);
#8403 = VERTEX_POINT('',#8404);
#8404 = CARTESIAN_POINT('',(0.,-35.69371315644,-3.171796769724));
#8405 = SURFACE_CURVE('',#8406,(#8445,#8487),.PCURVE_S1.);
#8406 = B_SPLINE_CURVE_WITH_KNOTS('',7,(#8407,#8408,#8409,#8410,#8411,
    #8412,#8413,#8414,#8415,#8416,#8417,#8418,#8419,#8420,#8421,#8422,
    #8423,#8424,#8425,#8426,#8427,#8428,#8429,#8430,#8431,#8432,#8433,
    #8434,#8435,#8436,#8437,#8438,#8439,#8440,#8441,#8442,#8443,#8444),
  .UNSPECIFIED.,.F.,.F.,(8,6,6,6,6,6,8),(0.,0.383761525915,
    0.554960586812,0.704488106853,0.876959334464,0.924427095897,1.),
  .UNSPECIFIED.);
#8407 = CARTESIAN_POINT('',(0.,-34.72480206969,-11.85));
#8408 = CARTESIAN_POINT('',(0.,-34.98385391732,-11.4013090381));
#8409 = CARTESIAN_POINT('',(0.,-35.22800241281,-10.944179825));
#8410 = CARTESIAN_POINT('',(0.,-35.45700383412,-10.47905906734));
#8411 = CARTESIAN_POINT('',(0.,-35.67016083925,-10.00636810512));
#8412 = CARTESIAN_POINT('',(0.,-35.86630498699,-9.526519533882));
#8413 = CARTESIAN_POINT('',(0.,-36.04383555933,-9.039930665581));
#8414 = CARTESIAN_POINT('',(0.,-36.26971625108,-8.326773335625));
#8415 = CARTESIAN_POINT('',(0.,-36.33514064566,-8.10550214572));
#8416 = CARTESIAN_POINT('',(0.,-36.39606840033,-7.882979614529));
#8417 = CARTESIAN_POINT('',(0.,-36.45220119819,-7.659249862529));
#8418 = CARTESIAN_POINT('',(0.,-36.5031799822,-7.434381857113));
#8419 = CARTESIAN_POINT('',(0.,-36.54856308327,-7.208465275728));
#8420 = CARTESIAN_POINT('',(0.,-36.62204062302,-6.783457787001));
#8421 = CARTESIAN_POINT('',(0.,-36.65158830684,-6.58463448516));
#8422 = CARTESIAN_POINT('',(0.,-36.67606098265,-6.385168119501));
#8423 = CARTESIAN_POINT('',(0.,-36.69499460024,-6.185169518227));
#8424 = CARTESIAN_POINT('',(0.,-36.70783100991,-5.98482466656));
#8425 = CARTESIAN_POINT('',(0.,-36.71387694161,-5.784393821431));
#8426 = CARTESIAN_POINT('',(0.,-36.71030532261,-5.353309720365));
#8427 = CARTESIAN_POINT('',(0.,-36.69814621294,-5.123239357133));
#8428 = CARTESIAN_POINT('',(0.,-36.67440355002,-4.893905281945));
#8429 = CARTESIAN_POINT('',(0.,-36.63722580466,-4.66617270198));
#8430 = CARTESIAN_POINT('',(0.,-36.58422263199,-4.441901274027));
#8431 = CARTESIAN_POINT('',(0.,-36.51264387938,-4.223894111911));
#8432 = CARTESIAN_POINT('',(0.,-36.39305810206,-3.958875091912));
#8433 = CARTESIAN_POINT('',(0.,-36.36558522485,-3.902489534791));
#8434 = CARTESIAN_POINT('',(0.,-36.33638657053,-3.847014756133));
#8435 = CARTESIAN_POINT('',(0.,-36.30540289785,-3.792566254663));
#8436 = CARTESIAN_POINT('',(0.,-36.2725820399,-3.739273129334));
#8437 = CARTESIAN_POINT('',(0.,-36.23788302958,-3.687275474305));
#8438 = CARTESIAN_POINT('',(0.,-36.14300530063,-3.556235780155));
#8439 = CARTESIAN_POINT('',(0.,-36.0798735032,-3.479366034471));
#8440 = CARTESIAN_POINT('',(0.,-36.01182382437,-3.406787256013));
#8441 = CARTESIAN_POINT('',(0.,-35.93889944872,-3.339170897995));
#8442 = CARTESIAN_POINT('',(0.,-35.86128298753,-3.277145111711));
#8443 = CARTESIAN_POINT('',(0.,-35.7793460506,-3.221236944221));
#8444 = CARTESIAN_POINT('',(0.,-35.69371315644,-3.171796769724));
#8445 = PCURVE('',#7638,#8446);
#8446 = DEFINITIONAL_REPRESENTATION('',(#8447),#8486);
#8447 = B_SPLINE_CURVE_WITH_KNOTS('',7,(#8448,#8449,#8450,#8451,#8452,
    #8453,#8454,#8455,#8456,#8457,#8458,#8459,#8460,#8461,#8462,#8463,
    #8464,#8465,#8466,#8467,#8468,#8469,#8470,#8471,#8472,#8473,#8474,
    #8475,#8476,#8477,#8478,#8479,#8480,#8481,#8482,#8483,#8484,#8485),
  .UNSPECIFIED.,.F.,.F.,(8,6,6,6,6,6,8),(0.,0.383761525915,
    0.554960586812,0.704488106853,0.876959334464,0.924427095897,1.),
  .UNSPECIFIED.);
#8448 = CARTESIAN_POINT('',(-1.7763568394E-15,-9.5));
#8449 = CARTESIAN_POINT('',(-0.518103695272,-9.5));
#8450 = CARTESIAN_POINT('',(-1.03606345437,-9.482874192842));
#8451 = CARTESIAN_POINT('',(-1.553370556986,-9.44863486237));
#8452 = CARTESIAN_POINT('',(-2.069311440966,-9.396888762692));
#8453 = CARTESIAN_POINT('',(-2.582944567509,-9.326830291823));
#8454 = CARTESIAN_POINT('',(-3.093108174824,-9.237281843264));
#8455 = CARTESIAN_POINT('',(-3.823660885338,-9.076321595569));
#8456 = CARTESIAN_POINT('',(-4.04799955421,-9.022345188348));
#8457 = CARTESIAN_POINT('',(-4.271173596468,-8.963848906088));
#8458 = CARTESIAN_POINT('',(-4.492995644215,-8.900596459023));
#8459 = CARTESIAN_POINT('',(-4.713226441409,-8.832311378322));
#8460 = CARTESIAN_POINT('',(-4.931567490561,-8.758656006062));
#8461 = CARTESIAN_POINT('',(-5.336373542469,-8.609785677725));
#8462 = CARTESIAN_POINT('',(-5.52333341464,-8.535963071619));
#8463 = CARTESIAN_POINT('',(-5.708312692407,-8.45742384774));
#8464 = CARTESIAN_POINT('',(-5.890983370624,-8.373821540918));
#8465 = CARTESIAN_POINT('',(-6.070905306521,-8.284765771955));
#8466 = CARTESIAN_POINT('',(-6.247506475956,-8.189786279834));
#8467 = CARTESIAN_POINT('',(-6.619050449145,-7.971151116511));
#8468 = CARTESIAN_POINT('',(-6.812217673527,-7.845585837034));
#8469 = CARTESIAN_POINT('',(-6.998955477135,-7.7103570502));
#8470 = CARTESIAN_POINT('',(-7.177588803975,-7.564293888281));
#8471 = CARTESIAN_POINT('',(-7.345311971585,-7.406256080283));
#8472 = CARTESIAN_POINT('',(-7.49832233588,-7.235263481095));
#8473 = CARTESIAN_POINT('',(-7.668042651027,-6.999189650007));
#8474 = CARTESIAN_POINT('',(-7.703137537297,-6.947204661872));
#8475 = CARTESIAN_POINT('',(-7.73658077772,-6.894180496138));
#8476 = CARTESIAN_POINT('',(-7.768242726855,-6.840123597767));
#8477 = CARTESIAN_POINT('',(-7.79798549826,-6.785053338338));
#8478 = CARTESIAN_POINT('',(-7.825667283292,-6.7290042864));
#8479 = CARTESIAN_POINT('',(-7.891712122855,-6.581317915802));
#8480 = CARTESIAN_POINT('',(-7.926717376686,-6.488209302601));
#8481 = CARTESIAN_POINT('',(-7.955547603188,-6.392987162781));
#8482 = CARTESIAN_POINT('',(-7.977642899118,-6.296024621904));
#8483 = CARTESIAN_POINT('',(-7.992550575138,-6.197793901624));
#8484 = CARTESIAN_POINT('',(-8.,-6.098880348993));
#8485 = CARTESIAN_POINT('',(-8.,-6.));
#8486 = ( GEOMETRIC_REPRESENTATION_CONTEXT(2) 
PARAMETRIC_REPRESENTATION_CONTEXT() REPRESENTATION_CONTEXT('2D SPACE',''
  ) );
#8487 = PCURVE('',#8488,#8496);
#8488 = SURFACE_OF_LINEAR_EXTRUSION('',#8489,#8494);
#8489 = ELLIPSE('',#8490,8.,3.5);
#8490 = AXIS2_PLACEMENT_3D('',#8491,#8492,#8493);
#8491 = CARTESIAN_POINT('',(-2.,-31.69371315644,-10.1));
#8492 = DIRECTION('',(1.,-0.,0.));
#8493 = DIRECTION('',(0.,0.5,-0.866025403784));
#8494 = VECTOR('',#8495,1.);
#8495 = DIRECTION('',(-1.,0.,0.));
#8496 = DEFINITIONAL_REPRESENTATION('',(#8497),#8536);
#8497 = B_SPLINE_CURVE_WITH_KNOTS('',7,(#8498,#8499,#8500,#8501,#8502,
    #8503,#8504,#8505,#8506,#8507,#8508,#8509,#8510,#8511,#8512,#8513,
    #8514,#8515,#8516,#8517,#8518,#8519,#8520,#8521,#8522,#8523,#8524,
    #8525,#8526,#8527,#8528,#8529,#8530,#8531,#8532,#8533,#8534,#8535),
  .UNSPECIFIED.,.F.,.F.,(8,6,6,6,6,6,8),(0.,0.383761525915,
    0.554960586812,0.704488106853,0.876959334464,0.924427095897,1.),
  .UNSPECIFIED.);
#8498 = CARTESIAN_POINT('',(4.712388980385,-2.));
#8499 = CARTESIAN_POINT('',(4.647626018476,-2.));
#8500 = CARTESIAN_POINT('',(4.582881214974,-2.));
#8501 = CARTESIAN_POINT('',(4.517773321149,-2.));
#8502 = CARTESIAN_POINT('',(4.451952923391,-2.));
#8503 = CARTESIAN_POINT('',(4.385030076772,-2.));
#8504 = CARTESIAN_POINT('',(4.316566354165,-2.));
#8505 = CARTESIAN_POINT('',(4.214320908334,-2.));
#8506 = CARTESIAN_POINT('',(4.182338726787,-2.));
#8507 = CARTESIAN_POINT('',(4.1498545883,-2.));
#8508 = CARTESIAN_POINT('',(4.116801006636,-2.));
#8509 = CARTESIAN_POINT('',(4.083102636422,-2.));
#8510 = CARTESIAN_POINT('',(4.04866942322,-2.));
#8511 = CARTESIAN_POINT('',(3.98256639758,-2.));
#8512 = CARTESIAN_POINT('',(3.951105127222,-2.));
#8513 = CARTESIAN_POINT('',(3.91891868388,-2.));
#8514 = CARTESIAN_POINT('',(3.885917320371,-2.));
#8515 = CARTESIAN_POINT('',(3.852002316142,-2.));
#8516 = CARTESIAN_POINT('',(3.817053659546,-2.));
#8517 = CARTESIAN_POINT('',(3.739213427632,-2.));
#8518 = CARTESIAN_POINT('',(3.696016468026,-2.));
#8519 = CARTESIAN_POINT('',(3.650964398185,-2.));
#8520 = CARTESIAN_POINT('',(3.603758914687,-2.));
#8521 = CARTESIAN_POINT('',(3.554117120075,-2.));
#8522 = CARTESIAN_POINT('',(3.501774293971,-2.));
#8523 = CARTESIAN_POINT('',(3.431066901547,-2.));
#8524 = CARTESIAN_POINT('',(3.415582126233,-2.));
#8525 = CARTESIAN_POINT('',(3.399870287596,-2.));
#8526 = CARTESIAN_POINT('',(3.383931394347,-2.));
#8527 = CARTESIAN_POINT('',(3.367768471611,-2.));
#8528 = CARTESIAN_POINT('',(3.351388041185,-2.));
#8529 = CARTESIAN_POINT('',(3.308391920838,-2.));
#8530 = CARTESIAN_POINT('',(3.281444291847,-2.));
#8531 = CARTESIAN_POINT('',(3.25402211091,-2.));
#8532 = CARTESIAN_POINT('',(3.226207969239,-2.));
#8533 = CARTESIAN_POINT('',(3.198105187892,-2.));
#8534 = CARTESIAN_POINT('',(3.169844181874,-2.));
#8535 = CARTESIAN_POINT('',(3.14159265359,-2.));
#8536 = ( GEOMETRIC_REPRESENTATION_CONTEXT(2) 
PARAMETRIC_REPRESENTATION_CONTEXT() REPRESENTATION_CONTEXT('2D SPACE',''
  ) );
#8537 = ORIENTED_EDGE('',*,*,#8538,.T.);
#8538 = EDGE_CURVE('',#8403,#8539,#8541,.T.);
#8539 = VERTEX_POINT('',#8540);
#8540 = CARTESIAN_POINT('',(0.,-31.4501886779,-0.721796769724));
#8541 = SURFACE_CURVE('',#8542,(#8546,#8553),.PCURVE_S1.);
#8542 = LINE('',#8543,#8544);
#8543 = CARTESIAN_POINT('',(0.,-27.89948452238,1.328203230276));
#8544 = VECTOR('',#8545,1.);
#8545 = DIRECTION('',(0.,0.866025403784,0.5));
#8546 = PCURVE('',#7638,#8547);
#8547 = DEFINITIONAL_REPRESENTATION('',(#8548),#8552);
#8548 = LINE('',#8549,#8550);
#8549 = CARTESIAN_POINT('',(-8.,3.));
#8550 = VECTOR('',#8551,1.);
#8551 = DIRECTION('',(0.,1.));
#8552 = ( GEOMETRIC_REPRESENTATION_CONTEXT(2) 
PARAMETRIC_REPRESENTATION_CONTEXT() REPRESENTATION_CONTEXT('2D SPACE',''
  ) );
#8553 = PCURVE('',#8554,#8559);
#8554 = PLANE('',#8555);
#8555 = AXIS2_PLACEMENT_3D('',#8556,#8557,#8558);
#8556 = CARTESIAN_POINT('',(-2.,-25.30140831103,2.828203230276));
#8557 = DIRECTION('',(0.,0.5,-0.866025403784));
#8558 = DIRECTION('',(0.,-0.866025403784,-0.5));
#8559 = DEFINITIONAL_REPRESENTATION('',(#8560),#8564);
#8560 = LINE('',#8561,#8562);
#8561 = CARTESIAN_POINT('',(3.,-2.));
#8562 = VECTOR('',#8563,1.);
#8563 = DIRECTION('',(-1.,0.));
#8564 = ( GEOMETRIC_REPRESENTATION_CONTEXT(2) 
PARAMETRIC_REPRESENTATION_CONTEXT() REPRESENTATION_CONTEXT('2D SPACE',''
  ) );
#8565 = ORIENTED_EDGE('',*,*,#8566,.F.);
#8566 = EDGE_CURVE('',#8567,#8539,#8569,.T.);
#8567 = VERTEX_POINT('',#8568);
#8568 = CARTESIAN_POINT('',(0.,-32.0501886779,0.317433714817));
#8569 = SURFACE_CURVE('',#8570,(#8574,#8581),.PCURVE_S1.);
#8570 = LINE('',#8571,#8572);
#8571 = CARTESIAN_POINT('',(0.,-32.0501886779,0.317433714817));
#8572 = VECTOR('',#8573,1.);
#8573 = DIRECTION('',(0.,0.5,-0.866025403784));
#8574 = PCURVE('',#7638,#8575);
#8575 = DEFINITIONAL_REPRESENTATION('',(#8576),#8580);
#8576 = LINE('',#8577,#8578);
#8577 = CARTESIAN_POINT('',(-9.2,-1.1));
#8578 = VECTOR('',#8579,1.);
#8579 = DIRECTION('',(1.,0.));
#8580 = ( GEOMETRIC_REPRESENTATION_CONTEXT(2) 
PARAMETRIC_REPRESENTATION_CONTEXT() REPRESENTATION_CONTEXT('2D SPACE',''
  ) );
#8581 = PCURVE('',#8582,#8587);
#8582 = PLANE('',#8583);
#8583 = AXIS2_PLACEMENT_3D('',#8584,#8585,#8586);
#8584 = CARTESIAN_POINT('',(0.,-32.0501886779,0.317433714817));
#8585 = DIRECTION('',(0.,-0.866025403784,-0.5));
#8586 = DIRECTION('',(0.,0.5,-0.866025403784));
#8587 = DEFINITIONAL_REPRESENTATION('',(#8588),#8592);
#8588 = LINE('',#8589,#8590);
#8589 = CARTESIAN_POINT('',(0.,0.));
#8590 = VECTOR('',#8591,1.);
#8591 = DIRECTION('',(1.,0.));
#8592 = ( GEOMETRIC_REPRESENTATION_CONTEXT(2) 
PARAMETRIC_REPRESENTATION_CONTEXT() REPRESENTATION_CONTEXT('2D SPACE',''
  ) );
#8593 = ORIENTED_EDGE('',*,*,#8594,.F.);
#8594 = EDGE_CURVE('',#8595,#8567,#8597,.T.);
#8595 = VERTEX_POINT('',#8596);
#8596 = CARTESIAN_POINT('',(0.,-30.14493278957,1.417433714817));
#8597 = SURFACE_CURVE('',#8598,(#8602,#8609),.PCURVE_S1.);
#8598 = LINE('',#8599,#8600);
#8599 = CARTESIAN_POINT('',(0.,-30.14493278957,1.417433714817));
#8600 = VECTOR('',#8601,1.);
#8601 = DIRECTION('',(0.,-0.866025403784,-0.5));
#8602 = PCURVE('',#7638,#8603);
#8603 = DEFINITIONAL_REPRESENTATION('',(#8604),#8608);
#8604 = LINE('',#8605,#8606);
#8605 = CARTESIAN_POINT('',(-9.2,1.1));
#8606 = VECTOR('',#8607,1.);
#8607 = DIRECTION('',(0.,-1.));
#8608 = ( GEOMETRIC_REPRESENTATION_CONTEXT(2) 
PARAMETRIC_REPRESENTATION_CONTEXT() REPRESENTATION_CONTEXT('2D SPACE',''
  ) );
#8609 = PCURVE('',#8610,#8615);
#8610 = PLANE('',#8611);
#8611 = AXIS2_PLACEMENT_3D('',#8612,#8613,#8614);
#8612 = CARTESIAN_POINT('',(0.,-30.14493278957,1.417433714817));
#8613 = DIRECTION('',(0.,0.5,-0.866025403784));
#8614 = DIRECTION('',(1.,0.,0.));
#8615 = DEFINITIONAL_REPRESENTATION('',(#8616),#8620);
#8616 = LINE('',#8617,#8618);
#8617 = CARTESIAN_POINT('',(0.,0.));
#8618 = VECTOR('',#8619,1.);
#8619 = DIRECTION('',(0.,1.));
#8620 = ( GEOMETRIC_REPRESENTATION_CONTEXT(2) 
PARAMETRIC_REPRESENTATION_CONTEXT() REPRESENTATION_CONTEXT('2D SPACE',''
  ) );
#8621 = ORIENTED_EDGE('',*,*,#8622,.T.);
#8622 = EDGE_CURVE('',#8595,#8623,#8625,.T.);
#8623 = VERTEX_POINT('',#8624);
#8624 = CARTESIAN_POINT('',(0.,-29.54493278957,0.378203230276));
#8625 = SURFACE_CURVE('',#8626,(#8630,#8637),.PCURVE_S1.);
#8626 = LINE('',#8627,#8628);
#8627 = CARTESIAN_POINT('',(0.,-30.14493278957,1.417433714817));
#8628 = VECTOR('',#8629,1.);
#8629 = DIRECTION('',(0.,0.5,-0.866025403784));
#8630 = PCURVE('',#7638,#8631);
#8631 = DEFINITIONAL_REPRESENTATION('',(#8632),#8636);
#8632 = LINE('',#8633,#8634);
#8633 = CARTESIAN_POINT('',(-9.2,1.1));
#8634 = VECTOR('',#8635,1.);
#8635 = DIRECTION('',(1.,0.));
#8636 = ( GEOMETRIC_REPRESENTATION_CONTEXT(2) 
PARAMETRIC_REPRESENTATION_CONTEXT() REPRESENTATION_CONTEXT('2D SPACE',''
  ) );
#8637 = PCURVE('',#8638,#8643);
#8638 = PLANE('',#8639);
#8639 = AXIS2_PLACEMENT_3D('',#8640,#8641,#8642);
#8640 = CARTESIAN_POINT('',(0.,-30.14493278957,1.417433714817));
#8641 = DIRECTION('',(0.,-0.866025403784,-0.5));
#8642 = DIRECTION('',(0.,0.5,-0.866025403784));
#8643 = DEFINITIONAL_REPRESENTATION('',(#8644),#8648);
#8644 = LINE('',#8645,#8646);
#8645 = CARTESIAN_POINT('',(0.,0.));
#8646 = VECTOR('',#8647,1.);
#8647 = DIRECTION('',(1.,0.));
#8648 = ( GEOMETRIC_REPRESENTATION_CONTEXT(2) 
PARAMETRIC_REPRESENTATION_CONTEXT() REPRESENTATION_CONTEXT('2D SPACE',''
  ) );
#8649 = ORIENTED_EDGE('',*,*,#8650,.T.);
#8650 = EDGE_CURVE('',#8623,#8651,#8653,.T.);
#8651 = VERTEX_POINT('',#8652);
#8652 = CARTESIAN_POINT('',(0.,-25.30140831103,2.828203230276));
#8653 = SURFACE_CURVE('',#8654,(#8658,#8665),.PCURVE_S1.);
#8654 = LINE('',#8655,#8656);
#8655 = CARTESIAN_POINT('',(0.,-27.89948452238,1.328203230276));
#8656 = VECTOR('',#8657,1.);
#8657 = DIRECTION('',(0.,0.866025403784,0.5));
#8658 = PCURVE('',#7638,#8659);
#8659 = DEFINITIONAL_REPRESENTATION('',(#8660),#8664);
#8660 = LINE('',#8661,#8662);
#8661 = CARTESIAN_POINT('',(-8.,3.));
#8662 = VECTOR('',#8663,1.);
#8663 = DIRECTION('',(0.,1.));
#8664 = ( GEOMETRIC_REPRESENTATION_CONTEXT(2) 
PARAMETRIC_REPRESENTATION_CONTEXT() REPRESENTATION_CONTEXT('2D SPACE',''
  ) );
#8665 = PCURVE('',#8666,#8671);
#8666 = PLANE('',#8667);
#8667 = AXIS2_PLACEMENT_3D('',#8668,#8669,#8670);
#8668 = CARTESIAN_POINT('',(-2.,-25.30140831103,2.828203230276));
#8669 = DIRECTION('',(0.,0.5,-0.866025403784));
#8670 = DIRECTION('',(0.,-0.866025403784,-0.5));
#8671 = DEFINITIONAL_REPRESENTATION('',(#8672),#8676);
#8672 = LINE('',#8673,#8674);
#8673 = CARTESIAN_POINT('',(3.,-2.));
#8674 = VECTOR('',#8675,1.);
#8675 = DIRECTION('',(-1.,0.));
#8676 = ( GEOMETRIC_REPRESENTATION_CONTEXT(2) 
PARAMETRIC_REPRESENTATION_CONTEXT() REPRESENTATION_CONTEXT('2D SPACE',''
  ) );
#8677 = ORIENTED_EDGE('',*,*,#8678,.T.);
#8678 = EDGE_CURVE('',#8651,#8679,#8681,.T.);
#8679 = VERTEX_POINT('',#8680);
#8680 = CARTESIAN_POINT('',(0.,-18.27031939778,-2.35));
#8681 = SURFACE_CURVE('',#8682,(#8727,#8775),.PCURVE_S1.);
#8682 = B_SPLINE_CURVE_WITH_KNOTS('',8,(#8683,#8684,#8685,#8686,#8687,
    #8688,#8689,#8690,#8691,#8692,#8693,#8694,#8695,#8696,#8697,#8698,
    #8699,#8700,#8701,#8702,#8703,#8704,#8705,#8706,#8707,#8708,#8709,
    #8710,#8711,#8712,#8713,#8714,#8715,#8716,#8717,#8718,#8719,#8720,
    #8721,#8722,#8723,#8724,#8725,#8726),.UNSPECIFIED.,.F.,.F.,(9,7,7,7,
    7,7,9),(0.,8.658279662505E-02,0.150251277784,0.255683647933,
    0.372291782784,0.66551961711,1.),.UNSPECIFIED.);
#8683 = CARTESIAN_POINT('',(0.,-25.30140831103,2.828203230276));
#8684 = CARTESIAN_POINT('',(0.,-25.21556023478,2.877767640204));
#8685 = CARTESIAN_POINT('',(0.,-25.12601362785,2.920998602351));
#8686 = CARTESIAN_POINT('',(0.,-25.03335621581,2.957546495263));
#8687 = CARTESIAN_POINT('',(0.,-24.93819208515,2.987334568488));
#8688 = CARTESIAN_POINT('',(0.,-24.84111674051,3.010484191699));
#8689 = CARTESIAN_POINT('',(0.,-24.74269708527,3.027253755371));
#8690 = CARTESIAN_POINT('',(0.,-24.64345632566,3.037991223019));
#8691 = CARTESIAN_POINT('',(0.,-24.47062863842,3.046857309951));
#8692 = CARTESIAN_POINT('',(0.,-24.39716753094,3.047572561755));
#8693 = CARTESIAN_POINT('',(0.,-24.32362726158,3.045403370901));
#8694 = CARTESIAN_POINT('',(0.,-24.25013345042,3.040514225865));
#8695 = CARTESIAN_POINT('',(0.,-24.17679080347,3.033069641821));
#8696 = CARTESIAN_POINT('',(0.,-24.10368334655,3.023228535934));
#8697 = CARTESIAN_POINT('',(0.,-24.0308746418,3.011140159226));
#8698 = CARTESIAN_POINT('',(0.,-23.83840620467,2.973429333672));
#8699 = CARTESIAN_POINT('',(0.,-23.71938860935,2.94413961734));
#8700 = CARTESIAN_POINT('',(0.,-23.60152279269,2.9096960552));
#8701 = CARTESIAN_POINT('',(0.,-23.48493543326,2.870642451535));
#8702 = CARTESIAN_POINT('',(0.,-23.36971060011,2.82745096907));
#8703 = CARTESIAN_POINT('',(0.,-23.25588893469,2.780526665082));
#8704 = CARTESIAN_POINT('',(0.,-23.14346771083,2.730208390263));
#8705 = CARTESIAN_POINT('',(0.,-22.90956291544,2.61765885615));
#8706 = CARTESIAN_POINT('',(0.,-22.78842979445,2.554753537324));
#8707 = CARTESIAN_POINT('',(0.,-22.66897154796,2.488436042282));
#8708 = CARTESIAN_POINT('',(0.,-22.55116098281,2.419030972517));
#8709 = CARTESIAN_POINT('',(0.,-22.43496840836,2.346813722963));
#8710 = CARTESIAN_POINT('',(0.,-22.32035749655,2.27201862014));
#8711 = CARTESIAN_POINT('',(0.,-22.20728316829,2.194843058092));
#8712 = CARTESIAN_POINT('',(0.,-21.81507830974,1.915796477027));
#8713 = CARTESIAN_POINT('',(0.,-21.54404510385,1.702254890712));
#8714 = CARTESIAN_POINT('',(0.,-21.2816732851,1.477391921535));
#8715 = CARTESIAN_POINT('',(0.,-21.02749770275,1.24292406281));
#8716 = CARTESIAN_POINT('',(0.,-20.78111264524,1.000200534613));
#8717 = CARTESIAN_POINT('',(0.,-20.5421760554,0.750196477523));
#8718 = CARTESIAN_POINT('',(0.,-20.31033727311,0.493610706305));
#8719 = CARTESIAN_POINT('',(0.,-19.82848650796,-6.886512541811E-02));
#8720 = CARTESIAN_POINT('',(0.,-19.5806933935,-0.376394157014));
#8721 = CARTESIAN_POINT('',(0.,-19.341485996,-0.690906203092));
#8722 = CARTESIAN_POINT('',(0.,-19.11066351589,-1.011764860749));
#8723 = CARTESIAN_POINT('',(0.,-18.88812590704,-1.338459738756));
#8724 = CARTESIAN_POINT('',(0.,-18.67384617924,-1.670583956146));
#8725 = CARTESIAN_POINT('',(0.,-18.46787003148,-2.007832265363));
#8726 = CARTESIAN_POINT('',(0.,-18.27031939778,-2.35));
#8727 = PCURVE('',#7638,#8728);
#8728 = DEFINITIONAL_REPRESENTATION('',(#8729),#8774);
#8729 = B_SPLINE_CURVE_WITH_KNOTS('',8,(#8730,#8731,#8732,#8733,#8734,
    #8735,#8736,#8737,#8738,#8739,#8740,#8741,#8742,#8743,#8744,#8745,
    #8746,#8747,#8748,#8749,#8750,#8751,#8752,#8753,#8754,#8755,#8756,
    #8757,#8758,#8759,#8760,#8761,#8762,#8763,#8764,#8765,#8766,#8767,
    #8768,#8769,#8770,#8771,#8772,#8773),.UNSPECIFIED.,.F.,.F.,(9,7,7,7,
    7,7,9),(0.,8.658279662505E-02,0.150251277784,0.255683647933,
    0.372291782784,0.66551961711,1.),.UNSPECIFIED.);
#8730 = CARTESIAN_POINT('',(-8.,6.));
#8731 = CARTESIAN_POINT('',(-8.,6.099128819857));
#8732 = CARTESIAN_POINT('',(-7.992665807984,6.198293937355));
#8733 = CARTESIAN_POINT('',(-7.977988505677,6.296811556493));
#8734 = CARTESIAN_POINT('',(-7.956203668491,6.394120147784));
#8735 = CARTESIAN_POINT('',(-7.92771415796,6.489764673928));
#8736 = CARTESIAN_POINT('',(-7.893027198491,6.583383377433));
#8737 = CARTESIAN_POINT('',(-7.852705738441,6.674697130171));
#8738 = CARTESIAN_POINT('',(-7.773970151335,6.828803341265));
#8739 = CARTESIAN_POINT('',(-7.737859023831,6.89278015243));
#8740 = CARTESIAN_POINT('',(-7.699210314761,6.955383298478));
#8741 = CARTESIAN_POINT('',(-7.658229285382,7.016586233437));
#8742 = CARTESIAN_POINT('',(-7.615110763004,7.076380536856));
#8743 = CARTESIAN_POINT('',(-7.570034386841,7.134772898817));
#8744 = CARTESIAN_POINT('',(-7.52316119315,7.191782898387));
#8745 = CARTESIAN_POINT('',(-7.394268441656,7.339610041592));
#8746 = CARTESIAN_POINT('',(-7.309394005582,7.428037444472));
#8747 = CARTESIAN_POINT('',(-7.220632097442,7.512890454867));
#8748 = CARTESIAN_POINT('',(-7.128517004844,7.594331268062));
#8749 = CARTESIAN_POINT('',(-7.033499667228,7.672523159483));
#8750 = CARTESIAN_POINT('',(-6.935951195208,7.747633461244));
#8751 = CARTESIAN_POINT('',(-6.836163679009,7.819833959625));
#8752 = CARTESIAN_POINT('',(-6.621740525588,7.966126687444));
#8753 = CARTESIAN_POINT('',(-6.506696360956,8.039578388049));
#8754 = CARTESIAN_POINT('',(-6.389534602291,8.109873516676));
#8755 = CARTESIAN_POINT('',(-6.27052276615,8.177197924045));
#8756 = CARTESIAN_POINT('',(-6.149884506217,8.241715020477));
#8757 = CARTESIAN_POINT('',(-6.027804591189,8.303573430244));
#8758 = CARTESIAN_POINT('',(-5.904431429776,8.362910890006));
#8759 = CARTESIAN_POINT('',(-5.466667572459,8.563046970465));
#8760 = CARTESIAN_POINT('',(-5.146218530999,8.690997818882));
#8761 = CARTESIAN_POINT('',(-4.82029557795,8.805786994562));
#8762 = CARTESIAN_POINT('',(-4.490152664745,8.908675576539));
#8763 = CARTESIAN_POINT('',(-4.156755394477,9.000689531357));
#8764 = CARTESIAN_POINT('',(-3.820777235066,9.082612659509));
#8765 = CARTESIAN_POINT('',(-3.482648047798,9.155098048944));
#8766 = CARTESIAN_POINT('',(-2.754604305936,9.291155136534));
#8767 = CARTESIAN_POINT('',(-2.364379794942,9.351985752743));
#8768 = CARTESIAN_POINT('',(-1.972400674493,9.40188941271));
#8769 = CARTESIAN_POINT('',(-1.579117685881,9.441358215425));
#8770 = CARTESIAN_POINT('',(-1.184922817818,9.470733998979));
#8771 = CARTESIAN_POINT('',(-0.790154944443,9.490243578081));
#8772 = CARTESIAN_POINT('',(-0.395101267401,9.5));
#8773 = CARTESIAN_POINT('',(0.,9.5));
#8774 = ( GEOMETRIC_REPRESENTATION_CONTEXT(2) 
PARAMETRIC_REPRESENTATION_CONTEXT() REPRESENTATION_CONTEXT('2D SPACE',''
  ) );
#8775 = PCURVE('',#8776,#8784);
#8776 = SURFACE_OF_LINEAR_EXTRUSION('',#8777,#8782);
#8777 = ELLIPSE('',#8778,8.,3.5);
#8778 = AXIS2_PLACEMENT_3D('',#8779,#8780,#8781);
#8779 = CARTESIAN_POINT('',(-2.,-21.30140831103,-4.1));
#8780 = DIRECTION('',(1.,-0.,0.));
#8781 = DIRECTION('',(0.,0.5,-0.866025403784));
#8782 = VECTOR('',#8783,1.);
#8783 = DIRECTION('',(-1.,0.,0.));
#8784 = DEFINITIONAL_REPRESENTATION('',(#8785),#8830);
#8785 = B_SPLINE_CURVE_WITH_KNOTS('',8,(#8786,#8787,#8788,#8789,#8790,
    #8791,#8792,#8793,#8794,#8795,#8796,#8797,#8798,#8799,#8800,#8801,
    #8802,#8803,#8804,#8805,#8806,#8807,#8808,#8809,#8810,#8811,#8812,
    #8813,#8814,#8815,#8816,#8817,#8818,#8819,#8820,#8821,#8822,#8823,
    #8824,#8825,#8826,#8827,#8828,#8829),.UNSPECIFIED.,.F.,.F.,(9,7,7,7,
    7,7,9),(0.,8.658279662505E-02,0.150251277784,0.255683647933,
    0.372291782784,0.66551961711,1.),.UNSPECIFIED.);
#8786 = CARTESIAN_POINT('',(3.14159265359,-2.));
#8787 = CARTESIAN_POINT('',(3.113270133631,-2.));
#8788 = CARTESIAN_POINT('',(3.084937263592,-2.));
#8789 = CARTESIAN_POINT('',(3.056754698814,-2.));
#8790 = CARTESIAN_POINT('',(3.028848309117,-2.));
#8791 = CARTESIAN_POINT('',(3.001317412847,-2.));
#8792 = CARTESIAN_POINT('',(2.974240712958,-2.));
#8793 = CARTESIAN_POINT('',(2.947679935116,-2.));
#8794 = CARTESIAN_POINT('',(2.902563027872,-2.));
#8795 = CARTESIAN_POINT('',(2.883739485702,-2.));
#8796 = CARTESIAN_POINT('',(2.865219117598,-2.));
#8797 = CARTESIAN_POINT('',(2.847005669103,-2.));
#8798 = CARTESIAN_POINT('',(2.829098917156,-2.));
#8799 = CARTESIAN_POINT('',(2.811495272224,-2.));
#8800 = CARTESIAN_POINT('',(2.794188120445,-2.));
#8801 = CARTESIAN_POINT('',(2.748983134587,-2.));
#8802 = CARTESIAN_POINT('',(2.721596048502,-2.));
#8803 = CARTESIAN_POINT('',(2.694955875714,-2.));
#8804 = CARTESIAN_POINT('',(2.669017030618,-2.));
#8805 = CARTESIAN_POINT('',(2.643735985398,-2.));
#8806 = CARTESIAN_POINT('',(2.619069000402,-2.));
#8807 = CARTESIAN_POINT('',(2.594970713292,-2.));
#8808 = CARTESIAN_POINT('',(2.545317300122,-2.));
#8809 = CARTESIAN_POINT('',(2.51988864164,-2.));
#8810 = CARTESIAN_POINT('',(2.495049317109,-2.));
#8811 = CARTESIAN_POINT('',(2.470751193771,-2.));
#8812 = CARTESIAN_POINT('',(2.446952578642,-2.));
#8813 = CARTESIAN_POINT('',(2.423615580525,-2.));
#8814 = CARTESIAN_POINT('',(2.400704555912,-2.));
#8815 = CARTESIAN_POINT('',(2.321558600576,-2.));
#8816 = CARTESIAN_POINT('',(2.267452130872,-2.));
#8817 = CARTESIAN_POINT('',(2.215313034184,-2.));
#8818 = CARTESIAN_POINT('',(2.164814858328,-2.));
#8819 = CARTESIAN_POINT('',(2.115689507471,-2.));
#8820 = CARTESIAN_POINT('',(2.067723320376,-2.));
#8821 = CARTESIAN_POINT('',(2.020719330649,-2.));
#8822 = CARTESIAN_POINT('',(1.921759032792,-2.));
#8823 = CARTESIAN_POINT('',(1.870074665412,-2.));
#8824 = CARTESIAN_POINT('',(1.81919167825,-2.));
#8825 = CARTESIAN_POINT('',(1.768920005953,-2.));
#8826 = CARTESIAN_POINT('',(1.719095335538,-2.));
#8827 = CARTESIAN_POINT('',(1.6695656628,-2.));
#8828 = CARTESIAN_POINT('',(1.62018398522,-2.));
#8829 = CARTESIAN_POINT('',(1.570796326795,-2.));
#8830 = ( GEOMETRIC_REPRESENTATION_CONTEXT(2) 
PARAMETRIC_REPRESENTATION_CONTEXT() REPRESENTATION_CONTEXT('2D SPACE',''
  ) );
#8831 = ORIENTED_EDGE('',*,*,#8832,.T.);
#8832 = EDGE_CURVE('',#8679,#8833,#8835,.T.);
#8833 = VERTEX_POINT('',#8834);
#8834 = CARTESIAN_POINT('',(0.,-16.36506350946,-1.25));
#8835 = SURFACE_CURVE('',#8836,(#8840,#8847),.PCURVE_S1.);
#8836 = LINE('',#8837,#8838);
#8837 = CARTESIAN_POINT('',(0.,4.679353802501,10.9));
#8838 = VECTOR('',#8839,1.);
#8839 = DIRECTION('',(0.,0.866025403784,0.5));
#8840 = PCURVE('',#7638,#8841);
#8841 = DEFINITIONAL_REPRESENTATION('',(#8842),#8846);
#8842 = LINE('',#8843,#8844);
#8843 = CARTESIAN_POINT('',(1.7763568394E-15,36.));
#8844 = VECTOR('',#8845,1.);
#8845 = DIRECTION('',(0.,1.));
#8846 = ( GEOMETRIC_REPRESENTATION_CONTEXT(2) 
PARAMETRIC_REPRESENTATION_CONTEXT() REPRESENTATION_CONTEXT('2D SPACE',''
  ) );
#8847 = PCURVE('',#8848,#8853);
#8848 = PLANE('',#8849);
#8849 = AXIS2_PLACEMENT_3D('',#8850,#8851,#8852);
#8850 = CARTESIAN_POINT('',(-72.,35.856268338741,28.9));
#8851 = DIRECTION('',(0.,0.5,-0.866025403784));
#8852 = DIRECTION('',(1.,0.,0.));
#8853 = DEFINITIONAL_REPRESENTATION('',(#8854),#8858);
#8854 = LINE('',#8855,#8856);
#8855 = CARTESIAN_POINT('',(72.,36.));
#8856 = VECTOR('',#8857,1.);
#8857 = DIRECTION('',(0.,-1.));
#8858 = ( GEOMETRIC_REPRESENTATION_CONTEXT(2) 
PARAMETRIC_REPRESENTATION_CONTEXT() REPRESENTATION_CONTEXT('2D SPACE',''
  ) );
#8859 = ORIENTED_EDGE('',*,*,#8860,.T.);
#8860 = EDGE_CURVE('',#8833,#8356,#8861,.T.);
#8861 = SURFACE_CURVE('',#8862,(#8867,#8874),.PCURVE_S1.);
#8862 = ELLIPSE('',#8863,10.2,5.7);
#8863 = AXIS2_PLACEMENT_3D('',#8864,#8865,#8866);
#8864 = CARTESIAN_POINT('',(0.,-21.30140831103,-4.1));
#8865 = DIRECTION('',(1.,-0.,0.));
#8866 = DIRECTION('',(0.,0.5,-0.866025403784));
#8867 = PCURVE('',#7638,#8868);
#8868 = DEFINITIONAL_REPRESENTATION('',(#8869),#8873);
#8869 = ELLIPSE('',#8870,10.2,5.7);
#8870 = AXIS2_PLACEMENT_2D('',#8871,#8872);
#8871 = CARTESIAN_POINT('',(0.,6.));
#8872 = DIRECTION('',(1.,-1.110223024625E-16));
#8873 = ( GEOMETRIC_REPRESENTATION_CONTEXT(2) 
PARAMETRIC_REPRESENTATION_CONTEXT() REPRESENTATION_CONTEXT('2D SPACE',''
  ) );
#8874 = PCURVE('',#8875,#8883);
#8875 = SURFACE_OF_LINEAR_EXTRUSION('',#8876,#8881);
#8876 = ELLIPSE('',#8877,10.2,5.7);
#8877 = AXIS2_PLACEMENT_3D('',#8878,#8879,#8880);
#8878 = CARTESIAN_POINT('',(0.,-21.30140831103,-4.1));
#8879 = DIRECTION('',(1.,-0.,0.));
#8880 = DIRECTION('',(0.,0.5,-0.866025403784));
#8881 = VECTOR('',#8882,1.);
#8882 = DIRECTION('',(-1.,0.,0.));
#8883 = DEFINITIONAL_REPRESENTATION('',(#8884),#8888);
#8884 = LINE('',#8885,#8886);
#8885 = CARTESIAN_POINT('',(0.,0.));
#8886 = VECTOR('',#8887,1.);
#8887 = DIRECTION('',(1.,0.));
#8888 = ( GEOMETRIC_REPRESENTATION_CONTEXT(2) 
PARAMETRIC_REPRESENTATION_CONTEXT() REPRESENTATION_CONTEXT('2D SPACE',''
  ) );
#8889 = ADVANCED_FACE('',(#8890),#8205,.T.);
#8890 = FACE_BOUND('',#8891,.T.);
#8891 = EDGE_LOOP('',(#8892,#8893,#8894,#8917,#8938,#8939,#8962,#8990));
#8892 = ORIENTED_EDGE('',*,*,#8331,.F.);
#8893 = ORIENTED_EDGE('',*,*,#8379,.T.);
#8894 = ORIENTED_EDGE('',*,*,#8895,.T.);
#8895 = EDGE_CURVE('',#8380,#8896,#8898,.T.);
#8896 = VERTEX_POINT('',#8897);
#8897 = CARTESIAN_POINT('',(24.,-34.72480206969,-11.85));
#8898 = SURFACE_CURVE('',#8899,(#8903,#8910),.PCURVE_S1.);
#8899 = LINE('',#8900,#8901);
#8900 = CARTESIAN_POINT('',(-2.,-34.72480206969,-11.85));
#8901 = VECTOR('',#8902,1.);
#8902 = DIRECTION('',(1.,0.,0.));
#8903 = PCURVE('',#8205,#8904);
#8904 = DEFINITIONAL_REPRESENTATION('',(#8905),#8909);
#8905 = LINE('',#8906,#8907);
#8906 = CARTESIAN_POINT('',(70.,81.5));
#8907 = VECTOR('',#8908,1.);
#8908 = DIRECTION('',(1.,0.));
#8909 = ( GEOMETRIC_REPRESENTATION_CONTEXT(2) 
PARAMETRIC_REPRESENTATION_CONTEXT() REPRESENTATION_CONTEXT('2D SPACE',''
  ) );
#8910 = PCURVE('',#8488,#8911);
#8911 = DEFINITIONAL_REPRESENTATION('',(#8912),#8916);
#8912 = LINE('',#8913,#8914);
#8913 = CARTESIAN_POINT('',(4.712388980385,0.));
#8914 = VECTOR('',#8915,1.);
#8915 = DIRECTION('',(0.,-1.));
#8916 = ( GEOMETRIC_REPRESENTATION_CONTEXT(2) 
PARAMETRIC_REPRESENTATION_CONTEXT() REPRESENTATION_CONTEXT('2D SPACE',''
  ) );
#8917 = ORIENTED_EDGE('',*,*,#8918,.F.);
#8918 = EDGE_CURVE('',#8161,#8896,#8919,.T.);
#8919 = SURFACE_CURVE('',#8920,(#8924,#8931),.PCURVE_S1.);
#8920 = LINE('',#8921,#8922);
#8921 = CARTESIAN_POINT('',(24.,4.679353802501,10.9));
#8922 = VECTOR('',#8923,1.);
#8923 = DIRECTION('',(0.,0.866025403784,0.5));
#8924 = PCURVE('',#8205,#8925);
#8925 = DEFINITIONAL_REPRESENTATION('',(#8926),#8930);
#8926 = LINE('',#8927,#8928);
#8927 = CARTESIAN_POINT('',(96.,36.));
#8928 = VECTOR('',#8929,1.);
#8929 = DIRECTION('',(0.,-1.));
#8930 = ( GEOMETRIC_REPRESENTATION_CONTEXT(2) 
PARAMETRIC_REPRESENTATION_CONTEXT() REPRESENTATION_CONTEXT('2D SPACE',''
  ) );
#8931 = PCURVE('',#8177,#8932);
#8932 = DEFINITIONAL_REPRESENTATION('',(#8933),#8937);
#8933 = LINE('',#8934,#8935);
#8934 = CARTESIAN_POINT('',(1.7763568394E-15,36.));
#8935 = VECTOR('',#8936,1.);
#8936 = DIRECTION('',(0.,1.));
#8937 = ( GEOMETRIC_REPRESENTATION_CONTEXT(2) 
PARAMETRIC_REPRESENTATION_CONTEXT() REPRESENTATION_CONTEXT('2D SPACE',''
  ) );
#8938 = ORIENTED_EDGE('',*,*,#8189,.F.);
#8939 = ORIENTED_EDGE('',*,*,#8940,.F.);
#8940 = EDGE_CURVE('',#8941,#8190,#8943,.T.);
#8941 = VERTEX_POINT('',#8942);
#8942 = CARTESIAN_POINT('',(22.,-36.37025033688,-12.8));
#8943 = SURFACE_CURVE('',#8944,(#8948,#8955),.PCURVE_S1.);
#8944 = LINE('',#8945,#8946);
#8945 = CARTESIAN_POINT('',(22.,-0.256990999071,8.05));
#8946 = VECTOR('',#8947,1.);
#8947 = DIRECTION('',(0.,-0.866025403784,-0.5));
#8948 = PCURVE('',#8205,#8949);
#8949 = DEFINITIONAL_REPRESENTATION('',(#8950),#8954);
#8950 = LINE('',#8951,#8952);
#8951 = CARTESIAN_POINT('',(94.,41.7));
#8952 = VECTOR('',#8953,1.);
#8953 = DIRECTION('',(0.,1.));
#8954 = ( GEOMETRIC_REPRESENTATION_CONTEXT(2) 
PARAMETRIC_REPRESENTATION_CONTEXT() REPRESENTATION_CONTEXT('2D SPACE',''
  ) );
#8955 = PCURVE('',#8241,#8956);
#8956 = DEFINITIONAL_REPRESENTATION('',(#8957),#8961);
#8957 = LINE('',#8958,#8959);
#8958 = CARTESIAN_POINT('',(3.,41.7));
#8959 = VECTOR('',#8960,1.);
#8960 = DIRECTION('',(0.,-1.));
#8961 = ( GEOMETRIC_REPRESENTATION_CONTEXT(2) 
PARAMETRIC_REPRESENTATION_CONTEXT() REPRESENTATION_CONTEXT('2D SPACE',''
  ) );
#8962 = ORIENTED_EDGE('',*,*,#8963,.T.);
#8963 = EDGE_CURVE('',#8941,#8964,#8966,.T.);
#8964 = VERTEX_POINT('',#8965);
#8965 = CARTESIAN_POINT('',(2.,-36.37025033688,-12.8));
#8966 = SURFACE_CURVE('',#8967,(#8971,#8978),.PCURVE_S1.);
#8967 = LINE('',#8968,#8969);
#8968 = CARTESIAN_POINT('',(-35.,-36.37025033688,-12.8));
#8969 = VECTOR('',#8970,1.);
#8970 = DIRECTION('',(-1.,0.,-0.));
#8971 = PCURVE('',#8205,#8972);
#8972 = DEFINITIONAL_REPRESENTATION('',(#8973),#8977);
#8973 = LINE('',#8974,#8975);
#8974 = CARTESIAN_POINT('',(37.,83.4));
#8975 = VECTOR('',#8976,1.);
#8976 = DIRECTION('',(-1.,-0.));
#8977 = ( GEOMETRIC_REPRESENTATION_CONTEXT(2) 
PARAMETRIC_REPRESENTATION_CONTEXT() REPRESENTATION_CONTEXT('2D SPACE',''
  ) );
#8978 = PCURVE('',#8979,#8984);
#8979 = PLANE('',#8980);
#8980 = AXIS2_PLACEMENT_3D('',#8981,#8982,#8983);
#8981 = CARTESIAN_POINT('',(2.,-37.87025033688,-10.20192378864));
#8982 = DIRECTION('',(0.,-0.866025403784,-0.5));
#8983 = DIRECTION('',(0.,0.5,-0.866025403784));
#8984 = DEFINITIONAL_REPRESENTATION('',(#8985),#8989);
#8985 = LINE('',#8986,#8987);
#8986 = CARTESIAN_POINT('',(3.,-37.));
#8987 = VECTOR('',#8988,1.);
#8988 = DIRECTION('',(0.,-1.));
#8989 = ( GEOMETRIC_REPRESENTATION_CONTEXT(2) 
PARAMETRIC_REPRESENTATION_CONTEXT() REPRESENTATION_CONTEXT('2D SPACE',''
  ) );
#8990 = ORIENTED_EDGE('',*,*,#8991,.T.);
#8991 = EDGE_CURVE('',#8964,#8292,#8992,.T.);
#8992 = SURFACE_CURVE('',#8993,(#8997,#9004),.PCURVE_S1.);
#8993 = LINE('',#8994,#8995);
#8994 = CARTESIAN_POINT('',(2.,-0.256990999071,8.05));
#8995 = VECTOR('',#8996,1.);
#8996 = DIRECTION('',(0.,-0.866025403784,-0.5));
#8997 = PCURVE('',#8205,#8998);
#8998 = DEFINITIONAL_REPRESENTATION('',(#8999),#9003);
#8999 = LINE('',#9000,#9001);
#9000 = CARTESIAN_POINT('',(74.,41.7));
#9001 = VECTOR('',#9002,1.);
#9002 = DIRECTION('',(0.,1.));
#9003 = ( GEOMETRIC_REPRESENTATION_CONTEXT(2) 
PARAMETRIC_REPRESENTATION_CONTEXT() REPRESENTATION_CONTEXT('2D SPACE',''
  ) );
#9004 = PCURVE('',#8315,#9005);
#9005 = DEFINITIONAL_REPRESENTATION('',(#9006),#9010);
#9006 = LINE('',#9007,#9008);
#9007 = CARTESIAN_POINT('',(3.,41.7));
#9008 = VECTOR('',#9009,1.);
#9009 = DIRECTION('',(0.,-1.));
#9010 = ( GEOMETRIC_REPRESENTATION_CONTEXT(2) 
PARAMETRIC_REPRESENTATION_CONTEXT() REPRESENTATION_CONTEXT('2D SPACE',''
  ) );
#9011 = ADVANCED_FACE('',(#9012),#8315,.F.);
#9012 = FACE_BOUND('',#9013,.F.);
#9013 = EDGE_LOOP('',(#9014,#9037,#9038,#9039,#9062,#9090,#9118,#9151,
    #9179,#9212,#9240,#9269,#9298,#9326,#9359,#9387,#9420,#9448,#9477,
    #9505,#9533,#9562));
#9014 = ORIENTED_EDGE('',*,*,#9015,.F.);
#9015 = EDGE_CURVE('',#8964,#9016,#9018,.T.);
#9016 = VERTEX_POINT('',#9017);
#9017 = CARTESIAN_POINT('',(2.,-36.27025033688,-12.97320508075));
#9018 = SURFACE_CURVE('',#9019,(#9023,#9030),.PCURVE_S1.);
#9019 = LINE('',#9020,#9021);
#9020 = CARTESIAN_POINT('',(2.,-37.87025033688,-10.20192378864));
#9021 = VECTOR('',#9022,1.);
#9022 = DIRECTION('',(0.,0.5,-0.866025403784));
#9023 = PCURVE('',#8315,#9024);
#9024 = DEFINITIONAL_REPRESENTATION('',(#9025),#9029);
#9025 = LINE('',#9026,#9027);
#9026 = CARTESIAN_POINT('',(0.,0.));
#9027 = VECTOR('',#9028,1.);
#9028 = DIRECTION('',(1.,0.));
#9029 = ( GEOMETRIC_REPRESENTATION_CONTEXT(2) 
PARAMETRIC_REPRESENTATION_CONTEXT() REPRESENTATION_CONTEXT('2D SPACE',''
  ) );
#9030 = PCURVE('',#8979,#9031);
#9031 = DEFINITIONAL_REPRESENTATION('',(#9032),#9036);
#9032 = LINE('',#9033,#9034);
#9033 = CARTESIAN_POINT('',(0.,0.));
#9034 = VECTOR('',#9035,1.);
#9035 = DIRECTION('',(1.,0.));
#9036 = ( GEOMETRIC_REPRESENTATION_CONTEXT(2) 
PARAMETRIC_REPRESENTATION_CONTEXT() REPRESENTATION_CONTEXT('2D SPACE',''
  ) );
#9037 = ORIENTED_EDGE('',*,*,#8991,.T.);
#9038 = ORIENTED_EDGE('',*,*,#8291,.T.);
#9039 = ORIENTED_EDGE('',*,*,#9040,.T.);
#9040 = EDGE_CURVE('',#8258,#9041,#9043,.T.);
#9041 = VERTEX_POINT('',#9042);
#9042 = CARTESIAN_POINT('',(2.,-41.76736465391,-12.45192378864));
#9043 = SURFACE_CURVE('',#9044,(#9048,#9055),.PCURVE_S1.);
#9044 = LINE('',#9045,#9046);
#9045 = CARTESIAN_POINT('',(2.,-37.87025033688,-10.20192378864));
#9046 = VECTOR('',#9047,1.);
#9047 = DIRECTION('',(0.,-0.866025403784,-0.5));
#9048 = PCURVE('',#8315,#9049);
#9049 = DEFINITIONAL_REPRESENTATION('',(#9050),#9054);
#9050 = LINE('',#9051,#9052);
#9051 = CARTESIAN_POINT('',(0.,0.));
#9052 = VECTOR('',#9053,1.);
#9053 = DIRECTION('',(0.,-1.));
#9054 = ( GEOMETRIC_REPRESENTATION_CONTEXT(2) 
PARAMETRIC_REPRESENTATION_CONTEXT() REPRESENTATION_CONTEXT('2D SPACE',''
  ) );
#9055 = PCURVE('',#8277,#9056);
#9056 = DEFINITIONAL_REPRESENTATION('',(#9057),#9061);
#9057 = LINE('',#9058,#9059);
#9058 = CARTESIAN_POINT('',(0.,0.));
#9059 = VECTOR('',#9060,1.);
#9060 = DIRECTION('',(0.,1.));
#9061 = ( GEOMETRIC_REPRESENTATION_CONTEXT(2) 
PARAMETRIC_REPRESENTATION_CONTEXT() REPRESENTATION_CONTEXT('2D SPACE',''
  ) );
#9062 = ORIENTED_EDGE('',*,*,#9063,.T.);
#9063 = EDGE_CURVE('',#9041,#9064,#9066,.T.);
#9064 = VERTEX_POINT('',#9065);
#9065 = CARTESIAN_POINT('',(2.,-40.16736465391,-15.22320508075));
#9066 = SURFACE_CURVE('',#9067,(#9071,#9078),.PCURVE_S1.);
#9067 = LINE('',#9068,#9069);
#9068 = CARTESIAN_POINT('',(2.,-41.76736465391,-12.45192378864));
#9069 = VECTOR('',#9070,1.);
#9070 = DIRECTION('',(0.,0.5,-0.866025403784));
#9071 = PCURVE('',#8315,#9072);
#9072 = DEFINITIONAL_REPRESENTATION('',(#9073),#9077);
#9073 = LINE('',#9074,#9075);
#9074 = CARTESIAN_POINT('',(6.661338147751E-16,-4.5));
#9075 = VECTOR('',#9076,1.);
#9076 = DIRECTION('',(1.,0.));
#9077 = ( GEOMETRIC_REPRESENTATION_CONTEXT(2) 
PARAMETRIC_REPRESENTATION_CONTEXT() REPRESENTATION_CONTEXT('2D SPACE',''
  ) );
#9078 = PCURVE('',#9079,#9084);
#9079 = PLANE('',#9080);
#9080 = AXIS2_PLACEMENT_3D('',#9081,#9082,#9083);
#9081 = CARTESIAN_POINT('',(2.,-41.76736465391,-12.45192378864));
#9082 = DIRECTION('',(0.,-0.866025403784,-0.5));
#9083 = DIRECTION('',(0.,0.5,-0.866025403784));
#9084 = DEFINITIONAL_REPRESENTATION('',(#9085),#9089);
#9085 = LINE('',#9086,#9087);
#9086 = CARTESIAN_POINT('',(0.,0.));
#9087 = VECTOR('',#9088,1.);
#9088 = DIRECTION('',(1.,0.));
#9089 = ( GEOMETRIC_REPRESENTATION_CONTEXT(2) 
PARAMETRIC_REPRESENTATION_CONTEXT() REPRESENTATION_CONTEXT('2D SPACE',''
  ) );
#9090 = ORIENTED_EDGE('',*,*,#9091,.F.);
#9091 = EDGE_CURVE('',#9092,#9064,#9094,.T.);
#9092 = VERTEX_POINT('',#9093);
#9093 = CARTESIAN_POINT('',(2.,-39.89269838591,-15.06462643699));
#9094 = SURFACE_CURVE('',#9095,(#9099,#9106),.PCURVE_S1.);
#9095 = LINE('',#9096,#9097);
#9096 = CARTESIAN_POINT('',(2.,-36.27025033688,-12.97320508075));
#9097 = VECTOR('',#9098,1.);
#9098 = DIRECTION('',(0.,-0.866025403784,-0.5));
#9099 = PCURVE('',#8315,#9100);
#9100 = DEFINITIONAL_REPRESENTATION('',(#9101),#9105);
#9101 = LINE('',#9102,#9103);
#9102 = CARTESIAN_POINT('',(3.2,2.22044604925E-15));
#9103 = VECTOR('',#9104,1.);
#9104 = DIRECTION('',(0.,-1.));
#9105 = ( GEOMETRIC_REPRESENTATION_CONTEXT(2) 
PARAMETRIC_REPRESENTATION_CONTEXT() REPRESENTATION_CONTEXT('2D SPACE',''
  ) );
#9106 = PCURVE('',#9107,#9112);
#9107 = PLANE('',#9108);
#9108 = AXIS2_PLACEMENT_3D('',#9109,#9110,#9111);
#9109 = CARTESIAN_POINT('',(2.,-36.27025033688,-12.97320508075));
#9110 = DIRECTION('',(0.,0.5,-0.866025403784));
#9111 = DIRECTION('',(1.,0.,0.));
#9112 = DEFINITIONAL_REPRESENTATION('',(#9113),#9117);
#9113 = LINE('',#9114,#9115);
#9114 = CARTESIAN_POINT('',(0.,0.));
#9115 = VECTOR('',#9116,1.);
#9116 = DIRECTION('',(0.,1.));
#9117 = ( GEOMETRIC_REPRESENTATION_CONTEXT(2) 
PARAMETRIC_REPRESENTATION_CONTEXT() REPRESENTATION_CONTEXT('2D SPACE',''
  ) );
#9118 = ORIENTED_EDGE('',*,*,#9119,.F.);
#9119 = EDGE_CURVE('',#9120,#9092,#9122,.T.);
#9120 = VERTEX_POINT('',#9121);
#9121 = CARTESIAN_POINT('',(2.,-39.85755703277,-15.15980762113));
#9122 = SURFACE_CURVE('',#9123,(#9128,#9139),.PCURVE_S1.);
#9123 = CIRCLE('',#9124,0.3);
#9124 = AXIS2_PLACEMENT_3D('',#9125,#9126,#9127);
#9125 = CARTESIAN_POINT('',(2.,-39.59774941164,-15.00980762113));
#9126 = DIRECTION('',(-1.,0.,-0.));
#9127 = DIRECTION('',(0.,0.5,-0.866025403784));
#9128 = PCURVE('',#8315,#9129);
#9129 = DEFINITIONAL_REPRESENTATION('',(#9130),#9138);
#9130 = ( BOUNDED_CURVE() B_SPLINE_CURVE(2,(#9131,#9132,#9133,#9134,
#9135,#9136,#9137),.UNSPECIFIED.,.T.,.F.) B_SPLINE_CURVE_WITH_KNOTS((1,2
    ,2,2,2,1),(-2.094395102393,0.,2.094395102393,4.188790204786,
6.28318530718,8.377580409573),.UNSPECIFIED.) CURVE() 
GEOMETRIC_REPRESENTATION_ITEM() RATIONAL_B_SPLINE_CURVE((1.,0.5,1.,0.5,
1.,0.5,1.)) REPRESENTATION_ITEM('') );
#9131 = CARTESIAN_POINT('',(3.6,-3.9));
#9132 = CARTESIAN_POINT('',(3.6,-4.419615242271));
#9133 = CARTESIAN_POINT('',(3.15,-4.159807621135));
#9134 = CARTESIAN_POINT('',(2.7,-3.9));
#9135 = CARTESIAN_POINT('',(3.15,-3.640192378865));
#9136 = CARTESIAN_POINT('',(3.6,-3.380384757729));
#9137 = CARTESIAN_POINT('',(3.6,-3.9));
#9138 = ( GEOMETRIC_REPRESENTATION_CONTEXT(2) 
PARAMETRIC_REPRESENTATION_CONTEXT() REPRESENTATION_CONTEXT('2D SPACE',''
  ) );
#9139 = PCURVE('',#9140,#9145);
#9140 = CYLINDRICAL_SURFACE('',#9141,0.3);
#9141 = AXIS2_PLACEMENT_3D('',#9142,#9143,#9144);
#9142 = CARTESIAN_POINT('',(2.,-39.59774941164,-15.00980762113));
#9143 = DIRECTION('',(1.,0.,0.));
#9144 = DIRECTION('',(0.,-0.866025403784,-0.5));
#9145 = DEFINITIONAL_REPRESENTATION('',(#9146),#9150);
#9146 = LINE('',#9147,#9148);
#9147 = CARTESIAN_POINT('',(1.570796326795,-0.));
#9148 = VECTOR('',#9149,1.);
#9149 = DIRECTION('',(-1.,0.));
#9150 = ( GEOMETRIC_REPRESENTATION_CONTEXT(2) 
PARAMETRIC_REPRESENTATION_CONTEXT() REPRESENTATION_CONTEXT('2D SPACE',''
  ) );
#9151 = ORIENTED_EDGE('',*,*,#9152,.T.);
#9152 = EDGE_CURVE('',#9120,#9153,#9155,.T.);
#9153 = VERTEX_POINT('',#9154);
#9154 = CARTESIAN_POINT('',(2.,-34.38746084334,-24.63429214352));
#9155 = SURFACE_CURVE('',#9156,(#9160,#9167),.PCURVE_S1.);
#9156 = LINE('',#9157,#9158);
#9157 = CARTESIAN_POINT('',(2.,-40.00755703277,-14.9));
#9158 = VECTOR('',#9159,1.);
#9159 = DIRECTION('',(0.,0.5,-0.866025403784));
#9160 = PCURVE('',#8315,#9161);
#9161 = DEFINITIONAL_REPRESENTATION('',(#9162),#9166);
#9162 = LINE('',#9163,#9164);
#9163 = CARTESIAN_POINT('',(3.,-4.2));
#9164 = VECTOR('',#9165,1.);
#9165 = DIRECTION('',(1.,0.));
#9166 = ( GEOMETRIC_REPRESENTATION_CONTEXT(2) 
PARAMETRIC_REPRESENTATION_CONTEXT() REPRESENTATION_CONTEXT('2D SPACE',''
  ) );
#9167 = PCURVE('',#9168,#9173);
#9168 = PLANE('',#9169);
#9169 = AXIS2_PLACEMENT_3D('',#9170,#9171,#9172);
#9170 = CARTESIAN_POINT('',(2.,-40.00755703277,-14.9));
#9171 = DIRECTION('',(0.,-0.866025403784,-0.5));
#9172 = DIRECTION('',(0.,0.5,-0.866025403784));
#9173 = DEFINITIONAL_REPRESENTATION('',(#9174),#9178);
#9174 = LINE('',#9175,#9176);
#9175 = CARTESIAN_POINT('',(0.,0.));
#9176 = VECTOR('',#9177,1.);
#9177 = DIRECTION('',(1.,0.));
#9178 = ( GEOMETRIC_REPRESENTATION_CONTEXT(2) 
PARAMETRIC_REPRESENTATION_CONTEXT() REPRESENTATION_CONTEXT('2D SPACE',''
  ) );
#9179 = ORIENTED_EDGE('',*,*,#9180,.F.);
#9180 = EDGE_CURVE('',#9181,#9153,#9183,.T.);
#9181 = VERTEX_POINT('',#9182);
#9182 = CARTESIAN_POINT('',(2.,-34.38746084334,-24.93429214352));
#9183 = SURFACE_CURVE('',#9184,(#9189,#9200),.PCURVE_S1.);
#9184 = CIRCLE('',#9185,0.3);
#9185 = AXIS2_PLACEMENT_3D('',#9186,#9187,#9188);
#9186 = CARTESIAN_POINT('',(2.,-34.1276532222,-24.78429214352));
#9187 = DIRECTION('',(-1.,0.,-0.));
#9188 = DIRECTION('',(0.,0.5,-0.866025403784));
#9189 = PCURVE('',#8315,#9190);
#9190 = DEFINITIONAL_REPRESENTATION('',(#9191),#9199);
#9191 = ( BOUNDED_CURVE() B_SPLINE_CURVE(2,(#9192,#9193,#9194,#9195,
#9196,#9197,#9198),.UNSPECIFIED.,.T.,.F.) B_SPLINE_CURVE_WITH_KNOTS((1,2
    ,2,2,2,1),(-2.094395102393,0.,2.094395102393,4.188790204786,
6.28318530718,8.377580409573),.UNSPECIFIED.) CURVE() 
GEOMETRIC_REPRESENTATION_ITEM() RATIONAL_B_SPLINE_CURVE((1.,0.5,1.,0.5,
1.,0.5,1.)) REPRESENTATION_ITEM('') );
#9192 = CARTESIAN_POINT('',(14.8,-4.05));
#9193 = CARTESIAN_POINT('',(14.8,-4.569615242271));
#9194 = CARTESIAN_POINT('',(14.35,-4.309807621135));
#9195 = CARTESIAN_POINT('',(13.9,-4.05));
#9196 = CARTESIAN_POINT('',(14.35,-3.790192378865));
#9197 = CARTESIAN_POINT('',(14.8,-3.530384757729));
#9198 = CARTESIAN_POINT('',(14.8,-4.05));
#9199 = ( GEOMETRIC_REPRESENTATION_CONTEXT(2) 
PARAMETRIC_REPRESENTATION_CONTEXT() REPRESENTATION_CONTEXT('2D SPACE',''
  ) );
#9200 = PCURVE('',#9201,#9206);
#9201 = CYLINDRICAL_SURFACE('',#9202,0.3);
#9202 = AXIS2_PLACEMENT_3D('',#9203,#9204,#9205);
#9203 = CARTESIAN_POINT('',(2.,-34.1276532222,-24.78429214352));
#9204 = DIRECTION('',(1.,0.,0.));
#9205 = DIRECTION('',(0.,-0.866025403784,-0.5));
#9206 = DEFINITIONAL_REPRESENTATION('',(#9207),#9211);
#9207 = LINE('',#9208,#9209);
#9208 = CARTESIAN_POINT('',(1.570796326795,-0.));
#9209 = VECTOR('',#9210,1.);
#9210 = DIRECTION('',(-1.,0.));
#9211 = ( GEOMETRIC_REPRESENTATION_CONTEXT(2) 
PARAMETRIC_REPRESENTATION_CONTEXT() REPRESENTATION_CONTEXT('2D SPACE',''
  ) );
#9212 = ORIENTED_EDGE('',*,*,#9213,.T.);
#9213 = EDGE_CURVE('',#9181,#9214,#9216,.T.);
#9214 = VERTEX_POINT('',#9215);
#9215 = CARTESIAN_POINT('',(2.,-33.88746084334,-25.8003175473));
#9216 = SURFACE_CURVE('',#9217,(#9221,#9228),.PCURVE_S1.);
#9217 = LINE('',#9218,#9219);
#9218 = CARTESIAN_POINT('',(2.,-34.53746084334,-24.67448452238));
#9219 = VECTOR('',#9220,1.);
#9220 = DIRECTION('',(0.,0.5,-0.866025403784));
#9221 = PCURVE('',#8315,#9222);
#9222 = DEFINITIONAL_REPRESENTATION('',(#9223),#9227);
#9223 = LINE('',#9224,#9225);
#9224 = CARTESIAN_POINT('',(14.2,-4.35));
#9225 = VECTOR('',#9226,1.);
#9226 = DIRECTION('',(1.,0.));
#9227 = ( GEOMETRIC_REPRESENTATION_CONTEXT(2) 
PARAMETRIC_REPRESENTATION_CONTEXT() REPRESENTATION_CONTEXT('2D SPACE',''
  ) );
#9228 = PCURVE('',#9229,#9234);
#9229 = PLANE('',#9230);
#9230 = AXIS2_PLACEMENT_3D('',#9231,#9232,#9233);
#9231 = CARTESIAN_POINT('',(2.,-34.53746084334,-24.67448452238));
#9232 = DIRECTION('',(0.,-0.866025403784,-0.5));
#9233 = DIRECTION('',(0.,0.5,-0.866025403784));
#9234 = DEFINITIONAL_REPRESENTATION('',(#9235),#9239);
#9235 = LINE('',#9236,#9237);
#9236 = CARTESIAN_POINT('',(0.,0.));
#9237 = VECTOR('',#9238,1.);
#9238 = DIRECTION('',(1.,0.));
#9239 = ( GEOMETRIC_REPRESENTATION_CONTEXT(2) 
PARAMETRIC_REPRESENTATION_CONTEXT() REPRESENTATION_CONTEXT('2D SPACE',''
  ) );
#9240 = ORIENTED_EDGE('',*,*,#9241,.T.);
#9241 = EDGE_CURVE('',#9214,#9242,#9244,.T.);
#9242 = VERTEX_POINT('',#9243);
#9243 = CARTESIAN_POINT('',(2.,-33.61983041234,-25.95021553603));
#9244 = SURFACE_CURVE('',#9245,(#9250,#9257),.PCURVE_S1.);
#9245 = CIRCLE('',#9246,0.3);
#9246 = AXIS2_PLACEMENT_3D('',#9247,#9248,#9249);
#9247 = CARTESIAN_POINT('',(2.,-33.6276532222,-25.6503175473));
#9248 = DIRECTION('',(1.,-0.,0.));
#9249 = DIRECTION('',(0.,0.5,-0.866025403784));
#9250 = PCURVE('',#8315,#9251);
#9251 = DEFINITIONAL_REPRESENTATION('',(#9252),#9256);
#9252 = CIRCLE('',#9253,0.3);
#9253 = AXIS2_PLACEMENT_2D('',#9254,#9255);
#9254 = CARTESIAN_POINT('',(15.5,-4.05));
#9255 = DIRECTION('',(1.,0.));
#9256 = ( GEOMETRIC_REPRESENTATION_CONTEXT(2) 
PARAMETRIC_REPRESENTATION_CONTEXT() REPRESENTATION_CONTEXT('2D SPACE',''
  ) );
#9257 = PCURVE('',#9258,#9263);
#9258 = CYLINDRICAL_SURFACE('',#9259,0.3);
#9259 = AXIS2_PLACEMENT_3D('',#9260,#9261,#9262);
#9260 = CARTESIAN_POINT('',(2.,-33.6276532222,-25.6503175473));
#9261 = DIRECTION('',(1.,0.,0.));
#9262 = DIRECTION('',(0.,-0.866025403784,-0.5));
#9263 = DEFINITIONAL_REPRESENTATION('',(#9264),#9268);
#9264 = LINE('',#9265,#9266);
#9265 = CARTESIAN_POINT('',(-4.712388980385,0.));
#9266 = VECTOR('',#9267,1.);
#9267 = DIRECTION('',(1.,0.));
#9268 = ( GEOMETRIC_REPRESENTATION_CONTEXT(2) 
PARAMETRIC_REPRESENTATION_CONTEXT() REPRESENTATION_CONTEXT('2D SPACE',''
  ) );
#9269 = ORIENTED_EDGE('',*,*,#9270,.T.);
#9270 = EDGE_CURVE('',#9242,#9271,#9273,.T.);
#9271 = VERTEX_POINT('',#9272);
#9272 = CARTESIAN_POINT('',(2.,-33.24774941164,-26.00833024919));
#9273 = SURFACE_CURVE('',#9274,(#9279,#9286),.PCURVE_S1.);
#9274 = CIRCLE('',#9275,0.3);
#9275 = AXIS2_PLACEMENT_3D('',#9276,#9277,#9278);
#9276 = CARTESIAN_POINT('',(2.,-33.39774941164,-25.74852262806));
#9277 = DIRECTION('',(1.,-0.,0.));
#9278 = DIRECTION('',(0.,0.5,-0.866025403784));
#9279 = PCURVE('',#8315,#9280);
#9280 = DEFINITIONAL_REPRESENTATION('',(#9281),#9285);
#9281 = CIRCLE('',#9282,0.3);
#9282 = AXIS2_PLACEMENT_2D('',#9283,#9284);
#9283 = CARTESIAN_POINT('',(15.7,-3.9));
#9284 = DIRECTION('',(1.,0.));
#9285 = ( GEOMETRIC_REPRESENTATION_CONTEXT(2) 
PARAMETRIC_REPRESENTATION_CONTEXT() REPRESENTATION_CONTEXT('2D SPACE',''
  ) );
#9286 = PCURVE('',#9287,#9292);
#9287 = CYLINDRICAL_SURFACE('',#9288,0.3);
#9288 = AXIS2_PLACEMENT_3D('',#9289,#9290,#9291);
#9289 = CARTESIAN_POINT('',(2.,-33.39774941164,-25.74852262806));
#9290 = DIRECTION('',(1.,0.,0.));
#9291 = DIRECTION('',(0.,-0.866025403784,-0.5));
#9292 = DEFINITIONAL_REPRESENTATION('',(#9293),#9297);
#9293 = LINE('',#9294,#9295);
#9294 = CARTESIAN_POINT('',(-4.712388980385,0.));
#9295 = VECTOR('',#9296,1.);
#9296 = DIRECTION('',(1.,0.));
#9297 = ( GEOMETRIC_REPRESENTATION_CONTEXT(2) 
PARAMETRIC_REPRESENTATION_CONTEXT() REPRESENTATION_CONTEXT('2D SPACE',''
  ) );
#9298 = ORIENTED_EDGE('',*,*,#9299,.F.);
#9299 = EDGE_CURVE('',#9300,#9271,#9302,.T.);
#9300 = VERTEX_POINT('',#9301);
#9301 = CARTESIAN_POINT('',(2.,-32.81473670974,-25.75833024919));
#9302 = SURFACE_CURVE('',#9303,(#9307,#9314),.PCURVE_S1.);
#9303 = LINE('',#9304,#9305);
#9304 = CARTESIAN_POINT('',(2.,-32.55492908861,-25.60833024919));
#9305 = VECTOR('',#9306,1.);
#9306 = DIRECTION('',(0.,-0.866025403784,-0.5));
#9307 = PCURVE('',#8315,#9308);
#9308 = DEFINITIONAL_REPRESENTATION('',(#9309),#9313);
#9309 = LINE('',#9310,#9311);
#9310 = CARTESIAN_POINT('',(16.,-3.1));
#9311 = VECTOR('',#9312,1.);
#9312 = DIRECTION('',(0.,-1.));
#9313 = ( GEOMETRIC_REPRESENTATION_CONTEXT(2) 
PARAMETRIC_REPRESENTATION_CONTEXT() REPRESENTATION_CONTEXT('2D SPACE',''
  ) );
#9314 = PCURVE('',#9315,#9320);
#9315 = PLANE('',#9316);
#9316 = AXIS2_PLACEMENT_3D('',#9317,#9318,#9319);
#9317 = CARTESIAN_POINT('',(2.,-32.55492908861,-25.60833024919));
#9318 = DIRECTION('',(0.,0.5,-0.866025403784));
#9319 = DIRECTION('',(1.,0.,0.));
#9320 = DEFINITIONAL_REPRESENTATION('',(#9321),#9325);
#9321 = LINE('',#9322,#9323);
#9322 = CARTESIAN_POINT('',(0.,0.));
#9323 = VECTOR('',#9324,1.);
#9324 = DIRECTION('',(0.,1.));
#9325 = ( GEOMETRIC_REPRESENTATION_CONTEXT(2) 
PARAMETRIC_REPRESENTATION_CONTEXT() REPRESENTATION_CONTEXT('2D SPACE',''
  ) );
#9326 = ORIENTED_EDGE('',*,*,#9327,.F.);
#9327 = EDGE_CURVE('',#9328,#9300,#9330,.T.);
#9328 = VERTEX_POINT('',#9329);
#9329 = CARTESIAN_POINT('',(2.,-32.66978773547,-25.4437038122));
#9330 = SURFACE_CURVE('',#9331,(#9336,#9347),.PCURVE_S1.);
#9331 = CIRCLE('',#9332,0.3);
#9332 = AXIS2_PLACEMENT_3D('',#9333,#9334,#9335);
#9333 = CARTESIAN_POINT('',(2.,-32.96473670974,-25.49852262806));
#9334 = DIRECTION('',(-1.,0.,-0.));
#9335 = DIRECTION('',(0.,0.5,-0.866025403784));
#9336 = PCURVE('',#8315,#9337);
#9337 = DEFINITIONAL_REPRESENTATION('',(#9338),#9346);
#9338 = ( BOUNDED_CURVE() B_SPLINE_CURVE(2,(#9339,#9340,#9341,#9342,
#9343,#9344,#9345),.UNSPECIFIED.,.T.,.F.) B_SPLINE_CURVE_WITH_KNOTS((1,2
    ,2,2,2,1),(-2.094395102393,0.,2.094395102393,4.188790204786,
6.28318530718,8.377580409573),.UNSPECIFIED.) CURVE() 
GEOMETRIC_REPRESENTATION_ITEM() RATIONAL_B_SPLINE_CURVE((1.,0.5,1.,0.5,
1.,0.5,1.)) REPRESENTATION_ITEM('') );
#9339 = CARTESIAN_POINT('',(16.,-3.4));
#9340 = CARTESIAN_POINT('',(16.,-3.919615242271));
#9341 = CARTESIAN_POINT('',(15.55,-3.659807621135));
#9342 = CARTESIAN_POINT('',(15.1,-3.4));
#9343 = CARTESIAN_POINT('',(15.55,-3.140192378865));
#9344 = CARTESIAN_POINT('',(16.,-2.880384757729));
#9345 = CARTESIAN_POINT('',(16.,-3.4));
#9346 = ( GEOMETRIC_REPRESENTATION_CONTEXT(2) 
PARAMETRIC_REPRESENTATION_CONTEXT() REPRESENTATION_CONTEXT('2D SPACE',''
  ) );
#9347 = PCURVE('',#9348,#9353);
#9348 = CYLINDRICAL_SURFACE('',#9349,0.3);
#9349 = AXIS2_PLACEMENT_3D('',#9350,#9351,#9352);
#9350 = CARTESIAN_POINT('',(2.,-32.96473670974,-25.49852262806));
#9351 = DIRECTION('',(1.,0.,0.));
#9352 = DIRECTION('',(0.,0.866025403784,0.5));
#9353 = DEFINITIONAL_REPRESENTATION('',(#9354),#9358);
#9354 = LINE('',#9355,#9356);
#9355 = CARTESIAN_POINT('',(4.712388980385,-0.));
#9356 = VECTOR('',#9357,1.);
#9357 = DIRECTION('',(-1.,0.));
#9358 = ( GEOMETRIC_REPRESENTATION_CONTEXT(2) 
PARAMETRIC_REPRESENTATION_CONTEXT() REPRESENTATION_CONTEXT('2D SPACE',''
  ) );
#9359 = ORIENTED_EDGE('',*,*,#9360,.F.);
#9360 = EDGE_CURVE('',#9361,#9328,#9363,.T.);
#9361 = VERTEX_POINT('',#9362);
#9362 = CARTESIAN_POINT('',(2.,-32.09201257615,-25.11012516844));
#9363 = SURFACE_CURVE('',#9364,(#9368,#9375),.PCURVE_S1.);
#9364 = LINE('',#9365,#9366);
#9365 = CARTESIAN_POINT('',(2.,-31.83220495501,-24.96012516844));
#9366 = VECTOR('',#9367,1.);
#9367 = DIRECTION('',(0.,-0.866025403784,-0.5));
#9368 = PCURVE('',#8315,#9369);
#9369 = DEFINITIONAL_REPRESENTATION('',(#9370),#9374);
#9370 = LINE('',#9371,#9372);
#9371 = CARTESIAN_POINT('',(15.8,-2.15));
#9372 = VECTOR('',#9373,1.);
#9373 = DIRECTION('',(0.,-1.));
#9374 = ( GEOMETRIC_REPRESENTATION_CONTEXT(2) 
PARAMETRIC_REPRESENTATION_CONTEXT() REPRESENTATION_CONTEXT('2D SPACE',''
  ) );
#9375 = PCURVE('',#9376,#9381);
#9376 = PLANE('',#9377);
#9377 = AXIS2_PLACEMENT_3D('',#9378,#9379,#9380);
#9378 = CARTESIAN_POINT('',(2.,-31.83220495501,-24.96012516844));
#9379 = DIRECTION('',(0.,0.5,-0.866025403784));
#9380 = DIRECTION('',(1.,0.,0.));
#9381 = DEFINITIONAL_REPRESENTATION('',(#9382),#9386);
#9382 = LINE('',#9383,#9384);
#9383 = CARTESIAN_POINT('',(0.,0.));
#9384 = VECTOR('',#9385,1.);
#9385 = DIRECTION('',(0.,1.));
#9386 = ( GEOMETRIC_REPRESENTATION_CONTEXT(2) 
PARAMETRIC_REPRESENTATION_CONTEXT() REPRESENTATION_CONTEXT('2D SPACE',''
  ) );
#9387 = ORIENTED_EDGE('',*,*,#9388,.F.);
#9388 = EDGE_CURVE('',#9389,#9361,#9391,.T.);
#9389 = VERTEX_POINT('',#9390);
#9390 = CARTESIAN_POINT('',(2.,-31.98220495501,-24.7003175473));
#9391 = SURFACE_CURVE('',#9392,(#9397,#9408),.PCURVE_S1.);
#9392 = CIRCLE('',#9393,0.3);
#9393 = AXIS2_PLACEMENT_3D('',#9394,#9395,#9396);
#9394 = CARTESIAN_POINT('',(2.,-32.24201257615,-24.8503175473));
#9395 = DIRECTION('',(-1.,0.,-0.));
#9396 = DIRECTION('',(0.,0.5,-0.866025403784));
#9397 = PCURVE('',#8315,#9398);
#9398 = DEFINITIONAL_REPRESENTATION('',(#9399),#9407);
#9399 = ( BOUNDED_CURVE() B_SPLINE_CURVE(2,(#9400,#9401,#9402,#9403,
#9404,#9405,#9406),.UNSPECIFIED.,.T.,.F.) B_SPLINE_CURVE_WITH_KNOTS((1,2
    ,2,2,2,1),(-2.094395102393,0.,2.094395102393,4.188790204786,
6.28318530718,8.377580409573),.UNSPECIFIED.) CURVE() 
GEOMETRIC_REPRESENTATION_ITEM() RATIONAL_B_SPLINE_CURVE((1.,0.5,1.,0.5,
1.,0.5,1.)) REPRESENTATION_ITEM('') );
#9400 = CARTESIAN_POINT('',(15.8,-2.45));
#9401 = CARTESIAN_POINT('',(15.8,-2.969615242271));
#9402 = CARTESIAN_POINT('',(15.35,-2.709807621135));
#9403 = CARTESIAN_POINT('',(14.9,-2.45));
#9404 = CARTESIAN_POINT('',(15.35,-2.190192378865));
#9405 = CARTESIAN_POINT('',(15.8,-1.930384757729));
#9406 = CARTESIAN_POINT('',(15.8,-2.45));
#9407 = ( GEOMETRIC_REPRESENTATION_CONTEXT(2) 
PARAMETRIC_REPRESENTATION_CONTEXT() REPRESENTATION_CONTEXT('2D SPACE',''
  ) );
#9408 = PCURVE('',#9409,#9414);
#9409 = CYLINDRICAL_SURFACE('',#9410,0.3);
#9410 = AXIS2_PLACEMENT_3D('',#9411,#9412,#9413);
#9411 = CARTESIAN_POINT('',(2.,-32.24201257615,-24.8503175473));
#9412 = DIRECTION('',(1.,0.,0.));
#9413 = DIRECTION('',(0.,0.866025403784,0.5));
#9414 = DEFINITIONAL_REPRESENTATION('',(#9415),#9419);
#9415 = LINE('',#9416,#9417);
#9416 = CARTESIAN_POINT('',(4.712388980385,-0.));
#9417 = VECTOR('',#9418,1.);
#9418 = DIRECTION('',(-1.,0.));
#9419 = ( GEOMETRIC_REPRESENTATION_CONTEXT(2) 
PARAMETRIC_REPRESENTATION_CONTEXT() REPRESENTATION_CONTEXT('2D SPACE',''
  ) );
#9420 = ORIENTED_EDGE('',*,*,#9421,.F.);
#9421 = EDGE_CURVE('',#9422,#9389,#9424,.T.);
#9422 = VERTEX_POINT('',#9423);
#9423 = CARTESIAN_POINT('',(2.,-32.48220495501,-23.83429214352));
#9424 = SURFACE_CURVE('',#9425,(#9429,#9436),.PCURVE_S1.);
#9425 = LINE('',#9426,#9427);
#9426 = CARTESIAN_POINT('',(2.,-32.63220495501,-23.57448452238));
#9427 = VECTOR('',#9428,1.);
#9428 = DIRECTION('',(0.,0.5,-0.866025403784));
#9429 = PCURVE('',#8315,#9430);
#9430 = DEFINITIONAL_REPRESENTATION('',(#9431),#9435);
#9431 = LINE('',#9432,#9433);
#9432 = CARTESIAN_POINT('',(14.2,-2.15));
#9433 = VECTOR('',#9434,1.);
#9434 = DIRECTION('',(1.,0.));
#9435 = ( GEOMETRIC_REPRESENTATION_CONTEXT(2) 
PARAMETRIC_REPRESENTATION_CONTEXT() REPRESENTATION_CONTEXT('2D SPACE',''
  ) );
#9436 = PCURVE('',#9437,#9442);
#9437 = PLANE('',#9438);
#9438 = AXIS2_PLACEMENT_3D('',#9439,#9440,#9441);
#9439 = CARTESIAN_POINT('',(2.,-32.63220495501,-23.57448452238));
#9440 = DIRECTION('',(0.,-0.866025403784,-0.5));
#9441 = DIRECTION('',(0.,0.5,-0.866025403784));
#9442 = DEFINITIONAL_REPRESENTATION('',(#9443),#9447);
#9443 = LINE('',#9444,#9445);
#9444 = CARTESIAN_POINT('',(0.,0.));
#9445 = VECTOR('',#9446,1.);
#9446 = DIRECTION('',(1.,0.));
#9447 = ( GEOMETRIC_REPRESENTATION_CONTEXT(2) 
PARAMETRIC_REPRESENTATION_CONTEXT() REPRESENTATION_CONTEXT('2D SPACE',''
  ) );
#9448 = ORIENTED_EDGE('',*,*,#9449,.T.);
#9449 = EDGE_CURVE('',#9422,#9450,#9452,.T.);
#9450 = VERTEX_POINT('',#9451);
#9451 = CARTESIAN_POINT('',(2.,-32.89201257615,-23.72448452238));
#9452 = SURFACE_CURVE('',#9453,(#9458,#9465),.PCURVE_S1.);
#9453 = CIRCLE('',#9454,0.3);
#9454 = AXIS2_PLACEMENT_3D('',#9455,#9456,#9457);
#9455 = CARTESIAN_POINT('',(2.,-32.74201257615,-23.98429214352));
#9456 = DIRECTION('',(1.,-0.,0.));
#9457 = DIRECTION('',(0.,0.5,-0.866025403784));
#9458 = PCURVE('',#8315,#9459);
#9459 = DEFINITIONAL_REPRESENTATION('',(#9460),#9464);
#9460 = CIRCLE('',#9461,0.3);
#9461 = AXIS2_PLACEMENT_2D('',#9462,#9463);
#9462 = CARTESIAN_POINT('',(14.5,-2.45));
#9463 = DIRECTION('',(1.,0.));
#9464 = ( GEOMETRIC_REPRESENTATION_CONTEXT(2) 
PARAMETRIC_REPRESENTATION_CONTEXT() REPRESENTATION_CONTEXT('2D SPACE',''
  ) );
#9465 = PCURVE('',#9466,#9471);
#9466 = CYLINDRICAL_SURFACE('',#9467,0.3);
#9467 = AXIS2_PLACEMENT_3D('',#9468,#9469,#9470);
#9468 = CARTESIAN_POINT('',(2.,-32.74201257615,-23.98429214352));
#9469 = DIRECTION('',(1.,0.,0.));
#9470 = DIRECTION('',(0.,0.866025403784,0.5));
#9471 = DEFINITIONAL_REPRESENTATION('',(#9472),#9476);
#9472 = LINE('',#9473,#9474);
#9473 = CARTESIAN_POINT('',(-1.570796326795,0.));
#9474 = VECTOR('',#9475,1.);
#9475 = DIRECTION('',(1.,0.));
#9476 = ( GEOMETRIC_REPRESENTATION_CONTEXT(2) 
PARAMETRIC_REPRESENTATION_CONTEXT() REPRESENTATION_CONTEXT('2D SPACE',''
  ) );
#9477 = ORIENTED_EDGE('',*,*,#9478,.T.);
#9478 = EDGE_CURVE('',#9450,#9479,#9481,.T.);
#9479 = VERTEX_POINT('',#9480);
#9480 = CARTESIAN_POINT('',(2.,-33.45492908861,-24.04948452238));
#9481 = SURFACE_CURVE('',#9482,(#9486,#9493),.PCURVE_S1.);
#9482 = LINE('',#9483,#9484);
#9483 = CARTESIAN_POINT('',(2.,-32.63220495501,-23.57448452238));
#9484 = VECTOR('',#9485,1.);
#9485 = DIRECTION('',(0.,-0.866025403784,-0.5));
#9486 = PCURVE('',#8315,#9487);
#9487 = DEFINITIONAL_REPRESENTATION('',(#9488),#9492);
#9488 = LINE('',#9489,#9490);
#9489 = CARTESIAN_POINT('',(14.2,-2.15));
#9490 = VECTOR('',#9491,1.);
#9491 = DIRECTION('',(0.,-1.));
#9492 = ( GEOMETRIC_REPRESENTATION_CONTEXT(2) 
PARAMETRIC_REPRESENTATION_CONTEXT() REPRESENTATION_CONTEXT('2D SPACE',''
  ) );
#9493 = PCURVE('',#9494,#9499);
#9494 = PLANE('',#9495);
#9495 = AXIS2_PLACEMENT_3D('',#9496,#9497,#9498);
#9496 = CARTESIAN_POINT('',(2.,-32.63220495501,-23.57448452238));
#9497 = DIRECTION('',(0.,0.5,-0.866025403784));
#9498 = DIRECTION('',(1.,0.,0.));
#9499 = DEFINITIONAL_REPRESENTATION('',(#9500),#9504);
#9500 = LINE('',#9501,#9502);
#9501 = CARTESIAN_POINT('',(0.,0.));
#9502 = VECTOR('',#9503,1.);
#9503 = DIRECTION('',(0.,1.));
#9504 = ( GEOMETRIC_REPRESENTATION_CONTEXT(2) 
PARAMETRIC_REPRESENTATION_CONTEXT() REPRESENTATION_CONTEXT('2D SPACE',''
  ) );
#9505 = ORIENTED_EDGE('',*,*,#9506,.F.);
#9506 = EDGE_CURVE('',#9507,#9479,#9509,.T.);
#9507 = VERTEX_POINT('',#9508);
#9508 = CARTESIAN_POINT('',(2.,-38.90492908861,-14.60980762113));
#9509 = SURFACE_CURVE('',#9510,(#9514,#9521),.PCURVE_S1.);
#9510 = LINE('',#9511,#9512);
#9511 = CARTESIAN_POINT('',(2.,-39.05492908861,-14.35));
#9512 = VECTOR('',#9513,1.);
#9513 = DIRECTION('',(0.,0.5,-0.866025403784));
#9514 = PCURVE('',#8315,#9515);
#9515 = DEFINITIONAL_REPRESENTATION('',(#9516),#9520);
#9516 = LINE('',#9517,#9518);
#9517 = CARTESIAN_POINT('',(3.,-3.1));
#9518 = VECTOR('',#9519,1.);
#9519 = DIRECTION('',(1.,0.));
#9520 = ( GEOMETRIC_REPRESENTATION_CONTEXT(2) 
PARAMETRIC_REPRESENTATION_CONTEXT() REPRESENTATION_CONTEXT('2D SPACE',''
  ) );
#9521 = PCURVE('',#9522,#9527);
#9522 = PLANE('',#9523);
#9523 = AXIS2_PLACEMENT_3D('',#9524,#9525,#9526);
#9524 = CARTESIAN_POINT('',(2.,-39.05492908861,-14.35));
#9525 = DIRECTION('',(0.,-0.866025403784,-0.5));
#9526 = DIRECTION('',(0.,0.5,-0.866025403784));
#9527 = DEFINITIONAL_REPRESENTATION('',(#9528),#9532);
#9528 = LINE('',#9529,#9530);
#9529 = CARTESIAN_POINT('',(0.,0.));
#9530 = VECTOR('',#9531,1.);
#9531 = DIRECTION('',(1.,0.));
#9532 = ( GEOMETRIC_REPRESENTATION_CONTEXT(2) 
PARAMETRIC_REPRESENTATION_CONTEXT() REPRESENTATION_CONTEXT('2D SPACE',''
  ) );
#9533 = ORIENTED_EDGE('',*,*,#9534,.T.);
#9534 = EDGE_CURVE('',#9507,#9535,#9537,.T.);
#9535 = VERTEX_POINT('',#9536);
#9536 = CARTESIAN_POINT('',(2.,-38.96978773547,-14.53178372452));
#9537 = SURFACE_CURVE('',#9538,(#9543,#9550),.PCURVE_S1.);
#9538 = CIRCLE('',#9539,0.3);
#9539 = AXIS2_PLACEMENT_3D('',#9540,#9541,#9542);
#9540 = CARTESIAN_POINT('',(2.,-39.16473670974,-14.75980762113));
#9541 = DIRECTION('',(1.,-0.,0.));
#9542 = DIRECTION('',(0.,0.5,-0.866025403784));
#9543 = PCURVE('',#8315,#9544);
#9544 = DEFINITIONAL_REPRESENTATION('',(#9545),#9549);
#9545 = CIRCLE('',#9546,0.3);
#9546 = AXIS2_PLACEMENT_2D('',#9547,#9548);
#9547 = CARTESIAN_POINT('',(3.3,-3.4));
#9548 = DIRECTION('',(1.,0.));
#9549 = ( GEOMETRIC_REPRESENTATION_CONTEXT(2) 
PARAMETRIC_REPRESENTATION_CONTEXT() REPRESENTATION_CONTEXT('2D SPACE',''
  ) );
#9550 = PCURVE('',#9551,#9556);
#9551 = CYLINDRICAL_SURFACE('',#9552,0.3);
#9552 = AXIS2_PLACEMENT_3D('',#9553,#9554,#9555);
#9553 = CARTESIAN_POINT('',(2.,-39.16473670974,-14.75980762113));
#9554 = DIRECTION('',(1.,0.,0.));
#9555 = DIRECTION('',(0.,0.866025403784,0.5));
#9556 = DEFINITIONAL_REPRESENTATION('',(#9557),#9561);
#9557 = LINE('',#9558,#9559);
#9558 = CARTESIAN_POINT('',(-1.570796326795,0.));
#9559 = VECTOR('',#9560,1.);
#9560 = DIRECTION('',(1.,0.));
#9561 = ( GEOMETRIC_REPRESENTATION_CONTEXT(2) 
PARAMETRIC_REPRESENTATION_CONTEXT() REPRESENTATION_CONTEXT('2D SPACE',''
  ) );
#9562 = ORIENTED_EDGE('',*,*,#9563,.F.);
#9563 = EDGE_CURVE('',#9016,#9535,#9564,.T.);
#9564 = SURFACE_CURVE('',#9565,(#9569,#9576),.PCURVE_S1.);
#9565 = LINE('',#9566,#9567);
#9566 = CARTESIAN_POINT('',(2.,-36.27025033688,-12.97320508075));
#9567 = VECTOR('',#9568,1.);
#9568 = DIRECTION('',(0.,-0.866025403784,-0.5));
#9569 = PCURVE('',#8315,#9570);
#9570 = DEFINITIONAL_REPRESENTATION('',(#9571),#9575);
#9571 = LINE('',#9572,#9573);
#9572 = CARTESIAN_POINT('',(3.2,2.22044604925E-15));
#9573 = VECTOR('',#9574,1.);
#9574 = DIRECTION('',(0.,-1.));
#9575 = ( GEOMETRIC_REPRESENTATION_CONTEXT(2) 
PARAMETRIC_REPRESENTATION_CONTEXT() REPRESENTATION_CONTEXT('2D SPACE',''
  ) );
#9576 = PCURVE('',#9577,#9582);
#9577 = PLANE('',#9578);
#9578 = AXIS2_PLACEMENT_3D('',#9579,#9580,#9581);
#9579 = CARTESIAN_POINT('',(2.,-36.27025033688,-12.97320508075));
#9580 = DIRECTION('',(0.,0.5,-0.866025403784));
#9581 = DIRECTION('',(1.,0.,0.));
#9582 = DEFINITIONAL_REPRESENTATION('',(#9583),#9587);
#9583 = LINE('',#9584,#9585);
#9584 = CARTESIAN_POINT('',(0.,0.));
#9585 = VECTOR('',#9586,1.);
#9586 = DIRECTION('',(0.,1.));
#9587 = ( GEOMETRIC_REPRESENTATION_CONTEXT(2) 
PARAMETRIC_REPRESENTATION_CONTEXT() REPRESENTATION_CONTEXT('2D SPACE',''
  ) );
#9588 = ADVANCED_FACE('',(#9589),#8277,.F.);
#9589 = FACE_BOUND('',#9590,.F.);
#9590 = EDGE_LOOP('',(#9591,#9592,#9593,#9616));
#9591 = ORIENTED_EDGE('',*,*,#9040,.F.);
#9592 = ORIENTED_EDGE('',*,*,#8257,.F.);
#9593 = ORIENTED_EDGE('',*,*,#9594,.T.);
#9594 = EDGE_CURVE('',#8218,#9595,#9597,.T.);
#9595 = VERTEX_POINT('',#9596);
#9596 = CARTESIAN_POINT('',(22.,-41.76736465391,-12.45192378864));
#9597 = SURFACE_CURVE('',#9598,(#9602,#9609),.PCURVE_S1.);
#9598 = LINE('',#9599,#9600);
#9599 = CARTESIAN_POINT('',(22.,-37.87025033688,-10.20192378864));
#9600 = VECTOR('',#9601,1.);
#9601 = DIRECTION('',(0.,-0.866025403784,-0.5));
#9602 = PCURVE('',#8277,#9603);
#9603 = DEFINITIONAL_REPRESENTATION('',(#9604),#9608);
#9604 = LINE('',#9605,#9606);
#9605 = CARTESIAN_POINT('',(20.,0.));
#9606 = VECTOR('',#9607,1.);
#9607 = DIRECTION('',(0.,1.));
#9608 = ( GEOMETRIC_REPRESENTATION_CONTEXT(2) 
PARAMETRIC_REPRESENTATION_CONTEXT() REPRESENTATION_CONTEXT('2D SPACE',''
  ) );
#9609 = PCURVE('',#8241,#9610);
#9610 = DEFINITIONAL_REPRESENTATION('',(#9611),#9615);
#9611 = LINE('',#9612,#9613);
#9612 = CARTESIAN_POINT('',(0.,0.));
#9613 = VECTOR('',#9614,1.);
#9614 = DIRECTION('',(0.,-1.));
#9615 = ( GEOMETRIC_REPRESENTATION_CONTEXT(2) 
PARAMETRIC_REPRESENTATION_CONTEXT() REPRESENTATION_CONTEXT('2D SPACE',''
  ) );
#9616 = ORIENTED_EDGE('',*,*,#9617,.F.);
#9617 = EDGE_CURVE('',#9041,#9595,#9618,.T.);
#9618 = SURFACE_CURVE('',#9619,(#9623,#9630),.PCURVE_S1.);
#9619 = LINE('',#9620,#9621);
#9620 = CARTESIAN_POINT('',(2.,-41.76736465391,-12.45192378864));
#9621 = VECTOR('',#9622,1.);
#9622 = DIRECTION('',(1.,0.,0.));
#9623 = PCURVE('',#8277,#9624);
#9624 = DEFINITIONAL_REPRESENTATION('',(#9625),#9629);
#9625 = LINE('',#9626,#9627);
#9626 = CARTESIAN_POINT('',(0.,4.5));
#9627 = VECTOR('',#9628,1.);
#9628 = DIRECTION('',(1.,0.));
#9629 = ( GEOMETRIC_REPRESENTATION_CONTEXT(2) 
PARAMETRIC_REPRESENTATION_CONTEXT() REPRESENTATION_CONTEXT('2D SPACE',''
  ) );
#9630 = PCURVE('',#9079,#9631);
#9631 = DEFINITIONAL_REPRESENTATION('',(#9632),#9636);
#9632 = LINE('',#9633,#9634);
#9633 = CARTESIAN_POINT('',(0.,0.));
#9634 = VECTOR('',#9635,1.);
#9635 = DIRECTION('',(0.,1.));
#9636 = ( GEOMETRIC_REPRESENTATION_CONTEXT(2) 
PARAMETRIC_REPRESENTATION_CONTEXT() REPRESENTATION_CONTEXT('2D SPACE',''
  ) );
#9637 = ADVANCED_FACE('',(#9638),#8241,.T.);
#9638 = FACE_BOUND('',#9639,.T.);
#9639 = EDGE_LOOP('',(#9640,#9663,#9664,#9665,#9666,#9689,#9712,#9740,
    #9763,#9791,#9814,#9838,#9862,#9885,#9913,#9936,#9964,#9987,#10011,
    #10034,#10057,#10081));
#9640 = ORIENTED_EDGE('',*,*,#9641,.F.);
#9641 = EDGE_CURVE('',#8941,#9642,#9644,.T.);
#9642 = VERTEX_POINT('',#9643);
#9643 = CARTESIAN_POINT('',(22.,-36.27025033688,-12.97320508075));
#9644 = SURFACE_CURVE('',#9645,(#9649,#9656),.PCURVE_S1.);
#9645 = LINE('',#9646,#9647);
#9646 = CARTESIAN_POINT('',(22.,-37.87025033688,-10.20192378864));
#9647 = VECTOR('',#9648,1.);
#9648 = DIRECTION('',(0.,0.5,-0.866025403784));
#9649 = PCURVE('',#8241,#9650);
#9650 = DEFINITIONAL_REPRESENTATION('',(#9651),#9655);
#9651 = LINE('',#9652,#9653);
#9652 = CARTESIAN_POINT('',(0.,0.));
#9653 = VECTOR('',#9654,1.);
#9654 = DIRECTION('',(1.,0.));
#9655 = ( GEOMETRIC_REPRESENTATION_CONTEXT(2) 
PARAMETRIC_REPRESENTATION_CONTEXT() REPRESENTATION_CONTEXT('2D SPACE',''
  ) );
#9656 = PCURVE('',#8979,#9657);
#9657 = DEFINITIONAL_REPRESENTATION('',(#9658),#9662);
#9658 = LINE('',#9659,#9660);
#9659 = CARTESIAN_POINT('',(0.,20.));
#9660 = VECTOR('',#9661,1.);
#9661 = DIRECTION('',(1.,0.));
#9662 = ( GEOMETRIC_REPRESENTATION_CONTEXT(2) 
PARAMETRIC_REPRESENTATION_CONTEXT() REPRESENTATION_CONTEXT('2D SPACE',''
  ) );
#9663 = ORIENTED_EDGE('',*,*,#8940,.T.);
#9664 = ORIENTED_EDGE('',*,*,#8217,.T.);
#9665 = ORIENTED_EDGE('',*,*,#9594,.T.);
#9666 = ORIENTED_EDGE('',*,*,#9667,.T.);
#9667 = EDGE_CURVE('',#9595,#9668,#9670,.T.);
#9668 = VERTEX_POINT('',#9669);
#9669 = CARTESIAN_POINT('',(22.,-40.16736465391,-15.22320508075));
#9670 = SURFACE_CURVE('',#9671,(#9675,#9682),.PCURVE_S1.);
#9671 = LINE('',#9672,#9673);
#9672 = CARTESIAN_POINT('',(22.,-41.76736465391,-12.45192378864));
#9673 = VECTOR('',#9674,1.);
#9674 = DIRECTION('',(0.,0.5,-0.866025403784));
#9675 = PCURVE('',#8241,#9676);
#9676 = DEFINITIONAL_REPRESENTATION('',(#9677),#9681);
#9677 = LINE('',#9678,#9679);
#9678 = CARTESIAN_POINT('',(6.661338147751E-16,-4.5));
#9679 = VECTOR('',#9680,1.);
#9680 = DIRECTION('',(1.,0.));
#9681 = ( GEOMETRIC_REPRESENTATION_CONTEXT(2) 
PARAMETRIC_REPRESENTATION_CONTEXT() REPRESENTATION_CONTEXT('2D SPACE',''
  ) );
#9682 = PCURVE('',#9079,#9683);
#9683 = DEFINITIONAL_REPRESENTATION('',(#9684),#9688);
#9684 = LINE('',#9685,#9686);
#9685 = CARTESIAN_POINT('',(0.,20.));
#9686 = VECTOR('',#9687,1.);
#9687 = DIRECTION('',(1.,0.));
#9688 = ( GEOMETRIC_REPRESENTATION_CONTEXT(2) 
PARAMETRIC_REPRESENTATION_CONTEXT() REPRESENTATION_CONTEXT('2D SPACE',''
  ) );
#9689 = ORIENTED_EDGE('',*,*,#9690,.F.);
#9690 = EDGE_CURVE('',#9691,#9668,#9693,.T.);
#9691 = VERTEX_POINT('',#9692);
#9692 = CARTESIAN_POINT('',(22.,-39.89269838591,-15.06462643699));
#9693 = SURFACE_CURVE('',#9694,(#9698,#9705),.PCURVE_S1.);
#9694 = LINE('',#9695,#9696);
#9695 = CARTESIAN_POINT('',(22.,-36.27025033688,-12.97320508075));
#9696 = VECTOR('',#9697,1.);
#9697 = DIRECTION('',(0.,-0.866025403784,-0.5));
#9698 = PCURVE('',#8241,#9699);
#9699 = DEFINITIONAL_REPRESENTATION('',(#9700),#9704);
#9700 = LINE('',#9701,#9702);
#9701 = CARTESIAN_POINT('',(3.2,2.22044604925E-15));
#9702 = VECTOR('',#9703,1.);
#9703 = DIRECTION('',(0.,-1.));
#9704 = ( GEOMETRIC_REPRESENTATION_CONTEXT(2) 
PARAMETRIC_REPRESENTATION_CONTEXT() REPRESENTATION_CONTEXT('2D SPACE',''
  ) );
#9705 = PCURVE('',#9107,#9706);
#9706 = DEFINITIONAL_REPRESENTATION('',(#9707),#9711);
#9707 = LINE('',#9708,#9709);
#9708 = CARTESIAN_POINT('',(20.,0.));
#9709 = VECTOR('',#9710,1.);
#9710 = DIRECTION('',(0.,1.));
#9711 = ( GEOMETRIC_REPRESENTATION_CONTEXT(2) 
PARAMETRIC_REPRESENTATION_CONTEXT() REPRESENTATION_CONTEXT('2D SPACE',''
  ) );
#9712 = ORIENTED_EDGE('',*,*,#9713,.F.);
#9713 = EDGE_CURVE('',#9714,#9691,#9716,.T.);
#9714 = VERTEX_POINT('',#9715);
#9715 = CARTESIAN_POINT('',(22.,-39.85755703277,-15.15980762113));
#9716 = SURFACE_CURVE('',#9717,(#9722,#9733),.PCURVE_S1.);
#9717 = CIRCLE('',#9718,0.3);
#9718 = AXIS2_PLACEMENT_3D('',#9719,#9720,#9721);
#9719 = CARTESIAN_POINT('',(22.,-39.59774941164,-15.00980762113));
#9720 = DIRECTION('',(-1.,0.,-0.));
#9721 = DIRECTION('',(0.,0.5,-0.866025403784));
#9722 = PCURVE('',#8241,#9723);
#9723 = DEFINITIONAL_REPRESENTATION('',(#9724),#9732);
#9724 = ( BOUNDED_CURVE() B_SPLINE_CURVE(2,(#9725,#9726,#9727,#9728,
#9729,#9730,#9731),.UNSPECIFIED.,.T.,.F.) B_SPLINE_CURVE_WITH_KNOTS((1,2
    ,2,2,2,1),(-2.094395102393,0.,2.094395102393,4.188790204786,
6.28318530718,8.377580409573),.UNSPECIFIED.) CURVE() 
GEOMETRIC_REPRESENTATION_ITEM() RATIONAL_B_SPLINE_CURVE((1.,0.5,1.,0.5,
1.,0.5,1.)) REPRESENTATION_ITEM('') );
#9725 = CARTESIAN_POINT('',(3.6,-3.9));
#9726 = CARTESIAN_POINT('',(3.6,-4.419615242271));
#9727 = CARTESIAN_POINT('',(3.15,-4.159807621135));
#9728 = CARTESIAN_POINT('',(2.7,-3.9));
#9729 = CARTESIAN_POINT('',(3.15,-3.640192378865));
#9730 = CARTESIAN_POINT('',(3.6,-3.380384757729));
#9731 = CARTESIAN_POINT('',(3.6,-3.9));
#9732 = ( GEOMETRIC_REPRESENTATION_CONTEXT(2) 
PARAMETRIC_REPRESENTATION_CONTEXT() REPRESENTATION_CONTEXT('2D SPACE',''
  ) );
#9733 = PCURVE('',#9140,#9734);
#9734 = DEFINITIONAL_REPRESENTATION('',(#9735),#9739);
#9735 = LINE('',#9736,#9737);
#9736 = CARTESIAN_POINT('',(1.570796326795,20.));
#9737 = VECTOR('',#9738,1.);
#9738 = DIRECTION('',(-1.,0.));
#9739 = ( GEOMETRIC_REPRESENTATION_CONTEXT(2) 
PARAMETRIC_REPRESENTATION_CONTEXT() REPRESENTATION_CONTEXT('2D SPACE',''
  ) );
#9740 = ORIENTED_EDGE('',*,*,#9741,.T.);
#9741 = EDGE_CURVE('',#9714,#9742,#9744,.T.);
#9742 = VERTEX_POINT('',#9743);
#9743 = CARTESIAN_POINT('',(22.,-34.38746084334,-24.63429214352));
#9744 = SURFACE_CURVE('',#9745,(#9749,#9756),.PCURVE_S1.);
#9745 = LINE('',#9746,#9747);
#9746 = CARTESIAN_POINT('',(22.,-40.00755703277,-14.9));
#9747 = VECTOR('',#9748,1.);
#9748 = DIRECTION('',(0.,0.5,-0.866025403784));
#9749 = PCURVE('',#8241,#9750);
#9750 = DEFINITIONAL_REPRESENTATION('',(#9751),#9755);
#9751 = LINE('',#9752,#9753);
#9752 = CARTESIAN_POINT('',(3.,-4.2));
#9753 = VECTOR('',#9754,1.);
#9754 = DIRECTION('',(1.,0.));
#9755 = ( GEOMETRIC_REPRESENTATION_CONTEXT(2) 
PARAMETRIC_REPRESENTATION_CONTEXT() REPRESENTATION_CONTEXT('2D SPACE',''
  ) );
#9756 = PCURVE('',#9168,#9757);
#9757 = DEFINITIONAL_REPRESENTATION('',(#9758),#9762);
#9758 = LINE('',#9759,#9760);
#9759 = CARTESIAN_POINT('',(0.,20.));
#9760 = VECTOR('',#9761,1.);
#9761 = DIRECTION('',(1.,0.));
#9762 = ( GEOMETRIC_REPRESENTATION_CONTEXT(2) 
PARAMETRIC_REPRESENTATION_CONTEXT() REPRESENTATION_CONTEXT('2D SPACE',''
  ) );
#9763 = ORIENTED_EDGE('',*,*,#9764,.F.);
#9764 = EDGE_CURVE('',#9765,#9742,#9767,.T.);
#9765 = VERTEX_POINT('',#9766);
#9766 = CARTESIAN_POINT('',(22.,-34.38746084334,-24.93429214352));
#9767 = SURFACE_CURVE('',#9768,(#9773,#9784),.PCURVE_S1.);
#9768 = CIRCLE('',#9769,0.3);
#9769 = AXIS2_PLACEMENT_3D('',#9770,#9771,#9772);
#9770 = CARTESIAN_POINT('',(22.,-34.1276532222,-24.78429214352));
#9771 = DIRECTION('',(-1.,0.,-0.));
#9772 = DIRECTION('',(0.,0.5,-0.866025403784));
#9773 = PCURVE('',#8241,#9774);
#9774 = DEFINITIONAL_REPRESENTATION('',(#9775),#9783);
#9775 = ( BOUNDED_CURVE() B_SPLINE_CURVE(2,(#9776,#9777,#9778,#9779,
#9780,#9781,#9782),.UNSPECIFIED.,.T.,.F.) B_SPLINE_CURVE_WITH_KNOTS((1,2
    ,2,2,2,1),(-2.094395102393,0.,2.094395102393,4.188790204786,
6.28318530718,8.377580409573),.UNSPECIFIED.) CURVE() 
GEOMETRIC_REPRESENTATION_ITEM() RATIONAL_B_SPLINE_CURVE((1.,0.5,1.,0.5,
1.,0.5,1.)) REPRESENTATION_ITEM('') );
#9776 = CARTESIAN_POINT('',(14.8,-4.05));
#9777 = CARTESIAN_POINT('',(14.8,-4.569615242271));
#9778 = CARTESIAN_POINT('',(14.35,-4.309807621135));
#9779 = CARTESIAN_POINT('',(13.9,-4.05));
#9780 = CARTESIAN_POINT('',(14.35,-3.790192378865));
#9781 = CARTESIAN_POINT('',(14.8,-3.530384757729));
#9782 = CARTESIAN_POINT('',(14.8,-4.05));
#9783 = ( GEOMETRIC_REPRESENTATION_CONTEXT(2) 
PARAMETRIC_REPRESENTATION_CONTEXT() REPRESENTATION_CONTEXT('2D SPACE',''
  ) );
#9784 = PCURVE('',#9201,#9785);
#9785 = DEFINITIONAL_REPRESENTATION('',(#9786),#9790);
#9786 = LINE('',#9787,#9788);
#9787 = CARTESIAN_POINT('',(1.570796326795,20.));
#9788 = VECTOR('',#9789,1.);
#9789 = DIRECTION('',(-1.,0.));
#9790 = ( GEOMETRIC_REPRESENTATION_CONTEXT(2) 
PARAMETRIC_REPRESENTATION_CONTEXT() REPRESENTATION_CONTEXT('2D SPACE',''
  ) );
#9791 = ORIENTED_EDGE('',*,*,#9792,.T.);
#9792 = EDGE_CURVE('',#9765,#9793,#9795,.T.);
#9793 = VERTEX_POINT('',#9794);
#9794 = CARTESIAN_POINT('',(22.,-33.88746084334,-25.8003175473));
#9795 = SURFACE_CURVE('',#9796,(#9800,#9807),.PCURVE_S1.);
#9796 = LINE('',#9797,#9798);
#9797 = CARTESIAN_POINT('',(22.,-34.53746084334,-24.67448452238));
#9798 = VECTOR('',#9799,1.);
#9799 = DIRECTION('',(0.,0.5,-0.866025403784));
#9800 = PCURVE('',#8241,#9801);
#9801 = DEFINITIONAL_REPRESENTATION('',(#9802),#9806);
#9802 = LINE('',#9803,#9804);
#9803 = CARTESIAN_POINT('',(14.2,-4.35));
#9804 = VECTOR('',#9805,1.);
#9805 = DIRECTION('',(1.,0.));
#9806 = ( GEOMETRIC_REPRESENTATION_CONTEXT(2) 
PARAMETRIC_REPRESENTATION_CONTEXT() REPRESENTATION_CONTEXT('2D SPACE',''
  ) );
#9807 = PCURVE('',#9229,#9808);
#9808 = DEFINITIONAL_REPRESENTATION('',(#9809),#9813);
#9809 = LINE('',#9810,#9811);
#9810 = CARTESIAN_POINT('',(0.,20.));
#9811 = VECTOR('',#9812,1.);
#9812 = DIRECTION('',(1.,0.));
#9813 = ( GEOMETRIC_REPRESENTATION_CONTEXT(2) 
PARAMETRIC_REPRESENTATION_CONTEXT() REPRESENTATION_CONTEXT('2D SPACE',''
  ) );
#9814 = ORIENTED_EDGE('',*,*,#9815,.T.);
#9815 = EDGE_CURVE('',#9793,#9816,#9818,.T.);
#9816 = VERTEX_POINT('',#9817);
#9817 = CARTESIAN_POINT('',(22.,-33.61983041234,-25.95021553603));
#9818 = SURFACE_CURVE('',#9819,(#9824,#9831),.PCURVE_S1.);
#9819 = CIRCLE('',#9820,0.3);
#9820 = AXIS2_PLACEMENT_3D('',#9821,#9822,#9823);
#9821 = CARTESIAN_POINT('',(22.,-33.6276532222,-25.6503175473));
#9822 = DIRECTION('',(1.,-0.,0.));
#9823 = DIRECTION('',(0.,0.5,-0.866025403784));
#9824 = PCURVE('',#8241,#9825);
#9825 = DEFINITIONAL_REPRESENTATION('',(#9826),#9830);
#9826 = CIRCLE('',#9827,0.3);
#9827 = AXIS2_PLACEMENT_2D('',#9828,#9829);
#9828 = CARTESIAN_POINT('',(15.5,-4.05));
#9829 = DIRECTION('',(1.,0.));
#9830 = ( GEOMETRIC_REPRESENTATION_CONTEXT(2) 
PARAMETRIC_REPRESENTATION_CONTEXT() REPRESENTATION_CONTEXT('2D SPACE',''
  ) );
#9831 = PCURVE('',#9258,#9832);
#9832 = DEFINITIONAL_REPRESENTATION('',(#9833),#9837);
#9833 = LINE('',#9834,#9835);
#9834 = CARTESIAN_POINT('',(-4.712388980385,20.));
#9835 = VECTOR('',#9836,1.);
#9836 = DIRECTION('',(1.,0.));
#9837 = ( GEOMETRIC_REPRESENTATION_CONTEXT(2) 
PARAMETRIC_REPRESENTATION_CONTEXT() REPRESENTATION_CONTEXT('2D SPACE',''
  ) );
#9838 = ORIENTED_EDGE('',*,*,#9839,.T.);
#9839 = EDGE_CURVE('',#9816,#9840,#9842,.T.);
#9840 = VERTEX_POINT('',#9841);
#9841 = CARTESIAN_POINT('',(22.,-33.24774941164,-26.00833024919));
#9842 = SURFACE_CURVE('',#9843,(#9848,#9855),.PCURVE_S1.);
#9843 = CIRCLE('',#9844,0.3);
#9844 = AXIS2_PLACEMENT_3D('',#9845,#9846,#9847);
#9845 = CARTESIAN_POINT('',(22.,-33.39774941164,-25.74852262806));
#9846 = DIRECTION('',(1.,-0.,0.));
#9847 = DIRECTION('',(0.,0.5,-0.866025403784));
#9848 = PCURVE('',#8241,#9849);
#9849 = DEFINITIONAL_REPRESENTATION('',(#9850),#9854);
#9850 = CIRCLE('',#9851,0.3);
#9851 = AXIS2_PLACEMENT_2D('',#9852,#9853);
#9852 = CARTESIAN_POINT('',(15.7,-3.9));
#9853 = DIRECTION('',(1.,0.));
#9854 = ( GEOMETRIC_REPRESENTATION_CONTEXT(2) 
PARAMETRIC_REPRESENTATION_CONTEXT() REPRESENTATION_CONTEXT('2D SPACE',''
  ) );
#9855 = PCURVE('',#9287,#9856);
#9856 = DEFINITIONAL_REPRESENTATION('',(#9857),#9861);
#9857 = LINE('',#9858,#9859);
#9858 = CARTESIAN_POINT('',(-4.712388980385,20.));
#9859 = VECTOR('',#9860,1.);
#9860 = DIRECTION('',(1.,0.));
#9861 = ( GEOMETRIC_REPRESENTATION_CONTEXT(2) 
PARAMETRIC_REPRESENTATION_CONTEXT() REPRESENTATION_CONTEXT('2D SPACE',''
  ) );
#9862 = ORIENTED_EDGE('',*,*,#9863,.F.);
#9863 = EDGE_CURVE('',#9864,#9840,#9866,.T.);
#9864 = VERTEX_POINT('',#9865);
#9865 = CARTESIAN_POINT('',(22.,-32.81473670974,-25.75833024919));
#9866 = SURFACE_CURVE('',#9867,(#9871,#9878),.PCURVE_S1.);
#9867 = LINE('',#9868,#9869);
#9868 = CARTESIAN_POINT('',(22.,-32.55492908861,-25.60833024919));
#9869 = VECTOR('',#9870,1.);
#9870 = DIRECTION('',(0.,-0.866025403784,-0.5));
#9871 = PCURVE('',#8241,#9872);
#9872 = DEFINITIONAL_REPRESENTATION('',(#9873),#9877);
#9873 = LINE('',#9874,#9875);
#9874 = CARTESIAN_POINT('',(16.,-3.1));
#9875 = VECTOR('',#9876,1.);
#9876 = DIRECTION('',(0.,-1.));
#9877 = ( GEOMETRIC_REPRESENTATION_CONTEXT(2) 
PARAMETRIC_REPRESENTATION_CONTEXT() REPRESENTATION_CONTEXT('2D SPACE',''
  ) );
#9878 = PCURVE('',#9315,#9879);
#9879 = DEFINITIONAL_REPRESENTATION('',(#9880),#9884);
#9880 = LINE('',#9881,#9882);
#9881 = CARTESIAN_POINT('',(20.,0.));
#9882 = VECTOR('',#9883,1.);
#9883 = DIRECTION('',(0.,1.));
#9884 = ( GEOMETRIC_REPRESENTATION_CONTEXT(2) 
PARAMETRIC_REPRESENTATION_CONTEXT() REPRESENTATION_CONTEXT('2D SPACE',''
  ) );
#9885 = ORIENTED_EDGE('',*,*,#9886,.F.);
#9886 = EDGE_CURVE('',#9887,#9864,#9889,.T.);
#9887 = VERTEX_POINT('',#9888);
#9888 = CARTESIAN_POINT('',(22.,-32.66978773547,-25.4437038122));
#9889 = SURFACE_CURVE('',#9890,(#9895,#9906),.PCURVE_S1.);
#9890 = CIRCLE('',#9891,0.3);
#9891 = AXIS2_PLACEMENT_3D('',#9892,#9893,#9894);
#9892 = CARTESIAN_POINT('',(22.,-32.96473670974,-25.49852262806));
#9893 = DIRECTION('',(-1.,0.,-0.));
#9894 = DIRECTION('',(0.,0.5,-0.866025403784));
#9895 = PCURVE('',#8241,#9896);
#9896 = DEFINITIONAL_REPRESENTATION('',(#9897),#9905);
#9897 = ( BOUNDED_CURVE() B_SPLINE_CURVE(2,(#9898,#9899,#9900,#9901,
#9902,#9903,#9904),.UNSPECIFIED.,.T.,.F.) B_SPLINE_CURVE_WITH_KNOTS((1,2
    ,2,2,2,1),(-2.094395102393,0.,2.094395102393,4.188790204786,
6.28318530718,8.377580409573),.UNSPECIFIED.) CURVE() 
GEOMETRIC_REPRESENTATION_ITEM() RATIONAL_B_SPLINE_CURVE((1.,0.5,1.,0.5,
1.,0.5,1.)) REPRESENTATION_ITEM('') );
#9898 = CARTESIAN_POINT('',(16.,-3.4));
#9899 = CARTESIAN_POINT('',(16.,-3.919615242271));
#9900 = CARTESIAN_POINT('',(15.55,-3.659807621135));
#9901 = CARTESIAN_POINT('',(15.1,-3.4));
#9902 = CARTESIAN_POINT('',(15.55,-3.140192378865));
#9903 = CARTESIAN_POINT('',(16.,-2.880384757729));
#9904 = CARTESIAN_POINT('',(16.,-3.4));
#9905 = ( GEOMETRIC_REPRESENTATION_CONTEXT(2) 
PARAMETRIC_REPRESENTATION_CONTEXT() REPRESENTATION_CONTEXT('2D SPACE',''
  ) );
#9906 = PCURVE('',#9348,#9907);
#9907 = DEFINITIONAL_REPRESENTATION('',(#9908),#9912);
#9908 = LINE('',#9909,#9910);
#9909 = CARTESIAN_POINT('',(4.712388980385,20.));
#9910 = VECTOR('',#9911,1.);
#9911 = DIRECTION('',(-1.,0.));
#9912 = ( GEOMETRIC_REPRESENTATION_CONTEXT(2) 
PARAMETRIC_REPRESENTATION_CONTEXT() REPRESENTATION_CONTEXT('2D SPACE',''
  ) );
#9913 = ORIENTED_EDGE('',*,*,#9914,.F.);
#9914 = EDGE_CURVE('',#9915,#9887,#9917,.T.);
#9915 = VERTEX_POINT('',#9916);
#9916 = CARTESIAN_POINT('',(22.,-32.09201257615,-25.11012516844));
#9917 = SURFACE_CURVE('',#9918,(#9922,#9929),.PCURVE_S1.);
#9918 = LINE('',#9919,#9920);
#9919 = CARTESIAN_POINT('',(22.,-31.83220495501,-24.96012516844));
#9920 = VECTOR('',#9921,1.);
#9921 = DIRECTION('',(0.,-0.866025403784,-0.5));
#9922 = PCURVE('',#8241,#9923);
#9923 = DEFINITIONAL_REPRESENTATION('',(#9924),#9928);
#9924 = LINE('',#9925,#9926);
#9925 = CARTESIAN_POINT('',(15.8,-2.15));
#9926 = VECTOR('',#9927,1.);
#9927 = DIRECTION('',(0.,-1.));
#9928 = ( GEOMETRIC_REPRESENTATION_CONTEXT(2) 
PARAMETRIC_REPRESENTATION_CONTEXT() REPRESENTATION_CONTEXT('2D SPACE',''
  ) );
#9929 = PCURVE('',#9376,#9930);
#9930 = DEFINITIONAL_REPRESENTATION('',(#9931),#9935);
#9931 = LINE('',#9932,#9933);
#9932 = CARTESIAN_POINT('',(20.,0.));
#9933 = VECTOR('',#9934,1.);
#9934 = DIRECTION('',(0.,1.));
#9935 = ( GEOMETRIC_REPRESENTATION_CONTEXT(2) 
PARAMETRIC_REPRESENTATION_CONTEXT() REPRESENTATION_CONTEXT('2D SPACE',''
  ) );
#9936 = ORIENTED_EDGE('',*,*,#9937,.F.);
#9937 = EDGE_CURVE('',#9938,#9915,#9940,.T.);
#9938 = VERTEX_POINT('',#9939);
#9939 = CARTESIAN_POINT('',(22.,-31.98220495501,-24.7003175473));
#9940 = SURFACE_CURVE('',#9941,(#9946,#9957),.PCURVE_S1.);
#9941 = CIRCLE('',#9942,0.3);
#9942 = AXIS2_PLACEMENT_3D('',#9943,#9944,#9945);
#9943 = CARTESIAN_POINT('',(22.,-32.24201257615,-24.8503175473));
#9944 = DIRECTION('',(-1.,0.,-0.));
#9945 = DIRECTION('',(0.,0.5,-0.866025403784));
#9946 = PCURVE('',#8241,#9947);
#9947 = DEFINITIONAL_REPRESENTATION('',(#9948),#9956);
#9948 = ( BOUNDED_CURVE() B_SPLINE_CURVE(2,(#9949,#9950,#9951,#9952,
#9953,#9954,#9955),.UNSPECIFIED.,.T.,.F.) B_SPLINE_CURVE_WITH_KNOTS((1,2
    ,2,2,2,1),(-2.094395102393,0.,2.094395102393,4.188790204786,
6.28318530718,8.377580409573),.UNSPECIFIED.) CURVE() 
GEOMETRIC_REPRESENTATION_ITEM() RATIONAL_B_SPLINE_CURVE((1.,0.5,1.,0.5,
1.,0.5,1.)) REPRESENTATION_ITEM('') );
#9949 = CARTESIAN_POINT('',(15.8,-2.45));
#9950 = CARTESIAN_POINT('',(15.8,-2.969615242271));
#9951 = CARTESIAN_POINT('',(15.35,-2.709807621135));
#9952 = CARTESIAN_POINT('',(14.9,-2.45));
#9953 = CARTESIAN_POINT('',(15.35,-2.190192378865));
#9954 = CARTESIAN_POINT('',(15.8,-1.930384757729));
#9955 = CARTESIAN_POINT('',(15.8,-2.45));
#9956 = ( GEOMETRIC_REPRESENTATION_CONTEXT(2) 
PARAMETRIC_REPRESENTATION_CONTEXT() REPRESENTATION_CONTEXT('2D SPACE',''
  ) );
#9957 = PCURVE('',#9409,#9958);
#9958 = DEFINITIONAL_REPRESENTATION('',(#9959),#9963);
#9959 = LINE('',#9960,#9961);
#9960 = CARTESIAN_POINT('',(4.712388980385,20.));
#9961 = VECTOR('',#9962,1.);
#9962 = DIRECTION('',(-1.,0.));
#9963 = ( GEOMETRIC_REPRESENTATION_CONTEXT(2) 
PARAMETRIC_REPRESENTATION_CONTEXT() REPRESENTATION_CONTEXT('2D SPACE',''
  ) );
#9964 = ORIENTED_EDGE('',*,*,#9965,.F.);
#9965 = EDGE_CURVE('',#9966,#9938,#9968,.T.);
#9966 = VERTEX_POINT('',#9967);
#9967 = CARTESIAN_POINT('',(22.,-32.48220495501,-23.83429214352));
#9968 = SURFACE_CURVE('',#9969,(#9973,#9980),.PCURVE_S1.);
#9969 = LINE('',#9970,#9971);
#9970 = CARTESIAN_POINT('',(22.,-32.63220495501,-23.57448452238));
#9971 = VECTOR('',#9972,1.);
#9972 = DIRECTION('',(0.,0.5,-0.866025403784));
#9973 = PCURVE('',#8241,#9974);
#9974 = DEFINITIONAL_REPRESENTATION('',(#9975),#9979);
#9975 = LINE('',#9976,#9977);
#9976 = CARTESIAN_POINT('',(14.2,-2.15));
#9977 = VECTOR('',#9978,1.);
#9978 = DIRECTION('',(1.,0.));
#9979 = ( GEOMETRIC_REPRESENTATION_CONTEXT(2) 
PARAMETRIC_REPRESENTATION_CONTEXT() REPRESENTATION_CONTEXT('2D SPACE',''
  ) );
#9980 = PCURVE('',#9437,#9981);
#9981 = DEFINITIONAL_REPRESENTATION('',(#9982),#9986);
#9982 = LINE('',#9983,#9984);
#9983 = CARTESIAN_POINT('',(0.,20.));
#9984 = VECTOR('',#9985,1.);
#9985 = DIRECTION('',(1.,0.));
#9986 = ( GEOMETRIC_REPRESENTATION_CONTEXT(2) 
PARAMETRIC_REPRESENTATION_CONTEXT() REPRESENTATION_CONTEXT('2D SPACE',''
  ) );
#9987 = ORIENTED_EDGE('',*,*,#9988,.T.);
#9988 = EDGE_CURVE('',#9966,#9989,#9991,.T.);
#9989 = VERTEX_POINT('',#9990);
#9990 = CARTESIAN_POINT('',(22.,-32.89201257615,-23.72448452238));
#9991 = SURFACE_CURVE('',#9992,(#9997,#10004),.PCURVE_S1.);
#9992 = CIRCLE('',#9993,0.3);
#9993 = AXIS2_PLACEMENT_3D('',#9994,#9995,#9996);
#9994 = CARTESIAN_POINT('',(22.,-32.74201257615,-23.98429214352));
#9995 = DIRECTION('',(1.,-0.,0.));
#9996 = DIRECTION('',(0.,0.5,-0.866025403784));
#9997 = PCURVE('',#8241,#9998);
#9998 = DEFINITIONAL_REPRESENTATION('',(#9999),#10003);
#9999 = CIRCLE('',#10000,0.3);
#10000 = AXIS2_PLACEMENT_2D('',#10001,#10002);
#10001 = CARTESIAN_POINT('',(14.5,-2.45));
#10002 = DIRECTION('',(1.,0.));
#10003 = ( GEOMETRIC_REPRESENTATION_CONTEXT(2) 
PARAMETRIC_REPRESENTATION_CONTEXT() REPRESENTATION_CONTEXT('2D SPACE',''
  ) );
#10004 = PCURVE('',#9466,#10005);
#10005 = DEFINITIONAL_REPRESENTATION('',(#10006),#10010);
#10006 = LINE('',#10007,#10008);
#10007 = CARTESIAN_POINT('',(-1.570796326795,20.));
#10008 = VECTOR('',#10009,1.);
#10009 = DIRECTION('',(1.,0.));
#10010 = ( GEOMETRIC_REPRESENTATION_CONTEXT(2) 
PARAMETRIC_REPRESENTATION_CONTEXT() REPRESENTATION_CONTEXT('2D SPACE',''
  ) );
#10011 = ORIENTED_EDGE('',*,*,#10012,.T.);
#10012 = EDGE_CURVE('',#9989,#10013,#10015,.T.);
#10013 = VERTEX_POINT('',#10014);
#10014 = CARTESIAN_POINT('',(22.,-33.45492908861,-24.04948452238));
#10015 = SURFACE_CURVE('',#10016,(#10020,#10027),.PCURVE_S1.);
#10016 = LINE('',#10017,#10018);
#10017 = CARTESIAN_POINT('',(22.,-32.63220495501,-23.57448452238));
#10018 = VECTOR('',#10019,1.);
#10019 = DIRECTION('',(0.,-0.866025403784,-0.5));
#10020 = PCURVE('',#8241,#10021);
#10021 = DEFINITIONAL_REPRESENTATION('',(#10022),#10026);
#10022 = LINE('',#10023,#10024);
#10023 = CARTESIAN_POINT('',(14.2,-2.15));
#10024 = VECTOR('',#10025,1.);
#10025 = DIRECTION('',(0.,-1.));
#10026 = ( GEOMETRIC_REPRESENTATION_CONTEXT(2) 
PARAMETRIC_REPRESENTATION_CONTEXT() REPRESENTATION_CONTEXT('2D SPACE',''
  ) );
#10027 = PCURVE('',#9494,#10028);
#10028 = DEFINITIONAL_REPRESENTATION('',(#10029),#10033);
#10029 = LINE('',#10030,#10031);
#10030 = CARTESIAN_POINT('',(20.,0.));
#10031 = VECTOR('',#10032,1.);
#10032 = DIRECTION('',(0.,1.));
#10033 = ( GEOMETRIC_REPRESENTATION_CONTEXT(2) 
PARAMETRIC_REPRESENTATION_CONTEXT() REPRESENTATION_CONTEXT('2D SPACE',''
  ) );
#10034 = ORIENTED_EDGE('',*,*,#10035,.F.);
#10035 = EDGE_CURVE('',#10036,#10013,#10038,.T.);
#10036 = VERTEX_POINT('',#10037);
#10037 = CARTESIAN_POINT('',(22.,-38.90492908861,-14.60980762113));
#10038 = SURFACE_CURVE('',#10039,(#10043,#10050),.PCURVE_S1.);
#10039 = LINE('',#10040,#10041);
#10040 = CARTESIAN_POINT('',(22.,-39.05492908861,-14.35));
#10041 = VECTOR('',#10042,1.);
#10042 = DIRECTION('',(0.,0.5,-0.866025403784));
#10043 = PCURVE('',#8241,#10044);
#10044 = DEFINITIONAL_REPRESENTATION('',(#10045),#10049);
#10045 = LINE('',#10046,#10047);
#10046 = CARTESIAN_POINT('',(3.,-3.1));
#10047 = VECTOR('',#10048,1.);
#10048 = DIRECTION('',(1.,0.));
#10049 = ( GEOMETRIC_REPRESENTATION_CONTEXT(2) 
PARAMETRIC_REPRESENTATION_CONTEXT() REPRESENTATION_CONTEXT('2D SPACE',''
  ) );
#10050 = PCURVE('',#9522,#10051);
#10051 = DEFINITIONAL_REPRESENTATION('',(#10052),#10056);
#10052 = LINE('',#10053,#10054);
#10053 = CARTESIAN_POINT('',(0.,20.));
#10054 = VECTOR('',#10055,1.);
#10055 = DIRECTION('',(1.,0.));
#10056 = ( GEOMETRIC_REPRESENTATION_CONTEXT(2) 
PARAMETRIC_REPRESENTATION_CONTEXT() REPRESENTATION_CONTEXT('2D SPACE',''
  ) );
#10057 = ORIENTED_EDGE('',*,*,#10058,.T.);
#10058 = EDGE_CURVE('',#10036,#10059,#10061,.T.);
#10059 = VERTEX_POINT('',#10060);
#10060 = CARTESIAN_POINT('',(22.,-38.96978773547,-14.53178372452));
#10061 = SURFACE_CURVE('',#10062,(#10067,#10074),.PCURVE_S1.);
#10062 = CIRCLE('',#10063,0.3);
#10063 = AXIS2_PLACEMENT_3D('',#10064,#10065,#10066);
#10064 = CARTESIAN_POINT('',(22.,-39.16473670974,-14.75980762113));
#10065 = DIRECTION('',(1.,-0.,0.));
#10066 = DIRECTION('',(0.,0.5,-0.866025403784));
#10067 = PCURVE('',#8241,#10068);
#10068 = DEFINITIONAL_REPRESENTATION('',(#10069),#10073);
#10069 = CIRCLE('',#10070,0.3);
#10070 = AXIS2_PLACEMENT_2D('',#10071,#10072);
#10071 = CARTESIAN_POINT('',(3.3,-3.4));
#10072 = DIRECTION('',(1.,0.));
#10073 = ( GEOMETRIC_REPRESENTATION_CONTEXT(2) 
PARAMETRIC_REPRESENTATION_CONTEXT() REPRESENTATION_CONTEXT('2D SPACE',''
  ) );
#10074 = PCURVE('',#9551,#10075);
#10075 = DEFINITIONAL_REPRESENTATION('',(#10076),#10080);
#10076 = LINE('',#10077,#10078);
#10077 = CARTESIAN_POINT('',(-1.570796326795,20.));
#10078 = VECTOR('',#10079,1.);
#10079 = DIRECTION('',(1.,0.));
#10080 = ( GEOMETRIC_REPRESENTATION_CONTEXT(2) 
PARAMETRIC_REPRESENTATION_CONTEXT() REPRESENTATION_CONTEXT('2D SPACE',''
  ) );
#10081 = ORIENTED_EDGE('',*,*,#10082,.F.);
#10082 = EDGE_CURVE('',#9642,#10059,#10083,.T.);
#10083 = SURFACE_CURVE('',#10084,(#10088,#10095),.PCURVE_S1.);
#10084 = LINE('',#10085,#10086);
#10085 = CARTESIAN_POINT('',(22.,-36.27025033688,-12.97320508075));
#10086 = VECTOR('',#10087,1.);
#10087 = DIRECTION('',(0.,-0.866025403784,-0.5));
#10088 = PCURVE('',#8241,#10089);
#10089 = DEFINITIONAL_REPRESENTATION('',(#10090),#10094);
#10090 = LINE('',#10091,#10092);
#10091 = CARTESIAN_POINT('',(3.2,2.22044604925E-15));
#10092 = VECTOR('',#10093,1.);
#10093 = DIRECTION('',(0.,-1.));
#10094 = ( GEOMETRIC_REPRESENTATION_CONTEXT(2) 
PARAMETRIC_REPRESENTATION_CONTEXT() REPRESENTATION_CONTEXT('2D SPACE',''
  ) );
#10095 = PCURVE('',#9577,#10096);
#10096 = DEFINITIONAL_REPRESENTATION('',(#10097),#10101);
#10097 = LINE('',#10098,#10099);
#10098 = CARTESIAN_POINT('',(20.,0.));
#10099 = VECTOR('',#10100,1.);
#10100 = DIRECTION('',(0.,1.));
#10101 = ( GEOMETRIC_REPRESENTATION_CONTEXT(2) 
PARAMETRIC_REPRESENTATION_CONTEXT() REPRESENTATION_CONTEXT('2D SPACE',''
  ) );
#10102 = ADVANCED_FACE('',(#10103),#8177,.T.);
#10103 = FACE_BOUND('',#10104,.T.);
#10104 = EDGE_LOOP('',(#10105,#10106,#10107,#10235,#10263,#10409,#10432,
    #10456));
#10105 = ORIENTED_EDGE('',*,*,#8160,.T.);
#10106 = ORIENTED_EDGE('',*,*,#8918,.T.);
#10107 = ORIENTED_EDGE('',*,*,#10108,.T.);
#10108 = EDGE_CURVE('',#8896,#10109,#10111,.T.);
#10109 = VERTEX_POINT('',#10110);
#10110 = CARTESIAN_POINT('',(24.,-35.69371315644,-3.171796769724));
#10111 = SURFACE_CURVE('',#10112,(#10151,#10193),.PCURVE_S1.);
#10112 = B_SPLINE_CURVE_WITH_KNOTS('',7,(#10113,#10114,#10115,#10116,
    #10117,#10118,#10119,#10120,#10121,#10122,#10123,#10124,#10125,
    #10126,#10127,#10128,#10129,#10130,#10131,#10132,#10133,#10134,
    #10135,#10136,#10137,#10138,#10139,#10140,#10141,#10142,#10143,
    #10144,#10145,#10146,#10147,#10148,#10149,#10150),.UNSPECIFIED.,.F.,
  .F.,(8,6,6,6,6,6,8),(0.,0.383761525915,0.554960586812,0.704488106853,
    0.876959334464,0.924427095897,1.),.UNSPECIFIED.);
#10113 = CARTESIAN_POINT('',(24.,-34.72480206969,-11.85));
#10114 = CARTESIAN_POINT('',(24.,-34.98385391732,-11.4013090381));
#10115 = CARTESIAN_POINT('',(24.,-35.22800241281,-10.944179825));
#10116 = CARTESIAN_POINT('',(24.,-35.45700383412,-10.47905906734));
#10117 = CARTESIAN_POINT('',(24.,-35.67016083925,-10.00636810512));
#10118 = CARTESIAN_POINT('',(24.,-35.86630498699,-9.526519533882));
#10119 = CARTESIAN_POINT('',(24.,-36.04383555933,-9.039930665581));
#10120 = CARTESIAN_POINT('',(24.,-36.26971625108,-8.326773335625));
#10121 = CARTESIAN_POINT('',(24.,-36.33514064566,-8.10550214572));
#10122 = CARTESIAN_POINT('',(24.,-36.39606840033,-7.882979614529));
#10123 = CARTESIAN_POINT('',(24.,-36.45220119819,-7.659249862529));
#10124 = CARTESIAN_POINT('',(24.,-36.5031799822,-7.434381857113));
#10125 = CARTESIAN_POINT('',(24.,-36.54856308327,-7.208465275728));
#10126 = CARTESIAN_POINT('',(24.,-36.62204062302,-6.783457787001));
#10127 = CARTESIAN_POINT('',(24.,-36.65158830684,-6.58463448516));
#10128 = CARTESIAN_POINT('',(24.,-36.67606098265,-6.385168119501));
#10129 = CARTESIAN_POINT('',(24.,-36.69499460024,-6.185169518227));
#10130 = CARTESIAN_POINT('',(24.,-36.70783100991,-5.98482466656));
#10131 = CARTESIAN_POINT('',(24.,-36.71387694161,-5.784393821431));
#10132 = CARTESIAN_POINT('',(24.,-36.71030532261,-5.353309720365));
#10133 = CARTESIAN_POINT('',(24.,-36.69814621294,-5.123239357133));
#10134 = CARTESIAN_POINT('',(24.,-36.67440355002,-4.893905281945));
#10135 = CARTESIAN_POINT('',(24.,-36.63722580466,-4.66617270198));
#10136 = CARTESIAN_POINT('',(24.,-36.58422263199,-4.441901274027));
#10137 = CARTESIAN_POINT('',(24.,-36.51264387938,-4.223894111911));
#10138 = CARTESIAN_POINT('',(24.,-36.39305810206,-3.958875091912));
#10139 = CARTESIAN_POINT('',(24.,-36.36558522485,-3.902489534791));
#10140 = CARTESIAN_POINT('',(24.,-36.33638657053,-3.847014756133));
#10141 = CARTESIAN_POINT('',(24.,-36.30540289785,-3.792566254663));
#10142 = CARTESIAN_POINT('',(24.,-36.2725820399,-3.739273129334));
#10143 = CARTESIAN_POINT('',(24.,-36.23788302958,-3.687275474305));
#10144 = CARTESIAN_POINT('',(24.,-36.14300530063,-3.556235780155));
#10145 = CARTESIAN_POINT('',(24.,-36.0798735032,-3.479366034471));
#10146 = CARTESIAN_POINT('',(24.,-36.01182382437,-3.406787256013));
#10147 = CARTESIAN_POINT('',(24.,-35.93889944872,-3.339170897995));
#10148 = CARTESIAN_POINT('',(24.,-35.86128298753,-3.277145111711));
#10149 = CARTESIAN_POINT('',(24.,-35.7793460506,-3.221236944221));
#10150 = CARTESIAN_POINT('',(24.,-35.69371315644,-3.171796769724));
#10151 = PCURVE('',#8177,#10152);
#10152 = DEFINITIONAL_REPRESENTATION('',(#10153),#10192);
#10153 = B_SPLINE_CURVE_WITH_KNOTS('',7,(#10154,#10155,#10156,#10157,
    #10158,#10159,#10160,#10161,#10162,#10163,#10164,#10165,#10166,
    #10167,#10168,#10169,#10170,#10171,#10172,#10173,#10174,#10175,
    #10176,#10177,#10178,#10179,#10180,#10181,#10182,#10183,#10184,
    #10185,#10186,#10187,#10188,#10189,#10190,#10191),.UNSPECIFIED.,.F.,
  .F.,(8,6,6,6,6,6,8),(0.,0.383761525915,0.554960586812,0.704488106853,
    0.876959334464,0.924427095897,1.),.UNSPECIFIED.);
#10154 = CARTESIAN_POINT('',(-1.7763568394E-15,-9.5));
#10155 = CARTESIAN_POINT('',(-0.518103695272,-9.5));
#10156 = CARTESIAN_POINT('',(-1.03606345437,-9.482874192842));
#10157 = CARTESIAN_POINT('',(-1.553370556986,-9.44863486237));
#10158 = CARTESIAN_POINT('',(-2.069311440966,-9.396888762692));
#10159 = CARTESIAN_POINT('',(-2.582944567509,-9.326830291823));
#10160 = CARTESIAN_POINT('',(-3.093108174824,-9.237281843264));
#10161 = CARTESIAN_POINT('',(-3.823660885338,-9.076321595569));
#10162 = CARTESIAN_POINT('',(-4.04799955421,-9.022345188348));
#10163 = CARTESIAN_POINT('',(-4.271173596468,-8.963848906088));
#10164 = CARTESIAN_POINT('',(-4.492995644215,-8.900596459023));
#10165 = CARTESIAN_POINT('',(-4.713226441409,-8.832311378322));
#10166 = CARTESIAN_POINT('',(-4.931567490561,-8.758656006062));
#10167 = CARTESIAN_POINT('',(-5.336373542469,-8.609785677725));
#10168 = CARTESIAN_POINT('',(-5.52333341464,-8.535963071619));
#10169 = CARTESIAN_POINT('',(-5.708312692407,-8.45742384774));
#10170 = CARTESIAN_POINT('',(-5.890983370624,-8.373821540918));
#10171 = CARTESIAN_POINT('',(-6.070905306521,-8.284765771955));
#10172 = CARTESIAN_POINT('',(-6.247506475956,-8.189786279834));
#10173 = CARTESIAN_POINT('',(-6.619050449145,-7.971151116511));
#10174 = CARTESIAN_POINT('',(-6.812217673527,-7.845585837034));
#10175 = CARTESIAN_POINT('',(-6.998955477135,-7.7103570502));
#10176 = CARTESIAN_POINT('',(-7.177588803975,-7.564293888281));
#10177 = CARTESIAN_POINT('',(-7.345311971585,-7.406256080283));
#10178 = CARTESIAN_POINT('',(-7.49832233588,-7.235263481095));
#10179 = CARTESIAN_POINT('',(-7.668042651027,-6.999189650007));
#10180 = CARTESIAN_POINT('',(-7.703137537297,-6.947204661872));
#10181 = CARTESIAN_POINT('',(-7.73658077772,-6.894180496138));
#10182 = CARTESIAN_POINT('',(-7.768242726855,-6.840123597767));
#10183 = CARTESIAN_POINT('',(-7.79798549826,-6.785053338338));
#10184 = CARTESIAN_POINT('',(-7.825667283292,-6.7290042864));
#10185 = CARTESIAN_POINT('',(-7.891712122855,-6.581317915802));
#10186 = CARTESIAN_POINT('',(-7.926717376686,-6.488209302601));
#10187 = CARTESIAN_POINT('',(-7.955547603188,-6.392987162781));
#10188 = CARTESIAN_POINT('',(-7.977642899118,-6.296024621904));
#10189 = CARTESIAN_POINT('',(-7.992550575138,-6.197793901624));
#10190 = CARTESIAN_POINT('',(-8.,-6.098880348993));
#10191 = CARTESIAN_POINT('',(-8.,-6.));
#10192 = ( GEOMETRIC_REPRESENTATION_CONTEXT(2) 
PARAMETRIC_REPRESENTATION_CONTEXT() REPRESENTATION_CONTEXT('2D SPACE',''
  ) );
#10193 = PCURVE('',#8488,#10194);
#10194 = DEFINITIONAL_REPRESENTATION('',(#10195),#10234);
#10195 = B_SPLINE_CURVE_WITH_KNOTS('',7,(#10196,#10197,#10198,#10199,
    #10200,#10201,#10202,#10203,#10204,#10205,#10206,#10207,#10208,
    #10209,#10210,#10211,#10212,#10213,#10214,#10215,#10216,#10217,
    #10218,#10219,#10220,#10221,#10222,#10223,#10224,#10225,#10226,
    #10227,#10228,#10229,#10230,#10231,#10232,#10233),.UNSPECIFIED.,.F.,
  .F.,(8,6,6,6,6,6,8),(0.,0.383761525915,0.554960586812,0.704488106853,
    0.876959334464,0.924427095897,1.),.UNSPECIFIED.);
#10196 = CARTESIAN_POINT('',(4.712388980385,-26.));
#10197 = CARTESIAN_POINT('',(4.647626018476,-26.));
#10198 = CARTESIAN_POINT('',(4.582881214974,-26.));
#10199 = CARTESIAN_POINT('',(4.517773321149,-26.));
#10200 = CARTESIAN_POINT('',(4.451952923391,-26.));
#10201 = CARTESIAN_POINT('',(4.385030076772,-26.));
#10202 = CARTESIAN_POINT('',(4.316566354165,-26.));
#10203 = CARTESIAN_POINT('',(4.214320908334,-26.));
#10204 = CARTESIAN_POINT('',(4.182338726787,-26.));
#10205 = CARTESIAN_POINT('',(4.1498545883,-26.));
#10206 = CARTESIAN_POINT('',(4.116801006636,-26.));
#10207 = CARTESIAN_POINT('',(4.083102636422,-26.));
#10208 = CARTESIAN_POINT('',(4.04866942322,-26.));
#10209 = CARTESIAN_POINT('',(3.98256639758,-26.));
#10210 = CARTESIAN_POINT('',(3.951105127222,-26.));
#10211 = CARTESIAN_POINT('',(3.91891868388,-26.));
#10212 = CARTESIAN_POINT('',(3.885917320371,-26.));
#10213 = CARTESIAN_POINT('',(3.852002316142,-26.));
#10214 = CARTESIAN_POINT('',(3.817053659546,-26.));
#10215 = CARTESIAN_POINT('',(3.739213427632,-26.));
#10216 = CARTESIAN_POINT('',(3.696016468026,-26.));
#10217 = CARTESIAN_POINT('',(3.650964398185,-26.));
#10218 = CARTESIAN_POINT('',(3.603758914687,-26.));
#10219 = CARTESIAN_POINT('',(3.554117120075,-26.));
#10220 = CARTESIAN_POINT('',(3.501774293971,-26.));
#10221 = CARTESIAN_POINT('',(3.431066901547,-26.));
#10222 = CARTESIAN_POINT('',(3.415582126233,-26.));
#10223 = CARTESIAN_POINT('',(3.399870287596,-26.));
#10224 = CARTESIAN_POINT('',(3.383931394347,-26.));
#10225 = CARTESIAN_POINT('',(3.367768471611,-26.));
#10226 = CARTESIAN_POINT('',(3.351388041185,-26.));
#10227 = CARTESIAN_POINT('',(3.308391920838,-26.));
#10228 = CARTESIAN_POINT('',(3.281444291847,-26.));
#10229 = CARTESIAN_POINT('',(3.25402211091,-26.));
#10230 = CARTESIAN_POINT('',(3.226207969239,-26.));
#10231 = CARTESIAN_POINT('',(3.198105187892,-26.));
#10232 = CARTESIAN_POINT('',(3.169844181874,-26.));
#10233 = CARTESIAN_POINT('',(3.14159265359,-26.));
#10234 = ( GEOMETRIC_REPRESENTATION_CONTEXT(2) 
PARAMETRIC_REPRESENTATION_CONTEXT() REPRESENTATION_CONTEXT('2D SPACE',''
  ) );
#10235 = ORIENTED_EDGE('',*,*,#10236,.T.);
#10236 = EDGE_CURVE('',#10109,#10237,#10239,.T.);
#10237 = VERTEX_POINT('',#10238);
#10238 = CARTESIAN_POINT('',(24.,-25.30140831103,2.828203230276));
#10239 = SURFACE_CURVE('',#10240,(#10244,#10251),.PCURVE_S1.);
#10240 = LINE('',#10241,#10242);
#10241 = CARTESIAN_POINT('',(24.,-27.89948452238,1.328203230276));
#10242 = VECTOR('',#10243,1.);
#10243 = DIRECTION('',(0.,0.866025403784,0.5));
#10244 = PCURVE('',#8177,#10245);
#10245 = DEFINITIONAL_REPRESENTATION('',(#10246),#10250);
#10246 = LINE('',#10247,#10248);
#10247 = CARTESIAN_POINT('',(-8.,3.));
#10248 = VECTOR('',#10249,1.);
#10249 = DIRECTION('',(0.,1.));
#10250 = ( GEOMETRIC_REPRESENTATION_CONTEXT(2) 
PARAMETRIC_REPRESENTATION_CONTEXT() REPRESENTATION_CONTEXT('2D SPACE',''
  ) );
#10251 = PCURVE('',#10252,#10257);
#10252 = PLANE('',#10253);
#10253 = AXIS2_PLACEMENT_3D('',#10254,#10255,#10256);
#10254 = CARTESIAN_POINT('',(-2.,-25.30140831103,2.828203230276));
#10255 = DIRECTION('',(0.,0.5,-0.866025403784));
#10256 = DIRECTION('',(0.,-0.866025403784,-0.5));
#10257 = DEFINITIONAL_REPRESENTATION('',(#10258),#10262);
#10258 = LINE('',#10259,#10260);
#10259 = CARTESIAN_POINT('',(3.,-26.));
#10260 = VECTOR('',#10261,1.);
#10261 = DIRECTION('',(-1.,0.));
#10262 = ( GEOMETRIC_REPRESENTATION_CONTEXT(2) 
PARAMETRIC_REPRESENTATION_CONTEXT() REPRESENTATION_CONTEXT('2D SPACE',''
  ) );
#10263 = ORIENTED_EDGE('',*,*,#10264,.T.);
#10264 = EDGE_CURVE('',#10237,#10265,#10267,.T.);
#10265 = VERTEX_POINT('',#10266);
#10266 = CARTESIAN_POINT('',(24.,-18.27031939778,-2.35));
#10267 = SURFACE_CURVE('',#10268,(#10313,#10361),.PCURVE_S1.);
#10268 = B_SPLINE_CURVE_WITH_KNOTS('',8,(#10269,#10270,#10271,#10272,
    #10273,#10274,#10275,#10276,#10277,#10278,#10279,#10280,#10281,
    #10282,#10283,#10284,#10285,#10286,#10287,#10288,#10289,#10290,
    #10291,#10292,#10293,#10294,#10295,#10296,#10297,#10298,#10299,
    #10300,#10301,#10302,#10303,#10304,#10305,#10306,#10307,#10308,
    #10309,#10310,#10311,#10312),.UNSPECIFIED.,.F.,.F.,(9,7,7,7,7,7,9),(
    0.,8.658279662505E-02,0.150251277784,0.255683647933,0.372291782784,
    0.66551961711,1.),.UNSPECIFIED.);
#10269 = CARTESIAN_POINT('',(24.,-25.30140831103,2.828203230276));
#10270 = CARTESIAN_POINT('',(24.,-25.21556023478,2.877767640204));
#10271 = CARTESIAN_POINT('',(24.,-25.12601362785,2.920998602351));
#10272 = CARTESIAN_POINT('',(24.,-25.03335621581,2.957546495263));
#10273 = CARTESIAN_POINT('',(24.,-24.93819208515,2.987334568488));
#10274 = CARTESIAN_POINT('',(24.,-24.84111674051,3.010484191699));
#10275 = CARTESIAN_POINT('',(24.,-24.74269708527,3.027253755371));
#10276 = CARTESIAN_POINT('',(24.,-24.64345632566,3.037991223019));
#10277 = CARTESIAN_POINT('',(24.,-24.47062863842,3.046857309951));
#10278 = CARTESIAN_POINT('',(24.,-24.39716753094,3.047572561755));
#10279 = CARTESIAN_POINT('',(24.,-24.32362726158,3.045403370901));
#10280 = CARTESIAN_POINT('',(24.,-24.25013345042,3.040514225865));
#10281 = CARTESIAN_POINT('',(24.,-24.17679080347,3.033069641821));
#10282 = CARTESIAN_POINT('',(24.,-24.10368334655,3.023228535934));
#10283 = CARTESIAN_POINT('',(24.,-24.0308746418,3.011140159226));
#10284 = CARTESIAN_POINT('',(24.,-23.83840620467,2.973429333672));
#10285 = CARTESIAN_POINT('',(24.,-23.71938860935,2.94413961734));
#10286 = CARTESIAN_POINT('',(24.,-23.60152279269,2.9096960552));
#10287 = CARTESIAN_POINT('',(24.,-23.48493543326,2.870642451535));
#10288 = CARTESIAN_POINT('',(24.,-23.36971060011,2.82745096907));
#10289 = CARTESIAN_POINT('',(24.,-23.25588893469,2.780526665082));
#10290 = CARTESIAN_POINT('',(24.,-23.14346771083,2.730208390263));
#10291 = CARTESIAN_POINT('',(24.,-22.90956291544,2.61765885615));
#10292 = CARTESIAN_POINT('',(24.,-22.78842979445,2.554753537324));
#10293 = CARTESIAN_POINT('',(24.,-22.66897154796,2.488436042282));
#10294 = CARTESIAN_POINT('',(24.,-22.55116098281,2.419030972517));
#10295 = CARTESIAN_POINT('',(24.,-22.43496840836,2.346813722963));
#10296 = CARTESIAN_POINT('',(24.,-22.32035749655,2.27201862014));
#10297 = CARTESIAN_POINT('',(24.,-22.20728316829,2.194843058092));
#10298 = CARTESIAN_POINT('',(24.,-21.81507830974,1.915796477027));
#10299 = CARTESIAN_POINT('',(24.,-21.54404510385,1.702254890712));
#10300 = CARTESIAN_POINT('',(24.,-21.2816732851,1.477391921535));
#10301 = CARTESIAN_POINT('',(24.,-21.02749770275,1.24292406281));
#10302 = CARTESIAN_POINT('',(24.,-20.78111264524,1.000200534613));
#10303 = CARTESIAN_POINT('',(24.,-20.5421760554,0.750196477523));
#10304 = CARTESIAN_POINT('',(24.,-20.31033727311,0.493610706305));
#10305 = CARTESIAN_POINT('',(24.,-19.82848650796,-6.886512541811E-02));
#10306 = CARTESIAN_POINT('',(24.,-19.5806933935,-0.376394157014));
#10307 = CARTESIAN_POINT('',(24.,-19.341485996,-0.690906203092));
#10308 = CARTESIAN_POINT('',(24.,-19.11066351589,-1.011764860749));
#10309 = CARTESIAN_POINT('',(24.,-18.88812590704,-1.338459738756));
#10310 = CARTESIAN_POINT('',(24.,-18.67384617924,-1.670583956146));
#10311 = CARTESIAN_POINT('',(24.,-18.46787003148,-2.007832265363));
#10312 = CARTESIAN_POINT('',(24.,-18.27031939778,-2.35));
#10313 = PCURVE('',#8177,#10314);
#10314 = DEFINITIONAL_REPRESENTATION('',(#10315),#10360);
#10315 = B_SPLINE_CURVE_WITH_KNOTS('',8,(#10316,#10317,#10318,#10319,
    #10320,#10321,#10322,#10323,#10324,#10325,#10326,#10327,#10328,
    #10329,#10330,#10331,#10332,#10333,#10334,#10335,#10336,#10337,
    #10338,#10339,#10340,#10341,#10342,#10343,#10344,#10345,#10346,
    #10347,#10348,#10349,#10350,#10351,#10352,#10353,#10354,#10355,
    #10356,#10357,#10358,#10359),.UNSPECIFIED.,.F.,.F.,(9,7,7,7,7,7,9),(
    0.,8.658279662505E-02,0.150251277784,0.255683647933,0.372291782784,
    0.66551961711,1.),.UNSPECIFIED.);
#10316 = CARTESIAN_POINT('',(-8.,6.));
#10317 = CARTESIAN_POINT('',(-8.,6.099128819857));
#10318 = CARTESIAN_POINT('',(-7.992665807984,6.198293937355));
#10319 = CARTESIAN_POINT('',(-7.977988505677,6.296811556493));
#10320 = CARTESIAN_POINT('',(-7.956203668491,6.394120147784));
#10321 = CARTESIAN_POINT('',(-7.92771415796,6.489764673928));
#10322 = CARTESIAN_POINT('',(-7.893027198491,6.583383377433));
#10323 = CARTESIAN_POINT('',(-7.852705738441,6.674697130171));
#10324 = CARTESIAN_POINT('',(-7.773970151335,6.828803341265));
#10325 = CARTESIAN_POINT('',(-7.737859023831,6.89278015243));
#10326 = CARTESIAN_POINT('',(-7.699210314761,6.955383298478));
#10327 = CARTESIAN_POINT('',(-7.658229285382,7.016586233437));
#10328 = CARTESIAN_POINT('',(-7.615110763004,7.076380536856));
#10329 = CARTESIAN_POINT('',(-7.570034386841,7.134772898817));
#10330 = CARTESIAN_POINT('',(-7.52316119315,7.191782898387));
#10331 = CARTESIAN_POINT('',(-7.394268441656,7.339610041592));
#10332 = CARTESIAN_POINT('',(-7.309394005582,7.428037444472));
#10333 = CARTESIAN_POINT('',(-7.220632097442,7.512890454867));
#10334 = CARTESIAN_POINT('',(-7.128517004844,7.594331268062));
#10335 = CARTESIAN_POINT('',(-7.033499667228,7.672523159483));
#10336 = CARTESIAN_POINT('',(-6.935951195208,7.747633461244));
#10337 = CARTESIAN_POINT('',(-6.836163679009,7.819833959625));
#10338 = CARTESIAN_POINT('',(-6.621740525588,7.966126687444));
#10339 = CARTESIAN_POINT('',(-6.506696360956,8.039578388049));
#10340 = CARTESIAN_POINT('',(-6.389534602291,8.109873516676));
#10341 = CARTESIAN_POINT('',(-6.27052276615,8.177197924045));
#10342 = CARTESIAN_POINT('',(-6.149884506217,8.241715020477));
#10343 = CARTESIAN_POINT('',(-6.027804591189,8.303573430244));
#10344 = CARTESIAN_POINT('',(-5.904431429776,8.362910890006));
#10345 = CARTESIAN_POINT('',(-5.466667572459,8.563046970465));
#10346 = CARTESIAN_POINT('',(-5.146218530999,8.690997818882));
#10347 = CARTESIAN_POINT('',(-4.82029557795,8.805786994562));
#10348 = CARTESIAN_POINT('',(-4.490152664745,8.908675576539));
#10349 = CARTESIAN_POINT('',(-4.156755394477,9.000689531357));
#10350 = CARTESIAN_POINT('',(-3.820777235066,9.082612659509));
#10351 = CARTESIAN_POINT('',(-3.482648047798,9.155098048944));
#10352 = CARTESIAN_POINT('',(-2.754604305936,9.291155136534));
#10353 = CARTESIAN_POINT('',(-2.364379794942,9.351985752743));
#10354 = CARTESIAN_POINT('',(-1.972400674493,9.40188941271));
#10355 = CARTESIAN_POINT('',(-1.579117685881,9.441358215425));
#10356 = CARTESIAN_POINT('',(-1.184922817818,9.470733998979));
#10357 = CARTESIAN_POINT('',(-0.790154944443,9.490243578081));
#10358 = CARTESIAN_POINT('',(-0.395101267401,9.5));
#10359 = CARTESIAN_POINT('',(0.,9.5));
#10360 = ( GEOMETRIC_REPRESENTATION_CONTEXT(2) 
PARAMETRIC_REPRESENTATION_CONTEXT() REPRESENTATION_CONTEXT('2D SPACE',''
  ) );
#10361 = PCURVE('',#8776,#10362);
#10362 = DEFINITIONAL_REPRESENTATION('',(#10363),#10408);
#10363 = B_SPLINE_CURVE_WITH_KNOTS('',8,(#10364,#10365,#10366,#10367,
    #10368,#10369,#10370,#10371,#10372,#10373,#10374,#10375,#10376,
    #10377,#10378,#10379,#10380,#10381,#10382,#10383,#10384,#10385,
    #10386,#10387,#10388,#10389,#10390,#10391,#10392,#10393,#10394,
    #10395,#10396,#10397,#10398,#10399,#10400,#10401,#10402,#10403,
    #10404,#10405,#10406,#10407),.UNSPECIFIED.,.F.,.F.,(9,7,7,7,7,7,9),(
    0.,8.658279662505E-02,0.150251277784,0.255683647933,0.372291782784,
    0.66551961711,1.),.UNSPECIFIED.);
#10364 = CARTESIAN_POINT('',(3.14159265359,-26.));
#10365 = CARTESIAN_POINT('',(3.113270133631,-26.));
#10366 = CARTESIAN_POINT('',(3.084937263592,-26.));
#10367 = CARTESIAN_POINT('',(3.056754698814,-26.));
#10368 = CARTESIAN_POINT('',(3.028848309117,-26.));
#10369 = CARTESIAN_POINT('',(3.001317412847,-26.));
#10370 = CARTESIAN_POINT('',(2.974240712958,-26.));
#10371 = CARTESIAN_POINT('',(2.947679935116,-26.));
#10372 = CARTESIAN_POINT('',(2.902563027872,-26.));
#10373 = CARTESIAN_POINT('',(2.883739485702,-26.));
#10374 = CARTESIAN_POINT('',(2.865219117598,-26.));
#10375 = CARTESIAN_POINT('',(2.847005669103,-26.));
#10376 = CARTESIAN_POINT('',(2.829098917156,-26.));
#10377 = CARTESIAN_POINT('',(2.811495272224,-26.));
#10378 = CARTESIAN_POINT('',(2.794188120445,-26.));
#10379 = CARTESIAN_POINT('',(2.748983134587,-26.));
#10380 = CARTESIAN_POINT('',(2.721596048502,-26.));
#10381 = CARTESIAN_POINT('',(2.694955875714,-26.));
#10382 = CARTESIAN_POINT('',(2.669017030618,-26.));
#10383 = CARTESIAN_POINT('',(2.643735985398,-26.));
#10384 = CARTESIAN_POINT('',(2.619069000402,-26.));
#10385 = CARTESIAN_POINT('',(2.594970713292,-26.));
#10386 = CARTESIAN_POINT('',(2.545317300122,-26.));
#10387 = CARTESIAN_POINT('',(2.51988864164,-26.));
#10388 = CARTESIAN_POINT('',(2.495049317109,-26.));
#10389 = CARTESIAN_POINT('',(2.470751193771,-26.));
#10390 = CARTESIAN_POINT('',(2.446952578642,-26.));
#10391 = CARTESIAN_POINT('',(2.423615580525,-26.));
#10392 = CARTESIAN_POINT('',(2.400704555912,-26.));
#10393 = CARTESIAN_POINT('',(2.321558600576,-26.));
#10394 = CARTESIAN_POINT('',(2.267452130872,-26.));
#10395 = CARTESIAN_POINT('',(2.215313034184,-26.));
#10396 = CARTESIAN_POINT('',(2.164814858328,-26.));
#10397 = CARTESIAN_POINT('',(2.115689507471,-26.));
#10398 = CARTESIAN_POINT('',(2.067723320376,-26.));
#10399 = CARTESIAN_POINT('',(2.020719330649,-26.));
#10400 = CARTESIAN_POINT('',(1.921759032792,-26.));
#10401 = CARTESIAN_POINT('',(1.870074665412,-26.));
#10402 = CARTESIAN_POINT('',(1.81919167825,-26.));
#10403 = CARTESIAN_POINT('',(1.768920005953,-26.));
#10404 = CARTESIAN_POINT('',(1.719095335538,-26.));
#10405 = CARTESIAN_POINT('',(1.6695656628,-26.));
#10406 = CARTESIAN_POINT('',(1.62018398522,-26.));
#10407 = CARTESIAN_POINT('',(1.570796326795,-26.));
#10408 = ( GEOMETRIC_REPRESENTATION_CONTEXT(2) 
PARAMETRIC_REPRESENTATION_CONTEXT() REPRESENTATION_CONTEXT('2D SPACE',''
  ) );
#10409 = ORIENTED_EDGE('',*,*,#10410,.T.);
#10410 = EDGE_CURVE('',#10265,#10411,#10413,.T.);
#10411 = VERTEX_POINT('',#10412);
#10412 = CARTESIAN_POINT('',(24.,-16.36506350946,-1.25));
#10413 = SURFACE_CURVE('',#10414,(#10418,#10425),.PCURVE_S1.);
#10414 = LINE('',#10415,#10416);
#10415 = CARTESIAN_POINT('',(24.,4.679353802501,10.9));
#10416 = VECTOR('',#10417,1.);
#10417 = DIRECTION('',(0.,0.866025403784,0.5));
#10418 = PCURVE('',#8177,#10419);
#10419 = DEFINITIONAL_REPRESENTATION('',(#10420),#10424);
#10420 = LINE('',#10421,#10422);
#10421 = CARTESIAN_POINT('',(1.7763568394E-15,36.));
#10422 = VECTOR('',#10423,1.);
#10423 = DIRECTION('',(0.,1.));
#10424 = ( GEOMETRIC_REPRESENTATION_CONTEXT(2) 
PARAMETRIC_REPRESENTATION_CONTEXT() REPRESENTATION_CONTEXT('2D SPACE',''
  ) );
#10425 = PCURVE('',#8848,#10426);
#10426 = DEFINITIONAL_REPRESENTATION('',(#10427),#10431);
#10427 = LINE('',#10428,#10429);
#10428 = CARTESIAN_POINT('',(96.,36.));
#10429 = VECTOR('',#10430,1.);
#10430 = DIRECTION('',(0.,-1.));
#10431 = ( GEOMETRIC_REPRESENTATION_CONTEXT(2) 
PARAMETRIC_REPRESENTATION_CONTEXT() REPRESENTATION_CONTEXT('2D SPACE',''
  ) );
#10432 = ORIENTED_EDGE('',*,*,#10433,.T.);
#10433 = EDGE_CURVE('',#10411,#10434,#10436,.T.);
#10434 = VERTEX_POINT('',#10435);
#10435 = CARTESIAN_POINT('',(24.,-26.40140831103,4.733459118601));
#10436 = SURFACE_CURVE('',#10437,(#10442,#10449),.PCURVE_S1.);
#10437 = ELLIPSE('',#10438,10.2,5.7);
#10438 = AXIS2_PLACEMENT_3D('',#10439,#10440,#10441);
#10439 = CARTESIAN_POINT('',(24.,-21.30140831103,-4.1));
#10440 = DIRECTION('',(1.,-0.,0.));
#10441 = DIRECTION('',(0.,0.5,-0.866025403784));
#10442 = PCURVE('',#8177,#10443);
#10443 = DEFINITIONAL_REPRESENTATION('',(#10444),#10448);
#10444 = ELLIPSE('',#10445,10.2,5.7);
#10445 = AXIS2_PLACEMENT_2D('',#10446,#10447);
#10446 = CARTESIAN_POINT('',(0.,6.));
#10447 = DIRECTION('',(1.,-1.110223024625E-16));
#10448 = ( GEOMETRIC_REPRESENTATION_CONTEXT(2) 
PARAMETRIC_REPRESENTATION_CONTEXT() REPRESENTATION_CONTEXT('2D SPACE',''
  ) );
#10449 = PCURVE('',#8875,#10450);
#10450 = DEFINITIONAL_REPRESENTATION('',(#10451),#10455);
#10451 = LINE('',#10452,#10453);
#10452 = CARTESIAN_POINT('',(0.,-24.));
#10453 = VECTOR('',#10454,1.);
#10454 = DIRECTION('',(1.,0.));
#10455 = ( GEOMETRIC_REPRESENTATION_CONTEXT(2) 
PARAMETRIC_REPRESENTATION_CONTEXT() REPRESENTATION_CONTEXT('2D SPACE',''
  ) );
#10456 = ORIENTED_EDGE('',*,*,#10457,.T.);
#10457 = EDGE_CURVE('',#10434,#8133,#10458,.T.);
#10458 = SURFACE_CURVE('',#10459,(#10463,#10470),.PCURVE_S1.);
#10459 = LINE('',#10460,#10461);
#10460 = CARTESIAN_POINT('',(24.,-26.40140831103,4.733459118601));
#10461 = VECTOR('',#10462,1.);
#10462 = DIRECTION('',(0.,-0.866025403784,-0.5));
#10463 = PCURVE('',#8177,#10464);
#10464 = DEFINITIONAL_REPRESENTATION('',(#10465),#10469);
#10465 = LINE('',#10466,#10467);
#10466 = CARTESIAN_POINT('',(-10.2,6.));
#10467 = VECTOR('',#10468,1.);
#10468 = DIRECTION('',(0.,-1.));
#10469 = ( GEOMETRIC_REPRESENTATION_CONTEXT(2) 
PARAMETRIC_REPRESENTATION_CONTEXT() REPRESENTATION_CONTEXT('2D SPACE',''
  ) );
#10470 = PCURVE('',#8148,#10471);
#10471 = DEFINITIONAL_REPRESENTATION('',(#10472),#10476);
#10472 = LINE('',#10473,#10474);
#10473 = CARTESIAN_POINT('',(0.,-24.));
#10474 = VECTOR('',#10475,1.);
#10475 = DIRECTION('',(1.,0.));
#10476 = ( GEOMETRIC_REPRESENTATION_CONTEXT(2) 
PARAMETRIC_REPRESENTATION_CONTEXT() REPRESENTATION_CONTEXT('2D SPACE',''
  ) );
#10477 = ADVANCED_FACE('',(#10478),#8148,.F.);
#10478 = FACE_BOUND('',#10479,.F.);
#10479 = EDGE_LOOP('',(#10480,#10503,#10524,#10525));
#10480 = ORIENTED_EDGE('',*,*,#10481,.F.);
#10481 = EDGE_CURVE('',#10482,#8045,#10484,.T.);
#10482 = VERTEX_POINT('',#10483);
#10483 = CARTESIAN_POINT('',(22.1,-26.40140831103,4.733459118601));
#10484 = SURFACE_CURVE('',#10485,(#10489,#10496),.PCURVE_S1.);
#10485 = LINE('',#10486,#10487);
#10486 = CARTESIAN_POINT('',(22.1,-28.99948452238,3.233459118601));
#10487 = VECTOR('',#10488,1.);
#10488 = DIRECTION('',(0.,-0.866025403784,-0.5));
#10489 = PCURVE('',#8148,#10490);
#10490 = DEFINITIONAL_REPRESENTATION('',(#10491),#10495);
#10491 = LINE('',#10492,#10493);
#10492 = CARTESIAN_POINT('',(3.,-22.1));
#10493 = VECTOR('',#10494,1.);
#10494 = DIRECTION('',(1.,0.));
#10495 = ( GEOMETRIC_REPRESENTATION_CONTEXT(2) 
PARAMETRIC_REPRESENTATION_CONTEXT() REPRESENTATION_CONTEXT('2D SPACE',''
  ) );
#10496 = PCURVE('',#8100,#10497);
#10497 = DEFINITIONAL_REPRESENTATION('',(#10498),#10502);
#10498 = LINE('',#10499,#10500);
#10499 = CARTESIAN_POINT('',(-2.2,3.));
#10500 = VECTOR('',#10501,1.);
#10501 = DIRECTION('',(0.,-1.));
#10502 = ( GEOMETRIC_REPRESENTATION_CONTEXT(2) 
PARAMETRIC_REPRESENTATION_CONTEXT() REPRESENTATION_CONTEXT('2D SPACE',''
  ) );
#10503 = ORIENTED_EDGE('',*,*,#10504,.T.);
#10504 = EDGE_CURVE('',#10482,#10434,#10505,.T.);
#10505 = SURFACE_CURVE('',#10506,(#10510,#10517),.PCURVE_S1.);
#10506 = LINE('',#10507,#10508);
#10507 = CARTESIAN_POINT('',(0.,-26.40140831103,4.733459118601));
#10508 = VECTOR('',#10509,1.);
#10509 = DIRECTION('',(1.,0.,0.));
#10510 = PCURVE('',#8148,#10511);
#10511 = DEFINITIONAL_REPRESENTATION('',(#10512),#10516);
#10512 = LINE('',#10513,#10514);
#10513 = CARTESIAN_POINT('',(0.,0.));
#10514 = VECTOR('',#10515,1.);
#10515 = DIRECTION('',(0.,-1.));
#10516 = ( GEOMETRIC_REPRESENTATION_CONTEXT(2) 
PARAMETRIC_REPRESENTATION_CONTEXT() REPRESENTATION_CONTEXT('2D SPACE',''
  ) );
#10517 = PCURVE('',#8875,#10518);
#10518 = DEFINITIONAL_REPRESENTATION('',(#10519),#10523);
#10519 = LINE('',#10520,#10521);
#10520 = CARTESIAN_POINT('',(3.14159265359,0.));
#10521 = VECTOR('',#10522,1.);
#10522 = DIRECTION('',(0.,-1.));
#10523 = ( GEOMETRIC_REPRESENTATION_CONTEXT(2) 
PARAMETRIC_REPRESENTATION_CONTEXT() REPRESENTATION_CONTEXT('2D SPACE',''
  ) );
#10524 = ORIENTED_EDGE('',*,*,#10457,.T.);
#10525 = ORIENTED_EDGE('',*,*,#8132,.F.);
#10526 = ADVANCED_FACE('',(#10527),#8100,.F.);
#10527 = FACE_BOUND('',#10528,.F.);
#10528 = EDGE_LOOP('',(#10529,#10559,#10640,#10641,#10642,#10665,#10693,
    #10773,#10796,#10891));
#10529 = ORIENTED_EDGE('',*,*,#10530,.T.);
#10530 = EDGE_CURVE('',#10531,#10533,#10535,.T.);
#10531 = VERTEX_POINT('',#10532);
#10532 = CARTESIAN_POINT('',(22.1,-19.87831323188,2.495127018922));
#10533 = VERTEX_POINT('',#10534);
#10534 = CARTESIAN_POINT('',(22.1,-20.47377944561,3.52650475529));
#10535 = SURFACE_CURVE('',#10536,(#10540,#10547),.PCURVE_S1.);
#10536 = LINE('',#10537,#10538);
#10537 = CARTESIAN_POINT('',(22.1,-19.87831323188,2.495127018922));
#10538 = VECTOR('',#10539,1.);
#10539 = DIRECTION('',(0.,-0.5,0.866025403784));
#10540 = PCURVE('',#8100,#10541);
#10541 = DEFINITIONAL_REPRESENTATION('',(#10542),#10546);
#10542 = LINE('',#10543,#10544);
#10543 = CARTESIAN_POINT('',(3.,10.53));
#10544 = VECTOR('',#10545,1.);
#10545 = DIRECTION('',(-1.,0.));
#10546 = ( GEOMETRIC_REPRESENTATION_CONTEXT(2) 
PARAMETRIC_REPRESENTATION_CONTEXT() REPRESENTATION_CONTEXT('2D SPACE',''
  ) );
#10547 = PCURVE('',#10548,#10553);
#10548 = PLANE('',#10549);
#10549 = AXIS2_PLACEMENT_3D('',#10550,#10551,#10552);
#10550 = CARTESIAN_POINT('',(18.9,-19.87831323188,2.495127018922));
#10551 = DIRECTION('',(0.,-0.866025403784,-0.5));
#10552 = DIRECTION('',(0.,-0.5,0.866025403784));
#10553 = DEFINITIONAL_REPRESENTATION('',(#10554),#10558);
#10554 = LINE('',#10555,#10556);
#10555 = CARTESIAN_POINT('',(0.,-3.2));
#10556 = VECTOR('',#10557,1.);
#10557 = DIRECTION('',(1.,0.));
#10558 = ( GEOMETRIC_REPRESENTATION_CONTEXT(2) 
PARAMETRIC_REPRESENTATION_CONTEXT() REPRESENTATION_CONTEXT('2D SPACE',''
  ) );
#10559 = ORIENTED_EDGE('',*,*,#10560,.F.);
#10560 = EDGE_CURVE('',#10482,#10533,#10561,.T.);
#10561 = SURFACE_CURVE('',#10562,(#10586,#10613),.PCURVE_S1.);
#10562 = B_SPLINE_CURVE_WITH_KNOTS('',8,(#10563,#10564,#10565,#10566,
    #10567,#10568,#10569,#10570,#10571,#10572,#10573,#10574,#10575,
    #10576,#10577,#10578,#10579,#10580,#10581,#10582,#10583,#10584,
    #10585),.UNSPECIFIED.,.F.,.F.,(9,7,7,9),(0.,0.238681335228,
    0.39187345257,1.),.UNSPECIFIED.);
#10563 = CARTESIAN_POINT('',(22.1,-26.40140831103,4.733459118601));
#10564 = CARTESIAN_POINT('',(22.1,-26.2367585505,4.828519702162));
#10565 = CARTESIAN_POINT('',(22.1,-26.0655699347,4.91237999767));
#10566 = CARTESIAN_POINT('',(22.1,-25.88882711943,4.984455577924));
#10567 = CARTESIAN_POINT('',(22.1,-25.70753904286,5.044542865967));
#10568 = CARTESIAN_POINT('',(22.1,-25.52270749355,5.09272718098));
#10569 = CARTESIAN_POINT('',(22.1,-25.33530213783,5.12930824717));
#10570 = CARTESIAN_POINT('',(22.1,-25.14624200635,5.154743165651));
#10571 = CARTESIAN_POINT('',(22.1,-24.83452709222,5.179146762336));
#10572 = CARTESIAN_POINT('',(22.1,-24.71229886677,5.184334933167));
#10573 = CARTESIAN_POINT('',(22.1,-24.58988775713,5.185321482677));
#10574 = CARTESIAN_POINT('',(22.1,-24.46746199225,5.182268199599));
#10575 = CARTESIAN_POINT('',(22.1,-24.34516909018,5.175343682187));
#10576 = CARTESIAN_POINT('',(22.1,-24.22313591156,5.164718479857));
#10577 = CARTESIAN_POINT('',(22.1,-24.10146871327,5.150560234834));
#10578 = CARTESIAN_POINT('',(22.1,-23.49906414548,5.063434404352));
#10579 = CARTESIAN_POINT('',(22.1,-23.02662752962,4.940925720273));
#10580 = CARTESIAN_POINT('',(22.1,-22.56565700544,4.775796990851));
#10581 = CARTESIAN_POINT('',(22.1,-22.11831689704,4.575573030945));
#10582 = CARTESIAN_POINT('',(22.1,-21.68569595145,4.346615695435));
#10583 = CARTESIAN_POINT('',(22.1,-21.26799589645,4.093598819794));
#10584 = CARTESIAN_POINT('',(22.1,-20.86451434083,3.819749172595));
#10585 = CARTESIAN_POINT('',(22.1,-20.47377944561,3.52650475529));
#10586 = PCURVE('',#8100,#10587);
#10587 = DEFINITIONAL_REPRESENTATION('',(#10588),#10612);
#10588 = B_SPLINE_CURVE_WITH_KNOTS('',8,(#10589,#10590,#10591,#10592,
    #10593,#10594,#10595,#10596,#10597,#10598,#10599,#10600,#10601,
    #10602,#10603,#10604,#10605,#10606,#10607,#10608,#10609,#10610,
    #10611),.UNSPECIFIED.,.F.,.F.,(9,7,7,9),(0.,0.238681335228,
    0.39187345257,1.),.UNSPECIFIED.);
#10589 = CARTESIAN_POINT('',(-2.2,6.));
#10590 = CARTESIAN_POINT('',(-2.2,6.190121167121));
#10591 = CARTESIAN_POINT('',(-2.187030838377,6.380305005));
#10592 = CARTESIAN_POINT('',(-2.161078714235,6.569406563087));
#10593 = CARTESIAN_POINT('',(-2.122471793838,6.756450286824));
#10594 = CARTESIAN_POINT('',(-2.071784860051,6.94061126145));
#10595 = CARTESIAN_POINT('',(-2.009762314808,7.121199593404));
#10596 = CARTESIAN_POINT('',(-1.937259534613,7.297647929352));
#10597 = CARTESIAN_POINT('',(-1.802536212222,7.57980276207));
#10598 = CARTESIAN_POINT('',(-1.74591518724,7.688249595778));
#10599 = CARTESIAN_POINT('',(-1.685564009353,7.794754001194));
#10600 = CARTESIAN_POINT('',(-1.621706906205,7.899251182115));
#10601 = CARTESIAN_POINT('',(-1.55456364718,8.001697683307));
#10602 = CARTESIAN_POINT('',(-1.484345362736,8.102068914925));
#10603 = CARTESIAN_POINT('',(-1.411250363727,8.200356676943));
#10604 = CARTESIAN_POINT('',(-1.034594897306,8.678491420767));
#10605 = CARTESIAN_POINT('',(-0.692280956782,9.026379189736));
#10606 = CARTESIAN_POINT('',(-0.318790020119,9.343027009359));
#10607 = CARTESIAN_POINT('',(7.827906980761E-02,9.630322927416));
#10608 = CARTESIAN_POINT('',(0.492872411537,9.890504988749));
#10609 = CARTESIAN_POINT('',(0.920841480929,10.125735409723));
#10610 = CARTESIAN_POINT('',(1.359743010032,10.338235863252));
#10611 = CARTESIAN_POINT('',(1.809067572544,10.53));
#10612 = ( GEOMETRIC_REPRESENTATION_CONTEXT(2) 
PARAMETRIC_REPRESENTATION_CONTEXT() REPRESENTATION_CONTEXT('2D SPACE',''
  ) );
#10613 = PCURVE('',#8875,#10614);
#10614 = DEFINITIONAL_REPRESENTATION('',(#10615),#10639);
#10615 = B_SPLINE_CURVE_WITH_KNOTS('',8,(#10616,#10617,#10618,#10619,
    #10620,#10621,#10622,#10623,#10624,#10625,#10626,#10627,#10628,
    #10629,#10630,#10631,#10632,#10633,#10634,#10635,#10636,#10637,
    #10638),.UNSPECIFIED.,.F.,.F.,(9,7,7,9),(0.,0.238681335228,
    0.39187345257,1.),.UNSPECIFIED.);
#10616 = CARTESIAN_POINT('',(3.14159265359,-22.1));
#10617 = CARTESIAN_POINT('',(3.108238062867,-22.1));
#10618 = CARTESIAN_POINT('',(3.074872501097,-22.1));
#10619 = CARTESIAN_POINT('',(3.041640180332,-22.1));
#10620 = CARTESIAN_POINT('',(3.008655741718,-22.1));
#10621 = CARTESIAN_POINT('',(2.976012274507,-22.1));
#10622 = CARTESIAN_POINT('',(2.943787076097,-22.1));
#10623 = CARTESIAN_POINT('',(2.912045153085,-22.1));
#10624 = CARTESIAN_POINT('',(2.860812451984,-22.1));
#10625 = CARTESIAN_POINT('',(2.840998738912,-22.1));
#10626 = CARTESIAN_POINT('',(2.821407723131,-22.1));
#10627 = CARTESIAN_POINT('',(2.802044961328,-22.1));
#10628 = CARTESIAN_POINT('',(2.782913423532,-22.1));
#10629 = CARTESIAN_POINT('',(2.764013748765,-22.1));
#10630 = CARTESIAN_POINT('',(2.7453445007,-22.1));
#10631 = CARTESIAN_POINT('',(2.653692932895,-22.1));
#10632 = CARTESIAN_POINT('',(2.58431136263,-22.1));
#10633 = CARTESIAN_POINT('',(2.518117235146,-22.1));
#10634 = CARTESIAN_POINT('',(2.454768700107,-22.1));
#10635 = CARTESIAN_POINT('',(2.393924940948,-22.1));
#10636 = CARTESIAN_POINT('',(2.335272759398,-22.1));
#10637 = CARTESIAN_POINT('',(2.278447717286,-22.1));
#10638 = CARTESIAN_POINT('',(2.223018768528,-22.1));
#10639 = ( GEOMETRIC_REPRESENTATION_CONTEXT(2) 
PARAMETRIC_REPRESENTATION_CONTEXT() REPRESENTATION_CONTEXT('2D SPACE',''
  ) );
#10640 = ORIENTED_EDGE('',*,*,#10481,.T.);
#10641 = ORIENTED_EDGE('',*,*,#8044,.F.);
#10642 = ORIENTED_EDGE('',*,*,#10643,.T.);
#10643 = EDGE_CURVE('',#8008,#10644,#10646,.T.);
#10644 = VERTEX_POINT('',#10645);
#10645 = CARTESIAN_POINT('',(22.1,-38.11680823558,-8.034872981078));
#10646 = SURFACE_CURVE('',#10647,(#10651,#10658),.PCURVE_S1.);
#10647 = LINE('',#10648,#10649);
#10648 = CARTESIAN_POINT('',(22.1,-41.11680823558,-2.838720558371));
#10649 = VECTOR('',#10650,1.);
#10650 = DIRECTION('',(0.,0.5,-0.866025403784));
#10651 = PCURVE('',#8100,#10652);
#10652 = DEFINITIONAL_REPRESENTATION('',(#10653),#10657);
#10653 = LINE('',#10654,#10655);
#10654 = CARTESIAN_POINT('',(-3.,-10.53));
#10655 = VECTOR('',#10656,1.);
#10656 = DIRECTION('',(1.,0.));
#10657 = ( GEOMETRIC_REPRESENTATION_CONTEXT(2) 
PARAMETRIC_REPRESENTATION_CONTEXT() REPRESENTATION_CONTEXT('2D SPACE',''
  ) );
#10658 = PCURVE('',#8029,#10659);
#10659 = DEFINITIONAL_REPRESENTATION('',(#10660),#10664);
#10660 = LINE('',#10661,#10662);
#10661 = CARTESIAN_POINT('',(0.,-3.2));
#10662 = VECTOR('',#10663,1.);
#10663 = DIRECTION('',(1.,0.));
#10664 = ( GEOMETRIC_REPRESENTATION_CONTEXT(2) 
PARAMETRIC_REPRESENTATION_CONTEXT() REPRESENTATION_CONTEXT('2D SPACE',''
  ) );
#10665 = ORIENTED_EDGE('',*,*,#10666,.T.);
#10666 = EDGE_CURVE('',#10644,#10667,#10669,.T.);
#10667 = VERTEX_POINT('',#10668);
#10668 = CARTESIAN_POINT('',(22.1,-36.55985618096,-7.135966293227));
#10669 = SURFACE_CURVE('',#10670,(#10674,#10681),.PCURVE_S1.);
#10670 = LINE('',#10671,#10672);
#10671 = CARTESIAN_POINT('',(22.1,-38.11680823558,-8.034872981078));
#10672 = VECTOR('',#10673,1.);
#10673 = DIRECTION('',(0.,0.866025403784,0.5));
#10674 = PCURVE('',#8100,#10675);
#10675 = DEFINITIONAL_REPRESENTATION('',(#10676),#10680);
#10676 = LINE('',#10677,#10678);
#10677 = CARTESIAN_POINT('',(3.,-10.53));
#10678 = VECTOR('',#10679,1.);
#10679 = DIRECTION('',(0.,1.));
#10680 = ( GEOMETRIC_REPRESENTATION_CONTEXT(2) 
PARAMETRIC_REPRESENTATION_CONTEXT() REPRESENTATION_CONTEXT('2D SPACE',''
  ) );
#10681 = PCURVE('',#10682,#10687);
#10682 = PLANE('',#10683);
#10683 = AXIS2_PLACEMENT_3D('',#10684,#10685,#10686);
#10684 = CARTESIAN_POINT('',(18.9,-38.11680823558,-8.034872981078));
#10685 = DIRECTION('',(0.,-0.5,0.866025403784));
#10686 = DIRECTION('',(0.,0.866025403784,0.5));
#10687 = DEFINITIONAL_REPRESENTATION('',(#10688),#10692);
#10688 = LINE('',#10689,#10690);
#10689 = CARTESIAN_POINT('',(0.,-3.2));
#10690 = VECTOR('',#10691,1.);
#10691 = DIRECTION('',(1.,0.));
#10692 = ( GEOMETRIC_REPRESENTATION_CONTEXT(2) 
PARAMETRIC_REPRESENTATION_CONTEXT() REPRESENTATION_CONTEXT('2D SPACE',''
  ) );
#10693 = ORIENTED_EDGE('',*,*,#10694,.T.);
#10694 = EDGE_CURVE('',#10667,#10695,#10697,.T.);
#10695 = VERTEX_POINT('',#10696);
#10696 = CARTESIAN_POINT('',(22.1,-35.69371315644,-3.171796769724));
#10697 = SURFACE_CURVE('',#10698,(#10721,#10747),.PCURVE_S1.);
#10698 = B_SPLINE_CURVE_WITH_KNOTS('',6,(#10699,#10700,#10701,#10702,
    #10703,#10704,#10705,#10706,#10707,#10708,#10709,#10710,#10711,
    #10712,#10713,#10714,#10715,#10716,#10717,#10718,#10719,#10720),
  .UNSPECIFIED.,.F.,.F.,(7,5,5,5,7),(0.,0.337782905588,0.620842547574,
    0.792498210747,1.),.UNSPECIFIED.);
#10699 = CARTESIAN_POINT('',(22.1,-36.55985618096,-7.135966293227));
#10700 = CARTESIAN_POINT('',(22.1,-36.60526867588,-6.895527301459));
#10701 = CARTESIAN_POINT('',(22.1,-36.6438221823,-6.653987156384));
#10702 = CARTESIAN_POINT('',(22.1,-36.67485354467,-6.411399246567));
#10703 = CARTESIAN_POINT('',(22.1,-36.69745509853,-6.167997141764));
#10704 = CARTESIAN_POINT('',(22.1,-36.71049048325,-5.924193737954));
#10705 = CARTESIAN_POINT('',(22.1,-36.71374656291,-5.476415423464));
#10706 = CARTESIAN_POINT('',(22.1,-36.70731872175,-5.272535563548));
#10707 = CARTESIAN_POINT('',(22.1,-36.69200432604,-5.069123213791));
#10708 = CARTESIAN_POINT('',(22.1,-36.66647970252,-4.866863799256));
#10709 = CARTESIAN_POINT('',(22.1,-36.629140203,-4.666921521396));
#10710 = CARTESIAN_POINT('',(22.1,-36.54657452717,-4.352214777653));
#10711 = CARTESIAN_POINT('',(22.1,-36.51025292197,-4.234962705665));
#10712 = CARTESIAN_POINT('',(22.1,-36.46828995857,-4.119656577048));
#10713 = CARTESIAN_POINT('',(22.1,-36.42015730009,-4.006923680854));
#10714 = CARTESIAN_POINT('',(22.1,-36.36531957386,-3.897610686998));
#10715 = CARTESIAN_POINT('',(22.1,-36.22843345534,-3.665951187523));
#10716 = CARTESIAN_POINT('',(22.1,-36.14300838543,-3.545503195207));
#10717 = CARTESIAN_POINT('',(22.1,-36.04648737682,-3.433582019587));
#10718 = CARTESIAN_POINT('',(22.1,-35.93872982336,-3.332615389231));
#10719 = CARTESIAN_POINT('',(22.1,-35.82037728783,-3.244926340076));
#10720 = CARTESIAN_POINT('',(22.1,-35.69371315644,-3.171796769724));
#10721 = PCURVE('',#8100,#10722);
#10722 = DEFINITIONAL_REPRESENTATION('',(#10723),#10746);
#10723 = B_SPLINE_CURVE_WITH_KNOTS('',6,(#10724,#10725,#10726,#10727,
    #10728,#10729,#10730,#10731,#10732,#10733,#10734,#10735,#10736,
    #10737,#10738,#10739,#10740,#10741,#10742,#10743,#10744,#10745),
  .UNSPECIFIED.,.F.,.F.,(7,5,5,5,7),(0.,0.337782905588,0.620842547574,
    0.792498210747,1.),.UNSPECIFIED.);
#10724 = CARTESIAN_POINT('',(3.,-8.732186624299));
#10725 = CARTESIAN_POINT('',(2.769067477611,-8.65129550266));
#10726 = CARTESIAN_POINT('',(2.540610822731,-8.563913746089));
#10727 = CARTESIAN_POINT('',(2.315007848995,-8.469493739306));
#10728 = CARTESIAN_POINT('',(2.09291466597,-8.367366206713));
#10729 = CARTESIAN_POINT('',(1.875257032379,-8.256753479127));
#10730 = CARTESIAN_POINT('',(1.485841596938,-8.035684169583));
#10731 = CARTESIAN_POINT('',(1.312490379511,-7.928177565889));
#10732 = CARTESIAN_POINT('',(1.143987315033,-7.813208735281));
#10733 = CARTESIAN_POINT('',(0.981587835653,-7.689974055621));
#10734 = CARTESIAN_POINT('',(0.827102493496,-7.55766596154));
#10735 = CARTESIAN_POINT('',(0.595841296584,-7.328808616925));
#10736 = CARTESIAN_POINT('',(0.512458826199,-7.238727148118));
#10737 = CARTESIAN_POINT('',(0.433582271305,-7.144733091487));
#10738 = CARTESIAN_POINT('',(0.3600190486,-7.046682538392));
#10739 = CARTESIAN_POINT('',(0.292770082071,-6.944535177464));
#10740 = CARTESIAN_POINT('',(0.160590129757,-6.710158571663));
#10741 = CARTESIAN_POINT('',(9.899164353086E-02,-6.575954294845));
#10742 = CARTESIAN_POINT('',(5.03255665274E-02,-6.43640406158));
#10743 = CARTESIAN_POINT('',(1.676467643591E-02,-6.292599967654));
#10744 = CARTESIAN_POINT('',(0.,-6.146259140703));
#10745 = CARTESIAN_POINT('',(1.7763568394E-15,-6.));
#10746 = ( GEOMETRIC_REPRESENTATION_CONTEXT(2) 
PARAMETRIC_REPRESENTATION_CONTEXT() REPRESENTATION_CONTEXT('2D SPACE',''
  ) );
#10747 = PCURVE('',#8488,#10748);
#10748 = DEFINITIONAL_REPRESENTATION('',(#10749),#10772);
#10749 = B_SPLINE_CURVE_WITH_KNOTS('',6,(#10750,#10751,#10752,#10753,
    #10754,#10755,#10756,#10757,#10758,#10759,#10760,#10761,#10762,
    #10763,#10764,#10765,#10766,#10767,#10768,#10769,#10770,#10771),
  .UNSPECIFIED.,.F.,.F.,(7,5,5,5,7),(0.,0.337782905588,0.620842547574,
    0.792498210747,1.),.UNSPECIFIED.);
#10750 = CARTESIAN_POINT('',(4.037257447448,-24.1));
#10751 = CARTESIAN_POINT('',(4.000278648984,-24.1));
#10752 = CARTESIAN_POINT('',(3.96238230548,-24.1));
#10753 = CARTESIAN_POINT('',(3.923417092099,-24.1));
#10754 = CARTESIAN_POINT('',(3.883211942788,-24.1));
#10755 = CARTESIAN_POINT('',(3.841571498437,-24.1));
#10756 = CARTESIAN_POINT('',(3.761828379232,-24.1));
#10757 = CARTESIAN_POINT('',(3.724271547754,-24.1));
#10758 = CARTESIAN_POINT('',(3.685309945102,-24.1));
#10759 = CARTESIAN_POINT('',(3.644740329595,-24.1));
#10760 = CARTESIAN_POINT('',(3.602357838744,-24.1));
#10761 = CARTESIAN_POINT('',(3.530865054059,-24.1));
#10762 = CARTESIAN_POINT('',(3.503110909543,-24.1));
#10763 = CARTESIAN_POINT('',(3.474526640714,-24.1));
#10764 = CARTESIAN_POINT('',(3.445070255123,-24.1));
#10765 = CARTESIAN_POINT('',(3.414721365284,-24.1));
#10766 = CARTESIAN_POINT('',(3.345748400891,-24.1));
#10767 = CARTESIAN_POINT('',(3.306676360161,-24.1));
#10768 = CARTESIAN_POINT('',(3.266411216192,-24.1));
#10769 = CARTESIAN_POINT('',(3.225192558943,-24.1));
#10770 = CARTESIAN_POINT('',(3.183380979505,-24.1));
#10771 = CARTESIAN_POINT('',(3.14159265359,-24.1));
#10772 = ( GEOMETRIC_REPRESENTATION_CONTEXT(2) 
PARAMETRIC_REPRESENTATION_CONTEXT() REPRESENTATION_CONTEXT('2D SPACE',''
  ) );
#10773 = ORIENTED_EDGE('',*,*,#10774,.F.);
#10774 = EDGE_CURVE('',#10775,#10695,#10777,.T.);
#10775 = VERTEX_POINT('',#10776);
#10776 = CARTESIAN_POINT('',(22.1,-25.30140831103,2.828203230276));
#10777 = SURFACE_CURVE('',#10778,(#10782,#10789),.PCURVE_S1.);
#10778 = LINE('',#10779,#10780);
#10779 = CARTESIAN_POINT('',(22.1,-27.89948452238,1.328203230276));
#10780 = VECTOR('',#10781,1.);
#10781 = DIRECTION('',(0.,-0.866025403784,-0.5));
#10782 = PCURVE('',#8100,#10783);
#10783 = DEFINITIONAL_REPRESENTATION('',(#10784),#10788);
#10784 = LINE('',#10785,#10786);
#10785 = CARTESIAN_POINT('',(-1.110223024625E-15,3.));
#10786 = VECTOR('',#10787,1.);
#10787 = DIRECTION('',(0.,-1.));
#10788 = ( GEOMETRIC_REPRESENTATION_CONTEXT(2) 
PARAMETRIC_REPRESENTATION_CONTEXT() REPRESENTATION_CONTEXT('2D SPACE',''
  ) );
#10789 = PCURVE('',#10252,#10790);
#10790 = DEFINITIONAL_REPRESENTATION('',(#10791),#10795);
#10791 = LINE('',#10792,#10793);
#10792 = CARTESIAN_POINT('',(3.,-24.1));
#10793 = VECTOR('',#10794,1.);
#10794 = DIRECTION('',(1.,0.));
#10795 = ( GEOMETRIC_REPRESENTATION_CONTEXT(2) 
PARAMETRIC_REPRESENTATION_CONTEXT() REPRESENTATION_CONTEXT('2D SPACE',''
  ) );
#10796 = ORIENTED_EDGE('',*,*,#10797,.T.);
#10797 = EDGE_CURVE('',#10775,#10798,#10800,.T.);
#10798 = VERTEX_POINT('',#10799);
#10799 = CARTESIAN_POINT('',(22.1,-21.4352652865,1.596220331072));
#10800 = SURFACE_CURVE('',#10801,(#10829,#10860),.PCURVE_S1.);
#10801 = B_SPLINE_CURVE_WITH_KNOTS('',6,(#10802,#10803,#10804,#10805,
    #10806,#10807,#10808,#10809,#10810,#10811,#10812,#10813,#10814,
    #10815,#10816,#10817,#10818,#10819,#10820,#10821,#10822,#10823,
    #10824,#10825,#10826,#10827,#10828),.UNSPECIFIED.,.F.,.F.,(7,5,5,5,5
    ,7),(0.,0.179093933348,0.301853997553,0.546282957023,0.8420071473,1.
    ),.UNSPECIFIED.);
#10802 = CARTESIAN_POINT('',(22.1,-25.30140831103,2.828203230276));
#10803 = CARTESIAN_POINT('',(22.1,-25.19211328514,2.891304742891));
#10804 = CARTESIAN_POINT('',(22.1,-25.07652504122,2.943626839671));
#10805 = CARTESIAN_POINT('',(22.1,-24.95606900984,2.984321659464));
#10806 = CARTESIAN_POINT('',(22.1,-24.83224266203,3.013589864307));
#10807 = CARTESIAN_POINT('',(22.1,-24.70643057905,3.03214072771));
#10808 = CARTESIAN_POINT('',(22.1,-24.49303874927,3.046956331102));
#10809 = CARTESIAN_POINT('',(22.1,-24.40583145998,3.048398657083));
#10810 = CARTESIAN_POINT('',(22.1,-24.31851043479,3.0455630923));
#10811 = CARTESIAN_POINT('',(22.1,-24.23131996591,3.038779530212));
#10812 = CARTESIAN_POINT('',(22.1,-24.14443884465,3.028371611866));
#10813 = CARTESIAN_POINT('',(22.1,-23.88583219181,2.987255983791));
#10814 = CARTESIAN_POINT('',(22.1,-23.71548028282,2.946673591869));
#10815 = CARTESIAN_POINT('',(22.1,-23.54764592069,2.895157781948));
#10816 = CARTESIAN_POINT('',(22.1,-23.38275359867,2.834502494855));
#10817 = CARTESIAN_POINT('',(22.1,-23.22091944064,2.76609593074));
#10818 = CARTESIAN_POINT('',(22.1,-22.86965482868,2.599866859098));
#10819 = CARTESIAN_POINT('',(22.1,-22.68172745814,2.498964144585));
#10820 = CARTESIAN_POINT('',(22.1,-22.49803020836,2.389936659738));
#10821 = CARTESIAN_POINT('',(22.1,-22.3184607691,2.274009094009));
#10822 = CARTESIAN_POINT('',(22.1,-22.14283812702,2.152115363442));
#10823 = CARTESIAN_POINT('',(22.1,-21.87905520095,1.956908183346));
#10824 = CARTESIAN_POINT('',(22.1,-21.78826812713,1.887419240203));
#10825 = CARTESIAN_POINT('',(22.1,-21.69852009393,1.8165213137));
#10826 = CARTESIAN_POINT('',(22.1,-21.60978598779,1.744305080751));
#10827 = CARTESIAN_POINT('',(22.1,-21.52204222152,1.670848797583));
#10828 = CARTESIAN_POINT('',(22.1,-21.4352652865,1.596220331072));
#10829 = PCURVE('',#8100,#10830);
#10830 = DEFINITIONAL_REPRESENTATION('',(#10831),#10859);
#10831 = B_SPLINE_CURVE_WITH_KNOTS('',6,(#10832,#10833,#10834,#10835,
    #10836,#10837,#10838,#10839,#10840,#10841,#10842,#10843,#10844,
    #10845,#10846,#10847,#10848,#10849,#10850,#10851,#10852,#10853,
    #10854,#10855,#10856,#10857,#10858),.UNSPECIFIED.,.F.,.F.,(7,5,5,5,5
    ,7),(0.,0.179093933348,0.301853997553,0.546282957023,0.8420071473,1.
    ),.UNSPECIFIED.);
#10832 = CARTESIAN_POINT('',(0.,6.));
#10833 = CARTESIAN_POINT('',(-1.7763568394E-15,6.126203025231));
#10834 = CARTESIAN_POINT('',(1.248185696867E-02,6.252466429234));
#10835 = CARTESIAN_POINT('',(3.746712491578E-02,6.377131822344));
#10836 = CARTESIAN_POINT('',(7.403328990586E-02,6.499002687632));
#10837 = CARTESIAN_POINT('',(0.120873812425,6.617234579295));
#10838 = CARTESIAN_POINT('',(0.214739038408,6.809445126544));
#10839 = CARTESIAN_POINT('',(0.257093592109,6.885690017448));
#10840 = CARTESIAN_POINT('',(0.303209775842,6.959894461159));
#10841 = CARTESIAN_POINT('',(0.352679747378,7.032011841132));
#10842 = CARTESIAN_POINT('',(0.405133829699,7.102049140086));
#10843 = CARTESIAN_POINT('',(0.570044334524,7.305451256994));
#10844 = CARTESIAN_POINT('',(0.690365671371,7.432689141802));
#10845 = CARTESIAN_POINT('',(0.818896852524,7.552280058075));
#10846 = CARTESIAN_POINT('',(0.953872033029,7.664753354285));
#10847 = CARTESIAN_POINT('',(1.094030934352,7.770702564278));
#10848 = CARTESIAN_POINT('',(1.413621839221,7.991792105865));
#10849 = CARTESIAN_POINT('',(1.594969838569,8.10409062556));
#10850 = CARTESIAN_POINT('',(1.781239035047,8.208663368052));
#10851 = CARTESIAN_POINT('',(1.9714199716,8.306211281334));
#10852 = CARTESIAN_POINT('',(2.164794359873,8.397358085571));
#10853 = CARTESIAN_POINT('',(2.465740199869,8.528197210579));
#10854 = CARTESIAN_POINT('',(2.571312926824,8.572076651273));
#10855 = CARTESIAN_POINT('',(2.677586348851,8.614351764713));
#10856 = CARTESIAN_POINT('',(2.784494494222,8.655089638338));
#10857 = CARTESIAN_POINT('',(2.891981384649,8.694349827372));
#10858 = CARTESIAN_POINT('',(3.,8.732186624299));
#10859 = ( GEOMETRIC_REPRESENTATION_CONTEXT(2) 
PARAMETRIC_REPRESENTATION_CONTEXT() REPRESENTATION_CONTEXT('2D SPACE',''
  ) );
#10860 = PCURVE('',#8776,#10861);
#10861 = DEFINITIONAL_REPRESENTATION('',(#10862),#10890);
#10862 = B_SPLINE_CURVE_WITH_KNOTS('',6,(#10863,#10864,#10865,#10866,
    #10867,#10868,#10869,#10870,#10871,#10872,#10873,#10874,#10875,
    #10876,#10877,#10878,#10879,#10880,#10881,#10882,#10883,#10884,
    #10885,#10886,#10887,#10888,#10889),.UNSPECIFIED.,.F.,.F.,(7,5,5,5,5
    ,7),(0.,0.179093933348,0.301853997553,0.546282957023,0.8420071473,1.
    ),.UNSPECIFIED.);
#10863 = CARTESIAN_POINT('',(3.14159265359,-24.1));
#10864 = CARTESIAN_POINT('',(3.105534646381,-24.1));
#10865 = CARTESIAN_POINT('',(3.069459414672,-24.1));
#10866 = CARTESIAN_POINT('',(3.033756213915,-24.1));
#10867 = CARTESIAN_POINT('',(2.998682744562,-24.1));
#10868 = CARTESIAN_POINT('',(2.964424460884,-24.1));
#10869 = CARTESIAN_POINT('',(2.908267745897,-24.1));
#10870 = CARTESIAN_POINT('',(2.88585813365,-24.1));
#10871 = CARTESIAN_POINT('',(2.863898864349,-24.1));
#10872 = CARTESIAN_POINT('',(2.842396442908,-24.1));
#10873 = CARTESIAN_POINT('',(2.821345113745,-24.1));
#10874 = CARTESIAN_POINT('',(2.759682566006,-24.1));
#10875 = CARTESIAN_POINT('',(2.72039247927,-24.1));
#10876 = CARTESIAN_POINT('',(2.682694129191,-24.1));
#10877 = CARTESIAN_POINT('',(2.646446910915,-24.1));
#10878 = CARTESIAN_POINT('',(2.611498249212,-24.1));
#10879 = CARTESIAN_POINT('',(2.536757607437,-24.1));
#10880 = CARTESIAN_POINT('',(2.497523760102,-24.1));
#10881 = CARTESIAN_POINT('',(2.459703749553,-24.1));
#10882 = CARTESIAN_POINT('',(2.423121586095,-24.1));
#10883 = CARTESIAN_POINT('',(2.387619366254,-24.1));
#10884 = CARTESIAN_POINT('',(2.334585504003,-24.1));
#10885 = CARTESIAN_POINT('',(2.316387739954,-24.1));
#10886 = CARTESIAN_POINT('',(2.298439630357,-24.1));
#10887 = CARTESIAN_POINT('',(2.280723790779,-24.1));
#10888 = CARTESIAN_POINT('',(2.263224681185,-24.1));
#10889 = CARTESIAN_POINT('',(2.245927859732,-24.1));
#10890 = ( GEOMETRIC_REPRESENTATION_CONTEXT(2) 
PARAMETRIC_REPRESENTATION_CONTEXT() REPRESENTATION_CONTEXT('2D SPACE',''
  ) );
#10891 = ORIENTED_EDGE('',*,*,#10892,.T.);
#10892 = EDGE_CURVE('',#10798,#10531,#10893,.T.);
#10893 = SURFACE_CURVE('',#10894,(#10898,#10905),.PCURVE_S1.);
#10894 = LINE('',#10895,#10896);
#10895 = CARTESIAN_POINT('',(22.1,-38.11680823558,-8.034872981078));
#10896 = VECTOR('',#10897,1.);
#10897 = DIRECTION('',(0.,0.866025403784,0.5));
#10898 = PCURVE('',#8100,#10899);
#10899 = DEFINITIONAL_REPRESENTATION('',(#10900),#10904);
#10900 = LINE('',#10901,#10902);
#10901 = CARTESIAN_POINT('',(3.,-10.53));
#10902 = VECTOR('',#10903,1.);
#10903 = DIRECTION('',(0.,1.));
#10904 = ( GEOMETRIC_REPRESENTATION_CONTEXT(2) 
PARAMETRIC_REPRESENTATION_CONTEXT() REPRESENTATION_CONTEXT('2D SPACE',''
  ) );
#10905 = PCURVE('',#10906,#10911);
#10906 = PLANE('',#10907);
#10907 = AXIS2_PLACEMENT_3D('',#10908,#10909,#10910);
#10908 = CARTESIAN_POINT('',(18.9,-38.11680823558,-8.034872981078));
#10909 = DIRECTION('',(0.,-0.5,0.866025403784));
#10910 = DIRECTION('',(0.,0.866025403784,0.5));
#10911 = DEFINITIONAL_REPRESENTATION('',(#10912),#10916);
#10912 = LINE('',#10913,#10914);
#10913 = CARTESIAN_POINT('',(0.,-3.2));
#10914 = VECTOR('',#10915,1.);
#10915 = DIRECTION('',(1.,0.));
#10916 = ( GEOMETRIC_REPRESENTATION_CONTEXT(2) 
PARAMETRIC_REPRESENTATION_CONTEXT() REPRESENTATION_CONTEXT('2D SPACE',''
  ) );
#10917 = ADVANCED_FACE('',(#10918),#8029,.T.);
#10918 = FACE_BOUND('',#10919,.T.);
#10919 = EDGE_LOOP('',(#10920,#10943,#10944,#10945));
#10920 = ORIENTED_EDGE('',*,*,#10921,.F.);
#10921 = EDGE_CURVE('',#7920,#10922,#10924,.T.);
#10922 = VERTEX_POINT('',#10923);
#10923 = CARTESIAN_POINT('',(18.9,-38.11680823558,-8.034872981078));
#10924 = SURFACE_CURVE('',#10925,(#10929,#10936),.PCURVE_S1.);
#10925 = LINE('',#10926,#10927);
#10926 = CARTESIAN_POINT('',(18.9,-41.11680823558,-2.838720558371));
#10927 = VECTOR('',#10928,1.);
#10928 = DIRECTION('',(0.,0.5,-0.866025403784));
#10929 = PCURVE('',#8029,#10930);
#10930 = DEFINITIONAL_REPRESENTATION('',(#10931),#10935);
#10931 = LINE('',#10932,#10933);
#10932 = CARTESIAN_POINT('',(0.,0.));
#10933 = VECTOR('',#10934,1.);
#10934 = DIRECTION('',(1.,0.));
#10935 = ( GEOMETRIC_REPRESENTATION_CONTEXT(2) 
PARAMETRIC_REPRESENTATION_CONTEXT() REPRESENTATION_CONTEXT('2D SPACE',''
  ) );
#10936 = PCURVE('',#7975,#10937);
#10937 = DEFINITIONAL_REPRESENTATION('',(#10938),#10942);
#10938 = LINE('',#10939,#10940);
#10939 = CARTESIAN_POINT('',(-3.,-10.53));
#10940 = VECTOR('',#10941,1.);
#10941 = DIRECTION('',(1.,0.));
#10942 = ( GEOMETRIC_REPRESENTATION_CONTEXT(2) 
PARAMETRIC_REPRESENTATION_CONTEXT() REPRESENTATION_CONTEXT('2D SPACE',''
  ) );
#10943 = ORIENTED_EDGE('',*,*,#8007,.F.);
#10944 = ORIENTED_EDGE('',*,*,#10643,.T.);
#10945 = ORIENTED_EDGE('',*,*,#10946,.F.);
#10946 = EDGE_CURVE('',#10922,#10644,#10947,.T.);
#10947 = SURFACE_CURVE('',#10948,(#10952,#10959),.PCURVE_S1.);
#10948 = LINE('',#10949,#10950);
#10949 = CARTESIAN_POINT('',(18.9,-38.11680823558,-8.034872981078));
#10950 = VECTOR('',#10951,1.);
#10951 = DIRECTION('',(1.,0.,0.));
#10952 = PCURVE('',#8029,#10953);
#10953 = DEFINITIONAL_REPRESENTATION('',(#10954),#10958);
#10954 = LINE('',#10955,#10956);
#10955 = CARTESIAN_POINT('',(6.,0.));
#10956 = VECTOR('',#10957,1.);
#10957 = DIRECTION('',(0.,-1.));
#10958 = ( GEOMETRIC_REPRESENTATION_CONTEXT(2) 
PARAMETRIC_REPRESENTATION_CONTEXT() REPRESENTATION_CONTEXT('2D SPACE',''
  ) );
#10959 = PCURVE('',#10682,#10960);
#10960 = DEFINITIONAL_REPRESENTATION('',(#10961),#10965);
#10961 = LINE('',#10962,#10963);
#10962 = CARTESIAN_POINT('',(0.,0.));
#10963 = VECTOR('',#10964,1.);
#10964 = DIRECTION('',(0.,-1.));
#10965 = ( GEOMETRIC_REPRESENTATION_CONTEXT(2) 
PARAMETRIC_REPRESENTATION_CONTEXT() REPRESENTATION_CONTEXT('2D SPACE',''
  ) );
#10966 = ADVANCED_FACE('',(#10967),#7975,.T.);
#10967 = FACE_BOUND('',#10968,.T.);
#10968 = EDGE_LOOP('',(#10969,#10994,#11077,#11098,#11099,#11100,#11123,
    #11203,#11231,#11259,#11287,#11315,#11343,#11438));
#10969 = ORIENTED_EDGE('',*,*,#10970,.T.);
#10970 = EDGE_CURVE('',#10971,#10973,#10975,.T.);
#10971 = VERTEX_POINT('',#10972);
#10972 = CARTESIAN_POINT('',(18.9,-19.87831323188,2.495127018922));
#10973 = VERTEX_POINT('',#10974);
#10974 = CARTESIAN_POINT('',(18.9,-20.47377944561,3.52650475529));
#10975 = SURFACE_CURVE('',#10976,(#10980,#10987),.PCURVE_S1.);
#10976 = LINE('',#10977,#10978);
#10977 = CARTESIAN_POINT('',(18.9,-19.87831323188,2.495127018922));
#10978 = VECTOR('',#10979,1.);
#10979 = DIRECTION('',(0.,-0.5,0.866025403784));
#10980 = PCURVE('',#7975,#10981);
#10981 = DEFINITIONAL_REPRESENTATION('',(#10982),#10986);
#10982 = LINE('',#10983,#10984);
#10983 = CARTESIAN_POINT('',(3.,10.53));
#10984 = VECTOR('',#10985,1.);
#10985 = DIRECTION('',(-1.,0.));
#10986 = ( GEOMETRIC_REPRESENTATION_CONTEXT(2) 
PARAMETRIC_REPRESENTATION_CONTEXT() REPRESENTATION_CONTEXT('2D SPACE',''
  ) );
#10987 = PCURVE('',#10548,#10988);
#10988 = DEFINITIONAL_REPRESENTATION('',(#10989),#10993);
#10989 = LINE('',#10990,#10991);
#10990 = CARTESIAN_POINT('',(0.,0.));
#10991 = VECTOR('',#10992,1.);
#10992 = DIRECTION('',(1.,0.));
#10993 = ( GEOMETRIC_REPRESENTATION_CONTEXT(2) 
PARAMETRIC_REPRESENTATION_CONTEXT() REPRESENTATION_CONTEXT('2D SPACE',''
  ) );
#10994 = ORIENTED_EDGE('',*,*,#10995,.F.);
#10995 = EDGE_CURVE('',#10996,#10973,#10998,.T.);
#10996 = VERTEX_POINT('',#10997);
#10997 = CARTESIAN_POINT('',(18.9,-26.40140831103,4.733459118601));
#10998 = SURFACE_CURVE('',#10999,(#11023,#11050),.PCURVE_S1.);
#10999 = B_SPLINE_CURVE_WITH_KNOTS('',8,(#11000,#11001,#11002,#11003,
    #11004,#11005,#11006,#11007,#11008,#11009,#11010,#11011,#11012,
    #11013,#11014,#11015,#11016,#11017,#11018,#11019,#11020,#11021,
    #11022),.UNSPECIFIED.,.F.,.F.,(9,7,7,9),(0.,0.238681335228,
    0.39187345257,1.),.UNSPECIFIED.);
#11000 = CARTESIAN_POINT('',(18.9,-26.40140831103,4.733459118601));
#11001 = CARTESIAN_POINT('',(18.9,-26.2367585505,4.828519702162));
#11002 = CARTESIAN_POINT('',(18.9,-26.0655699347,4.91237999767));
#11003 = CARTESIAN_POINT('',(18.9,-25.88882711943,4.984455577924));
#11004 = CARTESIAN_POINT('',(18.9,-25.70753904286,5.044542865967));
#11005 = CARTESIAN_POINT('',(18.9,-25.52270749355,5.09272718098));
#11006 = CARTESIAN_POINT('',(18.9,-25.33530213783,5.12930824717));
#11007 = CARTESIAN_POINT('',(18.9,-25.14624200635,5.154743165651));
#11008 = CARTESIAN_POINT('',(18.9,-24.83452709222,5.179146762336));
#11009 = CARTESIAN_POINT('',(18.9,-24.71229886677,5.184334933167));
#11010 = CARTESIAN_POINT('',(18.9,-24.58988775713,5.185321482677));
#11011 = CARTESIAN_POINT('',(18.9,-24.46746199225,5.182268199599));
#11012 = CARTESIAN_POINT('',(18.9,-24.34516909018,5.175343682187));
#11013 = CARTESIAN_POINT('',(18.9,-24.22313591156,5.164718479857));
#11014 = CARTESIAN_POINT('',(18.9,-24.10146871327,5.150560234834));
#11015 = CARTESIAN_POINT('',(18.9,-23.49906414548,5.063434404352));
#11016 = CARTESIAN_POINT('',(18.9,-23.02662752962,4.940925720273));
#11017 = CARTESIAN_POINT('',(18.9,-22.56565700544,4.775796990851));
#11018 = CARTESIAN_POINT('',(18.9,-22.11831689704,4.575573030945));
#11019 = CARTESIAN_POINT('',(18.9,-21.68569595145,4.346615695435));
#11020 = CARTESIAN_POINT('',(18.9,-21.26799589645,4.093598819794));
#11021 = CARTESIAN_POINT('',(18.9,-20.86451434083,3.819749172595));
#11022 = CARTESIAN_POINT('',(18.9,-20.47377944561,3.52650475529));
#11023 = PCURVE('',#7975,#11024);
#11024 = DEFINITIONAL_REPRESENTATION('',(#11025),#11049);
#11025 = B_SPLINE_CURVE_WITH_KNOTS('',8,(#11026,#11027,#11028,#11029,
    #11030,#11031,#11032,#11033,#11034,#11035,#11036,#11037,#11038,
    #11039,#11040,#11041,#11042,#11043,#11044,#11045,#11046,#11047,
    #11048),.UNSPECIFIED.,.F.,.F.,(9,7,7,9),(0.,0.238681335228,
    0.39187345257,1.),.UNSPECIFIED.);
#11026 = CARTESIAN_POINT('',(-2.2,6.));
#11027 = CARTESIAN_POINT('',(-2.2,6.190121167121));
#11028 = CARTESIAN_POINT('',(-2.187030838377,6.380305005));
#11029 = CARTESIAN_POINT('',(-2.161078714235,6.569406563087));
#11030 = CARTESIAN_POINT('',(-2.122471793838,6.756450286824));
#11031 = CARTESIAN_POINT('',(-2.071784860051,6.94061126145));
#11032 = CARTESIAN_POINT('',(-2.009762314808,7.121199593404));
#11033 = CARTESIAN_POINT('',(-1.937259534613,7.297647929352));
#11034 = CARTESIAN_POINT('',(-1.802536212222,7.57980276207));
#11035 = CARTESIAN_POINT('',(-1.74591518724,7.688249595778));
#11036 = CARTESIAN_POINT('',(-1.685564009353,7.794754001194));
#11037 = CARTESIAN_POINT('',(-1.621706906205,7.899251182115));
#11038 = CARTESIAN_POINT('',(-1.55456364718,8.001697683307));
#11039 = CARTESIAN_POINT('',(-1.484345362736,8.102068914925));
#11040 = CARTESIAN_POINT('',(-1.411250363727,8.200356676943));
#11041 = CARTESIAN_POINT('',(-1.034594897306,8.678491420767));
#11042 = CARTESIAN_POINT('',(-0.692280956782,9.026379189736));
#11043 = CARTESIAN_POINT('',(-0.318790020119,9.343027009359));
#11044 = CARTESIAN_POINT('',(7.827906980761E-02,9.630322927416));
#11045 = CARTESIAN_POINT('',(0.492872411537,9.890504988749));
#11046 = CARTESIAN_POINT('',(0.920841480929,10.125735409723));
#11047 = CARTESIAN_POINT('',(1.359743010032,10.338235863252));
#11048 = CARTESIAN_POINT('',(1.809067572544,10.53));
#11049 = ( GEOMETRIC_REPRESENTATION_CONTEXT(2) 
PARAMETRIC_REPRESENTATION_CONTEXT() REPRESENTATION_CONTEXT('2D SPACE',''
  ) );
#11050 = PCURVE('',#8875,#11051);
#11051 = DEFINITIONAL_REPRESENTATION('',(#11052),#11076);
#11052 = B_SPLINE_CURVE_WITH_KNOTS('',8,(#11053,#11054,#11055,#11056,
    #11057,#11058,#11059,#11060,#11061,#11062,#11063,#11064,#11065,
    #11066,#11067,#11068,#11069,#11070,#11071,#11072,#11073,#11074,
    #11075),.UNSPECIFIED.,.F.,.F.,(9,7,7,9),(0.,0.238681335228,
    0.39187345257,1.),.UNSPECIFIED.);
#11053 = CARTESIAN_POINT('',(3.14159265359,-18.9));
#11054 = CARTESIAN_POINT('',(3.108238062867,-18.9));
#11055 = CARTESIAN_POINT('',(3.074872501097,-18.9));
#11056 = CARTESIAN_POINT('',(3.041640180332,-18.9));
#11057 = CARTESIAN_POINT('',(3.008655741718,-18.9));
#11058 = CARTESIAN_POINT('',(2.976012274507,-18.9));
#11059 = CARTESIAN_POINT('',(2.943787076097,-18.9));
#11060 = CARTESIAN_POINT('',(2.912045153085,-18.9));
#11061 = CARTESIAN_POINT('',(2.860812451984,-18.9));
#11062 = CARTESIAN_POINT('',(2.840998738912,-18.9));
#11063 = CARTESIAN_POINT('',(2.821407723131,-18.9));
#11064 = CARTESIAN_POINT('',(2.802044961328,-18.9));
#11065 = CARTESIAN_POINT('',(2.782913423532,-18.9));
#11066 = CARTESIAN_POINT('',(2.764013748765,-18.9));
#11067 = CARTESIAN_POINT('',(2.7453445007,-18.9));
#11068 = CARTESIAN_POINT('',(2.653692932895,-18.9));
#11069 = CARTESIAN_POINT('',(2.58431136263,-18.9));
#11070 = CARTESIAN_POINT('',(2.518117235146,-18.9));
#11071 = CARTESIAN_POINT('',(2.454768700107,-18.9));
#11072 = CARTESIAN_POINT('',(2.393924940948,-18.9));
#11073 = CARTESIAN_POINT('',(2.335272759398,-18.9));
#11074 = CARTESIAN_POINT('',(2.278447717286,-18.9));
#11075 = CARTESIAN_POINT('',(2.223018768528,-18.9));
#11076 = ( GEOMETRIC_REPRESENTATION_CONTEXT(2) 
PARAMETRIC_REPRESENTATION_CONTEXT() REPRESENTATION_CONTEXT('2D SPACE',''
  ) );
#11077 = ORIENTED_EDGE('',*,*,#11078,.T.);
#11078 = EDGE_CURVE('',#10996,#7892,#11079,.T.);
#11079 = SURFACE_CURVE('',#11080,(#11084,#11091),.PCURVE_S1.);
#11080 = LINE('',#11081,#11082);
#11081 = CARTESIAN_POINT('',(18.9,-28.99948452238,3.233459118601));
#11082 = VECTOR('',#11083,1.);
#11083 = DIRECTION('',(0.,-0.866025403784,-0.5));
#11084 = PCURVE('',#7975,#11085);
#11085 = DEFINITIONAL_REPRESENTATION('',(#11086),#11090);
#11086 = LINE('',#11087,#11088);
#11087 = CARTESIAN_POINT('',(-2.2,3.));
#11088 = VECTOR('',#11089,1.);
#11089 = DIRECTION('',(0.,-1.));
#11090 = ( GEOMETRIC_REPRESENTATION_CONTEXT(2) 
PARAMETRIC_REPRESENTATION_CONTEXT() REPRESENTATION_CONTEXT('2D SPACE',''
  ) );
#11091 = PCURVE('',#7907,#11092);
#11092 = DEFINITIONAL_REPRESENTATION('',(#11093),#11097);
#11093 = LINE('',#11094,#11095);
#11094 = CARTESIAN_POINT('',(3.,-18.9));
#11095 = VECTOR('',#11096,1.);
#11096 = DIRECTION('',(1.,0.));
#11097 = ( GEOMETRIC_REPRESENTATION_CONTEXT(2) 
PARAMETRIC_REPRESENTATION_CONTEXT() REPRESENTATION_CONTEXT('2D SPACE',''
  ) );
#11098 = ORIENTED_EDGE('',*,*,#7919,.F.);
#11099 = ORIENTED_EDGE('',*,*,#10921,.T.);
#11100 = ORIENTED_EDGE('',*,*,#11101,.T.);
#11101 = EDGE_CURVE('',#10922,#11102,#11104,.T.);
#11102 = VERTEX_POINT('',#11103);
#11103 = CARTESIAN_POINT('',(18.9,-36.55985618096,-7.135966293227));
#11104 = SURFACE_CURVE('',#11105,(#11109,#11116),.PCURVE_S1.);
#11105 = LINE('',#11106,#11107);
#11106 = CARTESIAN_POINT('',(18.9,-38.11680823558,-8.034872981078));
#11107 = VECTOR('',#11108,1.);
#11108 = DIRECTION('',(0.,0.866025403784,0.5));
#11109 = PCURVE('',#7975,#11110);
#11110 = DEFINITIONAL_REPRESENTATION('',(#11111),#11115);
#11111 = LINE('',#11112,#11113);
#11112 = CARTESIAN_POINT('',(3.,-10.53));
#11113 = VECTOR('',#11114,1.);
#11114 = DIRECTION('',(0.,1.));
#11115 = ( GEOMETRIC_REPRESENTATION_CONTEXT(2) 
PARAMETRIC_REPRESENTATION_CONTEXT() REPRESENTATION_CONTEXT('2D SPACE',''
  ) );
#11116 = PCURVE('',#10682,#11117);
#11117 = DEFINITIONAL_REPRESENTATION('',(#11118),#11122);
#11118 = LINE('',#11119,#11120);
#11119 = CARTESIAN_POINT('',(0.,0.));
#11120 = VECTOR('',#11121,1.);
#11121 = DIRECTION('',(1.,0.));
#11122 = ( GEOMETRIC_REPRESENTATION_CONTEXT(2) 
PARAMETRIC_REPRESENTATION_CONTEXT() REPRESENTATION_CONTEXT('2D SPACE',''
  ) );
#11123 = ORIENTED_EDGE('',*,*,#11124,.T.);
#11124 = EDGE_CURVE('',#11102,#11125,#11127,.T.);
#11125 = VERTEX_POINT('',#11126);
#11126 = CARTESIAN_POINT('',(18.9,-35.69371315644,-3.171796769724));
#11127 = SURFACE_CURVE('',#11128,(#11151,#11177),.PCURVE_S1.);
#11128 = B_SPLINE_CURVE_WITH_KNOTS('',6,(#11129,#11130,#11131,#11132,
    #11133,#11134,#11135,#11136,#11137,#11138,#11139,#11140,#11141,
    #11142,#11143,#11144,#11145,#11146,#11147,#11148,#11149,#11150),
  .UNSPECIFIED.,.F.,.F.,(7,5,5,5,7),(0.,0.337782905588,0.620842547574,
    0.792498210747,1.),.UNSPECIFIED.);
#11129 = CARTESIAN_POINT('',(18.9,-36.55985618096,-7.135966293227));
#11130 = CARTESIAN_POINT('',(18.9,-36.60526867588,-6.895527301459));
#11131 = CARTESIAN_POINT('',(18.9,-36.6438221823,-6.653987156384));
#11132 = CARTESIAN_POINT('',(18.9,-36.67485354467,-6.411399246567));
#11133 = CARTESIAN_POINT('',(18.9,-36.69745509853,-6.167997141764));
#11134 = CARTESIAN_POINT('',(18.9,-36.71049048325,-5.924193737954));
#11135 = CARTESIAN_POINT('',(18.9,-36.71374656291,-5.476415423464));
#11136 = CARTESIAN_POINT('',(18.9,-36.70731872175,-5.272535563548));
#11137 = CARTESIAN_POINT('',(18.9,-36.69200432604,-5.069123213791));
#11138 = CARTESIAN_POINT('',(18.9,-36.66647970252,-4.866863799256));
#11139 = CARTESIAN_POINT('',(18.9,-36.629140203,-4.666921521396));
#11140 = CARTESIAN_POINT('',(18.9,-36.54657452717,-4.352214777653));
#11141 = CARTESIAN_POINT('',(18.9,-36.51025292197,-4.234962705665));
#11142 = CARTESIAN_POINT('',(18.9,-36.46828995857,-4.119656577048));
#11143 = CARTESIAN_POINT('',(18.9,-36.42015730009,-4.006923680854));
#11144 = CARTESIAN_POINT('',(18.9,-36.36531957386,-3.897610686998));
#11145 = CARTESIAN_POINT('',(18.9,-36.22843345534,-3.665951187523));
#11146 = CARTESIAN_POINT('',(18.9,-36.14300838543,-3.545503195207));
#11147 = CARTESIAN_POINT('',(18.9,-36.04648737682,-3.433582019587));
#11148 = CARTESIAN_POINT('',(18.9,-35.93872982336,-3.332615389231));
#11149 = CARTESIAN_POINT('',(18.9,-35.82037728783,-3.244926340076));
#11150 = CARTESIAN_POINT('',(18.9,-35.69371315644,-3.171796769724));
#11151 = PCURVE('',#7975,#11152);
#11152 = DEFINITIONAL_REPRESENTATION('',(#11153),#11176);
#11153 = B_SPLINE_CURVE_WITH_KNOTS('',6,(#11154,#11155,#11156,#11157,
    #11158,#11159,#11160,#11161,#11162,#11163,#11164,#11165,#11166,
    #11167,#11168,#11169,#11170,#11171,#11172,#11173,#11174,#11175),
  .UNSPECIFIED.,.F.,.F.,(7,5,5,5,7),(0.,0.337782905588,0.620842547574,
    0.792498210747,1.),.UNSPECIFIED.);
#11154 = CARTESIAN_POINT('',(3.,-8.732186624299));
#11155 = CARTESIAN_POINT('',(2.769067477611,-8.65129550266));
#11156 = CARTESIAN_POINT('',(2.540610822731,-8.563913746089));
#11157 = CARTESIAN_POINT('',(2.315007848995,-8.469493739306));
#11158 = CARTESIAN_POINT('',(2.09291466597,-8.367366206713));
#11159 = CARTESIAN_POINT('',(1.875257032379,-8.256753479127));
#11160 = CARTESIAN_POINT('',(1.485841596938,-8.035684169583));
#11161 = CARTESIAN_POINT('',(1.312490379511,-7.928177565889));
#11162 = CARTESIAN_POINT('',(1.143987315033,-7.813208735281));
#11163 = CARTESIAN_POINT('',(0.981587835653,-7.689974055621));
#11164 = CARTESIAN_POINT('',(0.827102493496,-7.55766596154));
#11165 = CARTESIAN_POINT('',(0.595841296584,-7.328808616925));
#11166 = CARTESIAN_POINT('',(0.512458826199,-7.238727148118));
#11167 = CARTESIAN_POINT('',(0.433582271305,-7.144733091487));
#11168 = CARTESIAN_POINT('',(0.3600190486,-7.046682538392));
#11169 = CARTESIAN_POINT('',(0.292770082071,-6.944535177464));
#11170 = CARTESIAN_POINT('',(0.160590129757,-6.710158571663));
#11171 = CARTESIAN_POINT('',(9.899164353086E-02,-6.575954294845));
#11172 = CARTESIAN_POINT('',(5.03255665274E-02,-6.43640406158));
#11173 = CARTESIAN_POINT('',(1.676467643591E-02,-6.292599967654));
#11174 = CARTESIAN_POINT('',(0.,-6.146259140703));
#11175 = CARTESIAN_POINT('',(1.7763568394E-15,-6.));
#11176 = ( GEOMETRIC_REPRESENTATION_CONTEXT(2) 
PARAMETRIC_REPRESENTATION_CONTEXT() REPRESENTATION_CONTEXT('2D SPACE',''
  ) );
#11177 = PCURVE('',#8488,#11178);
#11178 = DEFINITIONAL_REPRESENTATION('',(#11179),#11202);
#11179 = B_SPLINE_CURVE_WITH_KNOTS('',6,(#11180,#11181,#11182,#11183,
    #11184,#11185,#11186,#11187,#11188,#11189,#11190,#11191,#11192,
    #11193,#11194,#11195,#11196,#11197,#11198,#11199,#11200,#11201),
  .UNSPECIFIED.,.F.,.F.,(7,5,5,5,7),(0.,0.337782905588,0.620842547574,
    0.792498210747,1.),.UNSPECIFIED.);
#11180 = CARTESIAN_POINT('',(4.037257447448,-20.9));
#11181 = CARTESIAN_POINT('',(4.000278648984,-20.9));
#11182 = CARTESIAN_POINT('',(3.96238230548,-20.9));
#11183 = CARTESIAN_POINT('',(3.923417092099,-20.9));
#11184 = CARTESIAN_POINT('',(3.883211942788,-20.9));
#11185 = CARTESIAN_POINT('',(3.841571498437,-20.9));
#11186 = CARTESIAN_POINT('',(3.761828379232,-20.9));
#11187 = CARTESIAN_POINT('',(3.724271547754,-20.9));
#11188 = CARTESIAN_POINT('',(3.685309945102,-20.9));
#11189 = CARTESIAN_POINT('',(3.644740329595,-20.9));
#11190 = CARTESIAN_POINT('',(3.602357838744,-20.9));
#11191 = CARTESIAN_POINT('',(3.530865054059,-20.9));
#11192 = CARTESIAN_POINT('',(3.503110909543,-20.9));
#11193 = CARTESIAN_POINT('',(3.474526640714,-20.9));
#11194 = CARTESIAN_POINT('',(3.445070255123,-20.9));
#11195 = CARTESIAN_POINT('',(3.414721365284,-20.9));
#11196 = CARTESIAN_POINT('',(3.345748400891,-20.9));
#11197 = CARTESIAN_POINT('',(3.306676360161,-20.9));
#11198 = CARTESIAN_POINT('',(3.266411216192,-20.9));
#11199 = CARTESIAN_POINT('',(3.225192558943,-20.9));
#11200 = CARTESIAN_POINT('',(3.183380979505,-20.9));
#11201 = CARTESIAN_POINT('',(3.14159265359,-20.9));
#11202 = ( GEOMETRIC_REPRESENTATION_CONTEXT(2) 
PARAMETRIC_REPRESENTATION_CONTEXT() REPRESENTATION_CONTEXT('2D SPACE',''
  ) );
#11203 = ORIENTED_EDGE('',*,*,#11204,.F.);
#11204 = EDGE_CURVE('',#11205,#11125,#11207,.T.);
#11205 = VERTEX_POINT('',#11206);
#11206 = CARTESIAN_POINT('',(18.9,-33.96166234887,-2.171796769724));
#11207 = SURFACE_CURVE('',#11208,(#11212,#11219),.PCURVE_S1.);
#11208 = LINE('',#11209,#11210);
#11209 = CARTESIAN_POINT('',(18.9,-27.89948452238,1.328203230276));
#11210 = VECTOR('',#11211,1.);
#11211 = DIRECTION('',(0.,-0.866025403784,-0.5));
#11212 = PCURVE('',#7975,#11213);
#11213 = DEFINITIONAL_REPRESENTATION('',(#11214),#11218);
#11214 = LINE('',#11215,#11216);
#11215 = CARTESIAN_POINT('',(-1.110223024625E-15,3.));
#11216 = VECTOR('',#11217,1.);
#11217 = DIRECTION('',(0.,-1.));
#11218 = ( GEOMETRIC_REPRESENTATION_CONTEXT(2) 
PARAMETRIC_REPRESENTATION_CONTEXT() REPRESENTATION_CONTEXT('2D SPACE',''
  ) );
#11219 = PCURVE('',#11220,#11225);
#11220 = PLANE('',#11221);
#11221 = AXIS2_PLACEMENT_3D('',#11222,#11223,#11224);
#11222 = CARTESIAN_POINT('',(-2.,-25.30140831103,2.828203230276));
#11223 = DIRECTION('',(0.,0.5,-0.866025403784));
#11224 = DIRECTION('',(0.,-0.866025403784,-0.5));
#11225 = DEFINITIONAL_REPRESENTATION('',(#11226),#11230);
#11226 = LINE('',#11227,#11228);
#11227 = CARTESIAN_POINT('',(3.,-20.9));
#11228 = VECTOR('',#11229,1.);
#11229 = DIRECTION('',(1.,0.));
#11230 = ( GEOMETRIC_REPRESENTATION_CONTEXT(2) 
PARAMETRIC_REPRESENTATION_CONTEXT() REPRESENTATION_CONTEXT('2D SPACE',''
  ) );
#11231 = ORIENTED_EDGE('',*,*,#11232,.T.);
#11232 = EDGE_CURVE('',#11205,#11233,#11235,.T.);
#11233 = VERTEX_POINT('',#11234);
#11234 = CARTESIAN_POINT('',(18.9,-34.61166234887,-1.045963744805));
#11235 = SURFACE_CURVE('',#11236,(#11240,#11247),.PCURVE_S1.);
#11236 = LINE('',#11237,#11238);
#11237 = CARTESIAN_POINT('',(18.9,-34.28666234887,-1.608880257265));
#11238 = VECTOR('',#11239,1.);
#11239 = DIRECTION('',(0.,-0.5,0.866025403784));
#11240 = PCURVE('',#7975,#11241);
#11241 = DEFINITIONAL_REPRESENTATION('',(#11242),#11246);
#11242 = LINE('',#11243,#11244);
#11243 = CARTESIAN_POINT('',(-0.65,-4.));
#11244 = VECTOR('',#11245,1.);
#11245 = DIRECTION('',(-1.,0.));
#11246 = ( GEOMETRIC_REPRESENTATION_CONTEXT(2) 
PARAMETRIC_REPRESENTATION_CONTEXT() REPRESENTATION_CONTEXT('2D SPACE',''
  ) );
#11247 = PCURVE('',#11248,#11253);
#11248 = PLANE('',#11249);
#11249 = AXIS2_PLACEMENT_3D('',#11250,#11251,#11252);
#11250 = CARTESIAN_POINT('',(4.,-34.61166234887,-1.045963744805));
#11251 = DIRECTION('',(0.,-0.866025403784,-0.5));
#11252 = DIRECTION('',(0.,0.5,-0.866025403784));
#11253 = DEFINITIONAL_REPRESENTATION('',(#11254),#11258);
#11254 = LINE('',#11255,#11256);
#11255 = CARTESIAN_POINT('',(0.65,14.9));
#11256 = VECTOR('',#11257,1.);
#11257 = DIRECTION('',(-1.,0.));
#11258 = ( GEOMETRIC_REPRESENTATION_CONTEXT(2) 
PARAMETRIC_REPRESENTATION_CONTEXT() REPRESENTATION_CONTEXT('2D SPACE',''
  ) );
#11259 = ORIENTED_EDGE('',*,*,#11260,.F.);
#11260 = EDGE_CURVE('',#11261,#11233,#11263,.T.);
#11261 = VERTEX_POINT('',#11262);
#11262 = CARTESIAN_POINT('',(18.9,-27.6834591186,2.954036255195));
#11263 = SURFACE_CURVE('',#11264,(#11268,#11275),.PCURVE_S1.);
#11264 = LINE('',#11265,#11266);
#11265 = CARTESIAN_POINT('',(18.9,-29.41550992617,1.954036255195));
#11266 = VECTOR('',#11267,1.);
#11267 = DIRECTION('',(0.,-0.866025403784,-0.5));
#11268 = PCURVE('',#7975,#11269);
#11269 = DEFINITIONAL_REPRESENTATION('',(#11270),#11274);
#11270 = LINE('',#11271,#11272);
#11271 = CARTESIAN_POINT('',(-1.3,2.));
#11272 = VECTOR('',#11273,1.);
#11273 = DIRECTION('',(0.,-1.));
#11274 = ( GEOMETRIC_REPRESENTATION_CONTEXT(2) 
PARAMETRIC_REPRESENTATION_CONTEXT() REPRESENTATION_CONTEXT('2D SPACE',''
  ) );
#11275 = PCURVE('',#11276,#11281);
#11276 = PLANE('',#11277);
#11277 = AXIS2_PLACEMENT_3D('',#11278,#11279,#11280);
#11278 = CARTESIAN_POINT('',(4.,-27.6834591186,2.954036255195));
#11279 = DIRECTION('',(0.,0.5,-0.866025403784));
#11280 = DIRECTION('',(1.,0.,0.));
#11281 = DEFINITIONAL_REPRESENTATION('',(#11282),#11286);
#11282 = LINE('',#11283,#11284);
#11283 = CARTESIAN_POINT('',(14.9,2.));
#11284 = VECTOR('',#11285,1.);
#11285 = DIRECTION('',(0.,1.));
#11286 = ( GEOMETRIC_REPRESENTATION_CONTEXT(2) 
PARAMETRIC_REPRESENTATION_CONTEXT() REPRESENTATION_CONTEXT('2D SPACE',''
  ) );
#11287 = ORIENTED_EDGE('',*,*,#11288,.F.);
#11288 = EDGE_CURVE('',#11289,#11261,#11291,.T.);
#11289 = VERTEX_POINT('',#11290);
#11290 = CARTESIAN_POINT('',(18.9,-27.0334591186,1.828203230276));
#11291 = SURFACE_CURVE('',#11292,(#11296,#11303),.PCURVE_S1.);
#11292 = LINE('',#11293,#11294);
#11293 = CARTESIAN_POINT('',(18.9,-27.3584591186,2.391119742735));
#11294 = VECTOR('',#11295,1.);
#11295 = DIRECTION('',(0.,-0.5,0.866025403784));
#11296 = PCURVE('',#7975,#11297);
#11297 = DEFINITIONAL_REPRESENTATION('',(#11298),#11302);
#11298 = LINE('',#11299,#11300);
#11299 = CARTESIAN_POINT('',(-0.65,4.));
#11300 = VECTOR('',#11301,1.);
#11301 = DIRECTION('',(-1.,0.));
#11302 = ( GEOMETRIC_REPRESENTATION_CONTEXT(2) 
PARAMETRIC_REPRESENTATION_CONTEXT() REPRESENTATION_CONTEXT('2D SPACE',''
  ) );
#11303 = PCURVE('',#11304,#11309);
#11304 = PLANE('',#11305);
#11305 = AXIS2_PLACEMENT_3D('',#11306,#11307,#11308);
#11306 = CARTESIAN_POINT('',(4.,-27.6834591186,2.954036255195));
#11307 = DIRECTION('',(0.,-0.866025403784,-0.5));
#11308 = DIRECTION('',(0.,0.5,-0.866025403784));
#11309 = DEFINITIONAL_REPRESENTATION('',(#11310),#11314);
#11310 = LINE('',#11311,#11312);
#11311 = CARTESIAN_POINT('',(0.65,14.9));
#11312 = VECTOR('',#11313,1.);
#11313 = DIRECTION('',(-1.,0.));
#11314 = ( GEOMETRIC_REPRESENTATION_CONTEXT(2) 
PARAMETRIC_REPRESENTATION_CONTEXT() REPRESENTATION_CONTEXT('2D SPACE',''
  ) );
#11315 = ORIENTED_EDGE('',*,*,#11316,.F.);
#11316 = EDGE_CURVE('',#11317,#11289,#11319,.T.);
#11317 = VERTEX_POINT('',#11318);
#11318 = CARTESIAN_POINT('',(18.9,-25.30140831103,2.828203230276));
#11319 = SURFACE_CURVE('',#11320,(#11324,#11331),.PCURVE_S1.);
#11320 = LINE('',#11321,#11322);
#11321 = CARTESIAN_POINT('',(18.9,-27.89948452238,1.328203230276));
#11322 = VECTOR('',#11323,1.);
#11323 = DIRECTION('',(0.,-0.866025403784,-0.5));
#11324 = PCURVE('',#7975,#11325);
#11325 = DEFINITIONAL_REPRESENTATION('',(#11326),#11330);
#11326 = LINE('',#11327,#11328);
#11327 = CARTESIAN_POINT('',(-1.110223024625E-15,3.));
#11328 = VECTOR('',#11329,1.);
#11329 = DIRECTION('',(0.,-1.));
#11330 = ( GEOMETRIC_REPRESENTATION_CONTEXT(2) 
PARAMETRIC_REPRESENTATION_CONTEXT() REPRESENTATION_CONTEXT('2D SPACE',''
  ) );
#11331 = PCURVE('',#11332,#11337);
#11332 = PLANE('',#11333);
#11333 = AXIS2_PLACEMENT_3D('',#11334,#11335,#11336);
#11334 = CARTESIAN_POINT('',(-2.,-25.30140831103,2.828203230276));
#11335 = DIRECTION('',(0.,0.5,-0.866025403784));
#11336 = DIRECTION('',(0.,-0.866025403784,-0.5));
#11337 = DEFINITIONAL_REPRESENTATION('',(#11338),#11342);
#11338 = LINE('',#11339,#11340);
#11339 = CARTESIAN_POINT('',(3.,-20.9));
#11340 = VECTOR('',#11341,1.);
#11341 = DIRECTION('',(1.,0.));
#11342 = ( GEOMETRIC_REPRESENTATION_CONTEXT(2) 
PARAMETRIC_REPRESENTATION_CONTEXT() REPRESENTATION_CONTEXT('2D SPACE',''
  ) );
#11343 = ORIENTED_EDGE('',*,*,#11344,.T.);
#11344 = EDGE_CURVE('',#11317,#11345,#11347,.T.);
#11345 = VERTEX_POINT('',#11346);
#11346 = CARTESIAN_POINT('',(18.9,-21.4352652865,1.596220331072));
#11347 = SURFACE_CURVE('',#11348,(#11376,#11407),.PCURVE_S1.);
#11348 = B_SPLINE_CURVE_WITH_KNOTS('',6,(#11349,#11350,#11351,#11352,
    #11353,#11354,#11355,#11356,#11357,#11358,#11359,#11360,#11361,
    #11362,#11363,#11364,#11365,#11366,#11367,#11368,#11369,#11370,
    #11371,#11372,#11373,#11374,#11375),.UNSPECIFIED.,.F.,.F.,(7,5,5,5,5
    ,7),(0.,0.179093933348,0.301853997553,0.546282957023,0.8420071473,1.
    ),.UNSPECIFIED.);
#11349 = CARTESIAN_POINT('',(18.9,-25.30140831103,2.828203230276));
#11350 = CARTESIAN_POINT('',(18.9,-25.19211328514,2.891304742891));
#11351 = CARTESIAN_POINT('',(18.9,-25.07652504122,2.943626839671));
#11352 = CARTESIAN_POINT('',(18.9,-24.95606900984,2.984321659464));
#11353 = CARTESIAN_POINT('',(18.9,-24.83224266203,3.013589864307));
#11354 = CARTESIAN_POINT('',(18.9,-24.70643057905,3.03214072771));
#11355 = CARTESIAN_POINT('',(18.9,-24.49303874927,3.046956331102));
#11356 = CARTESIAN_POINT('',(18.9,-24.40583145998,3.048398657083));
#11357 = CARTESIAN_POINT('',(18.9,-24.31851043479,3.0455630923));
#11358 = CARTESIAN_POINT('',(18.9,-24.23131996591,3.038779530212));
#11359 = CARTESIAN_POINT('',(18.9,-24.14443884465,3.028371611866));
#11360 = CARTESIAN_POINT('',(18.9,-23.88583219181,2.987255983791));
#11361 = CARTESIAN_POINT('',(18.9,-23.71548028282,2.946673591869));
#11362 = CARTESIAN_POINT('',(18.9,-23.54764592069,2.895157781948));
#11363 = CARTESIAN_POINT('',(18.9,-23.38275359867,2.834502494855));
#11364 = CARTESIAN_POINT('',(18.9,-23.22091944064,2.76609593074));
#11365 = CARTESIAN_POINT('',(18.9,-22.86965482868,2.599866859098));
#11366 = CARTESIAN_POINT('',(18.9,-22.68172745814,2.498964144585));
#11367 = CARTESIAN_POINT('',(18.9,-22.49803020836,2.389936659738));
#11368 = CARTESIAN_POINT('',(18.9,-22.3184607691,2.274009094009));
#11369 = CARTESIAN_POINT('',(18.9,-22.14283812702,2.152115363442));
#11370 = CARTESIAN_POINT('',(18.9,-21.87905520095,1.956908183346));
#11371 = CARTESIAN_POINT('',(18.9,-21.78826812713,1.887419240203));
#11372 = CARTESIAN_POINT('',(18.9,-21.69852009393,1.8165213137));
#11373 = CARTESIAN_POINT('',(18.9,-21.60978598779,1.744305080751));
#11374 = CARTESIAN_POINT('',(18.9,-21.52204222152,1.670848797583));
#11375 = CARTESIAN_POINT('',(18.9,-21.4352652865,1.596220331072));
#11376 = PCURVE('',#7975,#11377);
#11377 = DEFINITIONAL_REPRESENTATION('',(#11378),#11406);
#11378 = B_SPLINE_CURVE_WITH_KNOTS('',6,(#11379,#11380,#11381,#11382,
    #11383,#11384,#11385,#11386,#11387,#11388,#11389,#11390,#11391,
    #11392,#11393,#11394,#11395,#11396,#11397,#11398,#11399,#11400,
    #11401,#11402,#11403,#11404,#11405),.UNSPECIFIED.,.F.,.F.,(7,5,5,5,5
    ,7),(0.,0.179093933348,0.301853997553,0.546282957023,0.8420071473,1.
    ),.UNSPECIFIED.);
#11379 = CARTESIAN_POINT('',(0.,6.));
#11380 = CARTESIAN_POINT('',(-1.7763568394E-15,6.126203025231));
#11381 = CARTESIAN_POINT('',(1.248185696867E-02,6.252466429234));
#11382 = CARTESIAN_POINT('',(3.746712491578E-02,6.377131822344));
#11383 = CARTESIAN_POINT('',(7.403328990586E-02,6.499002687632));
#11384 = CARTESIAN_POINT('',(0.120873812425,6.617234579295));
#11385 = CARTESIAN_POINT('',(0.214739038408,6.809445126544));
#11386 = CARTESIAN_POINT('',(0.257093592109,6.885690017448));
#11387 = CARTESIAN_POINT('',(0.303209775842,6.959894461159));
#11388 = CARTESIAN_POINT('',(0.352679747378,7.032011841132));
#11389 = CARTESIAN_POINT('',(0.405133829699,7.102049140086));
#11390 = CARTESIAN_POINT('',(0.570044334524,7.305451256994));
#11391 = CARTESIAN_POINT('',(0.690365671371,7.432689141802));
#11392 = CARTESIAN_POINT('',(0.818896852524,7.552280058075));
#11393 = CARTESIAN_POINT('',(0.953872033029,7.664753354285));
#11394 = CARTESIAN_POINT('',(1.094030934352,7.770702564278));
#11395 = CARTESIAN_POINT('',(1.413621839221,7.991792105865));
#11396 = CARTESIAN_POINT('',(1.594969838569,8.10409062556));
#11397 = CARTESIAN_POINT('',(1.781239035047,8.208663368052));
#11398 = CARTESIAN_POINT('',(1.9714199716,8.306211281334));
#11399 = CARTESIAN_POINT('',(2.164794359873,8.397358085571));
#11400 = CARTESIAN_POINT('',(2.465740199869,8.528197210579));
#11401 = CARTESIAN_POINT('',(2.571312926824,8.572076651273));
#11402 = CARTESIAN_POINT('',(2.677586348851,8.614351764713));
#11403 = CARTESIAN_POINT('',(2.784494494222,8.655089638338));
#11404 = CARTESIAN_POINT('',(2.891981384649,8.694349827372));
#11405 = CARTESIAN_POINT('',(3.,8.732186624299));
#11406 = ( GEOMETRIC_REPRESENTATION_CONTEXT(2) 
PARAMETRIC_REPRESENTATION_CONTEXT() REPRESENTATION_CONTEXT('2D SPACE',''
  ) );
#11407 = PCURVE('',#8776,#11408);
#11408 = DEFINITIONAL_REPRESENTATION('',(#11409),#11437);
#11409 = B_SPLINE_CURVE_WITH_KNOTS('',6,(#11410,#11411,#11412,#11413,
    #11414,#11415,#11416,#11417,#11418,#11419,#11420,#11421,#11422,
    #11423,#11424,#11425,#11426,#11427,#11428,#11429,#11430,#11431,
    #11432,#11433,#11434,#11435,#11436),.UNSPECIFIED.,.F.,.F.,(7,5,5,5,5
    ,7),(0.,0.179093933348,0.301853997553,0.546282957023,0.8420071473,1.
    ),.UNSPECIFIED.);
#11410 = CARTESIAN_POINT('',(3.14159265359,-20.9));
#11411 = CARTESIAN_POINT('',(3.105534646381,-20.9));
#11412 = CARTESIAN_POINT('',(3.069459414672,-20.9));
#11413 = CARTESIAN_POINT('',(3.033756213915,-20.9));
#11414 = CARTESIAN_POINT('',(2.998682744562,-20.9));
#11415 = CARTESIAN_POINT('',(2.964424460884,-20.9));
#11416 = CARTESIAN_POINT('',(2.908267745897,-20.9));
#11417 = CARTESIAN_POINT('',(2.88585813365,-20.9));
#11418 = CARTESIAN_POINT('',(2.863898864349,-20.9));
#11419 = CARTESIAN_POINT('',(2.842396442908,-20.9));
#11420 = CARTESIAN_POINT('',(2.821345113745,-20.9));
#11421 = CARTESIAN_POINT('',(2.759682566006,-20.9));
#11422 = CARTESIAN_POINT('',(2.72039247927,-20.9));
#11423 = CARTESIAN_POINT('',(2.682694129191,-20.9));
#11424 = CARTESIAN_POINT('',(2.646446910915,-20.9));
#11425 = CARTESIAN_POINT('',(2.611498249212,-20.9));
#11426 = CARTESIAN_POINT('',(2.536757607437,-20.9));
#11427 = CARTESIAN_POINT('',(2.497523760102,-20.9));
#11428 = CARTESIAN_POINT('',(2.459703749553,-20.9));
#11429 = CARTESIAN_POINT('',(2.423121586095,-20.9));
#11430 = CARTESIAN_POINT('',(2.387619366254,-20.9));
#11431 = CARTESIAN_POINT('',(2.334585504003,-20.9));
#11432 = CARTESIAN_POINT('',(2.316387739954,-20.9));
#11433 = CARTESIAN_POINT('',(2.298439630357,-20.9));
#11434 = CARTESIAN_POINT('',(2.280723790779,-20.9));
#11435 = CARTESIAN_POINT('',(2.263224681185,-20.9));
#11436 = CARTESIAN_POINT('',(2.245927859732,-20.9));
#11437 = ( GEOMETRIC_REPRESENTATION_CONTEXT(2) 
PARAMETRIC_REPRESENTATION_CONTEXT() REPRESENTATION_CONTEXT('2D SPACE',''
  ) );
#11438 = ORIENTED_EDGE('',*,*,#11439,.T.);
#11439 = EDGE_CURVE('',#11345,#10971,#11440,.T.);
#11440 = SURFACE_CURVE('',#11441,(#11445,#11452),.PCURVE_S1.);
#11441 = LINE('',#11442,#11443);
#11442 = CARTESIAN_POINT('',(18.9,-38.11680823558,-8.034872981078));
#11443 = VECTOR('',#11444,1.);
#11444 = DIRECTION('',(0.,0.866025403784,0.5));
#11445 = PCURVE('',#7975,#11446);
#11446 = DEFINITIONAL_REPRESENTATION('',(#11447),#11451);
#11447 = LINE('',#11448,#11449);
#11448 = CARTESIAN_POINT('',(3.,-10.53));
#11449 = VECTOR('',#11450,1.);
#11450 = DIRECTION('',(0.,1.));
#11451 = ( GEOMETRIC_REPRESENTATION_CONTEXT(2) 
PARAMETRIC_REPRESENTATION_CONTEXT() REPRESENTATION_CONTEXT('2D SPACE',''
  ) );
#11452 = PCURVE('',#10906,#11453);
#11453 = DEFINITIONAL_REPRESENTATION('',(#11454),#11458);
#11454 = LINE('',#11455,#11456);
#11455 = CARTESIAN_POINT('',(0.,0.));
#11456 = VECTOR('',#11457,1.);
#11457 = DIRECTION('',(1.,0.));
#11458 = ( GEOMETRIC_REPRESENTATION_CONTEXT(2) 
PARAMETRIC_REPRESENTATION_CONTEXT() REPRESENTATION_CONTEXT('2D SPACE',''
  ) );
#11459 = ADVANCED_FACE('',(#11460),#7907,.F.);
#11460 = FACE_BOUND('',#11461,.F.);
#11461 = EDGE_LOOP('',(#11462,#11485,#11506,#11507));
#11462 = ORIENTED_EDGE('',*,*,#11463,.F.);
#11463 = EDGE_CURVE('',#11464,#7804,#11466,.T.);
#11464 = VERTEX_POINT('',#11465);
#11465 = CARTESIAN_POINT('',(5.1,-26.40140831103,4.733459118601));
#11466 = SURFACE_CURVE('',#11467,(#11471,#11478),.PCURVE_S1.);
#11467 = LINE('',#11468,#11469);
#11468 = CARTESIAN_POINT('',(5.1,-28.99948452238,3.233459118601));
#11469 = VECTOR('',#11470,1.);
#11470 = DIRECTION('',(0.,-0.866025403784,-0.5));
#11471 = PCURVE('',#7907,#11472);
#11472 = DEFINITIONAL_REPRESENTATION('',(#11473),#11477);
#11473 = LINE('',#11474,#11475);
#11474 = CARTESIAN_POINT('',(3.,-5.1));
#11475 = VECTOR('',#11476,1.);
#11476 = DIRECTION('',(1.,0.));
#11477 = ( GEOMETRIC_REPRESENTATION_CONTEXT(2) 
PARAMETRIC_REPRESENTATION_CONTEXT() REPRESENTATION_CONTEXT('2D SPACE',''
  ) );
#11478 = PCURVE('',#7859,#11479);
#11479 = DEFINITIONAL_REPRESENTATION('',(#11480),#11484);
#11480 = LINE('',#11481,#11482);
#11481 = CARTESIAN_POINT('',(-2.2,3.));
#11482 = VECTOR('',#11483,1.);
#11483 = DIRECTION('',(0.,-1.));
#11484 = ( GEOMETRIC_REPRESENTATION_CONTEXT(2) 
PARAMETRIC_REPRESENTATION_CONTEXT() REPRESENTATION_CONTEXT('2D SPACE',''
  ) );
#11485 = ORIENTED_EDGE('',*,*,#11486,.T.);
#11486 = EDGE_CURVE('',#11464,#10996,#11487,.T.);
#11487 = SURFACE_CURVE('',#11488,(#11492,#11499),.PCURVE_S1.);
#11488 = LINE('',#11489,#11490);
#11489 = CARTESIAN_POINT('',(0.,-26.40140831103,4.733459118601));
#11490 = VECTOR('',#11491,1.);
#11491 = DIRECTION('',(1.,0.,0.));
#11492 = PCURVE('',#7907,#11493);
#11493 = DEFINITIONAL_REPRESENTATION('',(#11494),#11498);
#11494 = LINE('',#11495,#11496);
#11495 = CARTESIAN_POINT('',(0.,0.));
#11496 = VECTOR('',#11497,1.);
#11497 = DIRECTION('',(0.,-1.));
#11498 = ( GEOMETRIC_REPRESENTATION_CONTEXT(2) 
PARAMETRIC_REPRESENTATION_CONTEXT() REPRESENTATION_CONTEXT('2D SPACE',''
  ) );
#11499 = PCURVE('',#8875,#11500);
#11500 = DEFINITIONAL_REPRESENTATION('',(#11501),#11505);
#11501 = LINE('',#11502,#11503);
#11502 = CARTESIAN_POINT('',(3.14159265359,0.));
#11503 = VECTOR('',#11504,1.);
#11504 = DIRECTION('',(0.,-1.));
#11505 = ( GEOMETRIC_REPRESENTATION_CONTEXT(2) 
PARAMETRIC_REPRESENTATION_CONTEXT() REPRESENTATION_CONTEXT('2D SPACE',''
  ) );
#11506 = ORIENTED_EDGE('',*,*,#11078,.T.);
#11507 = ORIENTED_EDGE('',*,*,#7891,.F.);
#11508 = ADVANCED_FACE('',(#11509),#7859,.F.);
#11509 = FACE_BOUND('',#11510,.F.);
#11510 = EDGE_LOOP('',(#11511,#11541,#11622,#11623,#11624,#11647,#11675,
    #11755,#11778,#11801,#11824,#11847,#11870,#11965));
#11511 = ORIENTED_EDGE('',*,*,#11512,.T.);
#11512 = EDGE_CURVE('',#11513,#11515,#11517,.T.);
#11513 = VERTEX_POINT('',#11514);
#11514 = CARTESIAN_POINT('',(5.1,-19.87831323188,2.495127018922));
#11515 = VERTEX_POINT('',#11516);
#11516 = CARTESIAN_POINT('',(5.1,-20.47377944561,3.52650475529));
#11517 = SURFACE_CURVE('',#11518,(#11522,#11529),.PCURVE_S1.);
#11518 = LINE('',#11519,#11520);
#11519 = CARTESIAN_POINT('',(5.1,-19.87831323188,2.495127018922));
#11520 = VECTOR('',#11521,1.);
#11521 = DIRECTION('',(0.,-0.5,0.866025403784));
#11522 = PCURVE('',#7859,#11523);
#11523 = DEFINITIONAL_REPRESENTATION('',(#11524),#11528);
#11524 = LINE('',#11525,#11526);
#11525 = CARTESIAN_POINT('',(3.,10.53));
#11526 = VECTOR('',#11527,1.);
#11527 = DIRECTION('',(-1.,0.));
#11528 = ( GEOMETRIC_REPRESENTATION_CONTEXT(2) 
PARAMETRIC_REPRESENTATION_CONTEXT() REPRESENTATION_CONTEXT('2D SPACE',''
  ) );
#11529 = PCURVE('',#11530,#11535);
#11530 = PLANE('',#11531);
#11531 = AXIS2_PLACEMENT_3D('',#11532,#11533,#11534);
#11532 = CARTESIAN_POINT('',(1.9,-19.87831323188,2.495127018922));
#11533 = DIRECTION('',(0.,-0.866025403784,-0.5));
#11534 = DIRECTION('',(0.,-0.5,0.866025403784));
#11535 = DEFINITIONAL_REPRESENTATION('',(#11536),#11540);
#11536 = LINE('',#11537,#11538);
#11537 = CARTESIAN_POINT('',(0.,-3.2));
#11538 = VECTOR('',#11539,1.);
#11539 = DIRECTION('',(1.,0.));
#11540 = ( GEOMETRIC_REPRESENTATION_CONTEXT(2) 
PARAMETRIC_REPRESENTATION_CONTEXT() REPRESENTATION_CONTEXT('2D SPACE',''
  ) );
#11541 = ORIENTED_EDGE('',*,*,#11542,.F.);
#11542 = EDGE_CURVE('',#11464,#11515,#11543,.T.);
#11543 = SURFACE_CURVE('',#11544,(#11568,#11595),.PCURVE_S1.);
#11544 = B_SPLINE_CURVE_WITH_KNOTS('',8,(#11545,#11546,#11547,#11548,
    #11549,#11550,#11551,#11552,#11553,#11554,#11555,#11556,#11557,
    #11558,#11559,#11560,#11561,#11562,#11563,#11564,#11565,#11566,
    #11567),.UNSPECIFIED.,.F.,.F.,(9,7,7,9),(0.,0.238681335228,
    0.39187345257,1.),.UNSPECIFIED.);
#11545 = CARTESIAN_POINT('',(5.1,-26.40140831103,4.733459118601));
#11546 = CARTESIAN_POINT('',(5.1,-26.2367585505,4.828519702162));
#11547 = CARTESIAN_POINT('',(5.1,-26.0655699347,4.91237999767));
#11548 = CARTESIAN_POINT('',(5.1,-25.88882711943,4.984455577924));
#11549 = CARTESIAN_POINT('',(5.1,-25.70753904286,5.044542865967));
#11550 = CARTESIAN_POINT('',(5.1,-25.52270749355,5.09272718098));
#11551 = CARTESIAN_POINT('',(5.1,-25.33530213783,5.12930824717));
#11552 = CARTESIAN_POINT('',(5.1,-25.14624200635,5.154743165651));
#11553 = CARTESIAN_POINT('',(5.1,-24.83452709222,5.179146762336));
#11554 = CARTESIAN_POINT('',(5.1,-24.71229886677,5.184334933167));
#11555 = CARTESIAN_POINT('',(5.1,-24.58988775713,5.185321482677));
#11556 = CARTESIAN_POINT('',(5.1,-24.46746199225,5.182268199599));
#11557 = CARTESIAN_POINT('',(5.1,-24.34516909018,5.175343682187));
#11558 = CARTESIAN_POINT('',(5.1,-24.22313591156,5.164718479857));
#11559 = CARTESIAN_POINT('',(5.1,-24.10146871327,5.150560234834));
#11560 = CARTESIAN_POINT('',(5.1,-23.49906414548,5.063434404352));
#11561 = CARTESIAN_POINT('',(5.1,-23.02662752962,4.940925720273));
#11562 = CARTESIAN_POINT('',(5.1,-22.56565700544,4.775796990851));
#11563 = CARTESIAN_POINT('',(5.1,-22.11831689704,4.575573030945));
#11564 = CARTESIAN_POINT('',(5.1,-21.68569595145,4.346615695435));
#11565 = CARTESIAN_POINT('',(5.1,-21.26799589645,4.093598819794));
#11566 = CARTESIAN_POINT('',(5.1,-20.86451434083,3.819749172595));
#11567 = CARTESIAN_POINT('',(5.1,-20.47377944561,3.52650475529));
#11568 = PCURVE('',#7859,#11569);
#11569 = DEFINITIONAL_REPRESENTATION('',(#11570),#11594);
#11570 = B_SPLINE_CURVE_WITH_KNOTS('',8,(#11571,#11572,#11573,#11574,
    #11575,#11576,#11577,#11578,#11579,#11580,#11581,#11582,#11583,
    #11584,#11585,#11586,#11587,#11588,#11589,#11590,#11591,#11592,
    #11593),.UNSPECIFIED.,.F.,.F.,(9,7,7,9),(0.,0.238681335228,
    0.39187345257,1.),.UNSPECIFIED.);
#11571 = CARTESIAN_POINT('',(-2.2,6.));
#11572 = CARTESIAN_POINT('',(-2.2,6.190121167121));
#11573 = CARTESIAN_POINT('',(-2.187030838377,6.380305005));
#11574 = CARTESIAN_POINT('',(-2.161078714235,6.569406563087));
#11575 = CARTESIAN_POINT('',(-2.122471793838,6.756450286824));
#11576 = CARTESIAN_POINT('',(-2.071784860051,6.94061126145));
#11577 = CARTESIAN_POINT('',(-2.009762314808,7.121199593404));
#11578 = CARTESIAN_POINT('',(-1.937259534613,7.297647929352));
#11579 = CARTESIAN_POINT('',(-1.802536212222,7.57980276207));
#11580 = CARTESIAN_POINT('',(-1.74591518724,7.688249595778));
#11581 = CARTESIAN_POINT('',(-1.685564009353,7.794754001194));
#11582 = CARTESIAN_POINT('',(-1.621706906205,7.899251182115));
#11583 = CARTESIAN_POINT('',(-1.55456364718,8.001697683307));
#11584 = CARTESIAN_POINT('',(-1.484345362736,8.102068914925));
#11585 = CARTESIAN_POINT('',(-1.411250363727,8.200356676943));
#11586 = CARTESIAN_POINT('',(-1.034594897306,8.678491420767));
#11587 = CARTESIAN_POINT('',(-0.692280956782,9.026379189736));
#11588 = CARTESIAN_POINT('',(-0.318790020119,9.343027009359));
#11589 = CARTESIAN_POINT('',(7.827906980761E-02,9.630322927416));
#11590 = CARTESIAN_POINT('',(0.492872411537,9.890504988749));
#11591 = CARTESIAN_POINT('',(0.920841480929,10.125735409723));
#11592 = CARTESIAN_POINT('',(1.359743010032,10.338235863252));
#11593 = CARTESIAN_POINT('',(1.809067572544,10.53));
#11594 = ( GEOMETRIC_REPRESENTATION_CONTEXT(2) 
PARAMETRIC_REPRESENTATION_CONTEXT() REPRESENTATION_CONTEXT('2D SPACE',''
  ) );
#11595 = PCURVE('',#8875,#11596);
#11596 = DEFINITIONAL_REPRESENTATION('',(#11597),#11621);
#11597 = B_SPLINE_CURVE_WITH_KNOTS('',8,(#11598,#11599,#11600,#11601,
    #11602,#11603,#11604,#11605,#11606,#11607,#11608,#11609,#11610,
    #11611,#11612,#11613,#11614,#11615,#11616,#11617,#11618,#11619,
    #11620),.UNSPECIFIED.,.F.,.F.,(9,7,7,9),(0.,0.238681335228,
    0.39187345257,1.),.UNSPECIFIED.);
#11598 = CARTESIAN_POINT('',(3.14159265359,-5.1));
#11599 = CARTESIAN_POINT('',(3.108238062867,-5.1));
#11600 = CARTESIAN_POINT('',(3.074872501097,-5.1));
#11601 = CARTESIAN_POINT('',(3.041640180332,-5.1));
#11602 = CARTESIAN_POINT('',(3.008655741718,-5.1));
#11603 = CARTESIAN_POINT('',(2.976012274507,-5.1));
#11604 = CARTESIAN_POINT('',(2.943787076097,-5.1));
#11605 = CARTESIAN_POINT('',(2.912045153085,-5.1));
#11606 = CARTESIAN_POINT('',(2.860812451984,-5.1));
#11607 = CARTESIAN_POINT('',(2.840998738912,-5.1));
#11608 = CARTESIAN_POINT('',(2.821407723131,-5.1));
#11609 = CARTESIAN_POINT('',(2.802044961328,-5.1));
#11610 = CARTESIAN_POINT('',(2.782913423532,-5.1));
#11611 = CARTESIAN_POINT('',(2.764013748765,-5.1));
#11612 = CARTESIAN_POINT('',(2.7453445007,-5.1));
#11613 = CARTESIAN_POINT('',(2.653692932895,-5.1));
#11614 = CARTESIAN_POINT('',(2.58431136263,-5.1));
#11615 = CARTESIAN_POINT('',(2.518117235146,-5.1));
#11616 = CARTESIAN_POINT('',(2.454768700107,-5.1));
#11617 = CARTESIAN_POINT('',(2.393924940948,-5.1));
#11618 = CARTESIAN_POINT('',(2.335272759398,-5.1));
#11619 = CARTESIAN_POINT('',(2.278447717286,-5.1));
#11620 = CARTESIAN_POINT('',(2.223018768528,-5.1));
#11621 = ( GEOMETRIC_REPRESENTATION_CONTEXT(2) 
PARAMETRIC_REPRESENTATION_CONTEXT() REPRESENTATION_CONTEXT('2D SPACE',''
  ) );
#11622 = ORIENTED_EDGE('',*,*,#11463,.T.);
#11623 = ORIENTED_EDGE('',*,*,#7803,.F.);
#11624 = ORIENTED_EDGE('',*,*,#11625,.T.);
#11625 = EDGE_CURVE('',#7767,#11626,#11628,.T.);
#11626 = VERTEX_POINT('',#11627);
#11627 = CARTESIAN_POINT('',(5.1,-38.11680823558,-8.034872981078));
#11628 = SURFACE_CURVE('',#11629,(#11633,#11640),.PCURVE_S1.);
#11629 = LINE('',#11630,#11631);
#11630 = CARTESIAN_POINT('',(5.1,-41.11680823558,-2.838720558371));
#11631 = VECTOR('',#11632,1.);
#11632 = DIRECTION('',(0.,0.5,-0.866025403784));
#11633 = PCURVE('',#7859,#11634);
#11634 = DEFINITIONAL_REPRESENTATION('',(#11635),#11639);
#11635 = LINE('',#11636,#11637);
#11636 = CARTESIAN_POINT('',(-3.,-10.53));
#11637 = VECTOR('',#11638,1.);
#11638 = DIRECTION('',(1.,0.));
#11639 = ( GEOMETRIC_REPRESENTATION_CONTEXT(2) 
PARAMETRIC_REPRESENTATION_CONTEXT() REPRESENTATION_CONTEXT('2D SPACE',''
  ) );
#11640 = PCURVE('',#7788,#11641);
#11641 = DEFINITIONAL_REPRESENTATION('',(#11642),#11646);
#11642 = LINE('',#11643,#11644);
#11643 = CARTESIAN_POINT('',(0.,-3.2));
#11644 = VECTOR('',#11645,1.);
#11645 = DIRECTION('',(1.,0.));
#11646 = ( GEOMETRIC_REPRESENTATION_CONTEXT(2) 
PARAMETRIC_REPRESENTATION_CONTEXT() REPRESENTATION_CONTEXT('2D SPACE',''
  ) );
#11647 = ORIENTED_EDGE('',*,*,#11648,.T.);
#11648 = EDGE_CURVE('',#11626,#11649,#11651,.T.);
#11649 = VERTEX_POINT('',#11650);
#11650 = CARTESIAN_POINT('',(5.1,-36.55985618096,-7.135966293227));
#11651 = SURFACE_CURVE('',#11652,(#11656,#11663),.PCURVE_S1.);
#11652 = LINE('',#11653,#11654);
#11653 = CARTESIAN_POINT('',(5.1,-38.11680823558,-8.034872981078));
#11654 = VECTOR('',#11655,1.);
#11655 = DIRECTION('',(0.,0.866025403784,0.5));
#11656 = PCURVE('',#7859,#11657);
#11657 = DEFINITIONAL_REPRESENTATION('',(#11658),#11662);
#11658 = LINE('',#11659,#11660);
#11659 = CARTESIAN_POINT('',(3.,-10.53));
#11660 = VECTOR('',#11661,1.);
#11661 = DIRECTION('',(0.,1.));
#11662 = ( GEOMETRIC_REPRESENTATION_CONTEXT(2) 
PARAMETRIC_REPRESENTATION_CONTEXT() REPRESENTATION_CONTEXT('2D SPACE',''
  ) );
#11663 = PCURVE('',#11664,#11669);
#11664 = PLANE('',#11665);
#11665 = AXIS2_PLACEMENT_3D('',#11666,#11667,#11668);
#11666 = CARTESIAN_POINT('',(1.9,-38.11680823558,-8.034872981078));
#11667 = DIRECTION('',(0.,-0.5,0.866025403784));
#11668 = DIRECTION('',(0.,0.866025403784,0.5));
#11669 = DEFINITIONAL_REPRESENTATION('',(#11670),#11674);
#11670 = LINE('',#11671,#11672);
#11671 = CARTESIAN_POINT('',(0.,-3.2));
#11672 = VECTOR('',#11673,1.);
#11673 = DIRECTION('',(1.,0.));
#11674 = ( GEOMETRIC_REPRESENTATION_CONTEXT(2) 
PARAMETRIC_REPRESENTATION_CONTEXT() REPRESENTATION_CONTEXT('2D SPACE',''
  ) );
#11675 = ORIENTED_EDGE('',*,*,#11676,.T.);
#11676 = EDGE_CURVE('',#11649,#11677,#11679,.T.);
#11677 = VERTEX_POINT('',#11678);
#11678 = CARTESIAN_POINT('',(5.1,-35.69371315644,-3.171796769724));
#11679 = SURFACE_CURVE('',#11680,(#11703,#11729),.PCURVE_S1.);
#11680 = B_SPLINE_CURVE_WITH_KNOTS('',6,(#11681,#11682,#11683,#11684,
    #11685,#11686,#11687,#11688,#11689,#11690,#11691,#11692,#11693,
    #11694,#11695,#11696,#11697,#11698,#11699,#11700,#11701,#11702),
  .UNSPECIFIED.,.F.,.F.,(7,5,5,5,7),(0.,0.337782905588,0.620842547574,
    0.792498210747,1.),.UNSPECIFIED.);
#11681 = CARTESIAN_POINT('',(5.1,-36.55985618096,-7.135966293227));
#11682 = CARTESIAN_POINT('',(5.1,-36.60526867588,-6.895527301459));
#11683 = CARTESIAN_POINT('',(5.1,-36.6438221823,-6.653987156384));
#11684 = CARTESIAN_POINT('',(5.1,-36.67485354467,-6.411399246567));
#11685 = CARTESIAN_POINT('',(5.1,-36.69745509853,-6.167997141764));
#11686 = CARTESIAN_POINT('',(5.1,-36.71049048325,-5.924193737954));
#11687 = CARTESIAN_POINT('',(5.1,-36.71374656291,-5.476415423464));
#11688 = CARTESIAN_POINT('',(5.1,-36.70731872175,-5.272535563548));
#11689 = CARTESIAN_POINT('',(5.1,-36.69200432604,-5.069123213791));
#11690 = CARTESIAN_POINT('',(5.1,-36.66647970252,-4.866863799256));
#11691 = CARTESIAN_POINT('',(5.1,-36.629140203,-4.666921521396));
#11692 = CARTESIAN_POINT('',(5.1,-36.54657452717,-4.352214777653));
#11693 = CARTESIAN_POINT('',(5.1,-36.51025292197,-4.234962705665));
#11694 = CARTESIAN_POINT('',(5.1,-36.46828995857,-4.119656577048));
#11695 = CARTESIAN_POINT('',(5.1,-36.42015730009,-4.006923680854));
#11696 = CARTESIAN_POINT('',(5.1,-36.36531957386,-3.897610686998));
#11697 = CARTESIAN_POINT('',(5.1,-36.22843345534,-3.665951187523));
#11698 = CARTESIAN_POINT('',(5.1,-36.14300838543,-3.545503195207));
#11699 = CARTESIAN_POINT('',(5.1,-36.04648737682,-3.433582019587));
#11700 = CARTESIAN_POINT('',(5.1,-35.93872982336,-3.332615389231));
#11701 = CARTESIAN_POINT('',(5.1,-35.82037728783,-3.244926340076));
#11702 = CARTESIAN_POINT('',(5.1,-35.69371315644,-3.171796769724));
#11703 = PCURVE('',#7859,#11704);
#11704 = DEFINITIONAL_REPRESENTATION('',(#11705),#11728);
#11705 = B_SPLINE_CURVE_WITH_KNOTS('',6,(#11706,#11707,#11708,#11709,
    #11710,#11711,#11712,#11713,#11714,#11715,#11716,#11717,#11718,
    #11719,#11720,#11721,#11722,#11723,#11724,#11725,#11726,#11727),
  .UNSPECIFIED.,.F.,.F.,(7,5,5,5,7),(0.,0.337782905588,0.620842547574,
    0.792498210747,1.),.UNSPECIFIED.);
#11706 = CARTESIAN_POINT('',(3.,-8.732186624299));
#11707 = CARTESIAN_POINT('',(2.769067477611,-8.65129550266));
#11708 = CARTESIAN_POINT('',(2.540610822731,-8.563913746089));
#11709 = CARTESIAN_POINT('',(2.315007848995,-8.469493739306));
#11710 = CARTESIAN_POINT('',(2.09291466597,-8.367366206713));
#11711 = CARTESIAN_POINT('',(1.875257032379,-8.256753479127));
#11712 = CARTESIAN_POINT('',(1.485841596938,-8.035684169583));
#11713 = CARTESIAN_POINT('',(1.312490379511,-7.928177565889));
#11714 = CARTESIAN_POINT('',(1.143987315033,-7.813208735281));
#11715 = CARTESIAN_POINT('',(0.981587835653,-7.689974055621));
#11716 = CARTESIAN_POINT('',(0.827102493496,-7.55766596154));
#11717 = CARTESIAN_POINT('',(0.595841296584,-7.328808616925));
#11718 = CARTESIAN_POINT('',(0.512458826199,-7.238727148118));
#11719 = CARTESIAN_POINT('',(0.433582271305,-7.144733091487));
#11720 = CARTESIAN_POINT('',(0.3600190486,-7.046682538392));
#11721 = CARTESIAN_POINT('',(0.292770082071,-6.944535177464));
#11722 = CARTESIAN_POINT('',(0.160590129757,-6.710158571663));
#11723 = CARTESIAN_POINT('',(9.899164353086E-02,-6.575954294845));
#11724 = CARTESIAN_POINT('',(5.03255665274E-02,-6.43640406158));
#11725 = CARTESIAN_POINT('',(1.676467643591E-02,-6.292599967654));
#11726 = CARTESIAN_POINT('',(0.,-6.146259140703));
#11727 = CARTESIAN_POINT('',(1.7763568394E-15,-6.));
#11728 = ( GEOMETRIC_REPRESENTATION_CONTEXT(2) 
PARAMETRIC_REPRESENTATION_CONTEXT() REPRESENTATION_CONTEXT('2D SPACE',''
  ) );
#11729 = PCURVE('',#8488,#11730);
#11730 = DEFINITIONAL_REPRESENTATION('',(#11731),#11754);
#11731 = B_SPLINE_CURVE_WITH_KNOTS('',6,(#11732,#11733,#11734,#11735,
    #11736,#11737,#11738,#11739,#11740,#11741,#11742,#11743,#11744,
    #11745,#11746,#11747,#11748,#11749,#11750,#11751,#11752,#11753),
  .UNSPECIFIED.,.F.,.F.,(7,5,5,5,7),(0.,0.337782905588,0.620842547574,
    0.792498210747,1.),.UNSPECIFIED.);
#11732 = CARTESIAN_POINT('',(4.037257447448,-7.1));
#11733 = CARTESIAN_POINT('',(4.000278648984,-7.1));
#11734 = CARTESIAN_POINT('',(3.96238230548,-7.1));
#11735 = CARTESIAN_POINT('',(3.923417092099,-7.1));
#11736 = CARTESIAN_POINT('',(3.883211942788,-7.1));
#11737 = CARTESIAN_POINT('',(3.841571498437,-7.1));
#11738 = CARTESIAN_POINT('',(3.761828379232,-7.1));
#11739 = CARTESIAN_POINT('',(3.724271547754,-7.1));
#11740 = CARTESIAN_POINT('',(3.685309945102,-7.1));
#11741 = CARTESIAN_POINT('',(3.644740329595,-7.1));
#11742 = CARTESIAN_POINT('',(3.602357838744,-7.1));
#11743 = CARTESIAN_POINT('',(3.530865054059,-7.1));
#11744 = CARTESIAN_POINT('',(3.503110909543,-7.1));
#11745 = CARTESIAN_POINT('',(3.474526640714,-7.1));
#11746 = CARTESIAN_POINT('',(3.445070255123,-7.1));
#11747 = CARTESIAN_POINT('',(3.414721365284,-7.1));
#11748 = CARTESIAN_POINT('',(3.345748400891,-7.1));
#11749 = CARTESIAN_POINT('',(3.306676360161,-7.1));
#11750 = CARTESIAN_POINT('',(3.266411216192,-7.1));
#11751 = CARTESIAN_POINT('',(3.225192558943,-7.1));
#11752 = CARTESIAN_POINT('',(3.183380979505,-7.1));
#11753 = CARTESIAN_POINT('',(3.14159265359,-7.1));
#11754 = ( GEOMETRIC_REPRESENTATION_CONTEXT(2) 
PARAMETRIC_REPRESENTATION_CONTEXT() REPRESENTATION_CONTEXT('2D SPACE',''
  ) );
#11755 = ORIENTED_EDGE('',*,*,#11756,.F.);
#11756 = EDGE_CURVE('',#11757,#11677,#11759,.T.);
#11757 = VERTEX_POINT('',#11758);
#11758 = CARTESIAN_POINT('',(5.1,-33.96166234887,-2.171796769724));
#11759 = SURFACE_CURVE('',#11760,(#11764,#11771),.PCURVE_S1.);
#11760 = LINE('',#11761,#11762);
#11761 = CARTESIAN_POINT('',(5.1,-27.89948452238,1.328203230276));
#11762 = VECTOR('',#11763,1.);
#11763 = DIRECTION('',(0.,-0.866025403784,-0.5));
#11764 = PCURVE('',#7859,#11765);
#11765 = DEFINITIONAL_REPRESENTATION('',(#11766),#11770);
#11766 = LINE('',#11767,#11768);
#11767 = CARTESIAN_POINT('',(-1.110223024625E-15,3.));
#11768 = VECTOR('',#11769,1.);
#11769 = DIRECTION('',(0.,-1.));
#11770 = ( GEOMETRIC_REPRESENTATION_CONTEXT(2) 
PARAMETRIC_REPRESENTATION_CONTEXT() REPRESENTATION_CONTEXT('2D SPACE',''
  ) );
#11771 = PCURVE('',#11220,#11772);
#11772 = DEFINITIONAL_REPRESENTATION('',(#11773),#11777);
#11773 = LINE('',#11774,#11775);
#11774 = CARTESIAN_POINT('',(3.,-7.1));
#11775 = VECTOR('',#11776,1.);
#11776 = DIRECTION('',(1.,0.));
#11777 = ( GEOMETRIC_REPRESENTATION_CONTEXT(2) 
PARAMETRIC_REPRESENTATION_CONTEXT() REPRESENTATION_CONTEXT('2D SPACE',''
  ) );
#11778 = ORIENTED_EDGE('',*,*,#11779,.T.);
#11779 = EDGE_CURVE('',#11757,#11780,#11782,.T.);
#11780 = VERTEX_POINT('',#11781);
#11781 = CARTESIAN_POINT('',(5.1,-34.61166234887,-1.045963744805));
#11782 = SURFACE_CURVE('',#11783,(#11787,#11794),.PCURVE_S1.);
#11783 = LINE('',#11784,#11785);
#11784 = CARTESIAN_POINT('',(5.1,-34.28666234887,-1.608880257265));
#11785 = VECTOR('',#11786,1.);
#11786 = DIRECTION('',(0.,-0.5,0.866025403784));
#11787 = PCURVE('',#7859,#11788);
#11788 = DEFINITIONAL_REPRESENTATION('',(#11789),#11793);
#11789 = LINE('',#11790,#11791);
#11790 = CARTESIAN_POINT('',(-0.65,-4.));
#11791 = VECTOR('',#11792,1.);
#11792 = DIRECTION('',(-1.,0.));
#11793 = ( GEOMETRIC_REPRESENTATION_CONTEXT(2) 
PARAMETRIC_REPRESENTATION_CONTEXT() REPRESENTATION_CONTEXT('2D SPACE',''
  ) );
#11794 = PCURVE('',#11248,#11795);
#11795 = DEFINITIONAL_REPRESENTATION('',(#11796),#11800);
#11796 = LINE('',#11797,#11798);
#11797 = CARTESIAN_POINT('',(0.65,1.1));
#11798 = VECTOR('',#11799,1.);
#11799 = DIRECTION('',(-1.,0.));
#11800 = ( GEOMETRIC_REPRESENTATION_CONTEXT(2) 
PARAMETRIC_REPRESENTATION_CONTEXT() REPRESENTATION_CONTEXT('2D SPACE',''
  ) );
#11801 = ORIENTED_EDGE('',*,*,#11802,.F.);
#11802 = EDGE_CURVE('',#11803,#11780,#11805,.T.);
#11803 = VERTEX_POINT('',#11804);
#11804 = CARTESIAN_POINT('',(5.1,-27.6834591186,2.954036255195));
#11805 = SURFACE_CURVE('',#11806,(#11810,#11817),.PCURVE_S1.);
#11806 = LINE('',#11807,#11808);
#11807 = CARTESIAN_POINT('',(5.1,-29.41550992617,1.954036255195));
#11808 = VECTOR('',#11809,1.);
#11809 = DIRECTION('',(0.,-0.866025403784,-0.5));
#11810 = PCURVE('',#7859,#11811);
#11811 = DEFINITIONAL_REPRESENTATION('',(#11812),#11816);
#11812 = LINE('',#11813,#11814);
#11813 = CARTESIAN_POINT('',(-1.3,2.));
#11814 = VECTOR('',#11815,1.);
#11815 = DIRECTION('',(0.,-1.));
#11816 = ( GEOMETRIC_REPRESENTATION_CONTEXT(2) 
PARAMETRIC_REPRESENTATION_CONTEXT() REPRESENTATION_CONTEXT('2D SPACE',''
  ) );
#11817 = PCURVE('',#11276,#11818);
#11818 = DEFINITIONAL_REPRESENTATION('',(#11819),#11823);
#11819 = LINE('',#11820,#11821);
#11820 = CARTESIAN_POINT('',(1.1,2.));
#11821 = VECTOR('',#11822,1.);
#11822 = DIRECTION('',(0.,1.));
#11823 = ( GEOMETRIC_REPRESENTATION_CONTEXT(2) 
PARAMETRIC_REPRESENTATION_CONTEXT() REPRESENTATION_CONTEXT('2D SPACE',''
  ) );
#11824 = ORIENTED_EDGE('',*,*,#11825,.F.);
#11825 = EDGE_CURVE('',#11826,#11803,#11828,.T.);
#11826 = VERTEX_POINT('',#11827);
#11827 = CARTESIAN_POINT('',(5.1,-27.0334591186,1.828203230276));
#11828 = SURFACE_CURVE('',#11829,(#11833,#11840),.PCURVE_S1.);
#11829 = LINE('',#11830,#11831);
#11830 = CARTESIAN_POINT('',(5.1,-27.3584591186,2.391119742735));
#11831 = VECTOR('',#11832,1.);
#11832 = DIRECTION('',(0.,-0.5,0.866025403784));
#11833 = PCURVE('',#7859,#11834);
#11834 = DEFINITIONAL_REPRESENTATION('',(#11835),#11839);
#11835 = LINE('',#11836,#11837);
#11836 = CARTESIAN_POINT('',(-0.65,4.));
#11837 = VECTOR('',#11838,1.);
#11838 = DIRECTION('',(-1.,0.));
#11839 = ( GEOMETRIC_REPRESENTATION_CONTEXT(2) 
PARAMETRIC_REPRESENTATION_CONTEXT() REPRESENTATION_CONTEXT('2D SPACE',''
  ) );
#11840 = PCURVE('',#11304,#11841);
#11841 = DEFINITIONAL_REPRESENTATION('',(#11842),#11846);
#11842 = LINE('',#11843,#11844);
#11843 = CARTESIAN_POINT('',(0.65,1.1));
#11844 = VECTOR('',#11845,1.);
#11845 = DIRECTION('',(-1.,0.));
#11846 = ( GEOMETRIC_REPRESENTATION_CONTEXT(2) 
PARAMETRIC_REPRESENTATION_CONTEXT() REPRESENTATION_CONTEXT('2D SPACE',''
  ) );
#11847 = ORIENTED_EDGE('',*,*,#11848,.F.);
#11848 = EDGE_CURVE('',#11849,#11826,#11851,.T.);
#11849 = VERTEX_POINT('',#11850);
#11850 = CARTESIAN_POINT('',(5.1,-25.30140831103,2.828203230276));
#11851 = SURFACE_CURVE('',#11852,(#11856,#11863),.PCURVE_S1.);
#11852 = LINE('',#11853,#11854);
#11853 = CARTESIAN_POINT('',(5.1,-27.89948452238,1.328203230276));
#11854 = VECTOR('',#11855,1.);
#11855 = DIRECTION('',(0.,-0.866025403784,-0.5));
#11856 = PCURVE('',#7859,#11857);
#11857 = DEFINITIONAL_REPRESENTATION('',(#11858),#11862);
#11858 = LINE('',#11859,#11860);
#11859 = CARTESIAN_POINT('',(-1.110223024625E-15,3.));
#11860 = VECTOR('',#11861,1.);
#11861 = DIRECTION('',(0.,-1.));
#11862 = ( GEOMETRIC_REPRESENTATION_CONTEXT(2) 
PARAMETRIC_REPRESENTATION_CONTEXT() REPRESENTATION_CONTEXT('2D SPACE',''
  ) );
#11863 = PCURVE('',#11332,#11864);
#11864 = DEFINITIONAL_REPRESENTATION('',(#11865),#11869);
#11865 = LINE('',#11866,#11867);
#11866 = CARTESIAN_POINT('',(3.,-7.1));
#11867 = VECTOR('',#11868,1.);
#11868 = DIRECTION('',(1.,0.));
#11869 = ( GEOMETRIC_REPRESENTATION_CONTEXT(2) 
PARAMETRIC_REPRESENTATION_CONTEXT() REPRESENTATION_CONTEXT('2D SPACE',''
  ) );
#11870 = ORIENTED_EDGE('',*,*,#11871,.T.);
#11871 = EDGE_CURVE('',#11849,#11872,#11874,.T.);
#11872 = VERTEX_POINT('',#11873);
#11873 = CARTESIAN_POINT('',(5.1,-21.4352652865,1.596220331072));
#11874 = SURFACE_CURVE('',#11875,(#11903,#11934),.PCURVE_S1.);
#11875 = B_SPLINE_CURVE_WITH_KNOTS('',6,(#11876,#11877,#11878,#11879,
    #11880,#11881,#11882,#11883,#11884,#11885,#11886,#11887,#11888,
    #11889,#11890,#11891,#11892,#11893,#11894,#11895,#11896,#11897,
    #11898,#11899,#11900,#11901,#11902),.UNSPECIFIED.,.F.,.F.,(7,5,5,5,5
    ,7),(0.,0.179093933348,0.301853997553,0.546282957023,0.8420071473,1.
    ),.UNSPECIFIED.);
#11876 = CARTESIAN_POINT('',(5.1,-25.30140831103,2.828203230276));
#11877 = CARTESIAN_POINT('',(5.1,-25.19211328514,2.891304742891));
#11878 = CARTESIAN_POINT('',(5.1,-25.07652504122,2.943626839671));
#11879 = CARTESIAN_POINT('',(5.1,-24.95606900984,2.984321659464));
#11880 = CARTESIAN_POINT('',(5.1,-24.83224266203,3.013589864307));
#11881 = CARTESIAN_POINT('',(5.1,-24.70643057905,3.03214072771));
#11882 = CARTESIAN_POINT('',(5.1,-24.49303874927,3.046956331102));
#11883 = CARTESIAN_POINT('',(5.1,-24.40583145998,3.048398657083));
#11884 = CARTESIAN_POINT('',(5.1,-24.31851043479,3.0455630923));
#11885 = CARTESIAN_POINT('',(5.1,-24.23131996591,3.038779530212));
#11886 = CARTESIAN_POINT('',(5.1,-24.14443884465,3.028371611866));
#11887 = CARTESIAN_POINT('',(5.1,-23.88583219181,2.987255983791));
#11888 = CARTESIAN_POINT('',(5.1,-23.71548028282,2.946673591869));
#11889 = CARTESIAN_POINT('',(5.1,-23.54764592069,2.895157781948));
#11890 = CARTESIAN_POINT('',(5.1,-23.38275359867,2.834502494855));
#11891 = CARTESIAN_POINT('',(5.1,-23.22091944064,2.76609593074));
#11892 = CARTESIAN_POINT('',(5.1,-22.86965482868,2.599866859098));
#11893 = CARTESIAN_POINT('',(5.1,-22.68172745814,2.498964144585));
#11894 = CARTESIAN_POINT('',(5.1,-22.49803020836,2.389936659738));
#11895 = CARTESIAN_POINT('',(5.1,-22.3184607691,2.274009094009));
#11896 = CARTESIAN_POINT('',(5.1,-22.14283812702,2.152115363442));
#11897 = CARTESIAN_POINT('',(5.1,-21.87905520095,1.956908183346));
#11898 = CARTESIAN_POINT('',(5.1,-21.78826812713,1.887419240203));
#11899 = CARTESIAN_POINT('',(5.1,-21.69852009393,1.8165213137));
#11900 = CARTESIAN_POINT('',(5.1,-21.60978598779,1.744305080751));
#11901 = CARTESIAN_POINT('',(5.1,-21.52204222152,1.670848797583));
#11902 = CARTESIAN_POINT('',(5.1,-21.4352652865,1.596220331072));
#11903 = PCURVE('',#7859,#11904);
#11904 = DEFINITIONAL_REPRESENTATION('',(#11905),#11933);
#11905 = B_SPLINE_CURVE_WITH_KNOTS('',6,(#11906,#11907,#11908,#11909,
    #11910,#11911,#11912,#11913,#11914,#11915,#11916,#11917,#11918,
    #11919,#11920,#11921,#11922,#11923,#11924,#11925,#11926,#11927,
    #11928,#11929,#11930,#11931,#11932),.UNSPECIFIED.,.F.,.F.,(7,5,5,5,5
    ,7),(0.,0.179093933348,0.301853997553,0.546282957023,0.8420071473,1.
    ),.UNSPECIFIED.);
#11906 = CARTESIAN_POINT('',(0.,6.));
#11907 = CARTESIAN_POINT('',(-1.7763568394E-15,6.126203025231));
#11908 = CARTESIAN_POINT('',(1.248185696867E-02,6.252466429234));
#11909 = CARTESIAN_POINT('',(3.746712491578E-02,6.377131822344));
#11910 = CARTESIAN_POINT('',(7.403328990586E-02,6.499002687632));
#11911 = CARTESIAN_POINT('',(0.120873812425,6.617234579295));
#11912 = CARTESIAN_POINT('',(0.214739038408,6.809445126544));
#11913 = CARTESIAN_POINT('',(0.257093592109,6.885690017448));
#11914 = CARTESIAN_POINT('',(0.303209775842,6.959894461159));
#11915 = CARTESIAN_POINT('',(0.352679747378,7.032011841132));
#11916 = CARTESIAN_POINT('',(0.405133829699,7.102049140086));
#11917 = CARTESIAN_POINT('',(0.570044334524,7.305451256994));
#11918 = CARTESIAN_POINT('',(0.690365671371,7.432689141802));
#11919 = CARTESIAN_POINT('',(0.818896852524,7.552280058075));
#11920 = CARTESIAN_POINT('',(0.953872033029,7.664753354285));
#11921 = CARTESIAN_POINT('',(1.094030934352,7.770702564278));
#11922 = CARTESIAN_POINT('',(1.413621839221,7.991792105865));
#11923 = CARTESIAN_POINT('',(1.594969838569,8.10409062556));
#11924 = CARTESIAN_POINT('',(1.781239035047,8.208663368052));
#11925 = CARTESIAN_POINT('',(1.9714199716,8.306211281334));
#11926 = CARTESIAN_POINT('',(2.164794359873,8.397358085571));
#11927 = CARTESIAN_POINT('',(2.465740199869,8.528197210579));
#11928 = CARTESIAN_POINT('',(2.571312926824,8.572076651273));
#11929 = CARTESIAN_POINT('',(2.677586348851,8.614351764713));
#11930 = CARTESIAN_POINT('',(2.784494494222,8.655089638338));
#11931 = CARTESIAN_POINT('',(2.891981384649,8.694349827372));
#11932 = CARTESIAN_POINT('',(3.,8.732186624299));
#11933 = ( GEOMETRIC_REPRESENTATION_CONTEXT(2) 
PARAMETRIC_REPRESENTATION_CONTEXT() REPRESENTATION_CONTEXT('2D SPACE',''
  ) );
#11934 = PCURVE('',#8776,#11935);
#11935 = DEFINITIONAL_REPRESENTATION('',(#11936),#11964);
#11936 = B_SPLINE_CURVE_WITH_KNOTS('',6,(#11937,#11938,#11939,#11940,
    #11941,#11942,#11943,#11944,#11945,#11946,#11947,#11948,#11949,
    #11950,#11951,#11952,#11953,#11954,#11955,#11956,#11957,#11958,
    #11959,#11960,#11961,#11962,#11963),.UNSPECIFIED.,.F.,.F.,(7,5,5,5,5
    ,7),(0.,0.179093933348,0.301853997553,0.546282957023,0.8420071473,1.
    ),.UNSPECIFIED.);
#11937 = CARTESIAN_POINT('',(3.14159265359,-7.1));
#11938 = CARTESIAN_POINT('',(3.105534646381,-7.1));
#11939 = CARTESIAN_POINT('',(3.069459414672,-7.1));
#11940 = CARTESIAN_POINT('',(3.033756213915,-7.1));
#11941 = CARTESIAN_POINT('',(2.998682744562,-7.1));
#11942 = CARTESIAN_POINT('',(2.964424460884,-7.1));
#11943 = CARTESIAN_POINT('',(2.908267745897,-7.1));
#11944 = CARTESIAN_POINT('',(2.88585813365,-7.1));
#11945 = CARTESIAN_POINT('',(2.863898864349,-7.1));
#11946 = CARTESIAN_POINT('',(2.842396442908,-7.1));
#11947 = CARTESIAN_POINT('',(2.821345113745,-7.1));
#11948 = CARTESIAN_POINT('',(2.759682566006,-7.1));
#11949 = CARTESIAN_POINT('',(2.72039247927,-7.1));
#11950 = CARTESIAN_POINT('',(2.682694129191,-7.1));
#11951 = CARTESIAN_POINT('',(2.646446910915,-7.1));
#11952 = CARTESIAN_POINT('',(2.611498249212,-7.1));
#11953 = CARTESIAN_POINT('',(2.536757607437,-7.1));
#11954 = CARTESIAN_POINT('',(2.497523760102,-7.1));
#11955 = CARTESIAN_POINT('',(2.459703749553,-7.1));
#11956 = CARTESIAN_POINT('',(2.423121586095,-7.1));
#11957 = CARTESIAN_POINT('',(2.387619366254,-7.1));
#11958 = CARTESIAN_POINT('',(2.334585504003,-7.1));
#11959 = CARTESIAN_POINT('',(2.316387739954,-7.1));
#11960 = CARTESIAN_POINT('',(2.298439630357,-7.1));
#11961 = CARTESIAN_POINT('',(2.280723790779,-7.1));
#11962 = CARTESIAN_POINT('',(2.263224681185,-7.1));
#11963 = CARTESIAN_POINT('',(2.245927859732,-7.1));
#11964 = ( GEOMETRIC_REPRESENTATION_CONTEXT(2) 
PARAMETRIC_REPRESENTATION_CONTEXT() REPRESENTATION_CONTEXT('2D SPACE',''
  ) );
#11965 = ORIENTED_EDGE('',*,*,#11966,.T.);
#11966 = EDGE_CURVE('',#11872,#11513,#11967,.T.);
#11967 = SURFACE_CURVE('',#11968,(#11972,#11979),.PCURVE_S1.);
#11968 = LINE('',#11969,#11970);
#11969 = CARTESIAN_POINT('',(5.1,-38.11680823558,-8.034872981078));
#11970 = VECTOR('',#11971,1.);
#11971 = DIRECTION('',(0.,0.866025403784,0.5));
#11972 = PCURVE('',#7859,#11973);
#11973 = DEFINITIONAL_REPRESENTATION('',(#11974),#11978);
#11974 = LINE('',#11975,#11976);
#11975 = CARTESIAN_POINT('',(3.,-10.53));
#11976 = VECTOR('',#11977,1.);
#11977 = DIRECTION('',(0.,1.));
#11978 = ( GEOMETRIC_REPRESENTATION_CONTEXT(2) 
PARAMETRIC_REPRESENTATION_CONTEXT() REPRESENTATION_CONTEXT('2D SPACE',''
  ) );
#11979 = PCURVE('',#11980,#11985);
#11980 = PLANE('',#11981);
#11981 = AXIS2_PLACEMENT_3D('',#11982,#11983,#11984);
#11982 = CARTESIAN_POINT('',(1.9,-38.11680823558,-8.034872981078));
#11983 = DIRECTION('',(0.,-0.5,0.866025403784));
#11984 = DIRECTION('',(0.,0.866025403784,0.5));
#11985 = DEFINITIONAL_REPRESENTATION('',(#11986),#11990);
#11986 = LINE('',#11987,#11988);
#11987 = CARTESIAN_POINT('',(0.,-3.2));
#11988 = VECTOR('',#11989,1.);
#11989 = DIRECTION('',(1.,0.));
#11990 = ( GEOMETRIC_REPRESENTATION_CONTEXT(2) 
PARAMETRIC_REPRESENTATION_CONTEXT() REPRESENTATION_CONTEXT('2D SPACE',''
  ) );
#11991 = ADVANCED_FACE('',(#11992),#7788,.T.);
#11992 = FACE_BOUND('',#11993,.T.);
#11993 = EDGE_LOOP('',(#11994,#12017,#12018,#12019));
#11994 = ORIENTED_EDGE('',*,*,#11995,.F.);
#11995 = EDGE_CURVE('',#7679,#11996,#11998,.T.);
#11996 = VERTEX_POINT('',#11997);
#11997 = CARTESIAN_POINT('',(1.9,-38.11680823558,-8.034872981078));
#11998 = SURFACE_CURVE('',#11999,(#12003,#12010),.PCURVE_S1.);
#11999 = LINE('',#12000,#12001);
#12000 = CARTESIAN_POINT('',(1.9,-41.11680823558,-2.838720558371));
#12001 = VECTOR('',#12002,1.);
#12002 = DIRECTION('',(0.,0.5,-0.866025403784));
#12003 = PCURVE('',#7788,#12004);
#12004 = DEFINITIONAL_REPRESENTATION('',(#12005),#12009);
#12005 = LINE('',#12006,#12007);
#12006 = CARTESIAN_POINT('',(0.,0.));
#12007 = VECTOR('',#12008,1.);
#12008 = DIRECTION('',(1.,0.));
#12009 = ( GEOMETRIC_REPRESENTATION_CONTEXT(2) 
PARAMETRIC_REPRESENTATION_CONTEXT() REPRESENTATION_CONTEXT('2D SPACE',''
  ) );
#12010 = PCURVE('',#7734,#12011);
#12011 = DEFINITIONAL_REPRESENTATION('',(#12012),#12016);
#12012 = LINE('',#12013,#12014);
#12013 = CARTESIAN_POINT('',(-3.,-10.53));
#12014 = VECTOR('',#12015,1.);
#12015 = DIRECTION('',(1.,0.));
#12016 = ( GEOMETRIC_REPRESENTATION_CONTEXT(2) 
PARAMETRIC_REPRESENTATION_CONTEXT() REPRESENTATION_CONTEXT('2D SPACE',''
  ) );
#12017 = ORIENTED_EDGE('',*,*,#7766,.F.);
#12018 = ORIENTED_EDGE('',*,*,#11625,.T.);
#12019 = ORIENTED_EDGE('',*,*,#12020,.F.);
#12020 = EDGE_CURVE('',#11996,#11626,#12021,.T.);
#12021 = SURFACE_CURVE('',#12022,(#12026,#12033),.PCURVE_S1.);
#12022 = LINE('',#12023,#12024);
#12023 = CARTESIAN_POINT('',(1.9,-38.11680823558,-8.034872981078));
#12024 = VECTOR('',#12025,1.);
#12025 = DIRECTION('',(1.,0.,0.));
#12026 = PCURVE('',#7788,#12027);
#12027 = DEFINITIONAL_REPRESENTATION('',(#12028),#12032);
#12028 = LINE('',#12029,#12030);
#12029 = CARTESIAN_POINT('',(6.,0.));
#12030 = VECTOR('',#12031,1.);
#12031 = DIRECTION('',(0.,-1.));
#12032 = ( GEOMETRIC_REPRESENTATION_CONTEXT(2) 
PARAMETRIC_REPRESENTATION_CONTEXT() REPRESENTATION_CONTEXT('2D SPACE',''
  ) );
#12033 = PCURVE('',#11664,#12034);
#12034 = DEFINITIONAL_REPRESENTATION('',(#12035),#12039);
#12035 = LINE('',#12036,#12037);
#12036 = CARTESIAN_POINT('',(0.,0.));
#12037 = VECTOR('',#12038,1.);
#12038 = DIRECTION('',(0.,-1.));
#12039 = ( GEOMETRIC_REPRESENTATION_CONTEXT(2) 
PARAMETRIC_REPRESENTATION_CONTEXT() REPRESENTATION_CONTEXT('2D SPACE',''
  ) );
#12040 = ADVANCED_FACE('',(#12041),#7734,.T.);
#12041 = FACE_BOUND('',#12042,.T.);
#12042 = EDGE_LOOP('',(#12043,#12068,#12151,#12172,#12173,#12174,#12197,
    #12277,#12300,#12323,#12346,#12369,#12392,#12487));
#12043 = ORIENTED_EDGE('',*,*,#12044,.T.);
#12044 = EDGE_CURVE('',#12045,#12047,#12049,.T.);
#12045 = VERTEX_POINT('',#12046);
#12046 = CARTESIAN_POINT('',(1.9,-19.87831323188,2.495127018922));
#12047 = VERTEX_POINT('',#12048);
#12048 = CARTESIAN_POINT('',(1.9,-20.47377944561,3.52650475529));
#12049 = SURFACE_CURVE('',#12050,(#12054,#12061),.PCURVE_S1.);
#12050 = LINE('',#12051,#12052);
#12051 = CARTESIAN_POINT('',(1.9,-19.87831323188,2.495127018922));
#12052 = VECTOR('',#12053,1.);
#12053 = DIRECTION('',(0.,-0.5,0.866025403784));
#12054 = PCURVE('',#7734,#12055);
#12055 = DEFINITIONAL_REPRESENTATION('',(#12056),#12060);
#12056 = LINE('',#12057,#12058);
#12057 = CARTESIAN_POINT('',(3.,10.53));
#12058 = VECTOR('',#12059,1.);
#12059 = DIRECTION('',(-1.,0.));
#12060 = ( GEOMETRIC_REPRESENTATION_CONTEXT(2) 
PARAMETRIC_REPRESENTATION_CONTEXT() REPRESENTATION_CONTEXT('2D SPACE',''
  ) );
#12061 = PCURVE('',#11530,#12062);
#12062 = DEFINITIONAL_REPRESENTATION('',(#12063),#12067);
#12063 = LINE('',#12064,#12065);
#12064 = CARTESIAN_POINT('',(0.,0.));
#12065 = VECTOR('',#12066,1.);
#12066 = DIRECTION('',(1.,0.));
#12067 = ( GEOMETRIC_REPRESENTATION_CONTEXT(2) 
PARAMETRIC_REPRESENTATION_CONTEXT() REPRESENTATION_CONTEXT('2D SPACE',''
  ) );
#12068 = ORIENTED_EDGE('',*,*,#12069,.F.);
#12069 = EDGE_CURVE('',#12070,#12047,#12072,.T.);
#12070 = VERTEX_POINT('',#12071);
#12071 = CARTESIAN_POINT('',(1.9,-26.40140831103,4.733459118601));
#12072 = SURFACE_CURVE('',#12073,(#12097,#12124),.PCURVE_S1.);
#12073 = B_SPLINE_CURVE_WITH_KNOTS('',8,(#12074,#12075,#12076,#12077,
    #12078,#12079,#12080,#12081,#12082,#12083,#12084,#12085,#12086,
    #12087,#12088,#12089,#12090,#12091,#12092,#12093,#12094,#12095,
    #12096),.UNSPECIFIED.,.F.,.F.,(9,7,7,9),(0.,0.238681335228,
    0.39187345257,1.),.UNSPECIFIED.);
#12074 = CARTESIAN_POINT('',(1.9,-26.40140831103,4.733459118601));
#12075 = CARTESIAN_POINT('',(1.9,-26.2367585505,4.828519702162));
#12076 = CARTESIAN_POINT('',(1.9,-26.0655699347,4.91237999767));
#12077 = CARTESIAN_POINT('',(1.9,-25.88882711943,4.984455577924));
#12078 = CARTESIAN_POINT('',(1.9,-25.70753904286,5.044542865967));
#12079 = CARTESIAN_POINT('',(1.9,-25.52270749355,5.09272718098));
#12080 = CARTESIAN_POINT('',(1.9,-25.33530213783,5.12930824717));
#12081 = CARTESIAN_POINT('',(1.9,-25.14624200635,5.154743165651));
#12082 = CARTESIAN_POINT('',(1.9,-24.83452709222,5.179146762336));
#12083 = CARTESIAN_POINT('',(1.9,-24.71229886677,5.184334933167));
#12084 = CARTESIAN_POINT('',(1.9,-24.58988775713,5.185321482677));
#12085 = CARTESIAN_POINT('',(1.9,-24.46746199225,5.182268199599));
#12086 = CARTESIAN_POINT('',(1.9,-24.34516909018,5.175343682187));
#12087 = CARTESIAN_POINT('',(1.9,-24.22313591156,5.164718479857));
#12088 = CARTESIAN_POINT('',(1.9,-24.10146871327,5.150560234834));
#12089 = CARTESIAN_POINT('',(1.9,-23.49906414548,5.063434404352));
#12090 = CARTESIAN_POINT('',(1.9,-23.02662752962,4.940925720273));
#12091 = CARTESIAN_POINT('',(1.9,-22.56565700544,4.775796990851));
#12092 = CARTESIAN_POINT('',(1.9,-22.11831689704,4.575573030945));
#12093 = CARTESIAN_POINT('',(1.9,-21.68569595145,4.346615695435));
#12094 = CARTESIAN_POINT('',(1.9,-21.26799589645,4.093598819794));
#12095 = CARTESIAN_POINT('',(1.9,-20.86451434083,3.819749172595));
#12096 = CARTESIAN_POINT('',(1.9,-20.47377944561,3.52650475529));
#12097 = PCURVE('',#7734,#12098);
#12098 = DEFINITIONAL_REPRESENTATION('',(#12099),#12123);
#12099 = B_SPLINE_CURVE_WITH_KNOTS('',8,(#12100,#12101,#12102,#12103,
    #12104,#12105,#12106,#12107,#12108,#12109,#12110,#12111,#12112,
    #12113,#12114,#12115,#12116,#12117,#12118,#12119,#12120,#12121,
    #12122),.UNSPECIFIED.,.F.,.F.,(9,7,7,9),(0.,0.238681335228,
    0.39187345257,1.),.UNSPECIFIED.);
#12100 = CARTESIAN_POINT('',(-2.2,6.));
#12101 = CARTESIAN_POINT('',(-2.2,6.190121167121));
#12102 = CARTESIAN_POINT('',(-2.187030838377,6.380305005));
#12103 = CARTESIAN_POINT('',(-2.161078714235,6.569406563087));
#12104 = CARTESIAN_POINT('',(-2.122471793838,6.756450286824));
#12105 = CARTESIAN_POINT('',(-2.071784860051,6.94061126145));
#12106 = CARTESIAN_POINT('',(-2.009762314808,7.121199593404));
#12107 = CARTESIAN_POINT('',(-1.937259534613,7.297647929352));
#12108 = CARTESIAN_POINT('',(-1.802536212222,7.57980276207));
#12109 = CARTESIAN_POINT('',(-1.74591518724,7.688249595778));
#12110 = CARTESIAN_POINT('',(-1.685564009353,7.794754001194));
#12111 = CARTESIAN_POINT('',(-1.621706906205,7.899251182115));
#12112 = CARTESIAN_POINT('',(-1.55456364718,8.001697683307));
#12113 = CARTESIAN_POINT('',(-1.484345362736,8.102068914925));
#12114 = CARTESIAN_POINT('',(-1.411250363727,8.200356676943));
#12115 = CARTESIAN_POINT('',(-1.034594897306,8.678491420767));
#12116 = CARTESIAN_POINT('',(-0.692280956782,9.026379189736));
#12117 = CARTESIAN_POINT('',(-0.318790020119,9.343027009359));
#12118 = CARTESIAN_POINT('',(7.827906980761E-02,9.630322927416));
#12119 = CARTESIAN_POINT('',(0.492872411537,9.890504988749));
#12120 = CARTESIAN_POINT('',(0.920841480929,10.125735409723));
#12121 = CARTESIAN_POINT('',(1.359743010032,10.338235863252));
#12122 = CARTESIAN_POINT('',(1.809067572544,10.53));
#12123 = ( GEOMETRIC_REPRESENTATION_CONTEXT(2) 
PARAMETRIC_REPRESENTATION_CONTEXT() REPRESENTATION_CONTEXT('2D SPACE',''
  ) );
#12124 = PCURVE('',#8875,#12125);
#12125 = DEFINITIONAL_REPRESENTATION('',(#12126),#12150);
#12126 = B_SPLINE_CURVE_WITH_KNOTS('',8,(#12127,#12128,#12129,#12130,
    #12131,#12132,#12133,#12134,#12135,#12136,#12137,#12138,#12139,
    #12140,#12141,#12142,#12143,#12144,#12145,#12146,#12147,#12148,
    #12149),.UNSPECIFIED.,.F.,.F.,(9,7,7,9),(0.,0.238681335228,
    0.39187345257,1.),.UNSPECIFIED.);
#12127 = CARTESIAN_POINT('',(3.14159265359,-1.9));
#12128 = CARTESIAN_POINT('',(3.108238062867,-1.9));
#12129 = CARTESIAN_POINT('',(3.074872501097,-1.9));
#12130 = CARTESIAN_POINT('',(3.041640180332,-1.9));
#12131 = CARTESIAN_POINT('',(3.008655741718,-1.9));
#12132 = CARTESIAN_POINT('',(2.976012274507,-1.9));
#12133 = CARTESIAN_POINT('',(2.943787076097,-1.9));
#12134 = CARTESIAN_POINT('',(2.912045153085,-1.9));
#12135 = CARTESIAN_POINT('',(2.860812451984,-1.9));
#12136 = CARTESIAN_POINT('',(2.840998738912,-1.9));
#12137 = CARTESIAN_POINT('',(2.821407723131,-1.9));
#12138 = CARTESIAN_POINT('',(2.802044961328,-1.9));
#12139 = CARTESIAN_POINT('',(2.782913423532,-1.9));
#12140 = CARTESIAN_POINT('',(2.764013748765,-1.9));
#12141 = CARTESIAN_POINT('',(2.7453445007,-1.9));
#12142 = CARTESIAN_POINT('',(2.653692932895,-1.9));
#12143 = CARTESIAN_POINT('',(2.58431136263,-1.9));
#12144 = CARTESIAN_POINT('',(2.518117235146,-1.9));
#12145 = CARTESIAN_POINT('',(2.454768700107,-1.9));
#12146 = CARTESIAN_POINT('',(2.393924940948,-1.9));
#12147 = CARTESIAN_POINT('',(2.335272759398,-1.9));
#12148 = CARTESIAN_POINT('',(2.278447717286,-1.9));
#12149 = CARTESIAN_POINT('',(2.223018768528,-1.9));
#12150 = ( GEOMETRIC_REPRESENTATION_CONTEXT(2) 
PARAMETRIC_REPRESENTATION_CONTEXT() REPRESENTATION_CONTEXT('2D SPACE',''
  ) );
#12151 = ORIENTED_EDGE('',*,*,#12152,.T.);
#12152 = EDGE_CURVE('',#12070,#7651,#12153,.T.);
#12153 = SURFACE_CURVE('',#12154,(#12158,#12165),.PCURVE_S1.);
#12154 = LINE('',#12155,#12156);
#12155 = CARTESIAN_POINT('',(1.9,-28.99948452238,3.233459118601));
#12156 = VECTOR('',#12157,1.);
#12157 = DIRECTION('',(0.,-0.866025403784,-0.5));
#12158 = PCURVE('',#7734,#12159);
#12159 = DEFINITIONAL_REPRESENTATION('',(#12160),#12164);
#12160 = LINE('',#12161,#12162);
#12161 = CARTESIAN_POINT('',(-2.2,3.));
#12162 = VECTOR('',#12163,1.);
#12163 = DIRECTION('',(0.,-1.));
#12164 = ( GEOMETRIC_REPRESENTATION_CONTEXT(2) 
PARAMETRIC_REPRESENTATION_CONTEXT() REPRESENTATION_CONTEXT('2D SPACE',''
  ) );
#12165 = PCURVE('',#7666,#12166);
#12166 = DEFINITIONAL_REPRESENTATION('',(#12167),#12171);
#12167 = LINE('',#12168,#12169);
#12168 = CARTESIAN_POINT('',(3.,-1.9));
#12169 = VECTOR('',#12170,1.);
#12170 = DIRECTION('',(1.,0.));
#12171 = ( GEOMETRIC_REPRESENTATION_CONTEXT(2) 
PARAMETRIC_REPRESENTATION_CONTEXT() REPRESENTATION_CONTEXT('2D SPACE',''
  ) );
#12172 = ORIENTED_EDGE('',*,*,#7678,.F.);
#12173 = ORIENTED_EDGE('',*,*,#11995,.T.);
#12174 = ORIENTED_EDGE('',*,*,#12175,.T.);
#12175 = EDGE_CURVE('',#11996,#12176,#12178,.T.);
#12176 = VERTEX_POINT('',#12177);
#12177 = CARTESIAN_POINT('',(1.9,-36.55985618096,-7.135966293227));
#12178 = SURFACE_CURVE('',#12179,(#12183,#12190),.PCURVE_S1.);
#12179 = LINE('',#12180,#12181);
#12180 = CARTESIAN_POINT('',(1.9,-38.11680823558,-8.034872981078));
#12181 = VECTOR('',#12182,1.);
#12182 = DIRECTION('',(0.,0.866025403784,0.5));
#12183 = PCURVE('',#7734,#12184);
#12184 = DEFINITIONAL_REPRESENTATION('',(#12185),#12189);
#12185 = LINE('',#12186,#12187);
#12186 = CARTESIAN_POINT('',(3.,-10.53));
#12187 = VECTOR('',#12188,1.);
#12188 = DIRECTION('',(0.,1.));
#12189 = ( GEOMETRIC_REPRESENTATION_CONTEXT(2) 
PARAMETRIC_REPRESENTATION_CONTEXT() REPRESENTATION_CONTEXT('2D SPACE',''
  ) );
#12190 = PCURVE('',#11664,#12191);
#12191 = DEFINITIONAL_REPRESENTATION('',(#12192),#12196);
#12192 = LINE('',#12193,#12194);
#12193 = CARTESIAN_POINT('',(0.,0.));
#12194 = VECTOR('',#12195,1.);
#12195 = DIRECTION('',(1.,0.));
#12196 = ( GEOMETRIC_REPRESENTATION_CONTEXT(2) 
PARAMETRIC_REPRESENTATION_CONTEXT() REPRESENTATION_CONTEXT('2D SPACE',''
  ) );
#12197 = ORIENTED_EDGE('',*,*,#12198,.T.);
#12198 = EDGE_CURVE('',#12176,#12199,#12201,.T.);
#12199 = VERTEX_POINT('',#12200);
#12200 = CARTESIAN_POINT('',(1.9,-35.69371315644,-3.171796769724));
#12201 = SURFACE_CURVE('',#12202,(#12225,#12251),.PCURVE_S1.);
#12202 = B_SPLINE_CURVE_WITH_KNOTS('',6,(#12203,#12204,#12205,#12206,
    #12207,#12208,#12209,#12210,#12211,#12212,#12213,#12214,#12215,
    #12216,#12217,#12218,#12219,#12220,#12221,#12222,#12223,#12224),
  .UNSPECIFIED.,.F.,.F.,(7,5,5,5,7),(0.,0.337782905588,0.620842547574,
    0.792498210747,1.),.UNSPECIFIED.);
#12203 = CARTESIAN_POINT('',(1.9,-36.55985618096,-7.135966293227));
#12204 = CARTESIAN_POINT('',(1.9,-36.60526867588,-6.895527301459));
#12205 = CARTESIAN_POINT('',(1.9,-36.6438221823,-6.653987156384));
#12206 = CARTESIAN_POINT('',(1.9,-36.67485354467,-6.411399246567));
#12207 = CARTESIAN_POINT('',(1.9,-36.69745509853,-6.167997141764));
#12208 = CARTESIAN_POINT('',(1.9,-36.71049048325,-5.924193737954));
#12209 = CARTESIAN_POINT('',(1.9,-36.71374656291,-5.476415423464));
#12210 = CARTESIAN_POINT('',(1.9,-36.70731872175,-5.272535563548));
#12211 = CARTESIAN_POINT('',(1.9,-36.69200432604,-5.069123213791));
#12212 = CARTESIAN_POINT('',(1.9,-36.66647970252,-4.866863799256));
#12213 = CARTESIAN_POINT('',(1.9,-36.629140203,-4.666921521396));
#12214 = CARTESIAN_POINT('',(1.9,-36.54657452717,-4.352214777653));
#12215 = CARTESIAN_POINT('',(1.9,-36.51025292197,-4.234962705665));
#12216 = CARTESIAN_POINT('',(1.9,-36.46828995857,-4.119656577048));
#12217 = CARTESIAN_POINT('',(1.9,-36.42015730009,-4.006923680854));
#12218 = CARTESIAN_POINT('',(1.9,-36.36531957386,-3.897610686998));
#12219 = CARTESIAN_POINT('',(1.9,-36.22843345534,-3.665951187523));
#12220 = CARTESIAN_POINT('',(1.9,-36.14300838543,-3.545503195207));
#12221 = CARTESIAN_POINT('',(1.9,-36.04648737682,-3.433582019587));
#12222 = CARTESIAN_POINT('',(1.9,-35.93872982336,-3.332615389231));
#12223 = CARTESIAN_POINT('',(1.9,-35.82037728783,-3.244926340076));
#12224 = CARTESIAN_POINT('',(1.9,-35.69371315644,-3.171796769724));
#12225 = PCURVE('',#7734,#12226);
#12226 = DEFINITIONAL_REPRESENTATION('',(#12227),#12250);
#12227 = B_SPLINE_CURVE_WITH_KNOTS('',6,(#12228,#12229,#12230,#12231,
    #12232,#12233,#12234,#12235,#12236,#12237,#12238,#12239,#12240,
    #12241,#12242,#12243,#12244,#12245,#12246,#12247,#12248,#12249),
  .UNSPECIFIED.,.F.,.F.,(7,5,5,5,7),(0.,0.337782905588,0.620842547574,
    0.792498210747,1.),.UNSPECIFIED.);
#12228 = CARTESIAN_POINT('',(3.,-8.732186624299));
#12229 = CARTESIAN_POINT('',(2.769067477611,-8.65129550266));
#12230 = CARTESIAN_POINT('',(2.540610822731,-8.563913746089));
#12231 = CARTESIAN_POINT('',(2.315007848995,-8.469493739306));
#12232 = CARTESIAN_POINT('',(2.09291466597,-8.367366206713));
#12233 = CARTESIAN_POINT('',(1.875257032379,-8.256753479127));
#12234 = CARTESIAN_POINT('',(1.485841596938,-8.035684169583));
#12235 = CARTESIAN_POINT('',(1.312490379511,-7.928177565889));
#12236 = CARTESIAN_POINT('',(1.143987315033,-7.813208735281));
#12237 = CARTESIAN_POINT('',(0.981587835653,-7.689974055621));
#12238 = CARTESIAN_POINT('',(0.827102493496,-7.55766596154));
#12239 = CARTESIAN_POINT('',(0.595841296584,-7.328808616925));
#12240 = CARTESIAN_POINT('',(0.512458826199,-7.238727148118));
#12241 = CARTESIAN_POINT('',(0.433582271305,-7.144733091487));
#12242 = CARTESIAN_POINT('',(0.3600190486,-7.046682538392));
#12243 = CARTESIAN_POINT('',(0.292770082071,-6.944535177464));
#12244 = CARTESIAN_POINT('',(0.160590129757,-6.710158571663));
#12245 = CARTESIAN_POINT('',(9.899164353086E-02,-6.575954294845));
#12246 = CARTESIAN_POINT('',(5.03255665274E-02,-6.43640406158));
#12247 = CARTESIAN_POINT('',(1.676467643591E-02,-6.292599967654));
#12248 = CARTESIAN_POINT('',(0.,-6.146259140703));
#12249 = CARTESIAN_POINT('',(1.7763568394E-15,-6.));
#12250 = ( GEOMETRIC_REPRESENTATION_CONTEXT(2) 
PARAMETRIC_REPRESENTATION_CONTEXT() REPRESENTATION_CONTEXT('2D SPACE',''
  ) );
#12251 = PCURVE('',#8488,#12252);
#12252 = DEFINITIONAL_REPRESENTATION('',(#12253),#12276);
#12253 = B_SPLINE_CURVE_WITH_KNOTS('',6,(#12254,#12255,#12256,#12257,
    #12258,#12259,#12260,#12261,#12262,#12263,#12264,#12265,#12266,
    #12267,#12268,#12269,#12270,#12271,#12272,#12273,#12274,#12275),
  .UNSPECIFIED.,.F.,.F.,(7,5,5,5,7),(0.,0.337782905588,0.620842547574,
    0.792498210747,1.),.UNSPECIFIED.);
#12254 = CARTESIAN_POINT('',(4.037257447448,-3.9));
#12255 = CARTESIAN_POINT('',(4.000278648984,-3.9));
#12256 = CARTESIAN_POINT('',(3.96238230548,-3.9));
#12257 = CARTESIAN_POINT('',(3.923417092099,-3.9));
#12258 = CARTESIAN_POINT('',(3.883211942788,-3.9));
#12259 = CARTESIAN_POINT('',(3.841571498437,-3.9));
#12260 = CARTESIAN_POINT('',(3.761828379232,-3.9));
#12261 = CARTESIAN_POINT('',(3.724271547754,-3.9));
#12262 = CARTESIAN_POINT('',(3.685309945102,-3.9));
#12263 = CARTESIAN_POINT('',(3.644740329595,-3.9));
#12264 = CARTESIAN_POINT('',(3.602357838744,-3.9));
#12265 = CARTESIAN_POINT('',(3.530865054059,-3.9));
#12266 = CARTESIAN_POINT('',(3.503110909543,-3.9));
#12267 = CARTESIAN_POINT('',(3.474526640714,-3.9));
#12268 = CARTESIAN_POINT('',(3.445070255123,-3.9));
#12269 = CARTESIAN_POINT('',(3.414721365284,-3.9));
#12270 = CARTESIAN_POINT('',(3.345748400891,-3.9));
#12271 = CARTESIAN_POINT('',(3.306676360161,-3.9));
#12272 = CARTESIAN_POINT('',(3.266411216192,-3.9));
#12273 = CARTESIAN_POINT('',(3.225192558943,-3.9));
#12274 = CARTESIAN_POINT('',(3.183380979505,-3.9));
#12275 = CARTESIAN_POINT('',(3.14159265359,-3.9));
#12276 = ( GEOMETRIC_REPRESENTATION_CONTEXT(2) 
PARAMETRIC_REPRESENTATION_CONTEXT() REPRESENTATION_CONTEXT('2D SPACE',''
  ) );
#12277 = ORIENTED_EDGE('',*,*,#12278,.F.);
#12278 = EDGE_CURVE('',#12279,#12199,#12281,.T.);
#12279 = VERTEX_POINT('',#12280);
#12280 = CARTESIAN_POINT('',(1.9,-31.4501886779,-0.721796769724));
#12281 = SURFACE_CURVE('',#12282,(#12286,#12293),.PCURVE_S1.);
#12282 = LINE('',#12283,#12284);
#12283 = CARTESIAN_POINT('',(1.9,-27.89948452238,1.328203230276));
#12284 = VECTOR('',#12285,1.);
#12285 = DIRECTION('',(0.,-0.866025403784,-0.5));
#12286 = PCURVE('',#7734,#12287);
#12287 = DEFINITIONAL_REPRESENTATION('',(#12288),#12292);
#12288 = LINE('',#12289,#12290);
#12289 = CARTESIAN_POINT('',(-1.110223024625E-15,3.));
#12290 = VECTOR('',#12291,1.);
#12291 = DIRECTION('',(0.,-1.));
#12292 = ( GEOMETRIC_REPRESENTATION_CONTEXT(2) 
PARAMETRIC_REPRESENTATION_CONTEXT() REPRESENTATION_CONTEXT('2D SPACE',''
  ) );
#12293 = PCURVE('',#8554,#12294);
#12294 = DEFINITIONAL_REPRESENTATION('',(#12295),#12299);
#12295 = LINE('',#12296,#12297);
#12296 = CARTESIAN_POINT('',(3.,-3.9));
#12297 = VECTOR('',#12298,1.);
#12298 = DIRECTION('',(1.,0.));
#12299 = ( GEOMETRIC_REPRESENTATION_CONTEXT(2) 
PARAMETRIC_REPRESENTATION_CONTEXT() REPRESENTATION_CONTEXT('2D SPACE',''
  ) );
#12300 = ORIENTED_EDGE('',*,*,#12301,.T.);
#12301 = EDGE_CURVE('',#12279,#12302,#12304,.T.);
#12302 = VERTEX_POINT('',#12303);
#12303 = CARTESIAN_POINT('',(1.9,-32.0501886779,0.317433714817));
#12304 = SURFACE_CURVE('',#12305,(#12309,#12316),.PCURVE_S1.);
#12305 = LINE('',#12306,#12307);
#12306 = CARTESIAN_POINT('',(1.9,-31.7501886779,-0.202181527454));
#12307 = VECTOR('',#12308,1.);
#12308 = DIRECTION('',(0.,-0.5,0.866025403784));
#12309 = PCURVE('',#7734,#12310);
#12310 = DEFINITIONAL_REPRESENTATION('',(#12311),#12315);
#12311 = LINE('',#12312,#12313);
#12312 = CARTESIAN_POINT('',(-0.6,-1.1));
#12313 = VECTOR('',#12314,1.);
#12314 = DIRECTION('',(-1.,0.));
#12315 = ( GEOMETRIC_REPRESENTATION_CONTEXT(2) 
PARAMETRIC_REPRESENTATION_CONTEXT() REPRESENTATION_CONTEXT('2D SPACE',''
  ) );
#12316 = PCURVE('',#8582,#12317);
#12317 = DEFINITIONAL_REPRESENTATION('',(#12318),#12322);
#12318 = LINE('',#12319,#12320);
#12319 = CARTESIAN_POINT('',(0.6,1.9));
#12320 = VECTOR('',#12321,1.);
#12321 = DIRECTION('',(-1.,0.));
#12322 = ( GEOMETRIC_REPRESENTATION_CONTEXT(2) 
PARAMETRIC_REPRESENTATION_CONTEXT() REPRESENTATION_CONTEXT('2D SPACE',''
  ) );
#12323 = ORIENTED_EDGE('',*,*,#12324,.F.);
#12324 = EDGE_CURVE('',#12325,#12302,#12327,.T.);
#12325 = VERTEX_POINT('',#12326);
#12326 = CARTESIAN_POINT('',(1.9,-30.14493278957,1.417433714817));
#12327 = SURFACE_CURVE('',#12328,(#12332,#12339),.PCURVE_S1.);
#12328 = LINE('',#12329,#12330);
#12329 = CARTESIAN_POINT('',(1.9,-30.62124676165,1.142433714817));
#12330 = VECTOR('',#12331,1.);
#12331 = DIRECTION('',(0.,-0.866025403784,-0.5));
#12332 = PCURVE('',#7734,#12333);
#12333 = DEFINITIONAL_REPRESENTATION('',(#12334),#12338);
#12334 = LINE('',#12335,#12336);
#12335 = CARTESIAN_POINT('',(-1.2,0.55));
#12336 = VECTOR('',#12337,1.);
#12337 = DIRECTION('',(0.,-1.));
#12338 = ( GEOMETRIC_REPRESENTATION_CONTEXT(2) 
PARAMETRIC_REPRESENTATION_CONTEXT() REPRESENTATION_CONTEXT('2D SPACE',''
  ) );
#12339 = PCURVE('',#8610,#12340);
#12340 = DEFINITIONAL_REPRESENTATION('',(#12341),#12345);
#12341 = LINE('',#12342,#12343);
#12342 = CARTESIAN_POINT('',(1.9,0.55));
#12343 = VECTOR('',#12344,1.);
#12344 = DIRECTION('',(0.,1.));
#12345 = ( GEOMETRIC_REPRESENTATION_CONTEXT(2) 
PARAMETRIC_REPRESENTATION_CONTEXT() REPRESENTATION_CONTEXT('2D SPACE',''
  ) );
#12346 = ORIENTED_EDGE('',*,*,#12347,.F.);
#12347 = EDGE_CURVE('',#12348,#12325,#12350,.T.);
#12348 = VERTEX_POINT('',#12349);
#12349 = CARTESIAN_POINT('',(1.9,-29.54493278957,0.378203230276));
#12350 = SURFACE_CURVE('',#12351,(#12355,#12362),.PCURVE_S1.);
#12351 = LINE('',#12352,#12353);
#12352 = CARTESIAN_POINT('',(1.9,-29.84493278957,0.897818472546));
#12353 = VECTOR('',#12354,1.);
#12354 = DIRECTION('',(0.,-0.5,0.866025403784));
#12355 = PCURVE('',#7734,#12356);
#12356 = DEFINITIONAL_REPRESENTATION('',(#12357),#12361);
#12357 = LINE('',#12358,#12359);
#12358 = CARTESIAN_POINT('',(-0.6,1.1));
#12359 = VECTOR('',#12360,1.);
#12360 = DIRECTION('',(-1.,0.));
#12361 = ( GEOMETRIC_REPRESENTATION_CONTEXT(2) 
PARAMETRIC_REPRESENTATION_CONTEXT() REPRESENTATION_CONTEXT('2D SPACE',''
  ) );
#12362 = PCURVE('',#8638,#12363);
#12363 = DEFINITIONAL_REPRESENTATION('',(#12364),#12368);
#12364 = LINE('',#12365,#12366);
#12365 = CARTESIAN_POINT('',(0.6,1.9));
#12366 = VECTOR('',#12367,1.);
#12367 = DIRECTION('',(-1.,0.));
#12368 = ( GEOMETRIC_REPRESENTATION_CONTEXT(2) 
PARAMETRIC_REPRESENTATION_CONTEXT() REPRESENTATION_CONTEXT('2D SPACE',''
  ) );
#12369 = ORIENTED_EDGE('',*,*,#12370,.F.);
#12370 = EDGE_CURVE('',#12371,#12348,#12373,.T.);
#12371 = VERTEX_POINT('',#12372);
#12372 = CARTESIAN_POINT('',(1.9,-25.30140831103,2.828203230276));
#12373 = SURFACE_CURVE('',#12374,(#12378,#12385),.PCURVE_S1.);
#12374 = LINE('',#12375,#12376);
#12375 = CARTESIAN_POINT('',(1.9,-27.89948452238,1.328203230276));
#12376 = VECTOR('',#12377,1.);
#12377 = DIRECTION('',(0.,-0.866025403784,-0.5));
#12378 = PCURVE('',#7734,#12379);
#12379 = DEFINITIONAL_REPRESENTATION('',(#12380),#12384);
#12380 = LINE('',#12381,#12382);
#12381 = CARTESIAN_POINT('',(-1.110223024625E-15,3.));
#12382 = VECTOR('',#12383,1.);
#12383 = DIRECTION('',(0.,-1.));
#12384 = ( GEOMETRIC_REPRESENTATION_CONTEXT(2) 
PARAMETRIC_REPRESENTATION_CONTEXT() REPRESENTATION_CONTEXT('2D SPACE',''
  ) );
#12385 = PCURVE('',#8666,#12386);
#12386 = DEFINITIONAL_REPRESENTATION('',(#12387),#12391);
#12387 = LINE('',#12388,#12389);
#12388 = CARTESIAN_POINT('',(3.,-3.9));
#12389 = VECTOR('',#12390,1.);
#12390 = DIRECTION('',(1.,0.));
#12391 = ( GEOMETRIC_REPRESENTATION_CONTEXT(2) 
PARAMETRIC_REPRESENTATION_CONTEXT() REPRESENTATION_CONTEXT('2D SPACE',''
  ) );
#12392 = ORIENTED_EDGE('',*,*,#12393,.T.);
#12393 = EDGE_CURVE('',#12371,#12394,#12396,.T.);
#12394 = VERTEX_POINT('',#12395);
#12395 = CARTESIAN_POINT('',(1.9,-21.4352652865,1.596220331072));
#12396 = SURFACE_CURVE('',#12397,(#12425,#12456),.PCURVE_S1.);
#12397 = B_SPLINE_CURVE_WITH_KNOTS('',6,(#12398,#12399,#12400,#12401,
    #12402,#12403,#12404,#12405,#12406,#12407,#12408,#12409,#12410,
    #12411,#12412,#12413,#12414,#12415,#12416,#12417,#12418,#12419,
    #12420,#12421,#12422,#12423,#12424),.UNSPECIFIED.,.F.,.F.,(7,5,5,5,5
    ,7),(0.,0.179093933348,0.301853997553,0.546282957023,0.8420071473,1.
    ),.UNSPECIFIED.);
#12398 = CARTESIAN_POINT('',(1.9,-25.30140831103,2.828203230276));
#12399 = CARTESIAN_POINT('',(1.9,-25.19211328514,2.891304742891));
#12400 = CARTESIAN_POINT('',(1.9,-25.07652504122,2.943626839671));
#12401 = CARTESIAN_POINT('',(1.9,-24.95606900984,2.984321659464));
#12402 = CARTESIAN_POINT('',(1.9,-24.83224266203,3.013589864307));
#12403 = CARTESIAN_POINT('',(1.9,-24.70643057905,3.03214072771));
#12404 = CARTESIAN_POINT('',(1.9,-24.49303874927,3.046956331102));
#12405 = CARTESIAN_POINT('',(1.9,-24.40583145998,3.048398657083));
#12406 = CARTESIAN_POINT('',(1.9,-24.31851043479,3.0455630923));
#12407 = CARTESIAN_POINT('',(1.9,-24.23131996591,3.038779530212));
#12408 = CARTESIAN_POINT('',(1.9,-24.14443884465,3.028371611866));
#12409 = CARTESIAN_POINT('',(1.9,-23.88583219181,2.987255983791));
#12410 = CARTESIAN_POINT('',(1.9,-23.71548028282,2.946673591869));
#12411 = CARTESIAN_POINT('',(1.9,-23.54764592069,2.895157781948));
#12412 = CARTESIAN_POINT('',(1.9,-23.38275359867,2.834502494855));
#12413 = CARTESIAN_POINT('',(1.9,-23.22091944064,2.76609593074));
#12414 = CARTESIAN_POINT('',(1.9,-22.86965482868,2.599866859098));
#12415 = CARTESIAN_POINT('',(1.9,-22.68172745814,2.498964144585));
#12416 = CARTESIAN_POINT('',(1.9,-22.49803020836,2.389936659738));
#12417 = CARTESIAN_POINT('',(1.9,-22.3184607691,2.274009094009));
#12418 = CARTESIAN_POINT('',(1.9,-22.14283812702,2.152115363442));
#12419 = CARTESIAN_POINT('',(1.9,-21.87905520095,1.956908183346));
#12420 = CARTESIAN_POINT('',(1.9,-21.78826812713,1.887419240203));
#12421 = CARTESIAN_POINT('',(1.9,-21.69852009393,1.8165213137));
#12422 = CARTESIAN_POINT('',(1.9,-21.60978598779,1.744305080751));
#12423 = CARTESIAN_POINT('',(1.9,-21.52204222152,1.670848797583));
#12424 = CARTESIAN_POINT('',(1.9,-21.4352652865,1.596220331072));
#12425 = PCURVE('',#7734,#12426);
#12426 = DEFINITIONAL_REPRESENTATION('',(#12427),#12455);
#12427 = B_SPLINE_CURVE_WITH_KNOTS('',6,(#12428,#12429,#12430,#12431,
    #12432,#12433,#12434,#12435,#12436,#12437,#12438,#12439,#12440,
    #12441,#12442,#12443,#12444,#12445,#12446,#12447,#12448,#12449,
    #12450,#12451,#12452,#12453,#12454),.UNSPECIFIED.,.F.,.F.,(7,5,5,5,5
    ,7),(0.,0.179093933348,0.301853997553,0.546282957023,0.8420071473,1.
    ),.UNSPECIFIED.);
#12428 = CARTESIAN_POINT('',(0.,6.));
#12429 = CARTESIAN_POINT('',(-1.7763568394E-15,6.126203025231));
#12430 = CARTESIAN_POINT('',(1.248185696867E-02,6.252466429234));
#12431 = CARTESIAN_POINT('',(3.746712491578E-02,6.377131822344));
#12432 = CARTESIAN_POINT('',(7.403328990586E-02,6.499002687632));
#12433 = CARTESIAN_POINT('',(0.120873812425,6.617234579295));
#12434 = CARTESIAN_POINT('',(0.214739038408,6.809445126544));
#12435 = CARTESIAN_POINT('',(0.257093592109,6.885690017448));
#12436 = CARTESIAN_POINT('',(0.303209775842,6.959894461159));
#12437 = CARTESIAN_POINT('',(0.352679747378,7.032011841132));
#12438 = CARTESIAN_POINT('',(0.405133829699,7.102049140086));
#12439 = CARTESIAN_POINT('',(0.570044334524,7.305451256994));
#12440 = CARTESIAN_POINT('',(0.690365671371,7.432689141802));
#12441 = CARTESIAN_POINT('',(0.818896852524,7.552280058075));
#12442 = CARTESIAN_POINT('',(0.953872033029,7.664753354285));
#12443 = CARTESIAN_POINT('',(1.094030934352,7.770702564278));
#12444 = CARTESIAN_POINT('',(1.413621839221,7.991792105865));
#12445 = CARTESIAN_POINT('',(1.594969838569,8.10409062556));
#12446 = CARTESIAN_POINT('',(1.781239035047,8.208663368052));
#12447 = CARTESIAN_POINT('',(1.9714199716,8.306211281334));
#12448 = CARTESIAN_POINT('',(2.164794359873,8.397358085571));
#12449 = CARTESIAN_POINT('',(2.465740199869,8.528197210579));
#12450 = CARTESIAN_POINT('',(2.571312926824,8.572076651273));
#12451 = CARTESIAN_POINT('',(2.677586348851,8.614351764713));
#12452 = CARTESIAN_POINT('',(2.784494494222,8.655089638338));
#12453 = CARTESIAN_POINT('',(2.891981384649,8.694349827372));
#12454 = CARTESIAN_POINT('',(3.,8.732186624299));
#12455 = ( GEOMETRIC_REPRESENTATION_CONTEXT(2) 
PARAMETRIC_REPRESENTATION_CONTEXT() REPRESENTATION_CONTEXT('2D SPACE',''
  ) );
#12456 = PCURVE('',#8776,#12457);
#12457 = DEFINITIONAL_REPRESENTATION('',(#12458),#12486);
#12458 = B_SPLINE_CURVE_WITH_KNOTS('',6,(#12459,#12460,#12461,#12462,
    #12463,#12464,#12465,#12466,#12467,#12468,#12469,#12470,#12471,
    #12472,#12473,#12474,#12475,#12476,#12477,#12478,#12479,#12480,
    #12481,#12482,#12483,#12484,#12485),.UNSPECIFIED.,.F.,.F.,(7,5,5,5,5
    ,7),(0.,0.179093933348,0.301853997553,0.546282957023,0.8420071473,1.
    ),.UNSPECIFIED.);
#12459 = CARTESIAN_POINT('',(3.14159265359,-3.9));
#12460 = CARTESIAN_POINT('',(3.105534646381,-3.9));
#12461 = CARTESIAN_POINT('',(3.069459414672,-3.9));
#12462 = CARTESIAN_POINT('',(3.033756213915,-3.9));
#12463 = CARTESIAN_POINT('',(2.998682744562,-3.9));
#12464 = CARTESIAN_POINT('',(2.964424460884,-3.9));
#12465 = CARTESIAN_POINT('',(2.908267745897,-3.9));
#12466 = CARTESIAN_POINT('',(2.88585813365,-3.9));
#12467 = CARTESIAN_POINT('',(2.863898864349,-3.9));
#12468 = CARTESIAN_POINT('',(2.842396442908,-3.9));
#12469 = CARTESIAN_POINT('',(2.821345113745,-3.9));
#12470 = CARTESIAN_POINT('',(2.759682566006,-3.9));
#12471 = CARTESIAN_POINT('',(2.72039247927,-3.9));
#12472 = CARTESIAN_POINT('',(2.682694129191,-3.9));
#12473 = CARTESIAN_POINT('',(2.646446910915,-3.9));
#12474 = CARTESIAN_POINT('',(2.611498249212,-3.9));
#12475 = CARTESIAN_POINT('',(2.536757607437,-3.9));
#12476 = CARTESIAN_POINT('',(2.497523760102,-3.9));
#12477 = CARTESIAN_POINT('',(2.459703749553,-3.9));
#12478 = CARTESIAN_POINT('',(2.423121586095,-3.9));
#12479 = CARTESIAN_POINT('',(2.387619366254,-3.9));
#12480 = CARTESIAN_POINT('',(2.334585504003,-3.9));
#12481 = CARTESIAN_POINT('',(2.316387739954,-3.9));
#12482 = CARTESIAN_POINT('',(2.298439630357,-3.9));
#12483 = CARTESIAN_POINT('',(2.280723790779,-3.9));
#12484 = CARTESIAN_POINT('',(2.263224681185,-3.9));
#12485 = CARTESIAN_POINT('',(2.245927859732,-3.9));
#12486 = ( GEOMETRIC_REPRESENTATION_CONTEXT(2) 
PARAMETRIC_REPRESENTATION_CONTEXT() REPRESENTATION_CONTEXT('2D SPACE',''
  ) );
#12487 = ORIENTED_EDGE('',*,*,#12488,.T.);
#12488 = EDGE_CURVE('',#12394,#12045,#12489,.T.);
#12489 = SURFACE_CURVE('',#12490,(#12494,#12501),.PCURVE_S1.);
#12490 = LINE('',#12491,#12492);
#12491 = CARTESIAN_POINT('',(1.9,-38.11680823558,-8.034872981078));
#12492 = VECTOR('',#12493,1.);
#12493 = DIRECTION('',(0.,0.866025403784,0.5));
#12494 = PCURVE('',#7734,#12495);
#12495 = DEFINITIONAL_REPRESENTATION('',(#12496),#12500);
#12496 = LINE('',#12497,#12498);
#12497 = CARTESIAN_POINT('',(3.,-10.53));
#12498 = VECTOR('',#12499,1.);
#12499 = DIRECTION('',(0.,1.));
#12500 = ( GEOMETRIC_REPRESENTATION_CONTEXT(2) 
PARAMETRIC_REPRESENTATION_CONTEXT() REPRESENTATION_CONTEXT('2D SPACE',''
  ) );
#12501 = PCURVE('',#11980,#12502);
#12502 = DEFINITIONAL_REPRESENTATION('',(#12503),#12507);
#12503 = LINE('',#12504,#12505);
#12504 = CARTESIAN_POINT('',(0.,0.));
#12505 = VECTOR('',#12506,1.);
#12506 = DIRECTION('',(1.,0.));
#12507 = ( GEOMETRIC_REPRESENTATION_CONTEXT(2) 
PARAMETRIC_REPRESENTATION_CONTEXT() REPRESENTATION_CONTEXT('2D SPACE',''
  ) );
#12508 = ADVANCED_FACE('',(#12509),#7666,.F.);
#12509 = FACE_BOUND('',#12510,.F.);
#12510 = EDGE_LOOP('',(#12511,#12512,#12533,#12534));
#12511 = ORIENTED_EDGE('',*,*,#8355,.F.);
#12512 = ORIENTED_EDGE('',*,*,#12513,.T.);
#12513 = EDGE_CURVE('',#8356,#12070,#12514,.T.);
#12514 = SURFACE_CURVE('',#12515,(#12519,#12526),.PCURVE_S1.);
#12515 = LINE('',#12516,#12517);
#12516 = CARTESIAN_POINT('',(0.,-26.40140831103,4.733459118601));
#12517 = VECTOR('',#12518,1.);
#12518 = DIRECTION('',(1.,0.,0.));
#12519 = PCURVE('',#7666,#12520);
#12520 = DEFINITIONAL_REPRESENTATION('',(#12521),#12525);
#12521 = LINE('',#12522,#12523);
#12522 = CARTESIAN_POINT('',(0.,0.));
#12523 = VECTOR('',#12524,1.);
#12524 = DIRECTION('',(0.,-1.));
#12525 = ( GEOMETRIC_REPRESENTATION_CONTEXT(2) 
PARAMETRIC_REPRESENTATION_CONTEXT() REPRESENTATION_CONTEXT('2D SPACE',''
  ) );
#12526 = PCURVE('',#8875,#12527);
#12527 = DEFINITIONAL_REPRESENTATION('',(#12528),#12532);
#12528 = LINE('',#12529,#12530);
#12529 = CARTESIAN_POINT('',(3.14159265359,0.));
#12530 = VECTOR('',#12531,1.);
#12531 = DIRECTION('',(0.,-1.));
#12532 = ( GEOMETRIC_REPRESENTATION_CONTEXT(2) 
PARAMETRIC_REPRESENTATION_CONTEXT() REPRESENTATION_CONTEXT('2D SPACE',''
  ) );
#12533 = ORIENTED_EDGE('',*,*,#12152,.T.);
#12534 = ORIENTED_EDGE('',*,*,#7650,.F.);
#12535 = ADVANCED_FACE('',(#12536),#8875,.F.);
#12536 = FACE_BOUND('',#12537,.F.);
#12537 = EDGE_LOOP('',(#12538,#12539,#12562,#12602,#12636,#12676,#12699,
    #12739,#12776,#12816,#12837,#12838,#12839,#12840,#12870,#12871,
    #12872,#12873,#12903,#12904));
#12538 = ORIENTED_EDGE('',*,*,#8860,.F.);
#12539 = ORIENTED_EDGE('',*,*,#12540,.T.);
#12540 = EDGE_CURVE('',#8833,#12541,#12543,.T.);
#12541 = VERTEX_POINT('',#12542);
#12542 = CARTESIAN_POINT('',(6.1,-16.36506350946,-1.25));
#12543 = SURFACE_CURVE('',#12544,(#12548,#12555),.PCURVE_S1.);
#12544 = LINE('',#12545,#12546);
#12545 = CARTESIAN_POINT('',(0.,-16.36506350946,-1.25));
#12546 = VECTOR('',#12547,1.);
#12547 = DIRECTION('',(1.,0.,0.));
#12548 = PCURVE('',#8875,#12549);
#12549 = DEFINITIONAL_REPRESENTATION('',(#12550),#12554);
#12550 = LINE('',#12551,#12552);
#12551 = CARTESIAN_POINT('',(1.570796326795,0.));
#12552 = VECTOR('',#12553,1.);
#12553 = DIRECTION('',(0.,-1.));
#12554 = ( GEOMETRIC_REPRESENTATION_CONTEXT(2) 
PARAMETRIC_REPRESENTATION_CONTEXT() REPRESENTATION_CONTEXT('2D SPACE',''
  ) );
#12555 = PCURVE('',#8848,#12556);
#12556 = DEFINITIONAL_REPRESENTATION('',(#12557),#12561);
#12557 = LINE('',#12558,#12559);
#12558 = CARTESIAN_POINT('',(72.,60.3));
#12559 = VECTOR('',#12560,1.);
#12560 = DIRECTION('',(1.,0.));
#12561 = ( GEOMETRIC_REPRESENTATION_CONTEXT(2) 
PARAMETRIC_REPRESENTATION_CONTEXT() REPRESENTATION_CONTEXT('2D SPACE',''
  ) );
#12562 = ORIENTED_EDGE('',*,*,#12563,.F.);
#12563 = EDGE_CURVE('',#12564,#12541,#12566,.T.);
#12564 = VERTEX_POINT('',#12565);
#12565 = CARTESIAN_POINT('',(6.1,-17.19935806361,6.205808741334E-02));
#12566 = SURFACE_CURVE('',#12567,(#12575,#12586),.PCURVE_S1.);
#12567 = B_SPLINE_CURVE_WITH_KNOTS('',6,(#12568,#12569,#12570,#12571,
    #12572,#12573,#12574),.UNSPECIFIED.,.F.,.F.,(7,7),(0.,1.),
  .PIECEWISE_BEZIER_KNOTS.);
#12568 = CARTESIAN_POINT('',(6.1,-18.08340187026,1.222018499967));
#12569 = CARTESIAN_POINT('',(6.1,-17.76217991665,0.835893802089));
#12570 = CARTESIAN_POINT('',(6.1,-17.45491358584,0.438111869188));
#12571 = CARTESIAN_POINT('',(6.1,-17.16144870326,2.981331903374E-02));
#12572 = CARTESIAN_POINT('',(6.1,-16.88184488944,-0.388099986061));
#12573 = CARTESIAN_POINT('',(6.1,-16.61627511211,-0.814888740757));
#12574 = CARTESIAN_POINT('',(6.1,-16.36506350946,-1.25));
#12575 = PCURVE('',#8875,#12576);
#12576 = DEFINITIONAL_REPRESENTATION('',(#12577),#12585);
#12577 = B_SPLINE_CURVE_WITH_KNOTS('',6,(#12578,#12579,#12580,#12581,
    #12582,#12583,#12584),.UNSPECIFIED.,.F.,.F.,(7,7),(0.,1.),
  .PIECEWISE_BEZIER_KNOTS.);
#12578 = CARTESIAN_POINT('',(1.869328546558,-6.1));
#12579 = CARTESIAN_POINT('',(1.818552816519,-6.1));
#12580 = CARTESIAN_POINT('',(1.768409205739,-6.1));
#12581 = CARTESIAN_POINT('',(1.718711704577,-6.1));
#12582 = CARTESIAN_POINT('',(1.669307906175,-6.1));
#12583 = CARTESIAN_POINT('',(1.620053503785,-6.1));
#12584 = CARTESIAN_POINT('',(1.570796326795,-6.1));
#12585 = ( GEOMETRIC_REPRESENTATION_CONTEXT(2) 
PARAMETRIC_REPRESENTATION_CONTEXT() REPRESENTATION_CONTEXT('2D SPACE',''
  ) );
#12586 = PCURVE('',#12587,#12592);
#12587 = PLANE('',#12588);
#12588 = AXIS2_PLACEMENT_3D('',#12589,#12590,#12591);
#12589 = CARTESIAN_POINT('',(6.1,-14.2,8.881784197001E-16));
#12590 = DIRECTION('',(1.,0.,0.));
#12591 = DIRECTION('',(0.,0.5,-0.866025403784));
#12592 = DEFINITIONAL_REPRESENTATION('',(#12593),#12601);
#12593 = B_SPLINE_CURVE_WITH_KNOTS('',6,(#12594,#12595,#12596,#12597,
    #12598,#12599,#12600),.UNSPECIFIED.,.F.,.F.,(7,7),(0.,1.),
  .PIECEWISE_BEZIER_KNOTS.);
#12594 = CARTESIAN_POINT('',(-3.,-2.752115422774));
#12595 = CARTESIAN_POINT('',(-2.504995225802,-2.666991399629));
#12596 = CARTESIAN_POINT('',(-2.006872801338,-2.59978191787));
#12597 = CARTESIAN_POINT('',(-1.506543443289,-2.549783149518));
#12598 = CARTESIAN_POINT('',(-1.004817997584,-2.516595796298));
#12599 = CARTESIAN_POINT('',(-0.502423205302,-2.5));
#12600 = CARTESIAN_POINT('',(1.7763568394E-15,-2.5));
#12601 = ( GEOMETRIC_REPRESENTATION_CONTEXT(2) 
PARAMETRIC_REPRESENTATION_CONTEXT() REPRESENTATION_CONTEXT('2D SPACE',''
  ) );
#12602 = ORIENTED_EDGE('',*,*,#12603,.F.);
#12603 = EDGE_CURVE('',#12604,#12564,#12606,.T.);
#12604 = VERTEX_POINT('',#12605);
#12605 = CARTESIAN_POINT('',(9.7,-17.19935806361,6.205808741334E-02));
#12606 = SURFACE_CURVE('',#12607,(#12613,#12622),.PCURVE_S1.);
#12607 = B_SPLINE_CURVE_WITH_KNOTS('',4,(#12608,#12609,#12610,#12611,
    #12612),.UNSPECIFIED.,.F.,.F.,(5,5),(0.,1.),
  .PIECEWISE_BEZIER_KNOTS.);
#12608 = CARTESIAN_POINT('',(9.7000006,-17.19935806361,
    6.205808741334E-02));
#12609 = CARTESIAN_POINT('',(8.8000003,-17.19935806361,
    6.205808741334E-02));
#12610 = CARTESIAN_POINT('',(7.9,-17.19935806361,6.205808741333E-02));
#12611 = CARTESIAN_POINT('',(6.9999997,-17.19935806361,
    6.205808741334E-02));
#12612 = CARTESIAN_POINT('',(6.0999994,-17.19935806361,
    6.205808741334E-02));
#12613 = PCURVE('',#8875,#12614);
#12614 = DEFINITIONAL_REPRESENTATION('',(#12615),#12621);
#12615 = B_SPLINE_CURVE_WITH_KNOTS('',4,(#12616,#12617,#12618,#12619,
    #12620),.UNSPECIFIED.,.F.,.F.,(5,5),(0.,1.),
  .PIECEWISE_BEZIER_KNOTS.);
#12616 = CARTESIAN_POINT('',(1.723687653342,-9.7000006));
#12617 = CARTESIAN_POINT('',(1.723687653342,-8.8000003));
#12618 = CARTESIAN_POINT('',(1.723687653342,-7.9));
#12619 = CARTESIAN_POINT('',(1.723687653342,-6.9999997));
#12620 = CARTESIAN_POINT('',(1.723687653342,-6.0999994));
#12621 = ( GEOMETRIC_REPRESENTATION_CONTEXT(2) 
PARAMETRIC_REPRESENTATION_CONTEXT() REPRESENTATION_CONTEXT('2D SPACE',''
  ) );
#12622 = PCURVE('',#12623,#12628);
#12623 = CYLINDRICAL_SURFACE('',#12624,3.);
#12624 = AXIS2_PLACEMENT_3D('',#12625,#12626,#12627);
#12625 = CARTESIAN_POINT('',(6.1,-14.2,0.));
#12626 = DIRECTION('',(-1.,0.,0.));
#12627 = DIRECTION('',(0.,-0.866025403784,-0.5));
#12628 = DEFINITIONAL_REPRESENTATION('',(#12629),#12635);
#12629 = B_SPLINE_CURVE_WITH_KNOTS('',4,(#12630,#12631,#12632,#12633,
    #12634),.UNSPECIFIED.,.F.,.F.,(5,5),(0.,1.),
  .PIECEWISE_BEZIER_KNOTS.);
#12630 = CARTESIAN_POINT('',(-5.73889902686,-3.6000006));
#12631 = CARTESIAN_POINT('',(-5.73889902686,-2.7000003));
#12632 = CARTESIAN_POINT('',(-5.73889902686,-1.8));
#12633 = CARTESIAN_POINT('',(-5.73889902686,-0.8999997));
#12634 = CARTESIAN_POINT('',(-5.73889902686,5.999999999062E-07));
#12635 = ( GEOMETRIC_REPRESENTATION_CONTEXT(2) 
PARAMETRIC_REPRESENTATION_CONTEXT() REPRESENTATION_CONTEXT('2D SPACE',''
  ) );
#12636 = ORIENTED_EDGE('',*,*,#12637,.T.);
#12637 = EDGE_CURVE('',#12604,#12638,#12640,.T.);
#12638 = VERTEX_POINT('',#12639);
#12639 = CARTESIAN_POINT('',(9.7,-16.36506350946,-1.25));
#12640 = SURFACE_CURVE('',#12641,(#12649,#12660),.PCURVE_S1.);
#12641 = B_SPLINE_CURVE_WITH_KNOTS('',6,(#12642,#12643,#12644,#12645,
    #12646,#12647,#12648),.UNSPECIFIED.,.F.,.F.,(7,7),(0.,1.),
  .PIECEWISE_BEZIER_KNOTS.);
#12642 = CARTESIAN_POINT('',(9.7,-18.08340187026,1.222018499967));
#12643 = CARTESIAN_POINT('',(9.7,-17.76217991665,0.835893802089));
#12644 = CARTESIAN_POINT('',(9.7,-17.45491358584,0.438111869188));
#12645 = CARTESIAN_POINT('',(9.7,-17.16144870326,2.981331903374E-02));
#12646 = CARTESIAN_POINT('',(9.7,-16.88184488944,-0.388099986061));
#12647 = CARTESIAN_POINT('',(9.7,-16.61627511211,-0.814888740757));
#12648 = CARTESIAN_POINT('',(9.7,-16.36506350946,-1.25));
#12649 = PCURVE('',#8875,#12650);
#12650 = DEFINITIONAL_REPRESENTATION('',(#12651),#12659);
#12651 = B_SPLINE_CURVE_WITH_KNOTS('',6,(#12652,#12653,#12654,#12655,
    #12656,#12657,#12658),.UNSPECIFIED.,.F.,.F.,(7,7),(0.,1.),
  .PIECEWISE_BEZIER_KNOTS.);
#12652 = CARTESIAN_POINT('',(1.869328546558,-9.7));
#12653 = CARTESIAN_POINT('',(1.818552816519,-9.7));
#12654 = CARTESIAN_POINT('',(1.768409205739,-9.7));
#12655 = CARTESIAN_POINT('',(1.718711704577,-9.7));
#12656 = CARTESIAN_POINT('',(1.669307906175,-9.7));
#12657 = CARTESIAN_POINT('',(1.620053503785,-9.7));
#12658 = CARTESIAN_POINT('',(1.570796326795,-9.7));
#12659 = ( GEOMETRIC_REPRESENTATION_CONTEXT(2) 
PARAMETRIC_REPRESENTATION_CONTEXT() REPRESENTATION_CONTEXT('2D SPACE',''
  ) );
#12660 = PCURVE('',#12661,#12666);
#12661 = PLANE('',#12662);
#12662 = AXIS2_PLACEMENT_3D('',#12663,#12664,#12665);
#12663 = CARTESIAN_POINT('',(9.7,-14.2,8.881784197001E-16));
#12664 = DIRECTION('',(1.,0.,0.));
#12665 = DIRECTION('',(0.,0.5,-0.866025403784));
#12666 = DEFINITIONAL_REPRESENTATION('',(#12667),#12675);
#12667 = B_SPLINE_CURVE_WITH_KNOTS('',6,(#12668,#12669,#12670,#12671,
    #12672,#12673,#12674),.UNSPECIFIED.,.F.,.F.,(7,7),(0.,1.),
  .PIECEWISE_BEZIER_KNOTS.);
#12668 = CARTESIAN_POINT('',(-3.,-2.752115422774));
#12669 = CARTESIAN_POINT('',(-2.504995225802,-2.666991399629));
#12670 = CARTESIAN_POINT('',(-2.006872801338,-2.59978191787));
#12671 = CARTESIAN_POINT('',(-1.506543443289,-2.549783149518));
#12672 = CARTESIAN_POINT('',(-1.004817997584,-2.516595796298));
#12673 = CARTESIAN_POINT('',(-0.502423205302,-2.5));
#12674 = CARTESIAN_POINT('',(1.7763568394E-15,-2.5));
#12675 = ( GEOMETRIC_REPRESENTATION_CONTEXT(2) 
PARAMETRIC_REPRESENTATION_CONTEXT() REPRESENTATION_CONTEXT('2D SPACE',''
  ) );
#12676 = ORIENTED_EDGE('',*,*,#12677,.T.);
#12677 = EDGE_CURVE('',#12638,#12678,#12680,.T.);
#12678 = VERTEX_POINT('',#12679);
#12679 = CARTESIAN_POINT('',(14.3,-16.36506350946,-1.25));
#12680 = SURFACE_CURVE('',#12681,(#12685,#12692),.PCURVE_S1.);
#12681 = LINE('',#12682,#12683);
#12682 = CARTESIAN_POINT('',(0.,-16.36506350946,-1.25));
#12683 = VECTOR('',#12684,1.);
#12684 = DIRECTION('',(1.,0.,0.));
#12685 = PCURVE('',#8875,#12686);
#12686 = DEFINITIONAL_REPRESENTATION('',(#12687),#12691);
#12687 = LINE('',#12688,#12689);
#12688 = CARTESIAN_POINT('',(1.570796326795,0.));
#12689 = VECTOR('',#12690,1.);
#12690 = DIRECTION('',(0.,-1.));
#12691 = ( GEOMETRIC_REPRESENTATION_CONTEXT(2) 
PARAMETRIC_REPRESENTATION_CONTEXT() REPRESENTATION_CONTEXT('2D SPACE',''
  ) );
#12692 = PCURVE('',#8848,#12693);
#12693 = DEFINITIONAL_REPRESENTATION('',(#12694),#12698);
#12694 = LINE('',#12695,#12696);
#12695 = CARTESIAN_POINT('',(72.,60.3));
#12696 = VECTOR('',#12697,1.);
#12697 = DIRECTION('',(1.,0.));
#12698 = ( GEOMETRIC_REPRESENTATION_CONTEXT(2) 
PARAMETRIC_REPRESENTATION_CONTEXT() REPRESENTATION_CONTEXT('2D SPACE',''
  ) );
#12699 = ORIENTED_EDGE('',*,*,#12700,.F.);
#12700 = EDGE_CURVE('',#12701,#12678,#12703,.T.);
#12701 = VERTEX_POINT('',#12702);
#12702 = CARTESIAN_POINT('',(14.3,-17.19935806361,6.205808741334E-02));
#12703 = SURFACE_CURVE('',#12704,(#12712,#12723),.PCURVE_S1.);
#12704 = B_SPLINE_CURVE_WITH_KNOTS('',6,(#12705,#12706,#12707,#12708,
    #12709,#12710,#12711),.UNSPECIFIED.,.F.,.F.,(7,7),(0.,1.),
  .PIECEWISE_BEZIER_KNOTS.);
#12705 = CARTESIAN_POINT('',(14.3,-18.08340187026,1.222018499967));
#12706 = CARTESIAN_POINT('',(14.3,-17.76217991665,0.835893802089));
#12707 = CARTESIAN_POINT('',(14.3,-17.45491358584,0.438111869188));
#12708 = CARTESIAN_POINT('',(14.3,-17.16144870326,2.981331903374E-02));
#12709 = CARTESIAN_POINT('',(14.3,-16.88184488944,-0.388099986061));
#12710 = CARTESIAN_POINT('',(14.3,-16.61627511211,-0.814888740757));
#12711 = CARTESIAN_POINT('',(14.3,-16.36506350946,-1.25));
#12712 = PCURVE('',#8875,#12713);
#12713 = DEFINITIONAL_REPRESENTATION('',(#12714),#12722);
#12714 = B_SPLINE_CURVE_WITH_KNOTS('',6,(#12715,#12716,#12717,#12718,
    #12719,#12720,#12721),.UNSPECIFIED.,.F.,.F.,(7,7),(0.,1.),
  .PIECEWISE_BEZIER_KNOTS.);
#12715 = CARTESIAN_POINT('',(1.869328546558,-14.3));
#12716 = CARTESIAN_POINT('',(1.818552816519,-14.3));
#12717 = CARTESIAN_POINT('',(1.768409205739,-14.3));
#12718 = CARTESIAN_POINT('',(1.718711704577,-14.3));
#12719 = CARTESIAN_POINT('',(1.669307906175,-14.3));
#12720 = CARTESIAN_POINT('',(1.620053503785,-14.3));
#12721 = CARTESIAN_POINT('',(1.570796326795,-14.3));
#12722 = ( GEOMETRIC_REPRESENTATION_CONTEXT(2) 
PARAMETRIC_REPRESENTATION_CONTEXT() REPRESENTATION_CONTEXT('2D SPACE',''
  ) );
#12723 = PCURVE('',#12724,#12729);
#12724 = PLANE('',#12725);
#12725 = AXIS2_PLACEMENT_3D('',#12726,#12727,#12728);
#12726 = CARTESIAN_POINT('',(14.3,-14.2,8.881784197001E-16));
#12727 = DIRECTION('',(1.,0.,0.));
#12728 = DIRECTION('',(0.,0.5,-0.866025403784));
#12729 = DEFINITIONAL_REPRESENTATION('',(#12730),#12738);
#12730 = B_SPLINE_CURVE_WITH_KNOTS('',6,(#12731,#12732,#12733,#12734,
    #12735,#12736,#12737),.UNSPECIFIED.,.F.,.F.,(7,7),(0.,1.),
  .PIECEWISE_BEZIER_KNOTS.);
#12731 = CARTESIAN_POINT('',(-3.,-2.752115422774));
#12732 = CARTESIAN_POINT('',(-2.504995225802,-2.666991399629));
#12733 = CARTESIAN_POINT('',(-2.006872801338,-2.59978191787));
#12734 = CARTESIAN_POINT('',(-1.506543443289,-2.549783149518));
#12735 = CARTESIAN_POINT('',(-1.004817997584,-2.516595796298));
#12736 = CARTESIAN_POINT('',(-0.502423205302,-2.5));
#12737 = CARTESIAN_POINT('',(1.7763568394E-15,-2.5));
#12738 = ( GEOMETRIC_REPRESENTATION_CONTEXT(2) 
PARAMETRIC_REPRESENTATION_CONTEXT() REPRESENTATION_CONTEXT('2D SPACE',''
  ) );
#12739 = ORIENTED_EDGE('',*,*,#12740,.F.);
#12740 = EDGE_CURVE('',#12741,#12701,#12743,.T.);
#12741 = VERTEX_POINT('',#12742);
#12742 = CARTESIAN_POINT('',(17.9,-17.19935806361,6.205808741334E-02));
#12743 = SURFACE_CURVE('',#12744,(#12751,#12761),.PCURVE_S1.);
#12744 = B_SPLINE_CURVE_WITH_KNOTS('',5,(#12745,#12746,#12747,#12748,
    #12749,#12750),.UNSPECIFIED.,.F.,.F.,(6,6),(0.,1.),
  .PIECEWISE_BEZIER_KNOTS.);
#12745 = CARTESIAN_POINT('',(17.9000006,-17.19935806361,
    6.205808741334E-02));
#12746 = CARTESIAN_POINT('',(17.254926997062,-17.19935806361,
    6.205808741334E-02));
#12747 = CARTESIAN_POINT('',(16.506294871219,-17.19935806361,
    6.205808741333E-02));
#12748 = CARTESIAN_POINT('',(15.69127104746,-17.19935806361,
    6.205808741333E-02));
#12749 = CARTESIAN_POINT('',(14.903536835992,-17.19935806361,
    6.205808741334E-02));
#12750 = CARTESIAN_POINT('',(14.2999994,-17.19935806361,
    6.205808741334E-02));
#12751 = PCURVE('',#8875,#12752);
#12752 = DEFINITIONAL_REPRESENTATION('',(#12753),#12760);
#12753 = B_SPLINE_CURVE_WITH_KNOTS('',5,(#12754,#12755,#12756,#12757,
    #12758,#12759),.UNSPECIFIED.,.F.,.F.,(6,6),(0.,1.),
  .PIECEWISE_BEZIER_KNOTS.);
#12754 = CARTESIAN_POINT('',(1.723687653342,-17.9000006));
#12755 = CARTESIAN_POINT('',(1.723687653342,-17.25492699706));
#12756 = CARTESIAN_POINT('',(1.723687653342,-16.50629487121));
#12757 = CARTESIAN_POINT('',(1.723687653342,-15.69127104746));
#12758 = CARTESIAN_POINT('',(1.723687653342,-14.90353683599));
#12759 = CARTESIAN_POINT('',(1.723687653342,-14.2999994));
#12760 = ( GEOMETRIC_REPRESENTATION_CONTEXT(2) 
PARAMETRIC_REPRESENTATION_CONTEXT() REPRESENTATION_CONTEXT('2D SPACE',''
  ) );
#12761 = PCURVE('',#12762,#12767);
#12762 = CYLINDRICAL_SURFACE('',#12763,3.);
#12763 = AXIS2_PLACEMENT_3D('',#12764,#12765,#12766);
#12764 = CARTESIAN_POINT('',(14.3,-14.2,0.));
#12765 = DIRECTION('',(-1.,0.,0.));
#12766 = DIRECTION('',(0.,-0.866025403784,-0.5));
#12767 = DEFINITIONAL_REPRESENTATION('',(#12768),#12775);
#12768 = B_SPLINE_CURVE_WITH_KNOTS('',5,(#12769,#12770,#12771,#12772,
    #12773,#12774),.UNSPECIFIED.,.F.,.F.,(6,6),(0.,1.),
  .PIECEWISE_BEZIER_KNOTS.);
#12769 = CARTESIAN_POINT('',(-5.73889902686,-3.6000006));
#12770 = CARTESIAN_POINT('',(-5.73889902686,-2.954926997062));
#12771 = CARTESIAN_POINT('',(-5.73889902686,-2.206294871219));
#12772 = CARTESIAN_POINT('',(-5.73889902686,-1.39127104746));
#12773 = CARTESIAN_POINT('',(-5.73889902686,-0.603536835992));
#12774 = CARTESIAN_POINT('',(-5.73889902686,5.999999999062E-07));
#12775 = ( GEOMETRIC_REPRESENTATION_CONTEXT(2) 
PARAMETRIC_REPRESENTATION_CONTEXT() REPRESENTATION_CONTEXT('2D SPACE',''
  ) );
#12776 = ORIENTED_EDGE('',*,*,#12777,.T.);
#12777 = EDGE_CURVE('',#12741,#12778,#12780,.T.);
#12778 = VERTEX_POINT('',#12779);
#12779 = CARTESIAN_POINT('',(17.9,-16.36506350946,-1.25));
#12780 = SURFACE_CURVE('',#12781,(#12789,#12800),.PCURVE_S1.);
#12781 = B_SPLINE_CURVE_WITH_KNOTS('',6,(#12782,#12783,#12784,#12785,
    #12786,#12787,#12788),.UNSPECIFIED.,.F.,.F.,(7,7),(0.,1.),
  .PIECEWISE_BEZIER_KNOTS.);
#12782 = CARTESIAN_POINT('',(17.9,-18.08340187026,1.222018499967));
#12783 = CARTESIAN_POINT('',(17.9,-17.76217991665,0.835893802089));
#12784 = CARTESIAN_POINT('',(17.9,-17.45491358584,0.438111869188));
#12785 = CARTESIAN_POINT('',(17.9,-17.16144870326,2.981331903374E-02));
#12786 = CARTESIAN_POINT('',(17.9,-16.88184488944,-0.388099986061));
#12787 = CARTESIAN_POINT('',(17.9,-16.61627511211,-0.814888740757));
#12788 = CARTESIAN_POINT('',(17.9,-16.36506350946,-1.25));
#12789 = PCURVE('',#8875,#12790);
#12790 = DEFINITIONAL_REPRESENTATION('',(#12791),#12799);
#12791 = B_SPLINE_CURVE_WITH_KNOTS('',6,(#12792,#12793,#12794,#12795,
    #12796,#12797,#12798),.UNSPECIFIED.,.F.,.F.,(7,7),(0.,1.),
  .PIECEWISE_BEZIER_KNOTS.);
#12792 = CARTESIAN_POINT('',(1.869328546558,-17.9));
#12793 = CARTESIAN_POINT('',(1.818552816519,-17.9));
#12794 = CARTESIAN_POINT('',(1.768409205739,-17.9));
#12795 = CARTESIAN_POINT('',(1.718711704577,-17.9));
#12796 = CARTESIAN_POINT('',(1.669307906175,-17.9));
#12797 = CARTESIAN_POINT('',(1.620053503785,-17.9));
#12798 = CARTESIAN_POINT('',(1.570796326795,-17.9));
#12799 = ( GEOMETRIC_REPRESENTATION_CONTEXT(2) 
PARAMETRIC_REPRESENTATION_CONTEXT() REPRESENTATION_CONTEXT('2D SPACE',''
  ) );
#12800 = PCURVE('',#12801,#12806);
#12801 = PLANE('',#12802);
#12802 = AXIS2_PLACEMENT_3D('',#12803,#12804,#12805);
#12803 = CARTESIAN_POINT('',(17.9,-14.2,8.881784197001E-16));
#12804 = DIRECTION('',(1.,0.,0.));
#12805 = DIRECTION('',(0.,0.5,-0.866025403784));
#12806 = DEFINITIONAL_REPRESENTATION('',(#12807),#12815);
#12807 = B_SPLINE_CURVE_WITH_KNOTS('',6,(#12808,#12809,#12810,#12811,
    #12812,#12813,#12814),.UNSPECIFIED.,.F.,.F.,(7,7),(0.,1.),
  .PIECEWISE_BEZIER_KNOTS.);
#12808 = CARTESIAN_POINT('',(-3.,-2.752115422774));
#12809 = CARTESIAN_POINT('',(-2.504995225802,-2.666991399629));
#12810 = CARTESIAN_POINT('',(-2.006872801338,-2.59978191787));
#12811 = CARTESIAN_POINT('',(-1.506543443289,-2.549783149518));
#12812 = CARTESIAN_POINT('',(-1.004817997584,-2.516595796298));
#12813 = CARTESIAN_POINT('',(-0.502423205302,-2.5));
#12814 = CARTESIAN_POINT('',(1.7763568394E-15,-2.5));
#12815 = ( GEOMETRIC_REPRESENTATION_CONTEXT(2) 
PARAMETRIC_REPRESENTATION_CONTEXT() REPRESENTATION_CONTEXT('2D SPACE',''
  ) );
#12816 = ORIENTED_EDGE('',*,*,#12817,.T.);
#12817 = EDGE_CURVE('',#12778,#10411,#12818,.T.);
#12818 = SURFACE_CURVE('',#12819,(#12823,#12830),.PCURVE_S1.);
#12819 = LINE('',#12820,#12821);
#12820 = CARTESIAN_POINT('',(0.,-16.36506350946,-1.25));
#12821 = VECTOR('',#12822,1.);
#12822 = DIRECTION('',(1.,0.,0.));
#12823 = PCURVE('',#8875,#12824);
#12824 = DEFINITIONAL_REPRESENTATION('',(#12825),#12829);
#12825 = LINE('',#12826,#12827);
#12826 = CARTESIAN_POINT('',(1.570796326795,0.));
#12827 = VECTOR('',#12828,1.);
#12828 = DIRECTION('',(0.,-1.));
#12829 = ( GEOMETRIC_REPRESENTATION_CONTEXT(2) 
PARAMETRIC_REPRESENTATION_CONTEXT() REPRESENTATION_CONTEXT('2D SPACE',''
  ) );
#12830 = PCURVE('',#8848,#12831);
#12831 = DEFINITIONAL_REPRESENTATION('',(#12832),#12836);
#12832 = LINE('',#12833,#12834);
#12833 = CARTESIAN_POINT('',(72.,60.3));
#12834 = VECTOR('',#12835,1.);
#12835 = DIRECTION('',(1.,0.));
#12836 = ( GEOMETRIC_REPRESENTATION_CONTEXT(2) 
PARAMETRIC_REPRESENTATION_CONTEXT() REPRESENTATION_CONTEXT('2D SPACE',''
  ) );
#12837 = ORIENTED_EDGE('',*,*,#10433,.T.);
#12838 = ORIENTED_EDGE('',*,*,#10504,.F.);
#12839 = ORIENTED_EDGE('',*,*,#10560,.T.);
#12840 = ORIENTED_EDGE('',*,*,#12841,.T.);
#12841 = EDGE_CURVE('',#10533,#10973,#12842,.T.);
#12842 = SURFACE_CURVE('',#12843,(#12850,#12860),.PCURVE_S1.);
#12843 = B_SPLINE_CURVE_WITH_KNOTS('',5,(#12844,#12845,#12846,#12847,
    #12848,#12849),.UNSPECIFIED.,.F.,.F.,(6,6),(0.,1.),
  .PIECEWISE_BEZIER_KNOTS.);
#12844 = CARTESIAN_POINT('',(22.1,-20.47377944561,3.52650475529));
#12845 = CARTESIAN_POINT('',(21.495424863061,-20.47377944561,
    3.52650475529));
#12846 = CARTESIAN_POINT('',(20.867396244205,-20.47377944561,
    3.52650475529));
#12847 = CARTESIAN_POINT('',(20.122666941681,-20.47377944561,
    3.52650475529));
#12848 = CARTESIAN_POINT('',(19.361098788763,-20.47377944561,
    3.52650475529));
#12849 = CARTESIAN_POINT('',(18.9,-20.47377944561,3.52650475529));
#12850 = PCURVE('',#8875,#12851);
#12851 = DEFINITIONAL_REPRESENTATION('',(#12852),#12859);
#12852 = B_SPLINE_CURVE_WITH_KNOTS('',5,(#12853,#12854,#12855,#12856,
    #12857,#12858),.UNSPECIFIED.,.F.,.F.,(6,6),(0.,1.),
  .PIECEWISE_BEZIER_KNOTS.);
#12853 = CARTESIAN_POINT('',(2.223018768528,-22.1));
#12854 = CARTESIAN_POINT('',(2.223018768528,-21.49542486306));
#12855 = CARTESIAN_POINT('',(2.223018768528,-20.8673962442));
#12856 = CARTESIAN_POINT('',(2.223018768528,-20.12266694168));
#12857 = CARTESIAN_POINT('',(2.223018768528,-19.36109878876));
#12858 = CARTESIAN_POINT('',(2.223018768528,-18.9));
#12859 = ( GEOMETRIC_REPRESENTATION_CONTEXT(2) 
PARAMETRIC_REPRESENTATION_CONTEXT() REPRESENTATION_CONTEXT('2D SPACE',''
  ) );
#12860 = PCURVE('',#10548,#12861);
#12861 = DEFINITIONAL_REPRESENTATION('',(#12862),#12869);
#12862 = B_SPLINE_CURVE_WITH_KNOTS('',5,(#12863,#12864,#12865,#12866,
    #12867,#12868),.UNSPECIFIED.,.F.,.F.,(6,6),(0.,1.),
  .PIECEWISE_BEZIER_KNOTS.);
#12863 = CARTESIAN_POINT('',(1.190932427456,-3.2));
#12864 = CARTESIAN_POINT('',(1.190932427456,-2.595424863061));
#12865 = CARTESIAN_POINT('',(1.190932427456,-1.967396244205));
#12866 = CARTESIAN_POINT('',(1.190932427456,-1.222666941681));
#12867 = CARTESIAN_POINT('',(1.190932427456,-0.461098788763));
#12868 = CARTESIAN_POINT('',(1.190932427456,0.));
#12869 = ( GEOMETRIC_REPRESENTATION_CONTEXT(2) 
PARAMETRIC_REPRESENTATION_CONTEXT() REPRESENTATION_CONTEXT('2D SPACE',''
  ) );
#12870 = ORIENTED_EDGE('',*,*,#10995,.F.);
#12871 = ORIENTED_EDGE('',*,*,#11486,.F.);
#12872 = ORIENTED_EDGE('',*,*,#11542,.T.);
#12873 = ORIENTED_EDGE('',*,*,#12874,.T.);
#12874 = EDGE_CURVE('',#11515,#12047,#12875,.T.);
#12875 = SURFACE_CURVE('',#12876,(#12883,#12893),.PCURVE_S1.);
#12876 = B_SPLINE_CURVE_WITH_KNOTS('',5,(#12877,#12878,#12879,#12880,
    #12881,#12882),.UNSPECIFIED.,.F.,.F.,(6,6),(0.,1.),
  .PIECEWISE_BEZIER_KNOTS.);
#12877 = CARTESIAN_POINT('',(5.1,-20.47377944561,3.52650475529));
#12878 = CARTESIAN_POINT('',(4.762975335832,-20.47377944561,
    3.52650475529));
#12879 = CARTESIAN_POINT('',(3.883888770222,-20.47377944561,
    3.52650475529));
#12880 = CARTESIAN_POINT('',(3.142854059808,-20.47377944561,
    3.52650475529));
#12881 = CARTESIAN_POINT('',(2.626800705069,-20.47377944561,
    3.52650475529));
#12882 = CARTESIAN_POINT('',(1.9,-20.47377944561,3.52650475529));
#12883 = PCURVE('',#8875,#12884);
#12884 = DEFINITIONAL_REPRESENTATION('',(#12885),#12892);
#12885 = B_SPLINE_CURVE_WITH_KNOTS('',5,(#12886,#12887,#12888,#12889,
    #12890,#12891),.UNSPECIFIED.,.F.,.F.,(6,6),(0.,1.),
  .PIECEWISE_BEZIER_KNOTS.);
#12886 = CARTESIAN_POINT('',(2.223018768528,-5.1));
#12887 = CARTESIAN_POINT('',(2.223018768528,-4.762975335832));
#12888 = CARTESIAN_POINT('',(2.223018768528,-3.883888770222));
#12889 = CARTESIAN_POINT('',(2.223018768528,-3.142854059808));
#12890 = CARTESIAN_POINT('',(2.223018768528,-2.626800705069));
#12891 = CARTESIAN_POINT('',(2.223018768528,-1.9));
#12892 = ( GEOMETRIC_REPRESENTATION_CONTEXT(2) 
PARAMETRIC_REPRESENTATION_CONTEXT() REPRESENTATION_CONTEXT('2D SPACE',''
  ) );
#12893 = PCURVE('',#11530,#12894);
#12894 = DEFINITIONAL_REPRESENTATION('',(#12895),#12902);
#12895 = B_SPLINE_CURVE_WITH_KNOTS('',5,(#12896,#12897,#12898,#12899,
    #12900,#12901),.UNSPECIFIED.,.F.,.F.,(6,6),(0.,1.),
  .PIECEWISE_BEZIER_KNOTS.);
#12896 = CARTESIAN_POINT('',(1.190932427456,-3.2));
#12897 = CARTESIAN_POINT('',(1.190932427456,-2.862975335832));
#12898 = CARTESIAN_POINT('',(1.190932427456,-1.983888770222));
#12899 = CARTESIAN_POINT('',(1.190932427456,-1.242854059808));
#12900 = CARTESIAN_POINT('',(1.190932427456,-0.726800705069));
#12901 = CARTESIAN_POINT('',(1.190932427456,0.));
#12902 = ( GEOMETRIC_REPRESENTATION_CONTEXT(2) 
PARAMETRIC_REPRESENTATION_CONTEXT() REPRESENTATION_CONTEXT('2D SPACE',''
  ) );
#12903 = ORIENTED_EDGE('',*,*,#12069,.F.);
#12904 = ORIENTED_EDGE('',*,*,#12513,.F.);
#12905 = ADVANCED_FACE('',(#12906),#8848,.T.);
#12906 = FACE_BOUND('',#12907,.T.);
#12907 = EDGE_LOOP('',(#12908,#12929,#12930,#12931,#12954,#12982,#13003,
    #13004,#13027,#13055,#13076,#13077));
#12908 = ORIENTED_EDGE('',*,*,#12909,.F.);
#12909 = EDGE_CURVE('',#8679,#10265,#12910,.T.);
#12910 = SURFACE_CURVE('',#12911,(#12915,#12922),.PCURVE_S1.);
#12911 = LINE('',#12912,#12913);
#12912 = CARTESIAN_POINT('',(-2.,-18.27031939778,-2.35));
#12913 = VECTOR('',#12914,1.);
#12914 = DIRECTION('',(1.,0.,0.));
#12915 = PCURVE('',#8848,#12916);
#12916 = DEFINITIONAL_REPRESENTATION('',(#12917),#12921);
#12917 = LINE('',#12918,#12919);
#12918 = CARTESIAN_POINT('',(70.,62.5));
#12919 = VECTOR('',#12920,1.);
#12920 = DIRECTION('',(1.,0.));
#12921 = ( GEOMETRIC_REPRESENTATION_CONTEXT(2) 
PARAMETRIC_REPRESENTATION_CONTEXT() REPRESENTATION_CONTEXT('2D SPACE',''
  ) );
#12922 = PCURVE('',#8776,#12923);
#12923 = DEFINITIONAL_REPRESENTATION('',(#12924),#12928);
#12924 = LINE('',#12925,#12926);
#12925 = CARTESIAN_POINT('',(1.570796326795,0.));
#12926 = VECTOR('',#12927,1.);
#12927 = DIRECTION('',(0.,-1.));
#12928 = ( GEOMETRIC_REPRESENTATION_CONTEXT(2) 
PARAMETRIC_REPRESENTATION_CONTEXT() REPRESENTATION_CONTEXT('2D SPACE',''
  ) );
#12929 = ORIENTED_EDGE('',*,*,#8832,.T.);
#12930 = ORIENTED_EDGE('',*,*,#12540,.T.);
#12931 = ORIENTED_EDGE('',*,*,#12932,.T.);
#12932 = EDGE_CURVE('',#12541,#12933,#12935,.T.);
#12933 = VERTEX_POINT('',#12934);
#12934 = CARTESIAN_POINT('',(6.1,-15.32583302492,-0.65));
#12935 = SURFACE_CURVE('',#12936,(#12940,#12947),.PCURVE_S1.);
#12936 = LINE('',#12937,#12938);
#12937 = CARTESIAN_POINT('',(6.1,10.82813416937,14.45));
#12938 = VECTOR('',#12939,1.);
#12939 = DIRECTION('',(0.,0.866025403784,0.5));
#12940 = PCURVE('',#8848,#12941);
#12941 = DEFINITIONAL_REPRESENTATION('',(#12942),#12946);
#12942 = LINE('',#12943,#12944);
#12943 = CARTESIAN_POINT('',(78.1,28.9));
#12944 = VECTOR('',#12945,1.);
#12945 = DIRECTION('',(0.,-1.));
#12946 = ( GEOMETRIC_REPRESENTATION_CONTEXT(2) 
PARAMETRIC_REPRESENTATION_CONTEXT() REPRESENTATION_CONTEXT('2D SPACE',''
  ) );
#12947 = PCURVE('',#12587,#12948);
#12948 = DEFINITIONAL_REPRESENTATION('',(#12949),#12953);
#12949 = LINE('',#12950,#12951);
#12950 = CARTESIAN_POINT('',(0.,28.9));
#12951 = VECTOR('',#12952,1.);
#12952 = DIRECTION('',(0.,1.));
#12953 = ( GEOMETRIC_REPRESENTATION_CONTEXT(2) 
PARAMETRIC_REPRESENTATION_CONTEXT() REPRESENTATION_CONTEXT('2D SPACE',''
  ) );
#12954 = ORIENTED_EDGE('',*,*,#12955,.T.);
#12955 = EDGE_CURVE('',#12933,#12956,#12958,.T.);
#12956 = VERTEX_POINT('',#12957);
#12957 = CARTESIAN_POINT('',(9.7,-15.32583302492,-0.65));
#12958 = SURFACE_CURVE('',#12959,(#12963,#12970),.PCURVE_S1.);
#12959 = LINE('',#12960,#12961);
#12960 = CARTESIAN_POINT('',(0.,-15.32583302492,-0.65));
#12961 = VECTOR('',#12962,1.);
#12962 = DIRECTION('',(1.,0.,0.));
#12963 = PCURVE('',#8848,#12964);
#12964 = DEFINITIONAL_REPRESENTATION('',(#12965),#12969);
#12965 = LINE('',#12966,#12967);
#12966 = CARTESIAN_POINT('',(72.,59.1));
#12967 = VECTOR('',#12968,1.);
#12968 = DIRECTION('',(1.,0.));
#12969 = ( GEOMETRIC_REPRESENTATION_CONTEXT(2) 
PARAMETRIC_REPRESENTATION_CONTEXT() REPRESENTATION_CONTEXT('2D SPACE',''
  ) );
#12970 = PCURVE('',#12971,#12976);
#12971 = CYLINDRICAL_SURFACE('',#12972,1.3);
#12972 = AXIS2_PLACEMENT_3D('',#12973,#12974,#12975);
#12973 = CARTESIAN_POINT('',(0.,-14.2,0.));
#12974 = DIRECTION('',(-1.,0.,0.));
#12975 = DIRECTION('',(0.,-0.866025403784,-0.5));
#12976 = DEFINITIONAL_REPRESENTATION('',(#12977),#12981);
#12977 = LINE('',#12978,#12979);
#12978 = CARTESIAN_POINT('',(-6.28318530718,0.));
#12979 = VECTOR('',#12980,1.);
#12980 = DIRECTION('',(-0.,-1.));
#12981 = ( GEOMETRIC_REPRESENTATION_CONTEXT(2) 
PARAMETRIC_REPRESENTATION_CONTEXT() REPRESENTATION_CONTEXT('2D SPACE',''
  ) );
#12982 = ORIENTED_EDGE('',*,*,#12983,.F.);
#12983 = EDGE_CURVE('',#12638,#12956,#12984,.T.);
#12984 = SURFACE_CURVE('',#12985,(#12989,#12996),.PCURVE_S1.);
#12985 = LINE('',#12986,#12987);
#12986 = CARTESIAN_POINT('',(9.7,10.82813416937,14.45));
#12987 = VECTOR('',#12988,1.);
#12988 = DIRECTION('',(0.,0.866025403784,0.5));
#12989 = PCURVE('',#8848,#12990);
#12990 = DEFINITIONAL_REPRESENTATION('',(#12991),#12995);
#12991 = LINE('',#12992,#12993);
#12992 = CARTESIAN_POINT('',(81.7,28.9));
#12993 = VECTOR('',#12994,1.);
#12994 = DIRECTION('',(0.,-1.));
#12995 = ( GEOMETRIC_REPRESENTATION_CONTEXT(2) 
PARAMETRIC_REPRESENTATION_CONTEXT() REPRESENTATION_CONTEXT('2D SPACE',''
  ) );
#12996 = PCURVE('',#12661,#12997);
#12997 = DEFINITIONAL_REPRESENTATION('',(#12998),#13002);
#12998 = LINE('',#12999,#13000);
#12999 = CARTESIAN_POINT('',(0.,28.9));
#13000 = VECTOR('',#13001,1.);
#13001 = DIRECTION('',(0.,1.));
#13002 = ( GEOMETRIC_REPRESENTATION_CONTEXT(2) 
PARAMETRIC_REPRESENTATION_CONTEXT() REPRESENTATION_CONTEXT('2D SPACE',''
  ) );
#13003 = ORIENTED_EDGE('',*,*,#12677,.T.);
#13004 = ORIENTED_EDGE('',*,*,#13005,.T.);
#13005 = EDGE_CURVE('',#12678,#13006,#13008,.T.);
#13006 = VERTEX_POINT('',#13007);
#13007 = CARTESIAN_POINT('',(14.3,-15.32583302492,-0.65));
#13008 = SURFACE_CURVE('',#13009,(#13013,#13020),.PCURVE_S1.);
#13009 = LINE('',#13010,#13011);
#13010 = CARTESIAN_POINT('',(14.3,10.82813416937,14.45));
#13011 = VECTOR('',#13012,1.);
#13012 = DIRECTION('',(0.,0.866025403784,0.5));
#13013 = PCURVE('',#8848,#13014);
#13014 = DEFINITIONAL_REPRESENTATION('',(#13015),#13019);
#13015 = LINE('',#13016,#13017);
#13016 = CARTESIAN_POINT('',(86.3,28.9));
#13017 = VECTOR('',#13018,1.);
#13018 = DIRECTION('',(0.,-1.));
#13019 = ( GEOMETRIC_REPRESENTATION_CONTEXT(2) 
PARAMETRIC_REPRESENTATION_CONTEXT() REPRESENTATION_CONTEXT('2D SPACE',''
  ) );
#13020 = PCURVE('',#12724,#13021);
#13021 = DEFINITIONAL_REPRESENTATION('',(#13022),#13026);
#13022 = LINE('',#13023,#13024);
#13023 = CARTESIAN_POINT('',(0.,28.9));
#13024 = VECTOR('',#13025,1.);
#13025 = DIRECTION('',(0.,1.));
#13026 = ( GEOMETRIC_REPRESENTATION_CONTEXT(2) 
PARAMETRIC_REPRESENTATION_CONTEXT() REPRESENTATION_CONTEXT('2D SPACE',''
  ) );
#13027 = ORIENTED_EDGE('',*,*,#13028,.T.);
#13028 = EDGE_CURVE('',#13006,#13029,#13031,.T.);
#13029 = VERTEX_POINT('',#13030);
#13030 = CARTESIAN_POINT('',(17.9,-15.32583302492,-0.65));
#13031 = SURFACE_CURVE('',#13032,(#13036,#13043),.PCURVE_S1.);
#13032 = LINE('',#13033,#13034);
#13033 = CARTESIAN_POINT('',(0.,-15.32583302492,-0.65));
#13034 = VECTOR('',#13035,1.);
#13035 = DIRECTION('',(1.,0.,0.));
#13036 = PCURVE('',#8848,#13037);
#13037 = DEFINITIONAL_REPRESENTATION('',(#13038),#13042);
#13038 = LINE('',#13039,#13040);
#13039 = CARTESIAN_POINT('',(72.,59.1));
#13040 = VECTOR('',#13041,1.);
#13041 = DIRECTION('',(1.,0.));
#13042 = ( GEOMETRIC_REPRESENTATION_CONTEXT(2) 
PARAMETRIC_REPRESENTATION_CONTEXT() REPRESENTATION_CONTEXT('2D SPACE',''
  ) );
#13043 = PCURVE('',#13044,#13049);
#13044 = CYLINDRICAL_SURFACE('',#13045,1.3);
#13045 = AXIS2_PLACEMENT_3D('',#13046,#13047,#13048);
#13046 = CARTESIAN_POINT('',(0.,-14.2,0.));
#13047 = DIRECTION('',(-1.,0.,0.));
#13048 = DIRECTION('',(0.,-0.866025403784,-0.5));
#13049 = DEFINITIONAL_REPRESENTATION('',(#13050),#13054);
#13050 = LINE('',#13051,#13052);
#13051 = CARTESIAN_POINT('',(-6.28318530718,0.));
#13052 = VECTOR('',#13053,1.);
#13053 = DIRECTION('',(-0.,-1.));
#13054 = ( GEOMETRIC_REPRESENTATION_CONTEXT(2) 
PARAMETRIC_REPRESENTATION_CONTEXT() REPRESENTATION_CONTEXT('2D SPACE',''
  ) );
#13055 = ORIENTED_EDGE('',*,*,#13056,.F.);
#13056 = EDGE_CURVE('',#12778,#13029,#13057,.T.);
#13057 = SURFACE_CURVE('',#13058,(#13062,#13069),.PCURVE_S1.);
#13058 = LINE('',#13059,#13060);
#13059 = CARTESIAN_POINT('',(17.9,10.82813416937,14.45));
#13060 = VECTOR('',#13061,1.);
#13061 = DIRECTION('',(0.,0.866025403784,0.5));
#13062 = PCURVE('',#8848,#13063);
#13063 = DEFINITIONAL_REPRESENTATION('',(#13064),#13068);
#13064 = LINE('',#13065,#13066);
#13065 = CARTESIAN_POINT('',(89.9,28.9));
#13066 = VECTOR('',#13067,1.);
#13067 = DIRECTION('',(0.,-1.));
#13068 = ( GEOMETRIC_REPRESENTATION_CONTEXT(2) 
PARAMETRIC_REPRESENTATION_CONTEXT() REPRESENTATION_CONTEXT('2D SPACE',''
  ) );
#13069 = PCURVE('',#12801,#13070);
#13070 = DEFINITIONAL_REPRESENTATION('',(#13071),#13075);
#13071 = LINE('',#13072,#13073);
#13072 = CARTESIAN_POINT('',(0.,28.9));
#13073 = VECTOR('',#13074,1.);
#13074 = DIRECTION('',(0.,1.));
#13075 = ( GEOMETRIC_REPRESENTATION_CONTEXT(2) 
PARAMETRIC_REPRESENTATION_CONTEXT() REPRESENTATION_CONTEXT('2D SPACE',''
  ) );
#13076 = ORIENTED_EDGE('',*,*,#12817,.T.);
#13077 = ORIENTED_EDGE('',*,*,#10410,.F.);
#13078 = ADVANCED_FACE('',(#13079),#8776,.T.);
#13079 = FACE_BOUND('',#13080,.T.);
#13080 = EDGE_LOOP('',(#13081,#13102,#13103,#13104,#13105,#13126,#13127,
    #13157,#13158,#13179,#13180,#13210));
#13081 = ORIENTED_EDGE('',*,*,#13082,.F.);
#13082 = EDGE_CURVE('',#8651,#12371,#13083,.T.);
#13083 = SURFACE_CURVE('',#13084,(#13088,#13095),.PCURVE_S1.);
#13084 = LINE('',#13085,#13086);
#13085 = CARTESIAN_POINT('',(-2.,-25.30140831103,2.828203230276));
#13086 = VECTOR('',#13087,1.);
#13087 = DIRECTION('',(1.,0.,0.));
#13088 = PCURVE('',#8776,#13089);
#13089 = DEFINITIONAL_REPRESENTATION('',(#13090),#13094);
#13090 = LINE('',#13091,#13092);
#13091 = CARTESIAN_POINT('',(3.14159265359,0.));
#13092 = VECTOR('',#13093,1.);
#13093 = DIRECTION('',(0.,-1.));
#13094 = ( GEOMETRIC_REPRESENTATION_CONTEXT(2) 
PARAMETRIC_REPRESENTATION_CONTEXT() REPRESENTATION_CONTEXT('2D SPACE',''
  ) );
#13095 = PCURVE('',#8666,#13096);
#13096 = DEFINITIONAL_REPRESENTATION('',(#13097),#13101);
#13097 = LINE('',#13098,#13099);
#13098 = CARTESIAN_POINT('',(0.,0.));
#13099 = VECTOR('',#13100,1.);
#13100 = DIRECTION('',(0.,-1.));
#13101 = ( GEOMETRIC_REPRESENTATION_CONTEXT(2) 
PARAMETRIC_REPRESENTATION_CONTEXT() REPRESENTATION_CONTEXT('2D SPACE',''
  ) );
#13102 = ORIENTED_EDGE('',*,*,#8678,.T.);
#13103 = ORIENTED_EDGE('',*,*,#12909,.T.);
#13104 = ORIENTED_EDGE('',*,*,#10264,.F.);
#13105 = ORIENTED_EDGE('',*,*,#13106,.F.);
#13106 = EDGE_CURVE('',#10775,#10237,#13107,.T.);
#13107 = SURFACE_CURVE('',#13108,(#13112,#13119),.PCURVE_S1.);
#13108 = LINE('',#13109,#13110);
#13109 = CARTESIAN_POINT('',(-2.,-25.30140831103,2.828203230276));
#13110 = VECTOR('',#13111,1.);
#13111 = DIRECTION('',(1.,0.,0.));
#13112 = PCURVE('',#8776,#13113);
#13113 = DEFINITIONAL_REPRESENTATION('',(#13114),#13118);
#13114 = LINE('',#13115,#13116);
#13115 = CARTESIAN_POINT('',(3.14159265359,0.));
#13116 = VECTOR('',#13117,1.);
#13117 = DIRECTION('',(0.,-1.));
#13118 = ( GEOMETRIC_REPRESENTATION_CONTEXT(2) 
PARAMETRIC_REPRESENTATION_CONTEXT() REPRESENTATION_CONTEXT('2D SPACE',''
  ) );
#13119 = PCURVE('',#10252,#13120);
#13120 = DEFINITIONAL_REPRESENTATION('',(#13121),#13125);
#13121 = LINE('',#13122,#13123);
#13122 = CARTESIAN_POINT('',(0.,0.));
#13123 = VECTOR('',#13124,1.);
#13124 = DIRECTION('',(0.,-1.));
#13125 = ( GEOMETRIC_REPRESENTATION_CONTEXT(2) 
PARAMETRIC_REPRESENTATION_CONTEXT() REPRESENTATION_CONTEXT('2D SPACE',''
  ) );
#13126 = ORIENTED_EDGE('',*,*,#10797,.T.);
#13127 = ORIENTED_EDGE('',*,*,#13128,.T.);
#13128 = EDGE_CURVE('',#10798,#11345,#13129,.T.);
#13129 = SURFACE_CURVE('',#13130,(#13137,#13147),.PCURVE_S1.);
#13130 = B_SPLINE_CURVE_WITH_KNOTS('',5,(#13131,#13132,#13133,#13134,
    #13135,#13136),.UNSPECIFIED.,.F.,.F.,(6,6),(0.,1.),
  .PIECEWISE_BEZIER_KNOTS.);
#13131 = CARTESIAN_POINT('',(22.1,-21.4352652865,1.596220331072));
#13132 = CARTESIAN_POINT('',(21.495424863061,-21.4352652865,
    1.596220331072));
#13133 = CARTESIAN_POINT('',(20.867396244205,-21.4352652865,
    1.596220331072));
#13134 = CARTESIAN_POINT('',(20.122666941681,-21.4352652865,
    1.596220331072));
#13135 = CARTESIAN_POINT('',(19.361098788763,-21.4352652865,
    1.596220331072));
#13136 = CARTESIAN_POINT('',(18.9,-21.4352652865,1.596220331072));
#13137 = PCURVE('',#8776,#13138);
#13138 = DEFINITIONAL_REPRESENTATION('',(#13139),#13146);
#13139 = B_SPLINE_CURVE_WITH_KNOTS('',5,(#13140,#13141,#13142,#13143,
    #13144,#13145),.UNSPECIFIED.,.F.,.F.,(6,6),(0.,1.),
  .PIECEWISE_BEZIER_KNOTS.);
#13140 = CARTESIAN_POINT('',(2.245927859732,-24.1));
#13141 = CARTESIAN_POINT('',(2.245927859732,-23.49542486306));
#13142 = CARTESIAN_POINT('',(2.245927859732,-22.8673962442));
#13143 = CARTESIAN_POINT('',(2.245927859732,-22.12266694168));
#13144 = CARTESIAN_POINT('',(2.245927859732,-21.36109878876));
#13145 = CARTESIAN_POINT('',(2.245927859732,-20.9));
#13146 = ( GEOMETRIC_REPRESENTATION_CONTEXT(2) 
PARAMETRIC_REPRESENTATION_CONTEXT() REPRESENTATION_CONTEXT('2D SPACE',''
  ) );
#13147 = PCURVE('',#10906,#13148);
#13148 = DEFINITIONAL_REPRESENTATION('',(#13149),#13156);
#13149 = B_SPLINE_CURVE_WITH_KNOTS('',5,(#13150,#13151,#13152,#13153,
    #13154,#13155),.UNSPECIFIED.,.F.,.F.,(6,6),(0.,1.),
  .PIECEWISE_BEZIER_KNOTS.);
#13150 = CARTESIAN_POINT('',(19.262186624299,-3.2));
#13151 = CARTESIAN_POINT('',(19.262186624299,-2.595424863061));
#13152 = CARTESIAN_POINT('',(19.262186624299,-1.967396244205));
#13153 = CARTESIAN_POINT('',(19.262186624299,-1.222666941681));
#13154 = CARTESIAN_POINT('',(19.262186624299,-0.461098788763));
#13155 = CARTESIAN_POINT('',(19.262186624299,0.));
#13156 = ( GEOMETRIC_REPRESENTATION_CONTEXT(2) 
PARAMETRIC_REPRESENTATION_CONTEXT() REPRESENTATION_CONTEXT('2D SPACE',''
  ) );
#13157 = ORIENTED_EDGE('',*,*,#11344,.F.);
#13158 = ORIENTED_EDGE('',*,*,#13159,.F.);
#13159 = EDGE_CURVE('',#11849,#11317,#13160,.T.);
#13160 = SURFACE_CURVE('',#13161,(#13165,#13172),.PCURVE_S1.);
#13161 = LINE('',#13162,#13163);
#13162 = CARTESIAN_POINT('',(-2.,-25.30140831103,2.828203230276));
#13163 = VECTOR('',#13164,1.);
#13164 = DIRECTION('',(1.,0.,0.));
#13165 = PCURVE('',#8776,#13166);
#13166 = DEFINITIONAL_REPRESENTATION('',(#13167),#13171);
#13167 = LINE('',#13168,#13169);
#13168 = CARTESIAN_POINT('',(3.14159265359,0.));
#13169 = VECTOR('',#13170,1.);
#13170 = DIRECTION('',(0.,-1.));
#13171 = ( GEOMETRIC_REPRESENTATION_CONTEXT(2) 
PARAMETRIC_REPRESENTATION_CONTEXT() REPRESENTATION_CONTEXT('2D SPACE',''
  ) );
#13172 = PCURVE('',#11332,#13173);
#13173 = DEFINITIONAL_REPRESENTATION('',(#13174),#13178);
#13174 = LINE('',#13175,#13176);
#13175 = CARTESIAN_POINT('',(0.,0.));
#13176 = VECTOR('',#13177,1.);
#13177 = DIRECTION('',(0.,-1.));
#13178 = ( GEOMETRIC_REPRESENTATION_CONTEXT(2) 
PARAMETRIC_REPRESENTATION_CONTEXT() REPRESENTATION_CONTEXT('2D SPACE',''
  ) );
#13179 = ORIENTED_EDGE('',*,*,#11871,.T.);
#13180 = ORIENTED_EDGE('',*,*,#13181,.T.);
#13181 = EDGE_CURVE('',#11872,#12394,#13182,.T.);
#13182 = SURFACE_CURVE('',#13183,(#13190,#13200),.PCURVE_S1.);
#13183 = B_SPLINE_CURVE_WITH_KNOTS('',5,(#13184,#13185,#13186,#13187,
    #13188,#13189),.UNSPECIFIED.,.F.,.F.,(6,6),(0.,1.),
  .PIECEWISE_BEZIER_KNOTS.);
#13184 = CARTESIAN_POINT('',(5.1,-21.4352652865,1.596220331072));
#13185 = CARTESIAN_POINT('',(4.762975335831,-21.4352652865,
    1.596220331072));
#13186 = CARTESIAN_POINT('',(3.883888770222,-21.4352652865,
    1.596220331072));
#13187 = CARTESIAN_POINT('',(3.142854059807,-21.4352652865,
    1.596220331072));
#13188 = CARTESIAN_POINT('',(2.626800705069,-21.4352652865,
    1.596220331072));
#13189 = CARTESIAN_POINT('',(1.9,-21.4352652865,1.596220331072));
#13190 = PCURVE('',#8776,#13191);
#13191 = DEFINITIONAL_REPRESENTATION('',(#13192),#13199);
#13192 = B_SPLINE_CURVE_WITH_KNOTS('',5,(#13193,#13194,#13195,#13196,
    #13197,#13198),.UNSPECIFIED.,.F.,.F.,(6,6),(0.,1.),
  .PIECEWISE_BEZIER_KNOTS.);
#13193 = CARTESIAN_POINT('',(2.245927859732,-7.1));
#13194 = CARTESIAN_POINT('',(2.245927859732,-6.762975335831));
#13195 = CARTESIAN_POINT('',(2.245927859732,-5.883888770222));
#13196 = CARTESIAN_POINT('',(2.245927859732,-5.142854059807));
#13197 = CARTESIAN_POINT('',(2.245927859732,-4.626800705069));
#13198 = CARTESIAN_POINT('',(2.245927859732,-3.9));
#13199 = ( GEOMETRIC_REPRESENTATION_CONTEXT(2) 
PARAMETRIC_REPRESENTATION_CONTEXT() REPRESENTATION_CONTEXT('2D SPACE',''
  ) );
#13200 = PCURVE('',#11980,#13201);
#13201 = DEFINITIONAL_REPRESENTATION('',(#13202),#13209);
#13202 = B_SPLINE_CURVE_WITH_KNOTS('',5,(#13203,#13204,#13205,#13206,
    #13207,#13208),.UNSPECIFIED.,.F.,.F.,(6,6),(0.,1.),
  .PIECEWISE_BEZIER_KNOTS.);
#13203 = CARTESIAN_POINT('',(19.262186624299,-3.2));
#13204 = CARTESIAN_POINT('',(19.262186624299,-2.862975335831));
#13205 = CARTESIAN_POINT('',(19.262186624299,-1.983888770222));
#13206 = CARTESIAN_POINT('',(19.262186624299,-1.242854059807));
#13207 = CARTESIAN_POINT('',(19.262186624299,-0.726800705069));
#13208 = CARTESIAN_POINT('',(19.262186624299,0.));
#13209 = ( GEOMETRIC_REPRESENTATION_CONTEXT(2) 
PARAMETRIC_REPRESENTATION_CONTEXT() REPRESENTATION_CONTEXT('2D SPACE',''
  ) );
#13210 = ORIENTED_EDGE('',*,*,#12393,.F.);
#13211 = ADVANCED_FACE('',(#13212),#8666,.T.);
#13212 = FACE_BOUND('',#13213,.T.);
#13213 = EDGE_LOOP('',(#13214,#13215,#13216,#13237));
#13214 = ORIENTED_EDGE('',*,*,#13082,.T.);
#13215 = ORIENTED_EDGE('',*,*,#12370,.T.);
#13216 = ORIENTED_EDGE('',*,*,#13217,.T.);
#13217 = EDGE_CURVE('',#12348,#8623,#13218,.T.);
#13218 = SURFACE_CURVE('',#13219,(#13223,#13230),.PCURVE_S1.);
#13219 = LINE('',#13220,#13221);
#13220 = CARTESIAN_POINT('',(-1.,-29.54493278957,0.378203230276));
#13221 = VECTOR('',#13222,1.);
#13222 = DIRECTION('',(-1.,0.,-0.));
#13223 = PCURVE('',#8666,#13224);
#13224 = DEFINITIONAL_REPRESENTATION('',(#13225),#13229);
#13225 = LINE('',#13226,#13227);
#13226 = CARTESIAN_POINT('',(4.9,-1.));
#13227 = VECTOR('',#13228,1.);
#13228 = DIRECTION('',(-0.,1.));
#13229 = ( GEOMETRIC_REPRESENTATION_CONTEXT(2) 
PARAMETRIC_REPRESENTATION_CONTEXT() REPRESENTATION_CONTEXT('2D SPACE',''
  ) );
#13230 = PCURVE('',#8638,#13231);
#13231 = DEFINITIONAL_REPRESENTATION('',(#13232),#13236);
#13232 = LINE('',#13233,#13234);
#13233 = CARTESIAN_POINT('',(1.2,-1.));
#13234 = VECTOR('',#13235,1.);
#13235 = DIRECTION('',(0.,-1.));
#13236 = ( GEOMETRIC_REPRESENTATION_CONTEXT(2) 
PARAMETRIC_REPRESENTATION_CONTEXT() REPRESENTATION_CONTEXT('2D SPACE',''
  ) );
#13237 = ORIENTED_EDGE('',*,*,#8650,.T.);
#13238 = ADVANCED_FACE('',(#13239),#8638,.T.);
#13239 = FACE_BOUND('',#13240,.T.);
#13240 = EDGE_LOOP('',(#13241,#13262,#13263,#13264));
#13241 = ORIENTED_EDGE('',*,*,#13242,.F.);
#13242 = EDGE_CURVE('',#8595,#12325,#13243,.T.);
#13243 = SURFACE_CURVE('',#13244,(#13248,#13255),.PCURVE_S1.);
#13244 = LINE('',#13245,#13246);
#13245 = CARTESIAN_POINT('',(0.,-30.14493278957,1.417433714817));
#13246 = VECTOR('',#13247,1.);
#13247 = DIRECTION('',(1.,0.,0.));
#13248 = PCURVE('',#8638,#13249);
#13249 = DEFINITIONAL_REPRESENTATION('',(#13250),#13254);
#13250 = LINE('',#13251,#13252);
#13251 = CARTESIAN_POINT('',(0.,0.));
#13252 = VECTOR('',#13253,1.);
#13253 = DIRECTION('',(0.,1.));
#13254 = ( GEOMETRIC_REPRESENTATION_CONTEXT(2) 
PARAMETRIC_REPRESENTATION_CONTEXT() REPRESENTATION_CONTEXT('2D SPACE',''
  ) );
#13255 = PCURVE('',#8610,#13256);
#13256 = DEFINITIONAL_REPRESENTATION('',(#13257),#13261);
#13257 = LINE('',#13258,#13259);
#13258 = CARTESIAN_POINT('',(0.,0.));
#13259 = VECTOR('',#13260,1.);
#13260 = DIRECTION('',(1.,0.));
#13261 = ( GEOMETRIC_REPRESENTATION_CONTEXT(2) 
PARAMETRIC_REPRESENTATION_CONTEXT() REPRESENTATION_CONTEXT('2D SPACE',''
  ) );
#13262 = ORIENTED_EDGE('',*,*,#8622,.T.);
#13263 = ORIENTED_EDGE('',*,*,#13217,.F.);
#13264 = ORIENTED_EDGE('',*,*,#12347,.T.);
#13265 = ADVANCED_FACE('',(#13266),#8610,.T.);
#13266 = FACE_BOUND('',#13267,.T.);
#13267 = EDGE_LOOP('',(#13268,#13289,#13290,#13291));
#13268 = ORIENTED_EDGE('',*,*,#13269,.F.);
#13269 = EDGE_CURVE('',#8567,#12302,#13270,.T.);
#13270 = SURFACE_CURVE('',#13271,(#13275,#13282),.PCURVE_S1.);
#13271 = LINE('',#13272,#13273);
#13272 = CARTESIAN_POINT('',(0.,-32.0501886779,0.317433714817));
#13273 = VECTOR('',#13274,1.);
#13274 = DIRECTION('',(1.,0.,0.));
#13275 = PCURVE('',#8610,#13276);
#13276 = DEFINITIONAL_REPRESENTATION('',(#13277),#13281);
#13277 = LINE('',#13278,#13279);
#13278 = CARTESIAN_POINT('',(0.,2.2));
#13279 = VECTOR('',#13280,1.);
#13280 = DIRECTION('',(1.,0.));
#13281 = ( GEOMETRIC_REPRESENTATION_CONTEXT(2) 
PARAMETRIC_REPRESENTATION_CONTEXT() REPRESENTATION_CONTEXT('2D SPACE',''
  ) );
#13282 = PCURVE('',#8582,#13283);
#13283 = DEFINITIONAL_REPRESENTATION('',(#13284),#13288);
#13284 = LINE('',#13285,#13286);
#13285 = CARTESIAN_POINT('',(0.,0.));
#13286 = VECTOR('',#13287,1.);
#13287 = DIRECTION('',(0.,1.));
#13288 = ( GEOMETRIC_REPRESENTATION_CONTEXT(2) 
PARAMETRIC_REPRESENTATION_CONTEXT() REPRESENTATION_CONTEXT('2D SPACE',''
  ) );
#13289 = ORIENTED_EDGE('',*,*,#8594,.F.);
#13290 = ORIENTED_EDGE('',*,*,#13242,.T.);
#13291 = ORIENTED_EDGE('',*,*,#12324,.T.);
#13292 = ADVANCED_FACE('',(#13293),#8582,.F.);
#13293 = FACE_BOUND('',#13294,.F.);
#13294 = EDGE_LOOP('',(#13295,#13296,#13297,#13318));
#13295 = ORIENTED_EDGE('',*,*,#13269,.F.);
#13296 = ORIENTED_EDGE('',*,*,#8566,.T.);
#13297 = ORIENTED_EDGE('',*,*,#13298,.F.);
#13298 = EDGE_CURVE('',#12279,#8539,#13299,.T.);
#13299 = SURFACE_CURVE('',#13300,(#13304,#13311),.PCURVE_S1.);
#13300 = LINE('',#13301,#13302);
#13301 = CARTESIAN_POINT('',(-1.,-31.4501886779,-0.721796769724));
#13302 = VECTOR('',#13303,1.);
#13303 = DIRECTION('',(-1.,0.,-0.));
#13304 = PCURVE('',#8582,#13305);
#13305 = DEFINITIONAL_REPRESENTATION('',(#13306),#13310);
#13306 = LINE('',#13307,#13308);
#13307 = CARTESIAN_POINT('',(1.2,-1.));
#13308 = VECTOR('',#13309,1.);
#13309 = DIRECTION('',(0.,-1.));
#13310 = ( GEOMETRIC_REPRESENTATION_CONTEXT(2) 
PARAMETRIC_REPRESENTATION_CONTEXT() REPRESENTATION_CONTEXT('2D SPACE',''
  ) );
#13311 = PCURVE('',#8554,#13312);
#13312 = DEFINITIONAL_REPRESENTATION('',(#13313),#13317);
#13313 = LINE('',#13314,#13315);
#13314 = CARTESIAN_POINT('',(7.1,-1.));
#13315 = VECTOR('',#13316,1.);
#13316 = DIRECTION('',(-0.,1.));
#13317 = ( GEOMETRIC_REPRESENTATION_CONTEXT(2) 
PARAMETRIC_REPRESENTATION_CONTEXT() REPRESENTATION_CONTEXT('2D SPACE',''
  ) );
#13318 = ORIENTED_EDGE('',*,*,#12301,.T.);
#13319 = ADVANCED_FACE('',(#13320),#8554,.T.);
#13320 = FACE_BOUND('',#13321,.T.);
#13321 = EDGE_LOOP('',(#13322,#13343,#13344,#13345));
#13322 = ORIENTED_EDGE('',*,*,#13323,.F.);
#13323 = EDGE_CURVE('',#8403,#12199,#13324,.T.);
#13324 = SURFACE_CURVE('',#13325,(#13329,#13336),.PCURVE_S1.);
#13325 = LINE('',#13326,#13327);
#13326 = CARTESIAN_POINT('',(-2.,-35.69371315644,-3.171796769724));
#13327 = VECTOR('',#13328,1.);
#13328 = DIRECTION('',(1.,0.,0.));
#13329 = PCURVE('',#8554,#13330);
#13330 = DEFINITIONAL_REPRESENTATION('',(#13331),#13335);
#13331 = LINE('',#13332,#13333);
#13332 = CARTESIAN_POINT('',(12.,0.));
#13333 = VECTOR('',#13334,1.);
#13334 = DIRECTION('',(0.,-1.));
#13335 = ( GEOMETRIC_REPRESENTATION_CONTEXT(2) 
PARAMETRIC_REPRESENTATION_CONTEXT() REPRESENTATION_CONTEXT('2D SPACE',''
  ) );
#13336 = PCURVE('',#8488,#13337);
#13337 = DEFINITIONAL_REPRESENTATION('',(#13338),#13342);
#13338 = LINE('',#13339,#13340);
#13339 = CARTESIAN_POINT('',(3.14159265359,0.));
#13340 = VECTOR('',#13341,1.);
#13341 = DIRECTION('',(0.,-1.));
#13342 = ( GEOMETRIC_REPRESENTATION_CONTEXT(2) 
PARAMETRIC_REPRESENTATION_CONTEXT() REPRESENTATION_CONTEXT('2D SPACE',''
  ) );
#13343 = ORIENTED_EDGE('',*,*,#8538,.T.);
#13344 = ORIENTED_EDGE('',*,*,#13298,.F.);
#13345 = ORIENTED_EDGE('',*,*,#12278,.T.);
#13346 = ADVANCED_FACE('',(#13347),#8488,.T.);
#13347 = FACE_BOUND('',#13348,.T.);
#13348 = EDGE_LOOP('',(#13349,#13350,#13351,#13352,#13353,#13383,#13384,
    #13405,#13406,#13436,#13437,#13458));
#13349 = ORIENTED_EDGE('',*,*,#8895,.F.);
#13350 = ORIENTED_EDGE('',*,*,#8402,.T.);
#13351 = ORIENTED_EDGE('',*,*,#13323,.T.);
#13352 = ORIENTED_EDGE('',*,*,#12198,.F.);
#13353 = ORIENTED_EDGE('',*,*,#13354,.F.);
#13354 = EDGE_CURVE('',#11649,#12176,#13355,.T.);
#13355 = SURFACE_CURVE('',#13356,(#13363,#13373),.PCURVE_S1.);
#13356 = B_SPLINE_CURVE_WITH_KNOTS('',5,(#13357,#13358,#13359,#13360,
    #13361,#13362),.UNSPECIFIED.,.F.,.F.,(6,6),(0.,1.),
  .PIECEWISE_BEZIER_KNOTS.);
#13357 = CARTESIAN_POINT('',(5.1,-36.55985618096,-7.135966293227));
#13358 = CARTESIAN_POINT('',(4.762975335831,-36.55985618096,
    -7.135966293227));
#13359 = CARTESIAN_POINT('',(3.883888770222,-36.55985618096,
    -7.135966293227));
#13360 = CARTESIAN_POINT('',(3.142854059807,-36.55985618096,
    -7.135966293227));
#13361 = CARTESIAN_POINT('',(2.626800705069,-36.55985618096,
    -7.135966293227));
#13362 = CARTESIAN_POINT('',(1.9,-36.55985618096,-7.135966293227));
#13363 = PCURVE('',#8488,#13364);
#13364 = DEFINITIONAL_REPRESENTATION('',(#13365),#13372);
#13365 = B_SPLINE_CURVE_WITH_KNOTS('',5,(#13366,#13367,#13368,#13369,
    #13370,#13371),.UNSPECIFIED.,.F.,.F.,(6,6),(0.,1.),
  .PIECEWISE_BEZIER_KNOTS.);
#13366 = CARTESIAN_POINT('',(4.037257447448,-7.1));
#13367 = CARTESIAN_POINT('',(4.037257447448,-6.762975335831));
#13368 = CARTESIAN_POINT('',(4.037257447448,-5.883888770222));
#13369 = CARTESIAN_POINT('',(4.037257447448,-5.142854059807));
#13370 = CARTESIAN_POINT('',(4.037257447448,-4.626800705069));
#13371 = CARTESIAN_POINT('',(4.037257447448,-3.9));
#13372 = ( GEOMETRIC_REPRESENTATION_CONTEXT(2) 
PARAMETRIC_REPRESENTATION_CONTEXT() REPRESENTATION_CONTEXT('2D SPACE',''
  ) );
#13373 = PCURVE('',#11664,#13374);
#13374 = DEFINITIONAL_REPRESENTATION('',(#13375),#13382);
#13375 = B_SPLINE_CURVE_WITH_KNOTS('',5,(#13376,#13377,#13378,#13379,
    #13380,#13381),.UNSPECIFIED.,.F.,.F.,(6,6),(0.,1.),
  .PIECEWISE_BEZIER_KNOTS.);
#13376 = CARTESIAN_POINT('',(1.797813375701,-3.2));
#13377 = CARTESIAN_POINT('',(1.797813375701,-2.862975335831));
#13378 = CARTESIAN_POINT('',(1.797813375701,-1.983888770222));
#13379 = CARTESIAN_POINT('',(1.797813375701,-1.242854059807));
#13380 = CARTESIAN_POINT('',(1.797813375701,-0.726800705069));
#13381 = CARTESIAN_POINT('',(1.797813375701,0.));
#13382 = ( GEOMETRIC_REPRESENTATION_CONTEXT(2) 
PARAMETRIC_REPRESENTATION_CONTEXT() REPRESENTATION_CONTEXT('2D SPACE',''
  ) );
#13383 = ORIENTED_EDGE('',*,*,#11676,.T.);
#13384 = ORIENTED_EDGE('',*,*,#13385,.T.);
#13385 = EDGE_CURVE('',#11677,#11125,#13386,.T.);
#13386 = SURFACE_CURVE('',#13387,(#13391,#13398),.PCURVE_S1.);
#13387 = LINE('',#13388,#13389);
#13388 = CARTESIAN_POINT('',(-2.,-35.69371315644,-3.171796769724));
#13389 = VECTOR('',#13390,1.);
#13390 = DIRECTION('',(1.,0.,0.));
#13391 = PCURVE('',#8488,#13392);
#13392 = DEFINITIONAL_REPRESENTATION('',(#13393),#13397);
#13393 = LINE('',#13394,#13395);
#13394 = CARTESIAN_POINT('',(3.14159265359,0.));
#13395 = VECTOR('',#13396,1.);
#13396 = DIRECTION('',(0.,-1.));
#13397 = ( GEOMETRIC_REPRESENTATION_CONTEXT(2) 
PARAMETRIC_REPRESENTATION_CONTEXT() REPRESENTATION_CONTEXT('2D SPACE',''
  ) );
#13398 = PCURVE('',#11220,#13399);
#13399 = DEFINITIONAL_REPRESENTATION('',(#13400),#13404);
#13400 = LINE('',#13401,#13402);
#13401 = CARTESIAN_POINT('',(12.,0.));
#13402 = VECTOR('',#13403,1.);
#13403 = DIRECTION('',(0.,-1.));
#13404 = ( GEOMETRIC_REPRESENTATION_CONTEXT(2) 
PARAMETRIC_REPRESENTATION_CONTEXT() REPRESENTATION_CONTEXT('2D SPACE',''
  ) );
#13405 = ORIENTED_EDGE('',*,*,#11124,.F.);
#13406 = ORIENTED_EDGE('',*,*,#13407,.F.);
#13407 = EDGE_CURVE('',#10667,#11102,#13408,.T.);
#13408 = SURFACE_CURVE('',#13409,(#13416,#13426),.PCURVE_S1.);
#13409 = B_SPLINE_CURVE_WITH_KNOTS('',5,(#13410,#13411,#13412,#13413,
    #13414,#13415),.UNSPECIFIED.,.F.,.F.,(6,6),(0.,1.),
  .PIECEWISE_BEZIER_KNOTS.);
#13410 = CARTESIAN_POINT('',(22.1,-36.55985618096,-7.135966293227));
#13411 = CARTESIAN_POINT('',(21.495424863061,-36.55985618096,
    -7.135966293227));
#13412 = CARTESIAN_POINT('',(20.867396244205,-36.55985618096,
    -7.135966293227));
#13413 = CARTESIAN_POINT('',(20.122666941681,-36.55985618096,
    -7.135966293227));
#13414 = CARTESIAN_POINT('',(19.361098788763,-36.55985618096,
    -7.135966293227));
#13415 = CARTESIAN_POINT('',(18.9,-36.55985618096,-7.135966293227));
#13416 = PCURVE('',#8488,#13417);
#13417 = DEFINITIONAL_REPRESENTATION('',(#13418),#13425);
#13418 = B_SPLINE_CURVE_WITH_KNOTS('',5,(#13419,#13420,#13421,#13422,
    #13423,#13424),.UNSPECIFIED.,.F.,.F.,(6,6),(0.,1.),
  .PIECEWISE_BEZIER_KNOTS.);
#13419 = CARTESIAN_POINT('',(4.037257447448,-24.1));
#13420 = CARTESIAN_POINT('',(4.037257447448,-23.49542486306));
#13421 = CARTESIAN_POINT('',(4.037257447448,-22.8673962442));
#13422 = CARTESIAN_POINT('',(4.037257447448,-22.12266694168));
#13423 = CARTESIAN_POINT('',(4.037257447448,-21.36109878876));
#13424 = CARTESIAN_POINT('',(4.037257447448,-20.9));
#13425 = ( GEOMETRIC_REPRESENTATION_CONTEXT(2) 
PARAMETRIC_REPRESENTATION_CONTEXT() REPRESENTATION_CONTEXT('2D SPACE',''
  ) );
#13426 = PCURVE('',#10682,#13427);
#13427 = DEFINITIONAL_REPRESENTATION('',(#13428),#13435);
#13428 = B_SPLINE_CURVE_WITH_KNOTS('',5,(#13429,#13430,#13431,#13432,
    #13433,#13434),.UNSPECIFIED.,.F.,.F.,(6,6),(0.,1.),
  .PIECEWISE_BEZIER_KNOTS.);
#13429 = CARTESIAN_POINT('',(1.797813375701,-3.2));
#13430 = CARTESIAN_POINT('',(1.797813375701,-2.595424863061));
#13431 = CARTESIAN_POINT('',(1.797813375701,-1.967396244205));
#13432 = CARTESIAN_POINT('',(1.797813375701,-1.222666941681));
#13433 = CARTESIAN_POINT('',(1.797813375701,-0.461098788763));
#13434 = CARTESIAN_POINT('',(1.797813375701,0.));
#13435 = ( GEOMETRIC_REPRESENTATION_CONTEXT(2) 
PARAMETRIC_REPRESENTATION_CONTEXT() REPRESENTATION_CONTEXT('2D SPACE',''
  ) );
#13436 = ORIENTED_EDGE('',*,*,#10694,.T.);
#13437 = ORIENTED_EDGE('',*,*,#13438,.T.);
#13438 = EDGE_CURVE('',#10695,#10109,#13439,.T.);
#13439 = SURFACE_CURVE('',#13440,(#13444,#13451),.PCURVE_S1.);
#13440 = LINE('',#13441,#13442);
#13441 = CARTESIAN_POINT('',(-2.,-35.69371315644,-3.171796769724));
#13442 = VECTOR('',#13443,1.);
#13443 = DIRECTION('',(1.,0.,0.));
#13444 = PCURVE('',#8488,#13445);
#13445 = DEFINITIONAL_REPRESENTATION('',(#13446),#13450);
#13446 = LINE('',#13447,#13448);
#13447 = CARTESIAN_POINT('',(3.14159265359,0.));
#13448 = VECTOR('',#13449,1.);
#13449 = DIRECTION('',(0.,-1.));
#13450 = ( GEOMETRIC_REPRESENTATION_CONTEXT(2) 
PARAMETRIC_REPRESENTATION_CONTEXT() REPRESENTATION_CONTEXT('2D SPACE',''
  ) );
#13451 = PCURVE('',#10252,#13452);
#13452 = DEFINITIONAL_REPRESENTATION('',(#13453),#13457);
#13453 = LINE('',#13454,#13455);
#13454 = CARTESIAN_POINT('',(12.,0.));
#13455 = VECTOR('',#13456,1.);
#13456 = DIRECTION('',(0.,-1.));
#13457 = ( GEOMETRIC_REPRESENTATION_CONTEXT(2) 
PARAMETRIC_REPRESENTATION_CONTEXT() REPRESENTATION_CONTEXT('2D SPACE',''
  ) );
#13458 = ORIENTED_EDGE('',*,*,#10108,.F.);
#13459 = ADVANCED_FACE('',(#13460),#8979,.F.);
#13460 = FACE_BOUND('',#13461,.F.);
#13461 = EDGE_LOOP('',(#13462,#13463,#13464,#13465));
#13462 = ORIENTED_EDGE('',*,*,#9641,.F.);
#13463 = ORIENTED_EDGE('',*,*,#8963,.T.);
#13464 = ORIENTED_EDGE('',*,*,#9015,.T.);
#13465 = ORIENTED_EDGE('',*,*,#13466,.T.);
#13466 = EDGE_CURVE('',#9016,#9642,#13467,.T.);
#13467 = SURFACE_CURVE('',#13468,(#13472,#13479),.PCURVE_S1.);
#13468 = LINE('',#13469,#13470);
#13469 = CARTESIAN_POINT('',(2.,-36.27025033688,-12.97320508075));
#13470 = VECTOR('',#13471,1.);
#13471 = DIRECTION('',(1.,0.,0.));
#13472 = PCURVE('',#8979,#13473);
#13473 = DEFINITIONAL_REPRESENTATION('',(#13474),#13478);
#13474 = LINE('',#13475,#13476);
#13475 = CARTESIAN_POINT('',(3.2,0.));
#13476 = VECTOR('',#13477,1.);
#13477 = DIRECTION('',(0.,1.));
#13478 = ( GEOMETRIC_REPRESENTATION_CONTEXT(2) 
PARAMETRIC_REPRESENTATION_CONTEXT() REPRESENTATION_CONTEXT('2D SPACE',''
  ) );
#13479 = PCURVE('',#9577,#13480);
#13480 = DEFINITIONAL_REPRESENTATION('',(#13481),#13485);
#13481 = LINE('',#13482,#13483);
#13482 = CARTESIAN_POINT('',(0.,0.));
#13483 = VECTOR('',#13484,1.);
#13484 = DIRECTION('',(1.,0.));
#13485 = ( GEOMETRIC_REPRESENTATION_CONTEXT(2) 
PARAMETRIC_REPRESENTATION_CONTEXT() REPRESENTATION_CONTEXT('2D SPACE',''
  ) );
#13486 = ADVANCED_FACE('',(#13487),#9079,.T.);
#13487 = FACE_BOUND('',#13488,.T.);
#13488 = EDGE_LOOP('',(#13489,#13490,#13491,#13512));
#13489 = ORIENTED_EDGE('',*,*,#9617,.F.);
#13490 = ORIENTED_EDGE('',*,*,#9063,.T.);
#13491 = ORIENTED_EDGE('',*,*,#13492,.T.);
#13492 = EDGE_CURVE('',#9064,#9668,#13493,.T.);
#13493 = SURFACE_CURVE('',#13494,(#13498,#13505),.PCURVE_S1.);
#13494 = LINE('',#13495,#13496);
#13495 = CARTESIAN_POINT('',(2.,-40.16736465391,-15.22320508075));
#13496 = VECTOR('',#13497,1.);
#13497 = DIRECTION('',(1.,0.,0.));
#13498 = PCURVE('',#9079,#13499);
#13499 = DEFINITIONAL_REPRESENTATION('',(#13500),#13504);
#13500 = LINE('',#13501,#13502);
#13501 = CARTESIAN_POINT('',(3.2,0.));
#13502 = VECTOR('',#13503,1.);
#13503 = DIRECTION('',(0.,1.));
#13504 = ( GEOMETRIC_REPRESENTATION_CONTEXT(2) 
PARAMETRIC_REPRESENTATION_CONTEXT() REPRESENTATION_CONTEXT('2D SPACE',''
  ) );
#13505 = PCURVE('',#9107,#13506);
#13506 = DEFINITIONAL_REPRESENTATION('',(#13507),#13511);
#13507 = LINE('',#13508,#13509);
#13508 = CARTESIAN_POINT('',(0.,4.5));
#13509 = VECTOR('',#13510,1.);
#13510 = DIRECTION('',(1.,0.));
#13511 = ( GEOMETRIC_REPRESENTATION_CONTEXT(2) 
PARAMETRIC_REPRESENTATION_CONTEXT() REPRESENTATION_CONTEXT('2D SPACE',''
  ) );
#13512 = ORIENTED_EDGE('',*,*,#9667,.F.);
#13513 = ADVANCED_FACE('',(#13514),#9107,.T.);
#13514 = FACE_BOUND('',#13515,.T.);
#13515 = EDGE_LOOP('',(#13516,#13517,#13538,#13539));
#13516 = ORIENTED_EDGE('',*,*,#9091,.F.);
#13517 = ORIENTED_EDGE('',*,*,#13518,.T.);
#13518 = EDGE_CURVE('',#9092,#9691,#13519,.T.);
#13519 = SURFACE_CURVE('',#13520,(#13524,#13531),.PCURVE_S1.);
#13520 = LINE('',#13521,#13522);
#13521 = CARTESIAN_POINT('',(2.,-39.89269838591,-15.06462643699));
#13522 = VECTOR('',#13523,1.);
#13523 = DIRECTION('',(1.,0.,0.));
#13524 = PCURVE('',#9107,#13525);
#13525 = DEFINITIONAL_REPRESENTATION('',(#13526),#13530);
#13526 = LINE('',#13527,#13528);
#13527 = CARTESIAN_POINT('',(0.,4.182842712475));
#13528 = VECTOR('',#13529,1.);
#13529 = DIRECTION('',(1.,0.));
#13530 = ( GEOMETRIC_REPRESENTATION_CONTEXT(2) 
PARAMETRIC_REPRESENTATION_CONTEXT() REPRESENTATION_CONTEXT('2D SPACE',''
  ) );
#13531 = PCURVE('',#9140,#13532);
#13532 = DEFINITIONAL_REPRESENTATION('',(#13533),#13537);
#13533 = LINE('',#13534,#13535);
#13534 = CARTESIAN_POINT('',(-0.339836909454,0.));
#13535 = VECTOR('',#13536,1.);
#13536 = DIRECTION('',(-0.,1.));
#13537 = ( GEOMETRIC_REPRESENTATION_CONTEXT(2) 
PARAMETRIC_REPRESENTATION_CONTEXT() REPRESENTATION_CONTEXT('2D SPACE',''
  ) );
#13538 = ORIENTED_EDGE('',*,*,#9690,.T.);
#13539 = ORIENTED_EDGE('',*,*,#13492,.F.);
#13540 = ADVANCED_FACE('',(#13541),#9140,.T.);
#13541 = FACE_BOUND('',#13542,.F.);
#13542 = EDGE_LOOP('',(#13543,#13564,#13565,#13566));
#13543 = ORIENTED_EDGE('',*,*,#13544,.F.);
#13544 = EDGE_CURVE('',#9120,#9714,#13545,.T.);
#13545 = SURFACE_CURVE('',#13546,(#13550,#13557),.PCURVE_S1.);
#13546 = LINE('',#13547,#13548);
#13547 = CARTESIAN_POINT('',(2.,-39.85755703277,-15.15980762113));
#13548 = VECTOR('',#13549,1.);
#13549 = DIRECTION('',(1.,0.,0.));
#13550 = PCURVE('',#9140,#13551);
#13551 = DEFINITIONAL_REPRESENTATION('',(#13552),#13556);
#13552 = LINE('',#13553,#13554);
#13553 = CARTESIAN_POINT('',(-0.,0.));
#13554 = VECTOR('',#13555,1.);
#13555 = DIRECTION('',(-0.,1.));
#13556 = ( GEOMETRIC_REPRESENTATION_CONTEXT(2) 
PARAMETRIC_REPRESENTATION_CONTEXT() REPRESENTATION_CONTEXT('2D SPACE',''
  ) );
#13557 = PCURVE('',#9168,#13558);
#13558 = DEFINITIONAL_REPRESENTATION('',(#13559),#13563);
#13559 = LINE('',#13560,#13561);
#13560 = CARTESIAN_POINT('',(0.3,0.));
#13561 = VECTOR('',#13562,1.);
#13562 = DIRECTION('',(0.,1.));
#13563 = ( GEOMETRIC_REPRESENTATION_CONTEXT(2) 
PARAMETRIC_REPRESENTATION_CONTEXT() REPRESENTATION_CONTEXT('2D SPACE',''
  ) );
#13564 = ORIENTED_EDGE('',*,*,#9119,.T.);
#13565 = ORIENTED_EDGE('',*,*,#13518,.T.);
#13566 = ORIENTED_EDGE('',*,*,#9713,.F.);
#13567 = ADVANCED_FACE('',(#13568),#9168,.T.);
#13568 = FACE_BOUND('',#13569,.T.);
#13569 = EDGE_LOOP('',(#13570,#13571,#13572,#13573));
#13570 = ORIENTED_EDGE('',*,*,#9741,.F.);
#13571 = ORIENTED_EDGE('',*,*,#13544,.F.);
#13572 = ORIENTED_EDGE('',*,*,#9152,.T.);
#13573 = ORIENTED_EDGE('',*,*,#13574,.T.);
#13574 = EDGE_CURVE('',#9153,#9742,#13575,.T.);
#13575 = SURFACE_CURVE('',#13576,(#13580,#13587),.PCURVE_S1.);
#13576 = LINE('',#13577,#13578);
#13577 = CARTESIAN_POINT('',(2.,-34.38746084334,-24.63429214352));
#13578 = VECTOR('',#13579,1.);
#13579 = DIRECTION('',(1.,0.,0.));
#13580 = PCURVE('',#9168,#13581);
#13581 = DEFINITIONAL_REPRESENTATION('',(#13582),#13586);
#13582 = LINE('',#13583,#13584);
#13583 = CARTESIAN_POINT('',(11.240192378865,0.));
#13584 = VECTOR('',#13585,1.);
#13585 = DIRECTION('',(0.,1.));
#13586 = ( GEOMETRIC_REPRESENTATION_CONTEXT(2) 
PARAMETRIC_REPRESENTATION_CONTEXT() REPRESENTATION_CONTEXT('2D SPACE',''
  ) );
#13587 = PCURVE('',#9201,#13588);
#13588 = DEFINITIONAL_REPRESENTATION('',(#13589),#13593);
#13589 = LINE('',#13590,#13591);
#13590 = CARTESIAN_POINT('',(-1.047197551197,0.));
#13591 = VECTOR('',#13592,1.);
#13592 = DIRECTION('',(-0.,1.));
#13593 = ( GEOMETRIC_REPRESENTATION_CONTEXT(2) 
PARAMETRIC_REPRESENTATION_CONTEXT() REPRESENTATION_CONTEXT('2D SPACE',''
  ) );
#13594 = ADVANCED_FACE('',(#13595),#9201,.T.);
#13595 = FACE_BOUND('',#13596,.F.);
#13596 = EDGE_LOOP('',(#13597,#13618,#13619,#13620));
#13597 = ORIENTED_EDGE('',*,*,#13598,.F.);
#13598 = EDGE_CURVE('',#9181,#9765,#13599,.T.);
#13599 = SURFACE_CURVE('',#13600,(#13604,#13611),.PCURVE_S1.);
#13600 = LINE('',#13601,#13602);
#13601 = CARTESIAN_POINT('',(2.,-34.38746084334,-24.93429214352));
#13602 = VECTOR('',#13603,1.);
#13603 = DIRECTION('',(1.,0.,0.));
#13604 = PCURVE('',#9201,#13605);
#13605 = DEFINITIONAL_REPRESENTATION('',(#13606),#13610);
#13606 = LINE('',#13607,#13608);
#13607 = CARTESIAN_POINT('',(-0.,0.));
#13608 = VECTOR('',#13609,1.);
#13609 = DIRECTION('',(-0.,1.));
#13610 = ( GEOMETRIC_REPRESENTATION_CONTEXT(2) 
PARAMETRIC_REPRESENTATION_CONTEXT() REPRESENTATION_CONTEXT('2D SPACE',''
  ) );
#13611 = PCURVE('',#9229,#13612);
#13612 = DEFINITIONAL_REPRESENTATION('',(#13613),#13617);
#13613 = LINE('',#13614,#13615);
#13614 = CARTESIAN_POINT('',(0.3,0.));
#13615 = VECTOR('',#13616,1.);
#13616 = DIRECTION('',(0.,1.));
#13617 = ( GEOMETRIC_REPRESENTATION_CONTEXT(2) 
PARAMETRIC_REPRESENTATION_CONTEXT() REPRESENTATION_CONTEXT('2D SPACE',''
  ) );
#13618 = ORIENTED_EDGE('',*,*,#9180,.T.);
#13619 = ORIENTED_EDGE('',*,*,#13574,.T.);
#13620 = ORIENTED_EDGE('',*,*,#9764,.F.);
#13621 = ADVANCED_FACE('',(#13622),#9229,.T.);
#13622 = FACE_BOUND('',#13623,.T.);
#13623 = EDGE_LOOP('',(#13624,#13625,#13626,#13627));
#13624 = ORIENTED_EDGE('',*,*,#9792,.F.);
#13625 = ORIENTED_EDGE('',*,*,#13598,.F.);
#13626 = ORIENTED_EDGE('',*,*,#9213,.T.);
#13627 = ORIENTED_EDGE('',*,*,#13628,.T.);
#13628 = EDGE_CURVE('',#9214,#9793,#13629,.T.);
#13629 = SURFACE_CURVE('',#13630,(#13634,#13641),.PCURVE_S1.);
#13630 = LINE('',#13631,#13632);
#13631 = CARTESIAN_POINT('',(2.,-33.88746084334,-25.8003175473));
#13632 = VECTOR('',#13633,1.);
#13633 = DIRECTION('',(1.,0.,0.));
#13634 = PCURVE('',#9229,#13635);
#13635 = DEFINITIONAL_REPRESENTATION('',(#13636),#13640);
#13636 = LINE('',#13637,#13638);
#13637 = CARTESIAN_POINT('',(1.3,0.));
#13638 = VECTOR('',#13639,1.);
#13639 = DIRECTION('',(0.,1.));
#13640 = ( GEOMETRIC_REPRESENTATION_CONTEXT(2) 
PARAMETRIC_REPRESENTATION_CONTEXT() REPRESENTATION_CONTEXT('2D SPACE',''
  ) );
#13641 = PCURVE('',#9258,#13642);
#13642 = DEFINITIONAL_REPRESENTATION('',(#13643),#13647);
#13643 = LINE('',#13644,#13645);
#13644 = CARTESIAN_POINT('',(0.,0.));
#13645 = VECTOR('',#13646,1.);
#13646 = DIRECTION('',(0.,1.));
#13647 = ( GEOMETRIC_REPRESENTATION_CONTEXT(2) 
PARAMETRIC_REPRESENTATION_CONTEXT() REPRESENTATION_CONTEXT('2D SPACE',''
  ) );
#13648 = ADVANCED_FACE('',(#13649),#9258,.T.);
#13649 = FACE_BOUND('',#13650,.T.);
#13650 = EDGE_LOOP('',(#13651,#13652,#13653,#13674));
#13651 = ORIENTED_EDGE('',*,*,#13628,.F.);
#13652 = ORIENTED_EDGE('',*,*,#9241,.T.);
#13653 = ORIENTED_EDGE('',*,*,#13654,.T.);
#13654 = EDGE_CURVE('',#9242,#9816,#13655,.T.);
#13655 = SURFACE_CURVE('',#13656,(#13660,#13667),.PCURVE_S1.);
#13656 = LINE('',#13657,#13658);
#13657 = CARTESIAN_POINT('',(2.,-33.61983041234,-25.95021553603));
#13658 = VECTOR('',#13659,1.);
#13659 = DIRECTION('',(1.,0.,0.));
#13660 = PCURVE('',#9258,#13661);
#13661 = DEFINITIONAL_REPRESENTATION('',(#13662),#13666);
#13662 = LINE('',#13663,#13664);
#13663 = CARTESIAN_POINT('',(1.073276540098,0.));
#13664 = VECTOR('',#13665,1.);
#13665 = DIRECTION('',(0.,1.));
#13666 = ( GEOMETRIC_REPRESENTATION_CONTEXT(2) 
PARAMETRIC_REPRESENTATION_CONTEXT() REPRESENTATION_CONTEXT('2D SPACE',''
  ) );
#13667 = PCURVE('',#9287,#13668);
#13668 = DEFINITIONAL_REPRESENTATION('',(#13669),#13673);
#13669 = LINE('',#13670,#13671);
#13670 = CARTESIAN_POINT('',(0.213725677489,0.));
#13671 = VECTOR('',#13672,1.);
#13672 = DIRECTION('',(0.,1.));
#13673 = ( GEOMETRIC_REPRESENTATION_CONTEXT(2) 
PARAMETRIC_REPRESENTATION_CONTEXT() REPRESENTATION_CONTEXT('2D SPACE',''
  ) );
#13674 = ORIENTED_EDGE('',*,*,#9815,.F.);
#13675 = ADVANCED_FACE('',(#13676),#9287,.T.);
#13676 = FACE_BOUND('',#13677,.T.);
#13677 = EDGE_LOOP('',(#13678,#13679,#13680,#13701));
#13678 = ORIENTED_EDGE('',*,*,#13654,.F.);
#13679 = ORIENTED_EDGE('',*,*,#9270,.T.);
#13680 = ORIENTED_EDGE('',*,*,#13681,.T.);
#13681 = EDGE_CURVE('',#9271,#9840,#13682,.T.);
#13682 = SURFACE_CURVE('',#13683,(#13687,#13694),.PCURVE_S1.);
#13683 = LINE('',#13684,#13685);
#13684 = CARTESIAN_POINT('',(2.,-33.24774941164,-26.00833024919));
#13685 = VECTOR('',#13686,1.);
#13686 = DIRECTION('',(1.,0.,0.));
#13687 = PCURVE('',#9287,#13688);
#13688 = DEFINITIONAL_REPRESENTATION('',(#13689),#13693);
#13689 = LINE('',#13690,#13691);
#13690 = CARTESIAN_POINT('',(1.570796326795,0.));
#13691 = VECTOR('',#13692,1.);
#13692 = DIRECTION('',(0.,1.));
#13693 = ( GEOMETRIC_REPRESENTATION_CONTEXT(2) 
PARAMETRIC_REPRESENTATION_CONTEXT() REPRESENTATION_CONTEXT('2D SPACE',''
  ) );
#13694 = PCURVE('',#9315,#13695);
#13695 = DEFINITIONAL_REPRESENTATION('',(#13696),#13700);
#13696 = LINE('',#13697,#13698);
#13697 = CARTESIAN_POINT('',(0.,0.8));
#13698 = VECTOR('',#13699,1.);
#13699 = DIRECTION('',(1.,0.));
#13700 = ( GEOMETRIC_REPRESENTATION_CONTEXT(2) 
PARAMETRIC_REPRESENTATION_CONTEXT() REPRESENTATION_CONTEXT('2D SPACE',''
  ) );
#13701 = ORIENTED_EDGE('',*,*,#9839,.F.);
#13702 = ADVANCED_FACE('',(#13703),#9315,.T.);
#13703 = FACE_BOUND('',#13704,.T.);
#13704 = EDGE_LOOP('',(#13705,#13706,#13727,#13728));
#13705 = ORIENTED_EDGE('',*,*,#9299,.F.);
#13706 = ORIENTED_EDGE('',*,*,#13707,.T.);
#13707 = EDGE_CURVE('',#9300,#9864,#13708,.T.);
#13708 = SURFACE_CURVE('',#13709,(#13713,#13720),.PCURVE_S1.);
#13709 = LINE('',#13710,#13711);
#13710 = CARTESIAN_POINT('',(2.,-32.81473670974,-25.75833024919));
#13711 = VECTOR('',#13712,1.);
#13712 = DIRECTION('',(1.,0.,0.));
#13713 = PCURVE('',#9315,#13714);
#13714 = DEFINITIONAL_REPRESENTATION('',(#13715),#13719);
#13715 = LINE('',#13716,#13717);
#13716 = CARTESIAN_POINT('',(0.,0.3));
#13717 = VECTOR('',#13718,1.);
#13718 = DIRECTION('',(1.,0.));
#13719 = ( GEOMETRIC_REPRESENTATION_CONTEXT(2) 
PARAMETRIC_REPRESENTATION_CONTEXT() REPRESENTATION_CONTEXT('2D SPACE',''
  ) );
#13720 = PCURVE('',#9348,#13721);
#13721 = DEFINITIONAL_REPRESENTATION('',(#13722),#13726);
#13722 = LINE('',#13723,#13724);
#13723 = CARTESIAN_POINT('',(-1.570796326795,0.));
#13724 = VECTOR('',#13725,1.);
#13725 = DIRECTION('',(-0.,1.));
#13726 = ( GEOMETRIC_REPRESENTATION_CONTEXT(2) 
PARAMETRIC_REPRESENTATION_CONTEXT() REPRESENTATION_CONTEXT('2D SPACE',''
  ) );
#13727 = ORIENTED_EDGE('',*,*,#9863,.T.);
#13728 = ORIENTED_EDGE('',*,*,#13681,.F.);
#13729 = ADVANCED_FACE('',(#13730),#9348,.T.);
#13730 = FACE_BOUND('',#13731,.F.);
#13731 = EDGE_LOOP('',(#13732,#13753,#13754,#13755));
#13732 = ORIENTED_EDGE('',*,*,#13733,.F.);
#13733 = EDGE_CURVE('',#9328,#9887,#13734,.T.);
#13734 = SURFACE_CURVE('',#13735,(#13739,#13746),.PCURVE_S1.);
#13735 = LINE('',#13736,#13737);
#13736 = CARTESIAN_POINT('',(2.,-32.66978773547,-25.4437038122));
#13737 = VECTOR('',#13738,1.);
#13738 = DIRECTION('',(1.,0.,0.));
#13739 = PCURVE('',#9348,#13740);
#13740 = DEFINITIONAL_REPRESENTATION('',(#13741),#13745);
#13741 = LINE('',#13742,#13743);
#13742 = CARTESIAN_POINT('',(-0.339836909454,0.));
#13743 = VECTOR('',#13744,1.);
#13744 = DIRECTION('',(-0.,1.));
#13745 = ( GEOMETRIC_REPRESENTATION_CONTEXT(2) 
PARAMETRIC_REPRESENTATION_CONTEXT() REPRESENTATION_CONTEXT('2D SPACE',''
  ) );
#13746 = PCURVE('',#9376,#13747);
#13747 = DEFINITIONAL_REPRESENTATION('',(#13748),#13752);
#13748 = LINE('',#13749,#13750);
#13749 = CARTESIAN_POINT('',(0.,0.967157287525));
#13750 = VECTOR('',#13751,1.);
#13751 = DIRECTION('',(1.,0.));
#13752 = ( GEOMETRIC_REPRESENTATION_CONTEXT(2) 
PARAMETRIC_REPRESENTATION_CONTEXT() REPRESENTATION_CONTEXT('2D SPACE',''
  ) );
#13753 = ORIENTED_EDGE('',*,*,#9327,.T.);
#13754 = ORIENTED_EDGE('',*,*,#13707,.T.);
#13755 = ORIENTED_EDGE('',*,*,#9886,.F.);
#13756 = ADVANCED_FACE('',(#13757),#9376,.T.);
#13757 = FACE_BOUND('',#13758,.T.);
#13758 = EDGE_LOOP('',(#13759,#13760,#13781,#13782));
#13759 = ORIENTED_EDGE('',*,*,#9360,.F.);
#13760 = ORIENTED_EDGE('',*,*,#13761,.T.);
#13761 = EDGE_CURVE('',#9361,#9915,#13762,.T.);
#13762 = SURFACE_CURVE('',#13763,(#13767,#13774),.PCURVE_S1.);
#13763 = LINE('',#13764,#13765);
#13764 = CARTESIAN_POINT('',(2.,-32.09201257615,-25.11012516844));
#13765 = VECTOR('',#13766,1.);
#13766 = DIRECTION('',(1.,0.,0.));
#13767 = PCURVE('',#9376,#13768);
#13768 = DEFINITIONAL_REPRESENTATION('',(#13769),#13773);
#13769 = LINE('',#13770,#13771);
#13770 = CARTESIAN_POINT('',(0.,0.3));
#13771 = VECTOR('',#13772,1.);
#13772 = DIRECTION('',(1.,0.));
#13773 = ( GEOMETRIC_REPRESENTATION_CONTEXT(2) 
PARAMETRIC_REPRESENTATION_CONTEXT() REPRESENTATION_CONTEXT('2D SPACE',''
  ) );
#13774 = PCURVE('',#9409,#13775);
#13775 = DEFINITIONAL_REPRESENTATION('',(#13776),#13780);
#13776 = LINE('',#13777,#13778);
#13777 = CARTESIAN_POINT('',(-1.570796326795,0.));
#13778 = VECTOR('',#13779,1.);
#13779 = DIRECTION('',(-0.,1.));
#13780 = ( GEOMETRIC_REPRESENTATION_CONTEXT(2) 
PARAMETRIC_REPRESENTATION_CONTEXT() REPRESENTATION_CONTEXT('2D SPACE',''
  ) );
#13781 = ORIENTED_EDGE('',*,*,#9914,.T.);
#13782 = ORIENTED_EDGE('',*,*,#13733,.F.);
#13783 = ADVANCED_FACE('',(#13784),#9409,.T.);
#13784 = FACE_BOUND('',#13785,.F.);
#13785 = EDGE_LOOP('',(#13786,#13787,#13788,#13789));
#13786 = ORIENTED_EDGE('',*,*,#9388,.T.);
#13787 = ORIENTED_EDGE('',*,*,#13761,.T.);
#13788 = ORIENTED_EDGE('',*,*,#9937,.F.);
#13789 = ORIENTED_EDGE('',*,*,#13790,.F.);
#13790 = EDGE_CURVE('',#9389,#9938,#13791,.T.);
#13791 = SURFACE_CURVE('',#13792,(#13796,#13803),.PCURVE_S1.);
#13792 = LINE('',#13793,#13794);
#13793 = CARTESIAN_POINT('',(2.,-31.98220495501,-24.7003175473));
#13794 = VECTOR('',#13795,1.);
#13795 = DIRECTION('',(1.,0.,0.));
#13796 = PCURVE('',#9409,#13797);
#13797 = DEFINITIONAL_REPRESENTATION('',(#13798),#13802);
#13798 = LINE('',#13799,#13800);
#13799 = CARTESIAN_POINT('',(-0.,0.));
#13800 = VECTOR('',#13801,1.);
#13801 = DIRECTION('',(-0.,1.));
#13802 = ( GEOMETRIC_REPRESENTATION_CONTEXT(2) 
PARAMETRIC_REPRESENTATION_CONTEXT() REPRESENTATION_CONTEXT('2D SPACE',''
  ) );
#13803 = PCURVE('',#9437,#13804);
#13804 = DEFINITIONAL_REPRESENTATION('',(#13805),#13809);
#13805 = LINE('',#13806,#13807);
#13806 = CARTESIAN_POINT('',(1.3,0.));
#13807 = VECTOR('',#13808,1.);
#13808 = DIRECTION('',(0.,1.));
#13809 = ( GEOMETRIC_REPRESENTATION_CONTEXT(2) 
PARAMETRIC_REPRESENTATION_CONTEXT() REPRESENTATION_CONTEXT('2D SPACE',''
  ) );
#13810 = ADVANCED_FACE('',(#13811),#9437,.F.);
#13811 = FACE_BOUND('',#13812,.F.);
#13812 = EDGE_LOOP('',(#13813,#13814,#13835,#13836));
#13813 = ORIENTED_EDGE('',*,*,#9965,.F.);
#13814 = ORIENTED_EDGE('',*,*,#13815,.F.);
#13815 = EDGE_CURVE('',#9422,#9966,#13816,.T.);
#13816 = SURFACE_CURVE('',#13817,(#13821,#13828),.PCURVE_S1.);
#13817 = LINE('',#13818,#13819);
#13818 = CARTESIAN_POINT('',(2.,-32.48220495501,-23.83429214352));
#13819 = VECTOR('',#13820,1.);
#13820 = DIRECTION('',(1.,0.,0.));
#13821 = PCURVE('',#9437,#13822);
#13822 = DEFINITIONAL_REPRESENTATION('',(#13823),#13827);
#13823 = LINE('',#13824,#13825);
#13824 = CARTESIAN_POINT('',(0.3,0.));
#13825 = VECTOR('',#13826,1.);
#13826 = DIRECTION('',(0.,1.));
#13827 = ( GEOMETRIC_REPRESENTATION_CONTEXT(2) 
PARAMETRIC_REPRESENTATION_CONTEXT() REPRESENTATION_CONTEXT('2D SPACE',''
  ) );
#13828 = PCURVE('',#9466,#13829);
#13829 = DEFINITIONAL_REPRESENTATION('',(#13830),#13834);
#13830 = LINE('',#13831,#13832);
#13831 = CARTESIAN_POINT('',(0.,0.));
#13832 = VECTOR('',#13833,1.);
#13833 = DIRECTION('',(0.,1.));
#13834 = ( GEOMETRIC_REPRESENTATION_CONTEXT(2) 
PARAMETRIC_REPRESENTATION_CONTEXT() REPRESENTATION_CONTEXT('2D SPACE',''
  ) );
#13835 = ORIENTED_EDGE('',*,*,#9421,.T.);
#13836 = ORIENTED_EDGE('',*,*,#13790,.T.);
#13837 = ADVANCED_FACE('',(#13838),#9466,.T.);
#13838 = FACE_BOUND('',#13839,.T.);
#13839 = EDGE_LOOP('',(#13840,#13841,#13862,#13863));
#13840 = ORIENTED_EDGE('',*,*,#9449,.T.);
#13841 = ORIENTED_EDGE('',*,*,#13842,.T.);
#13842 = EDGE_CURVE('',#9450,#9989,#13843,.T.);
#13843 = SURFACE_CURVE('',#13844,(#13848,#13855),.PCURVE_S1.);
#13844 = LINE('',#13845,#13846);
#13845 = CARTESIAN_POINT('',(2.,-32.89201257615,-23.72448452238));
#13846 = VECTOR('',#13847,1.);
#13847 = DIRECTION('',(1.,0.,0.));
#13848 = PCURVE('',#9466,#13849);
#13849 = DEFINITIONAL_REPRESENTATION('',(#13850),#13854);
#13850 = LINE('',#13851,#13852);
#13851 = CARTESIAN_POINT('',(1.570796326795,0.));
#13852 = VECTOR('',#13853,1.);
#13853 = DIRECTION('',(0.,1.));
#13854 = ( GEOMETRIC_REPRESENTATION_CONTEXT(2) 
PARAMETRIC_REPRESENTATION_CONTEXT() REPRESENTATION_CONTEXT('2D SPACE',''
  ) );
#13855 = PCURVE('',#9494,#13856);
#13856 = DEFINITIONAL_REPRESENTATION('',(#13857),#13861);
#13857 = LINE('',#13858,#13859);
#13858 = CARTESIAN_POINT('',(0.,0.3));
#13859 = VECTOR('',#13860,1.);
#13860 = DIRECTION('',(1.,0.));
#13861 = ( GEOMETRIC_REPRESENTATION_CONTEXT(2) 
PARAMETRIC_REPRESENTATION_CONTEXT() REPRESENTATION_CONTEXT('2D SPACE',''
  ) );
#13862 = ORIENTED_EDGE('',*,*,#9988,.F.);
#13863 = ORIENTED_EDGE('',*,*,#13815,.F.);
#13864 = ADVANCED_FACE('',(#13865),#9494,.F.);
#13865 = FACE_BOUND('',#13866,.F.);
#13866 = EDGE_LOOP('',(#13867,#13868,#13869,#13870));
#13867 = ORIENTED_EDGE('',*,*,#9478,.F.);
#13868 = ORIENTED_EDGE('',*,*,#13842,.T.);
#13869 = ORIENTED_EDGE('',*,*,#10012,.T.);
#13870 = ORIENTED_EDGE('',*,*,#13871,.F.);
#13871 = EDGE_CURVE('',#9479,#10013,#13872,.T.);
#13872 = SURFACE_CURVE('',#13873,(#13877,#13884),.PCURVE_S1.);
#13873 = LINE('',#13874,#13875);
#13874 = CARTESIAN_POINT('',(2.,-33.45492908861,-24.04948452238));
#13875 = VECTOR('',#13876,1.);
#13876 = DIRECTION('',(1.,0.,0.));
#13877 = PCURVE('',#9494,#13878);
#13878 = DEFINITIONAL_REPRESENTATION('',(#13879),#13883);
#13879 = LINE('',#13880,#13881);
#13880 = CARTESIAN_POINT('',(0.,0.95));
#13881 = VECTOR('',#13882,1.);
#13882 = DIRECTION('',(1.,0.));
#13883 = ( GEOMETRIC_REPRESENTATION_CONTEXT(2) 
PARAMETRIC_REPRESENTATION_CONTEXT() REPRESENTATION_CONTEXT('2D SPACE',''
  ) );
#13884 = PCURVE('',#9522,#13885);
#13885 = DEFINITIONAL_REPRESENTATION('',(#13886),#13890);
#13886 = LINE('',#13887,#13888);
#13887 = CARTESIAN_POINT('',(11.2,0.));
#13888 = VECTOR('',#13889,1.);
#13889 = DIRECTION('',(0.,1.));
#13890 = ( GEOMETRIC_REPRESENTATION_CONTEXT(2) 
PARAMETRIC_REPRESENTATION_CONTEXT() REPRESENTATION_CONTEXT('2D SPACE',''
  ) );
#13891 = ADVANCED_FACE('',(#13892),#9522,.F.);
#13892 = FACE_BOUND('',#13893,.F.);
#13893 = EDGE_LOOP('',(#13894,#13895,#13916,#13917));
#13894 = ORIENTED_EDGE('',*,*,#10035,.F.);
#13895 = ORIENTED_EDGE('',*,*,#13896,.F.);
#13896 = EDGE_CURVE('',#9507,#10036,#13897,.T.);
#13897 = SURFACE_CURVE('',#13898,(#13902,#13909),.PCURVE_S1.);
#13898 = LINE('',#13899,#13900);
#13899 = CARTESIAN_POINT('',(2.,-38.90492908861,-14.60980762113));
#13900 = VECTOR('',#13901,1.);
#13901 = DIRECTION('',(1.,0.,0.));
#13902 = PCURVE('',#9522,#13903);
#13903 = DEFINITIONAL_REPRESENTATION('',(#13904),#13908);
#13904 = LINE('',#13905,#13906);
#13905 = CARTESIAN_POINT('',(0.3,0.));
#13906 = VECTOR('',#13907,1.);
#13907 = DIRECTION('',(0.,1.));
#13908 = ( GEOMETRIC_REPRESENTATION_CONTEXT(2) 
PARAMETRIC_REPRESENTATION_CONTEXT() REPRESENTATION_CONTEXT('2D SPACE',''
  ) );
#13909 = PCURVE('',#9551,#13910);
#13910 = DEFINITIONAL_REPRESENTATION('',(#13911),#13915);
#13911 = LINE('',#13912,#13913);
#13912 = CARTESIAN_POINT('',(0.,0.));
#13913 = VECTOR('',#13914,1.);
#13914 = DIRECTION('',(0.,1.));
#13915 = ( GEOMETRIC_REPRESENTATION_CONTEXT(2) 
PARAMETRIC_REPRESENTATION_CONTEXT() REPRESENTATION_CONTEXT('2D SPACE',''
  ) );
#13916 = ORIENTED_EDGE('',*,*,#9506,.T.);
#13917 = ORIENTED_EDGE('',*,*,#13871,.T.);
#13918 = ADVANCED_FACE('',(#13919),#9551,.T.);
#13919 = FACE_BOUND('',#13920,.T.);
#13920 = EDGE_LOOP('',(#13921,#13922,#13923,#13944));
#13921 = ORIENTED_EDGE('',*,*,#13896,.F.);
#13922 = ORIENTED_EDGE('',*,*,#9534,.T.);
#13923 = ORIENTED_EDGE('',*,*,#13924,.T.);
#13924 = EDGE_CURVE('',#9535,#10059,#13925,.T.);
#13925 = SURFACE_CURVE('',#13926,(#13930,#13937),.PCURVE_S1.);
#13926 = LINE('',#13927,#13928);
#13927 = CARTESIAN_POINT('',(2.,-38.96978773547,-14.53178372452));
#13928 = VECTOR('',#13929,1.);
#13929 = DIRECTION('',(1.,0.,0.));
#13930 = PCURVE('',#9551,#13931);
#13931 = DEFINITIONAL_REPRESENTATION('',(#13932),#13936);
#13932 = LINE('',#13933,#13934);
#13933 = CARTESIAN_POINT('',(0.339836909454,0.));
#13934 = VECTOR('',#13935,1.);
#13935 = DIRECTION('',(0.,1.));
#13936 = ( GEOMETRIC_REPRESENTATION_CONTEXT(2) 
PARAMETRIC_REPRESENTATION_CONTEXT() REPRESENTATION_CONTEXT('2D SPACE',''
  ) );
#13937 = PCURVE('',#9577,#13938);
#13938 = DEFINITIONAL_REPRESENTATION('',(#13939),#13943);
#13939 = LINE('',#13940,#13941);
#13940 = CARTESIAN_POINT('',(0.,3.117157287525));
#13941 = VECTOR('',#13942,1.);
#13942 = DIRECTION('',(1.,0.));
#13943 = ( GEOMETRIC_REPRESENTATION_CONTEXT(2) 
PARAMETRIC_REPRESENTATION_CONTEXT() REPRESENTATION_CONTEXT('2D SPACE',''
  ) );
#13944 = ORIENTED_EDGE('',*,*,#10058,.F.);
#13945 = ADVANCED_FACE('',(#13946),#9577,.T.);
#13946 = FACE_BOUND('',#13947,.T.);
#13947 = EDGE_LOOP('',(#13948,#13949,#13950,#13951));
#13948 = ORIENTED_EDGE('',*,*,#9563,.F.);
#13949 = ORIENTED_EDGE('',*,*,#13466,.T.);
#13950 = ORIENTED_EDGE('',*,*,#10082,.T.);
#13951 = ORIENTED_EDGE('',*,*,#13924,.F.);
#13952 = ADVANCED_FACE('',(#13953),#10252,.T.);
#13953 = FACE_BOUND('',#13954,.T.);
#13954 = EDGE_LOOP('',(#13955,#13956,#13957,#13958));
#13955 = ORIENTED_EDGE('',*,*,#13438,.F.);
#13956 = ORIENTED_EDGE('',*,*,#10774,.F.);
#13957 = ORIENTED_EDGE('',*,*,#13106,.T.);
#13958 = ORIENTED_EDGE('',*,*,#10236,.F.);
#13959 = ADVANCED_FACE('',(#13960),#10548,.T.);
#13960 = FACE_BOUND('',#13961,.T.);
#13961 = EDGE_LOOP('',(#13962,#13963,#13984,#13985));
#13962 = ORIENTED_EDGE('',*,*,#10970,.F.);
#13963 = ORIENTED_EDGE('',*,*,#13964,.T.);
#13964 = EDGE_CURVE('',#10971,#10531,#13965,.T.);
#13965 = SURFACE_CURVE('',#13966,(#13970,#13977),.PCURVE_S1.);
#13966 = LINE('',#13967,#13968);
#13967 = CARTESIAN_POINT('',(18.9,-19.87831323188,2.495127018922));
#13968 = VECTOR('',#13969,1.);
#13969 = DIRECTION('',(1.,0.,0.));
#13970 = PCURVE('',#10548,#13971);
#13971 = DEFINITIONAL_REPRESENTATION('',(#13972),#13976);
#13972 = LINE('',#13973,#13974);
#13973 = CARTESIAN_POINT('',(0.,0.));
#13974 = VECTOR('',#13975,1.);
#13975 = DIRECTION('',(0.,-1.));
#13976 = ( GEOMETRIC_REPRESENTATION_CONTEXT(2) 
PARAMETRIC_REPRESENTATION_CONTEXT() REPRESENTATION_CONTEXT('2D SPACE',''
  ) );
#13977 = PCURVE('',#10906,#13978);
#13978 = DEFINITIONAL_REPRESENTATION('',(#13979),#13983);
#13979 = LINE('',#13980,#13981);
#13980 = CARTESIAN_POINT('',(21.06,0.));
#13981 = VECTOR('',#13982,1.);
#13982 = DIRECTION('',(0.,-1.));
#13983 = ( GEOMETRIC_REPRESENTATION_CONTEXT(2) 
PARAMETRIC_REPRESENTATION_CONTEXT() REPRESENTATION_CONTEXT('2D SPACE',''
  ) );
#13984 = ORIENTED_EDGE('',*,*,#10530,.T.);
#13985 = ORIENTED_EDGE('',*,*,#12841,.T.);
#13986 = ADVANCED_FACE('',(#13987),#10906,.T.);
#13987 = FACE_BOUND('',#13988,.T.);
#13988 = EDGE_LOOP('',(#13989,#13990,#13991,#13992));
#13989 = ORIENTED_EDGE('',*,*,#11439,.F.);
#13990 = ORIENTED_EDGE('',*,*,#13128,.F.);
#13991 = ORIENTED_EDGE('',*,*,#10892,.T.);
#13992 = ORIENTED_EDGE('',*,*,#13964,.F.);
#13993 = ADVANCED_FACE('',(#13994),#10682,.T.);
#13994 = FACE_BOUND('',#13995,.T.);
#13995 = EDGE_LOOP('',(#13996,#13997,#13998,#13999));
#13996 = ORIENTED_EDGE('',*,*,#11101,.F.);
#13997 = ORIENTED_EDGE('',*,*,#10946,.T.);
#13998 = ORIENTED_EDGE('',*,*,#10666,.T.);
#13999 = ORIENTED_EDGE('',*,*,#13407,.T.);
#14000 = ADVANCED_FACE('',(#14001),#11332,.T.);
#14001 = FACE_BOUND('',#14002,.T.);
#14002 = EDGE_LOOP('',(#14003,#14004,#14005,#14026));
#14003 = ORIENTED_EDGE('',*,*,#13159,.T.);
#14004 = ORIENTED_EDGE('',*,*,#11316,.T.);
#14005 = ORIENTED_EDGE('',*,*,#14006,.T.);
#14006 = EDGE_CURVE('',#11289,#11826,#14007,.T.);
#14007 = SURFACE_CURVE('',#14008,(#14012,#14019),.PCURVE_S1.);
#14008 = LINE('',#14009,#14010);
#14009 = CARTESIAN_POINT('',(1.,-27.0334591186,1.828203230276));
#14010 = VECTOR('',#14011,1.);
#14011 = DIRECTION('',(-1.,0.,-0.));
#14012 = PCURVE('',#11332,#14013);
#14013 = DEFINITIONAL_REPRESENTATION('',(#14014),#14018);
#14014 = LINE('',#14015,#14016);
#14015 = CARTESIAN_POINT('',(2.,-3.));
#14016 = VECTOR('',#14017,1.);
#14017 = DIRECTION('',(-0.,1.));
#14018 = ( GEOMETRIC_REPRESENTATION_CONTEXT(2) 
PARAMETRIC_REPRESENTATION_CONTEXT() REPRESENTATION_CONTEXT('2D SPACE',''
  ) );
#14019 = PCURVE('',#11304,#14020);
#14020 = DEFINITIONAL_REPRESENTATION('',(#14021),#14025);
#14021 = LINE('',#14022,#14023);
#14022 = CARTESIAN_POINT('',(1.3,-3.));
#14023 = VECTOR('',#14024,1.);
#14024 = DIRECTION('',(0.,-1.));
#14025 = ( GEOMETRIC_REPRESENTATION_CONTEXT(2) 
PARAMETRIC_REPRESENTATION_CONTEXT() REPRESENTATION_CONTEXT('2D SPACE',''
  ) );
#14026 = ORIENTED_EDGE('',*,*,#11848,.F.);
#14027 = ADVANCED_FACE('',(#14028),#11304,.T.);
#14028 = FACE_BOUND('',#14029,.T.);
#14029 = EDGE_LOOP('',(#14030,#14031,#14052,#14053));
#14030 = ORIENTED_EDGE('',*,*,#11288,.T.);
#14031 = ORIENTED_EDGE('',*,*,#14032,.F.);
#14032 = EDGE_CURVE('',#11803,#11261,#14033,.T.);
#14033 = SURFACE_CURVE('',#14034,(#14038,#14045),.PCURVE_S1.);
#14034 = LINE('',#14035,#14036);
#14035 = CARTESIAN_POINT('',(4.,-27.6834591186,2.954036255195));
#14036 = VECTOR('',#14037,1.);
#14037 = DIRECTION('',(1.,0.,0.));
#14038 = PCURVE('',#11304,#14039);
#14039 = DEFINITIONAL_REPRESENTATION('',(#14040),#14044);
#14040 = LINE('',#14041,#14042);
#14041 = CARTESIAN_POINT('',(0.,0.));
#14042 = VECTOR('',#14043,1.);
#14043 = DIRECTION('',(0.,1.));
#14044 = ( GEOMETRIC_REPRESENTATION_CONTEXT(2) 
PARAMETRIC_REPRESENTATION_CONTEXT() REPRESENTATION_CONTEXT('2D SPACE',''
  ) );
#14045 = PCURVE('',#11276,#14046);
#14046 = DEFINITIONAL_REPRESENTATION('',(#14047),#14051);
#14047 = LINE('',#14048,#14049);
#14048 = CARTESIAN_POINT('',(0.,0.));
#14049 = VECTOR('',#14050,1.);
#14050 = DIRECTION('',(1.,0.));
#14051 = ( GEOMETRIC_REPRESENTATION_CONTEXT(2) 
PARAMETRIC_REPRESENTATION_CONTEXT() REPRESENTATION_CONTEXT('2D SPACE',''
  ) );
#14052 = ORIENTED_EDGE('',*,*,#11825,.F.);
#14053 = ORIENTED_EDGE('',*,*,#14006,.F.);
#14054 = ADVANCED_FACE('',(#14055),#11276,.T.);
#14055 = FACE_BOUND('',#14056,.T.);
#14056 = EDGE_LOOP('',(#14057,#14078,#14079,#14080));
#14057 = ORIENTED_EDGE('',*,*,#14058,.F.);
#14058 = EDGE_CURVE('',#11780,#11233,#14059,.T.);
#14059 = SURFACE_CURVE('',#14060,(#14064,#14071),.PCURVE_S1.);
#14060 = LINE('',#14061,#14062);
#14061 = CARTESIAN_POINT('',(4.,-34.61166234887,-1.045963744805));
#14062 = VECTOR('',#14063,1.);
#14063 = DIRECTION('',(1.,0.,0.));
#14064 = PCURVE('',#11276,#14065);
#14065 = DEFINITIONAL_REPRESENTATION('',(#14066),#14070);
#14066 = LINE('',#14067,#14068);
#14067 = CARTESIAN_POINT('',(0.,8.));
#14068 = VECTOR('',#14069,1.);
#14069 = DIRECTION('',(1.,0.));
#14070 = ( GEOMETRIC_REPRESENTATION_CONTEXT(2) 
PARAMETRIC_REPRESENTATION_CONTEXT() REPRESENTATION_CONTEXT('2D SPACE',''
  ) );
#14071 = PCURVE('',#11248,#14072);
#14072 = DEFINITIONAL_REPRESENTATION('',(#14073),#14077);
#14073 = LINE('',#14074,#14075);
#14074 = CARTESIAN_POINT('',(0.,0.));
#14075 = VECTOR('',#14076,1.);
#14076 = DIRECTION('',(0.,1.));
#14077 = ( GEOMETRIC_REPRESENTATION_CONTEXT(2) 
PARAMETRIC_REPRESENTATION_CONTEXT() REPRESENTATION_CONTEXT('2D SPACE',''
  ) );
#14078 = ORIENTED_EDGE('',*,*,#11802,.F.);
#14079 = ORIENTED_EDGE('',*,*,#14032,.T.);
#14080 = ORIENTED_EDGE('',*,*,#11260,.T.);
#14081 = ADVANCED_FACE('',(#14082),#11248,.F.);
#14082 = FACE_BOUND('',#14083,.F.);
#14083 = EDGE_LOOP('',(#14084,#14085,#14086,#14087));
#14084 = ORIENTED_EDGE('',*,*,#11232,.T.);
#14085 = ORIENTED_EDGE('',*,*,#14058,.F.);
#14086 = ORIENTED_EDGE('',*,*,#11779,.F.);
#14087 = ORIENTED_EDGE('',*,*,#14088,.F.);
#14088 = EDGE_CURVE('',#11205,#11757,#14089,.T.);
#14089 = SURFACE_CURVE('',#14090,(#14094,#14101),.PCURVE_S1.);
#14090 = LINE('',#14091,#14092);
#14091 = CARTESIAN_POINT('',(1.,-33.96166234887,-2.171796769724));
#14092 = VECTOR('',#14093,1.);
#14093 = DIRECTION('',(-1.,0.,-0.));
#14094 = PCURVE('',#11248,#14095);
#14095 = DEFINITIONAL_REPRESENTATION('',(#14096),#14100);
#14096 = LINE('',#14097,#14098);
#14097 = CARTESIAN_POINT('',(1.3,-3.));
#14098 = VECTOR('',#14099,1.);
#14099 = DIRECTION('',(0.,-1.));
#14100 = ( GEOMETRIC_REPRESENTATION_CONTEXT(2) 
PARAMETRIC_REPRESENTATION_CONTEXT() REPRESENTATION_CONTEXT('2D SPACE',''
  ) );
#14101 = PCURVE('',#11220,#14102);
#14102 = DEFINITIONAL_REPRESENTATION('',(#14103),#14107);
#14103 = LINE('',#14104,#14105);
#14104 = CARTESIAN_POINT('',(10.,-3.));
#14105 = VECTOR('',#14106,1.);
#14106 = DIRECTION('',(-0.,1.));
#14107 = ( GEOMETRIC_REPRESENTATION_CONTEXT(2) 
PARAMETRIC_REPRESENTATION_CONTEXT() REPRESENTATION_CONTEXT('2D SPACE',''
  ) );
#14108 = ADVANCED_FACE('',(#14109),#11220,.T.);
#14109 = FACE_BOUND('',#14110,.T.);
#14110 = EDGE_LOOP('',(#14111,#14112,#14113,#14114));
#14111 = ORIENTED_EDGE('',*,*,#13385,.F.);
#14112 = ORIENTED_EDGE('',*,*,#11756,.F.);
#14113 = ORIENTED_EDGE('',*,*,#14088,.F.);
#14114 = ORIENTED_EDGE('',*,*,#11204,.T.);
#14115 = ADVANCED_FACE('',(#14116),#11530,.T.);
#14116 = FACE_BOUND('',#14117,.T.);
#14117 = EDGE_LOOP('',(#14118,#14119,#14140,#14141));
#14118 = ORIENTED_EDGE('',*,*,#12044,.F.);
#14119 = ORIENTED_EDGE('',*,*,#14120,.T.);
#14120 = EDGE_CURVE('',#12045,#11513,#14121,.T.);
#14121 = SURFACE_CURVE('',#14122,(#14126,#14133),.PCURVE_S1.);
#14122 = LINE('',#14123,#14124);
#14123 = CARTESIAN_POINT('',(1.9,-19.87831323188,2.495127018922));
#14124 = VECTOR('',#14125,1.);
#14125 = DIRECTION('',(1.,0.,0.));
#14126 = PCURVE('',#11530,#14127);
#14127 = DEFINITIONAL_REPRESENTATION('',(#14128),#14132);
#14128 = LINE('',#14129,#14130);
#14129 = CARTESIAN_POINT('',(0.,0.));
#14130 = VECTOR('',#14131,1.);
#14131 = DIRECTION('',(0.,-1.));
#14132 = ( GEOMETRIC_REPRESENTATION_CONTEXT(2) 
PARAMETRIC_REPRESENTATION_CONTEXT() REPRESENTATION_CONTEXT('2D SPACE',''
  ) );
#14133 = PCURVE('',#11980,#14134);
#14134 = DEFINITIONAL_REPRESENTATION('',(#14135),#14139);
#14135 = LINE('',#14136,#14137);
#14136 = CARTESIAN_POINT('',(21.06,0.));
#14137 = VECTOR('',#14138,1.);
#14138 = DIRECTION('',(0.,-1.));
#14139 = ( GEOMETRIC_REPRESENTATION_CONTEXT(2) 
PARAMETRIC_REPRESENTATION_CONTEXT() REPRESENTATION_CONTEXT('2D SPACE',''
  ) );
#14140 = ORIENTED_EDGE('',*,*,#11512,.T.);
#14141 = ORIENTED_EDGE('',*,*,#12874,.T.);
#14142 = ADVANCED_FACE('',(#14143),#11980,.T.);
#14143 = FACE_BOUND('',#14144,.T.);
#14144 = EDGE_LOOP('',(#14145,#14146,#14147,#14148));
#14145 = ORIENTED_EDGE('',*,*,#12488,.F.);
#14146 = ORIENTED_EDGE('',*,*,#13181,.F.);
#14147 = ORIENTED_EDGE('',*,*,#11966,.T.);
#14148 = ORIENTED_EDGE('',*,*,#14120,.F.);
#14149 = ADVANCED_FACE('',(#14150),#11664,.T.);
#14150 = FACE_BOUND('',#14151,.T.);
#14151 = EDGE_LOOP('',(#14152,#14153,#14154,#14155));
#14152 = ORIENTED_EDGE('',*,*,#12175,.F.);
#14153 = ORIENTED_EDGE('',*,*,#12020,.T.);
#14154 = ORIENTED_EDGE('',*,*,#11648,.T.);
#14155 = ORIENTED_EDGE('',*,*,#13354,.T.);
#14156 = ADVANCED_FACE('',(#14157),#12801,.T.);
#14157 = FACE_BOUND('',#14158,.T.);
#14158 = EDGE_LOOP('',(#14159,#14160,#14161,#14189,#14217));
#14159 = ORIENTED_EDGE('',*,*,#12777,.T.);
#14160 = ORIENTED_EDGE('',*,*,#13056,.T.);
#14161 = ORIENTED_EDGE('',*,*,#14162,.T.);
#14162 = EDGE_CURVE('',#13029,#14163,#14165,.T.);
#14163 = VERTEX_POINT('',#14164);
#14164 = CARTESIAN_POINT('',(17.9,-13.07416697508,0.65));
#14165 = SURFACE_CURVE('',#14166,(#14171,#14182),.PCURVE_S1.);
#14166 = CIRCLE('',#14167,1.3);
#14167 = AXIS2_PLACEMENT_3D('',#14168,#14169,#14170);
#14168 = CARTESIAN_POINT('',(17.9,-14.2,0.));
#14169 = DIRECTION('',(-1.,-0.,0.));
#14170 = DIRECTION('',(0.,-0.866025403784,-0.5));
#14171 = PCURVE('',#12801,#14172);
#14172 = DEFINITIONAL_REPRESENTATION('',(#14173),#14181);
#14173 = ( BOUNDED_CURVE() B_SPLINE_CURVE(2,(#14174,#14175,#14176,#14177
    ,#14178,#14179,#14180),.UNSPECIFIED.,.T.,.F.) 
B_SPLINE_CURVE_WITH_KNOTS((1,2,2,2,2,1),(-2.094395102393,0.,
    2.094395102393,4.188790204786,6.28318530718,8.377580409573),
.UNSPECIFIED.) CURVE() GEOMETRIC_REPRESENTATION_ITEM() 
RATIONAL_B_SPLINE_CURVE((1.,0.5,1.,0.5,1.,0.5,1.)) REPRESENTATION_ITEM(
  '') );
#14174 = CARTESIAN_POINT('',(-1.189933451467E-16,-1.3));
#14175 = CARTESIAN_POINT('',(-2.25166604984,-1.3));
#14176 = CARTESIAN_POINT('',(-1.12583302492,0.65));
#14177 = CARTESIAN_POINT('',(-4.37401512925E-16,2.6));
#14178 = CARTESIAN_POINT('',(1.12583302492,0.65));
#14179 = CARTESIAN_POINT('',(2.25166604984,-1.3));
#14180 = CARTESIAN_POINT('',(-1.189933451467E-16,-1.3));
#14181 = ( GEOMETRIC_REPRESENTATION_CONTEXT(2) 
PARAMETRIC_REPRESENTATION_CONTEXT() REPRESENTATION_CONTEXT('2D SPACE',''
  ) );
#14182 = PCURVE('',#13044,#14183);
#14183 = DEFINITIONAL_REPRESENTATION('',(#14184),#14188);
#14184 = LINE('',#14185,#14186);
#14185 = CARTESIAN_POINT('',(-6.28318530718,-17.9));
#14186 = VECTOR('',#14187,1.);
#14187 = DIRECTION('',(1.,-0.));
#14188 = ( GEOMETRIC_REPRESENTATION_CONTEXT(2) 
PARAMETRIC_REPRESENTATION_CONTEXT() REPRESENTATION_CONTEXT('2D SPACE',''
  ) );
#14189 = ORIENTED_EDGE('',*,*,#14190,.T.);
#14190 = EDGE_CURVE('',#14163,#14191,#14193,.T.);
#14191 = VERTEX_POINT('',#14192);
#14192 = CARTESIAN_POINT('',(17.9,-11.60192378864,1.5));
#14193 = SURFACE_CURVE('',#14194,(#14198,#14205),.PCURVE_S1.);
#14194 = LINE('',#14195,#14196);
#14195 = CARTESIAN_POINT('',(17.9,10.82813416937,14.45));
#14196 = VECTOR('',#14197,1.);
#14197 = DIRECTION('',(0.,0.866025403784,0.5));
#14198 = PCURVE('',#12801,#14199);
#14199 = DEFINITIONAL_REPRESENTATION('',(#14200),#14204);
#14200 = LINE('',#14201,#14202);
#14201 = CARTESIAN_POINT('',(0.,28.9));
#14202 = VECTOR('',#14203,1.);
#14203 = DIRECTION('',(0.,1.));
#14204 = ( GEOMETRIC_REPRESENTATION_CONTEXT(2) 
PARAMETRIC_REPRESENTATION_CONTEXT() REPRESENTATION_CONTEXT('2D SPACE',''
  ) );
#14205 = PCURVE('',#14206,#14211);
#14206 = PLANE('',#14207);
#14207 = AXIS2_PLACEMENT_3D('',#14208,#14209,#14210);
#14208 = CARTESIAN_POINT('',(-72.,35.856268338741,28.9));
#14209 = DIRECTION('',(0.,0.5,-0.866025403784));
#14210 = DIRECTION('',(1.,0.,0.));
#14211 = DEFINITIONAL_REPRESENTATION('',(#14212),#14216);
#14212 = LINE('',#14213,#14214);
#14213 = CARTESIAN_POINT('',(89.9,28.9));
#14214 = VECTOR('',#14215,1.);
#14215 = DIRECTION('',(0.,-1.));
#14216 = ( GEOMETRIC_REPRESENTATION_CONTEXT(2) 
PARAMETRIC_REPRESENTATION_CONTEXT() REPRESENTATION_CONTEXT('2D SPACE',''
  ) );
#14217 = ORIENTED_EDGE('',*,*,#14218,.T.);
#14218 = EDGE_CURVE('',#14191,#12741,#14219,.T.);
#14219 = SURFACE_CURVE('',#14220,(#14225,#14232),.PCURVE_S1.);
#14220 = CIRCLE('',#14221,3.);
#14221 = AXIS2_PLACEMENT_3D('',#14222,#14223,#14224);
#14222 = CARTESIAN_POINT('',(17.9,-14.2,0.));
#14223 = DIRECTION('',(1.,0.,0.));
#14224 = DIRECTION('',(0.,-0.866025403784,-0.5));
#14225 = PCURVE('',#12801,#14226);
#14226 = DEFINITIONAL_REPRESENTATION('',(#14227),#14231);
#14227 = CIRCLE('',#14228,3.);
#14228 = AXIS2_PLACEMENT_2D('',#14229,#14230);
#14229 = CARTESIAN_POINT('',(-1.189933451467E-16,-1.982459358957E-15));
#14230 = DIRECTION('',(0.,-1.));
#14231 = ( GEOMETRIC_REPRESENTATION_CONTEXT(2) 
PARAMETRIC_REPRESENTATION_CONTEXT() REPRESENTATION_CONTEXT('2D SPACE',''
  ) );
#14232 = PCURVE('',#12762,#14233);
#14233 = DEFINITIONAL_REPRESENTATION('',(#14234),#14238);
#14234 = LINE('',#14235,#14236);
#14235 = CARTESIAN_POINT('',(-0.,-3.6));
#14236 = VECTOR('',#14237,1.);
#14237 = DIRECTION('',(-1.,0.));
#14238 = ( GEOMETRIC_REPRESENTATION_CONTEXT(2) 
PARAMETRIC_REPRESENTATION_CONTEXT() REPRESENTATION_CONTEXT('2D SPACE',''
  ) );
#14239 = ADVANCED_FACE('',(#14240),#12762,.T.);
#14240 = FACE_BOUND('',#14241,.F.);
#14241 = EDGE_LOOP('',(#14242,#14243,#14267,#14288));
#14242 = ORIENTED_EDGE('',*,*,#12740,.T.);
#14243 = ORIENTED_EDGE('',*,*,#14244,.F.);
#14244 = EDGE_CURVE('',#14245,#12701,#14247,.T.);
#14245 = VERTEX_POINT('',#14246);
#14246 = CARTESIAN_POINT('',(14.3,-11.60192378864,1.5));
#14247 = SURFACE_CURVE('',#14248,(#14253,#14260),.PCURVE_S1.);
#14248 = CIRCLE('',#14249,3.);
#14249 = AXIS2_PLACEMENT_3D('',#14250,#14251,#14252);
#14250 = CARTESIAN_POINT('',(14.3,-14.2,0.));
#14251 = DIRECTION('',(1.,0.,0.));
#14252 = DIRECTION('',(0.,-0.866025403784,-0.5));
#14253 = PCURVE('',#12762,#14254);
#14254 = DEFINITIONAL_REPRESENTATION('',(#14255),#14259);
#14255 = LINE('',#14256,#14257);
#14256 = CARTESIAN_POINT('',(-0.,0.));
#14257 = VECTOR('',#14258,1.);
#14258 = DIRECTION('',(-1.,0.));
#14259 = ( GEOMETRIC_REPRESENTATION_CONTEXT(2) 
PARAMETRIC_REPRESENTATION_CONTEXT() REPRESENTATION_CONTEXT('2D SPACE',''
  ) );
#14260 = PCURVE('',#12724,#14261);
#14261 = DEFINITIONAL_REPRESENTATION('',(#14262),#14266);
#14262 = CIRCLE('',#14263,3.);
#14263 = AXIS2_PLACEMENT_2D('',#14264,#14265);
#14264 = CARTESIAN_POINT('',(-1.189933451467E-16,-1.982459358957E-15));
#14265 = DIRECTION('',(0.,-1.));
#14266 = ( GEOMETRIC_REPRESENTATION_CONTEXT(2) 
PARAMETRIC_REPRESENTATION_CONTEXT() REPRESENTATION_CONTEXT('2D SPACE',''
  ) );
#14267 = ORIENTED_EDGE('',*,*,#14268,.F.);
#14268 = EDGE_CURVE('',#14191,#14245,#14269,.T.);
#14269 = SURFACE_CURVE('',#14270,(#14274,#14281),.PCURVE_S1.);
#14270 = LINE('',#14271,#14272);
#14271 = CARTESIAN_POINT('',(14.3,-11.60192378864,1.5));
#14272 = VECTOR('',#14273,1.);
#14273 = DIRECTION('',(-1.,0.,0.));
#14274 = PCURVE('',#12762,#14275);
#14275 = DEFINITIONAL_REPRESENTATION('',(#14276),#14280);
#14276 = LINE('',#14277,#14278);
#14277 = CARTESIAN_POINT('',(-3.14159265359,0.));
#14278 = VECTOR('',#14279,1.);
#14279 = DIRECTION('',(-0.,1.));
#14280 = ( GEOMETRIC_REPRESENTATION_CONTEXT(2) 
PARAMETRIC_REPRESENTATION_CONTEXT() REPRESENTATION_CONTEXT('2D SPACE',''
  ) );
#14281 = PCURVE('',#14206,#14282);
#14282 = DEFINITIONAL_REPRESENTATION('',(#14283),#14287);
#14283 = LINE('',#14284,#14285);
#14284 = CARTESIAN_POINT('',(86.3,54.8));
#14285 = VECTOR('',#14286,1.);
#14286 = DIRECTION('',(-1.,-0.));
#14287 = ( GEOMETRIC_REPRESENTATION_CONTEXT(2) 
PARAMETRIC_REPRESENTATION_CONTEXT() REPRESENTATION_CONTEXT('2D SPACE',''
  ) );
#14288 = ORIENTED_EDGE('',*,*,#14218,.T.);
#14289 = ADVANCED_FACE('',(#14290),#12724,.F.);
#14290 = FACE_BOUND('',#14291,.F.);
#14291 = EDGE_LOOP('',(#14292,#14293,#14294,#14322,#14343));
#14292 = ORIENTED_EDGE('',*,*,#12700,.T.);
#14293 = ORIENTED_EDGE('',*,*,#13005,.T.);
#14294 = ORIENTED_EDGE('',*,*,#14295,.T.);
#14295 = EDGE_CURVE('',#13006,#14296,#14298,.T.);
#14296 = VERTEX_POINT('',#14297);
#14297 = CARTESIAN_POINT('',(14.3,-13.07416697508,0.65));
#14298 = SURFACE_CURVE('',#14299,(#14304,#14315),.PCURVE_S1.);
#14299 = CIRCLE('',#14300,1.3);
#14300 = AXIS2_PLACEMENT_3D('',#14301,#14302,#14303);
#14301 = CARTESIAN_POINT('',(14.3,-14.2,0.));
#14302 = DIRECTION('',(-1.,-0.,0.));
#14303 = DIRECTION('',(0.,-0.866025403784,-0.5));
#14304 = PCURVE('',#12724,#14305);
#14305 = DEFINITIONAL_REPRESENTATION('',(#14306),#14314);
#14306 = ( BOUNDED_CURVE() B_SPLINE_CURVE(2,(#14307,#14308,#14309,#14310
    ,#14311,#14312,#14313),.UNSPECIFIED.,.T.,.F.) 
B_SPLINE_CURVE_WITH_KNOTS((1,2,2,2,2,1),(-2.094395102393,0.,
    2.094395102393,4.188790204786,6.28318530718,8.377580409573),
.UNSPECIFIED.) CURVE() GEOMETRIC_REPRESENTATION_ITEM() 
RATIONAL_B_SPLINE_CURVE((1.,0.5,1.,0.5,1.,0.5,1.)) REPRESENTATION_ITEM(
  '') );
#14307 = CARTESIAN_POINT('',(-1.189933451467E-16,-1.3));
#14308 = CARTESIAN_POINT('',(-2.25166604984,-1.3));
#14309 = CARTESIAN_POINT('',(-1.12583302492,0.65));
#14310 = CARTESIAN_POINT('',(-4.37401512925E-16,2.6));
#14311 = CARTESIAN_POINT('',(1.12583302492,0.65));
#14312 = CARTESIAN_POINT('',(2.25166604984,-1.3));
#14313 = CARTESIAN_POINT('',(-1.189933451467E-16,-1.3));
#14314 = ( GEOMETRIC_REPRESENTATION_CONTEXT(2) 
PARAMETRIC_REPRESENTATION_CONTEXT() REPRESENTATION_CONTEXT('2D SPACE',''
  ) );
#14315 = PCURVE('',#13044,#14316);
#14316 = DEFINITIONAL_REPRESENTATION('',(#14317),#14321);
#14317 = LINE('',#14318,#14319);
#14318 = CARTESIAN_POINT('',(-6.28318530718,-14.3));
#14319 = VECTOR('',#14320,1.);
#14320 = DIRECTION('',(1.,-0.));
#14321 = ( GEOMETRIC_REPRESENTATION_CONTEXT(2) 
PARAMETRIC_REPRESENTATION_CONTEXT() REPRESENTATION_CONTEXT('2D SPACE',''
  ) );
#14322 = ORIENTED_EDGE('',*,*,#14323,.T.);
#14323 = EDGE_CURVE('',#14296,#14245,#14324,.T.);
#14324 = SURFACE_CURVE('',#14325,(#14329,#14336),.PCURVE_S1.);
#14325 = LINE('',#14326,#14327);
#14326 = CARTESIAN_POINT('',(14.3,10.82813416937,14.45));
#14327 = VECTOR('',#14328,1.);
#14328 = DIRECTION('',(0.,0.866025403784,0.5));
#14329 = PCURVE('',#12724,#14330);
#14330 = DEFINITIONAL_REPRESENTATION('',(#14331),#14335);
#14331 = LINE('',#14332,#14333);
#14332 = CARTESIAN_POINT('',(0.,28.9));
#14333 = VECTOR('',#14334,1.);
#14334 = DIRECTION('',(0.,1.));
#14335 = ( GEOMETRIC_REPRESENTATION_CONTEXT(2) 
PARAMETRIC_REPRESENTATION_CONTEXT() REPRESENTATION_CONTEXT('2D SPACE',''
  ) );
#14336 = PCURVE('',#14206,#14337);
#14337 = DEFINITIONAL_REPRESENTATION('',(#14338),#14342);
#14338 = LINE('',#14339,#14340);
#14339 = CARTESIAN_POINT('',(86.3,28.9));
#14340 = VECTOR('',#14341,1.);
#14341 = DIRECTION('',(0.,-1.));
#14342 = ( GEOMETRIC_REPRESENTATION_CONTEXT(2) 
PARAMETRIC_REPRESENTATION_CONTEXT() REPRESENTATION_CONTEXT('2D SPACE',''
  ) );
#14343 = ORIENTED_EDGE('',*,*,#14244,.T.);
#14344 = ADVANCED_FACE('',(#14345),#12661,.T.);
#14345 = FACE_BOUND('',#14346,.T.);
#14346 = EDGE_LOOP('',(#14347,#14348,#14349,#14377,#14405));
#14347 = ORIENTED_EDGE('',*,*,#12637,.T.);
#14348 = ORIENTED_EDGE('',*,*,#12983,.T.);
#14349 = ORIENTED_EDGE('',*,*,#14350,.T.);
#14350 = EDGE_CURVE('',#12956,#14351,#14353,.T.);
#14351 = VERTEX_POINT('',#14352);
#14352 = CARTESIAN_POINT('',(9.7,-13.07416697508,0.65));
#14353 = SURFACE_CURVE('',#14354,(#14359,#14370),.PCURVE_S1.);
#14354 = CIRCLE('',#14355,1.3);
#14355 = AXIS2_PLACEMENT_3D('',#14356,#14357,#14358);
#14356 = CARTESIAN_POINT('',(9.7,-14.2,0.));
#14357 = DIRECTION('',(-1.,-0.,0.));
#14358 = DIRECTION('',(0.,-0.866025403784,-0.5));
#14359 = PCURVE('',#12661,#14360);
#14360 = DEFINITIONAL_REPRESENTATION('',(#14361),#14369);
#14361 = ( BOUNDED_CURVE() B_SPLINE_CURVE(2,(#14362,#14363,#14364,#14365
    ,#14366,#14367,#14368),.UNSPECIFIED.,.T.,.F.) 
B_SPLINE_CURVE_WITH_KNOTS((1,2,2,2,2,1),(-2.094395102393,0.,
    2.094395102393,4.188790204786,6.28318530718,8.377580409573),
.UNSPECIFIED.) CURVE() GEOMETRIC_REPRESENTATION_ITEM() 
RATIONAL_B_SPLINE_CURVE((1.,0.5,1.,0.5,1.,0.5,1.)) REPRESENTATION_ITEM(
  '') );
#14362 = CARTESIAN_POINT('',(-1.189933451467E-16,-1.3));
#14363 = CARTESIAN_POINT('',(-2.25166604984,-1.3));
#14364 = CARTESIAN_POINT('',(-1.12583302492,0.65));
#14365 = CARTESIAN_POINT('',(-4.37401512925E-16,2.6));
#14366 = CARTESIAN_POINT('',(1.12583302492,0.65));
#14367 = CARTESIAN_POINT('',(2.25166604984,-1.3));
#14368 = CARTESIAN_POINT('',(-1.189933451467E-16,-1.3));
#14369 = ( GEOMETRIC_REPRESENTATION_CONTEXT(2) 
PARAMETRIC_REPRESENTATION_CONTEXT() REPRESENTATION_CONTEXT('2D SPACE',''
  ) );
#14370 = PCURVE('',#12971,#14371);
#14371 = DEFINITIONAL_REPRESENTATION('',(#14372),#14376);
#14372 = LINE('',#14373,#14374);
#14373 = CARTESIAN_POINT('',(-6.28318530718,-9.7));
#14374 = VECTOR('',#14375,1.);
#14375 = DIRECTION('',(1.,-0.));
#14376 = ( GEOMETRIC_REPRESENTATION_CONTEXT(2) 
PARAMETRIC_REPRESENTATION_CONTEXT() REPRESENTATION_CONTEXT('2D SPACE',''
  ) );
#14377 = ORIENTED_EDGE('',*,*,#14378,.T.);
#14378 = EDGE_CURVE('',#14351,#14379,#14381,.T.);
#14379 = VERTEX_POINT('',#14380);
#14380 = CARTESIAN_POINT('',(9.7,-11.60192378864,1.5));
#14381 = SURFACE_CURVE('',#14382,(#14386,#14393),.PCURVE_S1.);
#14382 = LINE('',#14383,#14384);
#14383 = CARTESIAN_POINT('',(9.7,10.82813416937,14.45));
#14384 = VECTOR('',#14385,1.);
#14385 = DIRECTION('',(0.,0.866025403784,0.5));
#14386 = PCURVE('',#12661,#14387);
#14387 = DEFINITIONAL_REPRESENTATION('',(#14388),#14392);
#14388 = LINE('',#14389,#14390);
#14389 = CARTESIAN_POINT('',(0.,28.9));
#14390 = VECTOR('',#14391,1.);
#14391 = DIRECTION('',(0.,1.));
#14392 = ( GEOMETRIC_REPRESENTATION_CONTEXT(2) 
PARAMETRIC_REPRESENTATION_CONTEXT() REPRESENTATION_CONTEXT('2D SPACE',''
  ) );
#14393 = PCURVE('',#14394,#14399);
#14394 = PLANE('',#14395);
#14395 = AXIS2_PLACEMENT_3D('',#14396,#14397,#14398);
#14396 = CARTESIAN_POINT('',(-72.,35.856268338741,28.9));
#14397 = DIRECTION('',(0.,0.5,-0.866025403784));
#14398 = DIRECTION('',(1.,0.,0.));
#14399 = DEFINITIONAL_REPRESENTATION('',(#14400),#14404);
#14400 = LINE('',#14401,#14402);
#14401 = CARTESIAN_POINT('',(81.7,28.9));
#14402 = VECTOR('',#14403,1.);
#14403 = DIRECTION('',(0.,-1.));
#14404 = ( GEOMETRIC_REPRESENTATION_CONTEXT(2) 
PARAMETRIC_REPRESENTATION_CONTEXT() REPRESENTATION_CONTEXT('2D SPACE',''
  ) );
#14405 = ORIENTED_EDGE('',*,*,#14406,.T.);
#14406 = EDGE_CURVE('',#14379,#12604,#14407,.T.);
#14407 = SURFACE_CURVE('',#14408,(#14413,#14420),.PCURVE_S1.);
#14408 = CIRCLE('',#14409,3.);
#14409 = AXIS2_PLACEMENT_3D('',#14410,#14411,#14412);
#14410 = CARTESIAN_POINT('',(9.7,-14.2,0.));
#14411 = DIRECTION('',(1.,0.,0.));
#14412 = DIRECTION('',(0.,-0.866025403784,-0.5));
#14413 = PCURVE('',#12661,#14414);
#14414 = DEFINITIONAL_REPRESENTATION('',(#14415),#14419);
#14415 = CIRCLE('',#14416,3.);
#14416 = AXIS2_PLACEMENT_2D('',#14417,#14418);
#14417 = CARTESIAN_POINT('',(-1.189933451467E-16,-1.982459358957E-15));
#14418 = DIRECTION('',(0.,-1.));
#14419 = ( GEOMETRIC_REPRESENTATION_CONTEXT(2) 
PARAMETRIC_REPRESENTATION_CONTEXT() REPRESENTATION_CONTEXT('2D SPACE',''
  ) );
#14420 = PCURVE('',#12623,#14421);
#14421 = DEFINITIONAL_REPRESENTATION('',(#14422),#14426);
#14422 = LINE('',#14423,#14424);
#14423 = CARTESIAN_POINT('',(-0.,-3.6));
#14424 = VECTOR('',#14425,1.);
#14425 = DIRECTION('',(-1.,0.));
#14426 = ( GEOMETRIC_REPRESENTATION_CONTEXT(2) 
PARAMETRIC_REPRESENTATION_CONTEXT() REPRESENTATION_CONTEXT('2D SPACE',''
  ) );
#14427 = ADVANCED_FACE('',(#14428),#12623,.T.);
#14428 = FACE_BOUND('',#14429,.F.);
#14429 = EDGE_LOOP('',(#14430,#14431,#14455,#14476));
#14430 = ORIENTED_EDGE('',*,*,#12603,.T.);
#14431 = ORIENTED_EDGE('',*,*,#14432,.F.);
#14432 = EDGE_CURVE('',#14433,#12564,#14435,.T.);
#14433 = VERTEX_POINT('',#14434);
#14434 = CARTESIAN_POINT('',(6.1,-11.60192378864,1.5));
#14435 = SURFACE_CURVE('',#14436,(#14441,#14448),.PCURVE_S1.);
#14436 = CIRCLE('',#14437,3.);
#14437 = AXIS2_PLACEMENT_3D('',#14438,#14439,#14440);
#14438 = CARTESIAN_POINT('',(6.1,-14.2,0.));
#14439 = DIRECTION('',(1.,0.,0.));
#14440 = DIRECTION('',(0.,-0.866025403784,-0.5));
#14441 = PCURVE('',#12623,#14442);
#14442 = DEFINITIONAL_REPRESENTATION('',(#14443),#14447);
#14443 = LINE('',#14444,#14445);
#14444 = CARTESIAN_POINT('',(-0.,0.));
#14445 = VECTOR('',#14446,1.);
#14446 = DIRECTION('',(-1.,0.));
#14447 = ( GEOMETRIC_REPRESENTATION_CONTEXT(2) 
PARAMETRIC_REPRESENTATION_CONTEXT() REPRESENTATION_CONTEXT('2D SPACE',''
  ) );
#14448 = PCURVE('',#12587,#14449);
#14449 = DEFINITIONAL_REPRESENTATION('',(#14450),#14454);
#14450 = CIRCLE('',#14451,3.);
#14451 = AXIS2_PLACEMENT_2D('',#14452,#14453);
#14452 = CARTESIAN_POINT('',(-1.189933451467E-16,-1.982459358957E-15));
#14453 = DIRECTION('',(0.,-1.));
#14454 = ( GEOMETRIC_REPRESENTATION_CONTEXT(2) 
PARAMETRIC_REPRESENTATION_CONTEXT() REPRESENTATION_CONTEXT('2D SPACE',''
  ) );
#14455 = ORIENTED_EDGE('',*,*,#14456,.F.);
#14456 = EDGE_CURVE('',#14379,#14433,#14457,.T.);
#14457 = SURFACE_CURVE('',#14458,(#14462,#14469),.PCURVE_S1.);
#14458 = LINE('',#14459,#14460);
#14459 = CARTESIAN_POINT('',(6.1,-11.60192378864,1.5));
#14460 = VECTOR('',#14461,1.);
#14461 = DIRECTION('',(-1.,0.,0.));
#14462 = PCURVE('',#12623,#14463);
#14463 = DEFINITIONAL_REPRESENTATION('',(#14464),#14468);
#14464 = LINE('',#14465,#14466);
#14465 = CARTESIAN_POINT('',(-3.14159265359,0.));
#14466 = VECTOR('',#14467,1.);
#14467 = DIRECTION('',(-0.,1.));
#14468 = ( GEOMETRIC_REPRESENTATION_CONTEXT(2) 
PARAMETRIC_REPRESENTATION_CONTEXT() REPRESENTATION_CONTEXT('2D SPACE',''
  ) );
#14469 = PCURVE('',#14394,#14470);
#14470 = DEFINITIONAL_REPRESENTATION('',(#14471),#14475);
#14471 = LINE('',#14472,#14473);
#14472 = CARTESIAN_POINT('',(78.1,54.8));
#14473 = VECTOR('',#14474,1.);
#14474 = DIRECTION('',(-1.,-0.));
#14475 = ( GEOMETRIC_REPRESENTATION_CONTEXT(2) 
PARAMETRIC_REPRESENTATION_CONTEXT() REPRESENTATION_CONTEXT('2D SPACE',''
  ) );
#14476 = ORIENTED_EDGE('',*,*,#14406,.T.);
#14477 = ADVANCED_FACE('',(#14478),#12587,.F.);
#14478 = FACE_BOUND('',#14479,.F.);
#14479 = EDGE_LOOP('',(#14480,#14481,#14482,#14510,#14531));
#14480 = ORIENTED_EDGE('',*,*,#12563,.T.);
#14481 = ORIENTED_EDGE('',*,*,#12932,.T.);
#14482 = ORIENTED_EDGE('',*,*,#14483,.T.);
#14483 = EDGE_CURVE('',#12933,#14484,#14486,.T.);
#14484 = VERTEX_POINT('',#14485);
#14485 = CARTESIAN_POINT('',(6.1,-13.07416697508,0.65));
#14486 = SURFACE_CURVE('',#14487,(#14492,#14503),.PCURVE_S1.);
#14487 = CIRCLE('',#14488,1.3);
#14488 = AXIS2_PLACEMENT_3D('',#14489,#14490,#14491);
#14489 = CARTESIAN_POINT('',(6.1,-14.2,0.));
#14490 = DIRECTION('',(-1.,-0.,0.));
#14491 = DIRECTION('',(0.,-0.866025403784,-0.5));
#14492 = PCURVE('',#12587,#14493);
#14493 = DEFINITIONAL_REPRESENTATION('',(#14494),#14502);
#14494 = ( BOUNDED_CURVE() B_SPLINE_CURVE(2,(#14495,#14496,#14497,#14498
    ,#14499,#14500,#14501),.UNSPECIFIED.,.T.,.F.) 
B_SPLINE_CURVE_WITH_KNOTS((1,2,2,2,2,1),(-2.094395102393,0.,
    2.094395102393,4.188790204786,6.28318530718,8.377580409573),
.UNSPECIFIED.) CURVE() GEOMETRIC_REPRESENTATION_ITEM() 
RATIONAL_B_SPLINE_CURVE((1.,0.5,1.,0.5,1.,0.5,1.)) REPRESENTATION_ITEM(
  '') );
#14495 = CARTESIAN_POINT('',(-1.189933451467E-16,-1.3));
#14496 = CARTESIAN_POINT('',(-2.25166604984,-1.3));
#14497 = CARTESIAN_POINT('',(-1.12583302492,0.65));
#14498 = CARTESIAN_POINT('',(-4.37401512925E-16,2.6));
#14499 = CARTESIAN_POINT('',(1.12583302492,0.65));
#14500 = CARTESIAN_POINT('',(2.25166604984,-1.3));
#14501 = CARTESIAN_POINT('',(-1.189933451467E-16,-1.3));
#14502 = ( GEOMETRIC_REPRESENTATION_CONTEXT(2) 
PARAMETRIC_REPRESENTATION_CONTEXT() REPRESENTATION_CONTEXT('2D SPACE',''
  ) );
#14503 = PCURVE('',#12971,#14504);
#14504 = DEFINITIONAL_REPRESENTATION('',(#14505),#14509);
#14505 = LINE('',#14506,#14507);
#14506 = CARTESIAN_POINT('',(-6.28318530718,-6.1));
#14507 = VECTOR('',#14508,1.);
#14508 = DIRECTION('',(1.,-0.));
#14509 = ( GEOMETRIC_REPRESENTATION_CONTEXT(2) 
PARAMETRIC_REPRESENTATION_CONTEXT() REPRESENTATION_CONTEXT('2D SPACE',''
  ) );
#14510 = ORIENTED_EDGE('',*,*,#14511,.T.);
#14511 = EDGE_CURVE('',#14484,#14433,#14512,.T.);
#14512 = SURFACE_CURVE('',#14513,(#14517,#14524),.PCURVE_S1.);
#14513 = LINE('',#14514,#14515);
#14514 = CARTESIAN_POINT('',(6.1,10.82813416937,14.45));
#14515 = VECTOR('',#14516,1.);
#14516 = DIRECTION('',(0.,0.866025403784,0.5));
#14517 = PCURVE('',#12587,#14518);
#14518 = DEFINITIONAL_REPRESENTATION('',(#14519),#14523);
#14519 = LINE('',#14520,#14521);
#14520 = CARTESIAN_POINT('',(0.,28.9));
#14521 = VECTOR('',#14522,1.);
#14522 = DIRECTION('',(0.,1.));
#14523 = ( GEOMETRIC_REPRESENTATION_CONTEXT(2) 
PARAMETRIC_REPRESENTATION_CONTEXT() REPRESENTATION_CONTEXT('2D SPACE',''
  ) );
#14524 = PCURVE('',#14394,#14525);
#14525 = DEFINITIONAL_REPRESENTATION('',(#14526),#14530);
#14526 = LINE('',#14527,#14528);
#14527 = CARTESIAN_POINT('',(78.1,28.9));
#14528 = VECTOR('',#14529,1.);
#14529 = DIRECTION('',(0.,-1.));
#14530 = ( GEOMETRIC_REPRESENTATION_CONTEXT(2) 
PARAMETRIC_REPRESENTATION_CONTEXT() REPRESENTATION_CONTEXT('2D SPACE',''
  ) );
#14531 = ORIENTED_EDGE('',*,*,#14432,.T.);
#14532 = ADVANCED_FACE('',(#14533),#13044,.F.);
#14533 = FACE_BOUND('',#14534,.T.);
#14534 = EDGE_LOOP('',(#14535,#14536,#14537,#14558));
#14535 = ORIENTED_EDGE('',*,*,#13028,.F.);
#14536 = ORIENTED_EDGE('',*,*,#14295,.T.);
#14537 = ORIENTED_EDGE('',*,*,#14538,.F.);
#14538 = EDGE_CURVE('',#14163,#14296,#14539,.T.);
#14539 = SURFACE_CURVE('',#14540,(#14544,#14551),.PCURVE_S1.);
#14540 = LINE('',#14541,#14542);
#14541 = CARTESIAN_POINT('',(0.,-13.07416697508,0.65));
#14542 = VECTOR('',#14543,1.);
#14543 = DIRECTION('',(-1.,0.,0.));
#14544 = PCURVE('',#13044,#14545);
#14545 = DEFINITIONAL_REPRESENTATION('',(#14546),#14550);
#14546 = LINE('',#14547,#14548);
#14547 = CARTESIAN_POINT('',(-3.14159265359,0.));
#14548 = VECTOR('',#14549,1.);
#14549 = DIRECTION('',(-0.,1.));
#14550 = ( GEOMETRIC_REPRESENTATION_CONTEXT(2) 
PARAMETRIC_REPRESENTATION_CONTEXT() REPRESENTATION_CONTEXT('2D SPACE',''
  ) );
#14551 = PCURVE('',#14206,#14552);
#14552 = DEFINITIONAL_REPRESENTATION('',(#14553),#14557);
#14553 = LINE('',#14554,#14555);
#14554 = CARTESIAN_POINT('',(72.,56.5));
#14555 = VECTOR('',#14556,1.);
#14556 = DIRECTION('',(-1.,-0.));
#14557 = ( GEOMETRIC_REPRESENTATION_CONTEXT(2) 
PARAMETRIC_REPRESENTATION_CONTEXT() REPRESENTATION_CONTEXT('2D SPACE',''
  ) );
#14558 = ORIENTED_EDGE('',*,*,#14162,.F.);
#14559 = ADVANCED_FACE('',(#14560),#12971,.F.);
#14560 = FACE_BOUND('',#14561,.T.);
#14561 = EDGE_LOOP('',(#14562,#14563,#14564,#14585));
#14562 = ORIENTED_EDGE('',*,*,#12955,.F.);
#14563 = ORIENTED_EDGE('',*,*,#14483,.T.);
#14564 = ORIENTED_EDGE('',*,*,#14565,.F.);
#14565 = EDGE_CURVE('',#14351,#14484,#14566,.T.);
#14566 = SURFACE_CURVE('',#14567,(#14571,#14578),.PCURVE_S1.);
#14567 = LINE('',#14568,#14569);
#14568 = CARTESIAN_POINT('',(0.,-13.07416697508,0.65));
#14569 = VECTOR('',#14570,1.);
#14570 = DIRECTION('',(-1.,0.,0.));
#14571 = PCURVE('',#12971,#14572);
#14572 = DEFINITIONAL_REPRESENTATION('',(#14573),#14577);
#14573 = LINE('',#14574,#14575);
#14574 = CARTESIAN_POINT('',(-3.14159265359,0.));
#14575 = VECTOR('',#14576,1.);
#14576 = DIRECTION('',(-0.,1.));
#14577 = ( GEOMETRIC_REPRESENTATION_CONTEXT(2) 
PARAMETRIC_REPRESENTATION_CONTEXT() REPRESENTATION_CONTEXT('2D SPACE',''
  ) );
#14578 = PCURVE('',#14394,#14579);
#14579 = DEFINITIONAL_REPRESENTATION('',(#14580),#14584);
#14580 = LINE('',#14581,#14582);
#14581 = CARTESIAN_POINT('',(72.,56.5));
#14582 = VECTOR('',#14583,1.);
#14583 = DIRECTION('',(-1.,-0.));
#14584 = ( GEOMETRIC_REPRESENTATION_CONTEXT(2) 
PARAMETRIC_REPRESENTATION_CONTEXT() REPRESENTATION_CONTEXT('2D SPACE',''
  ) );
#14585 = ORIENTED_EDGE('',*,*,#14350,.F.);
#14586 = ADVANCED_FACE('',(#14587),#14206,.T.);
#14587 = FACE_BOUND('',#14588,.T.);
#14588 = EDGE_LOOP('',(#14589,#14590,#14591,#14592));
#14589 = ORIENTED_EDGE('',*,*,#14190,.F.);
#14590 = ORIENTED_EDGE('',*,*,#14538,.T.);
#14591 = ORIENTED_EDGE('',*,*,#14323,.T.);
#14592 = ORIENTED_EDGE('',*,*,#14268,.F.);
#14593 = ADVANCED_FACE('',(#14594),#14394,.T.);
#14594 = FACE_BOUND('',#14595,.T.);
#14595 = EDGE_LOOP('',(#14596,#14597,#14598,#14599));
#14596 = ORIENTED_EDGE('',*,*,#14565,.T.);
#14597 = ORIENTED_EDGE('',*,*,#14511,.T.);
#14598 = ORIENTED_EDGE('',*,*,#14456,.F.);
#14599 = ORIENTED_EDGE('',*,*,#14378,.F.);
#14600 = ( GEOMETRIC_REPRESENTATION_CONTEXT(3) 
GLOBAL_UNCERTAINTY_ASSIGNED_CONTEXT((#14604)) 
GLOBAL_UNIT_ASSIGNED_CONTEXT((#14601,#14602,#14603)) 
REPRESENTATION_CONTEXT('Context #1',
  '3D Context with UNIT and UNCERTAINTY') );
#14601 = ( LENGTH_UNIT() NAMED_UNIT(*) SI_UNIT(.MILLI.,.METRE.) );
#14602 = ( NAMED_UNIT(*) PLANE_ANGLE_UNIT() SI_UNIT($,.RADIAN.) );
#14603 = ( NAMED_UNIT(*) SI_UNIT($,.STERADIAN.) SOLID_ANGLE_UNIT() );
#14604 = UNCERTAINTY_MEASURE_WITH_UNIT(LENGTH_MEASURE(2.E-06),#14601,
  'distance_accuracy_value','confusion accuracy');
#14605 = CONTEXT_DEPENDENT_SHAPE_REPRESENTATION(#14606,#14608);
#14606 = ( REPRESENTATION_RELATIONSHIP('','',#7604,#10) 
REPRESENTATION_RELATIONSHIP_WITH_TRANSFORMATION(#14607) 
SHAPE_REPRESENTATION_RELATIONSHIP() );
#14607 = ITEM_DEFINED_TRANSFORMATION('','',#11,#19);
#14608 = PRODUCT_DEFINITION_SHAPE('Placement','Placement of an item',
  #14609);
#14609 = NEXT_ASSEMBLY_USAGE_OCCURRENCE('4','bottom_shell_palmar','',#5,
  #7599,$);
#14610 = PRODUCT_RELATED_PRODUCT_CATEGORY('part',$,(#7601));
#14611 = MECHANICAL_DESIGN_GEOMETRIC_PRESENTATION_REPRESENTATION('',(
    #14612),#14600);
#14612 = STYLED_ITEM('color',(#14613),#7605);
#14613 = PRESENTATION_STYLE_ASSIGNMENT((#14614));
#14614 = SURFACE_STYLE_USAGE(.BOTH.,#14615);
#14615 = SURFACE_SIDE_STYLE('',(#14616));
#14616 = SURFACE_STYLE_FILL_AREA(#14617);
#14617 = FILL_AREA_STYLE('',(#14618));
#14618 = FILL_AREA_STYLE_COLOUR('',#14619);
#14619 = COLOUR_RGB('',0.399999997426,0.599999994755,0.800000010877);
#14620 = MECHANICAL_DESIGN_GEOMETRIC_PRESENTATION_REPRESENTATION('',(
    #14621),#7586);
#14621 = STYLED_ITEM('color',(#14622),#37);
#14622 = PRESENTATION_STYLE_ASSIGNMENT((#14623));
#14623 = SURFACE_STYLE_USAGE(.BOTH.,#14624);
#14624 = SURFACE_SIDE_STYLE('',(#14625));
#14625 = SURFACE_STYLE_FILL_AREA(#14626);
#14626 = FILL_AREA_STYLE('',(#14627));
#14627 = FILL_AREA_STYLE_COLOUR('',#14628);
#14628 = COLOUR_RGB('',0.850000012718,0.630000008194,0.399999997426);
ENDSEC;
END-ISO-10303-21;
