ISO-10303-21;
HEADER;
FILE_DESCRIPTION(('Open CASCADE Model'),'2;1');
FILE_NAME('Open CASCADE Shape Model','2026-10-08T05:19:55',('Author'),(
    'Open CASCADE'),'Open CASCADE STEP processor 7.9','Open CASCADE 7.9'
  ,'Unknown');
FILE_SCHEMA(('AUTOMOTIVE_DESIGN { 1 0 10303 214 1 1 1 1 }'));
ENDSEC;
DATA;
#1 = APPLICATION_PROTOCOL_DEFINITION('international standard',
  'automotive_design',2000,#2);
#2 = APPLICATION_CONTEXT(
  'core data for automotive mechanical design processes');
#3 = SHAPE_DEFINITION_REPRESENTATION(#4,#10);
#4 = PRODUCT_DEFINITION_SHAPE('','',#5);
#5 = PRODUCT_DEFINITION('design','',#6,#9);
#6 = PRODUCT_DEFINITION_FORMATION('','',#7);
#7 = PRODUCT('Open CASCADE STEP translator 7.9 5',
  'Open CASCADE STEP translator 7.9 5','',(#8));
#8 = PRODUCT_CONTEXT('',#2,'mechanical');
#9 = PRODUCT_DEFINITION_CONTEXT('part definition',#2,'design');
#10 = ADVANCED_BREP_SHAPE_REPRESENTATION('',(#11,#15),#7010);
#11 = AXIS2_PLACEMENT_3D('',#12,#13,#14);
#12 = CARTESIAN_POINT('',(0.,0.,0.));
#13 = DIRECTION('',(0.,0.,1.));
#14 = DIRECTION('',(1.,0.,-0.));
#15 = MANIFOLD_SOLID_BREP('',#16);
#16 = CLOSED_SHELL('',(#17,#761,#1299,#1421,#1998,#2047,#2512,#2887,
    #2936,#3327,#3376,#3869,#3918,#4401,#4450,#4918,#4945,#5315,#5488,
    #5621,#5648,#5675,#5702,#5729,#5756,#5869,#5896,#5923,#5950,#5977,
    #6004,#6031,#6058,#6085,#6112,#6139,#6166,#6193,#6220,#6247,#6274,
    #6301,#6328,#6355,#6362,#6369,#6396,#6403,#6410,#6437,#6464,#6491,
    #6518,#6525,#6552,#6559,#6566,#6649,#6699,#6754,#6837,#6887,#6942,
    #6969,#6996,#7003));
#17 = ADVANCED_FACE('',(#18),#33,.F.);
#18 = FACE_BOUND('',#19,.F.);
#19 = EDGE_LOOP('',(#20,#59,#87,#175,#212,#300,#328,#416,#453,#541,#569,
    #598,#626,#666,#700,#740));
#20 = ORIENTED_EDGE('',*,*,#21,.F.);
#21 = EDGE_CURVE('',#22,#24,#26,.T.);
#22 = VERTEX_POINT('',#23);
#23 = CARTESIAN_POINT('',(-10.2,6.,24.0000001));
#24 = VERTEX_POINT('',#25);
#25 = CARTESIAN_POINT('',(-1.7763568394E-15,11.7,24.0000001));
#26 = SURFACE_CURVE('',#27,(#32,#47),.PCURVE_S1.);
#27 = ELLIPSE('',#28,10.2,5.7);
#28 = AXIS2_PLACEMENT_3D('',#29,#30,#31);
#29 = CARTESIAN_POINT('',(0.,6.,24.0000001));
#30 = DIRECTION('',(1.110223024625E-16,0.,-1.));
#31 = DIRECTION('',(1.,1.110223024625E-16,1.110223024625E-16));
#32 = PCURVE('',#33,#41);
#33 = SURFACE_OF_LINEAR_EXTRUSION('',#34,#39);
#34 = ELLIPSE('',#35,10.2,5.7);
#35 = AXIS2_PLACEMENT_3D('',#36,#37,#38);
#36 = CARTESIAN_POINT('',(0.,6.,24.0000001));
#37 = DIRECTION('',(1.110223024625E-16,0.,-1.));
#38 = DIRECTION('',(1.,1.110223024625E-16,1.110223024625E-16));
#39 = VECTOR('',#40,1.);
#40 = DIRECTION('',(-1.110223024625E-16,-0.,1.));
#41 = DEFINITIONAL_REPRESENTATION('',(#42),#46);
#42 = LINE('',#43,#44);
#43 = CARTESIAN_POINT('',(0.,0.));
#44 = VECTOR('',#45,1.);
#45 = DIRECTION('',(1.,0.));
#46 = ( GEOMETRIC_REPRESENTATION_CONTEXT(2) 
PARAMETRIC_REPRESENTATION_CONTEXT() REPRESENTATION_CONTEXT('2D SPACE',''
  ) );
#47 = PCURVE('',#48,#53);
#48 = PLANE('',#49);
#49 = AXIS2_PLACEMENT_3D('',#50,#51,#52);
#50 = CARTESIAN_POINT('',(-5.254248707375E-16,1.098615638815E-15,
    24.0000001));
#51 = DIRECTION('',(1.110223024625E-16,0.,-1.));
#52 = DIRECTION('',(1.,0.,1.110223024625E-16));
#53 = DEFINITIONAL_REPRESENTATION('',(#54),#58);
#54 = ELLIPSE('',#55,10.2,5.7);
#55 = AXIS2_PLACEMENT_2D('',#56,#57);
#56 = CARTESIAN_POINT('',(5.254248707375E-16,-6.));
#57 = DIRECTION('',(1.,-1.110223024625E-16));
#58 = ( GEOMETRIC_REPRESENTATION_CONTEXT(2) 
PARAMETRIC_REPRESENTATION_CONTEXT() REPRESENTATION_CONTEXT('2D SPACE',''
  ) );
#59 = ORIENTED_EDGE('',*,*,#60,.T.);
#60 = EDGE_CURVE('',#22,#61,#63,.T.);
#61 = VERTEX_POINT('',#62);
#62 = CARTESIAN_POINT('',(-10.2,6.,22.1000001));
#63 = SURFACE_CURVE('',#64,(#68,#75),.PCURVE_S1.);
#64 = LINE('',#65,#66);
#65 = CARTESIAN_POINT('',(-10.2,6.,24.0000001));
#66 = VECTOR('',#67,1.);
#67 = DIRECTION('',(1.110223024625E-16,0.,-1.));
#68 = PCURVE('',#33,#69);
#69 = DEFINITIONAL_REPRESENTATION('',(#70),#74);
#70 = LINE('',#71,#72);
#71 = CARTESIAN_POINT('',(3.14159265359,0.));
#72 = VECTOR('',#73,1.);
#73 = DIRECTION('',(0.,-1.));
#74 = ( GEOMETRIC_REPRESENTATION_CONTEXT(2) 
PARAMETRIC_REPRESENTATION_CONTEXT() REPRESENTATION_CONTEXT('2D SPACE',''
  ) );
#75 = PCURVE('',#76,#81);
#76 = PLANE('',#77);
#77 = AXIS2_PLACEMENT_3D('',#78,#79,#80);
#78 = CARTESIAN_POINT('',(-10.2,-6.,24.0000001));
#79 = DIRECTION('',(1.,0.,1.110223024625E-16));
#80 = DIRECTION('',(0.,1.,0.));
#81 = DEFINITIONAL_REPRESENTATION('',(#82),#86);
#82 = LINE('',#83,#84);
#83 = CARTESIAN_POINT('',(12.,0.));
#84 = VECTOR('',#85,1.);
#85 = DIRECTION('',(0.,-1.));
#86 = ( GEOMETRIC_REPRESENTATION_CONTEXT(2) 
PARAMETRIC_REPRESENTATION_CONTEXT() REPRESENTATION_CONTEXT('2D SPACE',''
  ) );
#87 = ORIENTED_EDGE('',*,*,#88,.F.);
#88 = EDGE_CURVE('',#89,#61,#91,.T.);
#89 = VERTEX_POINT('',#90);
#90 = CARTESIAN_POINT('',(-6.190932427456,10.53,22.1000001));
#91 = SURFACE_CURVE('',#92,(#116,#143),.PCURVE_S1.);
#92 = B_SPLINE_CURVE_WITH_KNOTS('',8,(#93,#94,#95,#96,#97,#98,#99,#100,
    #101,#102,#103,#104,#105,#106,#107,#108,#109,#110,#111,#112,#113,
    #114,#115),.UNSPECIFIED.,.F.,.F.,(9,7,7,9),(0.,0.60812654743,
    0.761318664772,1.),.UNSPECIFIED.);
#93 = CARTESIAN_POINT('',(-6.190932427456,10.53,22.1000001));
#94 = CARTESIAN_POINT('',(-6.64025698997,10.338235863251,22.1000001));
#95 = CARTESIAN_POINT('',(-7.079158519064,10.125735409725,22.1000001));
#96 = CARTESIAN_POINT('',(-7.507127588475,9.890504988747,22.1000001));
#97 = CARTESIAN_POINT('',(-7.92172093018,9.630322927416,22.1000001));
#98 = CARTESIAN_POINT('',(-8.318790020124,9.343027009361,22.1000001));
#99 = CARTESIAN_POINT('',(-8.692280956781,9.026379189735,22.1000001));
#100 = CARTESIAN_POINT('',(-9.034594897305,8.678491420768,22.1000001));
#101 = CARTESIAN_POINT('',(-9.411250363727,8.200356676943,22.1000001));
#102 = CARTESIAN_POINT('',(-9.484345362735,8.102068914926,22.1000001));
#103 = CARTESIAN_POINT('',(-9.55456364718,8.001697683307,22.1000001));
#104 = CARTESIAN_POINT('',(-9.621706906204,7.899251182116,22.1000001));
#105 = CARTESIAN_POINT('',(-9.685564009353,7.794754001195,22.1000001));
#106 = CARTESIAN_POINT('',(-9.745915187239,7.688249595779,22.1000001));
#107 = CARTESIAN_POINT('',(-9.802536212221,7.579802762071,22.1000001));
#108 = CARTESIAN_POINT('',(-9.937259534613,7.297647929353,22.1000001));
#109 = CARTESIAN_POINT('',(-10.0097623148,7.121199593405,22.1000001));
#110 = CARTESIAN_POINT('',(-10.07178486005,6.94061126145,22.1000001));
#111 = CARTESIAN_POINT('',(-10.12247179383,6.756450286824,22.1000001));
#112 = CARTESIAN_POINT('',(-10.16107871423,6.569406563087,22.1000001));
#113 = CARTESIAN_POINT('',(-10.18703083837,6.380305005001,22.1000001));
#114 = CARTESIAN_POINT('',(-10.2,6.190121167121,22.1000001));
#115 = CARTESIAN_POINT('',(-10.2,6.,22.1000001));
#116 = PCURVE('',#33,#117);
#117 = DEFINITIONAL_REPRESENTATION('',(#118),#142);
#118 = B_SPLINE_CURVE_WITH_KNOTS('',8,(#119,#120,#121,#122,#123,#124,
    #125,#126,#127,#128,#129,#130,#131,#132,#133,#134,#135,#136,#137,
    #138,#139,#140,#141),.UNSPECIFIED.,.F.,.F.,(9,7,7,9),(0.,
    0.60812654743,0.761318664772,1.),.UNSPECIFIED.);
#119 = CARTESIAN_POINT('',(4.060166538652,-1.9));
#120 = CARTESIAN_POINT('',(4.004737589893,-1.9));
#121 = CARTESIAN_POINT('',(3.947912547782,-1.9));
#122 = CARTESIAN_POINT('',(3.889260366232,-1.9));
#123 = CARTESIAN_POINT('',(3.828416607071,-1.9));
#124 = CARTESIAN_POINT('',(3.765068072036,-1.9));
#125 = CARTESIAN_POINT('',(3.698873944549,-1.9));
#126 = CARTESIAN_POINT('',(3.629492374284,-1.9));
#127 = CARTESIAN_POINT('',(3.53784080648,-1.9));
#128 = CARTESIAN_POINT('',(3.519171558414,-1.9));
#129 = CARTESIAN_POINT('',(3.500271883647,-1.9));
#130 = CARTESIAN_POINT('',(3.481140345851,-1.9));
#131 = CARTESIAN_POINT('',(3.461777584049,-1.9));
#132 = CARTESIAN_POINT('',(3.442186568268,-1.9));
#133 = CARTESIAN_POINT('',(3.422372855195,-1.9));
#134 = CARTESIAN_POINT('',(3.371140154095,-1.9));
#135 = CARTESIAN_POINT('',(3.339398231082,-1.9));
#136 = CARTESIAN_POINT('',(3.307173032672,-1.9));
#137 = CARTESIAN_POINT('',(3.274529565461,-1.9));
#138 = CARTESIAN_POINT('',(3.241545126847,-1.9));
#139 = CARTESIAN_POINT('',(3.208312806083,-1.9));
#140 = CARTESIAN_POINT('',(3.174947244313,-1.9));
#141 = CARTESIAN_POINT('',(3.14159265359,-1.9));
#142 = ( GEOMETRIC_REPRESENTATION_CONTEXT(2) 
PARAMETRIC_REPRESENTATION_CONTEXT() REPRESENTATION_CONTEXT('2D SPACE',''
  ) );
#143 = PCURVE('',#144,#149);
#144 = PLANE('',#145);
#145 = AXIS2_PLACEMENT_3D('',#146,#147,#148);
#146 = CARTESIAN_POINT('',(-8.,0.,22.1000001));
#147 = DIRECTION('',(1.110223024625E-16,0.,-1.));
#148 = DIRECTION('',(1.,0.,1.110223024625E-16));
#149 = DEFINITIONAL_REPRESENTATION('',(#150),#174);
#150 = B_SPLINE_CURVE_WITH_KNOTS('',8,(#151,#152,#153,#154,#155,#156,
    #157,#158,#159,#160,#161,#162,#163,#164,#165,#166,#167,#168,#169,
    #170,#171,#172,#173),.UNSPECIFIED.,.F.,.F.,(9,7,7,9),(0.,
    0.60812654743,0.761318664772,1.),.UNSPECIFIED.);
#151 = CARTESIAN_POINT('',(1.809067572544,-10.53));
#152 = CARTESIAN_POINT('',(1.35974301003,-10.33823586325));
#153 = CARTESIAN_POINT('',(0.920841480936,-10.12573540972));
#154 = CARTESIAN_POINT('',(0.492872411525,-9.890504988747));
#155 = CARTESIAN_POINT('',(7.827906981997E-02,-9.630322927416));
#156 = CARTESIAN_POINT('',(-0.318790020124,-9.343027009361));
#157 = CARTESIAN_POINT('',(-0.692280956781,-9.026379189735));
#158 = CARTESIAN_POINT('',(-1.034594897305,-8.678491420768));
#159 = CARTESIAN_POINT('',(-1.411250363727,-8.200356676943));
#160 = CARTESIAN_POINT('',(-1.484345362735,-8.102068914926));
#161 = CARTESIAN_POINT('',(-1.55456364718,-8.001697683307));
#162 = CARTESIAN_POINT('',(-1.621706906204,-7.899251182116));
#163 = CARTESIAN_POINT('',(-1.685564009353,-7.794754001195));
#164 = CARTESIAN_POINT('',(-1.745915187239,-7.688249595779));
#165 = CARTESIAN_POINT('',(-1.802536212221,-7.579802762071));
#166 = CARTESIAN_POINT('',(-1.937259534613,-7.297647929353));
#167 = CARTESIAN_POINT('',(-2.009762314807,-7.121199593405));
#168 = CARTESIAN_POINT('',(-2.07178486005,-6.94061126145));
#169 = CARTESIAN_POINT('',(-2.122471793838,-6.756450286824));
#170 = CARTESIAN_POINT('',(-2.161078714235,-6.569406563087));
#171 = CARTESIAN_POINT('',(-2.187030838377,-6.380305005001));
#172 = CARTESIAN_POINT('',(-2.2,-6.190121167121));
#173 = CARTESIAN_POINT('',(-2.2,-6.));
#174 = ( GEOMETRIC_REPRESENTATION_CONTEXT(2) 
PARAMETRIC_REPRESENTATION_CONTEXT() REPRESENTATION_CONTEXT('2D SPACE',''
  ) );
#175 = ORIENTED_EDGE('',*,*,#176,.F.);
#176 = EDGE_CURVE('',#177,#89,#179,.T.);
#177 = VERTEX_POINT('',#178);
#178 = CARTESIAN_POINT('',(-6.190932427456,10.53,18.9000001));
#179 = SURFACE_CURVE('',#180,(#187,#197),.PCURVE_S1.);
#180 = B_SPLINE_CURVE_WITH_KNOTS('',5,(#181,#182,#183,#184,#185,#186),
  .UNSPECIFIED.,.F.,.F.,(6,6),(0.,1.),.PIECEWISE_BEZIER_KNOTS.);
#181 = CARTESIAN_POINT('',(-6.190932427456,10.53,18.9000001));
#182 = CARTESIAN_POINT('',(-6.190932427456,10.53,19.237024764168));
#183 = CARTESIAN_POINT('',(-6.190932427456,10.53,20.116111329778));
#184 = CARTESIAN_POINT('',(-6.190932427456,10.53,20.857146040192));
#185 = CARTESIAN_POINT('',(-6.190932427456,10.53,21.373199394931));
#186 = CARTESIAN_POINT('',(-6.190932427456,10.53,22.1000001));
#187 = PCURVE('',#33,#188);
#188 = DEFINITIONAL_REPRESENTATION('',(#189),#196);
#189 = B_SPLINE_CURVE_WITH_KNOTS('',5,(#190,#191,#192,#193,#194,#195),
  .UNSPECIFIED.,.F.,.F.,(6,6),(0.,1.),.PIECEWISE_BEZIER_KNOTS.);
#190 = CARTESIAN_POINT('',(4.060166538652,-5.1));
#191 = CARTESIAN_POINT('',(4.060166538652,-4.762975335832));
#192 = CARTESIAN_POINT('',(4.060166538652,-3.883888770222));
#193 = CARTESIAN_POINT('',(4.060166538652,-3.142854059808));
#194 = CARTESIAN_POINT('',(4.060166538652,-2.626800705069));
#195 = CARTESIAN_POINT('',(4.060166538652,-1.9));
#196 = ( GEOMETRIC_REPRESENTATION_CONTEXT(2) 
PARAMETRIC_REPRESENTATION_CONTEXT() REPRESENTATION_CONTEXT('2D SPACE',''
  ) );
#197 = PCURVE('',#198,#203);
#198 = PLANE('',#199);
#199 = AXIS2_PLACEMENT_3D('',#200,#201,#202);
#200 = CARTESIAN_POINT('',(-11.,10.53,22.1000001));
#201 = DIRECTION('',(0.,-1.,0.));
#202 = DIRECTION('',(1.,0.,1.110223024625E-16));
#203 = DEFINITIONAL_REPRESENTATION('',(#204),#211);
#204 = B_SPLINE_CURVE_WITH_KNOTS('',5,(#205,#206,#207,#208,#209,#210),
  .UNSPECIFIED.,.F.,.F.,(6,6),(0.,1.),.PIECEWISE_BEZIER_KNOTS.);
#205 = CARTESIAN_POINT('',(4.809067572544,-3.2));
#206 = CARTESIAN_POINT('',(4.809067572544,-2.862975335832));
#207 = CARTESIAN_POINT('',(4.809067572544,-1.983888770222));
#208 = CARTESIAN_POINT('',(4.809067572544,-1.242854059808));
#209 = CARTESIAN_POINT('',(4.809067572544,-0.726800705069));
#210 = CARTESIAN_POINT('',(4.809067572544,0.));
#211 = ( GEOMETRIC_REPRESENTATION_CONTEXT(2) 
PARAMETRIC_REPRESENTATION_CONTEXT() REPRESENTATION_CONTEXT('2D SPACE',''
  ) );
#212 = ORIENTED_EDGE('',*,*,#213,.T.);
#213 = EDGE_CURVE('',#177,#214,#216,.T.);
#214 = VERTEX_POINT('',#215);
#215 = CARTESIAN_POINT('',(-10.2,6.,18.9000001));
#216 = SURFACE_CURVE('',#217,(#241,#268),.PCURVE_S1.);
#217 = B_SPLINE_CURVE_WITH_KNOTS('',8,(#218,#219,#220,#221,#222,#223,
    #224,#225,#226,#227,#228,#229,#230,#231,#232,#233,#234,#235,#236,
    #237,#238,#239,#240),.UNSPECIFIED.,.F.,.F.,(9,7,7,9),(0.,
    0.60812654743,0.761318664772,1.),.UNSPECIFIED.);
#218 = CARTESIAN_POINT('',(-6.190932427456,10.53,18.9000001));
#219 = CARTESIAN_POINT('',(-6.64025698997,10.338235863251,18.9000001));
#220 = CARTESIAN_POINT('',(-7.079158519064,10.125735409725,18.9000001));
#221 = CARTESIAN_POINT('',(-7.507127588475,9.890504988747,18.9000001));
#222 = CARTESIAN_POINT('',(-7.92172093018,9.630322927416,18.9000001));
#223 = CARTESIAN_POINT('',(-8.318790020124,9.343027009361,18.9000001));
#224 = CARTESIAN_POINT('',(-8.692280956781,9.026379189735,18.9000001));
#225 = CARTESIAN_POINT('',(-9.034594897305,8.678491420768,18.9000001));
#226 = CARTESIAN_POINT('',(-9.411250363727,8.200356676943,18.9000001));
#227 = CARTESIAN_POINT('',(-9.484345362735,8.102068914926,18.9000001));
#228 = CARTESIAN_POINT('',(-9.55456364718,8.001697683307,18.9000001));
#229 = CARTESIAN_POINT('',(-9.621706906204,7.899251182116,18.9000001));
#230 = CARTESIAN_POINT('',(-9.685564009353,7.794754001195,18.9000001));
#231 = CARTESIAN_POINT('',(-9.745915187239,7.688249595779,18.9000001));
#232 = CARTESIAN_POINT('',(-9.802536212221,7.579802762071,18.9000001));
#233 = CARTESIAN_POINT('',(-9.937259534613,7.297647929353,18.9000001));
#234 = CARTESIAN_POINT('',(-10.0097623148,7.121199593405,18.9000001));
#235 = CARTESIAN_POINT('',(-10.07178486005,6.94061126145,18.9000001));
#236 = CARTESIAN_POINT('',(-10.12247179383,6.756450286824,18.9000001));
#237 = CARTESIAN_POINT('',(-10.16107871423,6.569406563087,18.9000001));
#238 = CARTESIAN_POINT('',(-10.18703083837,6.380305005001,18.9000001));
#239 = CARTESIAN_POINT('',(-10.2,6.190121167121,18.9000001));
#240 = CARTESIAN_POINT('',(-10.2,6.,18.9000001));
#241 = PCURVE('',#33,#242);
#242 = DEFINITIONAL_REPRESENTATION('',(#243),#267);
#243 = B_SPLINE_CURVE_WITH_KNOTS('',8,(#244,#245,#246,#247,#248,#249,
    #250,#251,#252,#253,#254,#255,#256,#257,#258,#259,#260,#261,#262,
    #263,#264,#265,#266),.UNSPECIFIED.,.F.,.F.,(9,7,7,9),(0.,
    0.60812654743,0.761318664772,1.),.UNSPECIFIED.);
#244 = CARTESIAN_POINT('',(4.060166538652,-5.1));
#245 = CARTESIAN_POINT('',(4.004737589893,-5.1));
#246 = CARTESIAN_POINT('',(3.947912547782,-5.1));
#247 = CARTESIAN_POINT('',(3.889260366232,-5.1));
#248 = CARTESIAN_POINT('',(3.828416607071,-5.1));
#249 = CARTESIAN_POINT('',(3.765068072036,-5.1));
#250 = CARTESIAN_POINT('',(3.698873944549,-5.1));
#251 = CARTESIAN_POINT('',(3.629492374284,-5.1));
#252 = CARTESIAN_POINT('',(3.53784080648,-5.1));
#253 = CARTESIAN_POINT('',(3.519171558414,-5.1));
#254 = CARTESIAN_POINT('',(3.500271883647,-5.1));
#255 = CARTESIAN_POINT('',(3.481140345851,-5.1));
#256 = CARTESIAN_POINT('',(3.461777584049,-5.1));
#257 = CARTESIAN_POINT('',(3.442186568268,-5.1));
#258 = CARTESIAN_POINT('',(3.422372855195,-5.1));
#259 = CARTESIAN_POINT('',(3.371140154095,-5.1));
#260 = CARTESIAN_POINT('',(3.339398231082,-5.1));
#261 = CARTESIAN_POINT('',(3.307173032672,-5.1));
#262 = CARTESIAN_POINT('',(3.274529565461,-5.1));
#263 = CARTESIAN_POINT('',(3.241545126847,-5.1));
#264 = CARTESIAN_POINT('',(3.208312806083,-5.1));
#265 = CARTESIAN_POINT('',(3.174947244313,-5.1));
#266 = CARTESIAN_POINT('',(3.14159265359,-5.1));
#267 = ( GEOMETRIC_REPRESENTATION_CONTEXT(2) 
PARAMETRIC_REPRESENTATION_CONTEXT() REPRESENTATION_CONTEXT('2D SPACE',''
  ) );
#268 = PCURVE('',#269,#274);
#269 = PLANE('',#270);
#270 = AXIS2_PLACEMENT_3D('',#271,#272,#273);
#271 = CARTESIAN_POINT('',(-8.,0.,18.9000001));
#272 = DIRECTION('',(1.110223024625E-16,0.,-1.));
#273 = DIRECTION('',(1.,0.,1.110223024625E-16));
#274 = DEFINITIONAL_REPRESENTATION('',(#275),#299);
#275 = B_SPLINE_CURVE_WITH_KNOTS('',8,(#276,#277,#278,#279,#280,#281,
    #282,#283,#284,#285,#286,#287,#288,#289,#290,#291,#292,#293,#294,
    #295,#296,#297,#298),.UNSPECIFIED.,.F.,.F.,(9,7,7,9),(0.,
    0.60812654743,0.761318664772,1.),.UNSPECIFIED.);
#276 = CARTESIAN_POINT('',(1.809067572544,-10.53));
#277 = CARTESIAN_POINT('',(1.35974301003,-10.33823586325));
#278 = CARTESIAN_POINT('',(0.920841480936,-10.12573540972));
#279 = CARTESIAN_POINT('',(0.492872411525,-9.890504988747));
#280 = CARTESIAN_POINT('',(7.827906981997E-02,-9.630322927416));
#281 = CARTESIAN_POINT('',(-0.318790020124,-9.343027009361));
#282 = CARTESIAN_POINT('',(-0.692280956781,-9.026379189735));
#283 = CARTESIAN_POINT('',(-1.034594897305,-8.678491420768));
#284 = CARTESIAN_POINT('',(-1.411250363727,-8.200356676943));
#285 = CARTESIAN_POINT('',(-1.484345362735,-8.102068914926));
#286 = CARTESIAN_POINT('',(-1.55456364718,-8.001697683307));
#287 = CARTESIAN_POINT('',(-1.621706906204,-7.899251182116));
#288 = CARTESIAN_POINT('',(-1.685564009353,-7.794754001195));
#289 = CARTESIAN_POINT('',(-1.745915187239,-7.688249595779));
#290 = CARTESIAN_POINT('',(-1.802536212221,-7.579802762071));
#291 = CARTESIAN_POINT('',(-1.937259534613,-7.297647929353));
#292 = CARTESIAN_POINT('',(-2.009762314807,-7.121199593405));
#293 = CARTESIAN_POINT('',(-2.07178486005,-6.94061126145));
#294 = CARTESIAN_POINT('',(-2.122471793838,-6.756450286824));
#295 = CARTESIAN_POINT('',(-2.161078714235,-6.569406563087));
#296 = CARTESIAN_POINT('',(-2.187030838377,-6.380305005001));
#297 = CARTESIAN_POINT('',(-2.2,-6.190121167121));
#298 = CARTESIAN_POINT('',(-2.2,-6.));
#299 = ( GEOMETRIC_REPRESENTATION_CONTEXT(2) 
PARAMETRIC_REPRESENTATION_CONTEXT() REPRESENTATION_CONTEXT('2D SPACE',''
  ) );
#300 = ORIENTED_EDGE('',*,*,#301,.T.);
#301 = EDGE_CURVE('',#214,#302,#304,.T.);
#302 = VERTEX_POINT('',#303);
#303 = CARTESIAN_POINT('',(-10.2,6.,5.1000001));
#304 = SURFACE_CURVE('',#305,(#309,#316),.PCURVE_S1.);
#305 = LINE('',#306,#307);
#306 = CARTESIAN_POINT('',(-10.2,6.,24.0000001));
#307 = VECTOR('',#308,1.);
#308 = DIRECTION('',(1.110223024625E-16,0.,-1.));
#309 = PCURVE('',#33,#310);
#310 = DEFINITIONAL_REPRESENTATION('',(#311),#315);
#311 = LINE('',#312,#313);
#312 = CARTESIAN_POINT('',(3.14159265359,0.));
#313 = VECTOR('',#314,1.);
#314 = DIRECTION('',(0.,-1.));
#315 = ( GEOMETRIC_REPRESENTATION_CONTEXT(2) 
PARAMETRIC_REPRESENTATION_CONTEXT() REPRESENTATION_CONTEXT('2D SPACE',''
  ) );
#316 = PCURVE('',#317,#322);
#317 = PLANE('',#318);
#318 = AXIS2_PLACEMENT_3D('',#319,#320,#321);
#319 = CARTESIAN_POINT('',(-10.2,-6.,24.0000001));
#320 = DIRECTION('',(1.,0.,1.110223024625E-16));
#321 = DIRECTION('',(0.,1.,0.));
#322 = DEFINITIONAL_REPRESENTATION('',(#323),#327);
#323 = LINE('',#324,#325);
#324 = CARTESIAN_POINT('',(12.,0.));
#325 = VECTOR('',#326,1.);
#326 = DIRECTION('',(0.,-1.));
#327 = ( GEOMETRIC_REPRESENTATION_CONTEXT(2) 
PARAMETRIC_REPRESENTATION_CONTEXT() REPRESENTATION_CONTEXT('2D SPACE',''
  ) );
#328 = ORIENTED_EDGE('',*,*,#329,.F.);
#329 = EDGE_CURVE('',#330,#302,#332,.T.);
#330 = VERTEX_POINT('',#331);
#331 = CARTESIAN_POINT('',(-6.190932427456,10.53,5.1000001));
#332 = SURFACE_CURVE('',#333,(#357,#384),.PCURVE_S1.);
#333 = B_SPLINE_CURVE_WITH_KNOTS('',8,(#334,#335,#336,#337,#338,#339,
    #340,#341,#342,#343,#344,#345,#346,#347,#348,#349,#350,#351,#352,
    #353,#354,#355,#356),.UNSPECIFIED.,.F.,.F.,(9,7,7,9),(0.,
    0.60812654743,0.761318664772,1.),.UNSPECIFIED.);
#334 = CARTESIAN_POINT('',(-6.190932427456,10.53,5.1000001));
#335 = CARTESIAN_POINT('',(-6.64025698997,10.338235863251,5.1000001));
#336 = CARTESIAN_POINT('',(-7.079158519064,10.125735409725,5.1000001));
#337 = CARTESIAN_POINT('',(-7.507127588475,9.890504988747,5.1000001));
#338 = CARTESIAN_POINT('',(-7.92172093018,9.630322927416,5.1000001));
#339 = CARTESIAN_POINT('',(-8.318790020124,9.343027009361,5.1000001));
#340 = CARTESIAN_POINT('',(-8.692280956781,9.026379189735,5.1000001));
#341 = CARTESIAN_POINT('',(-9.034594897305,8.678491420768,5.1000001));
#342 = CARTESIAN_POINT('',(-9.411250363727,8.200356676943,5.1000001));
#343 = CARTESIAN_POINT('',(-9.484345362735,8.102068914926,5.1000001));
#344 = CARTESIAN_POINT('',(-9.55456364718,8.001697683307,5.1000001));
#345 = CARTESIAN_POINT('',(-9.621706906204,7.899251182116,5.1000001));
#346 = CARTESIAN_POINT('',(-9.685564009353,7.794754001195,5.1000001));
#347 = CARTESIAN_POINT('',(-9.745915187239,7.688249595779,5.1000001));
#348 = CARTESIAN_POINT('',(-9.802536212221,7.579802762071,5.1000001));
#349 = CARTESIAN_POINT('',(-9.937259534613,7.297647929353,5.1000001));
#350 = CARTESIAN_POINT('',(-10.0097623148,7.121199593405,5.1000001));
#351 = CARTESIAN_POINT('',(-10.07178486005,6.94061126145,5.1000001));
#352 = CARTESIAN_POINT('',(-10.12247179383,6.756450286824,5.1000001));
#353 = CARTESIAN_POINT('',(-10.16107871423,6.569406563087,5.1000001));
#354 = CARTESIAN_POINT('',(-10.18703083837,6.380305005001,5.1000001));
#355 = CARTESIAN_POINT('',(-10.2,6.190121167121,5.1000001));
#356 = CARTESIAN_POINT('',(-10.2,6.,5.1000001));
#357 = PCURVE('',#33,#358);
#358 = DEFINITIONAL_REPRESENTATION('',(#359),#383);
#359 = B_SPLINE_CURVE_WITH_KNOTS('',8,(#360,#361,#362,#363,#364,#365,
    #366,#367,#368,#369,#370,#371,#372,#373,#374,#375,#376,#377,#378,
    #379,#380,#381,#382),.UNSPECIFIED.,.F.,.F.,(9,7,7,9),(0.,
    0.60812654743,0.761318664772,1.),.UNSPECIFIED.);
#360 = CARTESIAN_POINT('',(4.060166538652,-18.9));
#361 = CARTESIAN_POINT('',(4.004737589893,-18.9));
#362 = CARTESIAN_POINT('',(3.947912547782,-18.9));
#363 = CARTESIAN_POINT('',(3.889260366232,-18.9));
#364 = CARTESIAN_POINT('',(3.828416607071,-18.9));
#365 = CARTESIAN_POINT('',(3.765068072036,-18.9));
#366 = CARTESIAN_POINT('',(3.698873944549,-18.9));
#367 = CARTESIAN_POINT('',(3.629492374284,-18.9));
#368 = CARTESIAN_POINT('',(3.53784080648,-18.9));
#369 = CARTESIAN_POINT('',(3.519171558414,-18.9));
#370 = CARTESIAN_POINT('',(3.500271883647,-18.9));
#371 = CARTESIAN_POINT('',(3.481140345851,-18.9));
#372 = CARTESIAN_POINT('',(3.461777584049,-18.9));
#373 = CARTESIAN_POINT('',(3.442186568268,-18.9));
#374 = CARTESIAN_POINT('',(3.422372855195,-18.9));
#375 = CARTESIAN_POINT('',(3.371140154095,-18.9));
#376 = CARTESIAN_POINT('',(3.339398231082,-18.9));
#377 = CARTESIAN_POINT('',(3.307173032672,-18.9));
#378 = CARTESIAN_POINT('',(3.274529565461,-18.9));
#379 = CARTESIAN_POINT('',(3.241545126847,-18.9));
#380 = CARTESIAN_POINT('',(3.208312806083,-18.9));
#381 = CARTESIAN_POINT('',(3.174947244313,-18.9));
#382 = CARTESIAN_POINT('',(3.14159265359,-18.9));
#383 = ( GEOMETRIC_REPRESENTATION_CONTEXT(2) 
PARAMETRIC_REPRESENTATION_CONTEXT() REPRESENTATION_CONTEXT('2D SPACE',''
  ) );
#384 = PCURVE('',#385,#390);
#385 = PLANE('',#386);
#386 = AXIS2_PLACEMENT_3D('',#387,#388,#389);
#387 = CARTESIAN_POINT('',(-8.,0.,5.1000001));
#388 = DIRECTION('',(1.110223024625E-16,0.,-1.));
#389 = DIRECTION('',(1.,0.,1.110223024625E-16));
#390 = DEFINITIONAL_REPRESENTATION('',(#391),#415);
#391 = B_SPLINE_CURVE_WITH_KNOTS('',8,(#392,#393,#394,#395,#396,#397,
    #398,#399,#400,#401,#402,#403,#404,#405,#406,#407,#408,#409,#410,
    #411,#412,#413,#414),.UNSPECIFIED.,.F.,.F.,(9,7,7,9),(0.,
    0.60812654743,0.761318664772,1.),.UNSPECIFIED.);
#392 = CARTESIAN_POINT('',(1.809067572544,-10.53));
#393 = CARTESIAN_POINT('',(1.35974301003,-10.33823586325));
#394 = CARTESIAN_POINT('',(0.920841480936,-10.12573540972));
#395 = CARTESIAN_POINT('',(0.492872411525,-9.890504988747));
#396 = CARTESIAN_POINT('',(7.827906981997E-02,-9.630322927416));
#397 = CARTESIAN_POINT('',(-0.318790020124,-9.343027009361));
#398 = CARTESIAN_POINT('',(-0.692280956781,-9.026379189735));
#399 = CARTESIAN_POINT('',(-1.034594897305,-8.678491420768));
#400 = CARTESIAN_POINT('',(-1.411250363727,-8.200356676943));
#401 = CARTESIAN_POINT('',(-1.484345362735,-8.102068914926));
#402 = CARTESIAN_POINT('',(-1.55456364718,-8.001697683307));
#403 = CARTESIAN_POINT('',(-1.621706906204,-7.899251182116));
#404 = CARTESIAN_POINT('',(-1.685564009353,-7.794754001195));
#405 = CARTESIAN_POINT('',(-1.745915187239,-7.688249595779));
#406 = CARTESIAN_POINT('',(-1.802536212221,-7.579802762071));
#407 = CARTESIAN_POINT('',(-1.937259534613,-7.297647929353));
#408 = CARTESIAN_POINT('',(-2.009762314807,-7.121199593405));
#409 = CARTESIAN_POINT('',(-2.07178486005,-6.94061126145));
#410 = CARTESIAN_POINT('',(-2.122471793838,-6.756450286824));
#411 = CARTESIAN_POINT('',(-2.161078714235,-6.569406563087));
#412 = CARTESIAN_POINT('',(-2.187030838377,-6.380305005001));
#413 = CARTESIAN_POINT('',(-2.2,-6.190121167121));
#414 = CARTESIAN_POINT('',(-2.2,-6.));
#415 = ( GEOMETRIC_REPRESENTATION_CONTEXT(2) 
PARAMETRIC_REPRESENTATION_CONTEXT() REPRESENTATION_CONTEXT('2D SPACE',''
  ) );
#416 = ORIENTED_EDGE('',*,*,#417,.F.);
#417 = EDGE_CURVE('',#418,#330,#420,.T.);
#418 = VERTEX_POINT('',#419);
#419 = CARTESIAN_POINT('',(-6.190932427456,10.53,1.9000001));
#420 = SURFACE_CURVE('',#421,(#428,#438),.PCURVE_S1.);
#421 = B_SPLINE_CURVE_WITH_KNOTS('',5,(#422,#423,#424,#425,#426,#427),
  .UNSPECIFIED.,.F.,.F.,(6,6),(0.,1.),.PIECEWISE_BEZIER_KNOTS.);
#422 = CARTESIAN_POINT('',(-6.190932427456,10.53,1.9000001));
#423 = CARTESIAN_POINT('',(-6.190932427456,10.53,2.504575236939));
#424 = CARTESIAN_POINT('',(-6.190932427456,10.53,3.132603855795));
#425 = CARTESIAN_POINT('',(-6.190932427456,10.53,3.877333158319));
#426 = CARTESIAN_POINT('',(-6.190932427456,10.53,4.638901311237));
#427 = CARTESIAN_POINT('',(-6.190932427456,10.53,5.1000001));
#428 = PCURVE('',#33,#429);
#429 = DEFINITIONAL_REPRESENTATION('',(#430),#437);
#430 = B_SPLINE_CURVE_WITH_KNOTS('',5,(#431,#432,#433,#434,#435,#436),
  .UNSPECIFIED.,.F.,.F.,(6,6),(0.,1.),.PIECEWISE_BEZIER_KNOTS.);
#431 = CARTESIAN_POINT('',(4.060166538652,-22.1));
#432 = CARTESIAN_POINT('',(4.060166538652,-21.49542486306));
#433 = CARTESIAN_POINT('',(4.060166538652,-20.8673962442));
#434 = CARTESIAN_POINT('',(4.060166538652,-20.12266694168));
#435 = CARTESIAN_POINT('',(4.060166538652,-19.36109878876));
#436 = CARTESIAN_POINT('',(4.060166538652,-18.9));
#437 = ( GEOMETRIC_REPRESENTATION_CONTEXT(2) 
PARAMETRIC_REPRESENTATION_CONTEXT() REPRESENTATION_CONTEXT('2D SPACE',''
  ) );
#438 = PCURVE('',#439,#444);
#439 = PLANE('',#440);
#440 = AXIS2_PLACEMENT_3D('',#441,#442,#443);
#441 = CARTESIAN_POINT('',(-11.,10.53,5.1000001));
#442 = DIRECTION('',(0.,-1.,0.));
#443 = DIRECTION('',(1.,0.,1.110223024625E-16));
#444 = DEFINITIONAL_REPRESENTATION('',(#445),#452);
#445 = B_SPLINE_CURVE_WITH_KNOTS('',5,(#446,#447,#448,#449,#450,#451),
  .UNSPECIFIED.,.F.,.F.,(6,6),(0.,1.),.PIECEWISE_BEZIER_KNOTS.);
#446 = CARTESIAN_POINT('',(4.809067572544,-3.2));
#447 = CARTESIAN_POINT('',(4.809067572544,-2.595424863061));
#448 = CARTESIAN_POINT('',(4.809067572544,-1.967396244205));
#449 = CARTESIAN_POINT('',(4.809067572544,-1.222666941681));
#450 = CARTESIAN_POINT('',(4.809067572544,-0.461098788763));
#451 = CARTESIAN_POINT('',(4.809067572544,0.));
#452 = ( GEOMETRIC_REPRESENTATION_CONTEXT(2) 
PARAMETRIC_REPRESENTATION_CONTEXT() REPRESENTATION_CONTEXT('2D SPACE',''
  ) );
#453 = ORIENTED_EDGE('',*,*,#454,.T.);
#454 = EDGE_CURVE('',#418,#455,#457,.T.);
#455 = VERTEX_POINT('',#456);
#456 = CARTESIAN_POINT('',(-10.2,6.,1.9000001));
#457 = SURFACE_CURVE('',#458,(#482,#509),.PCURVE_S1.);
#458 = B_SPLINE_CURVE_WITH_KNOTS('',8,(#459,#460,#461,#462,#463,#464,
    #465,#466,#467,#468,#469,#470,#471,#472,#473,#474,#475,#476,#477,
    #478,#479,#480,#481),.UNSPECIFIED.,.F.,.F.,(9,7,7,9),(0.,
    0.60812654743,0.761318664772,1.),.UNSPECIFIED.);
#459 = CARTESIAN_POINT('',(-6.190932427456,10.53,1.9000001));
#460 = CARTESIAN_POINT('',(-6.64025698997,10.338235863251,1.9000001));
#461 = CARTESIAN_POINT('',(-7.079158519064,10.125735409725,1.9000001));
#462 = CARTESIAN_POINT('',(-7.507127588475,9.890504988747,1.9000001));
#463 = CARTESIAN_POINT('',(-7.92172093018,9.630322927416,1.9000001));
#464 = CARTESIAN_POINT('',(-8.318790020124,9.343027009361,1.9000001));
#465 = CARTESIAN_POINT('',(-8.692280956781,9.026379189735,1.9000001));
#466 = CARTESIAN_POINT('',(-9.034594897305,8.678491420768,1.9000001));
#467 = CARTESIAN_POINT('',(-9.411250363727,8.200356676943,1.9000001));
#468 = CARTESIAN_POINT('',(-9.484345362735,8.102068914926,1.9000001));
#469 = CARTESIAN_POINT('',(-9.55456364718,8.001697683307,1.9000001));
#470 = CARTESIAN_POINT('',(-9.621706906204,7.899251182116,1.9000001));
#471 = CARTESIAN_POINT('',(-9.685564009353,7.794754001195,1.9000001));
#472 = CARTESIAN_POINT('',(-9.745915187239,7.688249595779,1.9000001));
#473 = CARTESIAN_POINT('',(-9.802536212221,7.579802762071,1.9000001));
#474 = CARTESIAN_POINT('',(-9.937259534613,7.297647929353,1.9000001));
#475 = CARTESIAN_POINT('',(-10.0097623148,7.121199593405,1.9000001));
#476 = CARTESIAN_POINT('',(-10.07178486005,6.94061126145,1.9000001));
#477 = CARTESIAN_POINT('',(-10.12247179383,6.756450286824,1.9000001));
#478 = CARTESIAN_POINT('',(-10.16107871423,6.569406563087,1.9000001));
#479 = CARTESIAN_POINT('',(-10.18703083837,6.380305005001,1.9000001));
#480 = CARTESIAN_POINT('',(-10.2,6.190121167121,1.9000001));
#481 = CARTESIAN_POINT('',(-10.2,6.,1.9000001));
#482 = PCURVE('',#33,#483);
#483 = DEFINITIONAL_REPRESENTATION('',(#484),#508);
#484 = B_SPLINE_CURVE_WITH_KNOTS('',8,(#485,#486,#487,#488,#489,#490,
    #491,#492,#493,#494,#495,#496,#497,#498,#499,#500,#501,#502,#503,
    #504,#505,#506,#507),.UNSPECIFIED.,.F.,.F.,(9,7,7,9),(0.,
    0.60812654743,0.761318664772,1.),.UNSPECIFIED.);
#485 = CARTESIAN_POINT('',(4.060166538652,-22.1));
#486 = CARTESIAN_POINT('',(4.004737589893,-22.1));
#487 = CARTESIAN_POINT('',(3.947912547782,-22.1));
#488 = CARTESIAN_POINT('',(3.889260366232,-22.1));
#489 = CARTESIAN_POINT('',(3.828416607071,-22.1));
#490 = CARTESIAN_POINT('',(3.765068072036,-22.1));
#491 = CARTESIAN_POINT('',(3.698873944549,-22.1));
#492 = CARTESIAN_POINT('',(3.629492374284,-22.1));
#493 = CARTESIAN_POINT('',(3.53784080648,-22.1));
#494 = CARTESIAN_POINT('',(3.519171558414,-22.1));
#495 = CARTESIAN_POINT('',(3.500271883647,-22.1));
#496 = CARTESIAN_POINT('',(3.481140345851,-22.1));
#497 = CARTESIAN_POINT('',(3.461777584049,-22.1));
#498 = CARTESIAN_POINT('',(3.442186568268,-22.1));
#499 = CARTESIAN_POINT('',(3.422372855195,-22.1));
#500 = CARTESIAN_POINT('',(3.371140154095,-22.1));
#501 = CARTESIAN_POINT('',(3.339398231082,-22.1));
#502 = CARTESIAN_POINT('',(3.307173032672,-22.1));
#503 = CARTESIAN_POINT('',(3.274529565461,-22.1));
#504 = CARTESIAN_POINT('',(3.241545126847,-22.1));
#505 = CARTESIAN_POINT('',(3.208312806083,-22.1));
#506 = CARTESIAN_POINT('',(3.174947244313,-22.1));
#507 = CARTESIAN_POINT('',(3.14159265359,-22.1));
#508 = ( GEOMETRIC_REPRESENTATION_CONTEXT(2) 
PARAMETRIC_REPRESENTATION_CONTEXT() REPRESENTATION_CONTEXT('2D SPACE',''
  ) );
#509 = PCURVE('',#510,#515);
#510 = PLANE('',#511);
#511 = AXIS2_PLACEMENT_3D('',#512,#513,#514);
#512 = CARTESIAN_POINT('',(-8.,0.,1.9000001));
#513 = DIRECTION('',(1.110223024625E-16,0.,-1.));
#514 = DIRECTION('',(1.,0.,1.110223024625E-16));
#515 = DEFINITIONAL_REPRESENTATION('',(#516),#540);
#516 = B_SPLINE_CURVE_WITH_KNOTS('',8,(#517,#518,#519,#520,#521,#522,
    #523,#524,#525,#526,#527,#528,#529,#530,#531,#532,#533,#534,#535,
    #536,#537,#538,#539),.UNSPECIFIED.,.F.,.F.,(9,7,7,9),(0.,
    0.60812654743,0.761318664772,1.),.UNSPECIFIED.);
#517 = CARTESIAN_POINT('',(1.809067572544,-10.53));
#518 = CARTESIAN_POINT('',(1.35974301003,-10.33823586325));
#519 = CARTESIAN_POINT('',(0.920841480936,-10.12573540972));
#520 = CARTESIAN_POINT('',(0.492872411525,-9.890504988747));
#521 = CARTESIAN_POINT('',(7.827906981997E-02,-9.630322927416));
#522 = CARTESIAN_POINT('',(-0.318790020124,-9.343027009361));
#523 = CARTESIAN_POINT('',(-0.692280956781,-9.026379189735));
#524 = CARTESIAN_POINT('',(-1.034594897305,-8.678491420768));
#525 = CARTESIAN_POINT('',(-1.411250363727,-8.200356676943));
#526 = CARTESIAN_POINT('',(-1.484345362735,-8.102068914926));
#527 = CARTESIAN_POINT('',(-1.55456364718,-8.001697683307));
#528 = CARTESIAN_POINT('',(-1.621706906204,-7.899251182116));
#529 = CARTESIAN_POINT('',(-1.685564009353,-7.794754001195));
#530 = CARTESIAN_POINT('',(-1.745915187239,-7.688249595779));
#531 = CARTESIAN_POINT('',(-1.802536212221,-7.579802762071));
#532 = CARTESIAN_POINT('',(-1.937259534613,-7.297647929353));
#533 = CARTESIAN_POINT('',(-2.009762314807,-7.121199593405));
#534 = CARTESIAN_POINT('',(-2.07178486005,-6.94061126145));
#535 = CARTESIAN_POINT('',(-2.122471793838,-6.756450286824));
#536 = CARTESIAN_POINT('',(-2.161078714235,-6.569406563087));
#537 = CARTESIAN_POINT('',(-2.187030838377,-6.380305005001));
#538 = CARTESIAN_POINT('',(-2.2,-6.190121167121));
#539 = CARTESIAN_POINT('',(-2.2,-6.));
#540 = ( GEOMETRIC_REPRESENTATION_CONTEXT(2) 
PARAMETRIC_REPRESENTATION_CONTEXT() REPRESENTATION_CONTEXT('2D SPACE',''
  ) );
#541 = ORIENTED_EDGE('',*,*,#542,.T.);
#542 = EDGE_CURVE('',#455,#543,#545,.T.);
#543 = VERTEX_POINT('',#544);
#544 = CARTESIAN_POINT('',(-10.2,6.,1.000000011686E-07));
#545 = SURFACE_CURVE('',#546,(#550,#557),.PCURVE_S1.);
#546 = LINE('',#547,#548);
#547 = CARTESIAN_POINT('',(-10.2,6.,24.0000001));
#548 = VECTOR('',#549,1.);
#549 = DIRECTION('',(1.110223024625E-16,0.,-1.));
#550 = PCURVE('',#33,#551);
#551 = DEFINITIONAL_REPRESENTATION('',(#552),#556);
#552 = LINE('',#553,#554);
#553 = CARTESIAN_POINT('',(3.14159265359,0.));
#554 = VECTOR('',#555,1.);
#555 = DIRECTION('',(0.,-1.));
#556 = ( GEOMETRIC_REPRESENTATION_CONTEXT(2) 
PARAMETRIC_REPRESENTATION_CONTEXT() REPRESENTATION_CONTEXT('2D SPACE',''
  ) );
#557 = PCURVE('',#558,#563);
#558 = PLANE('',#559);
#559 = AXIS2_PLACEMENT_3D('',#560,#561,#562);
#560 = CARTESIAN_POINT('',(-10.2,-6.,24.0000001));
#561 = DIRECTION('',(1.,0.,1.110223024625E-16));
#562 = DIRECTION('',(0.,1.,0.));
#563 = DEFINITIONAL_REPRESENTATION('',(#564),#568);
#564 = LINE('',#565,#566);
#565 = CARTESIAN_POINT('',(12.,0.));
#566 = VECTOR('',#567,1.);
#567 = DIRECTION('',(0.,-1.));
#568 = ( GEOMETRIC_REPRESENTATION_CONTEXT(2) 
PARAMETRIC_REPRESENTATION_CONTEXT() REPRESENTATION_CONTEXT('2D SPACE',''
  ) );
#569 = ORIENTED_EDGE('',*,*,#570,.T.);
#570 = EDGE_CURVE('',#543,#571,#573,.T.);
#571 = VERTEX_POINT('',#572);
#572 = CARTESIAN_POINT('',(8.881784197001E-16,11.7,1.000000011686E-07));
#573 = SURFACE_CURVE('',#574,(#579,#586),.PCURVE_S1.);
#574 = ELLIPSE('',#575,10.2,5.7);
#575 = AXIS2_PLACEMENT_3D('',#576,#577,#578);
#576 = CARTESIAN_POINT('',(2.6645352591E-15,6.,1.000000011686E-07));
#577 = DIRECTION('',(1.110223024625E-16,0.,-1.));
#578 = DIRECTION('',(1.,1.110223024625E-16,1.110223024625E-16));
#579 = PCURVE('',#33,#580);
#580 = DEFINITIONAL_REPRESENTATION('',(#581),#585);
#581 = LINE('',#582,#583);
#582 = CARTESIAN_POINT('',(0.,-24.));
#583 = VECTOR('',#584,1.);
#584 = DIRECTION('',(1.,0.));
#585 = ( GEOMETRIC_REPRESENTATION_CONTEXT(2) 
PARAMETRIC_REPRESENTATION_CONTEXT() REPRESENTATION_CONTEXT('2D SPACE',''
  ) );
#586 = PCURVE('',#587,#592);
#587 = PLANE('',#588);
#588 = AXIS2_PLACEMENT_3D('',#589,#590,#591);
#589 = CARTESIAN_POINT('',(2.139110388363E-15,1.098615638815E-15,
    1.000000011686E-07));
#590 = DIRECTION('',(1.110223024625E-16,0.,-1.));
#591 = DIRECTION('',(1.,0.,1.110223024625E-16));
#592 = DEFINITIONAL_REPRESENTATION('',(#593),#597);
#593 = ELLIPSE('',#594,10.2,5.7);
#594 = AXIS2_PLACEMENT_2D('',#595,#596);
#595 = CARTESIAN_POINT('',(5.254248707375E-16,-6.));
#596 = DIRECTION('',(1.,-1.110223024625E-16));
#597 = ( GEOMETRIC_REPRESENTATION_CONTEXT(2) 
PARAMETRIC_REPRESENTATION_CONTEXT() REPRESENTATION_CONTEXT('2D SPACE',''
  ) );
#598 = ORIENTED_EDGE('',*,*,#599,.F.);
#599 = EDGE_CURVE('',#600,#571,#602,.T.);
#600 = VERTEX_POINT('',#601);
#601 = CARTESIAN_POINT('',(6.661338147751E-16,11.7,2.0000001));
#602 = SURFACE_CURVE('',#603,(#607,#614),.PCURVE_S1.);
#603 = LINE('',#604,#605);
#604 = CARTESIAN_POINT('',(-1.7763568394E-15,11.7,24.0000001));
#605 = VECTOR('',#606,1.);
#606 = DIRECTION('',(1.110223024625E-16,0.,-1.));
#607 = PCURVE('',#33,#608);
#608 = DEFINITIONAL_REPRESENTATION('',(#609),#613);
#609 = LINE('',#610,#611);
#610 = CARTESIAN_POINT('',(4.712388980385,0.));
#611 = VECTOR('',#612,1.);
#612 = DIRECTION('',(0.,-1.));
#613 = ( GEOMETRIC_REPRESENTATION_CONTEXT(2) 
PARAMETRIC_REPRESENTATION_CONTEXT() REPRESENTATION_CONTEXT('2D SPACE',''
  ) );
#614 = PCURVE('',#615,#620);
#615 = PLANE('',#616);
#616 = AXIS2_PLACEMENT_3D('',#617,#618,#619);
#617 = CARTESIAN_POINT('',(-7.993605777301E-15,-72.,96.0000001));
#618 = DIRECTION('',(1.,0.,1.110223024625E-16));
#619 = DIRECTION('',(1.110223024625E-16,0.,-1.));
#620 = DEFINITIONAL_REPRESENTATION('',(#621),#625);
#621 = LINE('',#622,#623);
#622 = CARTESIAN_POINT('',(72.,83.7));
#623 = VECTOR('',#624,1.);
#624 = DIRECTION('',(1.,0.));
#625 = ( GEOMETRIC_REPRESENTATION_CONTEXT(2) 
PARAMETRIC_REPRESENTATION_CONTEXT() REPRESENTATION_CONTEXT('2D SPACE',''
  ) );
#626 = ORIENTED_EDGE('',*,*,#627,.T.);
#627 = EDGE_CURVE('',#600,#628,#630,.T.);
#628 = VERTEX_POINT('',#629);
#629 = CARTESIAN_POINT('',(-3.,11.447884577226,2.0000001));
#630 = SURFACE_CURVE('',#631,(#639,#650),.PCURVE_S1.);
#631 = B_SPLINE_CURVE_WITH_KNOTS('',6,(#632,#633,#634,#635,#636,#637,
    #638),.UNSPECIFIED.,.F.,.F.,(7,7),(0.,1.),.PIECEWISE_BEZIER_KNOTS.);
#632 = CARTESIAN_POINT('',(-1.110223024625E-15,11.7,2.0000001));
#633 = CARTESIAN_POINT('',(-0.502423205249,11.7,2.0000001));
#634 = CARTESIAN_POINT('',(-1.004817997584,11.683404203706,2.0000001));
#635 = CARTESIAN_POINT('',(-1.50654344329,11.650216850479,2.0000001));
#636 = CARTESIAN_POINT('',(-2.006872801252,11.600218082133,2.0000001));
#637 = CARTESIAN_POINT('',(-2.504995225643,11.533008600399,2.0000001));
#638 = CARTESIAN_POINT('',(-3.,11.447884577226,2.0000001));
#639 = PCURVE('',#33,#640);
#640 = DEFINITIONAL_REPRESENTATION('',(#641),#649);
#641 = B_SPLINE_CURVE_WITH_KNOTS('',6,(#642,#643,#644,#645,#646,#647,
    #648),.UNSPECIFIED.,.F.,.F.,(7,7),(0.,1.),.PIECEWISE_BEZIER_KNOTS.);
#642 = CARTESIAN_POINT('',(4.712388980385,-22.));
#643 = CARTESIAN_POINT('',(4.6631318034,-22.));
#644 = CARTESIAN_POINT('',(4.613877401004,-22.));
#645 = CARTESIAN_POINT('',(4.564473602603,-22.));
#646 = CARTESIAN_POINT('',(4.514776101449,-22.));
#647 = CARTESIAN_POINT('',(4.464632490677,-22.));
#648 = CARTESIAN_POINT('',(4.413856760622,-22.));
#649 = ( GEOMETRIC_REPRESENTATION_CONTEXT(2) 
PARAMETRIC_REPRESENTATION_CONTEXT() REPRESENTATION_CONTEXT('2D SPACE',''
  ) );
#650 = PCURVE('',#651,#656);
#651 = PLANE('',#652);
#652 = AXIS2_PLACEMENT_3D('',#653,#654,#655);
#653 = CARTESIAN_POINT('',(-3.,11.4,2.0000001));
#654 = DIRECTION('',(1.110223024625E-16,0.,-1.));
#655 = DIRECTION('',(1.,0.,1.110223024625E-16));
#656 = DEFINITIONAL_REPRESENTATION('',(#657),#665);
#657 = B_SPLINE_CURVE_WITH_KNOTS('',6,(#658,#659,#660,#661,#662,#663,
    #664),.UNSPECIFIED.,.F.,.F.,(7,7),(0.,1.),.PIECEWISE_BEZIER_KNOTS.);
#658 = CARTESIAN_POINT('',(3.,-0.3));
#659 = CARTESIAN_POINT('',(2.497576794751,-0.3));
#660 = CARTESIAN_POINT('',(1.995182002416,-0.283404203706));
#661 = CARTESIAN_POINT('',(1.49345655671,-0.250216850479));
#662 = CARTESIAN_POINT('',(0.993127198748,-0.200218082133));
#663 = CARTESIAN_POINT('',(0.495004774357,-0.133008600399));
#664 = CARTESIAN_POINT('',(0.,-4.788457722647E-02));
#665 = ( GEOMETRIC_REPRESENTATION_CONTEXT(2) 
PARAMETRIC_REPRESENTATION_CONTEXT() REPRESENTATION_CONTEXT('2D SPACE',''
  ) );
#666 = ORIENTED_EDGE('',*,*,#667,.T.);
#667 = EDGE_CURVE('',#628,#668,#670,.T.);
#668 = VERTEX_POINT('',#669);
#669 = CARTESIAN_POINT('',(-3.,11.447884577226,22.0000001));
#670 = SURFACE_CURVE('',#671,(#677,#686),.PCURVE_S1.);
#671 = B_SPLINE_CURVE_WITH_KNOTS('',4,(#672,#673,#674,#675,#676),
  .UNSPECIFIED.,.F.,.F.,(5,5),(0.,1.),.PIECEWISE_BEZIER_KNOTS.);
#672 = CARTESIAN_POINT('',(-3.,11.447884577226,2.0000001));
#673 = CARTESIAN_POINT('',(-3.,11.447884577226,7.0000001));
#674 = CARTESIAN_POINT('',(-3.,11.447884577226,12.0000001));
#675 = CARTESIAN_POINT('',(-3.,11.447884577226,17.0000001));
#676 = CARTESIAN_POINT('',(-3.,11.447884577226,22.0000001));
#677 = PCURVE('',#33,#678);
#678 = DEFINITIONAL_REPRESENTATION('',(#679),#685);
#679 = B_SPLINE_CURVE_WITH_KNOTS('',4,(#680,#681,#682,#683,#684),
  .UNSPECIFIED.,.F.,.F.,(5,5),(0.,1.),.PIECEWISE_BEZIER_KNOTS.);
#680 = CARTESIAN_POINT('',(4.4138567792,-22.));
#681 = CARTESIAN_POINT('',(4.4138567792,-17.));
#682 = CARTESIAN_POINT('',(4.4138567792,-12.));
#683 = CARTESIAN_POINT('',(4.4138567792,-7.));
#684 = CARTESIAN_POINT('',(4.4138567792,-2.));
#685 = ( GEOMETRIC_REPRESENTATION_CONTEXT(2) 
PARAMETRIC_REPRESENTATION_CONTEXT() REPRESENTATION_CONTEXT('2D SPACE',''
  ) );
#686 = PCURVE('',#687,#692);
#687 = PLANE('',#688);
#688 = AXIS2_PLACEMENT_3D('',#689,#690,#691);
#689 = CARTESIAN_POINT('',(-3.,11.4,22.0000001));
#690 = DIRECTION('',(1.,0.,1.110223024625E-16));
#691 = DIRECTION('',(1.110223024625E-16,0.,-1.));
#692 = DEFINITIONAL_REPRESENTATION('',(#693),#699);
#693 = B_SPLINE_CURVE_WITH_KNOTS('',4,(#694,#695,#696,#697,#698),
  .UNSPECIFIED.,.F.,.F.,(5,5),(0.,1.),.PIECEWISE_BEZIER_KNOTS.);
#694 = CARTESIAN_POINT('',(20.,4.788457722647E-02));
#695 = CARTESIAN_POINT('',(15.,4.788457722647E-02));
#696 = CARTESIAN_POINT('',(10.,4.788457722647E-02));
#697 = CARTESIAN_POINT('',(5.,4.788457722647E-02));
#698 = CARTESIAN_POINT('',(0.,4.788457722647E-02));
#699 = ( GEOMETRIC_REPRESENTATION_CONTEXT(2) 
PARAMETRIC_REPRESENTATION_CONTEXT() REPRESENTATION_CONTEXT('2D SPACE',''
  ) );
#700 = ORIENTED_EDGE('',*,*,#701,.F.);
#701 = EDGE_CURVE('',#702,#668,#704,.T.);
#702 = VERTEX_POINT('',#703);
#703 = CARTESIAN_POINT('',(-1.554312234475E-15,11.7,22.0000001));
#704 = SURFACE_CURVE('',#705,(#713,#724),.PCURVE_S1.);
#705 = B_SPLINE_CURVE_WITH_KNOTS('',6,(#706,#707,#708,#709,#710,#711,
    #712),.UNSPECIFIED.,.F.,.F.,(7,7),(0.,1.),.PIECEWISE_BEZIER_KNOTS.);
#706 = CARTESIAN_POINT('',(-3.330669073875E-15,11.7,22.0000001));
#707 = CARTESIAN_POINT('',(-0.502423205249,11.7,22.0000001));
#708 = CARTESIAN_POINT('',(-1.004817997584,11.683404203706,22.0000001));
#709 = CARTESIAN_POINT('',(-1.50654344329,11.650216850479,22.0000001));
#710 = CARTESIAN_POINT('',(-2.006872801252,11.600218082133,22.0000001));
#711 = CARTESIAN_POINT('',(-2.504995225643,11.533008600399,22.0000001));
#712 = CARTESIAN_POINT('',(-3.,11.447884577226,22.0000001));
#713 = PCURVE('',#33,#714);
#714 = DEFINITIONAL_REPRESENTATION('',(#715),#723);
#715 = B_SPLINE_CURVE_WITH_KNOTS('',6,(#716,#717,#718,#719,#720,#721,
    #722),.UNSPECIFIED.,.F.,.F.,(7,7),(0.,1.),.PIECEWISE_BEZIER_KNOTS.);
#716 = CARTESIAN_POINT('',(4.712388980385,-2.));
#717 = CARTESIAN_POINT('',(4.6631318034,-2.));
#718 = CARTESIAN_POINT('',(4.613877401004,-2.));
#719 = CARTESIAN_POINT('',(4.564473602603,-2.));
#720 = CARTESIAN_POINT('',(4.514776101449,-2.));
#721 = CARTESIAN_POINT('',(4.464632490677,-2.));
#722 = CARTESIAN_POINT('',(4.413856760622,-2.));
#723 = ( GEOMETRIC_REPRESENTATION_CONTEXT(2) 
PARAMETRIC_REPRESENTATION_CONTEXT() REPRESENTATION_CONTEXT('2D SPACE',''
  ) );
#724 = PCURVE('',#725,#730);
#725 = PLANE('',#726);
#726 = AXIS2_PLACEMENT_3D('',#727,#728,#729);
#727 = CARTESIAN_POINT('',(-3.,11.4,22.0000001));
#728 = DIRECTION('',(1.110223024625E-16,0.,-1.));
#729 = DIRECTION('',(1.,0.,1.110223024625E-16));
#730 = DEFINITIONAL_REPRESENTATION('',(#731),#739);
#731 = B_SPLINE_CURVE_WITH_KNOTS('',6,(#732,#733,#734,#735,#736,#737,
    #738),.UNSPECIFIED.,.F.,.F.,(7,7),(0.,1.),.PIECEWISE_BEZIER_KNOTS.);
#732 = CARTESIAN_POINT('',(3.,-0.3));
#733 = CARTESIAN_POINT('',(2.497576794751,-0.3));
#734 = CARTESIAN_POINT('',(1.995182002416,-0.283404203706));
#735 = CARTESIAN_POINT('',(1.49345655671,-0.250216850479));
#736 = CARTESIAN_POINT('',(0.993127198748,-0.200218082133));
#737 = CARTESIAN_POINT('',(0.495004774357,-0.133008600399));
#738 = CARTESIAN_POINT('',(0.,-4.788457722647E-02));
#739 = ( GEOMETRIC_REPRESENTATION_CONTEXT(2) 
PARAMETRIC_REPRESENTATION_CONTEXT() REPRESENTATION_CONTEXT('2D SPACE',''
  ) );
#740 = ORIENTED_EDGE('',*,*,#741,.F.);
#741 = EDGE_CURVE('',#24,#702,#742,.T.);
#742 = SURFACE_CURVE('',#743,(#747,#754),.PCURVE_S1.);
#743 = LINE('',#744,#745);
#744 = CARTESIAN_POINT('',(-1.7763568394E-15,11.7,24.0000001));
#745 = VECTOR('',#746,1.);
#746 = DIRECTION('',(1.110223024625E-16,0.,-1.));
#747 = PCURVE('',#33,#748);
#748 = DEFINITIONAL_REPRESENTATION('',(#749),#753);
#749 = LINE('',#750,#751);
#750 = CARTESIAN_POINT('',(4.712388980385,0.));
#751 = VECTOR('',#752,1.);
#752 = DIRECTION('',(0.,-1.));
#753 = ( GEOMETRIC_REPRESENTATION_CONTEXT(2) 
PARAMETRIC_REPRESENTATION_CONTEXT() REPRESENTATION_CONTEXT('2D SPACE',''
  ) );
#754 = PCURVE('',#615,#755);
#755 = DEFINITIONAL_REPRESENTATION('',(#756),#760);
#756 = LINE('',#757,#758);
#757 = CARTESIAN_POINT('',(72.,83.7));
#758 = VECTOR('',#759,1.);
#759 = DIRECTION('',(1.,0.));
#760 = ( GEOMETRIC_REPRESENTATION_CONTEXT(2) 
PARAMETRIC_REPRESENTATION_CONTEXT() REPRESENTATION_CONTEXT('2D SPACE',''
  ) );
#761 = ADVANCED_FACE('',(#762),#48,.F.);
#762 = FACE_BOUND('',#763,.F.);
#763 = EDGE_LOOP('',(#764,#787,#788,#811,#947,#975,#1003,#1031,#1059,
    #1087,#1241,#1269));
#764 = ORIENTED_EDGE('',*,*,#765,.T.);
#765 = EDGE_CURVE('',#766,#22,#768,.T.);
#766 = VERTEX_POINT('',#767);
#767 = CARTESIAN_POINT('',(-10.2,-6.,24.0000001));
#768 = SURFACE_CURVE('',#769,(#773,#780),.PCURVE_S1.);
#769 = LINE('',#770,#771);
#770 = CARTESIAN_POINT('',(-10.2,-6.,24.0000001));
#771 = VECTOR('',#772,1.);
#772 = DIRECTION('',(0.,1.,0.));
#773 = PCURVE('',#48,#774);
#774 = DEFINITIONAL_REPRESENTATION('',(#775),#779);
#775 = LINE('',#776,#777);
#776 = CARTESIAN_POINT('',(-10.2,6.));
#777 = VECTOR('',#778,1.);
#778 = DIRECTION('',(0.,-1.));
#779 = ( GEOMETRIC_REPRESENTATION_CONTEXT(2) 
PARAMETRIC_REPRESENTATION_CONTEXT() REPRESENTATION_CONTEXT('2D SPACE',''
  ) );
#780 = PCURVE('',#76,#781);
#781 = DEFINITIONAL_REPRESENTATION('',(#782),#786);
#782 = LINE('',#783,#784);
#783 = CARTESIAN_POINT('',(0.,0.));
#784 = VECTOR('',#785,1.);
#785 = DIRECTION('',(1.,0.));
#786 = ( GEOMETRIC_REPRESENTATION_CONTEXT(2) 
PARAMETRIC_REPRESENTATION_CONTEXT() REPRESENTATION_CONTEXT('2D SPACE',''
  ) );
#787 = ORIENTED_EDGE('',*,*,#21,.T.);
#788 = ORIENTED_EDGE('',*,*,#789,.T.);
#789 = EDGE_CURVE('',#24,#790,#792,.T.);
#790 = VERTEX_POINT('',#791);
#791 = CARTESIAN_POINT('',(-1.7763568394E-15,9.5,24.0000001));
#792 = SURFACE_CURVE('',#793,(#797,#804),.PCURVE_S1.);
#793 = LINE('',#794,#795);
#794 = CARTESIAN_POINT('',(0.,-36.,24.0000001));
#795 = VECTOR('',#796,1.);
#796 = DIRECTION('',(0.,-1.,0.));
#797 = PCURVE('',#48,#798);
#798 = DEFINITIONAL_REPRESENTATION('',(#799),#803);
#799 = LINE('',#800,#801);
#800 = CARTESIAN_POINT('',(5.254248707375E-16,36.));
#801 = VECTOR('',#802,1.);
#802 = DIRECTION('',(0.,1.));
#803 = ( GEOMETRIC_REPRESENTATION_CONTEXT(2) 
PARAMETRIC_REPRESENTATION_CONTEXT() REPRESENTATION_CONTEXT('2D SPACE',''
  ) );
#804 = PCURVE('',#615,#805);
#805 = DEFINITIONAL_REPRESENTATION('',(#806),#810);
#806 = LINE('',#807,#808);
#807 = CARTESIAN_POINT('',(72.,36.));
#808 = VECTOR('',#809,1.);
#809 = DIRECTION('',(0.,-1.));
#810 = ( GEOMETRIC_REPRESENTATION_CONTEXT(2) 
PARAMETRIC_REPRESENTATION_CONTEXT() REPRESENTATION_CONTEXT('2D SPACE',''
  ) );
#811 = ORIENTED_EDGE('',*,*,#812,.T.);
#812 = EDGE_CURVE('',#790,#813,#815,.T.);
#813 = VERTEX_POINT('',#814);
#814 = CARTESIAN_POINT('',(-8.,6.,24.0000001));
#815 = SURFACE_CURVE('',#816,(#855,#897),.PCURVE_S1.);
#816 = B_SPLINE_CURVE_WITH_KNOTS('',7,(#817,#818,#819,#820,#821,#822,
    #823,#824,#825,#826,#827,#828,#829,#830,#831,#832,#833,#834,#835,
    #836,#837,#838,#839,#840,#841,#842,#843,#844,#845,#846,#847,#848,
    #849,#850,#851,#852,#853,#854),.UNSPECIFIED.,.F.,.F.,(8,6,6,6,6,6,8)
  ,(0.,0.383761525915,0.554960586812,0.704488106853,0.876959334464,
    0.924427095897,1.),.UNSPECIFIED.);
#817 = CARTESIAN_POINT('',(-2.301781710138E-15,9.5,24.0000001));
#818 = CARTESIAN_POINT('',(-0.518103695272,9.5,24.0000001));
#819 = CARTESIAN_POINT('',(-1.03606345437,9.482874192842,24.0000001));
#820 = CARTESIAN_POINT('',(-1.553370556986,9.44863486237,24.0000001));
#821 = CARTESIAN_POINT('',(-2.069311440966,9.396888762692,24.0000001));
#822 = CARTESIAN_POINT('',(-2.582944567509,9.326830291823,24.0000001));
#823 = CARTESIAN_POINT('',(-3.093108174824,9.237281843264,24.0000001));
#824 = CARTESIAN_POINT('',(-3.823660885338,9.076321595569,24.0000001));
#825 = CARTESIAN_POINT('',(-4.04799955421,9.022345188348,24.0000001));
#826 = CARTESIAN_POINT('',(-4.271173596468,8.963848906088,24.0000001));
#827 = CARTESIAN_POINT('',(-4.492995644215,8.900596459023,24.0000001));
#828 = CARTESIAN_POINT('',(-4.713226441409,8.832311378322,24.0000001));
#829 = CARTESIAN_POINT('',(-4.931567490561,8.758656006062,24.0000001));
#830 = CARTESIAN_POINT('',(-5.336373542469,8.609785677725,24.0000001));
#831 = CARTESIAN_POINT('',(-5.52333341464,8.535963071619,24.0000001));
#832 = CARTESIAN_POINT('',(-5.708312692407,8.45742384774,24.0000001));
#833 = CARTESIAN_POINT('',(-5.890983370624,8.373821540918,24.0000001));
#834 = CARTESIAN_POINT('',(-6.070905306521,8.284765771955,24.0000001));
#835 = CARTESIAN_POINT('',(-6.247506475956,8.189786279834,24.0000001));
#836 = CARTESIAN_POINT('',(-6.619050449145,7.971151116511,24.0000001));
#837 = CARTESIAN_POINT('',(-6.812217673527,7.845585837034,24.0000001));
#838 = CARTESIAN_POINT('',(-6.998955477135,7.7103570502,24.0000001));
#839 = CARTESIAN_POINT('',(-7.177588803975,7.564293888281,24.0000001));
#840 = CARTESIAN_POINT('',(-7.345311971585,7.406256080283,24.0000001));
#841 = CARTESIAN_POINT('',(-7.49832233588,7.235263481095,24.0000001));
#842 = CARTESIAN_POINT('',(-7.668042651027,6.999189650007,24.0000001));
#843 = CARTESIAN_POINT('',(-7.703137537297,6.947204661872,24.0000001));
#844 = CARTESIAN_POINT('',(-7.73658077772,6.894180496138,24.0000001));
#845 = CARTESIAN_POINT('',(-7.768242726855,6.840123597767,24.0000001));
#846 = CARTESIAN_POINT('',(-7.79798549826,6.785053338338,24.0000001));
#847 = CARTESIAN_POINT('',(-7.825667283292,6.7290042864,24.0000001));
#848 = CARTESIAN_POINT('',(-7.891712122855,6.581317915802,24.0000001));
#849 = CARTESIAN_POINT('',(-7.926717376686,6.488209302601,24.0000001));
#850 = CARTESIAN_POINT('',(-7.955547603188,6.392987162781,24.0000001));
#851 = CARTESIAN_POINT('',(-7.977642899118,6.296024621904,24.0000001));
#852 = CARTESIAN_POINT('',(-7.992550575138,6.197793901624,24.0000001));
#853 = CARTESIAN_POINT('',(-8.,6.098880348993,24.0000001));
#854 = CARTESIAN_POINT('',(-8.,6.,24.0000001));
#855 = PCURVE('',#48,#856);
#856 = DEFINITIONAL_REPRESENTATION('',(#857),#896);
#857 = B_SPLINE_CURVE_WITH_KNOTS('',7,(#858,#859,#860,#861,#862,#863,
    #864,#865,#866,#867,#868,#869,#870,#871,#872,#873,#874,#875,#876,
    #877,#878,#879,#880,#881,#882,#883,#884,#885,#886,#887,#888,#889,
    #890,#891,#892,#893,#894,#895),.UNSPECIFIED.,.F.,.F.,(8,6,6,6,6,6,8)
  ,(0.,0.383761525915,0.554960586812,0.704488106853,0.876959334464,
    0.924427095897,1.),.UNSPECIFIED.);
#858 = CARTESIAN_POINT('',(-1.7763568394E-15,-9.5));
#859 = CARTESIAN_POINT('',(-0.518103695272,-9.5));
#860 = CARTESIAN_POINT('',(-1.03606345437,-9.482874192842));
#861 = CARTESIAN_POINT('',(-1.553370556986,-9.44863486237));
#862 = CARTESIAN_POINT('',(-2.069311440966,-9.396888762692));
#863 = CARTESIAN_POINT('',(-2.582944567509,-9.326830291823));
#864 = CARTESIAN_POINT('',(-3.093108174824,-9.237281843264));
#865 = CARTESIAN_POINT('',(-3.823660885338,-9.076321595569));
#866 = CARTESIAN_POINT('',(-4.04799955421,-9.022345188348));
#867 = CARTESIAN_POINT('',(-4.271173596468,-8.963848906088));
#868 = CARTESIAN_POINT('',(-4.492995644215,-8.900596459023));
#869 = CARTESIAN_POINT('',(-4.713226441409,-8.832311378322));
#870 = CARTESIAN_POINT('',(-4.931567490561,-8.758656006062));
#871 = CARTESIAN_POINT('',(-5.336373542469,-8.609785677725));
#872 = CARTESIAN_POINT('',(-5.52333341464,-8.535963071619));
#873 = CARTESIAN_POINT('',(-5.708312692407,-8.45742384774));
#874 = CARTESIAN_POINT('',(-5.890983370624,-8.373821540918));
#875 = CARTESIAN_POINT('',(-6.070905306521,-8.284765771955));
#876 = CARTESIAN_POINT('',(-6.247506475956,-8.189786279834));
#877 = CARTESIAN_POINT('',(-6.619050449145,-7.971151116511));
#878 = CARTESIAN_POINT('',(-6.812217673527,-7.845585837034));
#879 = CARTESIAN_POINT('',(-6.998955477135,-7.7103570502));
#880 = CARTESIAN_POINT('',(-7.177588803975,-7.564293888281));
#881 = CARTESIAN_POINT('',(-7.345311971585,-7.406256080283));
#882 = CARTESIAN_POINT('',(-7.49832233588,-7.235263481095));
#883 = CARTESIAN_POINT('',(-7.668042651027,-6.999189650007));
#884 = CARTESIAN_POINT('',(-7.703137537297,-6.947204661872));
#885 = CARTESIAN_POINT('',(-7.73658077772,-6.894180496138));
#886 = CARTESIAN_POINT('',(-7.768242726855,-6.840123597767));
#887 = CARTESIAN_POINT('',(-7.79798549826,-6.785053338338));
#888 = CARTESIAN_POINT('',(-7.825667283292,-6.7290042864));
#889 = CARTESIAN_POINT('',(-7.891712122855,-6.581317915802));
#890 = CARTESIAN_POINT('',(-7.926717376686,-6.488209302601));
#891 = CARTESIAN_POINT('',(-7.955547603188,-6.392987162781));
#892 = CARTESIAN_POINT('',(-7.977642899118,-6.296024621904));
#893 = CARTESIAN_POINT('',(-7.992550575138,-6.197793901624));
#894 = CARTESIAN_POINT('',(-8.,-6.098880348993));
#895 = CARTESIAN_POINT('',(-8.,-6.));
#896 = ( GEOMETRIC_REPRESENTATION_CONTEXT(2) 
PARAMETRIC_REPRESENTATION_CONTEXT() REPRESENTATION_CONTEXT('2D SPACE',''
  ) );
#897 = PCURVE('',#898,#906);
#898 = SURFACE_OF_LINEAR_EXTRUSION('',#899,#904);
#899 = ELLIPSE('',#900,8.,3.5);
#900 = AXIS2_PLACEMENT_3D('',#901,#902,#903);
#901 = CARTESIAN_POINT('',(-2.22044604925E-16,6.,26.0000001));
#902 = DIRECTION('',(1.110223024625E-16,0.,-1.));
#903 = DIRECTION('',(1.,1.110223024625E-16,1.110223024625E-16));
#904 = VECTOR('',#905,1.);
#905 = DIRECTION('',(-1.110223024625E-16,-0.,1.));
#906 = DEFINITIONAL_REPRESENTATION('',(#907),#946);
#907 = B_SPLINE_CURVE_WITH_KNOTS('',7,(#908,#909,#910,#911,#912,#913,
    #914,#915,#916,#917,#918,#919,#920,#921,#922,#923,#924,#925,#926,
    #927,#928,#929,#930,#931,#932,#933,#934,#935,#936,#937,#938,#939,
    #940,#941,#942,#943,#944,#945),.UNSPECIFIED.,.F.,.F.,(8,6,6,6,6,6,8)
  ,(0.,0.383761525915,0.554960586812,0.704488106853,0.876959334464,
    0.924427095897,1.),.UNSPECIFIED.);
#908 = CARTESIAN_POINT('',(4.712388980385,-2.));
#909 = CARTESIAN_POINT('',(4.647626018476,-2.));
#910 = CARTESIAN_POINT('',(4.582881214974,-2.));
#911 = CARTESIAN_POINT('',(4.517773321149,-2.));
#912 = CARTESIAN_POINT('',(4.451952923391,-2.));
#913 = CARTESIAN_POINT('',(4.385030076772,-2.));
#914 = CARTESIAN_POINT('',(4.316566354165,-2.));
#915 = CARTESIAN_POINT('',(4.214320908334,-2.));
#916 = CARTESIAN_POINT('',(4.182338726787,-2.));
#917 = CARTESIAN_POINT('',(4.1498545883,-2.));
#918 = CARTESIAN_POINT('',(4.116801006636,-2.));
#919 = CARTESIAN_POINT('',(4.083102636422,-2.));
#920 = CARTESIAN_POINT('',(4.04866942322,-2.));
#921 = CARTESIAN_POINT('',(3.98256639758,-2.));
#922 = CARTESIAN_POINT('',(3.951105127222,-2.));
#923 = CARTESIAN_POINT('',(3.91891868388,-2.));
#924 = CARTESIAN_POINT('',(3.885917320371,-2.));
#925 = CARTESIAN_POINT('',(3.852002316142,-2.));
#926 = CARTESIAN_POINT('',(3.817053659546,-2.));
#927 = CARTESIAN_POINT('',(3.739213427632,-2.));
#928 = CARTESIAN_POINT('',(3.696016468026,-2.));
#929 = CARTESIAN_POINT('',(3.650964398185,-2.));
#930 = CARTESIAN_POINT('',(3.603758914687,-2.));
#931 = CARTESIAN_POINT('',(3.554117120075,-2.));
#932 = CARTESIAN_POINT('',(3.501774293971,-2.));
#933 = CARTESIAN_POINT('',(3.431066901547,-2.));
#934 = CARTESIAN_POINT('',(3.415582126233,-2.));
#935 = CARTESIAN_POINT('',(3.399870287596,-2.));
#936 = CARTESIAN_POINT('',(3.383931394347,-2.));
#937 = CARTESIAN_POINT('',(3.367768471611,-2.));
#938 = CARTESIAN_POINT('',(3.351388041185,-2.));
#939 = CARTESIAN_POINT('',(3.308391920838,-2.));
#940 = CARTESIAN_POINT('',(3.281444291847,-2.));
#941 = CARTESIAN_POINT('',(3.25402211091,-2.));
#942 = CARTESIAN_POINT('',(3.226207969239,-2.));
#943 = CARTESIAN_POINT('',(3.198105187892,-2.));
#944 = CARTESIAN_POINT('',(3.169844181874,-2.));
#945 = CARTESIAN_POINT('',(3.14159265359,-2.));
#946 = ( GEOMETRIC_REPRESENTATION_CONTEXT(2) 
PARAMETRIC_REPRESENTATION_CONTEXT() REPRESENTATION_CONTEXT('2D SPACE',''
  ) );
#947 = ORIENTED_EDGE('',*,*,#948,.T.);
#948 = EDGE_CURVE('',#813,#949,#951,.T.);
#949 = VERTEX_POINT('',#950);
#950 = CARTESIAN_POINT('',(-8.,1.1,24.0000001));
#951 = SURFACE_CURVE('',#952,(#956,#963),.PCURVE_S1.);
#952 = LINE('',#953,#954);
#953 = CARTESIAN_POINT('',(-8.,-3.,24.0000001));
#954 = VECTOR('',#955,1.);
#955 = DIRECTION('',(0.,-1.,0.));
#956 = PCURVE('',#48,#957);
#957 = DEFINITIONAL_REPRESENTATION('',(#958),#962);
#958 = LINE('',#959,#960);
#959 = CARTESIAN_POINT('',(-8.,3.));
#960 = VECTOR('',#961,1.);
#961 = DIRECTION('',(0.,1.));
#962 = ( GEOMETRIC_REPRESENTATION_CONTEXT(2) 
PARAMETRIC_REPRESENTATION_CONTEXT() REPRESENTATION_CONTEXT('2D SPACE',''
  ) );
#963 = PCURVE('',#964,#969);
#964 = PLANE('',#965);
#965 = AXIS2_PLACEMENT_3D('',#966,#967,#968);
#966 = CARTESIAN_POINT('',(-8.,-6.,26.0000001));
#967 = DIRECTION('',(1.,0.,1.110223024625E-16));
#968 = DIRECTION('',(0.,1.,0.));
#969 = DEFINITIONAL_REPRESENTATION('',(#970),#974);
#970 = LINE('',#971,#972);
#971 = CARTESIAN_POINT('',(3.,-2.));
#972 = VECTOR('',#973,1.);
#973 = DIRECTION('',(-1.,0.));
#974 = ( GEOMETRIC_REPRESENTATION_CONTEXT(2) 
PARAMETRIC_REPRESENTATION_CONTEXT() REPRESENTATION_CONTEXT('2D SPACE',''
  ) );
#975 = ORIENTED_EDGE('',*,*,#976,.F.);
#976 = EDGE_CURVE('',#977,#949,#979,.T.);
#977 = VERTEX_POINT('',#978);
#978 = CARTESIAN_POINT('',(-9.2,1.1,24.0000001));
#979 = SURFACE_CURVE('',#980,(#984,#991),.PCURVE_S1.);
#980 = LINE('',#981,#982);
#981 = CARTESIAN_POINT('',(-9.2,1.1,24.0000001));
#982 = VECTOR('',#983,1.);
#983 = DIRECTION('',(1.,0.,1.110223024625E-16));
#984 = PCURVE('',#48,#985);
#985 = DEFINITIONAL_REPRESENTATION('',(#986),#990);
#986 = LINE('',#987,#988);
#987 = CARTESIAN_POINT('',(-9.2,-1.1));
#988 = VECTOR('',#989,1.);
#989 = DIRECTION('',(1.,0.));
#990 = ( GEOMETRIC_REPRESENTATION_CONTEXT(2) 
PARAMETRIC_REPRESENTATION_CONTEXT() REPRESENTATION_CONTEXT('2D SPACE',''
  ) );
#991 = PCURVE('',#992,#997);
#992 = PLANE('',#993);
#993 = AXIS2_PLACEMENT_3D('',#994,#995,#996);
#994 = CARTESIAN_POINT('',(-9.2,1.1,24.0000001));
#995 = DIRECTION('',(0.,1.,0.));
#996 = DIRECTION('',(1.,0.,1.110223024625E-16));
#997 = DEFINITIONAL_REPRESENTATION('',(#998),#1002);
#998 = LINE('',#999,#1000);
#999 = CARTESIAN_POINT('',(0.,0.));
#1000 = VECTOR('',#1001,1.);
#1001 = DIRECTION('',(1.,0.));
#1002 = ( GEOMETRIC_REPRESENTATION_CONTEXT(2) 
PARAMETRIC_REPRESENTATION_CONTEXT() REPRESENTATION_CONTEXT('2D SPACE',''
  ) );
#1003 = ORIENTED_EDGE('',*,*,#1004,.F.);
#1004 = EDGE_CURVE('',#1005,#977,#1007,.T.);
#1005 = VERTEX_POINT('',#1006);
#1006 = CARTESIAN_POINT('',(-9.2,-1.1,24.0000001));
#1007 = SURFACE_CURVE('',#1008,(#1012,#1019),.PCURVE_S1.);
#1008 = LINE('',#1009,#1010);
#1009 = CARTESIAN_POINT('',(-9.2,-1.1,24.0000001));
#1010 = VECTOR('',#1011,1.);
#1011 = DIRECTION('',(0.,1.,0.));
#1012 = PCURVE('',#48,#1013);
#1013 = DEFINITIONAL_REPRESENTATION('',(#1014),#1018);
#1014 = LINE('',#1015,#1016);
#1015 = CARTESIAN_POINT('',(-9.2,1.1));
#1016 = VECTOR('',#1017,1.);
#1017 = DIRECTION('',(0.,-1.));
#1018 = ( GEOMETRIC_REPRESENTATION_CONTEXT(2) 
PARAMETRIC_REPRESENTATION_CONTEXT() REPRESENTATION_CONTEXT('2D SPACE',''
  ) );
#1019 = PCURVE('',#1020,#1025);
#1020 = PLANE('',#1021);
#1021 = AXIS2_PLACEMENT_3D('',#1022,#1023,#1024);
#1022 = CARTESIAN_POINT('',(-9.2,-1.1,24.0000001));
#1023 = DIRECTION('',(1.,0.,1.110223024625E-16));
#1024 = DIRECTION('',(1.110223024625E-16,0.,-1.));
#1025 = DEFINITIONAL_REPRESENTATION('',(#1026),#1030);
#1026 = LINE('',#1027,#1028);
#1027 = CARTESIAN_POINT('',(0.,0.));
#1028 = VECTOR('',#1029,1.);
#1029 = DIRECTION('',(0.,1.));
#1030 = ( GEOMETRIC_REPRESENTATION_CONTEXT(2) 
PARAMETRIC_REPRESENTATION_CONTEXT() REPRESENTATION_CONTEXT('2D SPACE',''
  ) );
#1031 = ORIENTED_EDGE('',*,*,#1032,.T.);
#1032 = EDGE_CURVE('',#1005,#1033,#1035,.T.);
#1033 = VERTEX_POINT('',#1034);
#1034 = CARTESIAN_POINT('',(-8.,-1.1,24.0000001));
#1035 = SURFACE_CURVE('',#1036,(#1040,#1047),.PCURVE_S1.);
#1036 = LINE('',#1037,#1038);
#1037 = CARTESIAN_POINT('',(-9.2,-1.1,24.0000001));
#1038 = VECTOR('',#1039,1.);
#1039 = DIRECTION('',(1.,0.,1.110223024625E-16));
#1040 = PCURVE('',#48,#1041);
#1041 = DEFINITIONAL_REPRESENTATION('',(#1042),#1046);
#1042 = LINE('',#1043,#1044);
#1043 = CARTESIAN_POINT('',(-9.2,1.1));
#1044 = VECTOR('',#1045,1.);
#1045 = DIRECTION('',(1.,0.));
#1046 = ( GEOMETRIC_REPRESENTATION_CONTEXT(2) 
PARAMETRIC_REPRESENTATION_CONTEXT() REPRESENTATION_CONTEXT('2D SPACE',''
  ) );
#1047 = PCURVE('',#1048,#1053);
#1048 = PLANE('',#1049);
#1049 = AXIS2_PLACEMENT_3D('',#1050,#1051,#1052);
#1050 = CARTESIAN_POINT('',(-9.2,-1.1,24.0000001));
#1051 = DIRECTION('',(0.,1.,0.));
#1052 = DIRECTION('',(1.,0.,1.110223024625E-16));
#1053 = DEFINITIONAL_REPRESENTATION('',(#1054),#1058);
#1054 = LINE('',#1055,#1056);
#1055 = CARTESIAN_POINT('',(0.,0.));
#1056 = VECTOR('',#1057,1.);
#1057 = DIRECTION('',(1.,0.));
#1058 = ( GEOMETRIC_REPRESENTATION_CONTEXT(2) 
PARAMETRIC_REPRESENTATION_CONTEXT() REPRESENTATION_CONTEXT('2D SPACE',''
  ) );
#1059 = ORIENTED_EDGE('',*,*,#1060,.T.);
#1060 = EDGE_CURVE('',#1033,#1061,#1063,.T.);
#1061 = VERTEX_POINT('',#1062);
#1062 = CARTESIAN_POINT('',(-8.,-6.,24.0000001));
#1063 = SURFACE_CURVE('',#1064,(#1068,#1075),.PCURVE_S1.);
#1064 = LINE('',#1065,#1066);
#1065 = CARTESIAN_POINT('',(-8.,-3.,24.0000001));
#1066 = VECTOR('',#1067,1.);
#1067 = DIRECTION('',(0.,-1.,0.));
#1068 = PCURVE('',#48,#1069);
#1069 = DEFINITIONAL_REPRESENTATION('',(#1070),#1074);
#1070 = LINE('',#1071,#1072);
#1071 = CARTESIAN_POINT('',(-8.,3.));
#1072 = VECTOR('',#1073,1.);
#1073 = DIRECTION('',(0.,1.));
#1074 = ( GEOMETRIC_REPRESENTATION_CONTEXT(2) 
PARAMETRIC_REPRESENTATION_CONTEXT() REPRESENTATION_CONTEXT('2D SPACE',''
  ) );
#1075 = PCURVE('',#1076,#1081);
#1076 = PLANE('',#1077);
#1077 = AXIS2_PLACEMENT_3D('',#1078,#1079,#1080);
#1078 = CARTESIAN_POINT('',(-8.,-6.,26.0000001));
#1079 = DIRECTION('',(1.,0.,1.110223024625E-16));
#1080 = DIRECTION('',(0.,1.,0.));
#1081 = DEFINITIONAL_REPRESENTATION('',(#1082),#1086);
#1082 = LINE('',#1083,#1084);
#1083 = CARTESIAN_POINT('',(3.,-2.));
#1084 = VECTOR('',#1085,1.);
#1085 = DIRECTION('',(-1.,0.));
#1086 = ( GEOMETRIC_REPRESENTATION_CONTEXT(2) 
PARAMETRIC_REPRESENTATION_CONTEXT() REPRESENTATION_CONTEXT('2D SPACE',''
  ) );
#1087 = ORIENTED_EDGE('',*,*,#1088,.T.);
#1088 = EDGE_CURVE('',#1061,#1089,#1091,.T.);
#1089 = VERTEX_POINT('',#1090);
#1090 = CARTESIAN_POINT('',(0.,-9.5,24.0000001));
#1091 = SURFACE_CURVE('',#1092,(#1137,#1185),.PCURVE_S1.);
#1092 = B_SPLINE_CURVE_WITH_KNOTS('',8,(#1093,#1094,#1095,#1096,#1097,
    #1098,#1099,#1100,#1101,#1102,#1103,#1104,#1105,#1106,#1107,#1108,
    #1109,#1110,#1111,#1112,#1113,#1114,#1115,#1116,#1117,#1118,#1119,
    #1120,#1121,#1122,#1123,#1124,#1125,#1126,#1127,#1128,#1129,#1130,
    #1131,#1132,#1133,#1134,#1135,#1136),.UNSPECIFIED.,.F.,.F.,(9,7,7,7,
    7,7,9),(0.,8.658279662505E-02,0.150251277784,0.255683647933,
    0.372291782784,0.66551961711,1.),.UNSPECIFIED.);
#1093 = CARTESIAN_POINT('',(-8.,-6.,24.0000001));
#1094 = CARTESIAN_POINT('',(-8.,-6.099128819857,24.0000001));
#1095 = CARTESIAN_POINT('',(-7.992665807984,-6.198293937355,24.0000001)
  );
#1096 = CARTESIAN_POINT('',(-7.977988505677,-6.296811556493,24.0000001)
  );
#1097 = CARTESIAN_POINT('',(-7.956203668491,-6.394120147784,24.0000001)
  );
#1098 = CARTESIAN_POINT('',(-7.92771415796,-6.489764673928,24.0000001));
#1099 = CARTESIAN_POINT('',(-7.893027198491,-6.583383377433,24.0000001)
  );
#1100 = CARTESIAN_POINT('',(-7.852705738441,-6.674697130171,24.0000001)
  );
#1101 = CARTESIAN_POINT('',(-7.773970151335,-6.828803341265,24.0000001)
  );
#1102 = CARTESIAN_POINT('',(-7.737859023831,-6.89278015243,24.0000001));
#1103 = CARTESIAN_POINT('',(-7.699210314761,-6.955383298478,24.0000001)
  );
#1104 = CARTESIAN_POINT('',(-7.658229285382,-7.016586233437,24.0000001)
  );
#1105 = CARTESIAN_POINT('',(-7.615110763004,-7.076380536856,24.0000001)
  );
#1106 = CARTESIAN_POINT('',(-7.570034386841,-7.134772898817,24.0000001)
  );
#1107 = CARTESIAN_POINT('',(-7.52316119315,-7.191782898387,24.0000001));
#1108 = CARTESIAN_POINT('',(-7.394268441656,-7.339610041592,24.0000001)
  );
#1109 = CARTESIAN_POINT('',(-7.309394005582,-7.428037444472,24.0000001)
  );
#1110 = CARTESIAN_POINT('',(-7.220632097442,-7.512890454867,24.0000001)
  );
#1111 = CARTESIAN_POINT('',(-7.128517004844,-7.594331268062,24.0000001)
  );
#1112 = CARTESIAN_POINT('',(-7.033499667228,-7.672523159483,24.0000001)
  );
#1113 = CARTESIAN_POINT('',(-6.935951195208,-7.747633461244,24.0000001)
  );
#1114 = CARTESIAN_POINT('',(-6.836163679009,-7.819833959625,24.0000001)
  );
#1115 = CARTESIAN_POINT('',(-6.621740525588,-7.966126687444,24.0000001)
  );
#1116 = CARTESIAN_POINT('',(-6.506696360956,-8.039578388049,24.0000001)
  );
#1117 = CARTESIAN_POINT('',(-6.389534602291,-8.109873516676,24.0000001)
  );
#1118 = CARTESIAN_POINT('',(-6.27052276615,-8.177197924045,24.0000001));
#1119 = CARTESIAN_POINT('',(-6.149884506217,-8.241715020477,24.0000001)
  );
#1120 = CARTESIAN_POINT('',(-6.027804591189,-8.303573430244,24.0000001)
  );
#1121 = CARTESIAN_POINT('',(-5.904431429776,-8.362910890006,24.0000001)
  );
#1122 = CARTESIAN_POINT('',(-5.466667572459,-8.563046970465,24.0000001)
  );
#1123 = CARTESIAN_POINT('',(-5.146218530999,-8.690997818882,24.0000001)
  );
#1124 = CARTESIAN_POINT('',(-4.82029557795,-8.805786994562,24.0000001));
#1125 = CARTESIAN_POINT('',(-4.490152664745,-8.908675576539,24.0000001)
  );
#1126 = CARTESIAN_POINT('',(-4.156755394477,-9.000689531357,24.0000001)
  );
#1127 = CARTESIAN_POINT('',(-3.820777235066,-9.082612659509,24.0000001)
  );
#1128 = CARTESIAN_POINT('',(-3.482648047798,-9.155098048944,24.0000001)
  );
#1129 = CARTESIAN_POINT('',(-2.754604305936,-9.291155136534,24.0000001)
  );
#1130 = CARTESIAN_POINT('',(-2.364379794942,-9.351985752743,24.0000001)
  );
#1131 = CARTESIAN_POINT('',(-1.972400674493,-9.40188941271,24.0000001));
#1132 = CARTESIAN_POINT('',(-1.579117685881,-9.441358215425,24.0000001)
  );
#1133 = CARTESIAN_POINT('',(-1.184922817818,-9.470733998979,24.0000001)
  );
#1134 = CARTESIAN_POINT('',(-0.790154944443,-9.490243578081,24.0000001)
  );
#1135 = CARTESIAN_POINT('',(-0.395101267401,-9.5,24.0000001));
#1136 = CARTESIAN_POINT('',(3.627535489626E-16,-9.5,24.0000001));
#1137 = PCURVE('',#48,#1138);
#1138 = DEFINITIONAL_REPRESENTATION('',(#1139),#1184);
#1139 = B_SPLINE_CURVE_WITH_KNOTS('',8,(#1140,#1141,#1142,#1143,#1144,
    #1145,#1146,#1147,#1148,#1149,#1150,#1151,#1152,#1153,#1154,#1155,
    #1156,#1157,#1158,#1159,#1160,#1161,#1162,#1163,#1164,#1165,#1166,
    #1167,#1168,#1169,#1170,#1171,#1172,#1173,#1174,#1175,#1176,#1177,
    #1178,#1179,#1180,#1181,#1182,#1183),.UNSPECIFIED.,.F.,.F.,(9,7,7,7,
    7,7,9),(0.,8.658279662505E-02,0.150251277784,0.255683647933,
    0.372291782784,0.66551961711,1.),.UNSPECIFIED.);
#1140 = CARTESIAN_POINT('',(-8.,6.));
#1141 = CARTESIAN_POINT('',(-8.,6.099128819857));
#1142 = CARTESIAN_POINT('',(-7.992665807984,6.198293937355));
#1143 = CARTESIAN_POINT('',(-7.977988505677,6.296811556493));
#1144 = CARTESIAN_POINT('',(-7.956203668491,6.394120147784));
#1145 = CARTESIAN_POINT('',(-7.92771415796,6.489764673928));
#1146 = CARTESIAN_POINT('',(-7.893027198491,6.583383377433));
#1147 = CARTESIAN_POINT('',(-7.852705738441,6.674697130171));
#1148 = CARTESIAN_POINT('',(-7.773970151335,6.828803341265));
#1149 = CARTESIAN_POINT('',(-7.737859023831,6.89278015243));
#1150 = CARTESIAN_POINT('',(-7.699210314761,6.955383298478));
#1151 = CARTESIAN_POINT('',(-7.658229285382,7.016586233437));
#1152 = CARTESIAN_POINT('',(-7.615110763004,7.076380536856));
#1153 = CARTESIAN_POINT('',(-7.570034386841,7.134772898817));
#1154 = CARTESIAN_POINT('',(-7.52316119315,7.191782898387));
#1155 = CARTESIAN_POINT('',(-7.394268441656,7.339610041592));
#1156 = CARTESIAN_POINT('',(-7.309394005582,7.428037444472));
#1157 = CARTESIAN_POINT('',(-7.220632097442,7.512890454867));
#1158 = CARTESIAN_POINT('',(-7.128517004844,7.594331268062));
#1159 = CARTESIAN_POINT('',(-7.033499667228,7.672523159483));
#1160 = CARTESIAN_POINT('',(-6.935951195208,7.747633461244));
#1161 = CARTESIAN_POINT('',(-6.836163679009,7.819833959625));
#1162 = CARTESIAN_POINT('',(-6.621740525588,7.966126687444));
#1163 = CARTESIAN_POINT('',(-6.506696360956,8.039578388049));
#1164 = CARTESIAN_POINT('',(-6.389534602291,8.109873516676));
#1165 = CARTESIAN_POINT('',(-6.27052276615,8.177197924045));
#1166 = CARTESIAN_POINT('',(-6.149884506217,8.241715020477));
#1167 = CARTESIAN_POINT('',(-6.027804591189,8.303573430244));
#1168 = CARTESIAN_POINT('',(-5.904431429776,8.362910890006));
#1169 = CARTESIAN_POINT('',(-5.466667572459,8.563046970465));
#1170 = CARTESIAN_POINT('',(-5.146218530999,8.690997818882));
#1171 = CARTESIAN_POINT('',(-4.82029557795,8.805786994562));
#1172 = CARTESIAN_POINT('',(-4.490152664745,8.908675576539));
#1173 = CARTESIAN_POINT('',(-4.156755394477,9.000689531357));
#1174 = CARTESIAN_POINT('',(-3.820777235066,9.082612659509));
#1175 = CARTESIAN_POINT('',(-3.482648047798,9.155098048944));
#1176 = CARTESIAN_POINT('',(-2.754604305936,9.291155136534));
#1177 = CARTESIAN_POINT('',(-2.364379794942,9.351985752743));
#1178 = CARTESIAN_POINT('',(-1.972400674493,9.40188941271));
#1179 = CARTESIAN_POINT('',(-1.579117685881,9.441358215425));
#1180 = CARTESIAN_POINT('',(-1.184922817818,9.470733998979));
#1181 = CARTESIAN_POINT('',(-0.790154944443,9.490243578081));
#1182 = CARTESIAN_POINT('',(-0.395101267401,9.5));
#1183 = CARTESIAN_POINT('',(8.881784197001E-16,9.5));
#1184 = ( GEOMETRIC_REPRESENTATION_CONTEXT(2) 
PARAMETRIC_REPRESENTATION_CONTEXT() REPRESENTATION_CONTEXT('2D SPACE',''
  ) );
#1185 = PCURVE('',#1186,#1194);
#1186 = SURFACE_OF_LINEAR_EXTRUSION('',#1187,#1192);
#1187 = ELLIPSE('',#1188,8.,3.5);
#1188 = AXIS2_PLACEMENT_3D('',#1189,#1190,#1191);
#1189 = CARTESIAN_POINT('',(-1.100481383203E-15,-6.,26.0000001));
#1190 = DIRECTION('',(1.110223024625E-16,0.,-1.));
#1191 = DIRECTION('',(1.,1.110223024625E-16,1.110223024625E-16));
#1192 = VECTOR('',#1193,1.);
#1193 = DIRECTION('',(-1.110223024625E-16,-0.,1.));
#1194 = DEFINITIONAL_REPRESENTATION('',(#1195),#1240);
#1195 = B_SPLINE_CURVE_WITH_KNOTS('',8,(#1196,#1197,#1198,#1199,#1200,
    #1201,#1202,#1203,#1204,#1205,#1206,#1207,#1208,#1209,#1210,#1211,
    #1212,#1213,#1214,#1215,#1216,#1217,#1218,#1219,#1220,#1221,#1222,
    #1223,#1224,#1225,#1226,#1227,#1228,#1229,#1230,#1231,#1232,#1233,
    #1234,#1235,#1236,#1237,#1238,#1239),.UNSPECIFIED.,.F.,.F.,(9,7,7,7,
    7,7,9),(0.,8.658279662505E-02,0.150251277784,0.255683647933,
    0.372291782784,0.66551961711,1.),.UNSPECIFIED.);
#1196 = CARTESIAN_POINT('',(3.14159265359,-2.));
#1197 = CARTESIAN_POINT('',(3.113270133631,-2.));
#1198 = CARTESIAN_POINT('',(3.084937263592,-2.));
#1199 = CARTESIAN_POINT('',(3.056754698814,-2.));
#1200 = CARTESIAN_POINT('',(3.028848309117,-2.));
#1201 = CARTESIAN_POINT('',(3.001317412847,-2.));
#1202 = CARTESIAN_POINT('',(2.974240712958,-2.));
#1203 = CARTESIAN_POINT('',(2.947679935116,-2.));
#1204 = CARTESIAN_POINT('',(2.902563027872,-2.));
#1205 = CARTESIAN_POINT('',(2.883739485702,-2.));
#1206 = CARTESIAN_POINT('',(2.865219117598,-2.));
#1207 = CARTESIAN_POINT('',(2.847005669103,-2.));
#1208 = CARTESIAN_POINT('',(2.829098917156,-2.));
#1209 = CARTESIAN_POINT('',(2.811495272224,-2.));
#1210 = CARTESIAN_POINT('',(2.794188120445,-2.));
#1211 = CARTESIAN_POINT('',(2.748983134587,-2.));
#1212 = CARTESIAN_POINT('',(2.721596048502,-2.));
#1213 = CARTESIAN_POINT('',(2.694955875714,-2.));
#1214 = CARTESIAN_POINT('',(2.669017030618,-2.));
#1215 = CARTESIAN_POINT('',(2.643735985398,-2.));
#1216 = CARTESIAN_POINT('',(2.619069000402,-2.));
#1217 = CARTESIAN_POINT('',(2.594970713292,-2.));
#1218 = CARTESIAN_POINT('',(2.545317300122,-2.));
#1219 = CARTESIAN_POINT('',(2.51988864164,-2.));
#1220 = CARTESIAN_POINT('',(2.495049317109,-2.));
#1221 = CARTESIAN_POINT('',(2.470751193771,-2.));
#1222 = CARTESIAN_POINT('',(2.446952578642,-2.));
#1223 = CARTESIAN_POINT('',(2.423615580525,-2.));
#1224 = CARTESIAN_POINT('',(2.400704555912,-2.));
#1225 = CARTESIAN_POINT('',(2.321558600576,-2.));
#1226 = CARTESIAN_POINT('',(2.267452130872,-2.));
#1227 = CARTESIAN_POINT('',(2.215313034184,-2.));
#1228 = CARTESIAN_POINT('',(2.164814858328,-2.));
#1229 = CARTESIAN_POINT('',(2.115689507471,-2.));
#1230 = CARTESIAN_POINT('',(2.067723320376,-2.));
#1231 = CARTESIAN_POINT('',(2.020719330649,-2.));
#1232 = CARTESIAN_POINT('',(1.921759032792,-2.));
#1233 = CARTESIAN_POINT('',(1.870074665412,-2.));
#1234 = CARTESIAN_POINT('',(1.81919167825,-2.));
#1235 = CARTESIAN_POINT('',(1.768920005953,-2.));
#1236 = CARTESIAN_POINT('',(1.719095335538,-2.));
#1237 = CARTESIAN_POINT('',(1.6695656628,-2.));
#1238 = CARTESIAN_POINT('',(1.62018398522,-2.));
#1239 = CARTESIAN_POINT('',(1.570796326795,-2.));
#1240 = ( GEOMETRIC_REPRESENTATION_CONTEXT(2) 
PARAMETRIC_REPRESENTATION_CONTEXT() REPRESENTATION_CONTEXT('2D SPACE',''
  ) );
#1241 = ORIENTED_EDGE('',*,*,#1242,.T.);
#1242 = EDGE_CURVE('',#1089,#1243,#1245,.T.);
#1243 = VERTEX_POINT('',#1244);
#1244 = CARTESIAN_POINT('',(1.7763568394E-15,-11.7,24.0000001));
#1245 = SURFACE_CURVE('',#1246,(#1250,#1257),.PCURVE_S1.);
#1246 = LINE('',#1247,#1248);
#1247 = CARTESIAN_POINT('',(0.,-36.,24.0000001));
#1248 = VECTOR('',#1249,1.);
#1249 = DIRECTION('',(0.,-1.,0.));
#1250 = PCURVE('',#48,#1251);
#1251 = DEFINITIONAL_REPRESENTATION('',(#1252),#1256);
#1252 = LINE('',#1253,#1254);
#1253 = CARTESIAN_POINT('',(5.254248707375E-16,36.));
#1254 = VECTOR('',#1255,1.);
#1255 = DIRECTION('',(0.,1.));
#1256 = ( GEOMETRIC_REPRESENTATION_CONTEXT(2) 
PARAMETRIC_REPRESENTATION_CONTEXT() REPRESENTATION_CONTEXT('2D SPACE',''
  ) );
#1257 = PCURVE('',#1258,#1263);
#1258 = PLANE('',#1259);
#1259 = AXIS2_PLACEMENT_3D('',#1260,#1261,#1262);
#1260 = CARTESIAN_POINT('',(-7.993605777301E-15,-72.,96.0000001));
#1261 = DIRECTION('',(1.,0.,1.110223024625E-16));
#1262 = DIRECTION('',(1.110223024625E-16,0.,-1.));
#1263 = DEFINITIONAL_REPRESENTATION('',(#1264),#1268);
#1264 = LINE('',#1265,#1266);
#1265 = CARTESIAN_POINT('',(72.,36.));
#1266 = VECTOR('',#1267,1.);
#1267 = DIRECTION('',(0.,-1.));
#1268 = ( GEOMETRIC_REPRESENTATION_CONTEXT(2) 
PARAMETRIC_REPRESENTATION_CONTEXT() REPRESENTATION_CONTEXT('2D SPACE',''
  ) );
#1269 = ORIENTED_EDGE('',*,*,#1270,.T.);
#1270 = EDGE_CURVE('',#1243,#766,#1271,.T.);
#1271 = SURFACE_CURVE('',#1272,(#1277,#1284),.PCURVE_S1.);
#1272 = ELLIPSE('',#1273,10.2,5.7);
#1273 = AXIS2_PLACEMENT_3D('',#1274,#1275,#1276);
#1274 = CARTESIAN_POINT('',(5.189598477988E-16,-6.,24.0000001));
#1275 = DIRECTION('',(1.110223024625E-16,0.,-1.));
#1276 = DIRECTION('',(1.,1.110223024625E-16,1.110223024625E-16));
#1277 = PCURVE('',#48,#1278);
#1278 = DEFINITIONAL_REPRESENTATION('',(#1279),#1283);
#1279 = ELLIPSE('',#1280,10.2,5.7);
#1280 = AXIS2_PLACEMENT_2D('',#1281,#1282);
#1281 = CARTESIAN_POINT('',(1.044384718536E-15,6.));
#1282 = DIRECTION('',(1.,-1.110223024625E-16));
#1283 = ( GEOMETRIC_REPRESENTATION_CONTEXT(2) 
PARAMETRIC_REPRESENTATION_CONTEXT() REPRESENTATION_CONTEXT('2D SPACE',''
  ) );
#1284 = PCURVE('',#1285,#1293);
#1285 = SURFACE_OF_LINEAR_EXTRUSION('',#1286,#1291);
#1286 = ELLIPSE('',#1287,10.2,5.7);
#1287 = AXIS2_PLACEMENT_3D('',#1288,#1289,#1290);
#1288 = CARTESIAN_POINT('',(5.189598477988E-16,-6.,24.0000001));
#1289 = DIRECTION('',(1.110223024625E-16,0.,-1.));
#1290 = DIRECTION('',(1.,1.110223024625E-16,1.110223024625E-16));
#1291 = VECTOR('',#1292,1.);
#1292 = DIRECTION('',(-1.110223024625E-16,-0.,1.));
#1293 = DEFINITIONAL_REPRESENTATION('',(#1294),#1298);
#1294 = LINE('',#1295,#1296);
#1295 = CARTESIAN_POINT('',(0.,0.));
#1296 = VECTOR('',#1297,1.);
#1297 = DIRECTION('',(1.,0.));
#1298 = ( GEOMETRIC_REPRESENTATION_CONTEXT(2) 
PARAMETRIC_REPRESENTATION_CONTEXT() REPRESENTATION_CONTEXT('2D SPACE',''
  ) );
#1299 = ADVANCED_FACE('',(#1300),#615,.T.);
#1300 = FACE_BOUND('',#1301,.T.);
#1301 = EDGE_LOOP('',(#1302,#1303,#1304,#1327,#1348,#1349,#1372,#1400));
#1302 = ORIENTED_EDGE('',*,*,#741,.F.);
#1303 = ORIENTED_EDGE('',*,*,#789,.T.);
#1304 = ORIENTED_EDGE('',*,*,#1305,.T.);
#1305 = EDGE_CURVE('',#790,#1306,#1308,.T.);
#1306 = VERTEX_POINT('',#1307);
#1307 = CARTESIAN_POINT('',(8.881784197001E-16,9.5,1.000000011686E-07));
#1308 = SURFACE_CURVE('',#1309,(#1313,#1320),.PCURVE_S1.);
#1309 = LINE('',#1310,#1311);
#1310 = CARTESIAN_POINT('',(-1.998401444325E-15,9.5,26.0000001));
#1311 = VECTOR('',#1312,1.);
#1312 = DIRECTION('',(1.110223024625E-16,0.,-1.));
#1313 = PCURVE('',#615,#1314);
#1314 = DEFINITIONAL_REPRESENTATION('',(#1315),#1319);
#1315 = LINE('',#1316,#1317);
#1316 = CARTESIAN_POINT('',(70.,81.5));
#1317 = VECTOR('',#1318,1.);
#1318 = DIRECTION('',(1.,0.));
#1319 = ( GEOMETRIC_REPRESENTATION_CONTEXT(2) 
PARAMETRIC_REPRESENTATION_CONTEXT() REPRESENTATION_CONTEXT('2D SPACE',''
  ) );
#1320 = PCURVE('',#898,#1321);
#1321 = DEFINITIONAL_REPRESENTATION('',(#1322),#1326);
#1322 = LINE('',#1323,#1324);
#1323 = CARTESIAN_POINT('',(4.712388980385,0.));
#1324 = VECTOR('',#1325,1.);
#1325 = DIRECTION('',(0.,-1.));
#1326 = ( GEOMETRIC_REPRESENTATION_CONTEXT(2) 
PARAMETRIC_REPRESENTATION_CONTEXT() REPRESENTATION_CONTEXT('2D SPACE',''
  ) );
#1327 = ORIENTED_EDGE('',*,*,#1328,.F.);
#1328 = EDGE_CURVE('',#571,#1306,#1329,.T.);
#1329 = SURFACE_CURVE('',#1330,(#1334,#1341),.PCURVE_S1.);
#1330 = LINE('',#1331,#1332);
#1331 = CARTESIAN_POINT('',(2.6645352591E-15,-36.,1.000000011686E-07));
#1332 = VECTOR('',#1333,1.);
#1333 = DIRECTION('',(0.,-1.,0.));
#1334 = PCURVE('',#615,#1335);
#1335 = DEFINITIONAL_REPRESENTATION('',(#1336),#1340);
#1336 = LINE('',#1337,#1338);
#1337 = CARTESIAN_POINT('',(96.,36.));
#1338 = VECTOR('',#1339,1.);
#1339 = DIRECTION('',(0.,-1.));
#1340 = ( GEOMETRIC_REPRESENTATION_CONTEXT(2) 
PARAMETRIC_REPRESENTATION_CONTEXT() REPRESENTATION_CONTEXT('2D SPACE',''
  ) );
#1341 = PCURVE('',#587,#1342);
#1342 = DEFINITIONAL_REPRESENTATION('',(#1343),#1347);
#1343 = LINE('',#1344,#1345);
#1344 = CARTESIAN_POINT('',(5.254248707375E-16,36.));
#1345 = VECTOR('',#1346,1.);
#1346 = DIRECTION('',(0.,1.));
#1347 = ( GEOMETRIC_REPRESENTATION_CONTEXT(2) 
PARAMETRIC_REPRESENTATION_CONTEXT() REPRESENTATION_CONTEXT('2D SPACE',''
  ) );
#1348 = ORIENTED_EDGE('',*,*,#599,.F.);
#1349 = ORIENTED_EDGE('',*,*,#1350,.F.);
#1350 = EDGE_CURVE('',#1351,#600,#1353,.T.);
#1351 = VERTEX_POINT('',#1352);
#1352 = CARTESIAN_POINT('',(2.442490654175E-15,11.4,2.0000001));
#1353 = SURFACE_CURVE('',#1354,(#1358,#1365),.PCURVE_S1.);
#1354 = LINE('',#1355,#1356);
#1355 = CARTESIAN_POINT('',(2.442490654175E-15,-30.3,2.0000001));
#1356 = VECTOR('',#1357,1.);
#1357 = DIRECTION('',(0.,1.,0.));
#1358 = PCURVE('',#615,#1359);
#1359 = DEFINITIONAL_REPRESENTATION('',(#1360),#1364);
#1360 = LINE('',#1361,#1362);
#1361 = CARTESIAN_POINT('',(94.,41.7));
#1362 = VECTOR('',#1363,1.);
#1363 = DIRECTION('',(0.,1.));
#1364 = ( GEOMETRIC_REPRESENTATION_CONTEXT(2) 
PARAMETRIC_REPRESENTATION_CONTEXT() REPRESENTATION_CONTEXT('2D SPACE',''
  ) );
#1365 = PCURVE('',#651,#1366);
#1366 = DEFINITIONAL_REPRESENTATION('',(#1367),#1371);
#1367 = LINE('',#1368,#1369);
#1368 = CARTESIAN_POINT('',(3.,41.7));
#1369 = VECTOR('',#1370,1.);
#1370 = DIRECTION('',(0.,-1.));
#1371 = ( GEOMETRIC_REPRESENTATION_CONTEXT(2) 
PARAMETRIC_REPRESENTATION_CONTEXT() REPRESENTATION_CONTEXT('2D SPACE',''
  ) );
#1372 = ORIENTED_EDGE('',*,*,#1373,.T.);
#1373 = EDGE_CURVE('',#1351,#1374,#1376,.T.);
#1374 = VERTEX_POINT('',#1375);
#1375 = CARTESIAN_POINT('',(2.22044604925E-16,11.4,22.0000001));
#1376 = SURFACE_CURVE('',#1377,(#1381,#1388),.PCURVE_S1.);
#1377 = LINE('',#1378,#1379);
#1378 = CARTESIAN_POINT('',(-3.885780586188E-15,11.4,59.0000001));
#1379 = VECTOR('',#1380,1.);
#1380 = DIRECTION('',(-1.110223024625E-16,0.,1.));
#1381 = PCURVE('',#615,#1382);
#1382 = DEFINITIONAL_REPRESENTATION('',(#1383),#1387);
#1383 = LINE('',#1384,#1385);
#1384 = CARTESIAN_POINT('',(37.,83.4));
#1385 = VECTOR('',#1386,1.);
#1386 = DIRECTION('',(-1.,0.));
#1387 = ( GEOMETRIC_REPRESENTATION_CONTEXT(2) 
PARAMETRIC_REPRESENTATION_CONTEXT() REPRESENTATION_CONTEXT('2D SPACE',''
  ) );
#1388 = PCURVE('',#1389,#1394);
#1389 = PLANE('',#1390);
#1390 = AXIS2_PLACEMENT_3D('',#1391,#1392,#1393);
#1391 = CARTESIAN_POINT('',(-3.,11.4,22.0000001));
#1392 = DIRECTION('',(0.,1.,0.));
#1393 = DIRECTION('',(1.,0.,1.110223024625E-16));
#1394 = DEFINITIONAL_REPRESENTATION('',(#1395),#1399);
#1395 = LINE('',#1396,#1397);
#1396 = CARTESIAN_POINT('',(3.,-37.));
#1397 = VECTOR('',#1398,1.);
#1398 = DIRECTION('',(0.,-1.));
#1399 = ( GEOMETRIC_REPRESENTATION_CONTEXT(2) 
PARAMETRIC_REPRESENTATION_CONTEXT() REPRESENTATION_CONTEXT('2D SPACE',''
  ) );
#1400 = ORIENTED_EDGE('',*,*,#1401,.T.);
#1401 = EDGE_CURVE('',#1374,#702,#1402,.T.);
#1402 = SURFACE_CURVE('',#1403,(#1407,#1414),.PCURVE_S1.);
#1403 = LINE('',#1404,#1405);
#1404 = CARTESIAN_POINT('',(2.22044604925E-16,-30.3,22.0000001));
#1405 = VECTOR('',#1406,1.);
#1406 = DIRECTION('',(0.,1.,0.));
#1407 = PCURVE('',#615,#1408);
#1408 = DEFINITIONAL_REPRESENTATION('',(#1409),#1413);
#1409 = LINE('',#1410,#1411);
#1410 = CARTESIAN_POINT('',(74.,41.7));
#1411 = VECTOR('',#1412,1.);
#1412 = DIRECTION('',(0.,1.));
#1413 = ( GEOMETRIC_REPRESENTATION_CONTEXT(2) 
PARAMETRIC_REPRESENTATION_CONTEXT() REPRESENTATION_CONTEXT('2D SPACE',''
  ) );
#1414 = PCURVE('',#725,#1415);
#1415 = DEFINITIONAL_REPRESENTATION('',(#1416),#1420);
#1416 = LINE('',#1417,#1418);
#1417 = CARTESIAN_POINT('',(3.,41.7));
#1418 = VECTOR('',#1419,1.);
#1419 = DIRECTION('',(0.,-1.));
#1420 = ( GEOMETRIC_REPRESENTATION_CONTEXT(2) 
PARAMETRIC_REPRESENTATION_CONTEXT() REPRESENTATION_CONTEXT('2D SPACE',''
  ) );
#1421 = ADVANCED_FACE('',(#1422),#725,.F.);
#1422 = FACE_BOUND('',#1423,.F.);
#1423 = EDGE_LOOP('',(#1424,#1447,#1448,#1449,#1472,#1500,#1528,#1561,
    #1589,#1622,#1650,#1679,#1708,#1736,#1769,#1797,#1830,#1858,#1887,
    #1915,#1943,#1972));
#1424 = ORIENTED_EDGE('',*,*,#1425,.F.);
#1425 = EDGE_CURVE('',#1374,#1426,#1428,.T.);
#1426 = VERTEX_POINT('',#1427);
#1427 = CARTESIAN_POINT('',(0.2,11.4,22.0000001));
#1428 = SURFACE_CURVE('',#1429,(#1433,#1440),.PCURVE_S1.);
#1429 = LINE('',#1430,#1431);
#1430 = CARTESIAN_POINT('',(-3.,11.4,22.0000001));
#1431 = VECTOR('',#1432,1.);
#1432 = DIRECTION('',(1.,0.,1.110223024625E-16));
#1433 = PCURVE('',#725,#1434);
#1434 = DEFINITIONAL_REPRESENTATION('',(#1435),#1439);
#1435 = LINE('',#1436,#1437);
#1436 = CARTESIAN_POINT('',(0.,0.));
#1437 = VECTOR('',#1438,1.);
#1438 = DIRECTION('',(1.,0.));
#1439 = ( GEOMETRIC_REPRESENTATION_CONTEXT(2) 
PARAMETRIC_REPRESENTATION_CONTEXT() REPRESENTATION_CONTEXT('2D SPACE',''
  ) );
#1440 = PCURVE('',#1389,#1441);
#1441 = DEFINITIONAL_REPRESENTATION('',(#1442),#1446);
#1442 = LINE('',#1443,#1444);
#1443 = CARTESIAN_POINT('',(0.,0.));
#1444 = VECTOR('',#1445,1.);
#1445 = DIRECTION('',(1.,0.));
#1446 = ( GEOMETRIC_REPRESENTATION_CONTEXT(2) 
PARAMETRIC_REPRESENTATION_CONTEXT() REPRESENTATION_CONTEXT('2D SPACE',''
  ) );
#1447 = ORIENTED_EDGE('',*,*,#1401,.T.);
#1448 = ORIENTED_EDGE('',*,*,#701,.T.);
#1449 = ORIENTED_EDGE('',*,*,#1450,.T.);
#1450 = EDGE_CURVE('',#668,#1451,#1453,.T.);
#1451 = VERTEX_POINT('',#1452);
#1452 = CARTESIAN_POINT('',(-3.,15.9,22.0000001));
#1453 = SURFACE_CURVE('',#1454,(#1458,#1465),.PCURVE_S1.);
#1454 = LINE('',#1455,#1456);
#1455 = CARTESIAN_POINT('',(-3.,11.4,22.0000001));
#1456 = VECTOR('',#1457,1.);
#1457 = DIRECTION('',(0.,1.,0.));
#1458 = PCURVE('',#725,#1459);
#1459 = DEFINITIONAL_REPRESENTATION('',(#1460),#1464);
#1460 = LINE('',#1461,#1462);
#1461 = CARTESIAN_POINT('',(0.,0.));
#1462 = VECTOR('',#1463,1.);
#1463 = DIRECTION('',(0.,-1.));
#1464 = ( GEOMETRIC_REPRESENTATION_CONTEXT(2) 
PARAMETRIC_REPRESENTATION_CONTEXT() REPRESENTATION_CONTEXT('2D SPACE',''
  ) );
#1465 = PCURVE('',#687,#1466);
#1466 = DEFINITIONAL_REPRESENTATION('',(#1467),#1471);
#1467 = LINE('',#1468,#1469);
#1468 = CARTESIAN_POINT('',(0.,0.));
#1469 = VECTOR('',#1470,1.);
#1470 = DIRECTION('',(0.,1.));
#1471 = ( GEOMETRIC_REPRESENTATION_CONTEXT(2) 
PARAMETRIC_REPRESENTATION_CONTEXT() REPRESENTATION_CONTEXT('2D SPACE',''
  ) );
#1472 = ORIENTED_EDGE('',*,*,#1473,.T.);
#1473 = EDGE_CURVE('',#1451,#1474,#1476,.T.);
#1474 = VERTEX_POINT('',#1475);
#1475 = CARTESIAN_POINT('',(0.2,15.9,22.0000001));
#1476 = SURFACE_CURVE('',#1477,(#1481,#1488),.PCURVE_S1.);
#1477 = LINE('',#1478,#1479);
#1478 = CARTESIAN_POINT('',(-3.,15.9,22.0000001));
#1479 = VECTOR('',#1480,1.);
#1480 = DIRECTION('',(1.,0.,1.110223024625E-16));
#1481 = PCURVE('',#725,#1482);
#1482 = DEFINITIONAL_REPRESENTATION('',(#1483),#1487);
#1483 = LINE('',#1484,#1485);
#1484 = CARTESIAN_POINT('',(0.,-4.5));
#1485 = VECTOR('',#1486,1.);
#1486 = DIRECTION('',(1.,0.));
#1487 = ( GEOMETRIC_REPRESENTATION_CONTEXT(2) 
PARAMETRIC_REPRESENTATION_CONTEXT() REPRESENTATION_CONTEXT('2D SPACE',''
  ) );
#1488 = PCURVE('',#1489,#1494);
#1489 = PLANE('',#1490);
#1490 = AXIS2_PLACEMENT_3D('',#1491,#1492,#1493);
#1491 = CARTESIAN_POINT('',(-3.,15.9,22.0000001));
#1492 = DIRECTION('',(0.,1.,0.));
#1493 = DIRECTION('',(1.,0.,1.110223024625E-16));
#1494 = DEFINITIONAL_REPRESENTATION('',(#1495),#1499);
#1495 = LINE('',#1496,#1497);
#1496 = CARTESIAN_POINT('',(0.,0.));
#1497 = VECTOR('',#1498,1.);
#1498 = DIRECTION('',(1.,0.));
#1499 = ( GEOMETRIC_REPRESENTATION_CONTEXT(2) 
PARAMETRIC_REPRESENTATION_CONTEXT() REPRESENTATION_CONTEXT('2D SPACE',''
  ) );
#1500 = ORIENTED_EDGE('',*,*,#1501,.F.);
#1501 = EDGE_CURVE('',#1502,#1474,#1504,.T.);
#1502 = VERTEX_POINT('',#1503);
#1503 = CARTESIAN_POINT('',(0.2,15.582842712475,22.0000001));
#1504 = SURFACE_CURVE('',#1505,(#1509,#1516),.PCURVE_S1.);
#1505 = LINE('',#1506,#1507);
#1506 = CARTESIAN_POINT('',(0.2,11.4,22.0000001));
#1507 = VECTOR('',#1508,1.);
#1508 = DIRECTION('',(0.,1.,0.));
#1509 = PCURVE('',#725,#1510);
#1510 = DEFINITIONAL_REPRESENTATION('',(#1511),#1515);
#1511 = LINE('',#1512,#1513);
#1512 = CARTESIAN_POINT('',(3.2,0.));
#1513 = VECTOR('',#1514,1.);
#1514 = DIRECTION('',(0.,-1.));
#1515 = ( GEOMETRIC_REPRESENTATION_CONTEXT(2) 
PARAMETRIC_REPRESENTATION_CONTEXT() REPRESENTATION_CONTEXT('2D SPACE',''
  ) );
#1516 = PCURVE('',#1517,#1522);
#1517 = PLANE('',#1518);
#1518 = AXIS2_PLACEMENT_3D('',#1519,#1520,#1521);
#1519 = CARTESIAN_POINT('',(0.2,11.4,22.0000001));
#1520 = DIRECTION('',(1.,0.,1.110223024625E-16));
#1521 = DIRECTION('',(1.110223024625E-16,0.,-1.));
#1522 = DEFINITIONAL_REPRESENTATION('',(#1523),#1527);
#1523 = LINE('',#1524,#1525);
#1524 = CARTESIAN_POINT('',(0.,0.));
#1525 = VECTOR('',#1526,1.);
#1526 = DIRECTION('',(0.,1.));
#1527 = ( GEOMETRIC_REPRESENTATION_CONTEXT(2) 
PARAMETRIC_REPRESENTATION_CONTEXT() REPRESENTATION_CONTEXT('2D SPACE',''
  ) );
#1528 = ORIENTED_EDGE('',*,*,#1529,.F.);
#1529 = EDGE_CURVE('',#1530,#1502,#1532,.T.);
#1530 = VERTEX_POINT('',#1531);
#1531 = CARTESIAN_POINT('',(0.3,15.6,22.0000001));
#1532 = SURFACE_CURVE('',#1533,(#1538,#1549),.PCURVE_S1.);
#1533 = CIRCLE('',#1534,0.3);
#1534 = AXIS2_PLACEMENT_3D('',#1535,#1536,#1537);
#1535 = CARTESIAN_POINT('',(0.3,15.3,22.0000001));
#1536 = DIRECTION('',(-1.110223024625E-16,0.,1.));
#1537 = DIRECTION('',(1.,0.,1.110223024625E-16));
#1538 = PCURVE('',#725,#1539);
#1539 = DEFINITIONAL_REPRESENTATION('',(#1540),#1548);
#1540 = ( BOUNDED_CURVE() B_SPLINE_CURVE(2,(#1541,#1542,#1543,#1544,
#1545,#1546,#1547),.UNSPECIFIED.,.T.,.F.) B_SPLINE_CURVE_WITH_KNOTS((1,2
    ,2,2,2,1),(-2.094395102393,0.,2.094395102393,4.188790204786,
6.28318530718,8.377580409573),.UNSPECIFIED.) CURVE() 
GEOMETRIC_REPRESENTATION_ITEM() RATIONAL_B_SPLINE_CURVE((1.,0.5,1.,0.5,
1.,0.5,1.)) REPRESENTATION_ITEM('') );
#1541 = CARTESIAN_POINT('',(3.6,-3.9));
#1542 = CARTESIAN_POINT('',(3.6,-4.419615242271));
#1543 = CARTESIAN_POINT('',(3.15,-4.159807621135));
#1544 = CARTESIAN_POINT('',(2.7,-3.9));
#1545 = CARTESIAN_POINT('',(3.15,-3.640192378865));
#1546 = CARTESIAN_POINT('',(3.6,-3.380384757729));
#1547 = CARTESIAN_POINT('',(3.6,-3.9));
#1548 = ( GEOMETRIC_REPRESENTATION_CONTEXT(2) 
PARAMETRIC_REPRESENTATION_CONTEXT() REPRESENTATION_CONTEXT('2D SPACE',''
  ) );
#1549 = PCURVE('',#1550,#1555);
#1550 = CYLINDRICAL_SURFACE('',#1551,0.3);
#1551 = AXIS2_PLACEMENT_3D('',#1552,#1553,#1554);
#1552 = CARTESIAN_POINT('',(0.3,15.3,22.0000001));
#1553 = DIRECTION('',(1.110223024625E-16,0.,-1.));
#1554 = DIRECTION('',(0.,1.,0.));
#1555 = DEFINITIONAL_REPRESENTATION('',(#1556),#1560);
#1556 = LINE('',#1557,#1558);
#1557 = CARTESIAN_POINT('',(1.570796326795,-0.));
#1558 = VECTOR('',#1559,1.);
#1559 = DIRECTION('',(-1.,0.));
#1560 = ( GEOMETRIC_REPRESENTATION_CONTEXT(2) 
PARAMETRIC_REPRESENTATION_CONTEXT() REPRESENTATION_CONTEXT('2D SPACE',''
  ) );
#1561 = ORIENTED_EDGE('',*,*,#1562,.T.);
#1562 = EDGE_CURVE('',#1530,#1563,#1565,.T.);
#1563 = VERTEX_POINT('',#1564);
#1564 = CARTESIAN_POINT('',(11.240192378865,15.6,22.0000001));
#1565 = SURFACE_CURVE('',#1566,(#1570,#1577),.PCURVE_S1.);
#1566 = LINE('',#1567,#1568);
#1567 = CARTESIAN_POINT('',(2.22044604925E-16,15.6,22.0000001));
#1568 = VECTOR('',#1569,1.);
#1569 = DIRECTION('',(1.,0.,1.110223024625E-16));
#1570 = PCURVE('',#725,#1571);
#1571 = DEFINITIONAL_REPRESENTATION('',(#1572),#1576);
#1572 = LINE('',#1573,#1574);
#1573 = CARTESIAN_POINT('',(3.,-4.2));
#1574 = VECTOR('',#1575,1.);
#1575 = DIRECTION('',(1.,0.));
#1576 = ( GEOMETRIC_REPRESENTATION_CONTEXT(2) 
PARAMETRIC_REPRESENTATION_CONTEXT() REPRESENTATION_CONTEXT('2D SPACE',''
  ) );
#1577 = PCURVE('',#1578,#1583);
#1578 = PLANE('',#1579);
#1579 = AXIS2_PLACEMENT_3D('',#1580,#1581,#1582);
#1580 = CARTESIAN_POINT('',(2.22044604925E-16,15.6,22.0000001));
#1581 = DIRECTION('',(0.,1.,0.));
#1582 = DIRECTION('',(1.,0.,1.110223024625E-16));
#1583 = DEFINITIONAL_REPRESENTATION('',(#1584),#1588);
#1584 = LINE('',#1585,#1586);
#1585 = CARTESIAN_POINT('',(0.,0.));
#1586 = VECTOR('',#1587,1.);
#1587 = DIRECTION('',(1.,0.));
#1588 = ( GEOMETRIC_REPRESENTATION_CONTEXT(2) 
PARAMETRIC_REPRESENTATION_CONTEXT() REPRESENTATION_CONTEXT('2D SPACE',''
  ) );
#1589 = ORIENTED_EDGE('',*,*,#1590,.F.);
#1590 = EDGE_CURVE('',#1591,#1563,#1593,.T.);
#1591 = VERTEX_POINT('',#1592);
#1592 = CARTESIAN_POINT('',(11.5,15.75,22.0000001));
#1593 = SURFACE_CURVE('',#1594,(#1599,#1610),.PCURVE_S1.);
#1594 = CIRCLE('',#1595,0.3);
#1595 = AXIS2_PLACEMENT_3D('',#1596,#1597,#1598);
#1596 = CARTESIAN_POINT('',(11.5,15.45,22.0000001));
#1597 = DIRECTION('',(-1.110223024625E-16,0.,1.));
#1598 = DIRECTION('',(1.,0.,1.110223024625E-16));
#1599 = PCURVE('',#725,#1600);
#1600 = DEFINITIONAL_REPRESENTATION('',(#1601),#1609);
#1601 = ( BOUNDED_CURVE() B_SPLINE_CURVE(2,(#1602,#1603,#1604,#1605,
#1606,#1607,#1608),.UNSPECIFIED.,.T.,.F.) B_SPLINE_CURVE_WITH_KNOTS((1,2
    ,2,2,2,1),(-2.094395102393,0.,2.094395102393,4.188790204786,
6.28318530718,8.377580409573),.UNSPECIFIED.) CURVE() 
GEOMETRIC_REPRESENTATION_ITEM() RATIONAL_B_SPLINE_CURVE((1.,0.5,1.,0.5,
1.,0.5,1.)) REPRESENTATION_ITEM('') );
#1602 = CARTESIAN_POINT('',(14.8,-4.05));
#1603 = CARTESIAN_POINT('',(14.8,-4.569615242271));
#1604 = CARTESIAN_POINT('',(14.35,-4.309807621135));
#1605 = CARTESIAN_POINT('',(13.9,-4.05));
#1606 = CARTESIAN_POINT('',(14.35,-3.790192378865));
#1607 = CARTESIAN_POINT('',(14.8,-3.530384757729));
#1608 = CARTESIAN_POINT('',(14.8,-4.05));
#1609 = ( GEOMETRIC_REPRESENTATION_CONTEXT(2) 
PARAMETRIC_REPRESENTATION_CONTEXT() REPRESENTATION_CONTEXT('2D SPACE',''
  ) );
#1610 = PCURVE('',#1611,#1616);
#1611 = CYLINDRICAL_SURFACE('',#1612,0.3);
#1612 = AXIS2_PLACEMENT_3D('',#1613,#1614,#1615);
#1613 = CARTESIAN_POINT('',(11.5,15.45,22.0000001));
#1614 = DIRECTION('',(1.110223024625E-16,0.,-1.));
#1615 = DIRECTION('',(0.,1.,0.));
#1616 = DEFINITIONAL_REPRESENTATION('',(#1617),#1621);
#1617 = LINE('',#1618,#1619);
#1618 = CARTESIAN_POINT('',(1.570796326795,-0.));
#1619 = VECTOR('',#1620,1.);
#1620 = DIRECTION('',(-1.,0.));
#1621 = ( GEOMETRIC_REPRESENTATION_CONTEXT(2) 
PARAMETRIC_REPRESENTATION_CONTEXT() REPRESENTATION_CONTEXT('2D SPACE',''
  ) );
#1622 = ORIENTED_EDGE('',*,*,#1623,.T.);
#1623 = EDGE_CURVE('',#1591,#1624,#1626,.T.);
#1624 = VERTEX_POINT('',#1625);
#1625 = CARTESIAN_POINT('',(12.5,15.75,22.0000001));
#1626 = SURFACE_CURVE('',#1627,(#1631,#1638),.PCURVE_S1.);
#1627 = LINE('',#1628,#1629);
#1628 = CARTESIAN_POINT('',(11.2,15.75,22.0000001));
#1629 = VECTOR('',#1630,1.);
#1630 = DIRECTION('',(1.,0.,1.110223024625E-16));
#1631 = PCURVE('',#725,#1632);
#1632 = DEFINITIONAL_REPRESENTATION('',(#1633),#1637);
#1633 = LINE('',#1634,#1635);
#1634 = CARTESIAN_POINT('',(14.2,-4.35));
#1635 = VECTOR('',#1636,1.);
#1636 = DIRECTION('',(1.,0.));
#1637 = ( GEOMETRIC_REPRESENTATION_CONTEXT(2) 
PARAMETRIC_REPRESENTATION_CONTEXT() REPRESENTATION_CONTEXT('2D SPACE',''
  ) );
#1638 = PCURVE('',#1639,#1644);
#1639 = PLANE('',#1640);
#1640 = AXIS2_PLACEMENT_3D('',#1641,#1642,#1643);
#1641 = CARTESIAN_POINT('',(11.2,15.75,22.0000001));
#1642 = DIRECTION('',(0.,1.,0.));
#1643 = DIRECTION('',(1.,0.,1.110223024625E-16));
#1644 = DEFINITIONAL_REPRESENTATION('',(#1645),#1649);
#1645 = LINE('',#1646,#1647);
#1646 = CARTESIAN_POINT('',(0.,0.));
#1647 = VECTOR('',#1648,1.);
#1648 = DIRECTION('',(1.,0.));
#1649 = ( GEOMETRIC_REPRESENTATION_CONTEXT(2) 
PARAMETRIC_REPRESENTATION_CONTEXT() REPRESENTATION_CONTEXT('2D SPACE',''
  ) );
#1650 = ORIENTED_EDGE('',*,*,#1651,.T.);
#1651 = EDGE_CURVE('',#1624,#1652,#1654,.T.);
#1652 = VERTEX_POINT('',#1653);
#1653 = CARTESIAN_POINT('',(12.76363068172,15.593174242293,22.0000001));
#1654 = SURFACE_CURVE('',#1655,(#1660,#1667),.PCURVE_S1.);
#1655 = CIRCLE('',#1656,0.3);
#1656 = AXIS2_PLACEMENT_3D('',#1657,#1658,#1659);
#1657 = CARTESIAN_POINT('',(12.5,15.45,22.0000001));
#1658 = DIRECTION('',(1.110223024625E-16,0.,-1.));
#1659 = DIRECTION('',(1.,0.,1.110223024625E-16));
#1660 = PCURVE('',#725,#1661);
#1661 = DEFINITIONAL_REPRESENTATION('',(#1662),#1666);
#1662 = CIRCLE('',#1663,0.3);
#1663 = AXIS2_PLACEMENT_2D('',#1664,#1665);
#1664 = CARTESIAN_POINT('',(15.5,-4.05));
#1665 = DIRECTION('',(1.,0.));
#1666 = ( GEOMETRIC_REPRESENTATION_CONTEXT(2) 
PARAMETRIC_REPRESENTATION_CONTEXT() REPRESENTATION_CONTEXT('2D SPACE',''
  ) );
#1667 = PCURVE('',#1668,#1673);
#1668 = CYLINDRICAL_SURFACE('',#1669,0.3);
#1669 = AXIS2_PLACEMENT_3D('',#1670,#1671,#1672);
#1670 = CARTESIAN_POINT('',(12.5,15.45,22.0000001));
#1671 = DIRECTION('',(1.110223024625E-16,0.,-1.));
#1672 = DIRECTION('',(0.,1.,0.));
#1673 = DEFINITIONAL_REPRESENTATION('',(#1674),#1678);
#1674 = LINE('',#1675,#1676);
#1675 = CARTESIAN_POINT('',(-4.712388980385,0.));
#1676 = VECTOR('',#1677,1.);
#1677 = DIRECTION('',(1.,0.));
#1678 = ( GEOMETRIC_REPRESENTATION_CONTEXT(2) 
PARAMETRIC_REPRESENTATION_CONTEXT() REPRESENTATION_CONTEXT('2D SPACE',''
  ) );
#1679 = ORIENTED_EDGE('',*,*,#1680,.T.);
#1680 = EDGE_CURVE('',#1652,#1681,#1683,.T.);
#1681 = VERTEX_POINT('',#1682);
#1682 = CARTESIAN_POINT('',(13.,15.3,22.0000001));
#1683 = SURFACE_CURVE('',#1684,(#1689,#1696),.PCURVE_S1.);
#1684 = CIRCLE('',#1685,0.3);
#1685 = AXIS2_PLACEMENT_3D('',#1686,#1687,#1688);
#1686 = CARTESIAN_POINT('',(12.7,15.3,22.0000001));
#1687 = DIRECTION('',(1.110223024625E-16,0.,-1.));
#1688 = DIRECTION('',(1.,0.,1.110223024625E-16));
#1689 = PCURVE('',#725,#1690);
#1690 = DEFINITIONAL_REPRESENTATION('',(#1691),#1695);
#1691 = CIRCLE('',#1692,0.3);
#1692 = AXIS2_PLACEMENT_2D('',#1693,#1694);
#1693 = CARTESIAN_POINT('',(15.7,-3.9));
#1694 = DIRECTION('',(1.,0.));
#1695 = ( GEOMETRIC_REPRESENTATION_CONTEXT(2) 
PARAMETRIC_REPRESENTATION_CONTEXT() REPRESENTATION_CONTEXT('2D SPACE',''
  ) );
#1696 = PCURVE('',#1697,#1702);
#1697 = CYLINDRICAL_SURFACE('',#1698,0.3);
#1698 = AXIS2_PLACEMENT_3D('',#1699,#1700,#1701);
#1699 = CARTESIAN_POINT('',(12.7,15.3,22.0000001));
#1700 = DIRECTION('',(1.110223024625E-16,0.,-1.));
#1701 = DIRECTION('',(0.,1.,0.));
#1702 = DEFINITIONAL_REPRESENTATION('',(#1703),#1707);
#1703 = LINE('',#1704,#1705);
#1704 = CARTESIAN_POINT('',(-4.712388980385,0.));
#1705 = VECTOR('',#1706,1.);
#1706 = DIRECTION('',(1.,0.));
#1707 = ( GEOMETRIC_REPRESENTATION_CONTEXT(2) 
PARAMETRIC_REPRESENTATION_CONTEXT() REPRESENTATION_CONTEXT('2D SPACE',''
  ) );
#1708 = ORIENTED_EDGE('',*,*,#1709,.F.);
#1709 = EDGE_CURVE('',#1710,#1681,#1712,.T.);
#1710 = VERTEX_POINT('',#1711);
#1711 = CARTESIAN_POINT('',(13.,14.8,22.0000001));
#1712 = SURFACE_CURVE('',#1713,(#1717,#1724),.PCURVE_S1.);
#1713 = LINE('',#1714,#1715);
#1714 = CARTESIAN_POINT('',(13.,14.5,22.0000001));
#1715 = VECTOR('',#1716,1.);
#1716 = DIRECTION('',(0.,1.,0.));
#1717 = PCURVE('',#725,#1718);
#1718 = DEFINITIONAL_REPRESENTATION('',(#1719),#1723);
#1719 = LINE('',#1720,#1721);
#1720 = CARTESIAN_POINT('',(16.,-3.1));
#1721 = VECTOR('',#1722,1.);
#1722 = DIRECTION('',(0.,-1.));
#1723 = ( GEOMETRIC_REPRESENTATION_CONTEXT(2) 
PARAMETRIC_REPRESENTATION_CONTEXT() REPRESENTATION_CONTEXT('2D SPACE',''
  ) );
#1724 = PCURVE('',#1725,#1730);
#1725 = PLANE('',#1726);
#1726 = AXIS2_PLACEMENT_3D('',#1727,#1728,#1729);
#1727 = CARTESIAN_POINT('',(13.,14.5,22.0000001));
#1728 = DIRECTION('',(1.,0.,1.110223024625E-16));
#1729 = DIRECTION('',(1.110223024625E-16,0.,-1.));
#1730 = DEFINITIONAL_REPRESENTATION('',(#1731),#1735);
#1731 = LINE('',#1732,#1733);
#1732 = CARTESIAN_POINT('',(0.,0.));
#1733 = VECTOR('',#1734,1.);
#1734 = DIRECTION('',(0.,1.));
#1735 = ( GEOMETRIC_REPRESENTATION_CONTEXT(2) 
PARAMETRIC_REPRESENTATION_CONTEXT() REPRESENTATION_CONTEXT('2D SPACE',''
  ) );
#1736 = ORIENTED_EDGE('',*,*,#1737,.F.);
#1737 = EDGE_CURVE('',#1738,#1710,#1740,.T.);
#1738 = VERTEX_POINT('',#1739);
#1739 = CARTESIAN_POINT('',(12.8,14.517157287525,22.0000001));
#1740 = SURFACE_CURVE('',#1741,(#1746,#1757),.PCURVE_S1.);
#1741 = CIRCLE('',#1742,0.3);
#1742 = AXIS2_PLACEMENT_3D('',#1743,#1744,#1745);
#1743 = CARTESIAN_POINT('',(12.7,14.8,22.0000001));
#1744 = DIRECTION('',(-1.110223024625E-16,0.,1.));
#1745 = DIRECTION('',(1.,0.,1.110223024625E-16));
#1746 = PCURVE('',#725,#1747);
#1747 = DEFINITIONAL_REPRESENTATION('',(#1748),#1756);
#1748 = ( BOUNDED_CURVE() B_SPLINE_CURVE(2,(#1749,#1750,#1751,#1752,
#1753,#1754,#1755),.UNSPECIFIED.,.T.,.F.) B_SPLINE_CURVE_WITH_KNOTS((1,2
    ,2,2,2,1),(-2.094395102393,0.,2.094395102393,4.188790204786,
6.28318530718,8.377580409573),.UNSPECIFIED.) CURVE() 
GEOMETRIC_REPRESENTATION_ITEM() RATIONAL_B_SPLINE_CURVE((1.,0.5,1.,0.5,
1.,0.5,1.)) REPRESENTATION_ITEM('') );
#1749 = CARTESIAN_POINT('',(16.,-3.4));
#1750 = CARTESIAN_POINT('',(16.,-3.919615242271));
#1751 = CARTESIAN_POINT('',(15.55,-3.659807621135));
#1752 = CARTESIAN_POINT('',(15.1,-3.4));
#1753 = CARTESIAN_POINT('',(15.55,-3.140192378865));
#1754 = CARTESIAN_POINT('',(16.,-2.880384757729));
#1755 = CARTESIAN_POINT('',(16.,-3.4));
#1756 = ( GEOMETRIC_REPRESENTATION_CONTEXT(2) 
PARAMETRIC_REPRESENTATION_CONTEXT() REPRESENTATION_CONTEXT('2D SPACE',''
  ) );
#1757 = PCURVE('',#1758,#1763);
#1758 = CYLINDRICAL_SURFACE('',#1759,0.3);
#1759 = AXIS2_PLACEMENT_3D('',#1760,#1761,#1762);
#1760 = CARTESIAN_POINT('',(12.7,14.8,22.0000001));
#1761 = DIRECTION('',(1.110223024625E-16,0.,-1.));
#1762 = DIRECTION('',(0.,-1.,0.));
#1763 = DEFINITIONAL_REPRESENTATION('',(#1764),#1768);
#1764 = LINE('',#1765,#1766);
#1765 = CARTESIAN_POINT('',(4.712388980385,-0.));
#1766 = VECTOR('',#1767,1.);
#1767 = DIRECTION('',(-1.,0.));
#1768 = ( GEOMETRIC_REPRESENTATION_CONTEXT(2) 
PARAMETRIC_REPRESENTATION_CONTEXT() REPRESENTATION_CONTEXT('2D SPACE',''
  ) );
#1769 = ORIENTED_EDGE('',*,*,#1770,.F.);
#1770 = EDGE_CURVE('',#1771,#1738,#1773,.T.);
#1771 = VERTEX_POINT('',#1772);
#1772 = CARTESIAN_POINT('',(12.8,13.85,22.0000001));
#1773 = SURFACE_CURVE('',#1774,(#1778,#1785),.PCURVE_S1.);
#1774 = LINE('',#1775,#1776);
#1775 = CARTESIAN_POINT('',(12.8,13.55,22.0000001));
#1776 = VECTOR('',#1777,1.);
#1777 = DIRECTION('',(0.,1.,0.));
#1778 = PCURVE('',#725,#1779);
#1779 = DEFINITIONAL_REPRESENTATION('',(#1780),#1784);
#1780 = LINE('',#1781,#1782);
#1781 = CARTESIAN_POINT('',(15.8,-2.15));
#1782 = VECTOR('',#1783,1.);
#1783 = DIRECTION('',(0.,-1.));
#1784 = ( GEOMETRIC_REPRESENTATION_CONTEXT(2) 
PARAMETRIC_REPRESENTATION_CONTEXT() REPRESENTATION_CONTEXT('2D SPACE',''
  ) );
#1785 = PCURVE('',#1786,#1791);
#1786 = PLANE('',#1787);
#1787 = AXIS2_PLACEMENT_3D('',#1788,#1789,#1790);
#1788 = CARTESIAN_POINT('',(12.8,13.55,22.0000001));
#1789 = DIRECTION('',(1.,0.,1.110223024625E-16));
#1790 = DIRECTION('',(1.110223024625E-16,0.,-1.));
#1791 = DEFINITIONAL_REPRESENTATION('',(#1792),#1796);
#1792 = LINE('',#1793,#1794);
#1793 = CARTESIAN_POINT('',(0.,0.));
#1794 = VECTOR('',#1795,1.);
#1795 = DIRECTION('',(0.,1.));
#1796 = ( GEOMETRIC_REPRESENTATION_CONTEXT(2) 
PARAMETRIC_REPRESENTATION_CONTEXT() REPRESENTATION_CONTEXT('2D SPACE',''
  ) );
#1797 = ORIENTED_EDGE('',*,*,#1798,.F.);
#1798 = EDGE_CURVE('',#1799,#1771,#1801,.T.);
#1799 = VERTEX_POINT('',#1800);
#1800 = CARTESIAN_POINT('',(12.5,13.55,22.0000001));
#1801 = SURFACE_CURVE('',#1802,(#1807,#1818),.PCURVE_S1.);
#1802 = CIRCLE('',#1803,0.3);
#1803 = AXIS2_PLACEMENT_3D('',#1804,#1805,#1806);
#1804 = CARTESIAN_POINT('',(12.5,13.85,22.0000001));
#1805 = DIRECTION('',(-1.110223024625E-16,0.,1.));
#1806 = DIRECTION('',(1.,0.,1.110223024625E-16));
#1807 = PCURVE('',#725,#1808);
#1808 = DEFINITIONAL_REPRESENTATION('',(#1809),#1817);
#1809 = ( BOUNDED_CURVE() B_SPLINE_CURVE(2,(#1810,#1811,#1812,#1813,
#1814,#1815,#1816),.UNSPECIFIED.,.T.,.F.) B_SPLINE_CURVE_WITH_KNOTS((1,2
    ,2,2,2,1),(-2.094395102393,0.,2.094395102393,4.188790204786,
6.28318530718,8.377580409573),.UNSPECIFIED.) CURVE() 
GEOMETRIC_REPRESENTATION_ITEM() RATIONAL_B_SPLINE_CURVE((1.,0.5,1.,0.5,
1.,0.5,1.)) REPRESENTATION_ITEM('') );
#1810 = CARTESIAN_POINT('',(15.8,-2.45));
#1811 = CARTESIAN_POINT('',(15.8,-2.969615242271));
#1812 = CARTESIAN_POINT('',(15.35,-2.709807621135));
#1813 = CARTESIAN_POINT('',(14.9,-2.45));
#1814 = CARTESIAN_POINT('',(15.35,-2.190192378865));
#1815 = CARTESIAN_POINT('',(15.8,-1.930384757729));
#1816 = CARTESIAN_POINT('',(15.8,-2.45));
#1817 = ( GEOMETRIC_REPRESENTATION_CONTEXT(2) 
PARAMETRIC_REPRESENTATION_CONTEXT() REPRESENTATION_CONTEXT('2D SPACE',''
  ) );
#1818 = PCURVE('',#1819,#1824);
#1819 = CYLINDRICAL_SURFACE('',#1820,0.3);
#1820 = AXIS2_PLACEMENT_3D('',#1821,#1822,#1823);
#1821 = CARTESIAN_POINT('',(12.5,13.85,22.0000001));
#1822 = DIRECTION('',(1.110223024625E-16,0.,-1.));
#1823 = DIRECTION('',(0.,-1.,0.));
#1824 = DEFINITIONAL_REPRESENTATION('',(#1825),#1829);
#1825 = LINE('',#1826,#1827);
#1826 = CARTESIAN_POINT('',(4.712388980385,-0.));
#1827 = VECTOR('',#1828,1.);
#1828 = DIRECTION('',(-1.,0.));
#1829 = ( GEOMETRIC_REPRESENTATION_CONTEXT(2) 
PARAMETRIC_REPRESENTATION_CONTEXT() REPRESENTATION_CONTEXT('2D SPACE',''
  ) );
#1830 = ORIENTED_EDGE('',*,*,#1831,.F.);
#1831 = EDGE_CURVE('',#1832,#1799,#1834,.T.);
#1832 = VERTEX_POINT('',#1833);
#1833 = CARTESIAN_POINT('',(11.5,13.55,22.0000001));
#1834 = SURFACE_CURVE('',#1835,(#1839,#1846),.PCURVE_S1.);
#1835 = LINE('',#1836,#1837);
#1836 = CARTESIAN_POINT('',(11.2,13.55,22.0000001));
#1837 = VECTOR('',#1838,1.);
#1838 = DIRECTION('',(1.,0.,1.110223024625E-16));
#1839 = PCURVE('',#725,#1840);
#1840 = DEFINITIONAL_REPRESENTATION('',(#1841),#1845);
#1841 = LINE('',#1842,#1843);
#1842 = CARTESIAN_POINT('',(14.2,-2.15));
#1843 = VECTOR('',#1844,1.);
#1844 = DIRECTION('',(1.,0.));
#1845 = ( GEOMETRIC_REPRESENTATION_CONTEXT(2) 
PARAMETRIC_REPRESENTATION_CONTEXT() REPRESENTATION_CONTEXT('2D SPACE',''
  ) );
#1846 = PCURVE('',#1847,#1852);
#1847 = PLANE('',#1848);
#1848 = AXIS2_PLACEMENT_3D('',#1849,#1850,#1851);
#1849 = CARTESIAN_POINT('',(11.2,13.55,22.0000001));
#1850 = DIRECTION('',(0.,1.,0.));
#1851 = DIRECTION('',(1.,0.,1.110223024625E-16));
#1852 = DEFINITIONAL_REPRESENTATION('',(#1853),#1857);
#1853 = LINE('',#1854,#1855);
#1854 = CARTESIAN_POINT('',(0.,0.));
#1855 = VECTOR('',#1856,1.);
#1856 = DIRECTION('',(1.,0.));
#1857 = ( GEOMETRIC_REPRESENTATION_CONTEXT(2) 
PARAMETRIC_REPRESENTATION_CONTEXT() REPRESENTATION_CONTEXT('2D SPACE',''
  ) );
#1858 = ORIENTED_EDGE('',*,*,#1859,.T.);
#1859 = EDGE_CURVE('',#1832,#1860,#1862,.T.);
#1860 = VERTEX_POINT('',#1861);
#1861 = CARTESIAN_POINT('',(11.2,13.85,22.0000001));
#1862 = SURFACE_CURVE('',#1863,(#1868,#1875),.PCURVE_S1.);
#1863 = CIRCLE('',#1864,0.3);
#1864 = AXIS2_PLACEMENT_3D('',#1865,#1866,#1867);
#1865 = CARTESIAN_POINT('',(11.5,13.85,22.0000001));
#1866 = DIRECTION('',(1.110223024625E-16,0.,-1.));
#1867 = DIRECTION('',(1.,0.,1.110223024625E-16));
#1868 = PCURVE('',#725,#1869);
#1869 = DEFINITIONAL_REPRESENTATION('',(#1870),#1874);
#1870 = CIRCLE('',#1871,0.3);
#1871 = AXIS2_PLACEMENT_2D('',#1872,#1873);
#1872 = CARTESIAN_POINT('',(14.5,-2.45));
#1873 = DIRECTION('',(1.,0.));
#1874 = ( GEOMETRIC_REPRESENTATION_CONTEXT(2) 
PARAMETRIC_REPRESENTATION_CONTEXT() REPRESENTATION_CONTEXT('2D SPACE',''
  ) );
#1875 = PCURVE('',#1876,#1881);
#1876 = CYLINDRICAL_SURFACE('',#1877,0.3);
#1877 = AXIS2_PLACEMENT_3D('',#1878,#1879,#1880);
#1878 = CARTESIAN_POINT('',(11.5,13.85,22.0000001));
#1879 = DIRECTION('',(1.110223024625E-16,0.,-1.));
#1880 = DIRECTION('',(0.,-1.,0.));
#1881 = DEFINITIONAL_REPRESENTATION('',(#1882),#1886);
#1882 = LINE('',#1883,#1884);
#1883 = CARTESIAN_POINT('',(-1.570796326795,0.));
#1884 = VECTOR('',#1885,1.);
#1885 = DIRECTION('',(1.,0.));
#1886 = ( GEOMETRIC_REPRESENTATION_CONTEXT(2) 
PARAMETRIC_REPRESENTATION_CONTEXT() REPRESENTATION_CONTEXT('2D SPACE',''
  ) );
#1887 = ORIENTED_EDGE('',*,*,#1888,.T.);
#1888 = EDGE_CURVE('',#1860,#1889,#1891,.T.);
#1889 = VERTEX_POINT('',#1890);
#1890 = CARTESIAN_POINT('',(11.2,14.5,22.0000001));
#1891 = SURFACE_CURVE('',#1892,(#1896,#1903),.PCURVE_S1.);
#1892 = LINE('',#1893,#1894);
#1893 = CARTESIAN_POINT('',(11.2,13.55,22.0000001));
#1894 = VECTOR('',#1895,1.);
#1895 = DIRECTION('',(0.,1.,0.));
#1896 = PCURVE('',#725,#1897);
#1897 = DEFINITIONAL_REPRESENTATION('',(#1898),#1902);
#1898 = LINE('',#1899,#1900);
#1899 = CARTESIAN_POINT('',(14.2,-2.15));
#1900 = VECTOR('',#1901,1.);
#1901 = DIRECTION('',(0.,-1.));
#1902 = ( GEOMETRIC_REPRESENTATION_CONTEXT(2) 
PARAMETRIC_REPRESENTATION_CONTEXT() REPRESENTATION_CONTEXT('2D SPACE',''
  ) );
#1903 = PCURVE('',#1904,#1909);
#1904 = PLANE('',#1905);
#1905 = AXIS2_PLACEMENT_3D('',#1906,#1907,#1908);
#1906 = CARTESIAN_POINT('',(11.2,13.55,22.0000001));
#1907 = DIRECTION('',(1.,0.,1.110223024625E-16));
#1908 = DIRECTION('',(1.110223024625E-16,0.,-1.));
#1909 = DEFINITIONAL_REPRESENTATION('',(#1910),#1914);
#1910 = LINE('',#1911,#1912);
#1911 = CARTESIAN_POINT('',(0.,0.));
#1912 = VECTOR('',#1913,1.);
#1913 = DIRECTION('',(0.,1.));
#1914 = ( GEOMETRIC_REPRESENTATION_CONTEXT(2) 
PARAMETRIC_REPRESENTATION_CONTEXT() REPRESENTATION_CONTEXT('2D SPACE',''
  ) );
#1915 = ORIENTED_EDGE('',*,*,#1916,.F.);
#1916 = EDGE_CURVE('',#1917,#1889,#1919,.T.);
#1917 = VERTEX_POINT('',#1918);
#1918 = CARTESIAN_POINT('',(0.3,14.5,22.0000001));
#1919 = SURFACE_CURVE('',#1920,(#1924,#1931),.PCURVE_S1.);
#1920 = LINE('',#1921,#1922);
#1921 = CARTESIAN_POINT('',(2.22044604925E-16,14.5,22.0000001));
#1922 = VECTOR('',#1923,1.);
#1923 = DIRECTION('',(1.,0.,1.110223024625E-16));
#1924 = PCURVE('',#725,#1925);
#1925 = DEFINITIONAL_REPRESENTATION('',(#1926),#1930);
#1926 = LINE('',#1927,#1928);
#1927 = CARTESIAN_POINT('',(3.,-3.1));
#1928 = VECTOR('',#1929,1.);
#1929 = DIRECTION('',(1.,0.));
#1930 = ( GEOMETRIC_REPRESENTATION_CONTEXT(2) 
PARAMETRIC_REPRESENTATION_CONTEXT() REPRESENTATION_CONTEXT('2D SPACE',''
  ) );
#1931 = PCURVE('',#1932,#1937);
#1932 = PLANE('',#1933);
#1933 = AXIS2_PLACEMENT_3D('',#1934,#1935,#1936);
#1934 = CARTESIAN_POINT('',(2.22044604925E-16,14.5,22.0000001));
#1935 = DIRECTION('',(0.,1.,0.));
#1936 = DIRECTION('',(1.,0.,1.110223024625E-16));
#1937 = DEFINITIONAL_REPRESENTATION('',(#1938),#1942);
#1938 = LINE('',#1939,#1940);
#1939 = CARTESIAN_POINT('',(0.,0.));
#1940 = VECTOR('',#1941,1.);
#1941 = DIRECTION('',(1.,0.));
#1942 = ( GEOMETRIC_REPRESENTATION_CONTEXT(2) 
PARAMETRIC_REPRESENTATION_CONTEXT() REPRESENTATION_CONTEXT('2D SPACE',''
  ) );
#1943 = ORIENTED_EDGE('',*,*,#1944,.T.);
#1944 = EDGE_CURVE('',#1917,#1945,#1947,.T.);
#1945 = VERTEX_POINT('',#1946);
#1946 = CARTESIAN_POINT('',(0.2,14.517157287525,22.0000001));
#1947 = SURFACE_CURVE('',#1948,(#1953,#1960),.PCURVE_S1.);
#1948 = CIRCLE('',#1949,0.3);
#1949 = AXIS2_PLACEMENT_3D('',#1950,#1951,#1952);
#1950 = CARTESIAN_POINT('',(0.3,14.8,22.0000001));
#1951 = DIRECTION('',(1.110223024625E-16,0.,-1.));
#1952 = DIRECTION('',(1.,0.,1.110223024625E-16));
#1953 = PCURVE('',#725,#1954);
#1954 = DEFINITIONAL_REPRESENTATION('',(#1955),#1959);
#1955 = CIRCLE('',#1956,0.3);
#1956 = AXIS2_PLACEMENT_2D('',#1957,#1958);
#1957 = CARTESIAN_POINT('',(3.3,-3.4));
#1958 = DIRECTION('',(1.,0.));
#1959 = ( GEOMETRIC_REPRESENTATION_CONTEXT(2) 
PARAMETRIC_REPRESENTATION_CONTEXT() REPRESENTATION_CONTEXT('2D SPACE',''
  ) );
#1960 = PCURVE('',#1961,#1966);
#1961 = CYLINDRICAL_SURFACE('',#1962,0.3);
#1962 = AXIS2_PLACEMENT_3D('',#1963,#1964,#1965);
#1963 = CARTESIAN_POINT('',(0.3,14.8,22.0000001));
#1964 = DIRECTION('',(1.110223024625E-16,0.,-1.));
#1965 = DIRECTION('',(0.,-1.,0.));
#1966 = DEFINITIONAL_REPRESENTATION('',(#1967),#1971);
#1967 = LINE('',#1968,#1969);
#1968 = CARTESIAN_POINT('',(-1.570796326795,0.));
#1969 = VECTOR('',#1970,1.);
#1970 = DIRECTION('',(1.,0.));
#1971 = ( GEOMETRIC_REPRESENTATION_CONTEXT(2) 
PARAMETRIC_REPRESENTATION_CONTEXT() REPRESENTATION_CONTEXT('2D SPACE',''
  ) );
#1972 = ORIENTED_EDGE('',*,*,#1973,.F.);
#1973 = EDGE_CURVE('',#1426,#1945,#1974,.T.);
#1974 = SURFACE_CURVE('',#1975,(#1979,#1986),.PCURVE_S1.);
#1975 = LINE('',#1976,#1977);
#1976 = CARTESIAN_POINT('',(0.2,11.4,22.0000001));
#1977 = VECTOR('',#1978,1.);
#1978 = DIRECTION('',(0.,1.,0.));
#1979 = PCURVE('',#725,#1980);
#1980 = DEFINITIONAL_REPRESENTATION('',(#1981),#1985);
#1981 = LINE('',#1982,#1983);
#1982 = CARTESIAN_POINT('',(3.2,0.));
#1983 = VECTOR('',#1984,1.);
#1984 = DIRECTION('',(0.,-1.));
#1985 = ( GEOMETRIC_REPRESENTATION_CONTEXT(2) 
PARAMETRIC_REPRESENTATION_CONTEXT() REPRESENTATION_CONTEXT('2D SPACE',''
  ) );
#1986 = PCURVE('',#1987,#1992);
#1987 = PLANE('',#1988);
#1988 = AXIS2_PLACEMENT_3D('',#1989,#1990,#1991);
#1989 = CARTESIAN_POINT('',(0.2,11.4,22.0000001));
#1990 = DIRECTION('',(1.,0.,1.110223024625E-16));
#1991 = DIRECTION('',(1.110223024625E-16,0.,-1.));
#1992 = DEFINITIONAL_REPRESENTATION('',(#1993),#1997);
#1993 = LINE('',#1994,#1995);
#1994 = CARTESIAN_POINT('',(0.,0.));
#1995 = VECTOR('',#1996,1.);
#1996 = DIRECTION('',(0.,1.));
#1997 = ( GEOMETRIC_REPRESENTATION_CONTEXT(2) 
PARAMETRIC_REPRESENTATION_CONTEXT() REPRESENTATION_CONTEXT('2D SPACE',''
  ) );
#1998 = ADVANCED_FACE('',(#1999),#687,.F.);
#1999 = FACE_BOUND('',#2000,.F.);
#2000 = EDGE_LOOP('',(#2001,#2002,#2003,#2026));
#2001 = ORIENTED_EDGE('',*,*,#1450,.F.);
#2002 = ORIENTED_EDGE('',*,*,#667,.F.);
#2003 = ORIENTED_EDGE('',*,*,#2004,.T.);
#2004 = EDGE_CURVE('',#628,#2005,#2007,.T.);
#2005 = VERTEX_POINT('',#2006);
#2006 = CARTESIAN_POINT('',(-3.,15.9,2.0000001));
#2007 = SURFACE_CURVE('',#2008,(#2012,#2019),.PCURVE_S1.);
#2008 = LINE('',#2009,#2010);
#2009 = CARTESIAN_POINT('',(-3.,11.4,2.0000001));
#2010 = VECTOR('',#2011,1.);
#2011 = DIRECTION('',(0.,1.,0.));
#2012 = PCURVE('',#687,#2013);
#2013 = DEFINITIONAL_REPRESENTATION('',(#2014),#2018);
#2014 = LINE('',#2015,#2016);
#2015 = CARTESIAN_POINT('',(20.,0.));
#2016 = VECTOR('',#2017,1.);
#2017 = DIRECTION('',(0.,1.));
#2018 = ( GEOMETRIC_REPRESENTATION_CONTEXT(2) 
PARAMETRIC_REPRESENTATION_CONTEXT() REPRESENTATION_CONTEXT('2D SPACE',''
  ) );
#2019 = PCURVE('',#651,#2020);
#2020 = DEFINITIONAL_REPRESENTATION('',(#2021),#2025);
#2021 = LINE('',#2022,#2023);
#2022 = CARTESIAN_POINT('',(0.,0.));
#2023 = VECTOR('',#2024,1.);
#2024 = DIRECTION('',(0.,-1.));
#2025 = ( GEOMETRIC_REPRESENTATION_CONTEXT(2) 
PARAMETRIC_REPRESENTATION_CONTEXT() REPRESENTATION_CONTEXT('2D SPACE',''
  ) );
#2026 = ORIENTED_EDGE('',*,*,#2027,.F.);
#2027 = EDGE_CURVE('',#1451,#2005,#2028,.T.);
#2028 = SURFACE_CURVE('',#2029,(#2033,#2040),.PCURVE_S1.);
#2029 = LINE('',#2030,#2031);
#2030 = CARTESIAN_POINT('',(-3.,15.9,22.0000001));
#2031 = VECTOR('',#2032,1.);
#2032 = DIRECTION('',(1.110223024625E-16,0.,-1.));
#2033 = PCURVE('',#687,#2034);
#2034 = DEFINITIONAL_REPRESENTATION('',(#2035),#2039);
#2035 = LINE('',#2036,#2037);
#2036 = CARTESIAN_POINT('',(0.,4.5));
#2037 = VECTOR('',#2038,1.);
#2038 = DIRECTION('',(1.,0.));
#2039 = ( GEOMETRIC_REPRESENTATION_CONTEXT(2) 
PARAMETRIC_REPRESENTATION_CONTEXT() REPRESENTATION_CONTEXT('2D SPACE',''
  ) );
#2040 = PCURVE('',#1489,#2041);
#2041 = DEFINITIONAL_REPRESENTATION('',(#2042),#2046);
#2042 = LINE('',#2043,#2044);
#2043 = CARTESIAN_POINT('',(0.,0.));
#2044 = VECTOR('',#2045,1.);
#2045 = DIRECTION('',(0.,1.));
#2046 = ( GEOMETRIC_REPRESENTATION_CONTEXT(2) 
PARAMETRIC_REPRESENTATION_CONTEXT() REPRESENTATION_CONTEXT('2D SPACE',''
  ) );
#2047 = ADVANCED_FACE('',(#2048),#651,.T.);
#2048 = FACE_BOUND('',#2049,.T.);
#2049 = EDGE_LOOP('',(#2050,#2073,#2074,#2075,#2076,#2099,#2122,#2150,
    #2173,#2201,#2224,#2248,#2272,#2295,#2323,#2346,#2374,#2397,#2421,
    #2444,#2467,#2491));
#2050 = ORIENTED_EDGE('',*,*,#2051,.F.);
#2051 = EDGE_CURVE('',#1351,#2052,#2054,.T.);
#2052 = VERTEX_POINT('',#2053);
#2053 = CARTESIAN_POINT('',(0.2,11.4,2.0000001));
#2054 = SURFACE_CURVE('',#2055,(#2059,#2066),.PCURVE_S1.);
#2055 = LINE('',#2056,#2057);
#2056 = CARTESIAN_POINT('',(-3.,11.4,2.0000001));
#2057 = VECTOR('',#2058,1.);
#2058 = DIRECTION('',(1.,0.,1.110223024625E-16));
#2059 = PCURVE('',#651,#2060);
#2060 = DEFINITIONAL_REPRESENTATION('',(#2061),#2065);
#2061 = LINE('',#2062,#2063);
#2062 = CARTESIAN_POINT('',(0.,0.));
#2063 = VECTOR('',#2064,1.);
#2064 = DIRECTION('',(1.,0.));
#2065 = ( GEOMETRIC_REPRESENTATION_CONTEXT(2) 
PARAMETRIC_REPRESENTATION_CONTEXT() REPRESENTATION_CONTEXT('2D SPACE',''
  ) );
#2066 = PCURVE('',#1389,#2067);
#2067 = DEFINITIONAL_REPRESENTATION('',(#2068),#2072);
#2068 = LINE('',#2069,#2070);
#2069 = CARTESIAN_POINT('',(4.440892098501E-16,20.));
#2070 = VECTOR('',#2071,1.);
#2071 = DIRECTION('',(1.,0.));
#2072 = ( GEOMETRIC_REPRESENTATION_CONTEXT(2) 
PARAMETRIC_REPRESENTATION_CONTEXT() REPRESENTATION_CONTEXT('2D SPACE',''
  ) );
#2073 = ORIENTED_EDGE('',*,*,#1350,.T.);
#2074 = ORIENTED_EDGE('',*,*,#627,.T.);
#2075 = ORIENTED_EDGE('',*,*,#2004,.T.);
#2076 = ORIENTED_EDGE('',*,*,#2077,.T.);
#2077 = EDGE_CURVE('',#2005,#2078,#2080,.T.);
#2078 = VERTEX_POINT('',#2079);
#2079 = CARTESIAN_POINT('',(0.2,15.9,2.0000001));
#2080 = SURFACE_CURVE('',#2081,(#2085,#2092),.PCURVE_S1.);
#2081 = LINE('',#2082,#2083);
#2082 = CARTESIAN_POINT('',(-3.,15.9,2.0000001));
#2083 = VECTOR('',#2084,1.);
#2084 = DIRECTION('',(1.,0.,1.110223024625E-16));
#2085 = PCURVE('',#651,#2086);
#2086 = DEFINITIONAL_REPRESENTATION('',(#2087),#2091);
#2087 = LINE('',#2088,#2089);
#2088 = CARTESIAN_POINT('',(0.,-4.5));
#2089 = VECTOR('',#2090,1.);
#2090 = DIRECTION('',(1.,0.));
#2091 = ( GEOMETRIC_REPRESENTATION_CONTEXT(2) 
PARAMETRIC_REPRESENTATION_CONTEXT() REPRESENTATION_CONTEXT('2D SPACE',''
  ) );
#2092 = PCURVE('',#1489,#2093);
#2093 = DEFINITIONAL_REPRESENTATION('',(#2094),#2098);
#2094 = LINE('',#2095,#2096);
#2095 = CARTESIAN_POINT('',(4.440892098501E-16,20.));
#2096 = VECTOR('',#2097,1.);
#2097 = DIRECTION('',(1.,0.));
#2098 = ( GEOMETRIC_REPRESENTATION_CONTEXT(2) 
PARAMETRIC_REPRESENTATION_CONTEXT() REPRESENTATION_CONTEXT('2D SPACE',''
  ) );
#2099 = ORIENTED_EDGE('',*,*,#2100,.F.);
#2100 = EDGE_CURVE('',#2101,#2078,#2103,.T.);
#2101 = VERTEX_POINT('',#2102);
#2102 = CARTESIAN_POINT('',(0.2,15.582842712475,2.0000001));
#2103 = SURFACE_CURVE('',#2104,(#2108,#2115),.PCURVE_S1.);
#2104 = LINE('',#2105,#2106);
#2105 = CARTESIAN_POINT('',(0.2,11.4,2.0000001));
#2106 = VECTOR('',#2107,1.);
#2107 = DIRECTION('',(0.,1.,0.));
#2108 = PCURVE('',#651,#2109);
#2109 = DEFINITIONAL_REPRESENTATION('',(#2110),#2114);
#2110 = LINE('',#2111,#2112);
#2111 = CARTESIAN_POINT('',(3.2,0.));
#2112 = VECTOR('',#2113,1.);
#2113 = DIRECTION('',(0.,-1.));
#2114 = ( GEOMETRIC_REPRESENTATION_CONTEXT(2) 
PARAMETRIC_REPRESENTATION_CONTEXT() REPRESENTATION_CONTEXT('2D SPACE',''
  ) );
#2115 = PCURVE('',#1517,#2116);
#2116 = DEFINITIONAL_REPRESENTATION('',(#2117),#2121);
#2117 = LINE('',#2118,#2119);
#2118 = CARTESIAN_POINT('',(20.,0.));
#2119 = VECTOR('',#2120,1.);
#2120 = DIRECTION('',(0.,1.));
#2121 = ( GEOMETRIC_REPRESENTATION_CONTEXT(2) 
PARAMETRIC_REPRESENTATION_CONTEXT() REPRESENTATION_CONTEXT('2D SPACE',''
  ) );
#2122 = ORIENTED_EDGE('',*,*,#2123,.F.);
#2123 = EDGE_CURVE('',#2124,#2101,#2126,.T.);
#2124 = VERTEX_POINT('',#2125);
#2125 = CARTESIAN_POINT('',(0.3,15.6,2.0000001));
#2126 = SURFACE_CURVE('',#2127,(#2132,#2143),.PCURVE_S1.);
#2127 = CIRCLE('',#2128,0.3);
#2128 = AXIS2_PLACEMENT_3D('',#2129,#2130,#2131);
#2129 = CARTESIAN_POINT('',(0.3,15.3,2.0000001));
#2130 = DIRECTION('',(-1.110223024625E-16,0.,1.));
#2131 = DIRECTION('',(1.,0.,1.110223024625E-16));
#2132 = PCURVE('',#651,#2133);
#2133 = DEFINITIONAL_REPRESENTATION('',(#2134),#2142);
#2134 = ( BOUNDED_CURVE() B_SPLINE_CURVE(2,(#2135,#2136,#2137,#2138,
#2139,#2140,#2141),.UNSPECIFIED.,.T.,.F.) B_SPLINE_CURVE_WITH_KNOTS((1,2
    ,2,2,2,1),(-2.094395102393,0.,2.094395102393,4.188790204786,
6.28318530718,8.377580409573),.UNSPECIFIED.) CURVE() 
GEOMETRIC_REPRESENTATION_ITEM() RATIONAL_B_SPLINE_CURVE((1.,0.5,1.,0.5,
1.,0.5,1.)) REPRESENTATION_ITEM('') );
#2135 = CARTESIAN_POINT('',(3.6,-3.9));
#2136 = CARTESIAN_POINT('',(3.6,-4.419615242271));
#2137 = CARTESIAN_POINT('',(3.15,-4.159807621135));
#2138 = CARTESIAN_POINT('',(2.7,-3.9));
#2139 = CARTESIAN_POINT('',(3.15,-3.640192378865));
#2140 = CARTESIAN_POINT('',(3.6,-3.380384757729));
#2141 = CARTESIAN_POINT('',(3.6,-3.9));
#2142 = ( GEOMETRIC_REPRESENTATION_CONTEXT(2) 
PARAMETRIC_REPRESENTATION_CONTEXT() REPRESENTATION_CONTEXT('2D SPACE',''
  ) );
#2143 = PCURVE('',#1550,#2144);
#2144 = DEFINITIONAL_REPRESENTATION('',(#2145),#2149);
#2145 = LINE('',#2146,#2147);
#2146 = CARTESIAN_POINT('',(1.570796326795,20.));
#2147 = VECTOR('',#2148,1.);
#2148 = DIRECTION('',(-1.,0.));
#2149 = ( GEOMETRIC_REPRESENTATION_CONTEXT(2) 
PARAMETRIC_REPRESENTATION_CONTEXT() REPRESENTATION_CONTEXT('2D SPACE',''
  ) );
#2150 = ORIENTED_EDGE('',*,*,#2151,.T.);
#2151 = EDGE_CURVE('',#2124,#2152,#2154,.T.);
#2152 = VERTEX_POINT('',#2153);
#2153 = CARTESIAN_POINT('',(11.240192378865,15.6,2.0000001));
#2154 = SURFACE_CURVE('',#2155,(#2159,#2166),.PCURVE_S1.);
#2155 = LINE('',#2156,#2157);
#2156 = CARTESIAN_POINT('',(2.442490654175E-15,15.6,2.0000001));
#2157 = VECTOR('',#2158,1.);
#2158 = DIRECTION('',(1.,0.,1.110223024625E-16));
#2159 = PCURVE('',#651,#2160);
#2160 = DEFINITIONAL_REPRESENTATION('',(#2161),#2165);
#2161 = LINE('',#2162,#2163);
#2162 = CARTESIAN_POINT('',(3.,-4.2));
#2163 = VECTOR('',#2164,1.);
#2164 = DIRECTION('',(1.,0.));
#2165 = ( GEOMETRIC_REPRESENTATION_CONTEXT(2) 
PARAMETRIC_REPRESENTATION_CONTEXT() REPRESENTATION_CONTEXT('2D SPACE',''
  ) );
#2166 = PCURVE('',#1578,#2167);
#2167 = DEFINITIONAL_REPRESENTATION('',(#2168),#2172);
#2168 = LINE('',#2169,#2170);
#2169 = CARTESIAN_POINT('',(0.,20.));
#2170 = VECTOR('',#2171,1.);
#2171 = DIRECTION('',(1.,0.));
#2172 = ( GEOMETRIC_REPRESENTATION_CONTEXT(2) 
PARAMETRIC_REPRESENTATION_CONTEXT() REPRESENTATION_CONTEXT('2D SPACE',''
  ) );
#2173 = ORIENTED_EDGE('',*,*,#2174,.F.);
#2174 = EDGE_CURVE('',#2175,#2152,#2177,.T.);
#2175 = VERTEX_POINT('',#2176);
#2176 = CARTESIAN_POINT('',(11.5,15.75,2.0000001));
#2177 = SURFACE_CURVE('',#2178,(#2183,#2194),.PCURVE_S1.);
#2178 = CIRCLE('',#2179,0.3);
#2179 = AXIS2_PLACEMENT_3D('',#2180,#2181,#2182);
#2180 = CARTESIAN_POINT('',(11.5,15.45,2.0000001));
#2181 = DIRECTION('',(-1.110223024625E-16,0.,1.));
#2182 = DIRECTION('',(1.,0.,1.110223024625E-16));
#2183 = PCURVE('',#651,#2184);
#2184 = DEFINITIONAL_REPRESENTATION('',(#2185),#2193);
#2185 = ( BOUNDED_CURVE() B_SPLINE_CURVE(2,(#2186,#2187,#2188,#2189,
#2190,#2191,#2192),.UNSPECIFIED.,.T.,.F.) B_SPLINE_CURVE_WITH_KNOTS((1,2
    ,2,2,2,1),(-2.094395102393,0.,2.094395102393,4.188790204786,
6.28318530718,8.377580409573),.UNSPECIFIED.) CURVE() 
GEOMETRIC_REPRESENTATION_ITEM() RATIONAL_B_SPLINE_CURVE((1.,0.5,1.,0.5,
1.,0.5,1.)) REPRESENTATION_ITEM('') );
#2186 = CARTESIAN_POINT('',(14.8,-4.05));
#2187 = CARTESIAN_POINT('',(14.8,-4.569615242271));
#2188 = CARTESIAN_POINT('',(14.35,-4.309807621135));
#2189 = CARTESIAN_POINT('',(13.9,-4.05));
#2190 = CARTESIAN_POINT('',(14.35,-3.790192378865));
#2191 = CARTESIAN_POINT('',(14.8,-3.530384757729));
#2192 = CARTESIAN_POINT('',(14.8,-4.05));
#2193 = ( GEOMETRIC_REPRESENTATION_CONTEXT(2) 
PARAMETRIC_REPRESENTATION_CONTEXT() REPRESENTATION_CONTEXT('2D SPACE',''
  ) );
#2194 = PCURVE('',#1611,#2195);
#2195 = DEFINITIONAL_REPRESENTATION('',(#2196),#2200);
#2196 = LINE('',#2197,#2198);
#2197 = CARTESIAN_POINT('',(1.570796326795,20.));
#2198 = VECTOR('',#2199,1.);
#2199 = DIRECTION('',(-1.,0.));
#2200 = ( GEOMETRIC_REPRESENTATION_CONTEXT(2) 
PARAMETRIC_REPRESENTATION_CONTEXT() REPRESENTATION_CONTEXT('2D SPACE',''
  ) );
#2201 = ORIENTED_EDGE('',*,*,#2202,.T.);
#2202 = EDGE_CURVE('',#2175,#2203,#2205,.T.);
#2203 = VERTEX_POINT('',#2204);
#2204 = CARTESIAN_POINT('',(12.5,15.75,2.0000001));
#2205 = SURFACE_CURVE('',#2206,(#2210,#2217),.PCURVE_S1.);
#2206 = LINE('',#2207,#2208);
#2207 = CARTESIAN_POINT('',(11.2,15.75,2.0000001));
#2208 = VECTOR('',#2209,1.);
#2209 = DIRECTION('',(1.,0.,1.110223024625E-16));
#2210 = PCURVE('',#651,#2211);
#2211 = DEFINITIONAL_REPRESENTATION('',(#2212),#2216);
#2212 = LINE('',#2213,#2214);
#2213 = CARTESIAN_POINT('',(14.2,-4.35));
#2214 = VECTOR('',#2215,1.);
#2215 = DIRECTION('',(1.,0.));
#2216 = ( GEOMETRIC_REPRESENTATION_CONTEXT(2) 
PARAMETRIC_REPRESENTATION_CONTEXT() REPRESENTATION_CONTEXT('2D SPACE',''
  ) );
#2217 = PCURVE('',#1639,#2218);
#2218 = DEFINITIONAL_REPRESENTATION('',(#2219),#2223);
#2219 = LINE('',#2220,#2221);
#2220 = CARTESIAN_POINT('',(-4.440892098501E-16,20.));
#2221 = VECTOR('',#2222,1.);
#2222 = DIRECTION('',(1.,0.));
#2223 = ( GEOMETRIC_REPRESENTATION_CONTEXT(2) 
PARAMETRIC_REPRESENTATION_CONTEXT() REPRESENTATION_CONTEXT('2D SPACE',''
  ) );
#2224 = ORIENTED_EDGE('',*,*,#2225,.T.);
#2225 = EDGE_CURVE('',#2203,#2226,#2228,.T.);
#2226 = VERTEX_POINT('',#2227);
#2227 = CARTESIAN_POINT('',(12.76363068172,15.593174242293,2.0000001));
#2228 = SURFACE_CURVE('',#2229,(#2234,#2241),.PCURVE_S1.);
#2229 = CIRCLE('',#2230,0.3);
#2230 = AXIS2_PLACEMENT_3D('',#2231,#2232,#2233);
#2231 = CARTESIAN_POINT('',(12.5,15.45,2.0000001));
#2232 = DIRECTION('',(1.110223024625E-16,0.,-1.));
#2233 = DIRECTION('',(1.,0.,1.110223024625E-16));
#2234 = PCURVE('',#651,#2235);
#2235 = DEFINITIONAL_REPRESENTATION('',(#2236),#2240);
#2236 = CIRCLE('',#2237,0.3);
#2237 = AXIS2_PLACEMENT_2D('',#2238,#2239);
#2238 = CARTESIAN_POINT('',(15.5,-4.05));
#2239 = DIRECTION('',(1.,0.));
#2240 = ( GEOMETRIC_REPRESENTATION_CONTEXT(2) 
PARAMETRIC_REPRESENTATION_CONTEXT() REPRESENTATION_CONTEXT('2D SPACE',''
  ) );
#2241 = PCURVE('',#1668,#2242);
#2242 = DEFINITIONAL_REPRESENTATION('',(#2243),#2247);
#2243 = LINE('',#2244,#2245);
#2244 = CARTESIAN_POINT('',(-4.712388980385,20.));
#2245 = VECTOR('',#2246,1.);
#2246 = DIRECTION('',(1.,0.));
#2247 = ( GEOMETRIC_REPRESENTATION_CONTEXT(2) 
PARAMETRIC_REPRESENTATION_CONTEXT() REPRESENTATION_CONTEXT('2D SPACE',''
  ) );
#2248 = ORIENTED_EDGE('',*,*,#2249,.T.);
#2249 = EDGE_CURVE('',#2226,#2250,#2252,.T.);
#2250 = VERTEX_POINT('',#2251);
#2251 = CARTESIAN_POINT('',(13.,15.3,2.0000001));
#2252 = SURFACE_CURVE('',#2253,(#2258,#2265),.PCURVE_S1.);
#2253 = CIRCLE('',#2254,0.3);
#2254 = AXIS2_PLACEMENT_3D('',#2255,#2256,#2257);
#2255 = CARTESIAN_POINT('',(12.7,15.3,2.0000001));
#2256 = DIRECTION('',(1.110223024625E-16,0.,-1.));
#2257 = DIRECTION('',(1.,0.,1.110223024625E-16));
#2258 = PCURVE('',#651,#2259);
#2259 = DEFINITIONAL_REPRESENTATION('',(#2260),#2264);
#2260 = CIRCLE('',#2261,0.3);
#2261 = AXIS2_PLACEMENT_2D('',#2262,#2263);
#2262 = CARTESIAN_POINT('',(15.7,-3.9));
#2263 = DIRECTION('',(1.,0.));
#2264 = ( GEOMETRIC_REPRESENTATION_CONTEXT(2) 
PARAMETRIC_REPRESENTATION_CONTEXT() REPRESENTATION_CONTEXT('2D SPACE',''
  ) );
#2265 = PCURVE('',#1697,#2266);
#2266 = DEFINITIONAL_REPRESENTATION('',(#2267),#2271);
#2267 = LINE('',#2268,#2269);
#2268 = CARTESIAN_POINT('',(-4.712388980385,20.));
#2269 = VECTOR('',#2270,1.);
#2270 = DIRECTION('',(1.,0.));
#2271 = ( GEOMETRIC_REPRESENTATION_CONTEXT(2) 
PARAMETRIC_REPRESENTATION_CONTEXT() REPRESENTATION_CONTEXT('2D SPACE',''
  ) );
#2272 = ORIENTED_EDGE('',*,*,#2273,.F.);
#2273 = EDGE_CURVE('',#2274,#2250,#2276,.T.);
#2274 = VERTEX_POINT('',#2275);
#2275 = CARTESIAN_POINT('',(13.,14.8,2.0000001));
#2276 = SURFACE_CURVE('',#2277,(#2281,#2288),.PCURVE_S1.);
#2277 = LINE('',#2278,#2279);
#2278 = CARTESIAN_POINT('',(13.,14.5,2.0000001));
#2279 = VECTOR('',#2280,1.);
#2280 = DIRECTION('',(0.,1.,0.));
#2281 = PCURVE('',#651,#2282);
#2282 = DEFINITIONAL_REPRESENTATION('',(#2283),#2287);
#2283 = LINE('',#2284,#2285);
#2284 = CARTESIAN_POINT('',(16.,-3.1));
#2285 = VECTOR('',#2286,1.);
#2286 = DIRECTION('',(0.,-1.));
#2287 = ( GEOMETRIC_REPRESENTATION_CONTEXT(2) 
PARAMETRIC_REPRESENTATION_CONTEXT() REPRESENTATION_CONTEXT('2D SPACE',''
  ) );
#2288 = PCURVE('',#1725,#2289);
#2289 = DEFINITIONAL_REPRESENTATION('',(#2290),#2294);
#2290 = LINE('',#2291,#2292);
#2291 = CARTESIAN_POINT('',(20.,0.));
#2292 = VECTOR('',#2293,1.);
#2293 = DIRECTION('',(0.,1.));
#2294 = ( GEOMETRIC_REPRESENTATION_CONTEXT(2) 
PARAMETRIC_REPRESENTATION_CONTEXT() REPRESENTATION_CONTEXT('2D SPACE',''
  ) );
#2295 = ORIENTED_EDGE('',*,*,#2296,.F.);
#2296 = EDGE_CURVE('',#2297,#2274,#2299,.T.);
#2297 = VERTEX_POINT('',#2298);
#2298 = CARTESIAN_POINT('',(12.8,14.517157287525,2.0000001));
#2299 = SURFACE_CURVE('',#2300,(#2305,#2316),.PCURVE_S1.);
#2300 = CIRCLE('',#2301,0.3);
#2301 = AXIS2_PLACEMENT_3D('',#2302,#2303,#2304);
#2302 = CARTESIAN_POINT('',(12.7,14.8,2.0000001));
#2303 = DIRECTION('',(-1.110223024625E-16,0.,1.));
#2304 = DIRECTION('',(1.,0.,1.110223024625E-16));
#2305 = PCURVE('',#651,#2306);
#2306 = DEFINITIONAL_REPRESENTATION('',(#2307),#2315);
#2307 = ( BOUNDED_CURVE() B_SPLINE_CURVE(2,(#2308,#2309,#2310,#2311,
#2312,#2313,#2314),.UNSPECIFIED.,.T.,.F.) B_SPLINE_CURVE_WITH_KNOTS((1,2
    ,2,2,2,1),(-2.094395102393,0.,2.094395102393,4.188790204786,
6.28318530718,8.377580409573),.UNSPECIFIED.) CURVE() 
GEOMETRIC_REPRESENTATION_ITEM() RATIONAL_B_SPLINE_CURVE((1.,0.5,1.,0.5,
1.,0.5,1.)) REPRESENTATION_ITEM('') );
#2308 = CARTESIAN_POINT('',(16.,-3.4));
#2309 = CARTESIAN_POINT('',(16.,-3.919615242271));
#2310 = CARTESIAN_POINT('',(15.55,-3.659807621135));
#2311 = CARTESIAN_POINT('',(15.1,-3.4));
#2312 = CARTESIAN_POINT('',(15.55,-3.140192378865));
#2313 = CARTESIAN_POINT('',(16.,-2.880384757729));
#2314 = CARTESIAN_POINT('',(16.,-3.4));
#2315 = ( GEOMETRIC_REPRESENTATION_CONTEXT(2) 
PARAMETRIC_REPRESENTATION_CONTEXT() REPRESENTATION_CONTEXT('2D SPACE',''
  ) );
#2316 = PCURVE('',#1758,#2317);
#2317 = DEFINITIONAL_REPRESENTATION('',(#2318),#2322);
#2318 = LINE('',#2319,#2320);
#2319 = CARTESIAN_POINT('',(4.712388980385,20.));
#2320 = VECTOR('',#2321,1.);
#2321 = DIRECTION('',(-1.,0.));
#2322 = ( GEOMETRIC_REPRESENTATION_CONTEXT(2) 
PARAMETRIC_REPRESENTATION_CONTEXT() REPRESENTATION_CONTEXT('2D SPACE',''
  ) );
#2323 = ORIENTED_EDGE('',*,*,#2324,.F.);
#2324 = EDGE_CURVE('',#2325,#2297,#2327,.T.);
#2325 = VERTEX_POINT('',#2326);
#2326 = CARTESIAN_POINT('',(12.8,13.85,2.0000001));
#2327 = SURFACE_CURVE('',#2328,(#2332,#2339),.PCURVE_S1.);
#2328 = LINE('',#2329,#2330);
#2329 = CARTESIAN_POINT('',(12.8,13.55,2.0000001));
#2330 = VECTOR('',#2331,1.);
#2331 = DIRECTION('',(0.,1.,0.));
#2332 = PCURVE('',#651,#2333);
#2333 = DEFINITIONAL_REPRESENTATION('',(#2334),#2338);
#2334 = LINE('',#2335,#2336);
#2335 = CARTESIAN_POINT('',(15.8,-2.15));
#2336 = VECTOR('',#2337,1.);
#2337 = DIRECTION('',(0.,-1.));
#2338 = ( GEOMETRIC_REPRESENTATION_CONTEXT(2) 
PARAMETRIC_REPRESENTATION_CONTEXT() REPRESENTATION_CONTEXT('2D SPACE',''
  ) );
#2339 = PCURVE('',#1786,#2340);
#2340 = DEFINITIONAL_REPRESENTATION('',(#2341),#2345);
#2341 = LINE('',#2342,#2343);
#2342 = CARTESIAN_POINT('',(20.,0.));
#2343 = VECTOR('',#2344,1.);
#2344 = DIRECTION('',(0.,1.));
#2345 = ( GEOMETRIC_REPRESENTATION_CONTEXT(2) 
PARAMETRIC_REPRESENTATION_CONTEXT() REPRESENTATION_CONTEXT('2D SPACE',''
  ) );
#2346 = ORIENTED_EDGE('',*,*,#2347,.F.);
#2347 = EDGE_CURVE('',#2348,#2325,#2350,.T.);
#2348 = VERTEX_POINT('',#2349);
#2349 = CARTESIAN_POINT('',(12.5,13.55,2.0000001));
#2350 = SURFACE_CURVE('',#2351,(#2356,#2367),.PCURVE_S1.);
#2351 = CIRCLE('',#2352,0.3);
#2352 = AXIS2_PLACEMENT_3D('',#2353,#2354,#2355);
#2353 = CARTESIAN_POINT('',(12.5,13.85,2.0000001));
#2354 = DIRECTION('',(-1.110223024625E-16,0.,1.));
#2355 = DIRECTION('',(1.,0.,1.110223024625E-16));
#2356 = PCURVE('',#651,#2357);
#2357 = DEFINITIONAL_REPRESENTATION('',(#2358),#2366);
#2358 = ( BOUNDED_CURVE() B_SPLINE_CURVE(2,(#2359,#2360,#2361,#2362,
#2363,#2364,#2365),.UNSPECIFIED.,.T.,.F.) B_SPLINE_CURVE_WITH_KNOTS((1,2
    ,2,2,2,1),(-2.094395102393,0.,2.094395102393,4.188790204786,
6.28318530718,8.377580409573),.UNSPECIFIED.) CURVE() 
GEOMETRIC_REPRESENTATION_ITEM() RATIONAL_B_SPLINE_CURVE((1.,0.5,1.,0.5,
1.,0.5,1.)) REPRESENTATION_ITEM('') );
#2359 = CARTESIAN_POINT('',(15.8,-2.45));
#2360 = CARTESIAN_POINT('',(15.8,-2.969615242271));
#2361 = CARTESIAN_POINT('',(15.35,-2.709807621135));
#2362 = CARTESIAN_POINT('',(14.9,-2.45));
#2363 = CARTESIAN_POINT('',(15.35,-2.190192378865));
#2364 = CARTESIAN_POINT('',(15.8,-1.930384757729));
#2365 = CARTESIAN_POINT('',(15.8,-2.45));
#2366 = ( GEOMETRIC_REPRESENTATION_CONTEXT(2) 
PARAMETRIC_REPRESENTATION_CONTEXT() REPRESENTATION_CONTEXT('2D SPACE',''
  ) );
#2367 = PCURVE('',#1819,#2368);
#2368 = DEFINITIONAL_REPRESENTATION('',(#2369),#2373);
#2369 = LINE('',#2370,#2371);
#2370 = CARTESIAN_POINT('',(4.712388980385,20.));
#2371 = VECTOR('',#2372,1.);
#2372 = DIRECTION('',(-1.,0.));
#2373 = ( GEOMETRIC_REPRESENTATION_CONTEXT(2) 
PARAMETRIC_REPRESENTATION_CONTEXT() REPRESENTATION_CONTEXT('2D SPACE',''
  ) );
#2374 = ORIENTED_EDGE('',*,*,#2375,.F.);
#2375 = EDGE_CURVE('',#2376,#2348,#2378,.T.);
#2376 = VERTEX_POINT('',#2377);
#2377 = CARTESIAN_POINT('',(11.5,13.55,2.0000001));
#2378 = SURFACE_CURVE('',#2379,(#2383,#2390),.PCURVE_S1.);
#2379 = LINE('',#2380,#2381);
#2380 = CARTESIAN_POINT('',(11.2,13.55,2.0000001));
#2381 = VECTOR('',#2382,1.);
#2382 = DIRECTION('',(1.,0.,1.110223024625E-16));
#2383 = PCURVE('',#651,#2384);
#2384 = DEFINITIONAL_REPRESENTATION('',(#2385),#2389);
#2385 = LINE('',#2386,#2387);
#2386 = CARTESIAN_POINT('',(14.2,-2.15));
#2387 = VECTOR('',#2388,1.);
#2388 = DIRECTION('',(1.,0.));
#2389 = ( GEOMETRIC_REPRESENTATION_CONTEXT(2) 
PARAMETRIC_REPRESENTATION_CONTEXT() REPRESENTATION_CONTEXT('2D SPACE',''
  ) );
#2390 = PCURVE('',#1847,#2391);
#2391 = DEFINITIONAL_REPRESENTATION('',(#2392),#2396);
#2392 = LINE('',#2393,#2394);
#2393 = CARTESIAN_POINT('',(-4.440892098501E-16,20.));
#2394 = VECTOR('',#2395,1.);
#2395 = DIRECTION('',(1.,0.));
#2396 = ( GEOMETRIC_REPRESENTATION_CONTEXT(2) 
PARAMETRIC_REPRESENTATION_CONTEXT() REPRESENTATION_CONTEXT('2D SPACE',''
  ) );
#2397 = ORIENTED_EDGE('',*,*,#2398,.T.);
#2398 = EDGE_CURVE('',#2376,#2399,#2401,.T.);
#2399 = VERTEX_POINT('',#2400);
#2400 = CARTESIAN_POINT('',(11.2,13.85,2.0000001));
#2401 = SURFACE_CURVE('',#2402,(#2407,#2414),.PCURVE_S1.);
#2402 = CIRCLE('',#2403,0.3);
#2403 = AXIS2_PLACEMENT_3D('',#2404,#2405,#2406);
#2404 = CARTESIAN_POINT('',(11.5,13.85,2.0000001));
#2405 = DIRECTION('',(1.110223024625E-16,0.,-1.));
#2406 = DIRECTION('',(1.,0.,1.110223024625E-16));
#2407 = PCURVE('',#651,#2408);
#2408 = DEFINITIONAL_REPRESENTATION('',(#2409),#2413);
#2409 = CIRCLE('',#2410,0.3);
#2410 = AXIS2_PLACEMENT_2D('',#2411,#2412);
#2411 = CARTESIAN_POINT('',(14.5,-2.45));
#2412 = DIRECTION('',(1.,0.));
#2413 = ( GEOMETRIC_REPRESENTATION_CONTEXT(2) 
PARAMETRIC_REPRESENTATION_CONTEXT() REPRESENTATION_CONTEXT('2D SPACE',''
  ) );
#2414 = PCURVE('',#1876,#2415);
#2415 = DEFINITIONAL_REPRESENTATION('',(#2416),#2420);
#2416 = LINE('',#2417,#2418);
#2417 = CARTESIAN_POINT('',(-1.570796326795,20.));
#2418 = VECTOR('',#2419,1.);
#2419 = DIRECTION('',(1.,0.));
#2420 = ( GEOMETRIC_REPRESENTATION_CONTEXT(2) 
PARAMETRIC_REPRESENTATION_CONTEXT() REPRESENTATION_CONTEXT('2D SPACE',''
  ) );
#2421 = ORIENTED_EDGE('',*,*,#2422,.T.);
#2422 = EDGE_CURVE('',#2399,#2423,#2425,.T.);
#2423 = VERTEX_POINT('',#2424);
#2424 = CARTESIAN_POINT('',(11.2,14.5,2.0000001));
#2425 = SURFACE_CURVE('',#2426,(#2430,#2437),.PCURVE_S1.);
#2426 = LINE('',#2427,#2428);
#2427 = CARTESIAN_POINT('',(11.2,13.55,2.0000001));
#2428 = VECTOR('',#2429,1.);
#2429 = DIRECTION('',(0.,1.,0.));
#2430 = PCURVE('',#651,#2431);
#2431 = DEFINITIONAL_REPRESENTATION('',(#2432),#2436);
#2432 = LINE('',#2433,#2434);
#2433 = CARTESIAN_POINT('',(14.2,-2.15));
#2434 = VECTOR('',#2435,1.);
#2435 = DIRECTION('',(0.,-1.));
#2436 = ( GEOMETRIC_REPRESENTATION_CONTEXT(2) 
PARAMETRIC_REPRESENTATION_CONTEXT() REPRESENTATION_CONTEXT('2D SPACE',''
  ) );
#2437 = PCURVE('',#1904,#2438);
#2438 = DEFINITIONAL_REPRESENTATION('',(#2439),#2443);
#2439 = LINE('',#2440,#2441);
#2440 = CARTESIAN_POINT('',(20.,0.));
#2441 = VECTOR('',#2442,1.);
#2442 = DIRECTION('',(0.,1.));
#2443 = ( GEOMETRIC_REPRESENTATION_CONTEXT(2) 
PARAMETRIC_REPRESENTATION_CONTEXT() REPRESENTATION_CONTEXT('2D SPACE',''
  ) );
#2444 = ORIENTED_EDGE('',*,*,#2445,.F.);
#2445 = EDGE_CURVE('',#2446,#2423,#2448,.T.);
#2446 = VERTEX_POINT('',#2447);
#2447 = CARTESIAN_POINT('',(0.3,14.5,2.0000001));
#2448 = SURFACE_CURVE('',#2449,(#2453,#2460),.PCURVE_S1.);
#2449 = LINE('',#2450,#2451);
#2450 = CARTESIAN_POINT('',(2.442490654175E-15,14.5,2.0000001));
#2451 = VECTOR('',#2452,1.);
#2452 = DIRECTION('',(1.,0.,1.110223024625E-16));
#2453 = PCURVE('',#651,#2454);
#2454 = DEFINITIONAL_REPRESENTATION('',(#2455),#2459);
#2455 = LINE('',#2456,#2457);
#2456 = CARTESIAN_POINT('',(3.,-3.1));
#2457 = VECTOR('',#2458,1.);
#2458 = DIRECTION('',(1.,0.));
#2459 = ( GEOMETRIC_REPRESENTATION_CONTEXT(2) 
PARAMETRIC_REPRESENTATION_CONTEXT() REPRESENTATION_CONTEXT('2D SPACE',''
  ) );
#2460 = PCURVE('',#1932,#2461);
#2461 = DEFINITIONAL_REPRESENTATION('',(#2462),#2466);
#2462 = LINE('',#2463,#2464);
#2463 = CARTESIAN_POINT('',(0.,20.));
#2464 = VECTOR('',#2465,1.);
#2465 = DIRECTION('',(1.,0.));
#2466 = ( GEOMETRIC_REPRESENTATION_CONTEXT(2) 
PARAMETRIC_REPRESENTATION_CONTEXT() REPRESENTATION_CONTEXT('2D SPACE',''
  ) );
#2467 = ORIENTED_EDGE('',*,*,#2468,.T.);
#2468 = EDGE_CURVE('',#2446,#2469,#2471,.T.);
#2469 = VERTEX_POINT('',#2470);
#2470 = CARTESIAN_POINT('',(0.2,14.517157287525,2.0000001));
#2471 = SURFACE_CURVE('',#2472,(#2477,#2484),.PCURVE_S1.);
#2472 = CIRCLE('',#2473,0.3);
#2473 = AXIS2_PLACEMENT_3D('',#2474,#2475,#2476);
#2474 = CARTESIAN_POINT('',(0.3,14.8,2.0000001));
#2475 = DIRECTION('',(1.110223024625E-16,0.,-1.));
#2476 = DIRECTION('',(1.,0.,1.110223024625E-16));
#2477 = PCURVE('',#651,#2478);
#2478 = DEFINITIONAL_REPRESENTATION('',(#2479),#2483);
#2479 = CIRCLE('',#2480,0.3);
#2480 = AXIS2_PLACEMENT_2D('',#2481,#2482);
#2481 = CARTESIAN_POINT('',(3.3,-3.4));
#2482 = DIRECTION('',(1.,0.));
#2483 = ( GEOMETRIC_REPRESENTATION_CONTEXT(2) 
PARAMETRIC_REPRESENTATION_CONTEXT() REPRESENTATION_CONTEXT('2D SPACE',''
  ) );
#2484 = PCURVE('',#1961,#2485);
#2485 = DEFINITIONAL_REPRESENTATION('',(#2486),#2490);
#2486 = LINE('',#2487,#2488);
#2487 = CARTESIAN_POINT('',(-1.570796326795,20.));
#2488 = VECTOR('',#2489,1.);
#2489 = DIRECTION('',(1.,0.));
#2490 = ( GEOMETRIC_REPRESENTATION_CONTEXT(2) 
PARAMETRIC_REPRESENTATION_CONTEXT() REPRESENTATION_CONTEXT('2D SPACE',''
  ) );
#2491 = ORIENTED_EDGE('',*,*,#2492,.F.);
#2492 = EDGE_CURVE('',#2052,#2469,#2493,.T.);
#2493 = SURFACE_CURVE('',#2494,(#2498,#2505),.PCURVE_S1.);
#2494 = LINE('',#2495,#2496);
#2495 = CARTESIAN_POINT('',(0.2,11.4,2.0000001));
#2496 = VECTOR('',#2497,1.);
#2497 = DIRECTION('',(0.,1.,0.));
#2498 = PCURVE('',#651,#2499);
#2499 = DEFINITIONAL_REPRESENTATION('',(#2500),#2504);
#2500 = LINE('',#2501,#2502);
#2501 = CARTESIAN_POINT('',(3.2,0.));
#2502 = VECTOR('',#2503,1.);
#2503 = DIRECTION('',(0.,-1.));
#2504 = ( GEOMETRIC_REPRESENTATION_CONTEXT(2) 
PARAMETRIC_REPRESENTATION_CONTEXT() REPRESENTATION_CONTEXT('2D SPACE',''
  ) );
#2505 = PCURVE('',#1987,#2506);
#2506 = DEFINITIONAL_REPRESENTATION('',(#2507),#2511);
#2507 = LINE('',#2508,#2509);
#2508 = CARTESIAN_POINT('',(20.,0.));
#2509 = VECTOR('',#2510,1.);
#2510 = DIRECTION('',(0.,1.));
#2511 = ( GEOMETRIC_REPRESENTATION_CONTEXT(2) 
PARAMETRIC_REPRESENTATION_CONTEXT() REPRESENTATION_CONTEXT('2D SPACE',''
  ) );
#2512 = ADVANCED_FACE('',(#2513),#587,.T.);
#2513 = FACE_BOUND('',#2514,.T.);
#2514 = EDGE_LOOP('',(#2515,#2516,#2517,#2645,#2673,#2819,#2842,#2866));
#2515 = ORIENTED_EDGE('',*,*,#570,.T.);
#2516 = ORIENTED_EDGE('',*,*,#1328,.T.);
#2517 = ORIENTED_EDGE('',*,*,#2518,.T.);
#2518 = EDGE_CURVE('',#1306,#2519,#2521,.T.);
#2519 = VERTEX_POINT('',#2520);
#2520 = CARTESIAN_POINT('',(-8.,6.,1.000000011686E-07));
#2521 = SURFACE_CURVE('',#2522,(#2561,#2603),.PCURVE_S1.);
#2522 = B_SPLINE_CURVE_WITH_KNOTS('',7,(#2523,#2524,#2525,#2526,#2527,
    #2528,#2529,#2530,#2531,#2532,#2533,#2534,#2535,#2536,#2537,#2538,
    #2539,#2540,#2541,#2542,#2543,#2544,#2545,#2546,#2547,#2548,#2549,
    #2550,#2551,#2552,#2553,#2554,#2555,#2556,#2557,#2558,#2559,#2560),
  .UNSPECIFIED.,.F.,.F.,(8,6,6,6,6,6,8),(0.,0.383761525915,
    0.554960586812,0.704488106853,0.876959334464,0.924427095897,1.),
  .UNSPECIFIED.);
#2523 = CARTESIAN_POINT('',(3.627535489626E-16,9.5,1.000000011686E-07));
#2524 = CARTESIAN_POINT('',(-0.518103695272,9.5,1.000000011686E-07));
#2525 = CARTESIAN_POINT('',(-1.03606345437,9.482874192842,
    1.000000011686E-07));
#2526 = CARTESIAN_POINT('',(-1.553370556986,9.44863486237,
    1.000000011686E-07));
#2527 = CARTESIAN_POINT('',(-2.069311440966,9.396888762692,
    1.000000011686E-07));
#2528 = CARTESIAN_POINT('',(-2.582944567509,9.326830291823,
    1.000000011686E-07));
#2529 = CARTESIAN_POINT('',(-3.093108174824,9.237281843264,
    1.000000011686E-07));
#2530 = CARTESIAN_POINT('',(-3.823660885338,9.076321595569,
    1.000000011686E-07));
#2531 = CARTESIAN_POINT('',(-4.04799955421,9.022345188348,
    1.000000011686E-07));
#2532 = CARTESIAN_POINT('',(-4.271173596468,8.963848906088,
    1.000000011686E-07));
#2533 = CARTESIAN_POINT('',(-4.492995644215,8.900596459023,
    1.000000011686E-07));
#2534 = CARTESIAN_POINT('',(-4.713226441409,8.832311378322,
    1.000000011686E-07));
#2535 = CARTESIAN_POINT('',(-4.931567490561,8.758656006062,
    1.000000011686E-07));
#2536 = CARTESIAN_POINT('',(-5.336373542469,8.609785677725,
    1.000000011686E-07));
#2537 = CARTESIAN_POINT('',(-5.52333341464,8.535963071619,
    1.000000011686E-07));
#2538 = CARTESIAN_POINT('',(-5.708312692407,8.45742384774,
    1.000000011686E-07));
#2539 = CARTESIAN_POINT('',(-5.890983370624,8.373821540918,
    1.000000011686E-07));
#2540 = CARTESIAN_POINT('',(-6.070905306521,8.284765771955,
    1.000000011686E-07));
#2541 = CARTESIAN_POINT('',(-6.247506475956,8.189786279834,
    1.000000011686E-07));
#2542 = CARTESIAN_POINT('',(-6.619050449145,7.971151116511,
    1.000000011686E-07));
#2543 = CARTESIAN_POINT('',(-6.812217673527,7.845585837034,
    1.000000011686E-07));
#2544 = CARTESIAN_POINT('',(-6.998955477135,7.7103570502,
    1.000000011686E-07));
#2545 = CARTESIAN_POINT('',(-7.177588803975,7.564293888281,
    1.000000011686E-07));
#2546 = CARTESIAN_POINT('',(-7.345311971585,7.406256080283,
    1.000000011686E-07));
#2547 = CARTESIAN_POINT('',(-7.49832233588,7.235263481095,
    1.000000011686E-07));
#2548 = CARTESIAN_POINT('',(-7.668042651027,6.999189650007,
    1.000000011686E-07));
#2549 = CARTESIAN_POINT('',(-7.703137537297,6.947204661872,
    1.000000011686E-07));
#2550 = CARTESIAN_POINT('',(-7.73658077772,6.894180496138,
    1.000000011686E-07));
#2551 = CARTESIAN_POINT('',(-7.768242726855,6.840123597767,
    1.000000011686E-07));
#2552 = CARTESIAN_POINT('',(-7.79798549826,6.785053338338,
    1.000000011686E-07));
#2553 = CARTESIAN_POINT('',(-7.825667283291,6.7290042864,
    1.000000011686E-07));
#2554 = CARTESIAN_POINT('',(-7.891712122855,6.581317915802,
    1.000000011686E-07));
#2555 = CARTESIAN_POINT('',(-7.926717376686,6.488209302601,
    1.000000011686E-07));
#2556 = CARTESIAN_POINT('',(-7.955547603188,6.392987162781,
    1.000000011686E-07));
#2557 = CARTESIAN_POINT('',(-7.977642899118,6.296024621904,
    1.000000011686E-07));
#2558 = CARTESIAN_POINT('',(-7.992550575138,6.197793901624,
    1.000000011686E-07));
#2559 = CARTESIAN_POINT('',(-8.,6.098880348993,1.000000011686E-07));
#2560 = CARTESIAN_POINT('',(-8.,6.,1.000000011686E-07));
#2561 = PCURVE('',#587,#2562);
#2562 = DEFINITIONAL_REPRESENTATION('',(#2563),#2602);
#2563 = B_SPLINE_CURVE_WITH_KNOTS('',7,(#2564,#2565,#2566,#2567,#2568,
    #2569,#2570,#2571,#2572,#2573,#2574,#2575,#2576,#2577,#2578,#2579,
    #2580,#2581,#2582,#2583,#2584,#2585,#2586,#2587,#2588,#2589,#2590,
    #2591,#2592,#2593,#2594,#2595,#2596,#2597,#2598,#2599,#2600,#2601),
  .UNSPECIFIED.,.F.,.F.,(8,6,6,6,6,6,8),(0.,0.383761525915,
    0.554960586812,0.704488106853,0.876959334464,0.924427095897,1.),
  .UNSPECIFIED.);
#2564 = CARTESIAN_POINT('',(-1.7763568394E-15,-9.5));
#2565 = CARTESIAN_POINT('',(-0.518103695272,-9.5));
#2566 = CARTESIAN_POINT('',(-1.03606345437,-9.482874192842));
#2567 = CARTESIAN_POINT('',(-1.553370556986,-9.44863486237));
#2568 = CARTESIAN_POINT('',(-2.069311440966,-9.396888762692));
#2569 = CARTESIAN_POINT('',(-2.582944567509,-9.326830291823));
#2570 = CARTESIAN_POINT('',(-3.093108174824,-9.237281843264));
#2571 = CARTESIAN_POINT('',(-3.823660885338,-9.076321595569));
#2572 = CARTESIAN_POINT('',(-4.04799955421,-9.022345188348));
#2573 = CARTESIAN_POINT('',(-4.271173596468,-8.963848906088));
#2574 = CARTESIAN_POINT('',(-4.492995644215,-8.900596459023));
#2575 = CARTESIAN_POINT('',(-4.713226441409,-8.832311378322));
#2576 = CARTESIAN_POINT('',(-4.931567490561,-8.758656006062));
#2577 = CARTESIAN_POINT('',(-5.336373542469,-8.609785677725));
#2578 = CARTESIAN_POINT('',(-5.52333341464,-8.535963071619));
#2579 = CARTESIAN_POINT('',(-5.708312692407,-8.45742384774));
#2580 = CARTESIAN_POINT('',(-5.890983370624,-8.373821540918));
#2581 = CARTESIAN_POINT('',(-6.070905306521,-8.284765771955));
#2582 = CARTESIAN_POINT('',(-6.247506475956,-8.189786279834));
#2583 = CARTESIAN_POINT('',(-6.619050449145,-7.971151116511));
#2584 = CARTESIAN_POINT('',(-6.812217673527,-7.845585837034));
#2585 = CARTESIAN_POINT('',(-6.998955477135,-7.7103570502));
#2586 = CARTESIAN_POINT('',(-7.177588803975,-7.564293888281));
#2587 = CARTESIAN_POINT('',(-7.345311971585,-7.406256080283));
#2588 = CARTESIAN_POINT('',(-7.49832233588,-7.235263481095));
#2589 = CARTESIAN_POINT('',(-7.668042651027,-6.999189650007));
#2590 = CARTESIAN_POINT('',(-7.703137537297,-6.947204661872));
#2591 = CARTESIAN_POINT('',(-7.73658077772,-6.894180496138));
#2592 = CARTESIAN_POINT('',(-7.768242726855,-6.840123597767));
#2593 = CARTESIAN_POINT('',(-7.79798549826,-6.785053338338));
#2594 = CARTESIAN_POINT('',(-7.825667283292,-6.7290042864));
#2595 = CARTESIAN_POINT('',(-7.891712122855,-6.581317915802));
#2596 = CARTESIAN_POINT('',(-7.926717376686,-6.488209302601));
#2597 = CARTESIAN_POINT('',(-7.955547603188,-6.392987162781));
#2598 = CARTESIAN_POINT('',(-7.977642899118,-6.296024621904));
#2599 = CARTESIAN_POINT('',(-7.992550575138,-6.197793901624));
#2600 = CARTESIAN_POINT('',(-8.,-6.098880348993));
#2601 = CARTESIAN_POINT('',(-8.,-6.));
#2602 = ( GEOMETRIC_REPRESENTATION_CONTEXT(2) 
PARAMETRIC_REPRESENTATION_CONTEXT() REPRESENTATION_CONTEXT('2D SPACE',''
  ) );
#2603 = PCURVE('',#898,#2604);
#2604 = DEFINITIONAL_REPRESENTATION('',(#2605),#2644);
#2605 = B_SPLINE_CURVE_WITH_KNOTS('',7,(#2606,#2607,#2608,#2609,#2610,
    #2611,#2612,#2613,#2614,#2615,#2616,#2617,#2618,#2619,#2620,#2621,
    #2622,#2623,#2624,#2625,#2626,#2627,#2628,#2629,#2630,#2631,#2632,
    #2633,#2634,#2635,#2636,#2637,#2638,#2639,#2640,#2641,#2642,#2643),
  .UNSPECIFIED.,.F.,.F.,(8,6,6,6,6,6,8),(0.,0.383761525915,
    0.554960586812,0.704488106853,0.876959334464,0.924427095897,1.),
  .UNSPECIFIED.);
#2606 = CARTESIAN_POINT('',(4.712388980385,-26.));
#2607 = CARTESIAN_POINT('',(4.647626018476,-26.));
#2608 = CARTESIAN_POINT('',(4.582881214974,-26.));
#2609 = CARTESIAN_POINT('',(4.517773321149,-26.));
#2610 = CARTESIAN_POINT('',(4.451952923391,-26.));
#2611 = CARTESIAN_POINT('',(4.385030076772,-26.));
#2612 = CARTESIAN_POINT('',(4.316566354165,-26.));
#2613 = CARTESIAN_POINT('',(4.214320908334,-26.));
#2614 = CARTESIAN_POINT('',(4.182338726787,-26.));
#2615 = CARTESIAN_POINT('',(4.1498545883,-26.));
#2616 = CARTESIAN_POINT('',(4.116801006636,-26.));
#2617 = CARTESIAN_POINT('',(4.083102636422,-26.));
#2618 = CARTESIAN_POINT('',(4.04866942322,-26.));
#2619 = CARTESIAN_POINT('',(3.98256639758,-26.));
#2620 = CARTESIAN_POINT('',(3.951105127222,-26.));
#2621 = CARTESIAN_POINT('',(3.91891868388,-26.));
#2622 = CARTESIAN_POINT('',(3.885917320371,-26.));
#2623 = CARTESIAN_POINT('',(3.852002316142,-26.));
#2624 = CARTESIAN_POINT('',(3.817053659546,-26.));
#2625 = CARTESIAN_POINT('',(3.739213427632,-26.));
#2626 = CARTESIAN_POINT('',(3.696016468026,-26.));
#2627 = CARTESIAN_POINT('',(3.650964398185,-26.));
#2628 = CARTESIAN_POINT('',(3.603758914687,-26.));
#2629 = CARTESIAN_POINT('',(3.554117120075,-26.));
#2630 = CARTESIAN_POINT('',(3.501774293971,-26.));
#2631 = CARTESIAN_POINT('',(3.431066901547,-26.));
#2632 = CARTESIAN_POINT('',(3.415582126233,-26.));
#2633 = CARTESIAN_POINT('',(3.399870287596,-26.));
#2634 = CARTESIAN_POINT('',(3.383931394347,-26.));
#2635 = CARTESIAN_POINT('',(3.367768471611,-26.));
#2636 = CARTESIAN_POINT('',(3.351388041185,-26.));
#2637 = CARTESIAN_POINT('',(3.308391920838,-26.));
#2638 = CARTESIAN_POINT('',(3.281444291847,-26.));
#2639 = CARTESIAN_POINT('',(3.25402211091,-26.));
#2640 = CARTESIAN_POINT('',(3.226207969239,-26.));
#2641 = CARTESIAN_POINT('',(3.198105187892,-26.));
#2642 = CARTESIAN_POINT('',(3.169844181874,-26.));
#2643 = CARTESIAN_POINT('',(3.14159265359,-26.));
#2644 = ( GEOMETRIC_REPRESENTATION_CONTEXT(2) 
PARAMETRIC_REPRESENTATION_CONTEXT() REPRESENTATION_CONTEXT('2D SPACE',''
  ) );
#2645 = ORIENTED_EDGE('',*,*,#2646,.T.);
#2646 = EDGE_CURVE('',#2519,#2647,#2649,.T.);
#2647 = VERTEX_POINT('',#2648);
#2648 = CARTESIAN_POINT('',(-8.,-6.,1.000000011686E-07));
#2649 = SURFACE_CURVE('',#2650,(#2654,#2661),.PCURVE_S1.);
#2650 = LINE('',#2651,#2652);
#2651 = CARTESIAN_POINT('',(-8.,-3.,1.000000011686E-07));
#2652 = VECTOR('',#2653,1.);
#2653 = DIRECTION('',(0.,-1.,0.));
#2654 = PCURVE('',#587,#2655);
#2655 = DEFINITIONAL_REPRESENTATION('',(#2656),#2660);
#2656 = LINE('',#2657,#2658);
#2657 = CARTESIAN_POINT('',(-8.,3.));
#2658 = VECTOR('',#2659,1.);
#2659 = DIRECTION('',(0.,1.));
#2660 = ( GEOMETRIC_REPRESENTATION_CONTEXT(2) 
PARAMETRIC_REPRESENTATION_CONTEXT() REPRESENTATION_CONTEXT('2D SPACE',''
  ) );
#2661 = PCURVE('',#2662,#2667);
#2662 = PLANE('',#2663);
#2663 = AXIS2_PLACEMENT_3D('',#2664,#2665,#2666);
#2664 = CARTESIAN_POINT('',(-8.,-6.,26.0000001));
#2665 = DIRECTION('',(1.,0.,1.110223024625E-16));
#2666 = DIRECTION('',(0.,1.,0.));
#2667 = DEFINITIONAL_REPRESENTATION('',(#2668),#2672);
#2668 = LINE('',#2669,#2670);
#2669 = CARTESIAN_POINT('',(3.,-26.));
#2670 = VECTOR('',#2671,1.);
#2671 = DIRECTION('',(-1.,0.));
#2672 = ( GEOMETRIC_REPRESENTATION_CONTEXT(2) 
PARAMETRIC_REPRESENTATION_CONTEXT() REPRESENTATION_CONTEXT('2D SPACE',''
  ) );
#2673 = ORIENTED_EDGE('',*,*,#2674,.T.);
#2674 = EDGE_CURVE('',#2647,#2675,#2677,.T.);
#2675 = VERTEX_POINT('',#2676);
#2676 = CARTESIAN_POINT('',(2.6645352591E-15,-9.5,1.000000011686E-07));
#2677 = SURFACE_CURVE('',#2678,(#2723,#2771),.PCURVE_S1.);
#2678 = B_SPLINE_CURVE_WITH_KNOTS('',8,(#2679,#2680,#2681,#2682,#2683,
    #2684,#2685,#2686,#2687,#2688,#2689,#2690,#2691,#2692,#2693,#2694,
    #2695,#2696,#2697,#2698,#2699,#2700,#2701,#2702,#2703,#2704,#2705,
    #2706,#2707,#2708,#2709,#2710,#2711,#2712,#2713,#2714,#2715,#2716,
    #2717,#2718,#2719,#2720,#2721,#2722),.UNSPECIFIED.,.F.,.F.,(9,7,7,7,
    7,7,9),(0.,8.658279662505E-02,0.150251277784,0.255683647933,
    0.372291782784,0.66551961711,1.),.UNSPECIFIED.);
#2679 = CARTESIAN_POINT('',(-8.,-6.,1.000000011686E-07));
#2680 = CARTESIAN_POINT('',(-8.,-6.099128819857,1.000000011686E-07));
#2681 = CARTESIAN_POINT('',(-7.992665807984,-6.198293937355,
    1.000000011686E-07));
#2682 = CARTESIAN_POINT('',(-7.977988505677,-6.296811556493,
    1.000000011686E-07));
#2683 = CARTESIAN_POINT('',(-7.956203668491,-6.394120147784,
    1.000000011686E-07));
#2684 = CARTESIAN_POINT('',(-7.92771415796,-6.489764673928,
    1.000000011686E-07));
#2685 = CARTESIAN_POINT('',(-7.893027198491,-6.583383377433,
    1.000000011686E-07));
#2686 = CARTESIAN_POINT('',(-7.852705738441,-6.674697130171,
    1.000000011686E-07));
#2687 = CARTESIAN_POINT('',(-7.773970151335,-6.828803341265,
    1.000000011686E-07));
#2688 = CARTESIAN_POINT('',(-7.737859023831,-6.89278015243,
    1.000000011686E-07));
#2689 = CARTESIAN_POINT('',(-7.699210314761,-6.955383298478,
    1.000000011686E-07));
#2690 = CARTESIAN_POINT('',(-7.658229285382,-7.016586233437,
    1.000000011686E-07));
#2691 = CARTESIAN_POINT('',(-7.615110763004,-7.076380536856,
    1.000000011686E-07));
#2692 = CARTESIAN_POINT('',(-7.570034386841,-7.134772898817,
    1.000000011686E-07));
#2693 = CARTESIAN_POINT('',(-7.52316119315,-7.191782898387,
    1.000000011686E-07));
#2694 = CARTESIAN_POINT('',(-7.394268441656,-7.339610041592,
    1.000000011686E-07));
#2695 = CARTESIAN_POINT('',(-7.309394005582,-7.428037444472,
    1.000000011686E-07));
#2696 = CARTESIAN_POINT('',(-7.220632097442,-7.512890454867,
    1.000000011686E-07));
#2697 = CARTESIAN_POINT('',(-7.128517004844,-7.594331268062,
    1.000000011686E-07));
#2698 = CARTESIAN_POINT('',(-7.033499667228,-7.672523159483,
    1.000000011686E-07));
#2699 = CARTESIAN_POINT('',(-6.935951195208,-7.747633461244,
    1.000000011686E-07));
#2700 = CARTESIAN_POINT('',(-6.836163679009,-7.819833959625,
    1.000000011686E-07));
#2701 = CARTESIAN_POINT('',(-6.621740525588,-7.966126687444,
    1.000000011686E-07));
#2702 = CARTESIAN_POINT('',(-6.506696360956,-8.039578388049,
    1.000000011686E-07));
#2703 = CARTESIAN_POINT('',(-6.389534602291,-8.109873516676,
    1.000000011686E-07));
#2704 = CARTESIAN_POINT('',(-6.27052276615,-8.177197924045,
    1.000000011686E-07));
#2705 = CARTESIAN_POINT('',(-6.149884506217,-8.241715020477,
    1.000000011686E-07));
#2706 = CARTESIAN_POINT('',(-6.027804591189,-8.303573430244,
    1.000000011686E-07));
#2707 = CARTESIAN_POINT('',(-5.904431429776,-8.362910890006,
    1.000000011686E-07));
#2708 = CARTESIAN_POINT('',(-5.466667572459,-8.563046970465,
    1.000000011686E-07));
#2709 = CARTESIAN_POINT('',(-5.146218530999,-8.690997818882,
    1.000000011686E-07));
#2710 = CARTESIAN_POINT('',(-4.82029557795,-8.805786994562,
    1.000000011686E-07));
#2711 = CARTESIAN_POINT('',(-4.490152664745,-8.908675576539,
    1.000000011686E-07));
#2712 = CARTESIAN_POINT('',(-4.156755394477,-9.000689531357,
    1.000000011686E-07));
#2713 = CARTESIAN_POINT('',(-3.820777235066,-9.082612659509,
    1.000000011686E-07));
#2714 = CARTESIAN_POINT('',(-3.482648047798,-9.155098048944,
    1.000000011686E-07));
#2715 = CARTESIAN_POINT('',(-2.754604305936,-9.291155136534,
    1.000000011686E-07));
#2716 = CARTESIAN_POINT('',(-2.364379794942,-9.351985752743,
    1.000000011686E-07));
#2717 = CARTESIAN_POINT('',(-1.972400674493,-9.40188941271,
    1.000000011686E-07));
#2718 = CARTESIAN_POINT('',(-1.579117685881,-9.441358215425,
    1.000000011686E-07));
#2719 = CARTESIAN_POINT('',(-1.184922817818,-9.470733998979,
    1.000000011686E-07));
#2720 = CARTESIAN_POINT('',(-0.790154944443,-9.490243578081,
    1.000000011686E-07));
#2721 = CARTESIAN_POINT('',(-0.395101267401,-9.5,1.000000011686E-07));
#2722 = CARTESIAN_POINT('',(3.027288808063E-15,-9.5,1.000000011686E-07)
  );
#2723 = PCURVE('',#587,#2724);
#2724 = DEFINITIONAL_REPRESENTATION('',(#2725),#2770);
#2725 = B_SPLINE_CURVE_WITH_KNOTS('',8,(#2726,#2727,#2728,#2729,#2730,
    #2731,#2732,#2733,#2734,#2735,#2736,#2737,#2738,#2739,#2740,#2741,
    #2742,#2743,#2744,#2745,#2746,#2747,#2748,#2749,#2750,#2751,#2752,
    #2753,#2754,#2755,#2756,#2757,#2758,#2759,#2760,#2761,#2762,#2763,
    #2764,#2765,#2766,#2767,#2768,#2769),.UNSPECIFIED.,.F.,.F.,(9,7,7,7,
    7,7,9),(0.,8.658279662505E-02,0.150251277784,0.255683647933,
    0.372291782784,0.66551961711,1.),.UNSPECIFIED.);
#2726 = CARTESIAN_POINT('',(-8.,6.));
#2727 = CARTESIAN_POINT('',(-8.,6.099128819857));
#2728 = CARTESIAN_POINT('',(-7.992665807984,6.198293937355));
#2729 = CARTESIAN_POINT('',(-7.977988505677,6.296811556493));
#2730 = CARTESIAN_POINT('',(-7.956203668491,6.394120147784));
#2731 = CARTESIAN_POINT('',(-7.92771415796,6.489764673928));
#2732 = CARTESIAN_POINT('',(-7.893027198491,6.583383377433));
#2733 = CARTESIAN_POINT('',(-7.852705738441,6.674697130171));
#2734 = CARTESIAN_POINT('',(-7.773970151335,6.828803341265));
#2735 = CARTESIAN_POINT('',(-7.737859023831,6.89278015243));
#2736 = CARTESIAN_POINT('',(-7.699210314761,6.955383298478));
#2737 = CARTESIAN_POINT('',(-7.658229285382,7.016586233437));
#2738 = CARTESIAN_POINT('',(-7.615110763004,7.076380536856));
#2739 = CARTESIAN_POINT('',(-7.570034386841,7.134772898817));
#2740 = CARTESIAN_POINT('',(-7.52316119315,7.191782898387));
#2741 = CARTESIAN_POINT('',(-7.394268441656,7.339610041592));
#2742 = CARTESIAN_POINT('',(-7.309394005582,7.428037444472));
#2743 = CARTESIAN_POINT('',(-7.220632097442,7.512890454867));
#2744 = CARTESIAN_POINT('',(-7.128517004844,7.594331268062));
#2745 = CARTESIAN_POINT('',(-7.033499667228,7.672523159483));
#2746 = CARTESIAN_POINT('',(-6.935951195208,7.747633461244));
#2747 = CARTESIAN_POINT('',(-6.836163679009,7.819833959625));
#2748 = CARTESIAN_POINT('',(-6.621740525588,7.966126687444));
#2749 = CARTESIAN_POINT('',(-6.506696360956,8.039578388049));
#2750 = CARTESIAN_POINT('',(-6.389534602291,8.109873516676));
#2751 = CARTESIAN_POINT('',(-6.27052276615,8.177197924045));
#2752 = CARTESIAN_POINT('',(-6.149884506217,8.241715020477));
#2753 = CARTESIAN_POINT('',(-6.027804591189,8.303573430244));
#2754 = CARTESIAN_POINT('',(-5.904431429776,8.362910890006));
#2755 = CARTESIAN_POINT('',(-5.466667572459,8.563046970465));
#2756 = CARTESIAN_POINT('',(-5.146218530999,8.690997818882));
#2757 = CARTESIAN_POINT('',(-4.82029557795,8.805786994562));
#2758 = CARTESIAN_POINT('',(-4.490152664745,8.908675576539));
#2759 = CARTESIAN_POINT('',(-4.156755394477,9.000689531357));
#2760 = CARTESIAN_POINT('',(-3.820777235066,9.082612659509));
#2761 = CARTESIAN_POINT('',(-3.482648047798,9.155098048944));
#2762 = CARTESIAN_POINT('',(-2.754604305936,9.291155136534));
#2763 = CARTESIAN_POINT('',(-2.364379794942,9.351985752743));
#2764 = CARTESIAN_POINT('',(-1.972400674493,9.40188941271));
#2765 = CARTESIAN_POINT('',(-1.579117685881,9.441358215425));
#2766 = CARTESIAN_POINT('',(-1.184922817818,9.470733998979));
#2767 = CARTESIAN_POINT('',(-0.790154944443,9.490243578081));
#2768 = CARTESIAN_POINT('',(-0.395101267401,9.5));
#2769 = CARTESIAN_POINT('',(8.881784197001E-16,9.5));
#2770 = ( GEOMETRIC_REPRESENTATION_CONTEXT(2) 
PARAMETRIC_REPRESENTATION_CONTEXT() REPRESENTATION_CONTEXT('2D SPACE',''
  ) );
#2771 = PCURVE('',#1186,#2772);
#2772 = DEFINITIONAL_REPRESENTATION('',(#2773),#2818);
#2773 = B_SPLINE_CURVE_WITH_KNOTS('',8,(#2774,#2775,#2776,#2777,#2778,
    #2779,#2780,#2781,#2782,#2783,#2784,#2785,#2786,#2787,#2788,#2789,
    #2790,#2791,#2792,#2793,#2794,#2795,#2796,#2797,#2798,#2799,#2800,
    #2801,#2802,#2803,#2804,#2805,#2806,#2807,#2808,#2809,#2810,#2811,
    #2812,#2813,#2814,#2815,#2816,#2817),.UNSPECIFIED.,.F.,.F.,(9,7,7,7,
    7,7,9),(0.,8.658279662505E-02,0.150251277784,0.255683647933,
    0.372291782784,0.66551961711,1.),.UNSPECIFIED.);
#2774 = CARTESIAN_POINT('',(3.14159265359,-26.));
#2775 = CARTESIAN_POINT('',(3.113270133631,-26.));
#2776 = CARTESIAN_POINT('',(3.084937263592,-26.));
#2777 = CARTESIAN_POINT('',(3.056754698814,-26.));
#2778 = CARTESIAN_POINT('',(3.028848309117,-26.));
#2779 = CARTESIAN_POINT('',(3.001317412847,-26.));
#2780 = CARTESIAN_POINT('',(2.974240712958,-26.));
#2781 = CARTESIAN_POINT('',(2.947679935116,-26.));
#2782 = CARTESIAN_POINT('',(2.902563027872,-26.));
#2783 = CARTESIAN_POINT('',(2.883739485702,-26.));
#2784 = CARTESIAN_POINT('',(2.865219117598,-26.));
#2785 = CARTESIAN_POINT('',(2.847005669103,-26.));
#2786 = CARTESIAN_POINT('',(2.829098917156,-26.));
#2787 = CARTESIAN_POINT('',(2.811495272224,-26.));
#2788 = CARTESIAN_POINT('',(2.794188120445,-26.));
#2789 = CARTESIAN_POINT('',(2.748983134587,-26.));
#2790 = CARTESIAN_POINT('',(2.721596048502,-26.));
#2791 = CARTESIAN_POINT('',(2.694955875714,-26.));
#2792 = CARTESIAN_POINT('',(2.669017030618,-26.));
#2793 = CARTESIAN_POINT('',(2.643735985398,-26.));
#2794 = CARTESIAN_POINT('',(2.619069000402,-26.));
#2795 = CARTESIAN_POINT('',(2.594970713292,-26.));
#2796 = CARTESIAN_POINT('',(2.545317300122,-26.));
#2797 = CARTESIAN_POINT('',(2.51988864164,-26.));
#2798 = CARTESIAN_POINT('',(2.495049317109,-26.));
#2799 = CARTESIAN_POINT('',(2.470751193771,-26.));
#2800 = CARTESIAN_POINT('',(2.446952578642,-26.));
#2801 = CARTESIAN_POINT('',(2.423615580525,-26.));
#2802 = CARTESIAN_POINT('',(2.400704555912,-26.));
#2803 = CARTESIAN_POINT('',(2.321558600576,-26.));
#2804 = CARTESIAN_POINT('',(2.267452130872,-26.));
#2805 = CARTESIAN_POINT('',(2.215313034184,-26.));
#2806 = CARTESIAN_POINT('',(2.164814858328,-26.));
#2807 = CARTESIAN_POINT('',(2.115689507471,-26.));
#2808 = CARTESIAN_POINT('',(2.067723320376,-26.));
#2809 = CARTESIAN_POINT('',(2.020719330649,-26.));
#2810 = CARTESIAN_POINT('',(1.921759032792,-26.));
#2811 = CARTESIAN_POINT('',(1.870074665412,-26.));
#2812 = CARTESIAN_POINT('',(1.81919167825,-26.));
#2813 = CARTESIAN_POINT('',(1.768920005953,-26.));
#2814 = CARTESIAN_POINT('',(1.719095335538,-26.));
#2815 = CARTESIAN_POINT('',(1.6695656628,-26.));
#2816 = CARTESIAN_POINT('',(1.62018398522,-26.));
#2817 = CARTESIAN_POINT('',(1.570796326795,-26.));
#2818 = ( GEOMETRIC_REPRESENTATION_CONTEXT(2) 
PARAMETRIC_REPRESENTATION_CONTEXT() REPRESENTATION_CONTEXT('2D SPACE',''
  ) );
#2819 = ORIENTED_EDGE('',*,*,#2820,.T.);
#2820 = EDGE_CURVE('',#2675,#2821,#2823,.T.);
#2821 = VERTEX_POINT('',#2822);
#2822 = CARTESIAN_POINT('',(4.440892098501E-15,-11.7,1.000000011686E-07)
  );
#2823 = SURFACE_CURVE('',#2824,(#2828,#2835),.PCURVE_S1.);
#2824 = LINE('',#2825,#2826);
#2825 = CARTESIAN_POINT('',(2.6645352591E-15,-36.,1.000000011686E-07));
#2826 = VECTOR('',#2827,1.);
#2827 = DIRECTION('',(0.,-1.,0.));
#2828 = PCURVE('',#587,#2829);
#2829 = DEFINITIONAL_REPRESENTATION('',(#2830),#2834);
#2830 = LINE('',#2831,#2832);
#2831 = CARTESIAN_POINT('',(5.254248707375E-16,36.));
#2832 = VECTOR('',#2833,1.);
#2833 = DIRECTION('',(0.,1.));
#2834 = ( GEOMETRIC_REPRESENTATION_CONTEXT(2) 
PARAMETRIC_REPRESENTATION_CONTEXT() REPRESENTATION_CONTEXT('2D SPACE',''
  ) );
#2835 = PCURVE('',#1258,#2836);
#2836 = DEFINITIONAL_REPRESENTATION('',(#2837),#2841);
#2837 = LINE('',#2838,#2839);
#2838 = CARTESIAN_POINT('',(96.,36.));
#2839 = VECTOR('',#2840,1.);
#2840 = DIRECTION('',(0.,-1.));
#2841 = ( GEOMETRIC_REPRESENTATION_CONTEXT(2) 
PARAMETRIC_REPRESENTATION_CONTEXT() REPRESENTATION_CONTEXT('2D SPACE',''
  ) );
#2842 = ORIENTED_EDGE('',*,*,#2843,.T.);
#2843 = EDGE_CURVE('',#2821,#2844,#2846,.T.);
#2844 = VERTEX_POINT('',#2845);
#2845 = CARTESIAN_POINT('',(-10.2,-6.,1.000000011686E-07));
#2846 = SURFACE_CURVE('',#2847,(#2852,#2859),.PCURVE_S1.);
#2847 = ELLIPSE('',#2848,10.2,5.7);
#2848 = AXIS2_PLACEMENT_3D('',#2849,#2850,#2851);
#2849 = CARTESIAN_POINT('',(3.183495106899E-15,-6.,1.000000011686E-07));
#2850 = DIRECTION('',(1.110223024625E-16,0.,-1.));
#2851 = DIRECTION('',(1.,1.110223024625E-16,1.110223024625E-16));
#2852 = PCURVE('',#587,#2853);
#2853 = DEFINITIONAL_REPRESENTATION('',(#2854),#2858);
#2854 = ELLIPSE('',#2855,10.2,5.7);
#2855 = AXIS2_PLACEMENT_2D('',#2856,#2857);
#2856 = CARTESIAN_POINT('',(1.044384718536E-15,6.));
#2857 = DIRECTION('',(1.,-1.110223024625E-16));
#2858 = ( GEOMETRIC_REPRESENTATION_CONTEXT(2) 
PARAMETRIC_REPRESENTATION_CONTEXT() REPRESENTATION_CONTEXT('2D SPACE',''
  ) );
#2859 = PCURVE('',#1285,#2860);
#2860 = DEFINITIONAL_REPRESENTATION('',(#2861),#2865);
#2861 = LINE('',#2862,#2863);
#2862 = CARTESIAN_POINT('',(0.,-24.));
#2863 = VECTOR('',#2864,1.);
#2864 = DIRECTION('',(1.,0.));
#2865 = ( GEOMETRIC_REPRESENTATION_CONTEXT(2) 
PARAMETRIC_REPRESENTATION_CONTEXT() REPRESENTATION_CONTEXT('2D SPACE',''
  ) );
#2866 = ORIENTED_EDGE('',*,*,#2867,.T.);
#2867 = EDGE_CURVE('',#2844,#543,#2868,.T.);
#2868 = SURFACE_CURVE('',#2869,(#2873,#2880),.PCURVE_S1.);
#2869 = LINE('',#2870,#2871);
#2870 = CARTESIAN_POINT('',(-10.2,-6.,1.000000011686E-07));
#2871 = VECTOR('',#2872,1.);
#2872 = DIRECTION('',(0.,1.,0.));
#2873 = PCURVE('',#587,#2874);
#2874 = DEFINITIONAL_REPRESENTATION('',(#2875),#2879);
#2875 = LINE('',#2876,#2877);
#2876 = CARTESIAN_POINT('',(-10.2,6.));
#2877 = VECTOR('',#2878,1.);
#2878 = DIRECTION('',(0.,-1.));
#2879 = ( GEOMETRIC_REPRESENTATION_CONTEXT(2) 
PARAMETRIC_REPRESENTATION_CONTEXT() REPRESENTATION_CONTEXT('2D SPACE',''
  ) );
#2880 = PCURVE('',#558,#2881);
#2881 = DEFINITIONAL_REPRESENTATION('',(#2882),#2886);
#2882 = LINE('',#2883,#2884);
#2883 = CARTESIAN_POINT('',(0.,-24.));
#2884 = VECTOR('',#2885,1.);
#2885 = DIRECTION('',(1.,0.));
#2886 = ( GEOMETRIC_REPRESENTATION_CONTEXT(2) 
PARAMETRIC_REPRESENTATION_CONTEXT() REPRESENTATION_CONTEXT('2D SPACE',''
  ) );
#2887 = ADVANCED_FACE('',(#2888),#558,.F.);
#2888 = FACE_BOUND('',#2889,.F.);
#2889 = EDGE_LOOP('',(#2890,#2913,#2934,#2935));
#2890 = ORIENTED_EDGE('',*,*,#2891,.F.);
#2891 = EDGE_CURVE('',#2892,#455,#2894,.T.);
#2892 = VERTEX_POINT('',#2893);
#2893 = CARTESIAN_POINT('',(-10.2,-6.,1.9000001));
#2894 = SURFACE_CURVE('',#2895,(#2899,#2906),.PCURVE_S1.);
#2895 = LINE('',#2896,#2897);
#2896 = CARTESIAN_POINT('',(-10.2,-3.,1.9000001));
#2897 = VECTOR('',#2898,1.);
#2898 = DIRECTION('',(0.,1.,0.));
#2899 = PCURVE('',#558,#2900);
#2900 = DEFINITIONAL_REPRESENTATION('',(#2901),#2905);
#2901 = LINE('',#2902,#2903);
#2902 = CARTESIAN_POINT('',(3.,-22.1));
#2903 = VECTOR('',#2904,1.);
#2904 = DIRECTION('',(1.,0.));
#2905 = ( GEOMETRIC_REPRESENTATION_CONTEXT(2) 
PARAMETRIC_REPRESENTATION_CONTEXT() REPRESENTATION_CONTEXT('2D SPACE',''
  ) );
#2906 = PCURVE('',#510,#2907);
#2907 = DEFINITIONAL_REPRESENTATION('',(#2908),#2912);
#2908 = LINE('',#2909,#2910);
#2909 = CARTESIAN_POINT('',(-2.2,3.));
#2910 = VECTOR('',#2911,1.);
#2911 = DIRECTION('',(0.,-1.));
#2912 = ( GEOMETRIC_REPRESENTATION_CONTEXT(2) 
PARAMETRIC_REPRESENTATION_CONTEXT() REPRESENTATION_CONTEXT('2D SPACE',''
  ) );
#2913 = ORIENTED_EDGE('',*,*,#2914,.T.);
#2914 = EDGE_CURVE('',#2892,#2844,#2915,.T.);
#2915 = SURFACE_CURVE('',#2916,(#2920,#2927),.PCURVE_S1.);
#2916 = LINE('',#2917,#2918);
#2917 = CARTESIAN_POINT('',(-10.2,-6.,24.0000001));
#2918 = VECTOR('',#2919,1.);
#2919 = DIRECTION('',(1.110223024625E-16,0.,-1.));
#2920 = PCURVE('',#558,#2921);
#2921 = DEFINITIONAL_REPRESENTATION('',(#2922),#2926);
#2922 = LINE('',#2923,#2924);
#2923 = CARTESIAN_POINT('',(0.,0.));
#2924 = VECTOR('',#2925,1.);
#2925 = DIRECTION('',(0.,-1.));
#2926 = ( GEOMETRIC_REPRESENTATION_CONTEXT(2) 
PARAMETRIC_REPRESENTATION_CONTEXT() REPRESENTATION_CONTEXT('2D SPACE',''
  ) );
#2927 = PCURVE('',#1285,#2928);
#2928 = DEFINITIONAL_REPRESENTATION('',(#2929),#2933);
#2929 = LINE('',#2930,#2931);
#2930 = CARTESIAN_POINT('',(3.14159265359,0.));
#2931 = VECTOR('',#2932,1.);
#2932 = DIRECTION('',(0.,-1.));
#2933 = ( GEOMETRIC_REPRESENTATION_CONTEXT(2) 
PARAMETRIC_REPRESENTATION_CONTEXT() REPRESENTATION_CONTEXT('2D SPACE',''
  ) );
#2934 = ORIENTED_EDGE('',*,*,#2867,.T.);
#2935 = ORIENTED_EDGE('',*,*,#542,.F.);
#2936 = ADVANCED_FACE('',(#2937),#510,.F.);
#2937 = FACE_BOUND('',#2938,.F.);
#2938 = EDGE_LOOP('',(#2939,#2969,#3050,#3051,#3052,#3075,#3103,#3183,
    #3206,#3301));
#2939 = ORIENTED_EDGE('',*,*,#2940,.T.);
#2940 = EDGE_CURVE('',#2941,#2943,#2945,.T.);
#2941 = VERTEX_POINT('',#2942);
#2942 = CARTESIAN_POINT('',(-5.,-10.53,1.9000001));
#2943 = VERTEX_POINT('',#2944);
#2944 = CARTESIAN_POINT('',(-6.190932427456,-10.53,1.9000001));
#2945 = SURFACE_CURVE('',#2946,(#2950,#2957),.PCURVE_S1.);
#2946 = LINE('',#2947,#2948);
#2947 = CARTESIAN_POINT('',(-5.,-10.53,1.9000001));
#2948 = VECTOR('',#2949,1.);
#2949 = DIRECTION('',(-1.,0.,-1.110223024625E-16));
#2950 = PCURVE('',#510,#2951);
#2951 = DEFINITIONAL_REPRESENTATION('',(#2952),#2956);
#2952 = LINE('',#2953,#2954);
#2953 = CARTESIAN_POINT('',(3.,10.53));
#2954 = VECTOR('',#2955,1.);
#2955 = DIRECTION('',(-1.,-0.));
#2956 = ( GEOMETRIC_REPRESENTATION_CONTEXT(2) 
PARAMETRIC_REPRESENTATION_CONTEXT() REPRESENTATION_CONTEXT('2D SPACE',''
  ) );
#2957 = PCURVE('',#2958,#2963);
#2958 = PLANE('',#2959);
#2959 = AXIS2_PLACEMENT_3D('',#2960,#2961,#2962);
#2960 = CARTESIAN_POINT('',(-5.,-10.53,5.1000001));
#2961 = DIRECTION('',(0.,1.,0.));
#2962 = DIRECTION('',(-1.,0.,-1.110223024625E-16));
#2963 = DEFINITIONAL_REPRESENTATION('',(#2964),#2968);
#2964 = LINE('',#2965,#2966);
#2965 = CARTESIAN_POINT('',(-5.329070518201E-16,-3.2));
#2966 = VECTOR('',#2967,1.);
#2967 = DIRECTION('',(1.,0.));
#2968 = ( GEOMETRIC_REPRESENTATION_CONTEXT(2) 
PARAMETRIC_REPRESENTATION_CONTEXT() REPRESENTATION_CONTEXT('2D SPACE',''
  ) );
#2969 = ORIENTED_EDGE('',*,*,#2970,.F.);
#2970 = EDGE_CURVE('',#2892,#2943,#2971,.T.);
#2971 = SURFACE_CURVE('',#2972,(#2996,#3023),.PCURVE_S1.);
#2972 = B_SPLINE_CURVE_WITH_KNOTS('',8,(#2973,#2974,#2975,#2976,#2977,
    #2978,#2979,#2980,#2981,#2982,#2983,#2984,#2985,#2986,#2987,#2988,
    #2989,#2990,#2991,#2992,#2993,#2994,#2995),.UNSPECIFIED.,.F.,.F.,(9,
    7,7,9),(0.,0.238681335228,0.39187345257,1.),.UNSPECIFIED.);
#2973 = CARTESIAN_POINT('',(-10.2,-6.,1.9000001));
#2974 = CARTESIAN_POINT('',(-10.2,-6.190121167121,1.9000001));
#2975 = CARTESIAN_POINT('',(-10.18703083837,-6.380305005,1.9000001));
#2976 = CARTESIAN_POINT('',(-10.16107871423,-6.569406563087,1.9000001));
#2977 = CARTESIAN_POINT('',(-10.12247179383,-6.756450286824,1.9000001));
#2978 = CARTESIAN_POINT('',(-10.07178486005,-6.94061126145,1.9000001));
#2979 = CARTESIAN_POINT('',(-10.0097623148,-7.121199593404,1.9000001));
#2980 = CARTESIAN_POINT('',(-9.937259534613,-7.297647929352,1.9000001));
#2981 = CARTESIAN_POINT('',(-9.802536212222,-7.57980276207,1.9000001));
#2982 = CARTESIAN_POINT('',(-9.74591518724,-7.688249595778,1.9000001));
#2983 = CARTESIAN_POINT('',(-9.685564009353,-7.794754001194,1.9000001));
#2984 = CARTESIAN_POINT('',(-9.621706906205,-7.899251182115,1.9000001));
#2985 = CARTESIAN_POINT('',(-9.55456364718,-8.001697683307,1.9000001));
#2986 = CARTESIAN_POINT('',(-9.484345362736,-8.102068914925,1.9000001));
#2987 = CARTESIAN_POINT('',(-9.411250363727,-8.200356676943,1.9000001));
#2988 = CARTESIAN_POINT('',(-9.034594897306,-8.678491420767,1.9000001));
#2989 = CARTESIAN_POINT('',(-8.692280956782,-9.026379189736,1.9000001));
#2990 = CARTESIAN_POINT('',(-8.318790020119,-9.343027009359,1.9000001));
#2991 = CARTESIAN_POINT('',(-7.921720930192,-9.630322927416,1.9000001));
#2992 = CARTESIAN_POINT('',(-7.507127588463,-9.890504988749,1.9000001));
#2993 = CARTESIAN_POINT('',(-7.079158519071,-10.12573540972,1.9000001));
#2994 = CARTESIAN_POINT('',(-6.640256989968,-10.33823586325,1.9000001));
#2995 = CARTESIAN_POINT('',(-6.190932427456,-10.53,1.9000001));
#2996 = PCURVE('',#510,#2997);
#2997 = DEFINITIONAL_REPRESENTATION('',(#2998),#3022);
#2998 = B_SPLINE_CURVE_WITH_KNOTS('',8,(#2999,#3000,#3001,#3002,#3003,
    #3004,#3005,#3006,#3007,#3008,#3009,#3010,#3011,#3012,#3013,#3014,
    #3015,#3016,#3017,#3018,#3019,#3020,#3021),.UNSPECIFIED.,.F.,.F.,(9,
    7,7,9),(0.,0.238681335228,0.39187345257,1.),.UNSPECIFIED.);
#2999 = CARTESIAN_POINT('',(-2.2,6.));
#3000 = CARTESIAN_POINT('',(-2.2,6.190121167121));
#3001 = CARTESIAN_POINT('',(-2.187030838377,6.380305005));
#3002 = CARTESIAN_POINT('',(-2.161078714235,6.569406563087));
#3003 = CARTESIAN_POINT('',(-2.122471793838,6.756450286824));
#3004 = CARTESIAN_POINT('',(-2.071784860051,6.94061126145));
#3005 = CARTESIAN_POINT('',(-2.009762314808,7.121199593404));
#3006 = CARTESIAN_POINT('',(-1.937259534613,7.297647929352));
#3007 = CARTESIAN_POINT('',(-1.802536212222,7.57980276207));
#3008 = CARTESIAN_POINT('',(-1.74591518724,7.688249595778));
#3009 = CARTESIAN_POINT('',(-1.685564009353,7.794754001194));
#3010 = CARTESIAN_POINT('',(-1.621706906205,7.899251182115));
#3011 = CARTESIAN_POINT('',(-1.55456364718,8.001697683307));
#3012 = CARTESIAN_POINT('',(-1.484345362736,8.102068914925));
#3013 = CARTESIAN_POINT('',(-1.411250363727,8.200356676943));
#3014 = CARTESIAN_POINT('',(-1.034594897306,8.678491420767));
#3015 = CARTESIAN_POINT('',(-0.692280956782,9.026379189736));
#3016 = CARTESIAN_POINT('',(-0.318790020119,9.343027009359));
#3017 = CARTESIAN_POINT('',(7.827906980761E-02,9.630322927416));
#3018 = CARTESIAN_POINT('',(0.492872411537,9.890504988749));
#3019 = CARTESIAN_POINT('',(0.920841480929,10.125735409723));
#3020 = CARTESIAN_POINT('',(1.359743010032,10.338235863252));
#3021 = CARTESIAN_POINT('',(1.809067572544,10.53));
#3022 = ( GEOMETRIC_REPRESENTATION_CONTEXT(2) 
PARAMETRIC_REPRESENTATION_CONTEXT() REPRESENTATION_CONTEXT('2D SPACE',''
  ) );
#3023 = PCURVE('',#1285,#3024);
#3024 = DEFINITIONAL_REPRESENTATION('',(#3025),#3049);
#3025 = B_SPLINE_CURVE_WITH_KNOTS('',8,(#3026,#3027,#3028,#3029,#3030,
    #3031,#3032,#3033,#3034,#3035,#3036,#3037,#3038,#3039,#3040,#3041,
    #3042,#3043,#3044,#3045,#3046,#3047,#3048),.UNSPECIFIED.,.F.,.F.,(9,
    7,7,9),(0.,0.238681335228,0.39187345257,1.),.UNSPECIFIED.);
#3026 = CARTESIAN_POINT('',(3.14159265359,-22.1));
#3027 = CARTESIAN_POINT('',(3.108238062867,-22.1));
#3028 = CARTESIAN_POINT('',(3.074872501097,-22.1));
#3029 = CARTESIAN_POINT('',(3.041640180332,-22.1));
#3030 = CARTESIAN_POINT('',(3.008655741718,-22.1));
#3031 = CARTESIAN_POINT('',(2.976012274507,-22.1));
#3032 = CARTESIAN_POINT('',(2.943787076097,-22.1));
#3033 = CARTESIAN_POINT('',(2.912045153085,-22.1));
#3034 = CARTESIAN_POINT('',(2.860812451984,-22.1));
#3035 = CARTESIAN_POINT('',(2.840998738912,-22.1));
#3036 = CARTESIAN_POINT('',(2.821407723131,-22.1));
#3037 = CARTESIAN_POINT('',(2.802044961328,-22.1));
#3038 = CARTESIAN_POINT('',(2.782913423532,-22.1));
#3039 = CARTESIAN_POINT('',(2.764013748765,-22.1));
#3040 = CARTESIAN_POINT('',(2.7453445007,-22.1));
#3041 = CARTESIAN_POINT('',(2.653692932895,-22.1));
#3042 = CARTESIAN_POINT('',(2.58431136263,-22.1));
#3043 = CARTESIAN_POINT('',(2.518117235146,-22.1));
#3044 = CARTESIAN_POINT('',(2.454768700107,-22.1));
#3045 = CARTESIAN_POINT('',(2.393924940948,-22.1));
#3046 = CARTESIAN_POINT('',(2.335272759398,-22.1));
#3047 = CARTESIAN_POINT('',(2.278447717286,-22.1));
#3048 = CARTESIAN_POINT('',(2.223018768528,-22.1));
#3049 = ( GEOMETRIC_REPRESENTATION_CONTEXT(2) 
PARAMETRIC_REPRESENTATION_CONTEXT() REPRESENTATION_CONTEXT('2D SPACE',''
  ) );
#3050 = ORIENTED_EDGE('',*,*,#2891,.T.);
#3051 = ORIENTED_EDGE('',*,*,#454,.F.);
#3052 = ORIENTED_EDGE('',*,*,#3053,.T.);
#3053 = EDGE_CURVE('',#418,#3054,#3056,.T.);
#3054 = VERTEX_POINT('',#3055);
#3055 = CARTESIAN_POINT('',(-5.,10.53,1.9000001));
#3056 = SURFACE_CURVE('',#3057,(#3061,#3068),.PCURVE_S1.);
#3057 = LINE('',#3058,#3059);
#3058 = CARTESIAN_POINT('',(-11.,10.53,1.9000001));
#3059 = VECTOR('',#3060,1.);
#3060 = DIRECTION('',(1.,0.,1.110223024625E-16));
#3061 = PCURVE('',#510,#3062);
#3062 = DEFINITIONAL_REPRESENTATION('',(#3063),#3067);
#3063 = LINE('',#3064,#3065);
#3064 = CARTESIAN_POINT('',(-3.,-10.53));
#3065 = VECTOR('',#3066,1.);
#3066 = DIRECTION('',(1.,0.));
#3067 = ( GEOMETRIC_REPRESENTATION_CONTEXT(2) 
PARAMETRIC_REPRESENTATION_CONTEXT() REPRESENTATION_CONTEXT('2D SPACE',''
  ) );
#3068 = PCURVE('',#439,#3069);
#3069 = DEFINITIONAL_REPRESENTATION('',(#3070),#3074);
#3070 = LINE('',#3071,#3072);
#3071 = CARTESIAN_POINT('',(-3.552713678801E-16,-3.2));
#3072 = VECTOR('',#3073,1.);
#3073 = DIRECTION('',(1.,0.));
#3074 = ( GEOMETRIC_REPRESENTATION_CONTEXT(2) 
PARAMETRIC_REPRESENTATION_CONTEXT() REPRESENTATION_CONTEXT('2D SPACE',''
  ) );
#3075 = ORIENTED_EDGE('',*,*,#3076,.T.);
#3076 = EDGE_CURVE('',#3054,#3077,#3079,.T.);
#3077 = VERTEX_POINT('',#3078);
#3078 = CARTESIAN_POINT('',(-5.,8.732186624299,1.9000001));
#3079 = SURFACE_CURVE('',#3080,(#3084,#3091),.PCURVE_S1.);
#3080 = LINE('',#3081,#3082);
#3081 = CARTESIAN_POINT('',(-5.,10.53,1.9000001));
#3082 = VECTOR('',#3083,1.);
#3083 = DIRECTION('',(0.,-1.,0.));
#3084 = PCURVE('',#510,#3085);
#3085 = DEFINITIONAL_REPRESENTATION('',(#3086),#3090);
#3086 = LINE('',#3087,#3088);
#3087 = CARTESIAN_POINT('',(3.,-10.53));
#3088 = VECTOR('',#3089,1.);
#3089 = DIRECTION('',(0.,1.));
#3090 = ( GEOMETRIC_REPRESENTATION_CONTEXT(2) 
PARAMETRIC_REPRESENTATION_CONTEXT() REPRESENTATION_CONTEXT('2D SPACE',''
  ) );
#3091 = PCURVE('',#3092,#3097);
#3092 = PLANE('',#3093);
#3093 = AXIS2_PLACEMENT_3D('',#3094,#3095,#3096);
#3094 = CARTESIAN_POINT('',(-5.,10.53,5.1000001));
#3095 = DIRECTION('',(-1.,0.,-1.110223024625E-16));
#3096 = DIRECTION('',(0.,-1.,0.));
#3097 = DEFINITIONAL_REPRESENTATION('',(#3098),#3102);
#3098 = LINE('',#3099,#3100);
#3099 = CARTESIAN_POINT('',(0.,-3.2));
#3100 = VECTOR('',#3101,1.);
#3101 = DIRECTION('',(1.,0.));
#3102 = ( GEOMETRIC_REPRESENTATION_CONTEXT(2) 
PARAMETRIC_REPRESENTATION_CONTEXT() REPRESENTATION_CONTEXT('2D SPACE',''
  ) );
#3103 = ORIENTED_EDGE('',*,*,#3104,.T.);
#3104 = EDGE_CURVE('',#3077,#3105,#3107,.T.);
#3105 = VERTEX_POINT('',#3106);
#3106 = CARTESIAN_POINT('',(-8.,6.,1.9000001));
#3107 = SURFACE_CURVE('',#3108,(#3131,#3157),.PCURVE_S1.);
#3108 = B_SPLINE_CURVE_WITH_KNOTS('',6,(#3109,#3110,#3111,#3112,#3113,
    #3114,#3115,#3116,#3117,#3118,#3119,#3120,#3121,#3122,#3123,#3124,
    #3125,#3126,#3127,#3128,#3129,#3130),.UNSPECIFIED.,.F.,.F.,(7,5,5,5,
    7),(0.,0.337782905588,0.620842547574,0.792498210747,1.),
  .UNSPECIFIED.);
#3109 = CARTESIAN_POINT('',(-5.,8.732186624299,1.9000001));
#3110 = CARTESIAN_POINT('',(-5.230932522389,8.65129550266,1.9000001));
#3111 = CARTESIAN_POINT('',(-5.459389177269,8.563913746089,1.9000001));
#3112 = CARTESIAN_POINT('',(-5.684992151005,8.469493739306,1.9000001));
#3113 = CARTESIAN_POINT('',(-5.90708533403,8.367366206713,1.9000001));
#3114 = CARTESIAN_POINT('',(-6.124742967621,8.256753479127,1.9000001));
#3115 = CARTESIAN_POINT('',(-6.514158403062,8.035684169583,1.9000001));
#3116 = CARTESIAN_POINT('',(-6.687509620489,7.928177565889,1.9000001));
#3117 = CARTESIAN_POINT('',(-6.856012684967,7.813208735281,1.9000001));
#3118 = CARTESIAN_POINT('',(-7.018412164347,7.689974055621,1.9000001));
#3119 = CARTESIAN_POINT('',(-7.172897506504,7.55766596154,1.9000001));
#3120 = CARTESIAN_POINT('',(-7.404158703416,7.328808616925,1.9000001));
#3121 = CARTESIAN_POINT('',(-7.487541173801,7.238727148118,1.9000001));
#3122 = CARTESIAN_POINT('',(-7.566417728695,7.144733091487,1.9000001));
#3123 = CARTESIAN_POINT('',(-7.6399809514,7.046682538392,1.9000001));
#3124 = CARTESIAN_POINT('',(-7.707229917929,6.944535177464,1.9000001));
#3125 = CARTESIAN_POINT('',(-7.839409870243,6.710158571663,1.9000001));
#3126 = CARTESIAN_POINT('',(-7.901008356469,6.575954294845,1.9000001));
#3127 = CARTESIAN_POINT('',(-7.949674433473,6.43640406158,1.9000001));
#3128 = CARTESIAN_POINT('',(-7.983235323564,6.292599967654,1.9000001));
#3129 = CARTESIAN_POINT('',(-8.,6.146259140703,1.9000001));
#3130 = CARTESIAN_POINT('',(-8.,6.,1.9000001));
#3131 = PCURVE('',#510,#3132);
#3132 = DEFINITIONAL_REPRESENTATION('',(#3133),#3156);
#3133 = B_SPLINE_CURVE_WITH_KNOTS('',6,(#3134,#3135,#3136,#3137,#3138,
    #3139,#3140,#3141,#3142,#3143,#3144,#3145,#3146,#3147,#3148,#3149,
    #3150,#3151,#3152,#3153,#3154,#3155),.UNSPECIFIED.,.F.,.F.,(7,5,5,5,
    7),(0.,0.337782905588,0.620842547574,0.792498210747,1.),
  .UNSPECIFIED.);
#3134 = CARTESIAN_POINT('',(3.,-8.732186624299));
#3135 = CARTESIAN_POINT('',(2.769067477611,-8.65129550266));
#3136 = CARTESIAN_POINT('',(2.540610822731,-8.563913746089));
#3137 = CARTESIAN_POINT('',(2.315007848995,-8.469493739306));
#3138 = CARTESIAN_POINT('',(2.09291466597,-8.367366206713));
#3139 = CARTESIAN_POINT('',(1.875257032379,-8.256753479127));
#3140 = CARTESIAN_POINT('',(1.485841596938,-8.035684169583));
#3141 = CARTESIAN_POINT('',(1.312490379511,-7.928177565889));
#3142 = CARTESIAN_POINT('',(1.143987315033,-7.813208735281));
#3143 = CARTESIAN_POINT('',(0.981587835653,-7.689974055621));
#3144 = CARTESIAN_POINT('',(0.827102493496,-7.55766596154));
#3145 = CARTESIAN_POINT('',(0.595841296584,-7.328808616925));
#3146 = CARTESIAN_POINT('',(0.512458826199,-7.238727148118));
#3147 = CARTESIAN_POINT('',(0.433582271305,-7.144733091487));
#3148 = CARTESIAN_POINT('',(0.3600190486,-7.046682538392));
#3149 = CARTESIAN_POINT('',(0.292770082071,-6.944535177464));
#3150 = CARTESIAN_POINT('',(0.160590129757,-6.710158571663));
#3151 = CARTESIAN_POINT('',(9.899164353085E-02,-6.575954294845));
#3152 = CARTESIAN_POINT('',(5.03255665274E-02,-6.43640406158));
#3153 = CARTESIAN_POINT('',(1.676467643591E-02,-6.292599967654));
#3154 = CARTESIAN_POINT('',(-8.881784197001E-16,-6.146259140703));
#3155 = CARTESIAN_POINT('',(-8.881784197001E-16,-6.));
#3156 = ( GEOMETRIC_REPRESENTATION_CONTEXT(2) 
PARAMETRIC_REPRESENTATION_CONTEXT() REPRESENTATION_CONTEXT('2D SPACE',''
  ) );
#3157 = PCURVE('',#898,#3158);
#3158 = DEFINITIONAL_REPRESENTATION('',(#3159),#3182);
#3159 = B_SPLINE_CURVE_WITH_KNOTS('',6,(#3160,#3161,#3162,#3163,#3164,
    #3165,#3166,#3167,#3168,#3169,#3170,#3171,#3172,#3173,#3174,#3175,
    #3176,#3177,#3178,#3179,#3180,#3181),.UNSPECIFIED.,.F.,.F.,(7,5,5,5,
    7),(0.,0.337782905588,0.620842547574,0.792498210747,1.),
  .UNSPECIFIED.);
#3160 = CARTESIAN_POINT('',(4.037257447448,-24.1));
#3161 = CARTESIAN_POINT('',(4.000278648984,-24.1));
#3162 = CARTESIAN_POINT('',(3.96238230548,-24.1));
#3163 = CARTESIAN_POINT('',(3.923417092099,-24.1));
#3164 = CARTESIAN_POINT('',(3.883211942788,-24.1));
#3165 = CARTESIAN_POINT('',(3.841571498437,-24.1));
#3166 = CARTESIAN_POINT('',(3.761828379232,-24.1));
#3167 = CARTESIAN_POINT('',(3.724271547754,-24.1));
#3168 = CARTESIAN_POINT('',(3.685309945102,-24.1));
#3169 = CARTESIAN_POINT('',(3.644740329595,-24.1));
#3170 = CARTESIAN_POINT('',(3.602357838744,-24.1));
#3171 = CARTESIAN_POINT('',(3.530865054059,-24.1));
#3172 = CARTESIAN_POINT('',(3.503110909543,-24.1));
#3173 = CARTESIAN_POINT('',(3.474526640714,-24.1));
#3174 = CARTESIAN_POINT('',(3.445070255123,-24.1));
#3175 = CARTESIAN_POINT('',(3.414721365284,-24.1));
#3176 = CARTESIAN_POINT('',(3.345748400891,-24.1));
#3177 = CARTESIAN_POINT('',(3.306676360161,-24.1));
#3178 = CARTESIAN_POINT('',(3.266411216192,-24.1));
#3179 = CARTESIAN_POINT('',(3.225192558943,-24.1));
#3180 = CARTESIAN_POINT('',(3.183380979505,-24.1));
#3181 = CARTESIAN_POINT('',(3.14159265359,-24.1));
#3182 = ( GEOMETRIC_REPRESENTATION_CONTEXT(2) 
PARAMETRIC_REPRESENTATION_CONTEXT() REPRESENTATION_CONTEXT('2D SPACE',''
  ) );
#3183 = ORIENTED_EDGE('',*,*,#3184,.F.);
#3184 = EDGE_CURVE('',#3185,#3105,#3187,.T.);
#3185 = VERTEX_POINT('',#3186);
#3186 = CARTESIAN_POINT('',(-8.,-6.,1.9000001));
#3187 = SURFACE_CURVE('',#3188,(#3192,#3199),.PCURVE_S1.);
#3188 = LINE('',#3189,#3190);
#3189 = CARTESIAN_POINT('',(-8.,-3.,1.9000001));
#3190 = VECTOR('',#3191,1.);
#3191 = DIRECTION('',(0.,1.,0.));
#3192 = PCURVE('',#510,#3193);
#3193 = DEFINITIONAL_REPRESENTATION('',(#3194),#3198);
#3194 = LINE('',#3195,#3196);
#3195 = CARTESIAN_POINT('',(-8.881784197001E-16,3.));
#3196 = VECTOR('',#3197,1.);
#3197 = DIRECTION('',(0.,-1.));
#3198 = ( GEOMETRIC_REPRESENTATION_CONTEXT(2) 
PARAMETRIC_REPRESENTATION_CONTEXT() REPRESENTATION_CONTEXT('2D SPACE',''
  ) );
#3199 = PCURVE('',#2662,#3200);
#3200 = DEFINITIONAL_REPRESENTATION('',(#3201),#3205);
#3201 = LINE('',#3202,#3203);
#3202 = CARTESIAN_POINT('',(3.,-24.1));
#3203 = VECTOR('',#3204,1.);
#3204 = DIRECTION('',(1.,0.));
#3205 = ( GEOMETRIC_REPRESENTATION_CONTEXT(2) 
PARAMETRIC_REPRESENTATION_CONTEXT() REPRESENTATION_CONTEXT('2D SPACE',''
  ) );
#3206 = ORIENTED_EDGE('',*,*,#3207,.T.);
#3207 = EDGE_CURVE('',#3185,#3208,#3210,.T.);
#3208 = VERTEX_POINT('',#3209);
#3209 = CARTESIAN_POINT('',(-5.,-8.732186624299,1.9000001));
#3210 = SURFACE_CURVE('',#3211,(#3239,#3270),.PCURVE_S1.);
#3211 = B_SPLINE_CURVE_WITH_KNOTS('',6,(#3212,#3213,#3214,#3215,#3216,
    #3217,#3218,#3219,#3220,#3221,#3222,#3223,#3224,#3225,#3226,#3227,
    #3228,#3229,#3230,#3231,#3232,#3233,#3234,#3235,#3236,#3237,#3238),
  .UNSPECIFIED.,.F.,.F.,(7,5,5,5,5,7),(0.,0.179093933348,0.301853997553,
    0.546282957023,0.8420071473,1.),.UNSPECIFIED.);
#3212 = CARTESIAN_POINT('',(-8.,-6.,1.9000001));
#3213 = CARTESIAN_POINT('',(-8.,-6.126203025231,1.9000001));
#3214 = CARTESIAN_POINT('',(-7.987518143031,-6.252466429234,1.9000001));
#3215 = CARTESIAN_POINT('',(-7.962532875084,-6.377131822344,1.9000001));
#3216 = CARTESIAN_POINT('',(-7.925966710094,-6.499002687632,1.9000001));
#3217 = CARTESIAN_POINT('',(-7.879126187575,-6.617234579295,1.9000001));
#3218 = CARTESIAN_POINT('',(-7.785260961592,-6.809445126544,1.9000001));
#3219 = CARTESIAN_POINT('',(-7.742906407891,-6.885690017448,1.9000001));
#3220 = CARTESIAN_POINT('',(-7.696790224158,-6.959894461159,1.9000001));
#3221 = CARTESIAN_POINT('',(-7.647320252622,-7.032011841132,1.9000001));
#3222 = CARTESIAN_POINT('',(-7.594866170301,-7.102049140086,1.9000001));
#3223 = CARTESIAN_POINT('',(-7.429955665476,-7.305451256994,1.9000001));
#3224 = CARTESIAN_POINT('',(-7.309634328629,-7.432689141802,1.9000001));
#3225 = CARTESIAN_POINT('',(-7.181103147476,-7.552280058075,1.9000001));
#3226 = CARTESIAN_POINT('',(-7.046127966971,-7.664753354285,1.9000001));
#3227 = CARTESIAN_POINT('',(-6.905969065648,-7.770702564278,1.9000001));
#3228 = CARTESIAN_POINT('',(-6.586378160779,-7.991792105865,1.9000001));
#3229 = CARTESIAN_POINT('',(-6.405030161431,-8.10409062556,1.9000001));
#3230 = CARTESIAN_POINT('',(-6.218760964953,-8.208663368052,1.9000001));
#3231 = CARTESIAN_POINT('',(-6.0285800284,-8.306211281334,1.9000001));
#3232 = CARTESIAN_POINT('',(-5.835205640127,-8.397358085571,1.9000001));
#3233 = CARTESIAN_POINT('',(-5.534259800131,-8.528197210579,1.9000001));
#3234 = CARTESIAN_POINT('',(-5.428687073176,-8.572076651273,1.9000001));
#3235 = CARTESIAN_POINT('',(-5.322413651149,-8.614351764713,1.9000001));
#3236 = CARTESIAN_POINT('',(-5.215505505778,-8.655089638338,1.9000001));
#3237 = CARTESIAN_POINT('',(-5.108018615351,-8.694349827372,1.9000001));
#3238 = CARTESIAN_POINT('',(-5.,-8.732186624299,1.9000001));
#3239 = PCURVE('',#510,#3240);
#3240 = DEFINITIONAL_REPRESENTATION('',(#3241),#3269);
#3241 = B_SPLINE_CURVE_WITH_KNOTS('',6,(#3242,#3243,#3244,#3245,#3246,
    #3247,#3248,#3249,#3250,#3251,#3252,#3253,#3254,#3255,#3256,#3257,
    #3258,#3259,#3260,#3261,#3262,#3263,#3264,#3265,#3266,#3267,#3268),
  .UNSPECIFIED.,.F.,.F.,(7,5,5,5,5,7),(0.,0.179093933348,0.301853997553,
    0.546282957023,0.8420071473,1.),.UNSPECIFIED.);
#3242 = CARTESIAN_POINT('',(-8.881784197001E-16,6.));
#3243 = CARTESIAN_POINT('',(-8.881784197001E-16,6.126203025231));
#3244 = CARTESIAN_POINT('',(1.248185696867E-02,6.252466429234));
#3245 = CARTESIAN_POINT('',(3.746712491578E-02,6.377131822344));
#3246 = CARTESIAN_POINT('',(7.403328990586E-02,6.499002687632));
#3247 = CARTESIAN_POINT('',(0.120873812425,6.617234579295));
#3248 = CARTESIAN_POINT('',(0.214739038408,6.809445126544));
#3249 = CARTESIAN_POINT('',(0.257093592109,6.885690017448));
#3250 = CARTESIAN_POINT('',(0.303209775842,6.959894461159));
#3251 = CARTESIAN_POINT('',(0.352679747378,7.032011841132));
#3252 = CARTESIAN_POINT('',(0.405133829699,7.102049140086));
#3253 = CARTESIAN_POINT('',(0.570044334524,7.305451256994));
#3254 = CARTESIAN_POINT('',(0.690365671371,7.432689141802));
#3255 = CARTESIAN_POINT('',(0.818896852524,7.552280058075));
#3256 = CARTESIAN_POINT('',(0.953872033029,7.664753354285));
#3257 = CARTESIAN_POINT('',(1.094030934352,7.770702564278));
#3258 = CARTESIAN_POINT('',(1.413621839221,7.991792105865));
#3259 = CARTESIAN_POINT('',(1.594969838569,8.10409062556));
#3260 = CARTESIAN_POINT('',(1.781239035047,8.208663368052));
#3261 = CARTESIAN_POINT('',(1.9714199716,8.306211281334));
#3262 = CARTESIAN_POINT('',(2.164794359873,8.397358085571));
#3263 = CARTESIAN_POINT('',(2.465740199869,8.528197210579));
#3264 = CARTESIAN_POINT('',(2.571312926824,8.572076651273));
#3265 = CARTESIAN_POINT('',(2.677586348851,8.614351764713));
#3266 = CARTESIAN_POINT('',(2.784494494222,8.655089638338));
#3267 = CARTESIAN_POINT('',(2.891981384649,8.694349827372));
#3268 = CARTESIAN_POINT('',(3.,8.732186624299));
#3269 = ( GEOMETRIC_REPRESENTATION_CONTEXT(2) 
PARAMETRIC_REPRESENTATION_CONTEXT() REPRESENTATION_CONTEXT('2D SPACE',''
  ) );
#3270 = PCURVE('',#1186,#3271);
#3271 = DEFINITIONAL_REPRESENTATION('',(#3272),#3300);
#3272 = B_SPLINE_CURVE_WITH_KNOTS('',6,(#3273,#3274,#3275,#3276,#3277,
    #3278,#3279,#3280,#3281,#3282,#3283,#3284,#3285,#3286,#3287,#3288,
    #3289,#3290,#3291,#3292,#3293,#3294,#3295,#3296,#3297,#3298,#3299),
  .UNSPECIFIED.,.F.,.F.,(7,5,5,5,5,7),(0.,0.179093933348,0.301853997553,
    0.546282957023,0.8420071473,1.),.UNSPECIFIED.);
#3273 = CARTESIAN_POINT('',(3.14159265359,-24.1));
#3274 = CARTESIAN_POINT('',(3.105534646381,-24.1));
#3275 = CARTESIAN_POINT('',(3.069459414672,-24.1));
#3276 = CARTESIAN_POINT('',(3.033756213915,-24.1));
#3277 = CARTESIAN_POINT('',(2.998682744562,-24.1));
#3278 = CARTESIAN_POINT('',(2.964424460884,-24.1));
#3279 = CARTESIAN_POINT('',(2.908267745897,-24.1));
#3280 = CARTESIAN_POINT('',(2.88585813365,-24.1));
#3281 = CARTESIAN_POINT('',(2.863898864349,-24.1));
#3282 = CARTESIAN_POINT('',(2.842396442908,-24.1));
#3283 = CARTESIAN_POINT('',(2.821345113745,-24.1));
#3284 = CARTESIAN_POINT('',(2.759682566006,-24.1));
#3285 = CARTESIAN_POINT('',(2.72039247927,-24.1));
#3286 = CARTESIAN_POINT('',(2.682694129191,-24.1));
#3287 = CARTESIAN_POINT('',(2.646446910915,-24.1));
#3288 = CARTESIAN_POINT('',(2.611498249212,-24.1));
#3289 = CARTESIAN_POINT('',(2.536757607437,-24.1));
#3290 = CARTESIAN_POINT('',(2.497523760102,-24.1));
#3291 = CARTESIAN_POINT('',(2.459703749553,-24.1));
#3292 = CARTESIAN_POINT('',(2.423121586095,-24.1));
#3293 = CARTESIAN_POINT('',(2.387619366254,-24.1));
#3294 = CARTESIAN_POINT('',(2.334585504003,-24.1));
#3295 = CARTESIAN_POINT('',(2.316387739954,-24.1));
#3296 = CARTESIAN_POINT('',(2.298439630357,-24.1));
#3297 = CARTESIAN_POINT('',(2.280723790779,-24.1));
#3298 = CARTESIAN_POINT('',(2.263224681185,-24.1));
#3299 = CARTESIAN_POINT('',(2.245927859732,-24.1));
#3300 = ( GEOMETRIC_REPRESENTATION_CONTEXT(2) 
PARAMETRIC_REPRESENTATION_CONTEXT() REPRESENTATION_CONTEXT('2D SPACE',''
  ) );
#3301 = ORIENTED_EDGE('',*,*,#3302,.T.);
#3302 = EDGE_CURVE('',#3208,#2941,#3303,.T.);
#3303 = SURFACE_CURVE('',#3304,(#3308,#3315),.PCURVE_S1.);
#3304 = LINE('',#3305,#3306);
#3305 = CARTESIAN_POINT('',(-5.,10.53,1.9000001));
#3306 = VECTOR('',#3307,1.);
#3307 = DIRECTION('',(0.,-1.,0.));
#3308 = PCURVE('',#510,#3309);
#3309 = DEFINITIONAL_REPRESENTATION('',(#3310),#3314);
#3310 = LINE('',#3311,#3312);
#3311 = CARTESIAN_POINT('',(3.,-10.53));
#3312 = VECTOR('',#3313,1.);
#3313 = DIRECTION('',(0.,1.));
#3314 = ( GEOMETRIC_REPRESENTATION_CONTEXT(2) 
PARAMETRIC_REPRESENTATION_CONTEXT() REPRESENTATION_CONTEXT('2D SPACE',''
  ) );
#3315 = PCURVE('',#3316,#3321);
#3316 = PLANE('',#3317);
#3317 = AXIS2_PLACEMENT_3D('',#3318,#3319,#3320);
#3318 = CARTESIAN_POINT('',(-5.,10.53,5.1000001));
#3319 = DIRECTION('',(-1.,0.,-1.110223024625E-16));
#3320 = DIRECTION('',(0.,-1.,0.));
#3321 = DEFINITIONAL_REPRESENTATION('',(#3322),#3326);
#3322 = LINE('',#3323,#3324);
#3323 = CARTESIAN_POINT('',(0.,-3.2));
#3324 = VECTOR('',#3325,1.);
#3325 = DIRECTION('',(1.,0.));
#3326 = ( GEOMETRIC_REPRESENTATION_CONTEXT(2) 
PARAMETRIC_REPRESENTATION_CONTEXT() REPRESENTATION_CONTEXT('2D SPACE',''
  ) );
#3327 = ADVANCED_FACE('',(#3328),#439,.T.);
#3328 = FACE_BOUND('',#3329,.T.);
#3329 = EDGE_LOOP('',(#3330,#3353,#3354,#3355));
#3330 = ORIENTED_EDGE('',*,*,#3331,.F.);
#3331 = EDGE_CURVE('',#330,#3332,#3334,.T.);
#3332 = VERTEX_POINT('',#3333);
#3333 = CARTESIAN_POINT('',(-5.,10.53,5.1000001));
#3334 = SURFACE_CURVE('',#3335,(#3339,#3346),.PCURVE_S1.);
#3335 = LINE('',#3336,#3337);
#3336 = CARTESIAN_POINT('',(-11.,10.53,5.1000001));
#3337 = VECTOR('',#3338,1.);
#3338 = DIRECTION('',(1.,0.,1.110223024625E-16));
#3339 = PCURVE('',#439,#3340);
#3340 = DEFINITIONAL_REPRESENTATION('',(#3341),#3345);
#3341 = LINE('',#3342,#3343);
#3342 = CARTESIAN_POINT('',(0.,0.));
#3343 = VECTOR('',#3344,1.);
#3344 = DIRECTION('',(1.,0.));
#3345 = ( GEOMETRIC_REPRESENTATION_CONTEXT(2) 
PARAMETRIC_REPRESENTATION_CONTEXT() REPRESENTATION_CONTEXT('2D SPACE',''
  ) );
#3346 = PCURVE('',#385,#3347);
#3347 = DEFINITIONAL_REPRESENTATION('',(#3348),#3352);
#3348 = LINE('',#3349,#3350);
#3349 = CARTESIAN_POINT('',(-3.,-10.53));
#3350 = VECTOR('',#3351,1.);
#3351 = DIRECTION('',(1.,0.));
#3352 = ( GEOMETRIC_REPRESENTATION_CONTEXT(2) 
PARAMETRIC_REPRESENTATION_CONTEXT() REPRESENTATION_CONTEXT('2D SPACE',''
  ) );
#3353 = ORIENTED_EDGE('',*,*,#417,.F.);
#3354 = ORIENTED_EDGE('',*,*,#3053,.T.);
#3355 = ORIENTED_EDGE('',*,*,#3356,.F.);
#3356 = EDGE_CURVE('',#3332,#3054,#3357,.T.);
#3357 = SURFACE_CURVE('',#3358,(#3362,#3369),.PCURVE_S1.);
#3358 = LINE('',#3359,#3360);
#3359 = CARTESIAN_POINT('',(-5.,10.53,5.1000001));
#3360 = VECTOR('',#3361,1.);
#3361 = DIRECTION('',(1.110223024625E-16,0.,-1.));
#3362 = PCURVE('',#439,#3363);
#3363 = DEFINITIONAL_REPRESENTATION('',(#3364),#3368);
#3364 = LINE('',#3365,#3366);
#3365 = CARTESIAN_POINT('',(6.,-6.661338147751E-16));
#3366 = VECTOR('',#3367,1.);
#3367 = DIRECTION('',(0.,-1.));
#3368 = ( GEOMETRIC_REPRESENTATION_CONTEXT(2) 
PARAMETRIC_REPRESENTATION_CONTEXT() REPRESENTATION_CONTEXT('2D SPACE',''
  ) );
#3369 = PCURVE('',#3092,#3370);
#3370 = DEFINITIONAL_REPRESENTATION('',(#3371),#3375);
#3371 = LINE('',#3372,#3373);
#3372 = CARTESIAN_POINT('',(0.,0.));
#3373 = VECTOR('',#3374,1.);
#3374 = DIRECTION('',(0.,-1.));
#3375 = ( GEOMETRIC_REPRESENTATION_CONTEXT(2) 
PARAMETRIC_REPRESENTATION_CONTEXT() REPRESENTATION_CONTEXT('2D SPACE',''
  ) );
#3376 = ADVANCED_FACE('',(#3377),#385,.T.);
#3377 = FACE_BOUND('',#3378,.T.);
#3378 = EDGE_LOOP('',(#3379,#3404,#3487,#3508,#3509,#3510,#3533,#3613,
    #3641,#3669,#3697,#3725,#3753,#3848));
#3379 = ORIENTED_EDGE('',*,*,#3380,.T.);
#3380 = EDGE_CURVE('',#3381,#3383,#3385,.T.);
#3381 = VERTEX_POINT('',#3382);
#3382 = CARTESIAN_POINT('',(-5.,-10.53,5.1000001));
#3383 = VERTEX_POINT('',#3384);
#3384 = CARTESIAN_POINT('',(-6.190932427456,-10.53,5.1000001));
#3385 = SURFACE_CURVE('',#3386,(#3390,#3397),.PCURVE_S1.);
#3386 = LINE('',#3387,#3388);
#3387 = CARTESIAN_POINT('',(-5.,-10.53,5.1000001));
#3388 = VECTOR('',#3389,1.);
#3389 = DIRECTION('',(-1.,0.,-1.110223024625E-16));
#3390 = PCURVE('',#385,#3391);
#3391 = DEFINITIONAL_REPRESENTATION('',(#3392),#3396);
#3392 = LINE('',#3393,#3394);
#3393 = CARTESIAN_POINT('',(3.,10.53));
#3394 = VECTOR('',#3395,1.);
#3395 = DIRECTION('',(-1.,-0.));
#3396 = ( GEOMETRIC_REPRESENTATION_CONTEXT(2) 
PARAMETRIC_REPRESENTATION_CONTEXT() REPRESENTATION_CONTEXT('2D SPACE',''
  ) );
#3397 = PCURVE('',#2958,#3398);
#3398 = DEFINITIONAL_REPRESENTATION('',(#3399),#3403);
#3399 = LINE('',#3400,#3401);
#3400 = CARTESIAN_POINT('',(0.,0.));
#3401 = VECTOR('',#3402,1.);
#3402 = DIRECTION('',(1.,0.));
#3403 = ( GEOMETRIC_REPRESENTATION_CONTEXT(2) 
PARAMETRIC_REPRESENTATION_CONTEXT() REPRESENTATION_CONTEXT('2D SPACE',''
  ) );
#3404 = ORIENTED_EDGE('',*,*,#3405,.F.);
#3405 = EDGE_CURVE('',#3406,#3383,#3408,.T.);
#3406 = VERTEX_POINT('',#3407);
#3407 = CARTESIAN_POINT('',(-10.2,-6.,5.1000001));
#3408 = SURFACE_CURVE('',#3409,(#3433,#3460),.PCURVE_S1.);
#3409 = B_SPLINE_CURVE_WITH_KNOTS('',8,(#3410,#3411,#3412,#3413,#3414,
    #3415,#3416,#3417,#3418,#3419,#3420,#3421,#3422,#3423,#3424,#3425,
    #3426,#3427,#3428,#3429,#3430,#3431,#3432),.UNSPECIFIED.,.F.,.F.,(9,
    7,7,9),(0.,0.238681335228,0.39187345257,1.),.UNSPECIFIED.);
#3410 = CARTESIAN_POINT('',(-10.2,-6.,5.1000001));
#3411 = CARTESIAN_POINT('',(-10.2,-6.190121167121,5.1000001));
#3412 = CARTESIAN_POINT('',(-10.18703083837,-6.380305005,5.1000001));
#3413 = CARTESIAN_POINT('',(-10.16107871423,-6.569406563087,5.1000001));
#3414 = CARTESIAN_POINT('',(-10.12247179383,-6.756450286824,5.1000001));
#3415 = CARTESIAN_POINT('',(-10.07178486005,-6.94061126145,5.1000001));
#3416 = CARTESIAN_POINT('',(-10.0097623148,-7.121199593404,5.1000001));
#3417 = CARTESIAN_POINT('',(-9.937259534613,-7.297647929352,5.1000001));
#3418 = CARTESIAN_POINT('',(-9.802536212222,-7.57980276207,5.1000001));
#3419 = CARTESIAN_POINT('',(-9.74591518724,-7.688249595778,5.1000001));
#3420 = CARTESIAN_POINT('',(-9.685564009353,-7.794754001194,5.1000001));
#3421 = CARTESIAN_POINT('',(-9.621706906205,-7.899251182115,5.1000001));
#3422 = CARTESIAN_POINT('',(-9.55456364718,-8.001697683307,5.1000001));
#3423 = CARTESIAN_POINT('',(-9.484345362736,-8.102068914925,5.1000001));
#3424 = CARTESIAN_POINT('',(-9.411250363727,-8.200356676943,5.1000001));
#3425 = CARTESIAN_POINT('',(-9.034594897306,-8.678491420767,5.1000001));
#3426 = CARTESIAN_POINT('',(-8.692280956782,-9.026379189736,5.1000001));
#3427 = CARTESIAN_POINT('',(-8.318790020119,-9.343027009359,5.1000001));
#3428 = CARTESIAN_POINT('',(-7.921720930192,-9.630322927416,5.1000001));
#3429 = CARTESIAN_POINT('',(-7.507127588463,-9.890504988749,5.1000001));
#3430 = CARTESIAN_POINT('',(-7.079158519071,-10.12573540972,5.1000001));
#3431 = CARTESIAN_POINT('',(-6.640256989968,-10.33823586325,5.1000001));
#3432 = CARTESIAN_POINT('',(-6.190932427456,-10.53,5.1000001));
#3433 = PCURVE('',#385,#3434);
#3434 = DEFINITIONAL_REPRESENTATION('',(#3435),#3459);
#3435 = B_SPLINE_CURVE_WITH_KNOTS('',8,(#3436,#3437,#3438,#3439,#3440,
    #3441,#3442,#3443,#3444,#3445,#3446,#3447,#3448,#3449,#3450,#3451,
    #3452,#3453,#3454,#3455,#3456,#3457,#3458),.UNSPECIFIED.,.F.,.F.,(9,
    7,7,9),(0.,0.238681335228,0.39187345257,1.),.UNSPECIFIED.);
#3436 = CARTESIAN_POINT('',(-2.2,6.));
#3437 = CARTESIAN_POINT('',(-2.2,6.190121167121));
#3438 = CARTESIAN_POINT('',(-2.187030838377,6.380305005));
#3439 = CARTESIAN_POINT('',(-2.161078714235,6.569406563087));
#3440 = CARTESIAN_POINT('',(-2.122471793838,6.756450286824));
#3441 = CARTESIAN_POINT('',(-2.071784860051,6.94061126145));
#3442 = CARTESIAN_POINT('',(-2.009762314808,7.121199593404));
#3443 = CARTESIAN_POINT('',(-1.937259534613,7.297647929352));
#3444 = CARTESIAN_POINT('',(-1.802536212222,7.57980276207));
#3445 = CARTESIAN_POINT('',(-1.74591518724,7.688249595778));
#3446 = CARTESIAN_POINT('',(-1.685564009353,7.794754001194));
#3447 = CARTESIAN_POINT('',(-1.621706906205,7.899251182115));
#3448 = CARTESIAN_POINT('',(-1.55456364718,8.001697683307));
#3449 = CARTESIAN_POINT('',(-1.484345362736,8.102068914925));
#3450 = CARTESIAN_POINT('',(-1.411250363727,8.200356676943));
#3451 = CARTESIAN_POINT('',(-1.034594897306,8.678491420767));
#3452 = CARTESIAN_POINT('',(-0.692280956782,9.026379189736));
#3453 = CARTESIAN_POINT('',(-0.318790020119,9.343027009359));
#3454 = CARTESIAN_POINT('',(7.827906980761E-02,9.630322927416));
#3455 = CARTESIAN_POINT('',(0.492872411537,9.890504988749));
#3456 = CARTESIAN_POINT('',(0.920841480929,10.125735409723));
#3457 = CARTESIAN_POINT('',(1.359743010032,10.338235863252));
#3458 = CARTESIAN_POINT('',(1.809067572544,10.53));
#3459 = ( GEOMETRIC_REPRESENTATION_CONTEXT(2) 
PARAMETRIC_REPRESENTATION_CONTEXT() REPRESENTATION_CONTEXT('2D SPACE',''
  ) );
#3460 = PCURVE('',#1285,#3461);
#3461 = DEFINITIONAL_REPRESENTATION('',(#3462),#3486);
#3462 = B_SPLINE_CURVE_WITH_KNOTS('',8,(#3463,#3464,#3465,#3466,#3467,
    #3468,#3469,#3470,#3471,#3472,#3473,#3474,#3475,#3476,#3477,#3478,
    #3479,#3480,#3481,#3482,#3483,#3484,#3485),.UNSPECIFIED.,.F.,.F.,(9,
    7,7,9),(0.,0.238681335228,0.39187345257,1.),.UNSPECIFIED.);
#3463 = CARTESIAN_POINT('',(3.14159265359,-18.9));
#3464 = CARTESIAN_POINT('',(3.108238062867,-18.9));
#3465 = CARTESIAN_POINT('',(3.074872501097,-18.9));
#3466 = CARTESIAN_POINT('',(3.041640180332,-18.9));
#3467 = CARTESIAN_POINT('',(3.008655741718,-18.9));
#3468 = CARTESIAN_POINT('',(2.976012274507,-18.9));
#3469 = CARTESIAN_POINT('',(2.943787076097,-18.9));
#3470 = CARTESIAN_POINT('',(2.912045153085,-18.9));
#3471 = CARTESIAN_POINT('',(2.860812451984,-18.9));
#3472 = CARTESIAN_POINT('',(2.840998738912,-18.9));
#3473 = CARTESIAN_POINT('',(2.821407723131,-18.9));
#3474 = CARTESIAN_POINT('',(2.802044961328,-18.9));
#3475 = CARTESIAN_POINT('',(2.782913423532,-18.9));
#3476 = CARTESIAN_POINT('',(2.764013748765,-18.9));
#3477 = CARTESIAN_POINT('',(2.7453445007,-18.9));
#3478 = CARTESIAN_POINT('',(2.653692932895,-18.9));
#3479 = CARTESIAN_POINT('',(2.58431136263,-18.9));
#3480 = CARTESIAN_POINT('',(2.518117235146,-18.9));
#3481 = CARTESIAN_POINT('',(2.454768700107,-18.9));
#3482 = CARTESIAN_POINT('',(2.393924940948,-18.9));
#3483 = CARTESIAN_POINT('',(2.335272759398,-18.9));
#3484 = CARTESIAN_POINT('',(2.278447717286,-18.9));
#3485 = CARTESIAN_POINT('',(2.223018768528,-18.9));
#3486 = ( GEOMETRIC_REPRESENTATION_CONTEXT(2) 
PARAMETRIC_REPRESENTATION_CONTEXT() REPRESENTATION_CONTEXT('2D SPACE',''
  ) );
#3487 = ORIENTED_EDGE('',*,*,#3488,.T.);
#3488 = EDGE_CURVE('',#3406,#302,#3489,.T.);
#3489 = SURFACE_CURVE('',#3490,(#3494,#3501),.PCURVE_S1.);
#3490 = LINE('',#3491,#3492);
#3491 = CARTESIAN_POINT('',(-10.2,-3.,5.1000001));
#3492 = VECTOR('',#3493,1.);
#3493 = DIRECTION('',(0.,1.,0.));
#3494 = PCURVE('',#385,#3495);
#3495 = DEFINITIONAL_REPRESENTATION('',(#3496),#3500);
#3496 = LINE('',#3497,#3498);
#3497 = CARTESIAN_POINT('',(-2.2,3.));
#3498 = VECTOR('',#3499,1.);
#3499 = DIRECTION('',(0.,-1.));
#3500 = ( GEOMETRIC_REPRESENTATION_CONTEXT(2) 
PARAMETRIC_REPRESENTATION_CONTEXT() REPRESENTATION_CONTEXT('2D SPACE',''
  ) );
#3501 = PCURVE('',#317,#3502);
#3502 = DEFINITIONAL_REPRESENTATION('',(#3503),#3507);
#3503 = LINE('',#3504,#3505);
#3504 = CARTESIAN_POINT('',(3.,-18.9));
#3505 = VECTOR('',#3506,1.);
#3506 = DIRECTION('',(1.,0.));
#3507 = ( GEOMETRIC_REPRESENTATION_CONTEXT(2) 
PARAMETRIC_REPRESENTATION_CONTEXT() REPRESENTATION_CONTEXT('2D SPACE',''
  ) );
#3508 = ORIENTED_EDGE('',*,*,#329,.F.);
#3509 = ORIENTED_EDGE('',*,*,#3331,.T.);
#3510 = ORIENTED_EDGE('',*,*,#3511,.T.);
#3511 = EDGE_CURVE('',#3332,#3512,#3514,.T.);
#3512 = VERTEX_POINT('',#3513);
#3513 = CARTESIAN_POINT('',(-5.,8.732186624299,5.1000001));
#3514 = SURFACE_CURVE('',#3515,(#3519,#3526),.PCURVE_S1.);
#3515 = LINE('',#3516,#3517);
#3516 = CARTESIAN_POINT('',(-5.,10.53,5.1000001));
#3517 = VECTOR('',#3518,1.);
#3518 = DIRECTION('',(0.,-1.,0.));
#3519 = PCURVE('',#385,#3520);
#3520 = DEFINITIONAL_REPRESENTATION('',(#3521),#3525);
#3521 = LINE('',#3522,#3523);
#3522 = CARTESIAN_POINT('',(3.,-10.53));
#3523 = VECTOR('',#3524,1.);
#3524 = DIRECTION('',(0.,1.));
#3525 = ( GEOMETRIC_REPRESENTATION_CONTEXT(2) 
PARAMETRIC_REPRESENTATION_CONTEXT() REPRESENTATION_CONTEXT('2D SPACE',''
  ) );
#3526 = PCURVE('',#3092,#3527);
#3527 = DEFINITIONAL_REPRESENTATION('',(#3528),#3532);
#3528 = LINE('',#3529,#3530);
#3529 = CARTESIAN_POINT('',(0.,0.));
#3530 = VECTOR('',#3531,1.);
#3531 = DIRECTION('',(1.,0.));
#3532 = ( GEOMETRIC_REPRESENTATION_CONTEXT(2) 
PARAMETRIC_REPRESENTATION_CONTEXT() REPRESENTATION_CONTEXT('2D SPACE',''
  ) );
#3533 = ORIENTED_EDGE('',*,*,#3534,.T.);
#3534 = EDGE_CURVE('',#3512,#3535,#3537,.T.);
#3535 = VERTEX_POINT('',#3536);
#3536 = CARTESIAN_POINT('',(-8.,6.,5.1000001));
#3537 = SURFACE_CURVE('',#3538,(#3561,#3587),.PCURVE_S1.);
#3538 = B_SPLINE_CURVE_WITH_KNOTS('',6,(#3539,#3540,#3541,#3542,#3543,
    #3544,#3545,#3546,#3547,#3548,#3549,#3550,#3551,#3552,#3553,#3554,
    #3555,#3556,#3557,#3558,#3559,#3560),.UNSPECIFIED.,.F.,.F.,(7,5,5,5,
    7),(0.,0.337782905588,0.620842547574,0.792498210747,1.),
  .UNSPECIFIED.);
#3539 = CARTESIAN_POINT('',(-5.,8.732186624299,5.1000001));
#3540 = CARTESIAN_POINT('',(-5.230932522389,8.65129550266,5.1000001));
#3541 = CARTESIAN_POINT('',(-5.459389177269,8.563913746089,5.1000001));
#3542 = CARTESIAN_POINT('',(-5.684992151005,8.469493739306,5.1000001));
#3543 = CARTESIAN_POINT('',(-5.90708533403,8.367366206713,5.1000001));
#3544 = CARTESIAN_POINT('',(-6.124742967621,8.256753479127,5.1000001));
#3545 = CARTESIAN_POINT('',(-6.514158403062,8.035684169583,5.1000001));
#3546 = CARTESIAN_POINT('',(-6.687509620489,7.928177565889,5.1000001));
#3547 = CARTESIAN_POINT('',(-6.856012684967,7.813208735281,5.1000001));
#3548 = CARTESIAN_POINT('',(-7.018412164347,7.689974055621,5.1000001));
#3549 = CARTESIAN_POINT('',(-7.172897506504,7.55766596154,5.1000001));
#3550 = CARTESIAN_POINT('',(-7.404158703416,7.328808616925,5.1000001));
#3551 = CARTESIAN_POINT('',(-7.487541173801,7.238727148118,5.1000001));
#3552 = CARTESIAN_POINT('',(-7.566417728695,7.144733091487,5.1000001));
#3553 = CARTESIAN_POINT('',(-7.6399809514,7.046682538392,5.1000001));
#3554 = CARTESIAN_POINT('',(-7.707229917929,6.944535177464,5.1000001));
#3555 = CARTESIAN_POINT('',(-7.839409870243,6.710158571663,5.1000001));
#3556 = CARTESIAN_POINT('',(-7.901008356469,6.575954294845,5.1000001));
#3557 = CARTESIAN_POINT('',(-7.949674433473,6.43640406158,5.1000001));
#3558 = CARTESIAN_POINT('',(-7.983235323564,6.292599967654,5.1000001));
#3559 = CARTESIAN_POINT('',(-8.,6.146259140703,5.1000001));
#3560 = CARTESIAN_POINT('',(-8.,6.,5.1000001));
#3561 = PCURVE('',#385,#3562);
#3562 = DEFINITIONAL_REPRESENTATION('',(#3563),#3586);
#3563 = B_SPLINE_CURVE_WITH_KNOTS('',6,(#3564,#3565,#3566,#3567,#3568,
    #3569,#3570,#3571,#3572,#3573,#3574,#3575,#3576,#3577,#3578,#3579,
    #3580,#3581,#3582,#3583,#3584,#3585),.UNSPECIFIED.,.F.,.F.,(7,5,5,5,
    7),(0.,0.337782905588,0.620842547574,0.792498210747,1.),
  .UNSPECIFIED.);
#3564 = CARTESIAN_POINT('',(3.,-8.732186624299));
#3565 = CARTESIAN_POINT('',(2.769067477611,-8.65129550266));
#3566 = CARTESIAN_POINT('',(2.540610822731,-8.563913746089));
#3567 = CARTESIAN_POINT('',(2.315007848995,-8.469493739306));
#3568 = CARTESIAN_POINT('',(2.09291466597,-8.367366206713));
#3569 = CARTESIAN_POINT('',(1.875257032379,-8.256753479127));
#3570 = CARTESIAN_POINT('',(1.485841596938,-8.035684169583));
#3571 = CARTESIAN_POINT('',(1.312490379511,-7.928177565889));
#3572 = CARTESIAN_POINT('',(1.143987315033,-7.813208735281));
#3573 = CARTESIAN_POINT('',(0.981587835653,-7.689974055621));
#3574 = CARTESIAN_POINT('',(0.827102493496,-7.55766596154));
#3575 = CARTESIAN_POINT('',(0.595841296584,-7.328808616925));
#3576 = CARTESIAN_POINT('',(0.512458826199,-7.238727148118));
#3577 = CARTESIAN_POINT('',(0.433582271305,-7.144733091487));
#3578 = CARTESIAN_POINT('',(0.3600190486,-7.046682538392));
#3579 = CARTESIAN_POINT('',(0.292770082071,-6.944535177464));
#3580 = CARTESIAN_POINT('',(0.160590129757,-6.710158571663));
#3581 = CARTESIAN_POINT('',(9.899164353085E-02,-6.575954294845));
#3582 = CARTESIAN_POINT('',(5.03255665274E-02,-6.43640406158));
#3583 = CARTESIAN_POINT('',(1.676467643591E-02,-6.292599967654));
#3584 = CARTESIAN_POINT('',(-8.881784197001E-16,-6.146259140703));
#3585 = CARTESIAN_POINT('',(-8.881784197001E-16,-6.));
#3586 = ( GEOMETRIC_REPRESENTATION_CONTEXT(2) 
PARAMETRIC_REPRESENTATION_CONTEXT() REPRESENTATION_CONTEXT('2D SPACE',''
  ) );
#3587 = PCURVE('',#898,#3588);
#3588 = DEFINITIONAL_REPRESENTATION('',(#3589),#3612);
#3589 = B_SPLINE_CURVE_WITH_KNOTS('',6,(#3590,#3591,#3592,#3593,#3594,
    #3595,#3596,#3597,#3598,#3599,#3600,#3601,#3602,#3603,#3604,#3605,
    #3606,#3607,#3608,#3609,#3610,#3611),.UNSPECIFIED.,.F.,.F.,(7,5,5,5,
    7),(0.,0.337782905588,0.620842547574,0.792498210747,1.),
  .UNSPECIFIED.);
#3590 = CARTESIAN_POINT('',(4.037257447448,-20.9));
#3591 = CARTESIAN_POINT('',(4.000278648984,-20.9));
#3592 = CARTESIAN_POINT('',(3.96238230548,-20.9));
#3593 = CARTESIAN_POINT('',(3.923417092099,-20.9));
#3594 = CARTESIAN_POINT('',(3.883211942788,-20.9));
#3595 = CARTESIAN_POINT('',(3.841571498437,-20.9));
#3596 = CARTESIAN_POINT('',(3.761828379232,-20.9));
#3597 = CARTESIAN_POINT('',(3.724271547754,-20.9));
#3598 = CARTESIAN_POINT('',(3.685309945102,-20.9));
#3599 = CARTESIAN_POINT('',(3.644740329595,-20.9));
#3600 = CARTESIAN_POINT('',(3.602357838744,-20.9));
#3601 = CARTESIAN_POINT('',(3.530865054059,-20.9));
#3602 = CARTESIAN_POINT('',(3.503110909543,-20.9));
#3603 = CARTESIAN_POINT('',(3.474526640714,-20.9));
#3604 = CARTESIAN_POINT('',(3.445070255123,-20.9));
#3605 = CARTESIAN_POINT('',(3.414721365284,-20.9));
#3606 = CARTESIAN_POINT('',(3.345748400891,-20.9));
#3607 = CARTESIAN_POINT('',(3.306676360161,-20.9));
#3608 = CARTESIAN_POINT('',(3.266411216192,-20.9));
#3609 = CARTESIAN_POINT('',(3.225192558943,-20.9));
#3610 = CARTESIAN_POINT('',(3.183380979505,-20.9));
#3611 = CARTESIAN_POINT('',(3.14159265359,-20.9));
#3612 = ( GEOMETRIC_REPRESENTATION_CONTEXT(2) 
PARAMETRIC_REPRESENTATION_CONTEXT() REPRESENTATION_CONTEXT('2D SPACE',''
  ) );
#3613 = ORIENTED_EDGE('',*,*,#3614,.F.);
#3614 = EDGE_CURVE('',#3615,#3535,#3617,.T.);
#3615 = VERTEX_POINT('',#3616);
#3616 = CARTESIAN_POINT('',(-8.,4.,5.1000001));
#3617 = SURFACE_CURVE('',#3618,(#3622,#3629),.PCURVE_S1.);
#3618 = LINE('',#3619,#3620);
#3619 = CARTESIAN_POINT('',(-8.,-3.,5.1000001));
#3620 = VECTOR('',#3621,1.);
#3621 = DIRECTION('',(0.,1.,0.));
#3622 = PCURVE('',#385,#3623);
#3623 = DEFINITIONAL_REPRESENTATION('',(#3624),#3628);
#3624 = LINE('',#3625,#3626);
#3625 = CARTESIAN_POINT('',(-8.881784197001E-16,3.));
#3626 = VECTOR('',#3627,1.);
#3627 = DIRECTION('',(0.,-1.));
#3628 = ( GEOMETRIC_REPRESENTATION_CONTEXT(2) 
PARAMETRIC_REPRESENTATION_CONTEXT() REPRESENTATION_CONTEXT('2D SPACE',''
  ) );
#3629 = PCURVE('',#3630,#3635);
#3630 = PLANE('',#3631);
#3631 = AXIS2_PLACEMENT_3D('',#3632,#3633,#3634);
#3632 = CARTESIAN_POINT('',(-8.,-6.,26.0000001));
#3633 = DIRECTION('',(1.,0.,1.110223024625E-16));
#3634 = DIRECTION('',(0.,1.,0.));
#3635 = DEFINITIONAL_REPRESENTATION('',(#3636),#3640);
#3636 = LINE('',#3637,#3638);
#3637 = CARTESIAN_POINT('',(3.,-20.9));
#3638 = VECTOR('',#3639,1.);
#3639 = DIRECTION('',(1.,0.));
#3640 = ( GEOMETRIC_REPRESENTATION_CONTEXT(2) 
PARAMETRIC_REPRESENTATION_CONTEXT() REPRESENTATION_CONTEXT('2D SPACE',''
  ) );
#3641 = ORIENTED_EDGE('',*,*,#3642,.T.);
#3642 = EDGE_CURVE('',#3615,#3643,#3645,.T.);
#3643 = VERTEX_POINT('',#3644);
#3644 = CARTESIAN_POINT('',(-9.3,4.,5.1000001));
#3645 = SURFACE_CURVE('',#3646,(#3650,#3657),.PCURVE_S1.);
#3646 = LINE('',#3647,#3648);
#3647 = CARTESIAN_POINT('',(-8.65,4.,5.1000001));
#3648 = VECTOR('',#3649,1.);
#3649 = DIRECTION('',(-1.,0.,-1.110223024625E-16));
#3650 = PCURVE('',#385,#3651);
#3651 = DEFINITIONAL_REPRESENTATION('',(#3652),#3656);
#3652 = LINE('',#3653,#3654);
#3653 = CARTESIAN_POINT('',(-0.65,-4.));
#3654 = VECTOR('',#3655,1.);
#3655 = DIRECTION('',(-1.,-0.));
#3656 = ( GEOMETRIC_REPRESENTATION_CONTEXT(2) 
PARAMETRIC_REPRESENTATION_CONTEXT() REPRESENTATION_CONTEXT('2D SPACE',''
  ) );
#3657 = PCURVE('',#3658,#3663);
#3658 = PLANE('',#3659);
#3659 = AXIS2_PLACEMENT_3D('',#3660,#3661,#3662);
#3660 = CARTESIAN_POINT('',(-9.3,4.,20.0000001));
#3661 = DIRECTION('',(0.,1.,0.));
#3662 = DIRECTION('',(1.,0.,1.110223024625E-16));
#3663 = DEFINITIONAL_REPRESENTATION('',(#3664),#3668);
#3664 = LINE('',#3665,#3666);
#3665 = CARTESIAN_POINT('',(0.65,14.9));
#3666 = VECTOR('',#3667,1.);
#3667 = DIRECTION('',(-1.,0.));
#3668 = ( GEOMETRIC_REPRESENTATION_CONTEXT(2) 
PARAMETRIC_REPRESENTATION_CONTEXT() REPRESENTATION_CONTEXT('2D SPACE',''
  ) );
#3669 = ORIENTED_EDGE('',*,*,#3670,.F.);
#3670 = EDGE_CURVE('',#3671,#3643,#3673,.T.);
#3671 = VERTEX_POINT('',#3672);
#3672 = CARTESIAN_POINT('',(-9.3,-4.,5.1000001));
#3673 = SURFACE_CURVE('',#3674,(#3678,#3685),.PCURVE_S1.);
#3674 = LINE('',#3675,#3676);
#3675 = CARTESIAN_POINT('',(-9.3,-2.,5.1000001));
#3676 = VECTOR('',#3677,1.);
#3677 = DIRECTION('',(0.,1.,0.));
#3678 = PCURVE('',#385,#3679);
#3679 = DEFINITIONAL_REPRESENTATION('',(#3680),#3684);
#3680 = LINE('',#3681,#3682);
#3681 = CARTESIAN_POINT('',(-1.3,2.));
#3682 = VECTOR('',#3683,1.);
#3683 = DIRECTION('',(0.,-1.));
#3684 = ( GEOMETRIC_REPRESENTATION_CONTEXT(2) 
PARAMETRIC_REPRESENTATION_CONTEXT() REPRESENTATION_CONTEXT('2D SPACE',''
  ) );
#3685 = PCURVE('',#3686,#3691);
#3686 = PLANE('',#3687);
#3687 = AXIS2_PLACEMENT_3D('',#3688,#3689,#3690);
#3688 = CARTESIAN_POINT('',(-9.3,-4.,20.0000001));
#3689 = DIRECTION('',(1.,0.,1.110223024625E-16));
#3690 = DIRECTION('',(1.110223024625E-16,0.,-1.));
#3691 = DEFINITIONAL_REPRESENTATION('',(#3692),#3696);
#3692 = LINE('',#3693,#3694);
#3693 = CARTESIAN_POINT('',(14.9,2.));
#3694 = VECTOR('',#3695,1.);
#3695 = DIRECTION('',(0.,1.));
#3696 = ( GEOMETRIC_REPRESENTATION_CONTEXT(2) 
PARAMETRIC_REPRESENTATION_CONTEXT() REPRESENTATION_CONTEXT('2D SPACE',''
  ) );
#3697 = ORIENTED_EDGE('',*,*,#3698,.F.);
#3698 = EDGE_CURVE('',#3699,#3671,#3701,.T.);
#3699 = VERTEX_POINT('',#3700);
#3700 = CARTESIAN_POINT('',(-8.,-4.,5.1000001));
#3701 = SURFACE_CURVE('',#3702,(#3706,#3713),.PCURVE_S1.);
#3702 = LINE('',#3703,#3704);
#3703 = CARTESIAN_POINT('',(-8.65,-4.,5.1000001));
#3704 = VECTOR('',#3705,1.);
#3705 = DIRECTION('',(-1.,0.,-1.110223024625E-16));
#3706 = PCURVE('',#385,#3707);
#3707 = DEFINITIONAL_REPRESENTATION('',(#3708),#3712);
#3708 = LINE('',#3709,#3710);
#3709 = CARTESIAN_POINT('',(-0.65,4.));
#3710 = VECTOR('',#3711,1.);
#3711 = DIRECTION('',(-1.,-0.));
#3712 = ( GEOMETRIC_REPRESENTATION_CONTEXT(2) 
PARAMETRIC_REPRESENTATION_CONTEXT() REPRESENTATION_CONTEXT('2D SPACE',''
  ) );
#3713 = PCURVE('',#3714,#3719);
#3714 = PLANE('',#3715);
#3715 = AXIS2_PLACEMENT_3D('',#3716,#3717,#3718);
#3716 = CARTESIAN_POINT('',(-9.3,-4.,20.0000001));
#3717 = DIRECTION('',(0.,1.,0.));
#3718 = DIRECTION('',(1.,0.,1.110223024625E-16));
#3719 = DEFINITIONAL_REPRESENTATION('',(#3720),#3724);
#3720 = LINE('',#3721,#3722);
#3721 = CARTESIAN_POINT('',(0.65,14.9));
#3722 = VECTOR('',#3723,1.);
#3723 = DIRECTION('',(-1.,0.));
#3724 = ( GEOMETRIC_REPRESENTATION_CONTEXT(2) 
PARAMETRIC_REPRESENTATION_CONTEXT() REPRESENTATION_CONTEXT('2D SPACE',''
  ) );
#3725 = ORIENTED_EDGE('',*,*,#3726,.F.);
#3726 = EDGE_CURVE('',#3727,#3699,#3729,.T.);
#3727 = VERTEX_POINT('',#3728);
#3728 = CARTESIAN_POINT('',(-8.,-6.,5.1000001));
#3729 = SURFACE_CURVE('',#3730,(#3734,#3741),.PCURVE_S1.);
#3730 = LINE('',#3731,#3732);
#3731 = CARTESIAN_POINT('',(-8.,-3.,5.1000001));
#3732 = VECTOR('',#3733,1.);
#3733 = DIRECTION('',(0.,1.,0.));
#3734 = PCURVE('',#385,#3735);
#3735 = DEFINITIONAL_REPRESENTATION('',(#3736),#3740);
#3736 = LINE('',#3737,#3738);
#3737 = CARTESIAN_POINT('',(-8.881784197001E-16,3.));
#3738 = VECTOR('',#3739,1.);
#3739 = DIRECTION('',(0.,-1.));
#3740 = ( GEOMETRIC_REPRESENTATION_CONTEXT(2) 
PARAMETRIC_REPRESENTATION_CONTEXT() REPRESENTATION_CONTEXT('2D SPACE',''
  ) );
#3741 = PCURVE('',#3742,#3747);
#3742 = PLANE('',#3743);
#3743 = AXIS2_PLACEMENT_3D('',#3744,#3745,#3746);
#3744 = CARTESIAN_POINT('',(-8.,-6.,26.0000001));
#3745 = DIRECTION('',(1.,0.,1.110223024625E-16));
#3746 = DIRECTION('',(0.,1.,0.));
#3747 = DEFINITIONAL_REPRESENTATION('',(#3748),#3752);
#3748 = LINE('',#3749,#3750);
#3749 = CARTESIAN_POINT('',(3.,-20.9));
#3750 = VECTOR('',#3751,1.);
#3751 = DIRECTION('',(1.,0.));
#3752 = ( GEOMETRIC_REPRESENTATION_CONTEXT(2) 
PARAMETRIC_REPRESENTATION_CONTEXT() REPRESENTATION_CONTEXT('2D SPACE',''
  ) );
#3753 = ORIENTED_EDGE('',*,*,#3754,.T.);
#3754 = EDGE_CURVE('',#3727,#3755,#3757,.T.);
#3755 = VERTEX_POINT('',#3756);
#3756 = CARTESIAN_POINT('',(-5.,-8.732186624299,5.1000001));
#3757 = SURFACE_CURVE('',#3758,(#3786,#3817),.PCURVE_S1.);
#3758 = B_SPLINE_CURVE_WITH_KNOTS('',6,(#3759,#3760,#3761,#3762,#3763,
    #3764,#3765,#3766,#3767,#3768,#3769,#3770,#3771,#3772,#3773,#3774,
    #3775,#3776,#3777,#3778,#3779,#3780,#3781,#3782,#3783,#3784,#3785),
  .UNSPECIFIED.,.F.,.F.,(7,5,5,5,5,7),(0.,0.179093933348,0.301853997553,
    0.546282957023,0.8420071473,1.),.UNSPECIFIED.);
#3759 = CARTESIAN_POINT('',(-8.,-6.,5.1000001));
#3760 = CARTESIAN_POINT('',(-8.,-6.126203025231,5.1000001));
#3761 = CARTESIAN_POINT('',(-7.987518143031,-6.252466429234,5.1000001));
#3762 = CARTESIAN_POINT('',(-7.962532875084,-6.377131822344,5.1000001));
#3763 = CARTESIAN_POINT('',(-7.925966710094,-6.499002687632,5.1000001));
#3764 = CARTESIAN_POINT('',(-7.879126187575,-6.617234579295,5.1000001));
#3765 = CARTESIAN_POINT('',(-7.785260961592,-6.809445126544,5.1000001));
#3766 = CARTESIAN_POINT('',(-7.742906407891,-6.885690017448,5.1000001));
#3767 = CARTESIAN_POINT('',(-7.696790224158,-6.959894461159,5.1000001));
#3768 = CARTESIAN_POINT('',(-7.647320252622,-7.032011841132,5.1000001));
#3769 = CARTESIAN_POINT('',(-7.594866170301,-7.102049140086,5.1000001));
#3770 = CARTESIAN_POINT('',(-7.429955665476,-7.305451256994,5.1000001));
#3771 = CARTESIAN_POINT('',(-7.309634328629,-7.432689141802,5.1000001));
#3772 = CARTESIAN_POINT('',(-7.181103147476,-7.552280058075,5.1000001));
#3773 = CARTESIAN_POINT('',(-7.046127966971,-7.664753354285,5.1000001));
#3774 = CARTESIAN_POINT('',(-6.905969065648,-7.770702564278,5.1000001));
#3775 = CARTESIAN_POINT('',(-6.586378160779,-7.991792105865,5.1000001));
#3776 = CARTESIAN_POINT('',(-6.405030161431,-8.10409062556,5.1000001));
#3777 = CARTESIAN_POINT('',(-6.218760964953,-8.208663368052,5.1000001));
#3778 = CARTESIAN_POINT('',(-6.0285800284,-8.306211281334,5.1000001));
#3779 = CARTESIAN_POINT('',(-5.835205640127,-8.397358085571,5.1000001));
#3780 = CARTESIAN_POINT('',(-5.534259800131,-8.528197210579,5.1000001));
#3781 = CARTESIAN_POINT('',(-5.428687073176,-8.572076651273,5.1000001));
#3782 = CARTESIAN_POINT('',(-5.322413651149,-8.614351764713,5.1000001));
#3783 = CARTESIAN_POINT('',(-5.215505505778,-8.655089638338,5.1000001));
#3784 = CARTESIAN_POINT('',(-5.108018615351,-8.694349827372,5.1000001));
#3785 = CARTESIAN_POINT('',(-5.,-8.732186624299,5.1000001));
#3786 = PCURVE('',#385,#3787);
#3787 = DEFINITIONAL_REPRESENTATION('',(#3788),#3816);
#3788 = B_SPLINE_CURVE_WITH_KNOTS('',6,(#3789,#3790,#3791,#3792,#3793,
    #3794,#3795,#3796,#3797,#3798,#3799,#3800,#3801,#3802,#3803,#3804,
    #3805,#3806,#3807,#3808,#3809,#3810,#3811,#3812,#3813,#3814,#3815),
  .UNSPECIFIED.,.F.,.F.,(7,5,5,5,5,7),(0.,0.179093933348,0.301853997553,
    0.546282957023,0.8420071473,1.),.UNSPECIFIED.);
#3789 = CARTESIAN_POINT('',(-8.881784197001E-16,6.));
#3790 = CARTESIAN_POINT('',(-8.881784197001E-16,6.126203025231));
#3791 = CARTESIAN_POINT('',(1.248185696867E-02,6.252466429234));
#3792 = CARTESIAN_POINT('',(3.746712491578E-02,6.377131822344));
#3793 = CARTESIAN_POINT('',(7.403328990586E-02,6.499002687632));
#3794 = CARTESIAN_POINT('',(0.120873812425,6.617234579295));
#3795 = CARTESIAN_POINT('',(0.214739038408,6.809445126544));
#3796 = CARTESIAN_POINT('',(0.257093592109,6.885690017448));
#3797 = CARTESIAN_POINT('',(0.303209775842,6.959894461159));
#3798 = CARTESIAN_POINT('',(0.352679747378,7.032011841132));
#3799 = CARTESIAN_POINT('',(0.405133829699,7.102049140086));
#3800 = CARTESIAN_POINT('',(0.570044334524,7.305451256994));
#3801 = CARTESIAN_POINT('',(0.690365671371,7.432689141802));
#3802 = CARTESIAN_POINT('',(0.818896852524,7.552280058075));
#3803 = CARTESIAN_POINT('',(0.953872033029,7.664753354285));
#3804 = CARTESIAN_POINT('',(1.094030934352,7.770702564278));
#3805 = CARTESIAN_POINT('',(1.413621839221,7.991792105865));
#3806 = CARTESIAN_POINT('',(1.594969838569,8.10409062556));
#3807 = CARTESIAN_POINT('',(1.781239035047,8.208663368052));
#3808 = CARTESIAN_POINT('',(1.9714199716,8.306211281334));
#3809 = CARTESIAN_POINT('',(2.164794359873,8.397358085571));
#3810 = CARTESIAN_POINT('',(2.465740199869,8.528197210579));
#3811 = CARTESIAN_POINT('',(2.571312926824,8.572076651273));
#3812 = CARTESIAN_POINT('',(2.677586348851,8.614351764713));
#3813 = CARTESIAN_POINT('',(2.784494494222,8.655089638338));
#3814 = CARTESIAN_POINT('',(2.891981384649,8.694349827372));
#3815 = CARTESIAN_POINT('',(3.,8.732186624299));
#3816 = ( GEOMETRIC_REPRESENTATION_CONTEXT(2) 
PARAMETRIC_REPRESENTATION_CONTEXT() REPRESENTATION_CONTEXT('2D SPACE',''
  ) );
#3817 = PCURVE('',#1186,#3818);
#3818 = DEFINITIONAL_REPRESENTATION('',(#3819),#3847);
#3819 = B_SPLINE_CURVE_WITH_KNOTS('',6,(#3820,#3821,#3822,#3823,#3824,
    #3825,#3826,#3827,#3828,#3829,#3830,#3831,#3832,#3833,#3834,#3835,
    #3836,#3837,#3838,#3839,#3840,#3841,#3842,#3843,#3844,#3845,#3846),
  .UNSPECIFIED.,.F.,.F.,(7,5,5,5,5,7),(0.,0.179093933348,0.301853997553,
    0.546282957023,0.8420071473,1.),.UNSPECIFIED.);
#3820 = CARTESIAN_POINT('',(3.14159265359,-20.9));
#3821 = CARTESIAN_POINT('',(3.105534646381,-20.9));
#3822 = CARTESIAN_POINT('',(3.069459414672,-20.9));
#3823 = CARTESIAN_POINT('',(3.033756213915,-20.9));
#3824 = CARTESIAN_POINT('',(2.998682744562,-20.9));
#3825 = CARTESIAN_POINT('',(2.964424460884,-20.9));
#3826 = CARTESIAN_POINT('',(2.908267745897,-20.9));
#3827 = CARTESIAN_POINT('',(2.88585813365,-20.9));
#3828 = CARTESIAN_POINT('',(2.863898864349,-20.9));
#3829 = CARTESIAN_POINT('',(2.842396442908,-20.9));
#3830 = CARTESIAN_POINT('',(2.821345113745,-20.9));
#3831 = CARTESIAN_POINT('',(2.759682566006,-20.9));
#3832 = CARTESIAN_POINT('',(2.72039247927,-20.9));
#3833 = CARTESIAN_POINT('',(2.682694129191,-20.9));
#3834 = CARTESIAN_POINT('',(2.646446910915,-20.9));
#3835 = CARTESIAN_POINT('',(2.611498249212,-20.9));
#3836 = CARTESIAN_POINT('',(2.536757607437,-20.9));
#3837 = CARTESIAN_POINT('',(2.497523760102,-20.9));
#3838 = CARTESIAN_POINT('',(2.459703749553,-20.9));
#3839 = CARTESIAN_POINT('',(2.423121586095,-20.9));
#3840 = CARTESIAN_POINT('',(2.387619366254,-20.9));
#3841 = CARTESIAN_POINT('',(2.334585504003,-20.9));
#3842 = CARTESIAN_POINT('',(2.316387739954,-20.9));
#3843 = CARTESIAN_POINT('',(2.298439630357,-20.9));
#3844 = CARTESIAN_POINT('',(2.280723790779,-20.9));
#3845 = CARTESIAN_POINT('',(2.263224681185,-20.9));
#3846 = CARTESIAN_POINT('',(2.245927859732,-20.9));
#3847 = ( GEOMETRIC_REPRESENTATION_CONTEXT(2) 
PARAMETRIC_REPRESENTATION_CONTEXT() REPRESENTATION_CONTEXT('2D SPACE',''
  ) );
#3848 = ORIENTED_EDGE('',*,*,#3849,.T.);
#3849 = EDGE_CURVE('',#3755,#3381,#3850,.T.);
#3850 = SURFACE_CURVE('',#3851,(#3855,#3862),.PCURVE_S1.);
#3851 = LINE('',#3852,#3853);
#3852 = CARTESIAN_POINT('',(-5.,10.53,5.1000001));
#3853 = VECTOR('',#3854,1.);
#3854 = DIRECTION('',(0.,-1.,0.));
#3855 = PCURVE('',#385,#3856);
#3856 = DEFINITIONAL_REPRESENTATION('',(#3857),#3861);
#3857 = LINE('',#3858,#3859);
#3858 = CARTESIAN_POINT('',(3.,-10.53));
#3859 = VECTOR('',#3860,1.);
#3860 = DIRECTION('',(0.,1.));
#3861 = ( GEOMETRIC_REPRESENTATION_CONTEXT(2) 
PARAMETRIC_REPRESENTATION_CONTEXT() REPRESENTATION_CONTEXT('2D SPACE',''
  ) );
#3862 = PCURVE('',#3316,#3863);
#3863 = DEFINITIONAL_REPRESENTATION('',(#3864),#3868);
#3864 = LINE('',#3865,#3866);
#3865 = CARTESIAN_POINT('',(0.,0.));
#3866 = VECTOR('',#3867,1.);
#3867 = DIRECTION('',(1.,0.));
#3868 = ( GEOMETRIC_REPRESENTATION_CONTEXT(2) 
PARAMETRIC_REPRESENTATION_CONTEXT() REPRESENTATION_CONTEXT('2D SPACE',''
  ) );
#3869 = ADVANCED_FACE('',(#3870),#317,.F.);
#3870 = FACE_BOUND('',#3871,.F.);
#3871 = EDGE_LOOP('',(#3872,#3895,#3916,#3917));
#3872 = ORIENTED_EDGE('',*,*,#3873,.F.);
#3873 = EDGE_CURVE('',#3874,#214,#3876,.T.);
#3874 = VERTEX_POINT('',#3875);
#3875 = CARTESIAN_POINT('',(-10.2,-6.,18.9000001));
#3876 = SURFACE_CURVE('',#3877,(#3881,#3888),.PCURVE_S1.);
#3877 = LINE('',#3878,#3879);
#3878 = CARTESIAN_POINT('',(-10.2,-3.,18.9000001));
#3879 = VECTOR('',#3880,1.);
#3880 = DIRECTION('',(0.,1.,0.));
#3881 = PCURVE('',#317,#3882);
#3882 = DEFINITIONAL_REPRESENTATION('',(#3883),#3887);
#3883 = LINE('',#3884,#3885);
#3884 = CARTESIAN_POINT('',(3.,-5.1));
#3885 = VECTOR('',#3886,1.);
#3886 = DIRECTION('',(1.,0.));
#3887 = ( GEOMETRIC_REPRESENTATION_CONTEXT(2) 
PARAMETRIC_REPRESENTATION_CONTEXT() REPRESENTATION_CONTEXT('2D SPACE',''
  ) );
#3888 = PCURVE('',#269,#3889);
#3889 = DEFINITIONAL_REPRESENTATION('',(#3890),#3894);
#3890 = LINE('',#3891,#3892);
#3891 = CARTESIAN_POINT('',(-2.2,3.));
#3892 = VECTOR('',#3893,1.);
#3893 = DIRECTION('',(0.,-1.));
#3894 = ( GEOMETRIC_REPRESENTATION_CONTEXT(2) 
PARAMETRIC_REPRESENTATION_CONTEXT() REPRESENTATION_CONTEXT('2D SPACE',''
  ) );
#3895 = ORIENTED_EDGE('',*,*,#3896,.T.);
#3896 = EDGE_CURVE('',#3874,#3406,#3897,.T.);
#3897 = SURFACE_CURVE('',#3898,(#3902,#3909),.PCURVE_S1.);
#3898 = LINE('',#3899,#3900);
#3899 = CARTESIAN_POINT('',(-10.2,-6.,24.0000001));
#3900 = VECTOR('',#3901,1.);
#3901 = DIRECTION('',(1.110223024625E-16,0.,-1.));
#3902 = PCURVE('',#317,#3903);
#3903 = DEFINITIONAL_REPRESENTATION('',(#3904),#3908);
#3904 = LINE('',#3905,#3906);
#3905 = CARTESIAN_POINT('',(0.,0.));
#3906 = VECTOR('',#3907,1.);
#3907 = DIRECTION('',(0.,-1.));
#3908 = ( GEOMETRIC_REPRESENTATION_CONTEXT(2) 
PARAMETRIC_REPRESENTATION_CONTEXT() REPRESENTATION_CONTEXT('2D SPACE',''
  ) );
#3909 = PCURVE('',#1285,#3910);
#3910 = DEFINITIONAL_REPRESENTATION('',(#3911),#3915);
#3911 = LINE('',#3912,#3913);
#3912 = CARTESIAN_POINT('',(3.14159265359,0.));
#3913 = VECTOR('',#3914,1.);
#3914 = DIRECTION('',(0.,-1.));
#3915 = ( GEOMETRIC_REPRESENTATION_CONTEXT(2) 
PARAMETRIC_REPRESENTATION_CONTEXT() REPRESENTATION_CONTEXT('2D SPACE',''
  ) );
#3916 = ORIENTED_EDGE('',*,*,#3488,.T.);
#3917 = ORIENTED_EDGE('',*,*,#301,.F.);
#3918 = ADVANCED_FACE('',(#3919),#269,.F.);
#3919 = FACE_BOUND('',#3920,.F.);
#3920 = EDGE_LOOP('',(#3921,#3951,#4032,#4033,#4034,#4057,#4085,#4165,
    #4188,#4211,#4234,#4257,#4280,#4375));
#3921 = ORIENTED_EDGE('',*,*,#3922,.T.);
#3922 = EDGE_CURVE('',#3923,#3925,#3927,.T.);
#3923 = VERTEX_POINT('',#3924);
#3924 = CARTESIAN_POINT('',(-5.,-10.53,18.9000001));
#3925 = VERTEX_POINT('',#3926);
#3926 = CARTESIAN_POINT('',(-6.190932427456,-10.53,18.9000001));
#3927 = SURFACE_CURVE('',#3928,(#3932,#3939),.PCURVE_S1.);
#3928 = LINE('',#3929,#3930);
#3929 = CARTESIAN_POINT('',(-5.,-10.53,18.9000001));
#3930 = VECTOR('',#3931,1.);
#3931 = DIRECTION('',(-1.,0.,-1.110223024625E-16));
#3932 = PCURVE('',#269,#3933);
#3933 = DEFINITIONAL_REPRESENTATION('',(#3934),#3938);
#3934 = LINE('',#3935,#3936);
#3935 = CARTESIAN_POINT('',(3.,10.53));
#3936 = VECTOR('',#3937,1.);
#3937 = DIRECTION('',(-1.,-0.));
#3938 = ( GEOMETRIC_REPRESENTATION_CONTEXT(2) 
PARAMETRIC_REPRESENTATION_CONTEXT() REPRESENTATION_CONTEXT('2D SPACE',''
  ) );
#3939 = PCURVE('',#3940,#3945);
#3940 = PLANE('',#3941);
#3941 = AXIS2_PLACEMENT_3D('',#3942,#3943,#3944);
#3942 = CARTESIAN_POINT('',(-5.,-10.53,22.1000001));
#3943 = DIRECTION('',(0.,1.,0.));
#3944 = DIRECTION('',(-1.,0.,-1.110223024625E-16));
#3945 = DEFINITIONAL_REPRESENTATION('',(#3946),#3950);
#3946 = LINE('',#3947,#3948);
#3947 = CARTESIAN_POINT('',(-5.329070518201E-16,-3.2));
#3948 = VECTOR('',#3949,1.);
#3949 = DIRECTION('',(1.,0.));
#3950 = ( GEOMETRIC_REPRESENTATION_CONTEXT(2) 
PARAMETRIC_REPRESENTATION_CONTEXT() REPRESENTATION_CONTEXT('2D SPACE',''
  ) );
#3951 = ORIENTED_EDGE('',*,*,#3952,.F.);
#3952 = EDGE_CURVE('',#3874,#3925,#3953,.T.);
#3953 = SURFACE_CURVE('',#3954,(#3978,#4005),.PCURVE_S1.);
#3954 = B_SPLINE_CURVE_WITH_KNOTS('',8,(#3955,#3956,#3957,#3958,#3959,
    #3960,#3961,#3962,#3963,#3964,#3965,#3966,#3967,#3968,#3969,#3970,
    #3971,#3972,#3973,#3974,#3975,#3976,#3977),.UNSPECIFIED.,.F.,.F.,(9,
    7,7,9),(0.,0.238681335228,0.39187345257,1.),.UNSPECIFIED.);
#3955 = CARTESIAN_POINT('',(-10.2,-6.,18.9000001));
#3956 = CARTESIAN_POINT('',(-10.2,-6.190121167121,18.9000001));
#3957 = CARTESIAN_POINT('',(-10.18703083837,-6.380305005,18.9000001));
#3958 = CARTESIAN_POINT('',(-10.16107871423,-6.569406563087,18.9000001)
  );
#3959 = CARTESIAN_POINT('',(-10.12247179383,-6.756450286824,18.9000001)
  );
#3960 = CARTESIAN_POINT('',(-10.07178486005,-6.94061126145,18.9000001));
#3961 = CARTESIAN_POINT('',(-10.0097623148,-7.121199593404,18.9000001));
#3962 = CARTESIAN_POINT('',(-9.937259534613,-7.297647929352,18.9000001)
  );
#3963 = CARTESIAN_POINT('',(-9.802536212222,-7.57980276207,18.9000001));
#3964 = CARTESIAN_POINT('',(-9.74591518724,-7.688249595778,18.9000001));
#3965 = CARTESIAN_POINT('',(-9.685564009353,-7.794754001194,18.9000001)
  );
#3966 = CARTESIAN_POINT('',(-9.621706906205,-7.899251182115,18.9000001)
  );
#3967 = CARTESIAN_POINT('',(-9.55456364718,-8.001697683307,18.9000001));
#3968 = CARTESIAN_POINT('',(-9.484345362736,-8.102068914925,18.9000001)
  );
#3969 = CARTESIAN_POINT('',(-9.411250363727,-8.200356676943,18.9000001)
  );
#3970 = CARTESIAN_POINT('',(-9.034594897306,-8.678491420767,18.9000001)
  );
#3971 = CARTESIAN_POINT('',(-8.692280956782,-9.026379189736,18.9000001)
  );
#3972 = CARTESIAN_POINT('',(-8.318790020119,-9.343027009359,18.9000001)
  );
#3973 = CARTESIAN_POINT('',(-7.921720930192,-9.630322927416,18.9000001)
  );
#3974 = CARTESIAN_POINT('',(-7.507127588463,-9.890504988749,18.9000001)
  );
#3975 = CARTESIAN_POINT('',(-7.079158519071,-10.12573540972,18.9000001)
  );
#3976 = CARTESIAN_POINT('',(-6.640256989968,-10.33823586325,18.9000001)
  );
#3977 = CARTESIAN_POINT('',(-6.190932427456,-10.53,18.9000001));
#3978 = PCURVE('',#269,#3979);
#3979 = DEFINITIONAL_REPRESENTATION('',(#3980),#4004);
#3980 = B_SPLINE_CURVE_WITH_KNOTS('',8,(#3981,#3982,#3983,#3984,#3985,
    #3986,#3987,#3988,#3989,#3990,#3991,#3992,#3993,#3994,#3995,#3996,
    #3997,#3998,#3999,#4000,#4001,#4002,#4003),.UNSPECIFIED.,.F.,.F.,(9,
    7,7,9),(0.,0.238681335228,0.39187345257,1.),.UNSPECIFIED.);
#3981 = CARTESIAN_POINT('',(-2.2,6.));
#3982 = CARTESIAN_POINT('',(-2.2,6.190121167121));
#3983 = CARTESIAN_POINT('',(-2.187030838377,6.380305005));
#3984 = CARTESIAN_POINT('',(-2.161078714235,6.569406563087));
#3985 = CARTESIAN_POINT('',(-2.122471793838,6.756450286824));
#3986 = CARTESIAN_POINT('',(-2.071784860051,6.94061126145));
#3987 = CARTESIAN_POINT('',(-2.009762314808,7.121199593404));
#3988 = CARTESIAN_POINT('',(-1.937259534613,7.297647929352));
#3989 = CARTESIAN_POINT('',(-1.802536212222,7.57980276207));
#3990 = CARTESIAN_POINT('',(-1.74591518724,7.688249595778));
#3991 = CARTESIAN_POINT('',(-1.685564009353,7.794754001194));
#3992 = CARTESIAN_POINT('',(-1.621706906205,7.899251182115));
#3993 = CARTESIAN_POINT('',(-1.55456364718,8.001697683307));
#3994 = CARTESIAN_POINT('',(-1.484345362736,8.102068914925));
#3995 = CARTESIAN_POINT('',(-1.411250363727,8.200356676943));
#3996 = CARTESIAN_POINT('',(-1.034594897306,8.678491420767));
#3997 = CARTESIAN_POINT('',(-0.692280956782,9.026379189736));
#3998 = CARTESIAN_POINT('',(-0.318790020119,9.343027009359));
#3999 = CARTESIAN_POINT('',(7.827906980761E-02,9.630322927416));
#4000 = CARTESIAN_POINT('',(0.492872411537,9.890504988749));
#4001 = CARTESIAN_POINT('',(0.920841480929,10.125735409723));
#4002 = CARTESIAN_POINT('',(1.359743010032,10.338235863252));
#4003 = CARTESIAN_POINT('',(1.809067572544,10.53));
#4004 = ( GEOMETRIC_REPRESENTATION_CONTEXT(2) 
PARAMETRIC_REPRESENTATION_CONTEXT() REPRESENTATION_CONTEXT('2D SPACE',''
  ) );
#4005 = PCURVE('',#1285,#4006);
#4006 = DEFINITIONAL_REPRESENTATION('',(#4007),#4031);
#4007 = B_SPLINE_CURVE_WITH_KNOTS('',8,(#4008,#4009,#4010,#4011,#4012,
    #4013,#4014,#4015,#4016,#4017,#4018,#4019,#4020,#4021,#4022,#4023,
    #4024,#4025,#4026,#4027,#4028,#4029,#4030),.UNSPECIFIED.,.F.,.F.,(9,
    7,7,9),(0.,0.238681335228,0.39187345257,1.),.UNSPECIFIED.);
#4008 = CARTESIAN_POINT('',(3.14159265359,-5.1));
#4009 = CARTESIAN_POINT('',(3.108238062867,-5.1));
#4010 = CARTESIAN_POINT('',(3.074872501097,-5.1));
#4011 = CARTESIAN_POINT('',(3.041640180332,-5.1));
#4012 = CARTESIAN_POINT('',(3.008655741718,-5.1));
#4013 = CARTESIAN_POINT('',(2.976012274507,-5.1));
#4014 = CARTESIAN_POINT('',(2.943787076097,-5.1));
#4015 = CARTESIAN_POINT('',(2.912045153085,-5.1));
#4016 = CARTESIAN_POINT('',(2.860812451984,-5.1));
#4017 = CARTESIAN_POINT('',(2.840998738912,-5.1));
#4018 = CARTESIAN_POINT('',(2.821407723131,-5.1));
#4019 = CARTESIAN_POINT('',(2.802044961328,-5.1));
#4020 = CARTESIAN_POINT('',(2.782913423532,-5.1));
#4021 = CARTESIAN_POINT('',(2.764013748765,-5.1));
#4022 = CARTESIAN_POINT('',(2.7453445007,-5.1));
#4023 = CARTESIAN_POINT('',(2.653692932895,-5.1));
#4024 = CARTESIAN_POINT('',(2.58431136263,-5.1));
#4025 = CARTESIAN_POINT('',(2.518117235146,-5.1));
#4026 = CARTESIAN_POINT('',(2.454768700107,-5.1));
#4027 = CARTESIAN_POINT('',(2.393924940948,-5.1));
#4028 = CARTESIAN_POINT('',(2.335272759398,-5.1));
#4029 = CARTESIAN_POINT('',(2.278447717286,-5.1));
#4030 = CARTESIAN_POINT('',(2.223018768528,-5.1));
#4031 = ( GEOMETRIC_REPRESENTATION_CONTEXT(2) 
PARAMETRIC_REPRESENTATION_CONTEXT() REPRESENTATION_CONTEXT('2D SPACE',''
  ) );
#4032 = ORIENTED_EDGE('',*,*,#3873,.T.);
#4033 = ORIENTED_EDGE('',*,*,#213,.F.);
#4034 = ORIENTED_EDGE('',*,*,#4035,.T.);
#4035 = EDGE_CURVE('',#177,#4036,#4038,.T.);
#4036 = VERTEX_POINT('',#4037);
#4037 = CARTESIAN_POINT('',(-5.,10.53,18.9000001));
#4038 = SURFACE_CURVE('',#4039,(#4043,#4050),.PCURVE_S1.);
#4039 = LINE('',#4040,#4041);
#4040 = CARTESIAN_POINT('',(-11.,10.53,18.9000001));
#4041 = VECTOR('',#4042,1.);
#4042 = DIRECTION('',(1.,0.,1.110223024625E-16));
#4043 = PCURVE('',#269,#4044);
#4044 = DEFINITIONAL_REPRESENTATION('',(#4045),#4049);
#4045 = LINE('',#4046,#4047);
#4046 = CARTESIAN_POINT('',(-3.,-10.53));
#4047 = VECTOR('',#4048,1.);
#4048 = DIRECTION('',(1.,0.));
#4049 = ( GEOMETRIC_REPRESENTATION_CONTEXT(2) 
PARAMETRIC_REPRESENTATION_CONTEXT() REPRESENTATION_CONTEXT('2D SPACE',''
  ) );
#4050 = PCURVE('',#198,#4051);
#4051 = DEFINITIONAL_REPRESENTATION('',(#4052),#4056);
#4052 = LINE('',#4053,#4054);
#4053 = CARTESIAN_POINT('',(-3.552713678801E-16,-3.2));
#4054 = VECTOR('',#4055,1.);
#4055 = DIRECTION('',(1.,0.));
#4056 = ( GEOMETRIC_REPRESENTATION_CONTEXT(2) 
PARAMETRIC_REPRESENTATION_CONTEXT() REPRESENTATION_CONTEXT('2D SPACE',''
  ) );
#4057 = ORIENTED_EDGE('',*,*,#4058,.T.);
#4058 = EDGE_CURVE('',#4036,#4059,#4061,.T.);
#4059 = VERTEX_POINT('',#4060);
#4060 = CARTESIAN_POINT('',(-5.,8.732186624299,18.9000001));
#4061 = SURFACE_CURVE('',#4062,(#4066,#4073),.PCURVE_S1.);
#4062 = LINE('',#4063,#4064);
#4063 = CARTESIAN_POINT('',(-5.,10.53,18.9000001));
#4064 = VECTOR('',#4065,1.);
#4065 = DIRECTION('',(0.,-1.,0.));
#4066 = PCURVE('',#269,#4067);
#4067 = DEFINITIONAL_REPRESENTATION('',(#4068),#4072);
#4068 = LINE('',#4069,#4070);
#4069 = CARTESIAN_POINT('',(3.,-10.53));
#4070 = VECTOR('',#4071,1.);
#4071 = DIRECTION('',(0.,1.));
#4072 = ( GEOMETRIC_REPRESENTATION_CONTEXT(2) 
PARAMETRIC_REPRESENTATION_CONTEXT() REPRESENTATION_CONTEXT('2D SPACE',''
  ) );
#4073 = PCURVE('',#4074,#4079);
#4074 = PLANE('',#4075);
#4075 = AXIS2_PLACEMENT_3D('',#4076,#4077,#4078);
#4076 = CARTESIAN_POINT('',(-5.,10.53,22.1000001));
#4077 = DIRECTION('',(-1.,0.,-1.110223024625E-16));
#4078 = DIRECTION('',(0.,-1.,0.));
#4079 = DEFINITIONAL_REPRESENTATION('',(#4080),#4084);
#4080 = LINE('',#4081,#4082);
#4081 = CARTESIAN_POINT('',(0.,-3.2));
#4082 = VECTOR('',#4083,1.);
#4083 = DIRECTION('',(1.,0.));
#4084 = ( GEOMETRIC_REPRESENTATION_CONTEXT(2) 
PARAMETRIC_REPRESENTATION_CONTEXT() REPRESENTATION_CONTEXT('2D SPACE',''
  ) );
#4085 = ORIENTED_EDGE('',*,*,#4086,.T.);
#4086 = EDGE_CURVE('',#4059,#4087,#4089,.T.);
#4087 = VERTEX_POINT('',#4088);
#4088 = CARTESIAN_POINT('',(-8.,6.,18.9000001));
#4089 = SURFACE_CURVE('',#4090,(#4113,#4139),.PCURVE_S1.);
#4090 = B_SPLINE_CURVE_WITH_KNOTS('',6,(#4091,#4092,#4093,#4094,#4095,
    #4096,#4097,#4098,#4099,#4100,#4101,#4102,#4103,#4104,#4105,#4106,
    #4107,#4108,#4109,#4110,#4111,#4112),.UNSPECIFIED.,.F.,.F.,(7,5,5,5,
    7),(0.,0.337782905588,0.620842547574,0.792498210747,1.),
  .UNSPECIFIED.);
#4091 = CARTESIAN_POINT('',(-5.,8.732186624299,18.9000001));
#4092 = CARTESIAN_POINT('',(-5.230932522389,8.65129550266,18.9000001));
#4093 = CARTESIAN_POINT('',(-5.459389177269,8.563913746089,18.9000001));
#4094 = CARTESIAN_POINT('',(-5.684992151005,8.469493739306,18.9000001));
#4095 = CARTESIAN_POINT('',(-5.90708533403,8.367366206713,18.9000001));
#4096 = CARTESIAN_POINT('',(-6.124742967621,8.256753479127,18.9000001));
#4097 = CARTESIAN_POINT('',(-6.514158403062,8.035684169583,18.9000001));
#4098 = CARTESIAN_POINT('',(-6.687509620489,7.928177565889,18.9000001));
#4099 = CARTESIAN_POINT('',(-6.856012684967,7.813208735281,18.9000001));
#4100 = CARTESIAN_POINT('',(-7.018412164347,7.689974055621,18.9000001));
#4101 = CARTESIAN_POINT('',(-7.172897506504,7.55766596154,18.9000001));
#4102 = CARTESIAN_POINT('',(-7.404158703416,7.328808616925,18.9000001));
#4103 = CARTESIAN_POINT('',(-7.487541173801,7.238727148118,18.9000001));
#4104 = CARTESIAN_POINT('',(-7.566417728695,7.144733091487,18.9000001));
#4105 = CARTESIAN_POINT('',(-7.6399809514,7.046682538392,18.9000001));
#4106 = CARTESIAN_POINT('',(-7.707229917929,6.944535177464,18.9000001));
#4107 = CARTESIAN_POINT('',(-7.839409870243,6.710158571663,18.9000001));
#4108 = CARTESIAN_POINT('',(-7.901008356469,6.575954294845,18.9000001));
#4109 = CARTESIAN_POINT('',(-7.949674433473,6.43640406158,18.9000001));
#4110 = CARTESIAN_POINT('',(-7.983235323564,6.292599967654,18.9000001));
#4111 = CARTESIAN_POINT('',(-8.,6.146259140703,18.9000001));
#4112 = CARTESIAN_POINT('',(-8.,6.,18.9000001));
#4113 = PCURVE('',#269,#4114);
#4114 = DEFINITIONAL_REPRESENTATION('',(#4115),#4138);
#4115 = B_SPLINE_CURVE_WITH_KNOTS('',6,(#4116,#4117,#4118,#4119,#4120,
    #4121,#4122,#4123,#4124,#4125,#4126,#4127,#4128,#4129,#4130,#4131,
    #4132,#4133,#4134,#4135,#4136,#4137),.UNSPECIFIED.,.F.,.F.,(7,5,5,5,
    7),(0.,0.337782905588,0.620842547574,0.792498210747,1.),
  .UNSPECIFIED.);
#4116 = CARTESIAN_POINT('',(3.,-8.732186624299));
#4117 = CARTESIAN_POINT('',(2.769067477611,-8.65129550266));
#4118 = CARTESIAN_POINT('',(2.540610822731,-8.563913746089));
#4119 = CARTESIAN_POINT('',(2.315007848995,-8.469493739306));
#4120 = CARTESIAN_POINT('',(2.09291466597,-8.367366206713));
#4121 = CARTESIAN_POINT('',(1.875257032379,-8.256753479127));
#4122 = CARTESIAN_POINT('',(1.485841596938,-8.035684169583));
#4123 = CARTESIAN_POINT('',(1.312490379511,-7.928177565889));
#4124 = CARTESIAN_POINT('',(1.143987315033,-7.813208735281));
#4125 = CARTESIAN_POINT('',(0.981587835653,-7.689974055621));
#4126 = CARTESIAN_POINT('',(0.827102493496,-7.55766596154));
#4127 = CARTESIAN_POINT('',(0.595841296584,-7.328808616925));
#4128 = CARTESIAN_POINT('',(0.512458826199,-7.238727148118));
#4129 = CARTESIAN_POINT('',(0.433582271305,-7.144733091487));
#4130 = CARTESIAN_POINT('',(0.3600190486,-7.046682538392));
#4131 = CARTESIAN_POINT('',(0.292770082071,-6.944535177464));
#4132 = CARTESIAN_POINT('',(0.160590129757,-6.710158571663));
#4133 = CARTESIAN_POINT('',(9.899164353085E-02,-6.575954294845));
#4134 = CARTESIAN_POINT('',(5.03255665274E-02,-6.43640406158));
#4135 = CARTESIAN_POINT('',(1.676467643591E-02,-6.292599967654));
#4136 = CARTESIAN_POINT('',(-8.881784197001E-16,-6.146259140703));
#4137 = CARTESIAN_POINT('',(-8.881784197001E-16,-6.));
#4138 = ( GEOMETRIC_REPRESENTATION_CONTEXT(2) 
PARAMETRIC_REPRESENTATION_CONTEXT() REPRESENTATION_CONTEXT('2D SPACE',''
  ) );
#4139 = PCURVE('',#898,#4140);
#4140 = DEFINITIONAL_REPRESENTATION('',(#4141),#4164);
#4141 = B_SPLINE_CURVE_WITH_KNOTS('',6,(#4142,#4143,#4144,#4145,#4146,
    #4147,#4148,#4149,#4150,#4151,#4152,#4153,#4154,#4155,#4156,#4157,
    #4158,#4159,#4160,#4161,#4162,#4163),.UNSPECIFIED.,.F.,.F.,(7,5,5,5,
    7),(0.,0.337782905588,0.620842547574,0.792498210747,1.),
  .UNSPECIFIED.);
#4142 = CARTESIAN_POINT('',(4.037257447448,-7.1));
#4143 = CARTESIAN_POINT('',(4.000278648984,-7.1));
#4144 = CARTESIAN_POINT('',(3.96238230548,-7.1));
#4145 = CARTESIAN_POINT('',(3.923417092099,-7.1));
#4146 = CARTESIAN_POINT('',(3.883211942788,-7.1));
#4147 = CARTESIAN_POINT('',(3.841571498437,-7.1));
#4148 = CARTESIAN_POINT('',(3.761828379232,-7.1));
#4149 = CARTESIAN_POINT('',(3.724271547754,-7.1));
#4150 = CARTESIAN_POINT('',(3.685309945102,-7.1));
#4151 = CARTESIAN_POINT('',(3.644740329595,-7.1));
#4152 = CARTESIAN_POINT('',(3.602357838744,-7.1));
#4153 = CARTESIAN_POINT('',(3.530865054059,-7.1));
#4154 = CARTESIAN_POINT('',(3.503110909543,-7.1));
#4155 = CARTESIAN_POINT('',(3.474526640714,-7.1));
#4156 = CARTESIAN_POINT('',(3.445070255123,-7.1));
#4157 = CARTESIAN_POINT('',(3.414721365284,-7.1));
#4158 = CARTESIAN_POINT('',(3.345748400891,-7.1));
#4159 = CARTESIAN_POINT('',(3.306676360161,-7.1));
#4160 = CARTESIAN_POINT('',(3.266411216192,-7.1));
#4161 = CARTESIAN_POINT('',(3.225192558943,-7.1));
#4162 = CARTESIAN_POINT('',(3.183380979505,-7.1));
#4163 = CARTESIAN_POINT('',(3.14159265359,-7.1));
#4164 = ( GEOMETRIC_REPRESENTATION_CONTEXT(2) 
PARAMETRIC_REPRESENTATION_CONTEXT() REPRESENTATION_CONTEXT('2D SPACE',''
  ) );
#4165 = ORIENTED_EDGE('',*,*,#4166,.F.);
#4166 = EDGE_CURVE('',#4167,#4087,#4169,.T.);
#4167 = VERTEX_POINT('',#4168);
#4168 = CARTESIAN_POINT('',(-8.,4.,18.9000001));
#4169 = SURFACE_CURVE('',#4170,(#4174,#4181),.PCURVE_S1.);
#4170 = LINE('',#4171,#4172);
#4171 = CARTESIAN_POINT('',(-8.,-3.,18.9000001));
#4172 = VECTOR('',#4173,1.);
#4173 = DIRECTION('',(0.,1.,0.));
#4174 = PCURVE('',#269,#4175);
#4175 = DEFINITIONAL_REPRESENTATION('',(#4176),#4180);
#4176 = LINE('',#4177,#4178);
#4177 = CARTESIAN_POINT('',(-8.881784197001E-16,3.));
#4178 = VECTOR('',#4179,1.);
#4179 = DIRECTION('',(0.,-1.));
#4180 = ( GEOMETRIC_REPRESENTATION_CONTEXT(2) 
PARAMETRIC_REPRESENTATION_CONTEXT() REPRESENTATION_CONTEXT('2D SPACE',''
  ) );
#4181 = PCURVE('',#3630,#4182);
#4182 = DEFINITIONAL_REPRESENTATION('',(#4183),#4187);
#4183 = LINE('',#4184,#4185);
#4184 = CARTESIAN_POINT('',(3.,-7.1));
#4185 = VECTOR('',#4186,1.);
#4186 = DIRECTION('',(1.,0.));
#4187 = ( GEOMETRIC_REPRESENTATION_CONTEXT(2) 
PARAMETRIC_REPRESENTATION_CONTEXT() REPRESENTATION_CONTEXT('2D SPACE',''
  ) );
#4188 = ORIENTED_EDGE('',*,*,#4189,.T.);
#4189 = EDGE_CURVE('',#4167,#4190,#4192,.T.);
#4190 = VERTEX_POINT('',#4191);
#4191 = CARTESIAN_POINT('',(-9.3,4.,18.9000001));
#4192 = SURFACE_CURVE('',#4193,(#4197,#4204),.PCURVE_S1.);
#4193 = LINE('',#4194,#4195);
#4194 = CARTESIAN_POINT('',(-8.65,4.,18.9000001));
#4195 = VECTOR('',#4196,1.);
#4196 = DIRECTION('',(-1.,0.,-1.110223024625E-16));
#4197 = PCURVE('',#269,#4198);
#4198 = DEFINITIONAL_REPRESENTATION('',(#4199),#4203);
#4199 = LINE('',#4200,#4201);
#4200 = CARTESIAN_POINT('',(-0.65,-4.));
#4201 = VECTOR('',#4202,1.);
#4202 = DIRECTION('',(-1.,-0.));
#4203 = ( GEOMETRIC_REPRESENTATION_CONTEXT(2) 
PARAMETRIC_REPRESENTATION_CONTEXT() REPRESENTATION_CONTEXT('2D SPACE',''
  ) );
#4204 = PCURVE('',#3658,#4205);
#4205 = DEFINITIONAL_REPRESENTATION('',(#4206),#4210);
#4206 = LINE('',#4207,#4208);
#4207 = CARTESIAN_POINT('',(0.65,1.1));
#4208 = VECTOR('',#4209,1.);
#4209 = DIRECTION('',(-1.,0.));
#4210 = ( GEOMETRIC_REPRESENTATION_CONTEXT(2) 
PARAMETRIC_REPRESENTATION_CONTEXT() REPRESENTATION_CONTEXT('2D SPACE',''
  ) );
#4211 = ORIENTED_EDGE('',*,*,#4212,.F.);
#4212 = EDGE_CURVE('',#4213,#4190,#4215,.T.);
#4213 = VERTEX_POINT('',#4214);
#4214 = CARTESIAN_POINT('',(-9.3,-4.,18.9000001));
#4215 = SURFACE_CURVE('',#4216,(#4220,#4227),.PCURVE_S1.);
#4216 = LINE('',#4217,#4218);
#4217 = CARTESIAN_POINT('',(-9.3,-2.,18.9000001));
#4218 = VECTOR('',#4219,1.);
#4219 = DIRECTION('',(0.,1.,0.));
#4220 = PCURVE('',#269,#4221);
#4221 = DEFINITIONAL_REPRESENTATION('',(#4222),#4226);
#4222 = LINE('',#4223,#4224);
#4223 = CARTESIAN_POINT('',(-1.3,2.));
#4224 = VECTOR('',#4225,1.);
#4225 = DIRECTION('',(0.,-1.));
#4226 = ( GEOMETRIC_REPRESENTATION_CONTEXT(2) 
PARAMETRIC_REPRESENTATION_CONTEXT() REPRESENTATION_CONTEXT('2D SPACE',''
  ) );
#4227 = PCURVE('',#3686,#4228);
#4228 = DEFINITIONAL_REPRESENTATION('',(#4229),#4233);
#4229 = LINE('',#4230,#4231);
#4230 = CARTESIAN_POINT('',(1.1,2.));
#4231 = VECTOR('',#4232,1.);
#4232 = DIRECTION('',(0.,1.));
#4233 = ( GEOMETRIC_REPRESENTATION_CONTEXT(2) 
PARAMETRIC_REPRESENTATION_CONTEXT() REPRESENTATION_CONTEXT('2D SPACE',''
  ) );
#4234 = ORIENTED_EDGE('',*,*,#4235,.F.);
#4235 = EDGE_CURVE('',#4236,#4213,#4238,.T.);
#4236 = VERTEX_POINT('',#4237);
#4237 = CARTESIAN_POINT('',(-8.,-4.,18.9000001));
#4238 = SURFACE_CURVE('',#4239,(#4243,#4250),.PCURVE_S1.);
#4239 = LINE('',#4240,#4241);
#4240 = CARTESIAN_POINT('',(-8.65,-4.,18.9000001));
#4241 = VECTOR('',#4242,1.);
#4242 = DIRECTION('',(-1.,0.,-1.110223024625E-16));
#4243 = PCURVE('',#269,#4244);
#4244 = DEFINITIONAL_REPRESENTATION('',(#4245),#4249);
#4245 = LINE('',#4246,#4247);
#4246 = CARTESIAN_POINT('',(-0.65,4.));
#4247 = VECTOR('',#4248,1.);
#4248 = DIRECTION('',(-1.,-0.));
#4249 = ( GEOMETRIC_REPRESENTATION_CONTEXT(2) 
PARAMETRIC_REPRESENTATION_CONTEXT() REPRESENTATION_CONTEXT('2D SPACE',''
  ) );
#4250 = PCURVE('',#3714,#4251);
#4251 = DEFINITIONAL_REPRESENTATION('',(#4252),#4256);
#4252 = LINE('',#4253,#4254);
#4253 = CARTESIAN_POINT('',(0.65,1.1));
#4254 = VECTOR('',#4255,1.);
#4255 = DIRECTION('',(-1.,0.));
#4256 = ( GEOMETRIC_REPRESENTATION_CONTEXT(2) 
PARAMETRIC_REPRESENTATION_CONTEXT() REPRESENTATION_CONTEXT('2D SPACE',''
  ) );
#4257 = ORIENTED_EDGE('',*,*,#4258,.F.);
#4258 = EDGE_CURVE('',#4259,#4236,#4261,.T.);
#4259 = VERTEX_POINT('',#4260);
#4260 = CARTESIAN_POINT('',(-8.,-6.,18.9000001));
#4261 = SURFACE_CURVE('',#4262,(#4266,#4273),.PCURVE_S1.);
#4262 = LINE('',#4263,#4264);
#4263 = CARTESIAN_POINT('',(-8.,-3.,18.9000001));
#4264 = VECTOR('',#4265,1.);
#4265 = DIRECTION('',(0.,1.,0.));
#4266 = PCURVE('',#269,#4267);
#4267 = DEFINITIONAL_REPRESENTATION('',(#4268),#4272);
#4268 = LINE('',#4269,#4270);
#4269 = CARTESIAN_POINT('',(-8.881784197001E-16,3.));
#4270 = VECTOR('',#4271,1.);
#4271 = DIRECTION('',(0.,-1.));
#4272 = ( GEOMETRIC_REPRESENTATION_CONTEXT(2) 
PARAMETRIC_REPRESENTATION_CONTEXT() REPRESENTATION_CONTEXT('2D SPACE',''
  ) );
#4273 = PCURVE('',#3742,#4274);
#4274 = DEFINITIONAL_REPRESENTATION('',(#4275),#4279);
#4275 = LINE('',#4276,#4277);
#4276 = CARTESIAN_POINT('',(3.,-7.1));
#4277 = VECTOR('',#4278,1.);
#4278 = DIRECTION('',(1.,0.));
#4279 = ( GEOMETRIC_REPRESENTATION_CONTEXT(2) 
PARAMETRIC_REPRESENTATION_CONTEXT() REPRESENTATION_CONTEXT('2D SPACE',''
  ) );
#4280 = ORIENTED_EDGE('',*,*,#4281,.T.);
#4281 = EDGE_CURVE('',#4259,#4282,#4284,.T.);
#4282 = VERTEX_POINT('',#4283);
#4283 = CARTESIAN_POINT('',(-5.,-8.732186624299,18.9000001));
#4284 = SURFACE_CURVE('',#4285,(#4313,#4344),.PCURVE_S1.);
#4285 = B_SPLINE_CURVE_WITH_KNOTS('',6,(#4286,#4287,#4288,#4289,#4290,
    #4291,#4292,#4293,#4294,#4295,#4296,#4297,#4298,#4299,#4300,#4301,
    #4302,#4303,#4304,#4305,#4306,#4307,#4308,#4309,#4310,#4311,#4312),
  .UNSPECIFIED.,.F.,.F.,(7,5,5,5,5,7),(0.,0.179093933348,0.301853997553,
    0.546282957023,0.8420071473,1.),.UNSPECIFIED.);
#4286 = CARTESIAN_POINT('',(-8.,-6.,18.9000001));
#4287 = CARTESIAN_POINT('',(-8.,-6.126203025231,18.9000001));
#4288 = CARTESIAN_POINT('',(-7.987518143031,-6.252466429234,18.9000001)
  );
#4289 = CARTESIAN_POINT('',(-7.962532875084,-6.377131822344,18.9000001)
  );
#4290 = CARTESIAN_POINT('',(-7.925966710094,-6.499002687632,18.9000001)
  );
#4291 = CARTESIAN_POINT('',(-7.879126187575,-6.617234579295,18.9000001)
  );
#4292 = CARTESIAN_POINT('',(-7.785260961592,-6.809445126544,18.9000001)
  );
#4293 = CARTESIAN_POINT('',(-7.742906407891,-6.885690017448,18.9000001)
  );
#4294 = CARTESIAN_POINT('',(-7.696790224158,-6.959894461159,18.9000001)
  );
#4295 = CARTESIAN_POINT('',(-7.647320252622,-7.032011841132,18.9000001)
  );
#4296 = CARTESIAN_POINT('',(-7.594866170301,-7.102049140086,18.9000001)
  );
#4297 = CARTESIAN_POINT('',(-7.429955665476,-7.305451256994,18.9000001)
  );
#4298 = CARTESIAN_POINT('',(-7.309634328629,-7.432689141802,18.9000001)
  );
#4299 = CARTESIAN_POINT('',(-7.181103147476,-7.552280058075,18.9000001)
  );
#4300 = CARTESIAN_POINT('',(-7.046127966971,-7.664753354285,18.9000001)
  );
#4301 = CARTESIAN_POINT('',(-6.905969065648,-7.770702564278,18.9000001)
  );
#4302 = CARTESIAN_POINT('',(-6.586378160779,-7.991792105865,18.9000001)
  );
#4303 = CARTESIAN_POINT('',(-6.405030161431,-8.10409062556,18.9000001));
#4304 = CARTESIAN_POINT('',(-6.218760964953,-8.208663368052,18.9000001)
  );
#4305 = CARTESIAN_POINT('',(-6.0285800284,-8.306211281334,18.9000001));
#4306 = CARTESIAN_POINT('',(-5.835205640127,-8.397358085571,18.9000001)
  );
#4307 = CARTESIAN_POINT('',(-5.534259800131,-8.528197210579,18.9000001)
  );
#4308 = CARTESIAN_POINT('',(-5.428687073176,-8.572076651273,18.9000001)
  );
#4309 = CARTESIAN_POINT('',(-5.322413651149,-8.614351764713,18.9000001)
  );
#4310 = CARTESIAN_POINT('',(-5.215505505778,-8.655089638338,18.9000001)
  );
#4311 = CARTESIAN_POINT('',(-5.108018615351,-8.694349827372,18.9000001)
  );
#4312 = CARTESIAN_POINT('',(-5.,-8.732186624299,18.9000001));
#4313 = PCURVE('',#269,#4314);
#4314 = DEFINITIONAL_REPRESENTATION('',(#4315),#4343);
#4315 = B_SPLINE_CURVE_WITH_KNOTS('',6,(#4316,#4317,#4318,#4319,#4320,
    #4321,#4322,#4323,#4324,#4325,#4326,#4327,#4328,#4329,#4330,#4331,
    #4332,#4333,#4334,#4335,#4336,#4337,#4338,#4339,#4340,#4341,#4342),
  .UNSPECIFIED.,.F.,.F.,(7,5,5,5,5,7),(0.,0.179093933348,0.301853997553,
    0.546282957023,0.8420071473,1.),.UNSPECIFIED.);
#4316 = CARTESIAN_POINT('',(-8.881784197001E-16,6.));
#4317 = CARTESIAN_POINT('',(-8.881784197001E-16,6.126203025231));
#4318 = CARTESIAN_POINT('',(1.248185696867E-02,6.252466429234));
#4319 = CARTESIAN_POINT('',(3.746712491578E-02,6.377131822344));
#4320 = CARTESIAN_POINT('',(7.403328990586E-02,6.499002687632));
#4321 = CARTESIAN_POINT('',(0.120873812425,6.617234579295));
#4322 = CARTESIAN_POINT('',(0.214739038408,6.809445126544));
#4323 = CARTESIAN_POINT('',(0.257093592109,6.885690017448));
#4324 = CARTESIAN_POINT('',(0.303209775842,6.959894461159));
#4325 = CARTESIAN_POINT('',(0.352679747378,7.032011841132));
#4326 = CARTESIAN_POINT('',(0.405133829699,7.102049140086));
#4327 = CARTESIAN_POINT('',(0.570044334524,7.305451256994));
#4328 = CARTESIAN_POINT('',(0.690365671371,7.432689141802));
#4329 = CARTESIAN_POINT('',(0.818896852524,7.552280058075));
#4330 = CARTESIAN_POINT('',(0.953872033029,7.664753354285));
#4331 = CARTESIAN_POINT('',(1.094030934352,7.770702564278));
#4332 = CARTESIAN_POINT('',(1.413621839221,7.991792105865));
#4333 = CARTESIAN_POINT('',(1.594969838569,8.10409062556));
#4334 = CARTESIAN_POINT('',(1.781239035047,8.208663368052));
#4335 = CARTESIAN_POINT('',(1.9714199716,8.306211281334));
#4336 = CARTESIAN_POINT('',(2.164794359873,8.397358085571));
#4337 = CARTESIAN_POINT('',(2.465740199869,8.528197210579));
#4338 = CARTESIAN_POINT('',(2.571312926824,8.572076651273));
#4339 = CARTESIAN_POINT('',(2.677586348851,8.614351764713));
#4340 = CARTESIAN_POINT('',(2.784494494222,8.655089638338));
#4341 = CARTESIAN_POINT('',(2.891981384649,8.694349827372));
#4342 = CARTESIAN_POINT('',(3.,8.732186624299));
#4343 = ( GEOMETRIC_REPRESENTATION_CONTEXT(2) 
PARAMETRIC_REPRESENTATION_CONTEXT() REPRESENTATION_CONTEXT('2D SPACE',''
  ) );
#4344 = PCURVE('',#1186,#4345);
#4345 = DEFINITIONAL_REPRESENTATION('',(#4346),#4374);
#4346 = B_SPLINE_CURVE_WITH_KNOTS('',6,(#4347,#4348,#4349,#4350,#4351,
    #4352,#4353,#4354,#4355,#4356,#4357,#4358,#4359,#4360,#4361,#4362,
    #4363,#4364,#4365,#4366,#4367,#4368,#4369,#4370,#4371,#4372,#4373),
  .UNSPECIFIED.,.F.,.F.,(7,5,5,5,5,7),(0.,0.179093933348,0.301853997553,
    0.546282957023,0.8420071473,1.),.UNSPECIFIED.);
#4347 = CARTESIAN_POINT('',(3.14159265359,-7.1));
#4348 = CARTESIAN_POINT('',(3.105534646381,-7.1));
#4349 = CARTESIAN_POINT('',(3.069459414672,-7.1));
#4350 = CARTESIAN_POINT('',(3.033756213915,-7.1));
#4351 = CARTESIAN_POINT('',(2.998682744562,-7.1));
#4352 = CARTESIAN_POINT('',(2.964424460884,-7.1));
#4353 = CARTESIAN_POINT('',(2.908267745897,-7.1));
#4354 = CARTESIAN_POINT('',(2.88585813365,-7.1));
#4355 = CARTESIAN_POINT('',(2.863898864349,-7.1));
#4356 = CARTESIAN_POINT('',(2.842396442908,-7.1));
#4357 = CARTESIAN_POINT('',(2.821345113745,-7.1));
#4358 = CARTESIAN_POINT('',(2.759682566006,-7.1));
#4359 = CARTESIAN_POINT('',(2.72039247927,-7.1));
#4360 = CARTESIAN_POINT('',(2.682694129191,-7.1));
#4361 = CARTESIAN_POINT('',(2.646446910915,-7.1));
#4362 = CARTESIAN_POINT('',(2.611498249212,-7.1));
#4363 = CARTESIAN_POINT('',(2.536757607437,-7.1));
#4364 = CARTESIAN_POINT('',(2.497523760102,-7.1));
#4365 = CARTESIAN_POINT('',(2.459703749553,-7.1));
#4366 = CARTESIAN_POINT('',(2.423121586095,-7.1));
#4367 = CARTESIAN_POINT('',(2.387619366254,-7.1));
#4368 = CARTESIAN_POINT('',(2.334585504003,-7.1));
#4369 = CARTESIAN_POINT('',(2.316387739954,-7.1));
#4370 = CARTESIAN_POINT('',(2.298439630357,-7.1));
#4371 = CARTESIAN_POINT('',(2.280723790779,-7.1));
#4372 = CARTESIAN_POINT('',(2.263224681185,-7.1));
#4373 = CARTESIAN_POINT('',(2.245927859732,-7.1));
#4374 = ( GEOMETRIC_REPRESENTATION_CONTEXT(2) 
PARAMETRIC_REPRESENTATION_CONTEXT() REPRESENTATION_CONTEXT('2D SPACE',''
  ) );
#4375 = ORIENTED_EDGE('',*,*,#4376,.T.);
#4376 = EDGE_CURVE('',#4282,#3923,#4377,.T.);
#4377 = SURFACE_CURVE('',#4378,(#4382,#4389),.PCURVE_S1.);
#4378 = LINE('',#4379,#4380);
#4379 = CARTESIAN_POINT('',(-5.,10.53,18.9000001));
#4380 = VECTOR('',#4381,1.);
#4381 = DIRECTION('',(0.,-1.,0.));
#4382 = PCURVE('',#269,#4383);
#4383 = DEFINITIONAL_REPRESENTATION('',(#4384),#4388);
#4384 = LINE('',#4385,#4386);
#4385 = CARTESIAN_POINT('',(3.,-10.53));
#4386 = VECTOR('',#4387,1.);
#4387 = DIRECTION('',(0.,1.));
#4388 = ( GEOMETRIC_REPRESENTATION_CONTEXT(2) 
PARAMETRIC_REPRESENTATION_CONTEXT() REPRESENTATION_CONTEXT('2D SPACE',''
  ) );
#4389 = PCURVE('',#4390,#4395);
#4390 = PLANE('',#4391);
#4391 = AXIS2_PLACEMENT_3D('',#4392,#4393,#4394);
#4392 = CARTESIAN_POINT('',(-5.,10.53,22.1000001));
#4393 = DIRECTION('',(-1.,0.,-1.110223024625E-16));
#4394 = DIRECTION('',(0.,-1.,0.));
#4395 = DEFINITIONAL_REPRESENTATION('',(#4396),#4400);
#4396 = LINE('',#4397,#4398);
#4397 = CARTESIAN_POINT('',(0.,-3.2));
#4398 = VECTOR('',#4399,1.);
#4399 = DIRECTION('',(1.,0.));
#4400 = ( GEOMETRIC_REPRESENTATION_CONTEXT(2) 
PARAMETRIC_REPRESENTATION_CONTEXT() REPRESENTATION_CONTEXT('2D SPACE',''
  ) );
#4401 = ADVANCED_FACE('',(#4402),#198,.T.);
#4402 = FACE_BOUND('',#4403,.T.);
#4403 = EDGE_LOOP('',(#4404,#4427,#4428,#4429));
#4404 = ORIENTED_EDGE('',*,*,#4405,.F.);
#4405 = EDGE_CURVE('',#89,#4406,#4408,.T.);
#4406 = VERTEX_POINT('',#4407);
#4407 = CARTESIAN_POINT('',(-5.,10.53,22.1000001));
#4408 = SURFACE_CURVE('',#4409,(#4413,#4420),.PCURVE_S1.);
#4409 = LINE('',#4410,#4411);
#4410 = CARTESIAN_POINT('',(-11.,10.53,22.1000001));
#4411 = VECTOR('',#4412,1.);
#4412 = DIRECTION('',(1.,0.,1.110223024625E-16));
#4413 = PCURVE('',#198,#4414);
#4414 = DEFINITIONAL_REPRESENTATION('',(#4415),#4419);
#4415 = LINE('',#4416,#4417);
#4416 = CARTESIAN_POINT('',(0.,0.));
#4417 = VECTOR('',#4418,1.);
#4418 = DIRECTION('',(1.,0.));
#4419 = ( GEOMETRIC_REPRESENTATION_CONTEXT(2) 
PARAMETRIC_REPRESENTATION_CONTEXT() REPRESENTATION_CONTEXT('2D SPACE',''
  ) );
#4420 = PCURVE('',#144,#4421);
#4421 = DEFINITIONAL_REPRESENTATION('',(#4422),#4426);
#4422 = LINE('',#4423,#4424);
#4423 = CARTESIAN_POINT('',(-3.,-10.53));
#4424 = VECTOR('',#4425,1.);
#4425 = DIRECTION('',(1.,0.));
#4426 = ( GEOMETRIC_REPRESENTATION_CONTEXT(2) 
PARAMETRIC_REPRESENTATION_CONTEXT() REPRESENTATION_CONTEXT('2D SPACE',''
  ) );
#4427 = ORIENTED_EDGE('',*,*,#176,.F.);
#4428 = ORIENTED_EDGE('',*,*,#4035,.T.);
#4429 = ORIENTED_EDGE('',*,*,#4430,.F.);
#4430 = EDGE_CURVE('',#4406,#4036,#4431,.T.);
#4431 = SURFACE_CURVE('',#4432,(#4436,#4443),.PCURVE_S1.);
#4432 = LINE('',#4433,#4434);
#4433 = CARTESIAN_POINT('',(-5.,10.53,22.1000001));
#4434 = VECTOR('',#4435,1.);
#4435 = DIRECTION('',(1.110223024625E-16,0.,-1.));
#4436 = PCURVE('',#198,#4437);
#4437 = DEFINITIONAL_REPRESENTATION('',(#4438),#4442);
#4438 = LINE('',#4439,#4440);
#4439 = CARTESIAN_POINT('',(6.,2.886579864025E-15));
#4440 = VECTOR('',#4441,1.);
#4441 = DIRECTION('',(0.,-1.));
#4442 = ( GEOMETRIC_REPRESENTATION_CONTEXT(2) 
PARAMETRIC_REPRESENTATION_CONTEXT() REPRESENTATION_CONTEXT('2D SPACE',''
  ) );
#4443 = PCURVE('',#4074,#4444);
#4444 = DEFINITIONAL_REPRESENTATION('',(#4445),#4449);
#4445 = LINE('',#4446,#4447);
#4446 = CARTESIAN_POINT('',(0.,0.));
#4447 = VECTOR('',#4448,1.);
#4448 = DIRECTION('',(0.,-1.));
#4449 = ( GEOMETRIC_REPRESENTATION_CONTEXT(2) 
PARAMETRIC_REPRESENTATION_CONTEXT() REPRESENTATION_CONTEXT('2D SPACE',''
  ) );
#4450 = ADVANCED_FACE('',(#4451),#144,.T.);
#4451 = FACE_BOUND('',#4452,.T.);
#4452 = EDGE_LOOP('',(#4453,#4478,#4561,#4582,#4583,#4584,#4607,#4687,
    #4710,#4733,#4756,#4779,#4802,#4897));
#4453 = ORIENTED_EDGE('',*,*,#4454,.T.);
#4454 = EDGE_CURVE('',#4455,#4457,#4459,.T.);
#4455 = VERTEX_POINT('',#4456);
#4456 = CARTESIAN_POINT('',(-5.,-10.53,22.1000001));
#4457 = VERTEX_POINT('',#4458);
#4458 = CARTESIAN_POINT('',(-6.190932427456,-10.53,22.1000001));
#4459 = SURFACE_CURVE('',#4460,(#4464,#4471),.PCURVE_S1.);
#4460 = LINE('',#4461,#4462);
#4461 = CARTESIAN_POINT('',(-5.,-10.53,22.1000001));
#4462 = VECTOR('',#4463,1.);
#4463 = DIRECTION('',(-1.,0.,-1.110223024625E-16));
#4464 = PCURVE('',#144,#4465);
#4465 = DEFINITIONAL_REPRESENTATION('',(#4466),#4470);
#4466 = LINE('',#4467,#4468);
#4467 = CARTESIAN_POINT('',(3.,10.53));
#4468 = VECTOR('',#4469,1.);
#4469 = DIRECTION('',(-1.,-0.));
#4470 = ( GEOMETRIC_REPRESENTATION_CONTEXT(2) 
PARAMETRIC_REPRESENTATION_CONTEXT() REPRESENTATION_CONTEXT('2D SPACE',''
  ) );
#4471 = PCURVE('',#3940,#4472);
#4472 = DEFINITIONAL_REPRESENTATION('',(#4473),#4477);
#4473 = LINE('',#4474,#4475);
#4474 = CARTESIAN_POINT('',(0.,0.));
#4475 = VECTOR('',#4476,1.);
#4476 = DIRECTION('',(1.,0.));
#4477 = ( GEOMETRIC_REPRESENTATION_CONTEXT(2) 
PARAMETRIC_REPRESENTATION_CONTEXT() REPRESENTATION_CONTEXT('2D SPACE',''
  ) );
#4478 = ORIENTED_EDGE('',*,*,#4479,.F.);
#4479 = EDGE_CURVE('',#4480,#4457,#4482,.T.);
#4480 = VERTEX_POINT('',#4481);
#4481 = CARTESIAN_POINT('',(-10.2,-6.,22.1000001));
#4482 = SURFACE_CURVE('',#4483,(#4507,#4534),.PCURVE_S1.);
#4483 = B_SPLINE_CURVE_WITH_KNOTS('',8,(#4484,#4485,#4486,#4487,#4488,
    #4489,#4490,#4491,#4492,#4493,#4494,#4495,#4496,#4497,#4498,#4499,
    #4500,#4501,#4502,#4503,#4504,#4505,#4506),.UNSPECIFIED.,.F.,.F.,(9,
    7,7,9),(0.,0.238681335228,0.39187345257,1.),.UNSPECIFIED.);
#4484 = CARTESIAN_POINT('',(-10.2,-6.,22.1000001));
#4485 = CARTESIAN_POINT('',(-10.2,-6.190121167121,22.1000001));
#4486 = CARTESIAN_POINT('',(-10.18703083837,-6.380305005,22.1000001));
#4487 = CARTESIAN_POINT('',(-10.16107871423,-6.569406563087,22.1000001)
  );
#4488 = CARTESIAN_POINT('',(-10.12247179383,-6.756450286824,22.1000001)
  );
#4489 = CARTESIAN_POINT('',(-10.07178486005,-6.94061126145,22.1000001));
#4490 = CARTESIAN_POINT('',(-10.0097623148,-7.121199593404,22.1000001));
#4491 = CARTESIAN_POINT('',(-9.937259534613,-7.297647929352,22.1000001)
  );
#4492 = CARTESIAN_POINT('',(-9.802536212222,-7.57980276207,22.1000001));
#4493 = CARTESIAN_POINT('',(-9.74591518724,-7.688249595778,22.1000001));
#4494 = CARTESIAN_POINT('',(-9.685564009353,-7.794754001194,22.1000001)
  );
#4495 = CARTESIAN_POINT('',(-9.621706906205,-7.899251182115,22.1000001)
  );
#4496 = CARTESIAN_POINT('',(-9.55456364718,-8.001697683307,22.1000001));
#4497 = CARTESIAN_POINT('',(-9.484345362736,-8.102068914925,22.1000001)
  );
#4498 = CARTESIAN_POINT('',(-9.411250363727,-8.200356676943,22.1000001)
  );
#4499 = CARTESIAN_POINT('',(-9.034594897306,-8.678491420767,22.1000001)
  );
#4500 = CARTESIAN_POINT('',(-8.692280956782,-9.026379189736,22.1000001)
  );
#4501 = CARTESIAN_POINT('',(-8.318790020119,-9.343027009359,22.1000001)
  );
#4502 = CARTESIAN_POINT('',(-7.921720930192,-9.630322927416,22.1000001)
  );
#4503 = CARTESIAN_POINT('',(-7.507127588463,-9.890504988749,22.1000001)
  );
#4504 = CARTESIAN_POINT('',(-7.079158519071,-10.12573540972,22.1000001)
  );
#4505 = CARTESIAN_POINT('',(-6.640256989968,-10.33823586325,22.1000001)
  );
#4506 = CARTESIAN_POINT('',(-6.190932427456,-10.53,22.1000001));
#4507 = PCURVE('',#144,#4508);
#4508 = DEFINITIONAL_REPRESENTATION('',(#4509),#4533);
#4509 = B_SPLINE_CURVE_WITH_KNOTS('',8,(#4510,#4511,#4512,#4513,#4514,
    #4515,#4516,#4517,#4518,#4519,#4520,#4521,#4522,#4523,#4524,#4525,
    #4526,#4527,#4528,#4529,#4530,#4531,#4532),.UNSPECIFIED.,.F.,.F.,(9,
    7,7,9),(0.,0.238681335228,0.39187345257,1.),.UNSPECIFIED.);
#4510 = CARTESIAN_POINT('',(-2.2,6.));
#4511 = CARTESIAN_POINT('',(-2.2,6.190121167121));
#4512 = CARTESIAN_POINT('',(-2.187030838377,6.380305005));
#4513 = CARTESIAN_POINT('',(-2.161078714235,6.569406563087));
#4514 = CARTESIAN_POINT('',(-2.122471793838,6.756450286824));
#4515 = CARTESIAN_POINT('',(-2.071784860051,6.94061126145));
#4516 = CARTESIAN_POINT('',(-2.009762314808,7.121199593404));
#4517 = CARTESIAN_POINT('',(-1.937259534613,7.297647929352));
#4518 = CARTESIAN_POINT('',(-1.802536212222,7.57980276207));
#4519 = CARTESIAN_POINT('',(-1.74591518724,7.688249595778));
#4520 = CARTESIAN_POINT('',(-1.685564009353,7.794754001194));
#4521 = CARTESIAN_POINT('',(-1.621706906205,7.899251182115));
#4522 = CARTESIAN_POINT('',(-1.55456364718,8.001697683307));
#4523 = CARTESIAN_POINT('',(-1.484345362736,8.102068914925));
#4524 = CARTESIAN_POINT('',(-1.411250363727,8.200356676943));
#4525 = CARTESIAN_POINT('',(-1.034594897306,8.678491420767));
#4526 = CARTESIAN_POINT('',(-0.692280956782,9.026379189736));
#4527 = CARTESIAN_POINT('',(-0.318790020119,9.343027009359));
#4528 = CARTESIAN_POINT('',(7.827906980761E-02,9.630322927416));
#4529 = CARTESIAN_POINT('',(0.492872411537,9.890504988749));
#4530 = CARTESIAN_POINT('',(0.920841480929,10.125735409723));
#4531 = CARTESIAN_POINT('',(1.359743010032,10.338235863252));
#4532 = CARTESIAN_POINT('',(1.809067572544,10.53));
#4533 = ( GEOMETRIC_REPRESENTATION_CONTEXT(2) 
PARAMETRIC_REPRESENTATION_CONTEXT() REPRESENTATION_CONTEXT('2D SPACE',''
  ) );
#4534 = PCURVE('',#1285,#4535);
#4535 = DEFINITIONAL_REPRESENTATION('',(#4536),#4560);
#4536 = B_SPLINE_CURVE_WITH_KNOTS('',8,(#4537,#4538,#4539,#4540,#4541,
    #4542,#4543,#4544,#4545,#4546,#4547,#4548,#4549,#4550,#4551,#4552,
    #4553,#4554,#4555,#4556,#4557,#4558,#4559),.UNSPECIFIED.,.F.,.F.,(9,
    7,7,9),(0.,0.238681335228,0.39187345257,1.),.UNSPECIFIED.);
#4537 = CARTESIAN_POINT('',(3.14159265359,-1.9));
#4538 = CARTESIAN_POINT('',(3.108238062867,-1.9));
#4539 = CARTESIAN_POINT('',(3.074872501097,-1.9));
#4540 = CARTESIAN_POINT('',(3.041640180332,-1.9));
#4541 = CARTESIAN_POINT('',(3.008655741718,-1.9));
#4542 = CARTESIAN_POINT('',(2.976012274507,-1.9));
#4543 = CARTESIAN_POINT('',(2.943787076097,-1.9));
#4544 = CARTESIAN_POINT('',(2.912045153085,-1.9));
#4545 = CARTESIAN_POINT('',(2.860812451984,-1.9));
#4546 = CARTESIAN_POINT('',(2.840998738912,-1.9));
#4547 = CARTESIAN_POINT('',(2.821407723131,-1.9));
#4548 = CARTESIAN_POINT('',(2.802044961328,-1.9));
#4549 = CARTESIAN_POINT('',(2.782913423532,-1.9));
#4550 = CARTESIAN_POINT('',(2.764013748765,-1.9));
#4551 = CARTESIAN_POINT('',(2.7453445007,-1.9));
#4552 = CARTESIAN_POINT('',(2.653692932895,-1.9));
#4553 = CARTESIAN_POINT('',(2.58431136263,-1.9));
#4554 = CARTESIAN_POINT('',(2.518117235146,-1.9));
#4555 = CARTESIAN_POINT('',(2.454768700107,-1.9));
#4556 = CARTESIAN_POINT('',(2.393924940948,-1.9));
#4557 = CARTESIAN_POINT('',(2.335272759398,-1.9));
#4558 = CARTESIAN_POINT('',(2.278447717286,-1.9));
#4559 = CARTESIAN_POINT('',(2.223018768528,-1.9));
#4560 = ( GEOMETRIC_REPRESENTATION_CONTEXT(2) 
PARAMETRIC_REPRESENTATION_CONTEXT() REPRESENTATION_CONTEXT('2D SPACE',''
  ) );
#4561 = ORIENTED_EDGE('',*,*,#4562,.T.);
#4562 = EDGE_CURVE('',#4480,#61,#4563,.T.);
#4563 = SURFACE_CURVE('',#4564,(#4568,#4575),.PCURVE_S1.);
#4564 = LINE('',#4565,#4566);
#4565 = CARTESIAN_POINT('',(-10.2,-3.,22.1000001));
#4566 = VECTOR('',#4567,1.);
#4567 = DIRECTION('',(0.,1.,0.));
#4568 = PCURVE('',#144,#4569);
#4569 = DEFINITIONAL_REPRESENTATION('',(#4570),#4574);
#4570 = LINE('',#4571,#4572);
#4571 = CARTESIAN_POINT('',(-2.2,3.));
#4572 = VECTOR('',#4573,1.);
#4573 = DIRECTION('',(0.,-1.));
#4574 = ( GEOMETRIC_REPRESENTATION_CONTEXT(2) 
PARAMETRIC_REPRESENTATION_CONTEXT() REPRESENTATION_CONTEXT('2D SPACE',''
  ) );
#4575 = PCURVE('',#76,#4576);
#4576 = DEFINITIONAL_REPRESENTATION('',(#4577),#4581);
#4577 = LINE('',#4578,#4579);
#4578 = CARTESIAN_POINT('',(3.,-1.9));
#4579 = VECTOR('',#4580,1.);
#4580 = DIRECTION('',(1.,0.));
#4581 = ( GEOMETRIC_REPRESENTATION_CONTEXT(2) 
PARAMETRIC_REPRESENTATION_CONTEXT() REPRESENTATION_CONTEXT('2D SPACE',''
  ) );
#4582 = ORIENTED_EDGE('',*,*,#88,.F.);
#4583 = ORIENTED_EDGE('',*,*,#4405,.T.);
#4584 = ORIENTED_EDGE('',*,*,#4585,.T.);
#4585 = EDGE_CURVE('',#4406,#4586,#4588,.T.);
#4586 = VERTEX_POINT('',#4587);
#4587 = CARTESIAN_POINT('',(-5.,8.732186624299,22.1000001));
#4588 = SURFACE_CURVE('',#4589,(#4593,#4600),.PCURVE_S1.);
#4589 = LINE('',#4590,#4591);
#4590 = CARTESIAN_POINT('',(-5.,10.53,22.1000001));
#4591 = VECTOR('',#4592,1.);
#4592 = DIRECTION('',(0.,-1.,0.));
#4593 = PCURVE('',#144,#4594);
#4594 = DEFINITIONAL_REPRESENTATION('',(#4595),#4599);
#4595 = LINE('',#4596,#4597);
#4596 = CARTESIAN_POINT('',(3.,-10.53));
#4597 = VECTOR('',#4598,1.);
#4598 = DIRECTION('',(0.,1.));
#4599 = ( GEOMETRIC_REPRESENTATION_CONTEXT(2) 
PARAMETRIC_REPRESENTATION_CONTEXT() REPRESENTATION_CONTEXT('2D SPACE',''
  ) );
#4600 = PCURVE('',#4074,#4601);
#4601 = DEFINITIONAL_REPRESENTATION('',(#4602),#4606);
#4602 = LINE('',#4603,#4604);
#4603 = CARTESIAN_POINT('',(0.,0.));
#4604 = VECTOR('',#4605,1.);
#4605 = DIRECTION('',(1.,0.));
#4606 = ( GEOMETRIC_REPRESENTATION_CONTEXT(2) 
PARAMETRIC_REPRESENTATION_CONTEXT() REPRESENTATION_CONTEXT('2D SPACE',''
  ) );
#4607 = ORIENTED_EDGE('',*,*,#4608,.T.);
#4608 = EDGE_CURVE('',#4586,#4609,#4611,.T.);
#4609 = VERTEX_POINT('',#4610);
#4610 = CARTESIAN_POINT('',(-8.,6.,22.1000001));
#4611 = SURFACE_CURVE('',#4612,(#4635,#4661),.PCURVE_S1.);
#4612 = B_SPLINE_CURVE_WITH_KNOTS('',6,(#4613,#4614,#4615,#4616,#4617,
    #4618,#4619,#4620,#4621,#4622,#4623,#4624,#4625,#4626,#4627,#4628,
    #4629,#4630,#4631,#4632,#4633,#4634),.UNSPECIFIED.,.F.,.F.,(7,5,5,5,
    7),(0.,0.337782905588,0.620842547574,0.792498210747,1.),
  .UNSPECIFIED.);
#4613 = CARTESIAN_POINT('',(-5.,8.732186624299,22.1000001));
#4614 = CARTESIAN_POINT('',(-5.230932522389,8.65129550266,22.1000001));
#4615 = CARTESIAN_POINT('',(-5.459389177269,8.563913746089,22.1000001));
#4616 = CARTESIAN_POINT('',(-5.684992151005,8.469493739306,22.1000001));
#4617 = CARTESIAN_POINT('',(-5.90708533403,8.367366206713,22.1000001));
#4618 = CARTESIAN_POINT('',(-6.124742967621,8.256753479127,22.1000001));
#4619 = CARTESIAN_POINT('',(-6.514158403062,8.035684169583,22.1000001));
#4620 = CARTESIAN_POINT('',(-6.687509620489,7.928177565889,22.1000001));
#4621 = CARTESIAN_POINT('',(-6.856012684967,7.813208735281,22.1000001));
#4622 = CARTESIAN_POINT('',(-7.018412164347,7.689974055621,22.1000001));
#4623 = CARTESIAN_POINT('',(-7.172897506504,7.55766596154,22.1000001));
#4624 = CARTESIAN_POINT('',(-7.404158703416,7.328808616925,22.1000001));
#4625 = CARTESIAN_POINT('',(-7.487541173801,7.238727148118,22.1000001));
#4626 = CARTESIAN_POINT('',(-7.566417728695,7.144733091487,22.1000001));
#4627 = CARTESIAN_POINT('',(-7.6399809514,7.046682538392,22.1000001));
#4628 = CARTESIAN_POINT('',(-7.707229917929,6.944535177464,22.1000001));
#4629 = CARTESIAN_POINT('',(-7.839409870243,6.710158571663,22.1000001));
#4630 = CARTESIAN_POINT('',(-7.901008356469,6.575954294845,22.1000001));
#4631 = CARTESIAN_POINT('',(-7.949674433473,6.43640406158,22.1000001));
#4632 = CARTESIAN_POINT('',(-7.983235323564,6.292599967654,22.1000001));
#4633 = CARTESIAN_POINT('',(-8.,6.146259140703,22.1000001));
#4634 = CARTESIAN_POINT('',(-8.,6.,22.1000001));
#4635 = PCURVE('',#144,#4636);
#4636 = DEFINITIONAL_REPRESENTATION('',(#4637),#4660);
#4637 = B_SPLINE_CURVE_WITH_KNOTS('',6,(#4638,#4639,#4640,#4641,#4642,
    #4643,#4644,#4645,#4646,#4647,#4648,#4649,#4650,#4651,#4652,#4653,
    #4654,#4655,#4656,#4657,#4658,#4659),.UNSPECIFIED.,.F.,.F.,(7,5,5,5,
    7),(0.,0.337782905588,0.620842547574,0.792498210747,1.),
  .UNSPECIFIED.);
#4638 = CARTESIAN_POINT('',(3.,-8.732186624299));
#4639 = CARTESIAN_POINT('',(2.769067477611,-8.65129550266));
#4640 = CARTESIAN_POINT('',(2.540610822731,-8.563913746089));
#4641 = CARTESIAN_POINT('',(2.315007848995,-8.469493739306));
#4642 = CARTESIAN_POINT('',(2.09291466597,-8.367366206713));
#4643 = CARTESIAN_POINT('',(1.875257032379,-8.256753479127));
#4644 = CARTESIAN_POINT('',(1.485841596938,-8.035684169583));
#4645 = CARTESIAN_POINT('',(1.312490379511,-7.928177565889));
#4646 = CARTESIAN_POINT('',(1.143987315033,-7.813208735281));
#4647 = CARTESIAN_POINT('',(0.981587835653,-7.689974055621));
#4648 = CARTESIAN_POINT('',(0.827102493496,-7.55766596154));
#4649 = CARTESIAN_POINT('',(0.595841296584,-7.328808616925));
#4650 = CARTESIAN_POINT('',(0.512458826199,-7.238727148118));
#4651 = CARTESIAN_POINT('',(0.433582271305,-7.144733091487));
#4652 = CARTESIAN_POINT('',(0.3600190486,-7.046682538392));
#4653 = CARTESIAN_POINT('',(0.292770082071,-6.944535177464));
#4654 = CARTESIAN_POINT('',(0.160590129757,-6.710158571663));
#4655 = CARTESIAN_POINT('',(9.899164353085E-02,-6.575954294845));
#4656 = CARTESIAN_POINT('',(5.03255665274E-02,-6.43640406158));
#4657 = CARTESIAN_POINT('',(1.676467643591E-02,-6.292599967654));
#4658 = CARTESIAN_POINT('',(-8.881784197001E-16,-6.146259140703));
#4659 = CARTESIAN_POINT('',(-8.881784197001E-16,-6.));
#4660 = ( GEOMETRIC_REPRESENTATION_CONTEXT(2) 
PARAMETRIC_REPRESENTATION_CONTEXT() REPRESENTATION_CONTEXT('2D SPACE',''
  ) );
#4661 = PCURVE('',#898,#4662);
#4662 = DEFINITIONAL_REPRESENTATION('',(#4663),#4686);
#4663 = B_SPLINE_CURVE_WITH_KNOTS('',6,(#4664,#4665,#4666,#4667,#4668,
    #4669,#4670,#4671,#4672,#4673,#4674,#4675,#4676,#4677,#4678,#4679,
    #4680,#4681,#4682,#4683,#4684,#4685),.UNSPECIFIED.,.F.,.F.,(7,5,5,5,
    7),(0.,0.337782905588,0.620842547574,0.792498210747,1.),
  .UNSPECIFIED.);
#4664 = CARTESIAN_POINT('',(4.037257447448,-3.9));
#4665 = CARTESIAN_POINT('',(4.000278648984,-3.9));
#4666 = CARTESIAN_POINT('',(3.96238230548,-3.9));
#4667 = CARTESIAN_POINT('',(3.923417092099,-3.9));
#4668 = CARTESIAN_POINT('',(3.883211942788,-3.9));
#4669 = CARTESIAN_POINT('',(3.841571498437,-3.9));
#4670 = CARTESIAN_POINT('',(3.761828379232,-3.9));
#4671 = CARTESIAN_POINT('',(3.724271547754,-3.9));
#4672 = CARTESIAN_POINT('',(3.685309945102,-3.9));
#4673 = CARTESIAN_POINT('',(3.644740329595,-3.9));
#4674 = CARTESIAN_POINT('',(3.602357838744,-3.9));
#4675 = CARTESIAN_POINT('',(3.530865054059,-3.9));
#4676 = CARTESIAN_POINT('',(3.503110909543,-3.9));
#4677 = CARTESIAN_POINT('',(3.474526640714,-3.9));
#4678 = CARTESIAN_POINT('',(3.445070255123,-3.9));
#4679 = CARTESIAN_POINT('',(3.414721365284,-3.9));
#4680 = CARTESIAN_POINT('',(3.345748400891,-3.9));
#4681 = CARTESIAN_POINT('',(3.306676360161,-3.9));
#4682 = CARTESIAN_POINT('',(3.266411216192,-3.9));
#4683 = CARTESIAN_POINT('',(3.225192558943,-3.9));
#4684 = CARTESIAN_POINT('',(3.183380979505,-3.9));
#4685 = CARTESIAN_POINT('',(3.14159265359,-3.9));
#4686 = ( GEOMETRIC_REPRESENTATION_CONTEXT(2) 
PARAMETRIC_REPRESENTATION_CONTEXT() REPRESENTATION_CONTEXT('2D SPACE',''
  ) );
#4687 = ORIENTED_EDGE('',*,*,#4688,.F.);
#4688 = EDGE_CURVE('',#4689,#4609,#4691,.T.);
#4689 = VERTEX_POINT('',#4690);
#4690 = CARTESIAN_POINT('',(-8.,1.1,22.1000001));
#4691 = SURFACE_CURVE('',#4692,(#4696,#4703),.PCURVE_S1.);
#4692 = LINE('',#4693,#4694);
#4693 = CARTESIAN_POINT('',(-8.,-3.,22.1000001));
#4694 = VECTOR('',#4695,1.);
#4695 = DIRECTION('',(0.,1.,0.));
#4696 = PCURVE('',#144,#4697);
#4697 = DEFINITIONAL_REPRESENTATION('',(#4698),#4702);
#4698 = LINE('',#4699,#4700);
#4699 = CARTESIAN_POINT('',(-8.881784197001E-16,3.));
#4700 = VECTOR('',#4701,1.);
#4701 = DIRECTION('',(0.,-1.));
#4702 = ( GEOMETRIC_REPRESENTATION_CONTEXT(2) 
PARAMETRIC_REPRESENTATION_CONTEXT() REPRESENTATION_CONTEXT('2D SPACE',''
  ) );
#4703 = PCURVE('',#964,#4704);
#4704 = DEFINITIONAL_REPRESENTATION('',(#4705),#4709);
#4705 = LINE('',#4706,#4707);
#4706 = CARTESIAN_POINT('',(3.,-3.9));
#4707 = VECTOR('',#4708,1.);
#4708 = DIRECTION('',(1.,0.));
#4709 = ( GEOMETRIC_REPRESENTATION_CONTEXT(2) 
PARAMETRIC_REPRESENTATION_CONTEXT() REPRESENTATION_CONTEXT('2D SPACE',''
  ) );
#4710 = ORIENTED_EDGE('',*,*,#4711,.T.);
#4711 = EDGE_CURVE('',#4689,#4712,#4714,.T.);
#4712 = VERTEX_POINT('',#4713);
#4713 = CARTESIAN_POINT('',(-9.2,1.1,22.1000001));
#4714 = SURFACE_CURVE('',#4715,(#4719,#4726),.PCURVE_S1.);
#4715 = LINE('',#4716,#4717);
#4716 = CARTESIAN_POINT('',(-8.6,1.1,22.1000001));
#4717 = VECTOR('',#4718,1.);
#4718 = DIRECTION('',(-1.,0.,-1.110223024625E-16));
#4719 = PCURVE('',#144,#4720);
#4720 = DEFINITIONAL_REPRESENTATION('',(#4721),#4725);
#4721 = LINE('',#4722,#4723);
#4722 = CARTESIAN_POINT('',(-0.6,-1.1));
#4723 = VECTOR('',#4724,1.);
#4724 = DIRECTION('',(-1.,-0.));
#4725 = ( GEOMETRIC_REPRESENTATION_CONTEXT(2) 
PARAMETRIC_REPRESENTATION_CONTEXT() REPRESENTATION_CONTEXT('2D SPACE',''
  ) );
#4726 = PCURVE('',#992,#4727);
#4727 = DEFINITIONAL_REPRESENTATION('',(#4728),#4732);
#4728 = LINE('',#4729,#4730);
#4729 = CARTESIAN_POINT('',(0.6,1.9));
#4730 = VECTOR('',#4731,1.);
#4731 = DIRECTION('',(-1.,0.));
#4732 = ( GEOMETRIC_REPRESENTATION_CONTEXT(2) 
PARAMETRIC_REPRESENTATION_CONTEXT() REPRESENTATION_CONTEXT('2D SPACE',''
  ) );
#4733 = ORIENTED_EDGE('',*,*,#4734,.F.);
#4734 = EDGE_CURVE('',#4735,#4712,#4737,.T.);
#4735 = VERTEX_POINT('',#4736);
#4736 = CARTESIAN_POINT('',(-9.2,-1.1,22.1000001));
#4737 = SURFACE_CURVE('',#4738,(#4742,#4749),.PCURVE_S1.);
#4738 = LINE('',#4739,#4740);
#4739 = CARTESIAN_POINT('',(-9.2,-0.55,22.1000001));
#4740 = VECTOR('',#4741,1.);
#4741 = DIRECTION('',(0.,1.,0.));
#4742 = PCURVE('',#144,#4743);
#4743 = DEFINITIONAL_REPRESENTATION('',(#4744),#4748);
#4744 = LINE('',#4745,#4746);
#4745 = CARTESIAN_POINT('',(-1.2,0.55));
#4746 = VECTOR('',#4747,1.);
#4747 = DIRECTION('',(0.,-1.));
#4748 = ( GEOMETRIC_REPRESENTATION_CONTEXT(2) 
PARAMETRIC_REPRESENTATION_CONTEXT() REPRESENTATION_CONTEXT('2D SPACE',''
  ) );
#4749 = PCURVE('',#1020,#4750);
#4750 = DEFINITIONAL_REPRESENTATION('',(#4751),#4755);
#4751 = LINE('',#4752,#4753);
#4752 = CARTESIAN_POINT('',(1.9,0.55));
#4753 = VECTOR('',#4754,1.);
#4754 = DIRECTION('',(0.,1.));
#4755 = ( GEOMETRIC_REPRESENTATION_CONTEXT(2) 
PARAMETRIC_REPRESENTATION_CONTEXT() REPRESENTATION_CONTEXT('2D SPACE',''
  ) );
#4756 = ORIENTED_EDGE('',*,*,#4757,.F.);
#4757 = EDGE_CURVE('',#4758,#4735,#4760,.T.);
#4758 = VERTEX_POINT('',#4759);
#4759 = CARTESIAN_POINT('',(-8.,-1.1,22.1000001));
#4760 = SURFACE_CURVE('',#4761,(#4765,#4772),.PCURVE_S1.);
#4761 = LINE('',#4762,#4763);
#4762 = CARTESIAN_POINT('',(-8.6,-1.1,22.1000001));
#4763 = VECTOR('',#4764,1.);
#4764 = DIRECTION('',(-1.,0.,-1.110223024625E-16));
#4765 = PCURVE('',#144,#4766);
#4766 = DEFINITIONAL_REPRESENTATION('',(#4767),#4771);
#4767 = LINE('',#4768,#4769);
#4768 = CARTESIAN_POINT('',(-0.6,1.1));
#4769 = VECTOR('',#4770,1.);
#4770 = DIRECTION('',(-1.,-0.));
#4771 = ( GEOMETRIC_REPRESENTATION_CONTEXT(2) 
PARAMETRIC_REPRESENTATION_CONTEXT() REPRESENTATION_CONTEXT('2D SPACE',''
  ) );
#4772 = PCURVE('',#1048,#4773);
#4773 = DEFINITIONAL_REPRESENTATION('',(#4774),#4778);
#4774 = LINE('',#4775,#4776);
#4775 = CARTESIAN_POINT('',(0.6,1.9));
#4776 = VECTOR('',#4777,1.);
#4777 = DIRECTION('',(-1.,0.));
#4778 = ( GEOMETRIC_REPRESENTATION_CONTEXT(2) 
PARAMETRIC_REPRESENTATION_CONTEXT() REPRESENTATION_CONTEXT('2D SPACE',''
  ) );
#4779 = ORIENTED_EDGE('',*,*,#4780,.F.);
#4780 = EDGE_CURVE('',#4781,#4758,#4783,.T.);
#4781 = VERTEX_POINT('',#4782);
#4782 = CARTESIAN_POINT('',(-8.,-6.,22.1000001));
#4783 = SURFACE_CURVE('',#4784,(#4788,#4795),.PCURVE_S1.);
#4784 = LINE('',#4785,#4786);
#4785 = CARTESIAN_POINT('',(-8.,-3.,22.1000001));
#4786 = VECTOR('',#4787,1.);
#4787 = DIRECTION('',(0.,1.,0.));
#4788 = PCURVE('',#144,#4789);
#4789 = DEFINITIONAL_REPRESENTATION('',(#4790),#4794);
#4790 = LINE('',#4791,#4792);
#4791 = CARTESIAN_POINT('',(-8.881784197001E-16,3.));
#4792 = VECTOR('',#4793,1.);
#4793 = DIRECTION('',(0.,-1.));
#4794 = ( GEOMETRIC_REPRESENTATION_CONTEXT(2) 
PARAMETRIC_REPRESENTATION_CONTEXT() REPRESENTATION_CONTEXT('2D SPACE',''
  ) );
#4795 = PCURVE('',#1076,#4796);
#4796 = DEFINITIONAL_REPRESENTATION('',(#4797),#4801);
#4797 = LINE('',#4798,#4799);
#4798 = CARTESIAN_POINT('',(3.,-3.9));
#4799 = VECTOR('',#4800,1.);
#4800 = DIRECTION('',(1.,0.));
#4801 = ( GEOMETRIC_REPRESENTATION_CONTEXT(2) 
PARAMETRIC_REPRESENTATION_CONTEXT() REPRESENTATION_CONTEXT('2D SPACE',''
  ) );
#4802 = ORIENTED_EDGE('',*,*,#4803,.T.);
#4803 = EDGE_CURVE('',#4781,#4804,#4806,.T.);
#4804 = VERTEX_POINT('',#4805);
#4805 = CARTESIAN_POINT('',(-5.,-8.732186624299,22.1000001));
#4806 = SURFACE_CURVE('',#4807,(#4835,#4866),.PCURVE_S1.);
#4807 = B_SPLINE_CURVE_WITH_KNOTS('',6,(#4808,#4809,#4810,#4811,#4812,
    #4813,#4814,#4815,#4816,#4817,#4818,#4819,#4820,#4821,#4822,#4823,
    #4824,#4825,#4826,#4827,#4828,#4829,#4830,#4831,#4832,#4833,#4834),
  .UNSPECIFIED.,.F.,.F.,(7,5,5,5,5,7),(0.,0.179093933348,0.301853997553,
    0.546282957023,0.8420071473,1.),.UNSPECIFIED.);
#4808 = CARTESIAN_POINT('',(-8.,-6.,22.1000001));
#4809 = CARTESIAN_POINT('',(-8.,-6.126203025231,22.1000001));
#4810 = CARTESIAN_POINT('',(-7.987518143031,-6.252466429234,22.1000001)
  );
#4811 = CARTESIAN_POINT('',(-7.962532875084,-6.377131822344,22.1000001)
  );
#4812 = CARTESIAN_POINT('',(-7.925966710094,-6.499002687632,22.1000001)
  );
#4813 = CARTESIAN_POINT('',(-7.879126187575,-6.617234579295,22.1000001)
  );
#4814 = CARTESIAN_POINT('',(-7.785260961592,-6.809445126544,22.1000001)
  );
#4815 = CARTESIAN_POINT('',(-7.742906407891,-6.885690017448,22.1000001)
  );
#4816 = CARTESIAN_POINT('',(-7.696790224158,-6.959894461159,22.1000001)
  );
#4817 = CARTESIAN_POINT('',(-7.647320252622,-7.032011841132,22.1000001)
  );
#4818 = CARTESIAN_POINT('',(-7.594866170301,-7.102049140086,22.1000001)
  );
#4819 = CARTESIAN_POINT('',(-7.429955665476,-7.305451256994,22.1000001)
  );
#4820 = CARTESIAN_POINT('',(-7.309634328629,-7.432689141802,22.1000001)
  );
#4821 = CARTESIAN_POINT('',(-7.181103147476,-7.552280058075,22.1000001)
  );
#4822 = CARTESIAN_POINT('',(-7.046127966971,-7.664753354285,22.1000001)
  );
#4823 = CARTESIAN_POINT('',(-6.905969065648,-7.770702564278,22.1000001)
  );
#4824 = CARTESIAN_POINT('',(-6.586378160779,-7.991792105865,22.1000001)
  );
#4825 = CARTESIAN_POINT('',(-6.405030161431,-8.10409062556,22.1000001));
#4826 = CARTESIAN_POINT('',(-6.218760964953,-8.208663368052,22.1000001)
  );
#4827 = CARTESIAN_POINT('',(-6.0285800284,-8.306211281334,22.1000001));
#4828 = CARTESIAN_POINT('',(-5.835205640127,-8.397358085571,22.1000001)
  );
#4829 = CARTESIAN_POINT('',(-5.534259800131,-8.528197210579,22.1000001)
  );
#4830 = CARTESIAN_POINT('',(-5.428687073176,-8.572076651273,22.1000001)
  );
#4831 = CARTESIAN_POINT('',(-5.322413651149,-8.614351764713,22.1000001)
  );
#4832 = CARTESIAN_POINT('',(-5.215505505778,-8.655089638338,22.1000001)
  );
#4833 = CARTESIAN_POINT('',(-5.108018615351,-8.694349827372,22.1000001)
  );
#4834 = CARTESIAN_POINT('',(-5.,-8.732186624299,22.1000001));
#4835 = PCURVE('',#144,#4836);
#4836 = DEFINITIONAL_REPRESENTATION('',(#4837),#4865);
#4837 = B_SPLINE_CURVE_WITH_KNOTS('',6,(#4838,#4839,#4840,#4841,#4842,
    #4843,#4844,#4845,#4846,#4847,#4848,#4849,#4850,#4851,#4852,#4853,
    #4854,#4855,#4856,#4857,#4858,#4859,#4860,#4861,#4862,#4863,#4864),
  .UNSPECIFIED.,.F.,.F.,(7,5,5,5,5,7),(0.,0.179093933348,0.301853997553,
    0.546282957023,0.8420071473,1.),.UNSPECIFIED.);
#4838 = CARTESIAN_POINT('',(-8.881784197001E-16,6.));
#4839 = CARTESIAN_POINT('',(-8.881784197001E-16,6.126203025231));
#4840 = CARTESIAN_POINT('',(1.248185696867E-02,6.252466429234));
#4841 = CARTESIAN_POINT('',(3.746712491578E-02,6.377131822344));
#4842 = CARTESIAN_POINT('',(7.403328990586E-02,6.499002687632));
#4843 = CARTESIAN_POINT('',(0.120873812425,6.617234579295));
#4844 = CARTESIAN_POINT('',(0.214739038408,6.809445126544));
#4845 = CARTESIAN_POINT('',(0.257093592109,6.885690017448));
#4846 = CARTESIAN_POINT('',(0.303209775842,6.959894461159));
#4847 = CARTESIAN_POINT('',(0.352679747378,7.032011841132));
#4848 = CARTESIAN_POINT('',(0.405133829699,7.102049140086));
#4849 = CARTESIAN_POINT('',(0.570044334524,7.305451256994));
#4850 = CARTESIAN_POINT('',(0.690365671371,7.432689141802));
#4851 = CARTESIAN_POINT('',(0.818896852524,7.552280058075));
#4852 = CARTESIAN_POINT('',(0.953872033029,7.664753354285));
#4853 = CARTESIAN_POINT('',(1.094030934352,7.770702564278));
#4854 = CARTESIAN_POINT('',(1.413621839221,7.991792105865));
#4855 = CARTESIAN_POINT('',(1.594969838569,8.10409062556));
#4856 = CARTESIAN_POINT('',(1.781239035047,8.208663368052));
#4857 = CARTESIAN_POINT('',(1.9714199716,8.306211281334));
#4858 = CARTESIAN_POINT('',(2.164794359873,8.397358085571));
#4859 = CARTESIAN_POINT('',(2.465740199869,8.528197210579));
#4860 = CARTESIAN_POINT('',(2.571312926824,8.572076651273));
#4861 = CARTESIAN_POINT('',(2.677586348851,8.614351764713));
#4862 = CARTESIAN_POINT('',(2.784494494222,8.655089638338));
#4863 = CARTESIAN_POINT('',(2.891981384649,8.694349827372));
#4864 = CARTESIAN_POINT('',(3.,8.732186624299));
#4865 = ( GEOMETRIC_REPRESENTATION_CONTEXT(2) 
PARAMETRIC_REPRESENTATION_CONTEXT() REPRESENTATION_CONTEXT('2D SPACE',''
  ) );
#4866 = PCURVE('',#1186,#4867);
#4867 = DEFINITIONAL_REPRESENTATION('',(#4868),#4896);
#4868 = B_SPLINE_CURVE_WITH_KNOTS('',6,(#4869,#4870,#4871,#4872,#4873,
    #4874,#4875,#4876,#4877,#4878,#4879,#4880,#4881,#4882,#4883,#4884,
    #4885,#4886,#4887,#4888,#4889,#4890,#4891,#4892,#4893,#4894,#4895),
  .UNSPECIFIED.,.F.,.F.,(7,5,5,5,5,7),(0.,0.179093933348,0.301853997553,
    0.546282957023,0.8420071473,1.),.UNSPECIFIED.);
#4869 = CARTESIAN_POINT('',(3.14159265359,-3.9));
#4870 = CARTESIAN_POINT('',(3.105534646381,-3.9));
#4871 = CARTESIAN_POINT('',(3.069459414672,-3.9));
#4872 = CARTESIAN_POINT('',(3.033756213915,-3.9));
#4873 = CARTESIAN_POINT('',(2.998682744562,-3.9));
#4874 = CARTESIAN_POINT('',(2.964424460884,-3.9));
#4875 = CARTESIAN_POINT('',(2.908267745897,-3.9));
#4876 = CARTESIAN_POINT('',(2.88585813365,-3.9));
#4877 = CARTESIAN_POINT('',(2.863898864349,-3.9));
#4878 = CARTESIAN_POINT('',(2.842396442908,-3.9));
#4879 = CARTESIAN_POINT('',(2.821345113745,-3.9));
#4880 = CARTESIAN_POINT('',(2.759682566006,-3.9));
#4881 = CARTESIAN_POINT('',(2.72039247927,-3.9));
#4882 = CARTESIAN_POINT('',(2.682694129191,-3.9));
#4883 = CARTESIAN_POINT('',(2.646446910915,-3.9));
#4884 = CARTESIAN_POINT('',(2.611498249212,-3.9));
#4885 = CARTESIAN_POINT('',(2.536757607437,-3.9));
#4886 = CARTESIAN_POINT('',(2.497523760102,-3.9));
#4887 = CARTESIAN_POINT('',(2.459703749553,-3.9));
#4888 = CARTESIAN_POINT('',(2.423121586095,-3.9));
#4889 = CARTESIAN_POINT('',(2.387619366254,-3.9));
#4890 = CARTESIAN_POINT('',(2.334585504003,-3.9));
#4891 = CARTESIAN_POINT('',(2.316387739954,-3.9));
#4892 = CARTESIAN_POINT('',(2.298439630357,-3.9));
#4893 = CARTESIAN_POINT('',(2.280723790779,-3.9));
#4894 = CARTESIAN_POINT('',(2.263224681185,-3.9));
#4895 = CARTESIAN_POINT('',(2.245927859732,-3.9));
#4896 = ( GEOMETRIC_REPRESENTATION_CONTEXT(2) 
PARAMETRIC_REPRESENTATION_CONTEXT() REPRESENTATION_CONTEXT('2D SPACE',''
  ) );
#4897 = ORIENTED_EDGE('',*,*,#4898,.T.);
#4898 = EDGE_CURVE('',#4804,#4455,#4899,.T.);
#4899 = SURFACE_CURVE('',#4900,(#4904,#4911),.PCURVE_S1.);
#4900 = LINE('',#4901,#4902);
#4901 = CARTESIAN_POINT('',(-5.,10.53,22.1000001));
#4902 = VECTOR('',#4903,1.);
#4903 = DIRECTION('',(0.,-1.,0.));
#4904 = PCURVE('',#144,#4905);
#4905 = DEFINITIONAL_REPRESENTATION('',(#4906),#4910);
#4906 = LINE('',#4907,#4908);
#4907 = CARTESIAN_POINT('',(3.,-10.53));
#4908 = VECTOR('',#4909,1.);
#4909 = DIRECTION('',(0.,1.));
#4910 = ( GEOMETRIC_REPRESENTATION_CONTEXT(2) 
PARAMETRIC_REPRESENTATION_CONTEXT() REPRESENTATION_CONTEXT('2D SPACE',''
  ) );
#4911 = PCURVE('',#4390,#4912);
#4912 = DEFINITIONAL_REPRESENTATION('',(#4913),#4917);
#4913 = LINE('',#4914,#4915);
#4914 = CARTESIAN_POINT('',(0.,0.));
#4915 = VECTOR('',#4916,1.);
#4916 = DIRECTION('',(1.,0.));
#4917 = ( GEOMETRIC_REPRESENTATION_CONTEXT(2) 
PARAMETRIC_REPRESENTATION_CONTEXT() REPRESENTATION_CONTEXT('2D SPACE',''
  ) );
#4918 = ADVANCED_FACE('',(#4919),#76,.F.);
#4919 = FACE_BOUND('',#4920,.F.);
#4920 = EDGE_LOOP('',(#4921,#4922,#4943,#4944));
#4921 = ORIENTED_EDGE('',*,*,#765,.F.);
#4922 = ORIENTED_EDGE('',*,*,#4923,.T.);
#4923 = EDGE_CURVE('',#766,#4480,#4924,.T.);
#4924 = SURFACE_CURVE('',#4925,(#4929,#4936),.PCURVE_S1.);
#4925 = LINE('',#4926,#4927);
#4926 = CARTESIAN_POINT('',(-10.2,-6.,24.0000001));
#4927 = VECTOR('',#4928,1.);
#4928 = DIRECTION('',(1.110223024625E-16,0.,-1.));
#4929 = PCURVE('',#76,#4930);
#4930 = DEFINITIONAL_REPRESENTATION('',(#4931),#4935);
#4931 = LINE('',#4932,#4933);
#4932 = CARTESIAN_POINT('',(0.,0.));
#4933 = VECTOR('',#4934,1.);
#4934 = DIRECTION('',(0.,-1.));
#4935 = ( GEOMETRIC_REPRESENTATION_CONTEXT(2) 
PARAMETRIC_REPRESENTATION_CONTEXT() REPRESENTATION_CONTEXT('2D SPACE',''
  ) );
#4936 = PCURVE('',#1285,#4937);
#4937 = DEFINITIONAL_REPRESENTATION('',(#4938),#4942);
#4938 = LINE('',#4939,#4940);
#4939 = CARTESIAN_POINT('',(3.14159265359,0.));
#4940 = VECTOR('',#4941,1.);
#4941 = DIRECTION('',(0.,-1.));
#4942 = ( GEOMETRIC_REPRESENTATION_CONTEXT(2) 
PARAMETRIC_REPRESENTATION_CONTEXT() REPRESENTATION_CONTEXT('2D SPACE',''
  ) );
#4943 = ORIENTED_EDGE('',*,*,#4562,.T.);
#4944 = ORIENTED_EDGE('',*,*,#60,.F.);
#4945 = ADVANCED_FACE('',(#4946),#1285,.F.);
#4946 = FACE_BOUND('',#4947,.F.);
#4947 = EDGE_LOOP('',(#4948,#4949,#4972,#5012,#5046,#5086,#5109,#5149,
    #5186,#5226,#5247,#5248,#5249,#5250,#5280,#5281,#5282,#5283,#5313,
    #5314));
#4948 = ORIENTED_EDGE('',*,*,#1270,.F.);
#4949 = ORIENTED_EDGE('',*,*,#4950,.T.);
#4950 = EDGE_CURVE('',#1243,#4951,#4953,.T.);
#4951 = VERTEX_POINT('',#4952);
#4952 = CARTESIAN_POINT('',(1.565414464721E-15,-11.7,17.9000001));
#4953 = SURFACE_CURVE('',#4954,(#4958,#4965),.PCURVE_S1.);
#4954 = LINE('',#4955,#4956);
#4955 = CARTESIAN_POINT('',(1.7763568394E-15,-11.7,24.0000001));
#4956 = VECTOR('',#4957,1.);
#4957 = DIRECTION('',(1.110223024625E-16,0.,-1.));
#4958 = PCURVE('',#1285,#4959);
#4959 = DEFINITIONAL_REPRESENTATION('',(#4960),#4964);
#4960 = LINE('',#4961,#4962);
#4961 = CARTESIAN_POINT('',(1.570796326795,0.));
#4962 = VECTOR('',#4963,1.);
#4963 = DIRECTION('',(0.,-1.));
#4964 = ( GEOMETRIC_REPRESENTATION_CONTEXT(2) 
PARAMETRIC_REPRESENTATION_CONTEXT() REPRESENTATION_CONTEXT('2D SPACE',''
  ) );
#4965 = PCURVE('',#1258,#4966);
#4966 = DEFINITIONAL_REPRESENTATION('',(#4967),#4971);
#4967 = LINE('',#4968,#4969);
#4968 = CARTESIAN_POINT('',(72.,60.3));
#4969 = VECTOR('',#4970,1.);
#4970 = DIRECTION('',(1.,0.));
#4971 = ( GEOMETRIC_REPRESENTATION_CONTEXT(2) 
PARAMETRIC_REPRESENTATION_CONTEXT() REPRESENTATION_CONTEXT('2D SPACE',''
  ) );
#4972 = ORIENTED_EDGE('',*,*,#4973,.F.);
#4973 = EDGE_CURVE('',#4974,#4951,#4976,.T.);
#4974 = VERTEX_POINT('',#4975);
#4975 = CARTESIAN_POINT('',(-1.553422912019,-11.63350876556,17.9000001)
  );
#4976 = SURFACE_CURVE('',#4977,(#4985,#4996),.PCURVE_S1.);
#4977 = B_SPLINE_CURVE_WITH_KNOTS('',6,(#4978,#4979,#4980,#4981,#4982,
    #4983,#4984),.UNSPECIFIED.,.F.,.F.,(7,7),(0.,1.),
  .PIECEWISE_BEZIER_KNOTS.);
#4978 = CARTESIAN_POINT('',(-3.,-11.44788457722,17.9000001));
#4979 = CARTESIAN_POINT('',(-2.504995225802,-11.53300860037,17.9000001)
  );
#4980 = CARTESIAN_POINT('',(-2.006872801338,-11.60021808213,17.9000001)
  );
#4981 = CARTESIAN_POINT('',(-1.506543443289,-11.65021685048,17.9000001)
  );
#4982 = CARTESIAN_POINT('',(-1.004817997584,-11.6834042037,17.9000001));
#4983 = CARTESIAN_POINT('',(-0.502423205302,-11.7,17.9000001));
#4984 = CARTESIAN_POINT('',(2.559034893263E-15,-11.7,17.9000001));
#4985 = PCURVE('',#1285,#4986);
#4986 = DEFINITIONAL_REPRESENTATION('',(#4987),#4995);
#4987 = B_SPLINE_CURVE_WITH_KNOTS('',6,(#4988,#4989,#4990,#4991,#4992,
    #4993,#4994),.UNSPECIFIED.,.F.,.F.,(7,7),(0.,1.),
  .PIECEWISE_BEZIER_KNOTS.);
#4988 = CARTESIAN_POINT('',(1.869328546558,-6.1));
#4989 = CARTESIAN_POINT('',(1.818552816519,-6.1));
#4990 = CARTESIAN_POINT('',(1.768409205739,-6.1));
#4991 = CARTESIAN_POINT('',(1.718711704577,-6.1));
#4992 = CARTESIAN_POINT('',(1.669307906175,-6.1));
#4993 = CARTESIAN_POINT('',(1.620053503785,-6.1));
#4994 = CARTESIAN_POINT('',(1.570796326795,-6.1));
#4995 = ( GEOMETRIC_REPRESENTATION_CONTEXT(2) 
PARAMETRIC_REPRESENTATION_CONTEXT() REPRESENTATION_CONTEXT('2D SPACE',''
  ) );
#4996 = PCURVE('',#4997,#5002);
#4997 = PLANE('',#4998);
#4998 = AXIS2_PLACEMENT_3D('',#4999,#5000,#5001);
#4999 = CARTESIAN_POINT('',(7.826780538632E-16,-14.2,17.9000001));
#5000 = DIRECTION('',(1.110223024625E-16,0.,-1.));
#5001 = DIRECTION('',(1.,0.,1.110223024625E-16));
#5002 = DEFINITIONAL_REPRESENTATION('',(#5003),#5011);
#5003 = B_SPLINE_CURVE_WITH_KNOTS('',6,(#5004,#5005,#5006,#5007,#5008,
    #5009,#5010),.UNSPECIFIED.,.F.,.F.,(7,7),(0.,1.),
  .PIECEWISE_BEZIER_KNOTS.);
#5004 = CARTESIAN_POINT('',(-3.,-2.752115422774));
#5005 = CARTESIAN_POINT('',(-2.504995225802,-2.666991399629));
#5006 = CARTESIAN_POINT('',(-2.006872801338,-2.59978191787));
#5007 = CARTESIAN_POINT('',(-1.506543443289,-2.549783149518));
#5008 = CARTESIAN_POINT('',(-1.004817997584,-2.516595796298));
#5009 = CARTESIAN_POINT('',(-0.502423205302,-2.5));
#5010 = CARTESIAN_POINT('',(1.7763568394E-15,-2.5));
#5011 = ( GEOMETRIC_REPRESENTATION_CONTEXT(2) 
PARAMETRIC_REPRESENTATION_CONTEXT() REPRESENTATION_CONTEXT('2D SPACE',''
  ) );
#5012 = ORIENTED_EDGE('',*,*,#5013,.F.);
#5013 = EDGE_CURVE('',#5014,#4974,#5016,.T.);
#5014 = VERTEX_POINT('',#5015);
#5015 = CARTESIAN_POINT('',(-1.553422912019,-11.63350876556,14.3000001)
  );
#5016 = SURFACE_CURVE('',#5017,(#5023,#5032),.PCURVE_S1.);
#5017 = B_SPLINE_CURVE_WITH_KNOTS('',4,(#5018,#5019,#5020,#5021,#5022),
  .UNSPECIFIED.,.F.,.F.,(5,5),(0.,1.),.PIECEWISE_BEZIER_KNOTS.);
#5018 = CARTESIAN_POINT('',(-1.553422912019,-11.63350876556,14.2999995)
  );
#5019 = CARTESIAN_POINT('',(-1.553422912019,-11.63350876556,15.1999998)
  );
#5020 = CARTESIAN_POINT('',(-1.553422912019,-11.63350876556,16.1000001)
  );
#5021 = CARTESIAN_POINT('',(-1.553422912019,-11.63350876556,17.0000004)
  );
#5022 = CARTESIAN_POINT('',(-1.553422912019,-11.63350876556,17.9000007)
  );
#5023 = PCURVE('',#1285,#5024);
#5024 = DEFINITIONAL_REPRESENTATION('',(#5025),#5031);
#5025 = B_SPLINE_CURVE_WITH_KNOTS('',4,(#5026,#5027,#5028,#5029,#5030),
  .UNSPECIFIED.,.F.,.F.,(5,5),(0.,1.),.PIECEWISE_BEZIER_KNOTS.);
#5026 = CARTESIAN_POINT('',(1.723687653342,-9.7000006));
#5027 = CARTESIAN_POINT('',(1.723687653342,-8.8000003));
#5028 = CARTESIAN_POINT('',(1.723687653342,-7.9));
#5029 = CARTESIAN_POINT('',(1.723687653342,-6.9999997));
#5030 = CARTESIAN_POINT('',(1.723687653342,-6.0999994));
#5031 = ( GEOMETRIC_REPRESENTATION_CONTEXT(2) 
PARAMETRIC_REPRESENTATION_CONTEXT() REPRESENTATION_CONTEXT('2D SPACE',''
  ) );
#5032 = PCURVE('',#5033,#5038);
#5033 = CYLINDRICAL_SURFACE('',#5034,3.);
#5034 = AXIS2_PLACEMENT_3D('',#5035,#5036,#5037);
#5035 = CARTESIAN_POINT('',(6.772360450213E-16,-14.2,17.9000001));
#5036 = DIRECTION('',(-1.110223024625E-16,-0.,1.));
#5037 = DIRECTION('',(0.,1.,0.));
#5038 = DEFINITIONAL_REPRESENTATION('',(#5039),#5045);
#5039 = B_SPLINE_CURVE_WITH_KNOTS('',4,(#5040,#5041,#5042,#5043,#5044),
  .UNSPECIFIED.,.F.,.F.,(5,5),(0.,1.),.PIECEWISE_BEZIER_KNOTS.);
#5040 = CARTESIAN_POINT('',(-5.73889902686,-3.6000006));
#5041 = CARTESIAN_POINT('',(-5.73889902686,-2.7000003));
#5042 = CARTESIAN_POINT('',(-5.73889902686,-1.8));
#5043 = CARTESIAN_POINT('',(-5.73889902686,-0.8999997));
#5044 = CARTESIAN_POINT('',(-5.73889902686,5.999999999062E-07));
#5045 = ( GEOMETRIC_REPRESENTATION_CONTEXT(2) 
PARAMETRIC_REPRESENTATION_CONTEXT() REPRESENTATION_CONTEXT('2D SPACE',''
  ) );
#5046 = ORIENTED_EDGE('',*,*,#5047,.T.);
#5047 = EDGE_CURVE('',#5014,#5048,#5050,.T.);
#5048 = VERTEX_POINT('',#5049);
#5049 = CARTESIAN_POINT('',(1.965094753587E-15,-11.7,14.3000001));
#5050 = SURFACE_CURVE('',#5051,(#5059,#5070),.PCURVE_S1.);
#5051 = B_SPLINE_CURVE_WITH_KNOTS('',6,(#5052,#5053,#5054,#5055,#5056,
    #5057,#5058),.UNSPECIFIED.,.F.,.F.,(7,7),(0.,1.),
  .PIECEWISE_BEZIER_KNOTS.);
#5052 = CARTESIAN_POINT('',(-3.,-11.44788457722,14.3000001));
#5053 = CARTESIAN_POINT('',(-2.504995225802,-11.53300860037,14.3000001)
  );
#5054 = CARTESIAN_POINT('',(-2.006872801338,-11.60021808213,14.3000001)
  );
#5055 = CARTESIAN_POINT('',(-1.506543443289,-11.65021685048,14.3000001)
  );
#5056 = CARTESIAN_POINT('',(-1.004817997584,-11.6834042037,14.3000001));
#5057 = CARTESIAN_POINT('',(-0.502423205302,-11.7,14.3000001));
#5058 = CARTESIAN_POINT('',(2.958715182128E-15,-11.7,14.3000001));
#5059 = PCURVE('',#1285,#5060);
#5060 = DEFINITIONAL_REPRESENTATION('',(#5061),#5069);
#5061 = B_SPLINE_CURVE_WITH_KNOTS('',6,(#5062,#5063,#5064,#5065,#5066,
    #5067,#5068),.UNSPECIFIED.,.F.,.F.,(7,7),(0.,1.),
  .PIECEWISE_BEZIER_KNOTS.);
#5062 = CARTESIAN_POINT('',(1.869328546558,-9.7));
#5063 = CARTESIAN_POINT('',(1.818552816519,-9.7));
#5064 = CARTESIAN_POINT('',(1.768409205739,-9.7));
#5065 = CARTESIAN_POINT('',(1.718711704577,-9.7));
#5066 = CARTESIAN_POINT('',(1.669307906175,-9.7));
#5067 = CARTESIAN_POINT('',(1.620053503785,-9.7));
#5068 = CARTESIAN_POINT('',(1.570796326795,-9.7));
#5069 = ( GEOMETRIC_REPRESENTATION_CONTEXT(2) 
PARAMETRIC_REPRESENTATION_CONTEXT() REPRESENTATION_CONTEXT('2D SPACE',''
  ) );
#5070 = PCURVE('',#5071,#5076);
#5071 = PLANE('',#5072);
#5072 = AXIS2_PLACEMENT_3D('',#5073,#5074,#5075);
#5073 = CARTESIAN_POINT('',(1.182358342728E-15,-14.2,14.3000001));
#5074 = DIRECTION('',(1.110223024625E-16,0.,-1.));
#5075 = DIRECTION('',(1.,0.,1.110223024625E-16));
#5076 = DEFINITIONAL_REPRESENTATION('',(#5077),#5085);
#5077 = B_SPLINE_CURVE_WITH_KNOTS('',6,(#5078,#5079,#5080,#5081,#5082,
    #5083,#5084),.UNSPECIFIED.,.F.,.F.,(7,7),(0.,1.),
  .PIECEWISE_BEZIER_KNOTS.);
#5078 = CARTESIAN_POINT('',(-3.,-2.752115422774));
#5079 = CARTESIAN_POINT('',(-2.504995225802,-2.666991399629));
#5080 = CARTESIAN_POINT('',(-2.006872801338,-2.59978191787));
#5081 = CARTESIAN_POINT('',(-1.506543443289,-2.549783149518));
#5082 = CARTESIAN_POINT('',(-1.004817997584,-2.516595796298));
#5083 = CARTESIAN_POINT('',(-0.502423205302,-2.5));
#5084 = CARTESIAN_POINT('',(1.7763568394E-15,-2.5));
#5085 = ( GEOMETRIC_REPRESENTATION_CONTEXT(2) 
PARAMETRIC_REPRESENTATION_CONTEXT() REPRESENTATION_CONTEXT('2D SPACE',''
  ) );
#5086 = ORIENTED_EDGE('',*,*,#5087,.T.);
#5087 = EDGE_CURVE('',#5048,#5088,#5090,.T.);
#5088 = VERTEX_POINT('',#5089);
#5089 = CARTESIAN_POINT('',(2.475797344914E-15,-11.7,9.7000001));
#5090 = SURFACE_CURVE('',#5091,(#5095,#5102),.PCURVE_S1.);
#5091 = LINE('',#5092,#5093);
#5092 = CARTESIAN_POINT('',(1.7763568394E-15,-11.7,24.0000001));
#5093 = VECTOR('',#5094,1.);
#5094 = DIRECTION('',(1.110223024625E-16,0.,-1.));
#5095 = PCURVE('',#1285,#5096);
#5096 = DEFINITIONAL_REPRESENTATION('',(#5097),#5101);
#5097 = LINE('',#5098,#5099);
#5098 = CARTESIAN_POINT('',(1.570796326795,0.));
#5099 = VECTOR('',#5100,1.);
#5100 = DIRECTION('',(0.,-1.));
#5101 = ( GEOMETRIC_REPRESENTATION_CONTEXT(2) 
PARAMETRIC_REPRESENTATION_CONTEXT() REPRESENTATION_CONTEXT('2D SPACE',''
  ) );
#5102 = PCURVE('',#1258,#5103);
#5103 = DEFINITIONAL_REPRESENTATION('',(#5104),#5108);
#5104 = LINE('',#5105,#5106);
#5105 = CARTESIAN_POINT('',(72.,60.3));
#5106 = VECTOR('',#5107,1.);
#5107 = DIRECTION('',(1.,0.));
#5108 = ( GEOMETRIC_REPRESENTATION_CONTEXT(2) 
PARAMETRIC_REPRESENTATION_CONTEXT() REPRESENTATION_CONTEXT('2D SPACE',''
  ) );
#5109 = ORIENTED_EDGE('',*,*,#5110,.F.);
#5110 = EDGE_CURVE('',#5111,#5088,#5113,.T.);
#5111 = VERTEX_POINT('',#5112);
#5112 = CARTESIAN_POINT('',(-1.553422912019,-11.63350876556,9.7000001));
#5113 = SURFACE_CURVE('',#5114,(#5122,#5133),.PCURVE_S1.);
#5114 = B_SPLINE_CURVE_WITH_KNOTS('',6,(#5115,#5116,#5117,#5118,#5119,
    #5120,#5121),.UNSPECIFIED.,.F.,.F.,(7,7),(0.,1.),
  .PIECEWISE_BEZIER_KNOTS.);
#5115 = CARTESIAN_POINT('',(-3.,-11.44788457722,9.7000001));
#5116 = CARTESIAN_POINT('',(-2.504995225802,-11.53300860037,9.7000001));
#5117 = CARTESIAN_POINT('',(-2.006872801338,-11.60021808213,9.7000001));
#5118 = CARTESIAN_POINT('',(-1.506543443289,-11.65021685048,9.7000001));
#5119 = CARTESIAN_POINT('',(-1.004817997584,-11.6834042037,9.7000001));
#5120 = CARTESIAN_POINT('',(-0.502423205302,-11.7,9.7000001));
#5121 = CARTESIAN_POINT('',(3.469417773456E-15,-11.7,9.7000001));
#5122 = PCURVE('',#1285,#5123);
#5123 = DEFINITIONAL_REPRESENTATION('',(#5124),#5132);
#5124 = B_SPLINE_CURVE_WITH_KNOTS('',6,(#5125,#5126,#5127,#5128,#5129,
    #5130,#5131),.UNSPECIFIED.,.F.,.F.,(7,7),(0.,1.),
  .PIECEWISE_BEZIER_KNOTS.);
#5125 = CARTESIAN_POINT('',(1.869328546558,-14.3));
#5126 = CARTESIAN_POINT('',(1.818552816519,-14.3));
#5127 = CARTESIAN_POINT('',(1.768409205739,-14.3));
#5128 = CARTESIAN_POINT('',(1.718711704577,-14.3));
#5129 = CARTESIAN_POINT('',(1.669307906175,-14.3));
#5130 = CARTESIAN_POINT('',(1.620053503785,-14.3));
#5131 = CARTESIAN_POINT('',(1.570796326795,-14.3));
#5132 = ( GEOMETRIC_REPRESENTATION_CONTEXT(2) 
PARAMETRIC_REPRESENTATION_CONTEXT() REPRESENTATION_CONTEXT('2D SPACE',''
  ) );
#5133 = PCURVE('',#5134,#5139);
#5134 = PLANE('',#5135);
#5135 = AXIS2_PLACEMENT_3D('',#5136,#5137,#5138);
#5136 = CARTESIAN_POINT('',(1.693060934056E-15,-14.2,9.7000001));
#5137 = DIRECTION('',(1.110223024625E-16,0.,-1.));
#5138 = DIRECTION('',(1.,0.,1.110223024625E-16));
#5139 = DEFINITIONAL_REPRESENTATION('',(#5140),#5148);
#5140 = B_SPLINE_CURVE_WITH_KNOTS('',6,(#5141,#5142,#5143,#5144,#5145,
    #5146,#5147),.UNSPECIFIED.,.F.,.F.,(7,7),(0.,1.),
  .PIECEWISE_BEZIER_KNOTS.);
#5141 = CARTESIAN_POINT('',(-3.,-2.752115422774));
#5142 = CARTESIAN_POINT('',(-2.504995225802,-2.666991399629));
#5143 = CARTESIAN_POINT('',(-2.006872801338,-2.59978191787));
#5144 = CARTESIAN_POINT('',(-1.506543443289,-2.549783149518));
#5145 = CARTESIAN_POINT('',(-1.004817997584,-2.516595796298));
#5146 = CARTESIAN_POINT('',(-0.502423205302,-2.5));
#5147 = CARTESIAN_POINT('',(1.7763568394E-15,-2.5));
#5148 = ( GEOMETRIC_REPRESENTATION_CONTEXT(2) 
PARAMETRIC_REPRESENTATION_CONTEXT() REPRESENTATION_CONTEXT('2D SPACE',''
  ) );
#5149 = ORIENTED_EDGE('',*,*,#5150,.F.);
#5150 = EDGE_CURVE('',#5151,#5111,#5153,.T.);
#5151 = VERTEX_POINT('',#5152);
#5152 = CARTESIAN_POINT('',(-1.553422912019,-11.63350876556,6.1000001));
#5153 = SURFACE_CURVE('',#5154,(#5161,#5171),.PCURVE_S1.);
#5154 = B_SPLINE_CURVE_WITH_KNOTS('',5,(#5155,#5156,#5157,#5158,#5159,
    #5160),.UNSPECIFIED.,.F.,.F.,(6,6),(0.,1.),
  .PIECEWISE_BEZIER_KNOTS.);
#5155 = CARTESIAN_POINT('',(-1.553422912019,-11.63350876556,6.0999995));
#5156 = CARTESIAN_POINT('',(-1.553422912019,-11.63350876556,
    6.745073102938));
#5157 = CARTESIAN_POINT('',(-1.553422912019,-11.63350876556,
    7.493705228781));
#5158 = CARTESIAN_POINT('',(-1.553422912019,-11.63350876556,
    8.30872905254));
#5159 = CARTESIAN_POINT('',(-1.553422912019,-11.63350876556,
    9.096463264008));
#5160 = CARTESIAN_POINT('',(-1.553422912019,-11.63350876556,9.7000007));
#5161 = PCURVE('',#1285,#5162);
#5162 = DEFINITIONAL_REPRESENTATION('',(#5163),#5170);
#5163 = B_SPLINE_CURVE_WITH_KNOTS('',5,(#5164,#5165,#5166,#5167,#5168,
    #5169),.UNSPECIFIED.,.F.,.F.,(6,6),(0.,1.),
  .PIECEWISE_BEZIER_KNOTS.);
#5164 = CARTESIAN_POINT('',(1.723687653342,-17.9000006));
#5165 = CARTESIAN_POINT('',(1.723687653342,-17.25492699706));
#5166 = CARTESIAN_POINT('',(1.723687653342,-16.50629487121));
#5167 = CARTESIAN_POINT('',(1.723687653342,-15.69127104746));
#5168 = CARTESIAN_POINT('',(1.723687653342,-14.90353683599));
#5169 = CARTESIAN_POINT('',(1.723687653342,-14.2999994));
#5170 = ( GEOMETRIC_REPRESENTATION_CONTEXT(2) 
PARAMETRIC_REPRESENTATION_CONTEXT() REPRESENTATION_CONTEXT('2D SPACE',''
  ) );
#5171 = PCURVE('',#5172,#5177);
#5172 = CYLINDRICAL_SURFACE('',#5173,3.);
#5173 = AXIS2_PLACEMENT_3D('',#5174,#5175,#5176);
#5174 = CARTESIAN_POINT('',(1.587618925214E-15,-14.2,9.7000001));
#5175 = DIRECTION('',(-1.110223024625E-16,-0.,1.));
#5176 = DIRECTION('',(0.,1.,0.));
#5177 = DEFINITIONAL_REPRESENTATION('',(#5178),#5185);
#5178 = B_SPLINE_CURVE_WITH_KNOTS('',5,(#5179,#5180,#5181,#5182,#5183,
    #5184),.UNSPECIFIED.,.F.,.F.,(6,6),(0.,1.),
  .PIECEWISE_BEZIER_KNOTS.);
#5179 = CARTESIAN_POINT('',(-5.73889902686,-3.6000006));
#5180 = CARTESIAN_POINT('',(-5.73889902686,-2.954926997062));
#5181 = CARTESIAN_POINT('',(-5.73889902686,-2.206294871219));
#5182 = CARTESIAN_POINT('',(-5.73889902686,-1.39127104746));
#5183 = CARTESIAN_POINT('',(-5.73889902686,-0.603536835992));
#5184 = CARTESIAN_POINT('',(-5.73889902686,5.999999999062E-07));
#5185 = ( GEOMETRIC_REPRESENTATION_CONTEXT(2) 
PARAMETRIC_REPRESENTATION_CONTEXT() REPRESENTATION_CONTEXT('2D SPACE',''
  ) );
#5186 = ORIENTED_EDGE('',*,*,#5187,.T.);
#5187 = EDGE_CURVE('',#5151,#5188,#5190,.T.);
#5188 = VERTEX_POINT('',#5189);
#5189 = CARTESIAN_POINT('',(2.875477633779E-15,-11.7,6.1000001));
#5190 = SURFACE_CURVE('',#5191,(#5199,#5210),.PCURVE_S1.);
#5191 = B_SPLINE_CURVE_WITH_KNOTS('',6,(#5192,#5193,#5194,#5195,#5196,
    #5197,#5198),.UNSPECIFIED.,.F.,.F.,(7,7),(0.,1.),
  .PIECEWISE_BEZIER_KNOTS.);
#5192 = CARTESIAN_POINT('',(-3.,-11.44788457722,6.1000001));
#5193 = CARTESIAN_POINT('',(-2.504995225802,-11.53300860037,6.1000001));
#5194 = CARTESIAN_POINT('',(-2.006872801338,-11.60021808213,6.1000001));
#5195 = CARTESIAN_POINT('',(-1.506543443289,-11.65021685048,6.1000001));
#5196 = CARTESIAN_POINT('',(-1.004817997584,-11.6834042037,6.1000001));
#5197 = CARTESIAN_POINT('',(-0.502423205302,-11.7,6.1000001));
#5198 = CARTESIAN_POINT('',(3.869098062321E-15,-11.7,6.1000001));
#5199 = PCURVE('',#1285,#5200);
#5200 = DEFINITIONAL_REPRESENTATION('',(#5201),#5209);
#5201 = B_SPLINE_CURVE_WITH_KNOTS('',6,(#5202,#5203,#5204,#5205,#5206,
    #5207,#5208),.UNSPECIFIED.,.F.,.F.,(7,7),(0.,1.),
  .PIECEWISE_BEZIER_KNOTS.);
#5202 = CARTESIAN_POINT('',(1.869328546558,-17.9));
#5203 = CARTESIAN_POINT('',(1.818552816519,-17.9));
#5204 = CARTESIAN_POINT('',(1.768409205739,-17.9));
#5205 = CARTESIAN_POINT('',(1.718711704577,-17.9));
#5206 = CARTESIAN_POINT('',(1.669307906175,-17.9));
#5207 = CARTESIAN_POINT('',(1.620053503785,-17.9));
#5208 = CARTESIAN_POINT('',(1.570796326795,-17.9));
#5209 = ( GEOMETRIC_REPRESENTATION_CONTEXT(2) 
PARAMETRIC_REPRESENTATION_CONTEXT() REPRESENTATION_CONTEXT('2D SPACE',''
  ) );
#5210 = PCURVE('',#5211,#5216);
#5211 = PLANE('',#5212);
#5212 = AXIS2_PLACEMENT_3D('',#5213,#5214,#5215);
#5213 = CARTESIAN_POINT('',(2.092741222921E-15,-14.2,6.1000001));
#5214 = DIRECTION('',(1.110223024625E-16,0.,-1.));
#5215 = DIRECTION('',(1.,0.,1.110223024625E-16));
#5216 = DEFINITIONAL_REPRESENTATION('',(#5217),#5225);
#5217 = B_SPLINE_CURVE_WITH_KNOTS('',6,(#5218,#5219,#5220,#5221,#5222,
    #5223,#5224),.UNSPECIFIED.,.F.,.F.,(7,7),(0.,1.),
  .PIECEWISE_BEZIER_KNOTS.);
#5218 = CARTESIAN_POINT('',(-3.,-2.752115422774));
#5219 = CARTESIAN_POINT('',(-2.504995225802,-2.666991399629));
#5220 = CARTESIAN_POINT('',(-2.006872801338,-2.59978191787));
#5221 = CARTESIAN_POINT('',(-1.506543443289,-2.549783149518));
#5222 = CARTESIAN_POINT('',(-1.004817997584,-2.516595796298));
#5223 = CARTESIAN_POINT('',(-0.502423205302,-2.5));
#5224 = CARTESIAN_POINT('',(1.7763568394E-15,-2.5));
#5225 = ( GEOMETRIC_REPRESENTATION_CONTEXT(2) 
PARAMETRIC_REPRESENTATION_CONTEXT() REPRESENTATION_CONTEXT('2D SPACE',''
  ) );
#5226 = ORIENTED_EDGE('',*,*,#5227,.T.);
#5227 = EDGE_CURVE('',#5188,#2821,#5228,.T.);
#5228 = SURFACE_CURVE('',#5229,(#5233,#5240),.PCURVE_S1.);
#5229 = LINE('',#5230,#5231);
#5230 = CARTESIAN_POINT('',(1.7763568394E-15,-11.7,24.0000001));
#5231 = VECTOR('',#5232,1.);
#5232 = DIRECTION('',(1.110223024625E-16,0.,-1.));
#5233 = PCURVE('',#1285,#5234);
#5234 = DEFINITIONAL_REPRESENTATION('',(#5235),#5239);
#5235 = LINE('',#5236,#5237);
#5236 = CARTESIAN_POINT('',(1.570796326795,0.));
#5237 = VECTOR('',#5238,1.);
#5238 = DIRECTION('',(0.,-1.));
#5239 = ( GEOMETRIC_REPRESENTATION_CONTEXT(2) 
PARAMETRIC_REPRESENTATION_CONTEXT() REPRESENTATION_CONTEXT('2D SPACE',''
  ) );
#5240 = PCURVE('',#1258,#5241);
#5241 = DEFINITIONAL_REPRESENTATION('',(#5242),#5246);
#5242 = LINE('',#5243,#5244);
#5243 = CARTESIAN_POINT('',(72.,60.3));
#5244 = VECTOR('',#5245,1.);
#5245 = DIRECTION('',(1.,0.));
#5246 = ( GEOMETRIC_REPRESENTATION_CONTEXT(2) 
PARAMETRIC_REPRESENTATION_CONTEXT() REPRESENTATION_CONTEXT('2D SPACE',''
  ) );
#5247 = ORIENTED_EDGE('',*,*,#2843,.T.);
#5248 = ORIENTED_EDGE('',*,*,#2914,.F.);
#5249 = ORIENTED_EDGE('',*,*,#2970,.T.);
#5250 = ORIENTED_EDGE('',*,*,#5251,.T.);
#5251 = EDGE_CURVE('',#2943,#3383,#5252,.T.);
#5252 = SURFACE_CURVE('',#5253,(#5260,#5270),.PCURVE_S1.);
#5253 = B_SPLINE_CURVE_WITH_KNOTS('',5,(#5254,#5255,#5256,#5257,#5258,
    #5259),.UNSPECIFIED.,.F.,.F.,(6,6),(0.,1.),
  .PIECEWISE_BEZIER_KNOTS.);
#5254 = CARTESIAN_POINT('',(-6.190932427456,-10.53,1.9000001));
#5255 = CARTESIAN_POINT('',(-6.190932427456,-10.53,2.504575236939));
#5256 = CARTESIAN_POINT('',(-6.190932427456,-10.53,3.132603855795));
#5257 = CARTESIAN_POINT('',(-6.190932427456,-10.53,3.877333158319));
#5258 = CARTESIAN_POINT('',(-6.190932427456,-10.53,4.638901311237));
#5259 = CARTESIAN_POINT('',(-6.190932427456,-10.53,5.1000001));
#5260 = PCURVE('',#1285,#5261);
#5261 = DEFINITIONAL_REPRESENTATION('',(#5262),#5269);
#5262 = B_SPLINE_CURVE_WITH_KNOTS('',5,(#5263,#5264,#5265,#5266,#5267,
    #5268),.UNSPECIFIED.,.F.,.F.,(6,6),(0.,1.),
  .PIECEWISE_BEZIER_KNOTS.);
#5263 = CARTESIAN_POINT('',(2.223018768528,-22.1));
#5264 = CARTESIAN_POINT('',(2.223018768528,-21.49542486306));
#5265 = CARTESIAN_POINT('',(2.223018768528,-20.8673962442));
#5266 = CARTESIAN_POINT('',(2.223018768528,-20.12266694168));
#5267 = CARTESIAN_POINT('',(2.223018768528,-19.36109878876));
#5268 = CARTESIAN_POINT('',(2.223018768528,-18.9));
#5269 = ( GEOMETRIC_REPRESENTATION_CONTEXT(2) 
PARAMETRIC_REPRESENTATION_CONTEXT() REPRESENTATION_CONTEXT('2D SPACE',''
  ) );
#5270 = PCURVE('',#2958,#5271);
#5271 = DEFINITIONAL_REPRESENTATION('',(#5272),#5279);
#5272 = B_SPLINE_CURVE_WITH_KNOTS('',5,(#5273,#5274,#5275,#5276,#5277,
    #5278),.UNSPECIFIED.,.F.,.F.,(6,6),(0.,1.),
  .PIECEWISE_BEZIER_KNOTS.);
#5273 = CARTESIAN_POINT('',(1.190932427456,-3.2));
#5274 = CARTESIAN_POINT('',(1.190932427456,-2.595424863061));
#5275 = CARTESIAN_POINT('',(1.190932427456,-1.967396244205));
#5276 = CARTESIAN_POINT('',(1.190932427456,-1.222666941681));
#5277 = CARTESIAN_POINT('',(1.190932427456,-0.461098788763));
#5278 = CARTESIAN_POINT('',(1.190932427456,0.));
#5279 = ( GEOMETRIC_REPRESENTATION_CONTEXT(2) 
PARAMETRIC_REPRESENTATION_CONTEXT() REPRESENTATION_CONTEXT('2D SPACE',''
  ) );
#5280 = ORIENTED_EDGE('',*,*,#3405,.F.);
#5281 = ORIENTED_EDGE('',*,*,#3896,.F.);
#5282 = ORIENTED_EDGE('',*,*,#3952,.T.);
#5283 = ORIENTED_EDGE('',*,*,#5284,.T.);
#5284 = EDGE_CURVE('',#3925,#4457,#5285,.T.);
#5285 = SURFACE_CURVE('',#5286,(#5293,#5303),.PCURVE_S1.);
#5286 = B_SPLINE_CURVE_WITH_KNOTS('',5,(#5287,#5288,#5289,#5290,#5291,
    #5292),.UNSPECIFIED.,.F.,.F.,(6,6),(0.,1.),
  .PIECEWISE_BEZIER_KNOTS.);
#5287 = CARTESIAN_POINT('',(-6.190932427456,-10.53,18.9000001));
#5288 = CARTESIAN_POINT('',(-6.190932427456,-10.53,19.237024764168));
#5289 = CARTESIAN_POINT('',(-6.190932427456,-10.53,20.116111329778));
#5290 = CARTESIAN_POINT('',(-6.190932427456,-10.53,20.857146040192));
#5291 = CARTESIAN_POINT('',(-6.190932427456,-10.53,21.373199394931));
#5292 = CARTESIAN_POINT('',(-6.190932427456,-10.53,22.1000001));
#5293 = PCURVE('',#1285,#5294);
#5294 = DEFINITIONAL_REPRESENTATION('',(#5295),#5302);
#5295 = B_SPLINE_CURVE_WITH_KNOTS('',5,(#5296,#5297,#5298,#5299,#5300,
    #5301),.UNSPECIFIED.,.F.,.F.,(6,6),(0.,1.),
  .PIECEWISE_BEZIER_KNOTS.);
#5296 = CARTESIAN_POINT('',(2.223018768528,-5.1));
#5297 = CARTESIAN_POINT('',(2.223018768528,-4.762975335832));
#5298 = CARTESIAN_POINT('',(2.223018768528,-3.883888770222));
#5299 = CARTESIAN_POINT('',(2.223018768528,-3.142854059808));
#5300 = CARTESIAN_POINT('',(2.223018768528,-2.626800705069));
#5301 = CARTESIAN_POINT('',(2.223018768528,-1.9));
#5302 = ( GEOMETRIC_REPRESENTATION_CONTEXT(2) 
PARAMETRIC_REPRESENTATION_CONTEXT() REPRESENTATION_CONTEXT('2D SPACE',''
  ) );
#5303 = PCURVE('',#3940,#5304);
#5304 = DEFINITIONAL_REPRESENTATION('',(#5305),#5312);
#5305 = B_SPLINE_CURVE_WITH_KNOTS('',5,(#5306,#5307,#5308,#5309,#5310,
    #5311),.UNSPECIFIED.,.F.,.F.,(6,6),(0.,1.),
  .PIECEWISE_BEZIER_KNOTS.);
#5306 = CARTESIAN_POINT('',(1.190932427456,-3.2));
#5307 = CARTESIAN_POINT('',(1.190932427456,-2.862975335832));
#5308 = CARTESIAN_POINT('',(1.190932427456,-1.983888770222));
#5309 = CARTESIAN_POINT('',(1.190932427456,-1.242854059808));
#5310 = CARTESIAN_POINT('',(1.190932427456,-0.726800705069));
#5311 = CARTESIAN_POINT('',(1.190932427456,-3.552713678801E-15));
#5312 = ( GEOMETRIC_REPRESENTATION_CONTEXT(2) 
PARAMETRIC_REPRESENTATION_CONTEXT() REPRESENTATION_CONTEXT('2D SPACE',''
  ) );
#5313 = ORIENTED_EDGE('',*,*,#4479,.F.);
#5314 = ORIENTED_EDGE('',*,*,#4923,.F.);
#5315 = ADVANCED_FACE('',(#5316),#1258,.T.);
#5316 = FACE_BOUND('',#5317,.T.);
#5317 = EDGE_LOOP('',(#5318,#5339,#5340,#5341,#5364,#5392,#5413,#5414,
    #5437,#5465,#5486,#5487));
#5318 = ORIENTED_EDGE('',*,*,#5319,.F.);
#5319 = EDGE_CURVE('',#1089,#2675,#5320,.T.);
#5320 = SURFACE_CURVE('',#5321,(#5325,#5332),.PCURVE_S1.);
#5321 = LINE('',#5322,#5323);
#5322 = CARTESIAN_POINT('',(-2.22044604925E-16,-9.5,26.0000001));
#5323 = VECTOR('',#5324,1.);
#5324 = DIRECTION('',(1.110223024625E-16,0.,-1.));
#5325 = PCURVE('',#1258,#5326);
#5326 = DEFINITIONAL_REPRESENTATION('',(#5327),#5331);
#5327 = LINE('',#5328,#5329);
#5328 = CARTESIAN_POINT('',(70.,62.5));
#5329 = VECTOR('',#5330,1.);
#5330 = DIRECTION('',(1.,0.));
#5331 = ( GEOMETRIC_REPRESENTATION_CONTEXT(2) 
PARAMETRIC_REPRESENTATION_CONTEXT() REPRESENTATION_CONTEXT('2D SPACE',''
  ) );
#5332 = PCURVE('',#1186,#5333);
#5333 = DEFINITIONAL_REPRESENTATION('',(#5334),#5338);
#5334 = LINE('',#5335,#5336);
#5335 = CARTESIAN_POINT('',(1.570796326795,0.));
#5336 = VECTOR('',#5337,1.);
#5337 = DIRECTION('',(0.,-1.));
#5338 = ( GEOMETRIC_REPRESENTATION_CONTEXT(2) 
PARAMETRIC_REPRESENTATION_CONTEXT() REPRESENTATION_CONTEXT('2D SPACE',''
  ) );
#5339 = ORIENTED_EDGE('',*,*,#1242,.T.);
#5340 = ORIENTED_EDGE('',*,*,#4950,.T.);
#5341 = ORIENTED_EDGE('',*,*,#5342,.T.);
#5342 = EDGE_CURVE('',#4951,#5343,#5345,.T.);
#5343 = VERTEX_POINT('',#5344);
#5344 = CARTESIAN_POINT('',(6.772360450213E-16,-12.9,17.9000001));
#5345 = SURFACE_CURVE('',#5346,(#5350,#5357),.PCURVE_S1.);
#5346 = LINE('',#5347,#5348);
#5347 = CARTESIAN_POINT('',(6.772360450213E-16,-43.1,17.9000001));
#5348 = VECTOR('',#5349,1.);
#5349 = DIRECTION('',(0.,-1.,0.));
#5350 = PCURVE('',#1258,#5351);
#5351 = DEFINITIONAL_REPRESENTATION('',(#5352),#5356);
#5352 = LINE('',#5353,#5354);
#5353 = CARTESIAN_POINT('',(78.1,28.9));
#5354 = VECTOR('',#5355,1.);
#5355 = DIRECTION('',(0.,-1.));
#5356 = ( GEOMETRIC_REPRESENTATION_CONTEXT(2) 
PARAMETRIC_REPRESENTATION_CONTEXT() REPRESENTATION_CONTEXT('2D SPACE',''
  ) );
#5357 = PCURVE('',#4997,#5358);
#5358 = DEFINITIONAL_REPRESENTATION('',(#5359),#5363);
#5359 = LINE('',#5360,#5361);
#5360 = CARTESIAN_POINT('',(-1.054420088418E-16,28.9));
#5361 = VECTOR('',#5362,1.);
#5362 = DIRECTION('',(0.,1.));
#5363 = ( GEOMETRIC_REPRESENTATION_CONTEXT(2) 
PARAMETRIC_REPRESENTATION_CONTEXT() REPRESENTATION_CONTEXT('2D SPACE',''
  ) );
#5364 = ORIENTED_EDGE('',*,*,#5365,.T.);
#5365 = EDGE_CURVE('',#5343,#5366,#5368,.T.);
#5366 = VERTEX_POINT('',#5367);
#5367 = CARTESIAN_POINT('',(1.076916333886E-15,-12.9,14.3000001));
#5368 = SURFACE_CURVE('',#5369,(#5373,#5380),.PCURVE_S1.);
#5369 = LINE('',#5370,#5371);
#5370 = CARTESIAN_POINT('',(0.,-12.9,24.0000001));
#5371 = VECTOR('',#5372,1.);
#5372 = DIRECTION('',(1.110223024625E-16,0.,-1.));
#5373 = PCURVE('',#1258,#5374);
#5374 = DEFINITIONAL_REPRESENTATION('',(#5375),#5379);
#5375 = LINE('',#5376,#5377);
#5376 = CARTESIAN_POINT('',(72.,59.1));
#5377 = VECTOR('',#5378,1.);
#5378 = DIRECTION('',(1.,0.));
#5379 = ( GEOMETRIC_REPRESENTATION_CONTEXT(2) 
PARAMETRIC_REPRESENTATION_CONTEXT() REPRESENTATION_CONTEXT('2D SPACE',''
  ) );
#5380 = PCURVE('',#5381,#5386);
#5381 = CYLINDRICAL_SURFACE('',#5382,1.3);
#5382 = AXIS2_PLACEMENT_3D('',#5383,#5384,#5385);
#5383 = CARTESIAN_POINT('',(0.,-14.2,24.0000001));
#5384 = DIRECTION('',(-1.110223024625E-16,-0.,1.));
#5385 = DIRECTION('',(0.,1.,0.));
#5386 = DEFINITIONAL_REPRESENTATION('',(#5387),#5391);
#5387 = LINE('',#5388,#5389);
#5388 = CARTESIAN_POINT('',(-6.28318530718,0.));
#5389 = VECTOR('',#5390,1.);
#5390 = DIRECTION('',(-0.,-1.));
#5391 = ( GEOMETRIC_REPRESENTATION_CONTEXT(2) 
PARAMETRIC_REPRESENTATION_CONTEXT() REPRESENTATION_CONTEXT('2D SPACE',''
  ) );
#5392 = ORIENTED_EDGE('',*,*,#5393,.F.);
#5393 = EDGE_CURVE('',#5048,#5366,#5394,.T.);
#5394 = SURFACE_CURVE('',#5395,(#5399,#5406),.PCURVE_S1.);
#5395 = LINE('',#5396,#5397);
#5396 = CARTESIAN_POINT('',(1.076916333886E-15,-43.1,14.3000001));
#5397 = VECTOR('',#5398,1.);
#5398 = DIRECTION('',(0.,-1.,0.));
#5399 = PCURVE('',#1258,#5400);
#5400 = DEFINITIONAL_REPRESENTATION('',(#5401),#5405);
#5401 = LINE('',#5402,#5403);
#5402 = CARTESIAN_POINT('',(81.7,28.9));
#5403 = VECTOR('',#5404,1.);
#5404 = DIRECTION('',(0.,-1.));
#5405 = ( GEOMETRIC_REPRESENTATION_CONTEXT(2) 
PARAMETRIC_REPRESENTATION_CONTEXT() REPRESENTATION_CONTEXT('2D SPACE',''
  ) );
#5406 = PCURVE('',#5071,#5407);
#5407 = DEFINITIONAL_REPRESENTATION('',(#5408),#5412);
#5408 = LINE('',#5409,#5410);
#5409 = CARTESIAN_POINT('',(-1.054420088418E-16,28.9));
#5410 = VECTOR('',#5411,1.);
#5411 = DIRECTION('',(0.,1.));
#5412 = ( GEOMETRIC_REPRESENTATION_CONTEXT(2) 
PARAMETRIC_REPRESENTATION_CONTEXT() REPRESENTATION_CONTEXT('2D SPACE',''
  ) );
#5413 = ORIENTED_EDGE('',*,*,#5087,.T.);
#5414 = ORIENTED_EDGE('',*,*,#5415,.T.);
#5415 = EDGE_CURVE('',#5088,#5416,#5418,.T.);
#5416 = VERTEX_POINT('',#5417);
#5417 = CARTESIAN_POINT('',(1.587618925214E-15,-12.9,9.7000001));
#5418 = SURFACE_CURVE('',#5419,(#5423,#5430),.PCURVE_S1.);
#5419 = LINE('',#5420,#5421);
#5420 = CARTESIAN_POINT('',(1.587618925214E-15,-43.1,9.7000001));
#5421 = VECTOR('',#5422,1.);
#5422 = DIRECTION('',(0.,-1.,0.));
#5423 = PCURVE('',#1258,#5424);
#5424 = DEFINITIONAL_REPRESENTATION('',(#5425),#5429);
#5425 = LINE('',#5426,#5427);
#5426 = CARTESIAN_POINT('',(86.3,28.9));
#5427 = VECTOR('',#5428,1.);
#5428 = DIRECTION('',(0.,-1.));
#5429 = ( GEOMETRIC_REPRESENTATION_CONTEXT(2) 
PARAMETRIC_REPRESENTATION_CONTEXT() REPRESENTATION_CONTEXT('2D SPACE',''
  ) );
#5430 = PCURVE('',#5134,#5431);
#5431 = DEFINITIONAL_REPRESENTATION('',(#5432),#5436);
#5432 = LINE('',#5433,#5434);
#5433 = CARTESIAN_POINT('',(-1.054420088418E-16,28.9));
#5434 = VECTOR('',#5435,1.);
#5435 = DIRECTION('',(0.,1.));
#5436 = ( GEOMETRIC_REPRESENTATION_CONTEXT(2) 
PARAMETRIC_REPRESENTATION_CONTEXT() REPRESENTATION_CONTEXT('2D SPACE',''
  ) );
#5437 = ORIENTED_EDGE('',*,*,#5438,.T.);
#5438 = EDGE_CURVE('',#5416,#5439,#5441,.T.);
#5439 = VERTEX_POINT('',#5440);
#5440 = CARTESIAN_POINT('',(1.987299214079E-15,-12.9,6.1000001));
#5441 = SURFACE_CURVE('',#5442,(#5446,#5453),.PCURVE_S1.);
#5442 = LINE('',#5443,#5444);
#5443 = CARTESIAN_POINT('',(0.,-12.9,24.0000001));
#5444 = VECTOR('',#5445,1.);
#5445 = DIRECTION('',(1.110223024625E-16,0.,-1.));
#5446 = PCURVE('',#1258,#5447);
#5447 = DEFINITIONAL_REPRESENTATION('',(#5448),#5452);
#5448 = LINE('',#5449,#5450);
#5449 = CARTESIAN_POINT('',(72.,59.1));
#5450 = VECTOR('',#5451,1.);
#5451 = DIRECTION('',(1.,0.));
#5452 = ( GEOMETRIC_REPRESENTATION_CONTEXT(2) 
PARAMETRIC_REPRESENTATION_CONTEXT() REPRESENTATION_CONTEXT('2D SPACE',''
  ) );
#5453 = PCURVE('',#5454,#5459);
#5454 = CYLINDRICAL_SURFACE('',#5455,1.3);
#5455 = AXIS2_PLACEMENT_3D('',#5456,#5457,#5458);
#5456 = CARTESIAN_POINT('',(0.,-14.2,24.0000001));
#5457 = DIRECTION('',(-1.110223024625E-16,-0.,1.));
#5458 = DIRECTION('',(0.,1.,0.));
#5459 = DEFINITIONAL_REPRESENTATION('',(#5460),#5464);
#5460 = LINE('',#5461,#5462);
#5461 = CARTESIAN_POINT('',(-6.28318530718,0.));
#5462 = VECTOR('',#5463,1.);
#5463 = DIRECTION('',(-0.,-1.));
#5464 = ( GEOMETRIC_REPRESENTATION_CONTEXT(2) 
PARAMETRIC_REPRESENTATION_CONTEXT() REPRESENTATION_CONTEXT('2D SPACE',''
  ) );
#5465 = ORIENTED_EDGE('',*,*,#5466,.F.);
#5466 = EDGE_CURVE('',#5188,#5439,#5467,.T.);
#5467 = SURFACE_CURVE('',#5468,(#5472,#5479),.PCURVE_S1.);
#5468 = LINE('',#5469,#5470);
#5469 = CARTESIAN_POINT('',(1.987299214079E-15,-43.1,6.1000001));
#5470 = VECTOR('',#5471,1.);
#5471 = DIRECTION('',(0.,-1.,0.));
#5472 = PCURVE('',#1258,#5473);
#5473 = DEFINITIONAL_REPRESENTATION('',(#5474),#5478);
#5474 = LINE('',#5475,#5476);
#5475 = CARTESIAN_POINT('',(89.9,28.9));
#5476 = VECTOR('',#5477,1.);
#5477 = DIRECTION('',(0.,-1.));
#5478 = ( GEOMETRIC_REPRESENTATION_CONTEXT(2) 
PARAMETRIC_REPRESENTATION_CONTEXT() REPRESENTATION_CONTEXT('2D SPACE',''
  ) );
#5479 = PCURVE('',#5211,#5480);
#5480 = DEFINITIONAL_REPRESENTATION('',(#5481),#5485);
#5481 = LINE('',#5482,#5483);
#5482 = CARTESIAN_POINT('',(-1.054420088418E-16,28.9));
#5483 = VECTOR('',#5484,1.);
#5484 = DIRECTION('',(0.,1.));
#5485 = ( GEOMETRIC_REPRESENTATION_CONTEXT(2) 
PARAMETRIC_REPRESENTATION_CONTEXT() REPRESENTATION_CONTEXT('2D SPACE',''
  ) );
#5486 = ORIENTED_EDGE('',*,*,#5227,.T.);
#5487 = ORIENTED_EDGE('',*,*,#2820,.F.);
#5488 = ADVANCED_FACE('',(#5489),#1186,.T.);
#5489 = FACE_BOUND('',#5490,.T.);
#5490 = EDGE_LOOP('',(#5491,#5512,#5513,#5514,#5515,#5536,#5537,#5567,
    #5568,#5589,#5590,#5620));
#5491 = ORIENTED_EDGE('',*,*,#5492,.F.);
#5492 = EDGE_CURVE('',#1061,#4781,#5493,.T.);
#5493 = SURFACE_CURVE('',#5494,(#5498,#5505),.PCURVE_S1.);
#5494 = LINE('',#5495,#5496);
#5495 = CARTESIAN_POINT('',(-8.,-6.,26.0000001));
#5496 = VECTOR('',#5497,1.);
#5497 = DIRECTION('',(1.110223024625E-16,0.,-1.));
#5498 = PCURVE('',#1186,#5499);
#5499 = DEFINITIONAL_REPRESENTATION('',(#5500),#5504);
#5500 = LINE('',#5501,#5502);
#5501 = CARTESIAN_POINT('',(3.14159265359,0.));
#5502 = VECTOR('',#5503,1.);
#5503 = DIRECTION('',(0.,-1.));
#5504 = ( GEOMETRIC_REPRESENTATION_CONTEXT(2) 
PARAMETRIC_REPRESENTATION_CONTEXT() REPRESENTATION_CONTEXT('2D SPACE',''
  ) );
#5505 = PCURVE('',#1076,#5506);
#5506 = DEFINITIONAL_REPRESENTATION('',(#5507),#5511);
#5507 = LINE('',#5508,#5509);
#5508 = CARTESIAN_POINT('',(0.,0.));
#5509 = VECTOR('',#5510,1.);
#5510 = DIRECTION('',(0.,-1.));
#5511 = ( GEOMETRIC_REPRESENTATION_CONTEXT(2) 
PARAMETRIC_REPRESENTATION_CONTEXT() REPRESENTATION_CONTEXT('2D SPACE',''
  ) );
#5512 = ORIENTED_EDGE('',*,*,#1088,.T.);
#5513 = ORIENTED_EDGE('',*,*,#5319,.T.);
#5514 = ORIENTED_EDGE('',*,*,#2674,.F.);
#5515 = ORIENTED_EDGE('',*,*,#5516,.F.);
#5516 = EDGE_CURVE('',#3185,#2647,#5517,.T.);
#5517 = SURFACE_CURVE('',#5518,(#5522,#5529),.PCURVE_S1.);
#5518 = LINE('',#5519,#5520);
#5519 = CARTESIAN_POINT('',(-8.,-6.,26.0000001));
#5520 = VECTOR('',#5521,1.);
#5521 = DIRECTION('',(1.110223024625E-16,0.,-1.));
#5522 = PCURVE('',#1186,#5523);
#5523 = DEFINITIONAL_REPRESENTATION('',(#5524),#5528);
#5524 = LINE('',#5525,#5526);
#5525 = CARTESIAN_POINT('',(3.14159265359,0.));
#5526 = VECTOR('',#5527,1.);
#5527 = DIRECTION('',(0.,-1.));
#5528 = ( GEOMETRIC_REPRESENTATION_CONTEXT(2) 
PARAMETRIC_REPRESENTATION_CONTEXT() REPRESENTATION_CONTEXT('2D SPACE',''
  ) );
#5529 = PCURVE('',#2662,#5530);
#5530 = DEFINITIONAL_REPRESENTATION('',(#5531),#5535);
#5531 = LINE('',#5532,#5533);
#5532 = CARTESIAN_POINT('',(0.,0.));
#5533 = VECTOR('',#5534,1.);
#5534 = DIRECTION('',(0.,-1.));
#5535 = ( GEOMETRIC_REPRESENTATION_CONTEXT(2) 
PARAMETRIC_REPRESENTATION_CONTEXT() REPRESENTATION_CONTEXT('2D SPACE',''
  ) );
#5536 = ORIENTED_EDGE('',*,*,#3207,.T.);
#5537 = ORIENTED_EDGE('',*,*,#5538,.T.);
#5538 = EDGE_CURVE('',#3208,#3755,#5539,.T.);
#5539 = SURFACE_CURVE('',#5540,(#5547,#5557),.PCURVE_S1.);
#5540 = B_SPLINE_CURVE_WITH_KNOTS('',5,(#5541,#5542,#5543,#5544,#5545,
    #5546),.UNSPECIFIED.,.F.,.F.,(6,6),(0.,1.),
  .PIECEWISE_BEZIER_KNOTS.);
#5541 = CARTESIAN_POINT('',(-5.,-8.732186624299,1.9000001));
#5542 = CARTESIAN_POINT('',(-5.,-8.732186624299,2.504575236939));
#5543 = CARTESIAN_POINT('',(-5.,-8.732186624299,3.132603855795));
#5544 = CARTESIAN_POINT('',(-5.,-8.732186624299,3.877333158319));
#5545 = CARTESIAN_POINT('',(-5.,-8.732186624299,4.638901311237));
#5546 = CARTESIAN_POINT('',(-5.,-8.732186624299,5.1000001));
#5547 = PCURVE('',#1186,#5548);
#5548 = DEFINITIONAL_REPRESENTATION('',(#5549),#5556);
#5549 = B_SPLINE_CURVE_WITH_KNOTS('',5,(#5550,#5551,#5552,#5553,#5554,
    #5555),.UNSPECIFIED.,.F.,.F.,(6,6),(0.,1.),
  .PIECEWISE_BEZIER_KNOTS.);
#5550 = CARTESIAN_POINT('',(2.245927859732,-24.1));
#5551 = CARTESIAN_POINT('',(2.245927859732,-23.49542486306));
#5552 = CARTESIAN_POINT('',(2.245927859732,-22.8673962442));
#5553 = CARTESIAN_POINT('',(2.245927859732,-22.12266694168));
#5554 = CARTESIAN_POINT('',(2.245927859732,-21.36109878876));
#5555 = CARTESIAN_POINT('',(2.245927859732,-20.9));
#5556 = ( GEOMETRIC_REPRESENTATION_CONTEXT(2) 
PARAMETRIC_REPRESENTATION_CONTEXT() REPRESENTATION_CONTEXT('2D SPACE',''
  ) );
#5557 = PCURVE('',#3316,#5558);
#5558 = DEFINITIONAL_REPRESENTATION('',(#5559),#5566);
#5559 = B_SPLINE_CURVE_WITH_KNOTS('',5,(#5560,#5561,#5562,#5563,#5564,
    #5565),.UNSPECIFIED.,.F.,.F.,(6,6),(0.,1.),
  .PIECEWISE_BEZIER_KNOTS.);
#5560 = CARTESIAN_POINT('',(19.262186624299,-3.2));
#5561 = CARTESIAN_POINT('',(19.262186624299,-2.595424863061));
#5562 = CARTESIAN_POINT('',(19.262186624299,-1.967396244205));
#5563 = CARTESIAN_POINT('',(19.262186624299,-1.222666941681));
#5564 = CARTESIAN_POINT('',(19.262186624299,-0.461098788763));
#5565 = CARTESIAN_POINT('',(19.262186624299,0.));
#5566 = ( GEOMETRIC_REPRESENTATION_CONTEXT(2) 
PARAMETRIC_REPRESENTATION_CONTEXT() REPRESENTATION_CONTEXT('2D SPACE',''
  ) );
#5567 = ORIENTED_EDGE('',*,*,#3754,.F.);
#5568 = ORIENTED_EDGE('',*,*,#5569,.F.);
#5569 = EDGE_CURVE('',#4259,#3727,#5570,.T.);
#5570 = SURFACE_CURVE('',#5571,(#5575,#5582),.PCURVE_S1.);
#5571 = LINE('',#5572,#5573);
#5572 = CARTESIAN_POINT('',(-8.,-6.,26.0000001));
#5573 = VECTOR('',#5574,1.);
#5574 = DIRECTION('',(1.110223024625E-16,0.,-1.));
#5575 = PCURVE('',#1186,#5576);
#5576 = DEFINITIONAL_REPRESENTATION('',(#5577),#5581);
#5577 = LINE('',#5578,#5579);
#5578 = CARTESIAN_POINT('',(3.14159265359,0.));
#5579 = VECTOR('',#5580,1.);
#5580 = DIRECTION('',(0.,-1.));
#5581 = ( GEOMETRIC_REPRESENTATION_CONTEXT(2) 
PARAMETRIC_REPRESENTATION_CONTEXT() REPRESENTATION_CONTEXT('2D SPACE',''
  ) );
#5582 = PCURVE('',#3742,#5583);
#5583 = DEFINITIONAL_REPRESENTATION('',(#5584),#5588);
#5584 = LINE('',#5585,#5586);
#5585 = CARTESIAN_POINT('',(0.,0.));
#5586 = VECTOR('',#5587,1.);
#5587 = DIRECTION('',(0.,-1.));
#5588 = ( GEOMETRIC_REPRESENTATION_CONTEXT(2) 
PARAMETRIC_REPRESENTATION_CONTEXT() REPRESENTATION_CONTEXT('2D SPACE',''
  ) );
#5589 = ORIENTED_EDGE('',*,*,#4281,.T.);
#5590 = ORIENTED_EDGE('',*,*,#5591,.T.);
#5591 = EDGE_CURVE('',#4282,#4804,#5592,.T.);
#5592 = SURFACE_CURVE('',#5593,(#5600,#5610),.PCURVE_S1.);
#5593 = B_SPLINE_CURVE_WITH_KNOTS('',5,(#5594,#5595,#5596,#5597,#5598,
    #5599),.UNSPECIFIED.,.F.,.F.,(6,6),(0.,1.),
  .PIECEWISE_BEZIER_KNOTS.);
#5594 = CARTESIAN_POINT('',(-5.,-8.732186624299,18.9000001));
#5595 = CARTESIAN_POINT('',(-5.,-8.732186624299,19.237024764169));
#5596 = CARTESIAN_POINT('',(-5.,-8.732186624299,20.116111329778));
#5597 = CARTESIAN_POINT('',(-5.,-8.732186624299,20.857146040193));
#5598 = CARTESIAN_POINT('',(-5.,-8.732186624299,21.373199394931));
#5599 = CARTESIAN_POINT('',(-5.,-8.732186624299,22.1000001));
#5600 = PCURVE('',#1186,#5601);
#5601 = DEFINITIONAL_REPRESENTATION('',(#5602),#5609);
#5602 = B_SPLINE_CURVE_WITH_KNOTS('',5,(#5603,#5604,#5605,#5606,#5607,
    #5608),.UNSPECIFIED.,.F.,.F.,(6,6),(0.,1.),
  .PIECEWISE_BEZIER_KNOTS.);
#5603 = CARTESIAN_POINT('',(2.245927859732,-7.1));
#5604 = CARTESIAN_POINT('',(2.245927859732,-6.762975335831));
#5605 = CARTESIAN_POINT('',(2.245927859732,-5.883888770222));
#5606 = CARTESIAN_POINT('',(2.245927859732,-5.142854059807));
#5607 = CARTESIAN_POINT('',(2.245927859732,-4.626800705069));
#5608 = CARTESIAN_POINT('',(2.245927859732,-3.9));
#5609 = ( GEOMETRIC_REPRESENTATION_CONTEXT(2) 
PARAMETRIC_REPRESENTATION_CONTEXT() REPRESENTATION_CONTEXT('2D SPACE',''
  ) );
#5610 = PCURVE('',#4390,#5611);
#5611 = DEFINITIONAL_REPRESENTATION('',(#5612),#5619);
#5612 = B_SPLINE_CURVE_WITH_KNOTS('',5,(#5613,#5614,#5615,#5616,#5617,
    #5618),.UNSPECIFIED.,.F.,.F.,(6,6),(0.,1.),
  .PIECEWISE_BEZIER_KNOTS.);
#5613 = CARTESIAN_POINT('',(19.262186624299,-3.2));
#5614 = CARTESIAN_POINT('',(19.262186624299,-2.862975335831));
#5615 = CARTESIAN_POINT('',(19.262186624299,-1.983888770222));
#5616 = CARTESIAN_POINT('',(19.262186624299,-1.242854059807));
#5617 = CARTESIAN_POINT('',(19.262186624299,-0.726800705069));
#5618 = CARTESIAN_POINT('',(19.262186624299,0.));
#5619 = ( GEOMETRIC_REPRESENTATION_CONTEXT(2) 
PARAMETRIC_REPRESENTATION_CONTEXT() REPRESENTATION_CONTEXT('2D SPACE',''
  ) );
#5620 = ORIENTED_EDGE('',*,*,#4803,.F.);
#5621 = ADVANCED_FACE('',(#5622),#1076,.T.);
#5622 = FACE_BOUND('',#5623,.T.);
#5623 = EDGE_LOOP('',(#5624,#5625,#5626,#5647));
#5624 = ORIENTED_EDGE('',*,*,#5492,.T.);
#5625 = ORIENTED_EDGE('',*,*,#4780,.T.);
#5626 = ORIENTED_EDGE('',*,*,#5627,.T.);
#5627 = EDGE_CURVE('',#4758,#1033,#5628,.T.);
#5628 = SURFACE_CURVE('',#5629,(#5633,#5640),.PCURVE_S1.);
#5629 = LINE('',#5630,#5631);
#5630 = CARTESIAN_POINT('',(-8.,-1.1,25.0000001));
#5631 = VECTOR('',#5632,1.);
#5632 = DIRECTION('',(-1.110223024625E-16,0.,1.));
#5633 = PCURVE('',#1076,#5634);
#5634 = DEFINITIONAL_REPRESENTATION('',(#5635),#5639);
#5635 = LINE('',#5636,#5637);
#5636 = CARTESIAN_POINT('',(4.9,-1.));
#5637 = VECTOR('',#5638,1.);
#5638 = DIRECTION('',(0.,1.));
#5639 = ( GEOMETRIC_REPRESENTATION_CONTEXT(2) 
PARAMETRIC_REPRESENTATION_CONTEXT() REPRESENTATION_CONTEXT('2D SPACE',''
  ) );
#5640 = PCURVE('',#1048,#5641);
#5641 = DEFINITIONAL_REPRESENTATION('',(#5642),#5646);
#5642 = LINE('',#5643,#5644);
#5643 = CARTESIAN_POINT('',(1.2,-1.));
#5644 = VECTOR('',#5645,1.);
#5645 = DIRECTION('',(0.,-1.));
#5646 = ( GEOMETRIC_REPRESENTATION_CONTEXT(2) 
PARAMETRIC_REPRESENTATION_CONTEXT() REPRESENTATION_CONTEXT('2D SPACE',''
  ) );
#5647 = ORIENTED_EDGE('',*,*,#1060,.T.);
#5648 = ADVANCED_FACE('',(#5649),#1048,.T.);
#5649 = FACE_BOUND('',#5650,.T.);
#5650 = EDGE_LOOP('',(#5651,#5672,#5673,#5674));
#5651 = ORIENTED_EDGE('',*,*,#5652,.F.);
#5652 = EDGE_CURVE('',#1005,#4735,#5653,.T.);
#5653 = SURFACE_CURVE('',#5654,(#5658,#5665),.PCURVE_S1.);
#5654 = LINE('',#5655,#5656);
#5655 = CARTESIAN_POINT('',(-9.2,-1.1,24.0000001));
#5656 = VECTOR('',#5657,1.);
#5657 = DIRECTION('',(1.110223024625E-16,0.,-1.));
#5658 = PCURVE('',#1048,#5659);
#5659 = DEFINITIONAL_REPRESENTATION('',(#5660),#5664);
#5660 = LINE('',#5661,#5662);
#5661 = CARTESIAN_POINT('',(0.,0.));
#5662 = VECTOR('',#5663,1.);
#5663 = DIRECTION('',(0.,1.));
#5664 = ( GEOMETRIC_REPRESENTATION_CONTEXT(2) 
PARAMETRIC_REPRESENTATION_CONTEXT() REPRESENTATION_CONTEXT('2D SPACE',''
  ) );
#5665 = PCURVE('',#1020,#5666);
#5666 = DEFINITIONAL_REPRESENTATION('',(#5667),#5671);
#5667 = LINE('',#5668,#5669);
#5668 = CARTESIAN_POINT('',(0.,0.));
#5669 = VECTOR('',#5670,1.);
#5670 = DIRECTION('',(1.,0.));
#5671 = ( GEOMETRIC_REPRESENTATION_CONTEXT(2) 
PARAMETRIC_REPRESENTATION_CONTEXT() REPRESENTATION_CONTEXT('2D SPACE',''
  ) );
#5672 = ORIENTED_EDGE('',*,*,#1032,.T.);
#5673 = ORIENTED_EDGE('',*,*,#5627,.F.);
#5674 = ORIENTED_EDGE('',*,*,#4757,.T.);
#5675 = ADVANCED_FACE('',(#5676),#1020,.T.);
#5676 = FACE_BOUND('',#5677,.T.);
#5677 = EDGE_LOOP('',(#5678,#5699,#5700,#5701));
#5678 = ORIENTED_EDGE('',*,*,#5679,.F.);
#5679 = EDGE_CURVE('',#977,#4712,#5680,.T.);
#5680 = SURFACE_CURVE('',#5681,(#5685,#5692),.PCURVE_S1.);
#5681 = LINE('',#5682,#5683);
#5682 = CARTESIAN_POINT('',(-9.2,1.1,24.0000001));
#5683 = VECTOR('',#5684,1.);
#5684 = DIRECTION('',(1.110223024625E-16,0.,-1.));
#5685 = PCURVE('',#1020,#5686);
#5686 = DEFINITIONAL_REPRESENTATION('',(#5687),#5691);
#5687 = LINE('',#5688,#5689);
#5688 = CARTESIAN_POINT('',(0.,2.2));
#5689 = VECTOR('',#5690,1.);
#5690 = DIRECTION('',(1.,0.));
#5691 = ( GEOMETRIC_REPRESENTATION_CONTEXT(2) 
PARAMETRIC_REPRESENTATION_CONTEXT() REPRESENTATION_CONTEXT('2D SPACE',''
  ) );
#5692 = PCURVE('',#992,#5693);
#5693 = DEFINITIONAL_REPRESENTATION('',(#5694),#5698);
#5694 = LINE('',#5695,#5696);
#5695 = CARTESIAN_POINT('',(0.,0.));
#5696 = VECTOR('',#5697,1.);
#5697 = DIRECTION('',(0.,1.));
#5698 = ( GEOMETRIC_REPRESENTATION_CONTEXT(2) 
PARAMETRIC_REPRESENTATION_CONTEXT() REPRESENTATION_CONTEXT('2D SPACE',''
  ) );
#5699 = ORIENTED_EDGE('',*,*,#1004,.F.);
#5700 = ORIENTED_EDGE('',*,*,#5652,.T.);
#5701 = ORIENTED_EDGE('',*,*,#4734,.T.);
#5702 = ADVANCED_FACE('',(#5703),#992,.F.);
#5703 = FACE_BOUND('',#5704,.F.);
#5704 = EDGE_LOOP('',(#5705,#5706,#5707,#5728));
#5705 = ORIENTED_EDGE('',*,*,#5679,.F.);
#5706 = ORIENTED_EDGE('',*,*,#976,.T.);
#5707 = ORIENTED_EDGE('',*,*,#5708,.F.);
#5708 = EDGE_CURVE('',#4689,#949,#5709,.T.);
#5709 = SURFACE_CURVE('',#5710,(#5714,#5721),.PCURVE_S1.);
#5710 = LINE('',#5711,#5712);
#5711 = CARTESIAN_POINT('',(-8.,1.1,25.0000001));
#5712 = VECTOR('',#5713,1.);
#5713 = DIRECTION('',(-1.110223024625E-16,0.,1.));
#5714 = PCURVE('',#992,#5715);
#5715 = DEFINITIONAL_REPRESENTATION('',(#5716),#5720);
#5716 = LINE('',#5717,#5718);
#5717 = CARTESIAN_POINT('',(1.2,-1.));
#5718 = VECTOR('',#5719,1.);
#5719 = DIRECTION('',(0.,-1.));
#5720 = ( GEOMETRIC_REPRESENTATION_CONTEXT(2) 
PARAMETRIC_REPRESENTATION_CONTEXT() REPRESENTATION_CONTEXT('2D SPACE',''
  ) );
#5721 = PCURVE('',#964,#5722);
#5722 = DEFINITIONAL_REPRESENTATION('',(#5723),#5727);
#5723 = LINE('',#5724,#5725);
#5724 = CARTESIAN_POINT('',(7.1,-1.));
#5725 = VECTOR('',#5726,1.);
#5726 = DIRECTION('',(0.,1.));
#5727 = ( GEOMETRIC_REPRESENTATION_CONTEXT(2) 
PARAMETRIC_REPRESENTATION_CONTEXT() REPRESENTATION_CONTEXT('2D SPACE',''
  ) );
#5728 = ORIENTED_EDGE('',*,*,#4711,.T.);
#5729 = ADVANCED_FACE('',(#5730),#964,.T.);
#5730 = FACE_BOUND('',#5731,.T.);
#5731 = EDGE_LOOP('',(#5732,#5753,#5754,#5755));
#5732 = ORIENTED_EDGE('',*,*,#5733,.F.);
#5733 = EDGE_CURVE('',#813,#4609,#5734,.T.);
#5734 = SURFACE_CURVE('',#5735,(#5739,#5746),.PCURVE_S1.);
#5735 = LINE('',#5736,#5737);
#5736 = CARTESIAN_POINT('',(-8.,6.,26.0000001));
#5737 = VECTOR('',#5738,1.);
#5738 = DIRECTION('',(1.110223024625E-16,0.,-1.));
#5739 = PCURVE('',#964,#5740);
#5740 = DEFINITIONAL_REPRESENTATION('',(#5741),#5745);
#5741 = LINE('',#5742,#5743);
#5742 = CARTESIAN_POINT('',(12.,0.));
#5743 = VECTOR('',#5744,1.);
#5744 = DIRECTION('',(0.,-1.));
#5745 = ( GEOMETRIC_REPRESENTATION_CONTEXT(2) 
PARAMETRIC_REPRESENTATION_CONTEXT() REPRESENTATION_CONTEXT('2D SPACE',''
  ) );
#5746 = PCURVE('',#898,#5747);
#5747 = DEFINITIONAL_REPRESENTATION('',(#5748),#5752);
#5748 = LINE('',#5749,#5750);
#5749 = CARTESIAN_POINT('',(3.14159265359,0.));
#5750 = VECTOR('',#5751,1.);
#5751 = DIRECTION('',(0.,-1.));
#5752 = ( GEOMETRIC_REPRESENTATION_CONTEXT(2) 
PARAMETRIC_REPRESENTATION_CONTEXT() REPRESENTATION_CONTEXT('2D SPACE',''
  ) );
#5753 = ORIENTED_EDGE('',*,*,#948,.T.);
#5754 = ORIENTED_EDGE('',*,*,#5708,.F.);
#5755 = ORIENTED_EDGE('',*,*,#4688,.T.);
#5756 = ADVANCED_FACE('',(#5757),#898,.T.);
#5757 = FACE_BOUND('',#5758,.T.);
#5758 = EDGE_LOOP('',(#5759,#5760,#5761,#5762,#5763,#5793,#5794,#5815,
    #5816,#5846,#5847,#5868));
#5759 = ORIENTED_EDGE('',*,*,#1305,.F.);
#5760 = ORIENTED_EDGE('',*,*,#812,.T.);
#5761 = ORIENTED_EDGE('',*,*,#5733,.T.);
#5762 = ORIENTED_EDGE('',*,*,#4608,.F.);
#5763 = ORIENTED_EDGE('',*,*,#5764,.F.);
#5764 = EDGE_CURVE('',#4059,#4586,#5765,.T.);
#5765 = SURFACE_CURVE('',#5766,(#5773,#5783),.PCURVE_S1.);
#5766 = B_SPLINE_CURVE_WITH_KNOTS('',5,(#5767,#5768,#5769,#5770,#5771,
    #5772),.UNSPECIFIED.,.F.,.F.,(6,6),(0.,1.),
  .PIECEWISE_BEZIER_KNOTS.);
#5767 = CARTESIAN_POINT('',(-5.,8.732186624299,18.9000001));
#5768 = CARTESIAN_POINT('',(-5.,8.732186624299,19.237024764169));
#5769 = CARTESIAN_POINT('',(-5.,8.732186624299,20.116111329778));
#5770 = CARTESIAN_POINT('',(-5.,8.732186624299,20.857146040193));
#5771 = CARTESIAN_POINT('',(-5.,8.732186624299,21.373199394931));
#5772 = CARTESIAN_POINT('',(-5.,8.732186624299,22.1000001));
#5773 = PCURVE('',#898,#5774);
#5774 = DEFINITIONAL_REPRESENTATION('',(#5775),#5782);
#5775 = B_SPLINE_CURVE_WITH_KNOTS('',5,(#5776,#5777,#5778,#5779,#5780,
    #5781),.UNSPECIFIED.,.F.,.F.,(6,6),(0.,1.),
  .PIECEWISE_BEZIER_KNOTS.);
#5776 = CARTESIAN_POINT('',(4.037257447448,-7.1));
#5777 = CARTESIAN_POINT('',(4.037257447448,-6.762975335831));
#5778 = CARTESIAN_POINT('',(4.037257447448,-5.883888770222));
#5779 = CARTESIAN_POINT('',(4.037257447448,-5.142854059807));
#5780 = CARTESIAN_POINT('',(4.037257447448,-4.626800705069));
#5781 = CARTESIAN_POINT('',(4.037257447448,-3.9));
#5782 = ( GEOMETRIC_REPRESENTATION_CONTEXT(2) 
PARAMETRIC_REPRESENTATION_CONTEXT() REPRESENTATION_CONTEXT('2D SPACE',''
  ) );
#5783 = PCURVE('',#4074,#5784);
#5784 = DEFINITIONAL_REPRESENTATION('',(#5785),#5792);
#5785 = B_SPLINE_CURVE_WITH_KNOTS('',5,(#5786,#5787,#5788,#5789,#5790,
    #5791),.UNSPECIFIED.,.F.,.F.,(6,6),(0.,1.),
  .PIECEWISE_BEZIER_KNOTS.);
#5786 = CARTESIAN_POINT('',(1.797813375701,-3.2));
#5787 = CARTESIAN_POINT('',(1.797813375701,-2.862975335831));
#5788 = CARTESIAN_POINT('',(1.797813375701,-1.983888770222));
#5789 = CARTESIAN_POINT('',(1.797813375701,-1.242854059807));
#5790 = CARTESIAN_POINT('',(1.797813375701,-0.726800705069));
#5791 = CARTESIAN_POINT('',(1.797813375701,0.));
#5792 = ( GEOMETRIC_REPRESENTATION_CONTEXT(2) 
PARAMETRIC_REPRESENTATION_CONTEXT() REPRESENTATION_CONTEXT('2D SPACE',''
  ) );
#5793 = ORIENTED_EDGE('',*,*,#4086,.T.);
#5794 = ORIENTED_EDGE('',*,*,#5795,.T.);
#5795 = EDGE_CURVE('',#4087,#3535,#5796,.T.);
#5796 = SURFACE_CURVE('',#5797,(#5801,#5808),.PCURVE_S1.);
#5797 = LINE('',#5798,#5799);
#5798 = CARTESIAN_POINT('',(-8.,6.,26.0000001));
#5799 = VECTOR('',#5800,1.);
#5800 = DIRECTION('',(1.110223024625E-16,0.,-1.));
#5801 = PCURVE('',#898,#5802);
#5802 = DEFINITIONAL_REPRESENTATION('',(#5803),#5807);
#5803 = LINE('',#5804,#5805);
#5804 = CARTESIAN_POINT('',(3.14159265359,0.));
#5805 = VECTOR('',#5806,1.);
#5806 = DIRECTION('',(0.,-1.));
#5807 = ( GEOMETRIC_REPRESENTATION_CONTEXT(2) 
PARAMETRIC_REPRESENTATION_CONTEXT() REPRESENTATION_CONTEXT('2D SPACE',''
  ) );
#5808 = PCURVE('',#3630,#5809);
#5809 = DEFINITIONAL_REPRESENTATION('',(#5810),#5814);
#5810 = LINE('',#5811,#5812);
#5811 = CARTESIAN_POINT('',(12.,0.));
#5812 = VECTOR('',#5813,1.);
#5813 = DIRECTION('',(0.,-1.));
#5814 = ( GEOMETRIC_REPRESENTATION_CONTEXT(2) 
PARAMETRIC_REPRESENTATION_CONTEXT() REPRESENTATION_CONTEXT('2D SPACE',''
  ) );
#5815 = ORIENTED_EDGE('',*,*,#3534,.F.);
#5816 = ORIENTED_EDGE('',*,*,#5817,.F.);
#5817 = EDGE_CURVE('',#3077,#3512,#5818,.T.);
#5818 = SURFACE_CURVE('',#5819,(#5826,#5836),.PCURVE_S1.);
#5819 = B_SPLINE_CURVE_WITH_KNOTS('',5,(#5820,#5821,#5822,#5823,#5824,
    #5825),.UNSPECIFIED.,.F.,.F.,(6,6),(0.,1.),
  .PIECEWISE_BEZIER_KNOTS.);
#5820 = CARTESIAN_POINT('',(-5.,8.732186624299,1.9000001));
#5821 = CARTESIAN_POINT('',(-5.,8.732186624299,2.504575236939));
#5822 = CARTESIAN_POINT('',(-5.,8.732186624299,3.132603855795));
#5823 = CARTESIAN_POINT('',(-5.,8.732186624299,3.877333158319));
#5824 = CARTESIAN_POINT('',(-5.,8.732186624299,4.638901311237));
#5825 = CARTESIAN_POINT('',(-5.,8.732186624299,5.1000001));
#5826 = PCURVE('',#898,#5827);
#5827 = DEFINITIONAL_REPRESENTATION('',(#5828),#5835);
#5828 = B_SPLINE_CURVE_WITH_KNOTS('',5,(#5829,#5830,#5831,#5832,#5833,
    #5834),.UNSPECIFIED.,.F.,.F.,(6,6),(0.,1.),
  .PIECEWISE_BEZIER_KNOTS.);
#5829 = CARTESIAN_POINT('',(4.037257447448,-24.1));
#5830 = CARTESIAN_POINT('',(4.037257447448,-23.49542486306));
#5831 = CARTESIAN_POINT('',(4.037257447448,-22.8673962442));
#5832 = CARTESIAN_POINT('',(4.037257447448,-22.12266694168));
#5833 = CARTESIAN_POINT('',(4.037257447448,-21.36109878876));
#5834 = CARTESIAN_POINT('',(4.037257447448,-20.9));
#5835 = ( GEOMETRIC_REPRESENTATION_CONTEXT(2) 
PARAMETRIC_REPRESENTATION_CONTEXT() REPRESENTATION_CONTEXT('2D SPACE',''
  ) );
#5836 = PCURVE('',#3092,#5837);
#5837 = DEFINITIONAL_REPRESENTATION('',(#5838),#5845);
#5838 = B_SPLINE_CURVE_WITH_KNOTS('',5,(#5839,#5840,#5841,#5842,#5843,
    #5844),.UNSPECIFIED.,.F.,.F.,(6,6),(0.,1.),
  .PIECEWISE_BEZIER_KNOTS.);
#5839 = CARTESIAN_POINT('',(1.797813375701,-3.2));
#5840 = CARTESIAN_POINT('',(1.797813375701,-2.595424863061));
#5841 = CARTESIAN_POINT('',(1.797813375701,-1.967396244205));
#5842 = CARTESIAN_POINT('',(1.797813375701,-1.222666941681));
#5843 = CARTESIAN_POINT('',(1.797813375701,-0.461098788763));
#5844 = CARTESIAN_POINT('',(1.797813375701,0.));
#5845 = ( GEOMETRIC_REPRESENTATION_CONTEXT(2) 
PARAMETRIC_REPRESENTATION_CONTEXT() REPRESENTATION_CONTEXT('2D SPACE',''
  ) );
#5846 = ORIENTED_EDGE('',*,*,#3104,.T.);
#5847 = ORIENTED_EDGE('',*,*,#5848,.T.);
#5848 = EDGE_CURVE('',#3105,#2519,#5849,.T.);
#5849 = SURFACE_CURVE('',#5850,(#5854,#5861),.PCURVE_S1.);
#5850 = LINE('',#5851,#5852);
#5851 = CARTESIAN_POINT('',(-8.,6.,26.0000001));
#5852 = VECTOR('',#5853,1.);
#5853 = DIRECTION('',(1.110223024625E-16,0.,-1.));
#5854 = PCURVE('',#898,#5855);
#5855 = DEFINITIONAL_REPRESENTATION('',(#5856),#5860);
#5856 = LINE('',#5857,#5858);
#5857 = CARTESIAN_POINT('',(3.14159265359,0.));
#5858 = VECTOR('',#5859,1.);
#5859 = DIRECTION('',(0.,-1.));
#5860 = ( GEOMETRIC_REPRESENTATION_CONTEXT(2) 
PARAMETRIC_REPRESENTATION_CONTEXT() REPRESENTATION_CONTEXT('2D SPACE',''
  ) );
#5861 = PCURVE('',#2662,#5862);
#5862 = DEFINITIONAL_REPRESENTATION('',(#5863),#5867);
#5863 = LINE('',#5864,#5865);
#5864 = CARTESIAN_POINT('',(12.,0.));
#5865 = VECTOR('',#5866,1.);
#5866 = DIRECTION('',(0.,-1.));
#5867 = ( GEOMETRIC_REPRESENTATION_CONTEXT(2) 
PARAMETRIC_REPRESENTATION_CONTEXT() REPRESENTATION_CONTEXT('2D SPACE',''
  ) );
#5868 = ORIENTED_EDGE('',*,*,#2518,.F.);
#5869 = ADVANCED_FACE('',(#5870),#1389,.F.);
#5870 = FACE_BOUND('',#5871,.F.);
#5871 = EDGE_LOOP('',(#5872,#5873,#5874,#5875));
#5872 = ORIENTED_EDGE('',*,*,#2051,.F.);
#5873 = ORIENTED_EDGE('',*,*,#1373,.T.);
#5874 = ORIENTED_EDGE('',*,*,#1425,.T.);
#5875 = ORIENTED_EDGE('',*,*,#5876,.T.);
#5876 = EDGE_CURVE('',#1426,#2052,#5877,.T.);
#5877 = SURFACE_CURVE('',#5878,(#5882,#5889),.PCURVE_S1.);
#5878 = LINE('',#5879,#5880);
#5879 = CARTESIAN_POINT('',(0.2,11.4,22.0000001));
#5880 = VECTOR('',#5881,1.);
#5881 = DIRECTION('',(1.110223024625E-16,0.,-1.));
#5882 = PCURVE('',#1389,#5883);
#5883 = DEFINITIONAL_REPRESENTATION('',(#5884),#5888);
#5884 = LINE('',#5885,#5886);
#5885 = CARTESIAN_POINT('',(3.2,3.552713678801E-16));
#5886 = VECTOR('',#5887,1.);
#5887 = DIRECTION('',(0.,1.));
#5888 = ( GEOMETRIC_REPRESENTATION_CONTEXT(2) 
PARAMETRIC_REPRESENTATION_CONTEXT() REPRESENTATION_CONTEXT('2D SPACE',''
  ) );
#5889 = PCURVE('',#1987,#5890);
#5890 = DEFINITIONAL_REPRESENTATION('',(#5891),#5895);
#5891 = LINE('',#5892,#5893);
#5892 = CARTESIAN_POINT('',(0.,0.));
#5893 = VECTOR('',#5894,1.);
#5894 = DIRECTION('',(1.,0.));
#5895 = ( GEOMETRIC_REPRESENTATION_CONTEXT(2) 
PARAMETRIC_REPRESENTATION_CONTEXT() REPRESENTATION_CONTEXT('2D SPACE',''
  ) );
#5896 = ADVANCED_FACE('',(#5897),#1489,.T.);
#5897 = FACE_BOUND('',#5898,.T.);
#5898 = EDGE_LOOP('',(#5899,#5900,#5901,#5922));
#5899 = ORIENTED_EDGE('',*,*,#2027,.F.);
#5900 = ORIENTED_EDGE('',*,*,#1473,.T.);
#5901 = ORIENTED_EDGE('',*,*,#5902,.T.);
#5902 = EDGE_CURVE('',#1474,#2078,#5903,.T.);
#5903 = SURFACE_CURVE('',#5904,(#5908,#5915),.PCURVE_S1.);
#5904 = LINE('',#5905,#5906);
#5905 = CARTESIAN_POINT('',(0.2,15.9,22.0000001));
#5906 = VECTOR('',#5907,1.);
#5907 = DIRECTION('',(1.110223024625E-16,0.,-1.));
#5908 = PCURVE('',#1489,#5909);
#5909 = DEFINITIONAL_REPRESENTATION('',(#5910),#5914);
#5910 = LINE('',#5911,#5912);
#5911 = CARTESIAN_POINT('',(3.2,3.552713678801E-16));
#5912 = VECTOR('',#5913,1.);
#5913 = DIRECTION('',(0.,1.));
#5914 = ( GEOMETRIC_REPRESENTATION_CONTEXT(2) 
PARAMETRIC_REPRESENTATION_CONTEXT() REPRESENTATION_CONTEXT('2D SPACE',''
  ) );
#5915 = PCURVE('',#1517,#5916);
#5916 = DEFINITIONAL_REPRESENTATION('',(#5917),#5921);
#5917 = LINE('',#5918,#5919);
#5918 = CARTESIAN_POINT('',(0.,4.5));
#5919 = VECTOR('',#5920,1.);
#5920 = DIRECTION('',(1.,0.));
#5921 = ( GEOMETRIC_REPRESENTATION_CONTEXT(2) 
PARAMETRIC_REPRESENTATION_CONTEXT() REPRESENTATION_CONTEXT('2D SPACE',''
  ) );
#5922 = ORIENTED_EDGE('',*,*,#2077,.F.);
#5923 = ADVANCED_FACE('',(#5924),#1517,.T.);
#5924 = FACE_BOUND('',#5925,.T.);
#5925 = EDGE_LOOP('',(#5926,#5927,#5948,#5949));
#5926 = ORIENTED_EDGE('',*,*,#1501,.F.);
#5927 = ORIENTED_EDGE('',*,*,#5928,.T.);
#5928 = EDGE_CURVE('',#1502,#2101,#5929,.T.);
#5929 = SURFACE_CURVE('',#5930,(#5934,#5941),.PCURVE_S1.);
#5930 = LINE('',#5931,#5932);
#5931 = CARTESIAN_POINT('',(0.2,15.582842712475,22.0000001));
#5932 = VECTOR('',#5933,1.);
#5933 = DIRECTION('',(1.110223024625E-16,0.,-1.));
#5934 = PCURVE('',#1517,#5935);
#5935 = DEFINITIONAL_REPRESENTATION('',(#5936),#5940);
#5936 = LINE('',#5937,#5938);
#5937 = CARTESIAN_POINT('',(0.,4.182842712475));
#5938 = VECTOR('',#5939,1.);
#5939 = DIRECTION('',(1.,0.));
#5940 = ( GEOMETRIC_REPRESENTATION_CONTEXT(2) 
PARAMETRIC_REPRESENTATION_CONTEXT() REPRESENTATION_CONTEXT('2D SPACE',''
  ) );
#5941 = PCURVE('',#1550,#5942);
#5942 = DEFINITIONAL_REPRESENTATION('',(#5943),#5947);
#5943 = LINE('',#5944,#5945);
#5944 = CARTESIAN_POINT('',(-0.339836909454,0.));
#5945 = VECTOR('',#5946,1.);
#5946 = DIRECTION('',(-0.,1.));
#5947 = ( GEOMETRIC_REPRESENTATION_CONTEXT(2) 
PARAMETRIC_REPRESENTATION_CONTEXT() REPRESENTATION_CONTEXT('2D SPACE',''
  ) );
#5948 = ORIENTED_EDGE('',*,*,#2100,.T.);
#5949 = ORIENTED_EDGE('',*,*,#5902,.F.);
#5950 = ADVANCED_FACE('',(#5951),#1550,.T.);
#5951 = FACE_BOUND('',#5952,.F.);
#5952 = EDGE_LOOP('',(#5953,#5974,#5975,#5976));
#5953 = ORIENTED_EDGE('',*,*,#5954,.F.);
#5954 = EDGE_CURVE('',#1530,#2124,#5955,.T.);
#5955 = SURFACE_CURVE('',#5956,(#5960,#5967),.PCURVE_S1.);
#5956 = LINE('',#5957,#5958);
#5957 = CARTESIAN_POINT('',(0.3,15.6,22.0000001));
#5958 = VECTOR('',#5959,1.);
#5959 = DIRECTION('',(1.110223024625E-16,0.,-1.));
#5960 = PCURVE('',#1550,#5961);
#5961 = DEFINITIONAL_REPRESENTATION('',(#5962),#5966);
#5962 = LINE('',#5963,#5964);
#5963 = CARTESIAN_POINT('',(-0.,0.));
#5964 = VECTOR('',#5965,1.);
#5965 = DIRECTION('',(-0.,1.));
#5966 = ( GEOMETRIC_REPRESENTATION_CONTEXT(2) 
PARAMETRIC_REPRESENTATION_CONTEXT() REPRESENTATION_CONTEXT('2D SPACE',''
  ) );
#5967 = PCURVE('',#1578,#5968);
#5968 = DEFINITIONAL_REPRESENTATION('',(#5969),#5973);
#5969 = LINE('',#5970,#5971);
#5970 = CARTESIAN_POINT('',(0.3,3.330669073875E-17));
#5971 = VECTOR('',#5972,1.);
#5972 = DIRECTION('',(0.,1.));
#5973 = ( GEOMETRIC_REPRESENTATION_CONTEXT(2) 
PARAMETRIC_REPRESENTATION_CONTEXT() REPRESENTATION_CONTEXT('2D SPACE',''
  ) );
#5974 = ORIENTED_EDGE('',*,*,#1529,.T.);
#5975 = ORIENTED_EDGE('',*,*,#5928,.T.);
#5976 = ORIENTED_EDGE('',*,*,#2123,.F.);
#5977 = ADVANCED_FACE('',(#5978),#1578,.T.);
#5978 = FACE_BOUND('',#5979,.T.);
#5979 = EDGE_LOOP('',(#5980,#5981,#5982,#5983));
#5980 = ORIENTED_EDGE('',*,*,#2151,.F.);
#5981 = ORIENTED_EDGE('',*,*,#5954,.F.);
#5982 = ORIENTED_EDGE('',*,*,#1562,.T.);
#5983 = ORIENTED_EDGE('',*,*,#5984,.T.);
#5984 = EDGE_CURVE('',#1563,#2152,#5985,.T.);
#5985 = SURFACE_CURVE('',#5986,(#5990,#5997),.PCURVE_S1.);
#5986 = LINE('',#5987,#5988);
#5987 = CARTESIAN_POINT('',(11.240192378865,15.6,22.0000001));
#5988 = VECTOR('',#5989,1.);
#5989 = DIRECTION('',(1.110223024625E-16,0.,-1.));
#5990 = PCURVE('',#1578,#5991);
#5991 = DEFINITIONAL_REPRESENTATION('',(#5992),#5996);
#5992 = LINE('',#5993,#5994);
#5993 = CARTESIAN_POINT('',(11.240192378865,1.247912038023E-15));
#5994 = VECTOR('',#5995,1.);
#5995 = DIRECTION('',(0.,1.));
#5996 = ( GEOMETRIC_REPRESENTATION_CONTEXT(2) 
PARAMETRIC_REPRESENTATION_CONTEXT() REPRESENTATION_CONTEXT('2D SPACE',''
  ) );
#5997 = PCURVE('',#1611,#5998);
#5998 = DEFINITIONAL_REPRESENTATION('',(#5999),#6003);
#5999 = LINE('',#6000,#6001);
#6000 = CARTESIAN_POINT('',(-1.047197551197,0.));
#6001 = VECTOR('',#6002,1.);
#6002 = DIRECTION('',(-0.,1.));
#6003 = ( GEOMETRIC_REPRESENTATION_CONTEXT(2) 
PARAMETRIC_REPRESENTATION_CONTEXT() REPRESENTATION_CONTEXT('2D SPACE',''
  ) );
#6004 = ADVANCED_FACE('',(#6005),#1611,.T.);
#6005 = FACE_BOUND('',#6006,.F.);
#6006 = EDGE_LOOP('',(#6007,#6028,#6029,#6030));
#6007 = ORIENTED_EDGE('',*,*,#6008,.F.);
#6008 = EDGE_CURVE('',#1591,#2175,#6009,.T.);
#6009 = SURFACE_CURVE('',#6010,(#6014,#6021),.PCURVE_S1.);
#6010 = LINE('',#6011,#6012);
#6011 = CARTESIAN_POINT('',(11.5,15.75,22.0000001));
#6012 = VECTOR('',#6013,1.);
#6013 = DIRECTION('',(1.110223024625E-16,0.,-1.));
#6014 = PCURVE('',#1611,#6015);
#6015 = DEFINITIONAL_REPRESENTATION('',(#6016),#6020);
#6016 = LINE('',#6017,#6018);
#6017 = CARTESIAN_POINT('',(-0.,0.));
#6018 = VECTOR('',#6019,1.);
#6019 = DIRECTION('',(-0.,1.));
#6020 = ( GEOMETRIC_REPRESENTATION_CONTEXT(2) 
PARAMETRIC_REPRESENTATION_CONTEXT() REPRESENTATION_CONTEXT('2D SPACE',''
  ) );
#6021 = PCURVE('',#1639,#6022);
#6022 = DEFINITIONAL_REPRESENTATION('',(#6023),#6027);
#6023 = LINE('',#6024,#6025);
#6024 = CARTESIAN_POINT('',(0.3,3.330669073875E-17));
#6025 = VECTOR('',#6026,1.);
#6026 = DIRECTION('',(0.,1.));
#6027 = ( GEOMETRIC_REPRESENTATION_CONTEXT(2) 
PARAMETRIC_REPRESENTATION_CONTEXT() REPRESENTATION_CONTEXT('2D SPACE',''
  ) );
#6028 = ORIENTED_EDGE('',*,*,#1590,.T.);
#6029 = ORIENTED_EDGE('',*,*,#5984,.T.);
#6030 = ORIENTED_EDGE('',*,*,#2174,.F.);
#6031 = ADVANCED_FACE('',(#6032),#1639,.T.);
#6032 = FACE_BOUND('',#6033,.T.);
#6033 = EDGE_LOOP('',(#6034,#6035,#6036,#6037));
#6034 = ORIENTED_EDGE('',*,*,#2202,.F.);
#6035 = ORIENTED_EDGE('',*,*,#6008,.F.);
#6036 = ORIENTED_EDGE('',*,*,#1623,.T.);
#6037 = ORIENTED_EDGE('',*,*,#6038,.T.);
#6038 = EDGE_CURVE('',#1624,#2203,#6039,.T.);
#6039 = SURFACE_CURVE('',#6040,(#6044,#6051),.PCURVE_S1.);
#6040 = LINE('',#6041,#6042);
#6041 = CARTESIAN_POINT('',(12.5,15.75,22.0000001));
#6042 = VECTOR('',#6043,1.);
#6043 = DIRECTION('',(1.110223024625E-16,0.,-1.));
#6044 = PCURVE('',#1639,#6045);
#6045 = DEFINITIONAL_REPRESENTATION('',(#6046),#6050);
#6046 = LINE('',#6047,#6048);
#6047 = CARTESIAN_POINT('',(1.3,1.443289932013E-16));
#6048 = VECTOR('',#6049,1.);
#6049 = DIRECTION('',(0.,1.));
#6050 = ( GEOMETRIC_REPRESENTATION_CONTEXT(2) 
PARAMETRIC_REPRESENTATION_CONTEXT() REPRESENTATION_CONTEXT('2D SPACE',''
  ) );
#6051 = PCURVE('',#1668,#6052);
#6052 = DEFINITIONAL_REPRESENTATION('',(#6053),#6057);
#6053 = LINE('',#6054,#6055);
#6054 = CARTESIAN_POINT('',(0.,0.));
#6055 = VECTOR('',#6056,1.);
#6056 = DIRECTION('',(0.,1.));
#6057 = ( GEOMETRIC_REPRESENTATION_CONTEXT(2) 
PARAMETRIC_REPRESENTATION_CONTEXT() REPRESENTATION_CONTEXT('2D SPACE',''
  ) );
#6058 = ADVANCED_FACE('',(#6059),#1668,.T.);
#6059 = FACE_BOUND('',#6060,.T.);
#6060 = EDGE_LOOP('',(#6061,#6062,#6063,#6084));
#6061 = ORIENTED_EDGE('',*,*,#6038,.F.);
#6062 = ORIENTED_EDGE('',*,*,#1651,.T.);
#6063 = ORIENTED_EDGE('',*,*,#6064,.T.);
#6064 = EDGE_CURVE('',#1652,#2226,#6065,.T.);
#6065 = SURFACE_CURVE('',#6066,(#6070,#6077),.PCURVE_S1.);
#6066 = LINE('',#6067,#6068);
#6067 = CARTESIAN_POINT('',(12.76363068172,15.593174242293,22.0000001));
#6068 = VECTOR('',#6069,1.);
#6069 = DIRECTION('',(1.110223024625E-16,0.,-1.));
#6070 = PCURVE('',#1668,#6071);
#6071 = DEFINITIONAL_REPRESENTATION('',(#6072),#6076);
#6072 = LINE('',#6073,#6074);
#6073 = CARTESIAN_POINT('',(1.073276540098,0.));
#6074 = VECTOR('',#6075,1.);
#6075 = DIRECTION('',(0.,1.));
#6076 = ( GEOMETRIC_REPRESENTATION_CONTEXT(2) 
PARAMETRIC_REPRESENTATION_CONTEXT() REPRESENTATION_CONTEXT('2D SPACE',''
  ) );
#6077 = PCURVE('',#1697,#6078);
#6078 = DEFINITIONAL_REPRESENTATION('',(#6079),#6083);
#6079 = LINE('',#6080,#6081);
#6080 = CARTESIAN_POINT('',(0.213725677489,0.));
#6081 = VECTOR('',#6082,1.);
#6082 = DIRECTION('',(0.,1.));
#6083 = ( GEOMETRIC_REPRESENTATION_CONTEXT(2) 
PARAMETRIC_REPRESENTATION_CONTEXT() REPRESENTATION_CONTEXT('2D SPACE',''
  ) );
#6084 = ORIENTED_EDGE('',*,*,#2225,.F.);
#6085 = ADVANCED_FACE('',(#6086),#1697,.T.);
#6086 = FACE_BOUND('',#6087,.T.);
#6087 = EDGE_LOOP('',(#6088,#6089,#6090,#6111));
#6088 = ORIENTED_EDGE('',*,*,#6064,.F.);
#6089 = ORIENTED_EDGE('',*,*,#1680,.T.);
#6090 = ORIENTED_EDGE('',*,*,#6091,.T.);
#6091 = EDGE_CURVE('',#1681,#2250,#6092,.T.);
#6092 = SURFACE_CURVE('',#6093,(#6097,#6104),.PCURVE_S1.);
#6093 = LINE('',#6094,#6095);
#6094 = CARTESIAN_POINT('',(13.,15.3,22.0000001));
#6095 = VECTOR('',#6096,1.);
#6096 = DIRECTION('',(1.110223024625E-16,0.,-1.));
#6097 = PCURVE('',#1697,#6098);
#6098 = DEFINITIONAL_REPRESENTATION('',(#6099),#6103);
#6099 = LINE('',#6100,#6101);
#6100 = CARTESIAN_POINT('',(1.570796326795,0.));
#6101 = VECTOR('',#6102,1.);
#6102 = DIRECTION('',(0.,1.));
#6103 = ( GEOMETRIC_REPRESENTATION_CONTEXT(2) 
PARAMETRIC_REPRESENTATION_CONTEXT() REPRESENTATION_CONTEXT('2D SPACE',''
  ) );
#6104 = PCURVE('',#1725,#6105);
#6105 = DEFINITIONAL_REPRESENTATION('',(#6106),#6110);
#6106 = LINE('',#6107,#6108);
#6107 = CARTESIAN_POINT('',(0.,0.8));
#6108 = VECTOR('',#6109,1.);
#6109 = DIRECTION('',(1.,0.));
#6110 = ( GEOMETRIC_REPRESENTATION_CONTEXT(2) 
PARAMETRIC_REPRESENTATION_CONTEXT() REPRESENTATION_CONTEXT('2D SPACE',''
  ) );
#6111 = ORIENTED_EDGE('',*,*,#2249,.F.);
#6112 = ADVANCED_FACE('',(#6113),#1725,.T.);
#6113 = FACE_BOUND('',#6114,.T.);
#6114 = EDGE_LOOP('',(#6115,#6116,#6137,#6138));
#6115 = ORIENTED_EDGE('',*,*,#1709,.F.);
#6116 = ORIENTED_EDGE('',*,*,#6117,.T.);
#6117 = EDGE_CURVE('',#1710,#2274,#6118,.T.);
#6118 = SURFACE_CURVE('',#6119,(#6123,#6130),.PCURVE_S1.);
#6119 = LINE('',#6120,#6121);
#6120 = CARTESIAN_POINT('',(13.,14.8,22.0000001));
#6121 = VECTOR('',#6122,1.);
#6122 = DIRECTION('',(1.110223024625E-16,0.,-1.));
#6123 = PCURVE('',#1725,#6124);
#6124 = DEFINITIONAL_REPRESENTATION('',(#6125),#6129);
#6125 = LINE('',#6126,#6127);
#6126 = CARTESIAN_POINT('',(0.,0.3));
#6127 = VECTOR('',#6128,1.);
#6128 = DIRECTION('',(1.,0.));
#6129 = ( GEOMETRIC_REPRESENTATION_CONTEXT(2) 
PARAMETRIC_REPRESENTATION_CONTEXT() REPRESENTATION_CONTEXT('2D SPACE',''
  ) );
#6130 = PCURVE('',#1758,#6131);
#6131 = DEFINITIONAL_REPRESENTATION('',(#6132),#6136);
#6132 = LINE('',#6133,#6134);
#6133 = CARTESIAN_POINT('',(-1.570796326795,0.));
#6134 = VECTOR('',#6135,1.);
#6135 = DIRECTION('',(-0.,1.));
#6136 = ( GEOMETRIC_REPRESENTATION_CONTEXT(2) 
PARAMETRIC_REPRESENTATION_CONTEXT() REPRESENTATION_CONTEXT('2D SPACE',''
  ) );
#6137 = ORIENTED_EDGE('',*,*,#2273,.T.);
#6138 = ORIENTED_EDGE('',*,*,#6091,.F.);
#6139 = ADVANCED_FACE('',(#6140),#1758,.T.);
#6140 = FACE_BOUND('',#6141,.F.);
#6141 = EDGE_LOOP('',(#6142,#6163,#6164,#6165));
#6142 = ORIENTED_EDGE('',*,*,#6143,.F.);
#6143 = EDGE_CURVE('',#1738,#2297,#6144,.T.);
#6144 = SURFACE_CURVE('',#6145,(#6149,#6156),.PCURVE_S1.);
#6145 = LINE('',#6146,#6147);
#6146 = CARTESIAN_POINT('',(12.8,14.517157287525,22.0000001));
#6147 = VECTOR('',#6148,1.);
#6148 = DIRECTION('',(1.110223024625E-16,0.,-1.));
#6149 = PCURVE('',#1758,#6150);
#6150 = DEFINITIONAL_REPRESENTATION('',(#6151),#6155);
#6151 = LINE('',#6152,#6153);
#6152 = CARTESIAN_POINT('',(-0.339836909454,0.));
#6153 = VECTOR('',#6154,1.);
#6154 = DIRECTION('',(-0.,1.));
#6155 = ( GEOMETRIC_REPRESENTATION_CONTEXT(2) 
PARAMETRIC_REPRESENTATION_CONTEXT() REPRESENTATION_CONTEXT('2D SPACE',''
  ) );
#6156 = PCURVE('',#1786,#6157);
#6157 = DEFINITIONAL_REPRESENTATION('',(#6158),#6162);
#6158 = LINE('',#6159,#6160);
#6159 = CARTESIAN_POINT('',(0.,0.967157287525));
#6160 = VECTOR('',#6161,1.);
#6161 = DIRECTION('',(1.,0.));
#6162 = ( GEOMETRIC_REPRESENTATION_CONTEXT(2) 
PARAMETRIC_REPRESENTATION_CONTEXT() REPRESENTATION_CONTEXT('2D SPACE',''
  ) );
#6163 = ORIENTED_EDGE('',*,*,#1737,.T.);
#6164 = ORIENTED_EDGE('',*,*,#6117,.T.);
#6165 = ORIENTED_EDGE('',*,*,#2296,.F.);
#6166 = ADVANCED_FACE('',(#6167),#1786,.T.);
#6167 = FACE_BOUND('',#6168,.T.);
#6168 = EDGE_LOOP('',(#6169,#6170,#6191,#6192));
#6169 = ORIENTED_EDGE('',*,*,#1770,.F.);
#6170 = ORIENTED_EDGE('',*,*,#6171,.T.);
#6171 = EDGE_CURVE('',#1771,#2325,#6172,.T.);
#6172 = SURFACE_CURVE('',#6173,(#6177,#6184),.PCURVE_S1.);
#6173 = LINE('',#6174,#6175);
#6174 = CARTESIAN_POINT('',(12.8,13.85,22.0000001));
#6175 = VECTOR('',#6176,1.);
#6176 = DIRECTION('',(1.110223024625E-16,0.,-1.));
#6177 = PCURVE('',#1786,#6178);
#6178 = DEFINITIONAL_REPRESENTATION('',(#6179),#6183);
#6179 = LINE('',#6180,#6181);
#6180 = CARTESIAN_POINT('',(0.,0.3));
#6181 = VECTOR('',#6182,1.);
#6182 = DIRECTION('',(1.,0.));
#6183 = ( GEOMETRIC_REPRESENTATION_CONTEXT(2) 
PARAMETRIC_REPRESENTATION_CONTEXT() REPRESENTATION_CONTEXT('2D SPACE',''
  ) );
#6184 = PCURVE('',#1819,#6185);
#6185 = DEFINITIONAL_REPRESENTATION('',(#6186),#6190);
#6186 = LINE('',#6187,#6188);
#6187 = CARTESIAN_POINT('',(-1.570796326795,0.));
#6188 = VECTOR('',#6189,1.);
#6189 = DIRECTION('',(-0.,1.));
#6190 = ( GEOMETRIC_REPRESENTATION_CONTEXT(2) 
PARAMETRIC_REPRESENTATION_CONTEXT() REPRESENTATION_CONTEXT('2D SPACE',''
  ) );
#6191 = ORIENTED_EDGE('',*,*,#2324,.T.);
#6192 = ORIENTED_EDGE('',*,*,#6143,.F.);
#6193 = ADVANCED_FACE('',(#6194),#1819,.T.);
#6194 = FACE_BOUND('',#6195,.F.);
#6195 = EDGE_LOOP('',(#6196,#6197,#6198,#6199));
#6196 = ORIENTED_EDGE('',*,*,#1798,.T.);
#6197 = ORIENTED_EDGE('',*,*,#6171,.T.);
#6198 = ORIENTED_EDGE('',*,*,#2347,.F.);
#6199 = ORIENTED_EDGE('',*,*,#6200,.F.);
#6200 = EDGE_CURVE('',#1799,#2348,#6201,.T.);
#6201 = SURFACE_CURVE('',#6202,(#6206,#6213),.PCURVE_S1.);
#6202 = LINE('',#6203,#6204);
#6203 = CARTESIAN_POINT('',(12.5,13.55,22.0000001));
#6204 = VECTOR('',#6205,1.);
#6205 = DIRECTION('',(1.110223024625E-16,0.,-1.));
#6206 = PCURVE('',#1819,#6207);
#6207 = DEFINITIONAL_REPRESENTATION('',(#6208),#6212);
#6208 = LINE('',#6209,#6210);
#6209 = CARTESIAN_POINT('',(-0.,0.));
#6210 = VECTOR('',#6211,1.);
#6211 = DIRECTION('',(-0.,1.));
#6212 = ( GEOMETRIC_REPRESENTATION_CONTEXT(2) 
PARAMETRIC_REPRESENTATION_CONTEXT() REPRESENTATION_CONTEXT('2D SPACE',''
  ) );
#6213 = PCURVE('',#1847,#6214);
#6214 = DEFINITIONAL_REPRESENTATION('',(#6215),#6219);
#6215 = LINE('',#6216,#6217);
#6216 = CARTESIAN_POINT('',(1.3,1.443289932013E-16));
#6217 = VECTOR('',#6218,1.);
#6218 = DIRECTION('',(0.,1.));
#6219 = ( GEOMETRIC_REPRESENTATION_CONTEXT(2) 
PARAMETRIC_REPRESENTATION_CONTEXT() REPRESENTATION_CONTEXT('2D SPACE',''
  ) );
#6220 = ADVANCED_FACE('',(#6221),#1847,.F.);
#6221 = FACE_BOUND('',#6222,.F.);
#6222 = EDGE_LOOP('',(#6223,#6224,#6245,#6246));
#6223 = ORIENTED_EDGE('',*,*,#2375,.F.);
#6224 = ORIENTED_EDGE('',*,*,#6225,.F.);
#6225 = EDGE_CURVE('',#1832,#2376,#6226,.T.);
#6226 = SURFACE_CURVE('',#6227,(#6231,#6238),.PCURVE_S1.);
#6227 = LINE('',#6228,#6229);
#6228 = CARTESIAN_POINT('',(11.5,13.55,22.0000001));
#6229 = VECTOR('',#6230,1.);
#6230 = DIRECTION('',(1.110223024625E-16,0.,-1.));
#6231 = PCURVE('',#1847,#6232);
#6232 = DEFINITIONAL_REPRESENTATION('',(#6233),#6237);
#6233 = LINE('',#6234,#6235);
#6234 = CARTESIAN_POINT('',(0.3,3.330669073875E-17));
#6235 = VECTOR('',#6236,1.);
#6236 = DIRECTION('',(0.,1.));
#6237 = ( GEOMETRIC_REPRESENTATION_CONTEXT(2) 
PARAMETRIC_REPRESENTATION_CONTEXT() REPRESENTATION_CONTEXT('2D SPACE',''
  ) );
#6238 = PCURVE('',#1876,#6239);
#6239 = DEFINITIONAL_REPRESENTATION('',(#6240),#6244);
#6240 = LINE('',#6241,#6242);
#6241 = CARTESIAN_POINT('',(0.,0.));
#6242 = VECTOR('',#6243,1.);
#6243 = DIRECTION('',(0.,1.));
#6244 = ( GEOMETRIC_REPRESENTATION_CONTEXT(2) 
PARAMETRIC_REPRESENTATION_CONTEXT() REPRESENTATION_CONTEXT('2D SPACE',''
  ) );
#6245 = ORIENTED_EDGE('',*,*,#1831,.T.);
#6246 = ORIENTED_EDGE('',*,*,#6200,.T.);
#6247 = ADVANCED_FACE('',(#6248),#1876,.T.);
#6248 = FACE_BOUND('',#6249,.T.);
#6249 = EDGE_LOOP('',(#6250,#6251,#6272,#6273));
#6250 = ORIENTED_EDGE('',*,*,#1859,.T.);
#6251 = ORIENTED_EDGE('',*,*,#6252,.T.);
#6252 = EDGE_CURVE('',#1860,#2399,#6253,.T.);
#6253 = SURFACE_CURVE('',#6254,(#6258,#6265),.PCURVE_S1.);
#6254 = LINE('',#6255,#6256);
#6255 = CARTESIAN_POINT('',(11.2,13.85,22.0000001));
#6256 = VECTOR('',#6257,1.);
#6257 = DIRECTION('',(1.110223024625E-16,0.,-1.));
#6258 = PCURVE('',#1876,#6259);
#6259 = DEFINITIONAL_REPRESENTATION('',(#6260),#6264);
#6260 = LINE('',#6261,#6262);
#6261 = CARTESIAN_POINT('',(1.570796326795,0.));
#6262 = VECTOR('',#6263,1.);
#6263 = DIRECTION('',(0.,1.));
#6264 = ( GEOMETRIC_REPRESENTATION_CONTEXT(2) 
PARAMETRIC_REPRESENTATION_CONTEXT() REPRESENTATION_CONTEXT('2D SPACE',''
  ) );
#6265 = PCURVE('',#1904,#6266);
#6266 = DEFINITIONAL_REPRESENTATION('',(#6267),#6271);
#6267 = LINE('',#6268,#6269);
#6268 = CARTESIAN_POINT('',(0.,0.3));
#6269 = VECTOR('',#6270,1.);
#6270 = DIRECTION('',(1.,0.));
#6271 = ( GEOMETRIC_REPRESENTATION_CONTEXT(2) 
PARAMETRIC_REPRESENTATION_CONTEXT() REPRESENTATION_CONTEXT('2D SPACE',''
  ) );
#6272 = ORIENTED_EDGE('',*,*,#2398,.F.);
#6273 = ORIENTED_EDGE('',*,*,#6225,.F.);
#6274 = ADVANCED_FACE('',(#6275),#1904,.F.);
#6275 = FACE_BOUND('',#6276,.F.);
#6276 = EDGE_LOOP('',(#6277,#6278,#6279,#6280));
#6277 = ORIENTED_EDGE('',*,*,#1888,.F.);
#6278 = ORIENTED_EDGE('',*,*,#6252,.T.);
#6279 = ORIENTED_EDGE('',*,*,#2422,.T.);
#6280 = ORIENTED_EDGE('',*,*,#6281,.F.);
#6281 = EDGE_CURVE('',#1889,#2423,#6282,.T.);
#6282 = SURFACE_CURVE('',#6283,(#6287,#6294),.PCURVE_S1.);
#6283 = LINE('',#6284,#6285);
#6284 = CARTESIAN_POINT('',(11.2,14.5,22.0000001));
#6285 = VECTOR('',#6286,1.);
#6286 = DIRECTION('',(1.110223024625E-16,0.,-1.));
#6287 = PCURVE('',#1904,#6288);
#6288 = DEFINITIONAL_REPRESENTATION('',(#6289),#6293);
#6289 = LINE('',#6290,#6291);
#6290 = CARTESIAN_POINT('',(0.,0.95));
#6291 = VECTOR('',#6292,1.);
#6292 = DIRECTION('',(1.,0.));
#6293 = ( GEOMETRIC_REPRESENTATION_CONTEXT(2) 
PARAMETRIC_REPRESENTATION_CONTEXT() REPRESENTATION_CONTEXT('2D SPACE',''
  ) );
#6294 = PCURVE('',#1932,#6295);
#6295 = DEFINITIONAL_REPRESENTATION('',(#6296),#6300);
#6296 = LINE('',#6297,#6298);
#6297 = CARTESIAN_POINT('',(11.2,1.24344978758E-15));
#6298 = VECTOR('',#6299,1.);
#6299 = DIRECTION('',(0.,1.));
#6300 = ( GEOMETRIC_REPRESENTATION_CONTEXT(2) 
PARAMETRIC_REPRESENTATION_CONTEXT() REPRESENTATION_CONTEXT('2D SPACE',''
  ) );
#6301 = ADVANCED_FACE('',(#6302),#1932,.F.);
#6302 = FACE_BOUND('',#6303,.F.);
#6303 = EDGE_LOOP('',(#6304,#6305,#6326,#6327));
#6304 = ORIENTED_EDGE('',*,*,#2445,.F.);
#6305 = ORIENTED_EDGE('',*,*,#6306,.F.);
#6306 = EDGE_CURVE('',#1917,#2446,#6307,.T.);
#6307 = SURFACE_CURVE('',#6308,(#6312,#6319),.PCURVE_S1.);
#6308 = LINE('',#6309,#6310);
#6309 = CARTESIAN_POINT('',(0.3,14.5,22.0000001));
#6310 = VECTOR('',#6311,1.);
#6311 = DIRECTION('',(1.110223024625E-16,0.,-1.));
#6312 = PCURVE('',#1932,#6313);
#6313 = DEFINITIONAL_REPRESENTATION('',(#6314),#6318);
#6314 = LINE('',#6315,#6316);
#6315 = CARTESIAN_POINT('',(0.3,3.330669073875E-17));
#6316 = VECTOR('',#6317,1.);
#6317 = DIRECTION('',(0.,1.));
#6318 = ( GEOMETRIC_REPRESENTATION_CONTEXT(2) 
PARAMETRIC_REPRESENTATION_CONTEXT() REPRESENTATION_CONTEXT('2D SPACE',''
  ) );
#6319 = PCURVE('',#1961,#6320);
#6320 = DEFINITIONAL_REPRESENTATION('',(#6321),#6325);
#6321 = LINE('',#6322,#6323);
#6322 = CARTESIAN_POINT('',(0.,0.));
#6323 = VECTOR('',#6324,1.);
#6324 = DIRECTION('',(0.,1.));
#6325 = ( GEOMETRIC_REPRESENTATION_CONTEXT(2) 
PARAMETRIC_REPRESENTATION_CONTEXT() REPRESENTATION_CONTEXT('2D SPACE',''
  ) );
#6326 = ORIENTED_EDGE('',*,*,#1916,.T.);
#6327 = ORIENTED_EDGE('',*,*,#6281,.T.);
#6328 = ADVANCED_FACE('',(#6329),#1961,.T.);
#6329 = FACE_BOUND('',#6330,.T.);
#6330 = EDGE_LOOP('',(#6331,#6332,#6333,#6354));
#6331 = ORIENTED_EDGE('',*,*,#6306,.F.);
#6332 = ORIENTED_EDGE('',*,*,#1944,.T.);
#6333 = ORIENTED_EDGE('',*,*,#6334,.T.);
#6334 = EDGE_CURVE('',#1945,#2469,#6335,.T.);
#6335 = SURFACE_CURVE('',#6336,(#6340,#6347),.PCURVE_S1.);
#6336 = LINE('',#6337,#6338);
#6337 = CARTESIAN_POINT('',(0.2,14.517157287525,22.0000001));
#6338 = VECTOR('',#6339,1.);
#6339 = DIRECTION('',(1.110223024625E-16,0.,-1.));
#6340 = PCURVE('',#1961,#6341);
#6341 = DEFINITIONAL_REPRESENTATION('',(#6342),#6346);
#6342 = LINE('',#6343,#6344);
#6343 = CARTESIAN_POINT('',(0.339836909454,0.));
#6344 = VECTOR('',#6345,1.);
#6345 = DIRECTION('',(0.,1.));
#6346 = ( GEOMETRIC_REPRESENTATION_CONTEXT(2) 
PARAMETRIC_REPRESENTATION_CONTEXT() REPRESENTATION_CONTEXT('2D SPACE',''
  ) );
#6347 = PCURVE('',#1987,#6348);
#6348 = DEFINITIONAL_REPRESENTATION('',(#6349),#6353);
#6349 = LINE('',#6350,#6351);
#6350 = CARTESIAN_POINT('',(0.,3.117157287525));
#6351 = VECTOR('',#6352,1.);
#6352 = DIRECTION('',(1.,0.));
#6353 = ( GEOMETRIC_REPRESENTATION_CONTEXT(2) 
PARAMETRIC_REPRESENTATION_CONTEXT() REPRESENTATION_CONTEXT('2D SPACE',''
  ) );
#6354 = ORIENTED_EDGE('',*,*,#2468,.F.);
#6355 = ADVANCED_FACE('',(#6356),#1987,.T.);
#6356 = FACE_BOUND('',#6357,.T.);
#6357 = EDGE_LOOP('',(#6358,#6359,#6360,#6361));
#6358 = ORIENTED_EDGE('',*,*,#1973,.F.);
#6359 = ORIENTED_EDGE('',*,*,#5876,.T.);
#6360 = ORIENTED_EDGE('',*,*,#2492,.T.);
#6361 = ORIENTED_EDGE('',*,*,#6334,.F.);
#6362 = ADVANCED_FACE('',(#6363),#2662,.T.);
#6363 = FACE_BOUND('',#6364,.T.);
#6364 = EDGE_LOOP('',(#6365,#6366,#6367,#6368));
#6365 = ORIENTED_EDGE('',*,*,#5848,.F.);
#6366 = ORIENTED_EDGE('',*,*,#3184,.F.);
#6367 = ORIENTED_EDGE('',*,*,#5516,.T.);
#6368 = ORIENTED_EDGE('',*,*,#2646,.F.);
#6369 = ADVANCED_FACE('',(#6370),#2958,.T.);
#6370 = FACE_BOUND('',#6371,.T.);
#6371 = EDGE_LOOP('',(#6372,#6373,#6394,#6395));
#6372 = ORIENTED_EDGE('',*,*,#3380,.F.);
#6373 = ORIENTED_EDGE('',*,*,#6374,.T.);
#6374 = EDGE_CURVE('',#3381,#2941,#6375,.T.);
#6375 = SURFACE_CURVE('',#6376,(#6380,#6387),.PCURVE_S1.);
#6376 = LINE('',#6377,#6378);
#6377 = CARTESIAN_POINT('',(-5.,-10.53,5.1000001));
#6378 = VECTOR('',#6379,1.);
#6379 = DIRECTION('',(1.110223024625E-16,0.,-1.));
#6380 = PCURVE('',#2958,#6381);
#6381 = DEFINITIONAL_REPRESENTATION('',(#6382),#6386);
#6382 = LINE('',#6383,#6384);
#6383 = CARTESIAN_POINT('',(0.,0.));
#6384 = VECTOR('',#6385,1.);
#6385 = DIRECTION('',(0.,-1.));
#6386 = ( GEOMETRIC_REPRESENTATION_CONTEXT(2) 
PARAMETRIC_REPRESENTATION_CONTEXT() REPRESENTATION_CONTEXT('2D SPACE',''
  ) );
#6387 = PCURVE('',#3316,#6388);
#6388 = DEFINITIONAL_REPRESENTATION('',(#6389),#6393);
#6389 = LINE('',#6390,#6391);
#6390 = CARTESIAN_POINT('',(21.06,0.));
#6391 = VECTOR('',#6392,1.);
#6392 = DIRECTION('',(0.,-1.));
#6393 = ( GEOMETRIC_REPRESENTATION_CONTEXT(2) 
PARAMETRIC_REPRESENTATION_CONTEXT() REPRESENTATION_CONTEXT('2D SPACE',''
  ) );
#6394 = ORIENTED_EDGE('',*,*,#2940,.T.);
#6395 = ORIENTED_EDGE('',*,*,#5251,.T.);
#6396 = ADVANCED_FACE('',(#6397),#3316,.T.);
#6397 = FACE_BOUND('',#6398,.T.);
#6398 = EDGE_LOOP('',(#6399,#6400,#6401,#6402));
#6399 = ORIENTED_EDGE('',*,*,#3849,.F.);
#6400 = ORIENTED_EDGE('',*,*,#5538,.F.);
#6401 = ORIENTED_EDGE('',*,*,#3302,.T.);
#6402 = ORIENTED_EDGE('',*,*,#6374,.F.);
#6403 = ADVANCED_FACE('',(#6404),#3092,.T.);
#6404 = FACE_BOUND('',#6405,.T.);
#6405 = EDGE_LOOP('',(#6406,#6407,#6408,#6409));
#6406 = ORIENTED_EDGE('',*,*,#3511,.F.);
#6407 = ORIENTED_EDGE('',*,*,#3356,.T.);
#6408 = ORIENTED_EDGE('',*,*,#3076,.T.);
#6409 = ORIENTED_EDGE('',*,*,#5817,.T.);
#6410 = ADVANCED_FACE('',(#6411),#3742,.T.);
#6411 = FACE_BOUND('',#6412,.T.);
#6412 = EDGE_LOOP('',(#6413,#6414,#6415,#6436));
#6413 = ORIENTED_EDGE('',*,*,#5569,.T.);
#6414 = ORIENTED_EDGE('',*,*,#3726,.T.);
#6415 = ORIENTED_EDGE('',*,*,#6416,.T.);
#6416 = EDGE_CURVE('',#3699,#4236,#6417,.T.);
#6417 = SURFACE_CURVE('',#6418,(#6422,#6429),.PCURVE_S1.);
#6418 = LINE('',#6419,#6420);
#6419 = CARTESIAN_POINT('',(-8.,-4.,23.0000001));
#6420 = VECTOR('',#6421,1.);
#6421 = DIRECTION('',(-1.110223024625E-16,0.,1.));
#6422 = PCURVE('',#3742,#6423);
#6423 = DEFINITIONAL_REPRESENTATION('',(#6424),#6428);
#6424 = LINE('',#6425,#6426);
#6425 = CARTESIAN_POINT('',(2.,-3.));
#6426 = VECTOR('',#6427,1.);
#6427 = DIRECTION('',(0.,1.));
#6428 = ( GEOMETRIC_REPRESENTATION_CONTEXT(2) 
PARAMETRIC_REPRESENTATION_CONTEXT() REPRESENTATION_CONTEXT('2D SPACE',''
  ) );
#6429 = PCURVE('',#3714,#6430);
#6430 = DEFINITIONAL_REPRESENTATION('',(#6431),#6435);
#6431 = LINE('',#6432,#6433);
#6432 = CARTESIAN_POINT('',(1.3,-3.));
#6433 = VECTOR('',#6434,1.);
#6434 = DIRECTION('',(0.,-1.));
#6435 = ( GEOMETRIC_REPRESENTATION_CONTEXT(2) 
PARAMETRIC_REPRESENTATION_CONTEXT() REPRESENTATION_CONTEXT('2D SPACE',''
  ) );
#6436 = ORIENTED_EDGE('',*,*,#4258,.F.);
#6437 = ADVANCED_FACE('',(#6438),#3714,.T.);
#6438 = FACE_BOUND('',#6439,.T.);
#6439 = EDGE_LOOP('',(#6440,#6441,#6462,#6463));
#6440 = ORIENTED_EDGE('',*,*,#3698,.T.);
#6441 = ORIENTED_EDGE('',*,*,#6442,.F.);
#6442 = EDGE_CURVE('',#4213,#3671,#6443,.T.);
#6443 = SURFACE_CURVE('',#6444,(#6448,#6455),.PCURVE_S1.);
#6444 = LINE('',#6445,#6446);
#6445 = CARTESIAN_POINT('',(-9.3,-4.,20.0000001));
#6446 = VECTOR('',#6447,1.);
#6447 = DIRECTION('',(1.110223024625E-16,0.,-1.));
#6448 = PCURVE('',#3714,#6449);
#6449 = DEFINITIONAL_REPRESENTATION('',(#6450),#6454);
#6450 = LINE('',#6451,#6452);
#6451 = CARTESIAN_POINT('',(0.,0.));
#6452 = VECTOR('',#6453,1.);
#6453 = DIRECTION('',(0.,1.));
#6454 = ( GEOMETRIC_REPRESENTATION_CONTEXT(2) 
PARAMETRIC_REPRESENTATION_CONTEXT() REPRESENTATION_CONTEXT('2D SPACE',''
  ) );
#6455 = PCURVE('',#3686,#6456);
#6456 = DEFINITIONAL_REPRESENTATION('',(#6457),#6461);
#6457 = LINE('',#6458,#6459);
#6458 = CARTESIAN_POINT('',(0.,0.));
#6459 = VECTOR('',#6460,1.);
#6460 = DIRECTION('',(1.,0.));
#6461 = ( GEOMETRIC_REPRESENTATION_CONTEXT(2) 
PARAMETRIC_REPRESENTATION_CONTEXT() REPRESENTATION_CONTEXT('2D SPACE',''
  ) );
#6462 = ORIENTED_EDGE('',*,*,#4235,.F.);
#6463 = ORIENTED_EDGE('',*,*,#6416,.F.);
#6464 = ADVANCED_FACE('',(#6465),#3686,.T.);
#6465 = FACE_BOUND('',#6466,.T.);
#6466 = EDGE_LOOP('',(#6467,#6488,#6489,#6490));
#6467 = ORIENTED_EDGE('',*,*,#6468,.F.);
#6468 = EDGE_CURVE('',#4190,#3643,#6469,.T.);
#6469 = SURFACE_CURVE('',#6470,(#6474,#6481),.PCURVE_S1.);
#6470 = LINE('',#6471,#6472);
#6471 = CARTESIAN_POINT('',(-9.3,4.,20.0000001));
#6472 = VECTOR('',#6473,1.);
#6473 = DIRECTION('',(1.110223024625E-16,0.,-1.));
#6474 = PCURVE('',#3686,#6475);
#6475 = DEFINITIONAL_REPRESENTATION('',(#6476),#6480);
#6476 = LINE('',#6477,#6478);
#6477 = CARTESIAN_POINT('',(0.,8.));
#6478 = VECTOR('',#6479,1.);
#6479 = DIRECTION('',(1.,0.));
#6480 = ( GEOMETRIC_REPRESENTATION_CONTEXT(2) 
PARAMETRIC_REPRESENTATION_CONTEXT() REPRESENTATION_CONTEXT('2D SPACE',''
  ) );
#6481 = PCURVE('',#3658,#6482);
#6482 = DEFINITIONAL_REPRESENTATION('',(#6483),#6487);
#6483 = LINE('',#6484,#6485);
#6484 = CARTESIAN_POINT('',(0.,0.));
#6485 = VECTOR('',#6486,1.);
#6486 = DIRECTION('',(0.,1.));
#6487 = ( GEOMETRIC_REPRESENTATION_CONTEXT(2) 
PARAMETRIC_REPRESENTATION_CONTEXT() REPRESENTATION_CONTEXT('2D SPACE',''
  ) );
#6488 = ORIENTED_EDGE('',*,*,#4212,.F.);
#6489 = ORIENTED_EDGE('',*,*,#6442,.T.);
#6490 = ORIENTED_EDGE('',*,*,#3670,.T.);
#6491 = ADVANCED_FACE('',(#6492),#3658,.F.);
#6492 = FACE_BOUND('',#6493,.F.);
#6493 = EDGE_LOOP('',(#6494,#6495,#6496,#6497));
#6494 = ORIENTED_EDGE('',*,*,#3642,.T.);
#6495 = ORIENTED_EDGE('',*,*,#6468,.F.);
#6496 = ORIENTED_EDGE('',*,*,#4189,.F.);
#6497 = ORIENTED_EDGE('',*,*,#6498,.F.);
#6498 = EDGE_CURVE('',#3615,#4167,#6499,.T.);
#6499 = SURFACE_CURVE('',#6500,(#6504,#6511),.PCURVE_S1.);
#6500 = LINE('',#6501,#6502);
#6501 = CARTESIAN_POINT('',(-8.,4.,23.0000001));
#6502 = VECTOR('',#6503,1.);
#6503 = DIRECTION('',(-1.110223024625E-16,0.,1.));
#6504 = PCURVE('',#3658,#6505);
#6505 = DEFINITIONAL_REPRESENTATION('',(#6506),#6510);
#6506 = LINE('',#6507,#6508);
#6507 = CARTESIAN_POINT('',(1.3,-3.));
#6508 = VECTOR('',#6509,1.);
#6509 = DIRECTION('',(0.,-1.));
#6510 = ( GEOMETRIC_REPRESENTATION_CONTEXT(2) 
PARAMETRIC_REPRESENTATION_CONTEXT() REPRESENTATION_CONTEXT('2D SPACE',''
  ) );
#6511 = PCURVE('',#3630,#6512);
#6512 = DEFINITIONAL_REPRESENTATION('',(#6513),#6517);
#6513 = LINE('',#6514,#6515);
#6514 = CARTESIAN_POINT('',(10.,-3.));
#6515 = VECTOR('',#6516,1.);
#6516 = DIRECTION('',(0.,1.));
#6517 = ( GEOMETRIC_REPRESENTATION_CONTEXT(2) 
PARAMETRIC_REPRESENTATION_CONTEXT() REPRESENTATION_CONTEXT('2D SPACE',''
  ) );
#6518 = ADVANCED_FACE('',(#6519),#3630,.T.);
#6519 = FACE_BOUND('',#6520,.T.);
#6520 = EDGE_LOOP('',(#6521,#6522,#6523,#6524));
#6521 = ORIENTED_EDGE('',*,*,#5795,.F.);
#6522 = ORIENTED_EDGE('',*,*,#4166,.F.);
#6523 = ORIENTED_EDGE('',*,*,#6498,.F.);
#6524 = ORIENTED_EDGE('',*,*,#3614,.T.);
#6525 = ADVANCED_FACE('',(#6526),#3940,.T.);
#6526 = FACE_BOUND('',#6527,.T.);
#6527 = EDGE_LOOP('',(#6528,#6529,#6550,#6551));
#6528 = ORIENTED_EDGE('',*,*,#4454,.F.);
#6529 = ORIENTED_EDGE('',*,*,#6530,.T.);
#6530 = EDGE_CURVE('',#4455,#3923,#6531,.T.);
#6531 = SURFACE_CURVE('',#6532,(#6536,#6543),.PCURVE_S1.);
#6532 = LINE('',#6533,#6534);
#6533 = CARTESIAN_POINT('',(-5.,-10.53,22.1000001));
#6534 = VECTOR('',#6535,1.);
#6535 = DIRECTION('',(1.110223024625E-16,0.,-1.));
#6536 = PCURVE('',#3940,#6537);
#6537 = DEFINITIONAL_REPRESENTATION('',(#6538),#6542);
#6538 = LINE('',#6539,#6540);
#6539 = CARTESIAN_POINT('',(0.,0.));
#6540 = VECTOR('',#6541,1.);
#6541 = DIRECTION('',(0.,-1.));
#6542 = ( GEOMETRIC_REPRESENTATION_CONTEXT(2) 
PARAMETRIC_REPRESENTATION_CONTEXT() REPRESENTATION_CONTEXT('2D SPACE',''
  ) );
#6543 = PCURVE('',#4390,#6544);
#6544 = DEFINITIONAL_REPRESENTATION('',(#6545),#6549);
#6545 = LINE('',#6546,#6547);
#6546 = CARTESIAN_POINT('',(21.06,0.));
#6547 = VECTOR('',#6548,1.);
#6548 = DIRECTION('',(0.,-1.));
#6549 = ( GEOMETRIC_REPRESENTATION_CONTEXT(2) 
PARAMETRIC_REPRESENTATION_CONTEXT() REPRESENTATION_CONTEXT('2D SPACE',''
  ) );
#6550 = ORIENTED_EDGE('',*,*,#3922,.T.);
#6551 = ORIENTED_EDGE('',*,*,#5284,.T.);
#6552 = ADVANCED_FACE('',(#6553),#4390,.T.);
#6553 = FACE_BOUND('',#6554,.T.);
#6554 = EDGE_LOOP('',(#6555,#6556,#6557,#6558));
#6555 = ORIENTED_EDGE('',*,*,#4898,.F.);
#6556 = ORIENTED_EDGE('',*,*,#5591,.F.);
#6557 = ORIENTED_EDGE('',*,*,#4376,.T.);
#6558 = ORIENTED_EDGE('',*,*,#6530,.F.);
#6559 = ADVANCED_FACE('',(#6560),#4074,.T.);
#6560 = FACE_BOUND('',#6561,.T.);
#6561 = EDGE_LOOP('',(#6562,#6563,#6564,#6565));
#6562 = ORIENTED_EDGE('',*,*,#4585,.F.);
#6563 = ORIENTED_EDGE('',*,*,#4430,.T.);
#6564 = ORIENTED_EDGE('',*,*,#4058,.T.);
#6565 = ORIENTED_EDGE('',*,*,#5764,.T.);
#6566 = ADVANCED_FACE('',(#6567),#5211,.T.);
#6567 = FACE_BOUND('',#6568,.T.);
#6568 = EDGE_LOOP('',(#6569,#6570,#6571,#6599,#6627));
#6569 = ORIENTED_EDGE('',*,*,#5187,.T.);
#6570 = ORIENTED_EDGE('',*,*,#5466,.T.);
#6571 = ORIENTED_EDGE('',*,*,#6572,.T.);
#6572 = EDGE_CURVE('',#5439,#6573,#6575,.T.);
#6573 = VERTEX_POINT('',#6574);
#6574 = CARTESIAN_POINT('',(1.987299214079E-15,-15.5,6.1000001));
#6575 = SURFACE_CURVE('',#6576,(#6581,#6592),.PCURVE_S1.);
#6576 = CIRCLE('',#6577,1.3);
#6577 = AXIS2_PLACEMENT_3D('',#6578,#6579,#6580);
#6578 = CARTESIAN_POINT('',(1.987299214079E-15,-14.2,6.1000001));
#6579 = DIRECTION('',(-1.110223024625E-16,0.,1.));
#6580 = DIRECTION('',(0.,1.,0.));
#6581 = PCURVE('',#5211,#6582);
#6582 = DEFINITIONAL_REPRESENTATION('',(#6583),#6591);
#6583 = ( BOUNDED_CURVE() B_SPLINE_CURVE(2,(#6584,#6585,#6586,#6587,
#6588,#6589,#6590),.UNSPECIFIED.,.T.,.F.) B_SPLINE_CURVE_WITH_KNOTS((1,2
    ,2,2,2,1),(-2.094395102393,0.,2.094395102393,4.188790204786,
6.28318530718,8.377580409573),.UNSPECIFIED.) CURVE() 
GEOMETRIC_REPRESENTATION_ITEM() RATIONAL_B_SPLINE_CURVE((1.,0.5,1.,0.5,
1.,0.5,1.)) REPRESENTATION_ITEM('') );
#6584 = CARTESIAN_POINT('',(-1.054420088418E-16,-1.3));
#6585 = CARTESIAN_POINT('',(-2.25166604984,-1.3));
#6586 = CARTESIAN_POINT('',(-1.12583302492,0.65));
#6587 = CARTESIAN_POINT('',(-4.238501766201E-16,2.6));
#6588 = CARTESIAN_POINT('',(1.12583302492,0.65));
#6589 = CARTESIAN_POINT('',(2.25166604984,-1.3));
#6590 = CARTESIAN_POINT('',(-1.054420088418E-16,-1.3));
#6591 = ( GEOMETRIC_REPRESENTATION_CONTEXT(2) 
PARAMETRIC_REPRESENTATION_CONTEXT() REPRESENTATION_CONTEXT('2D SPACE',''
  ) );
#6592 = PCURVE('',#5454,#6593);
#6593 = DEFINITIONAL_REPRESENTATION('',(#6594),#6598);
#6594 = LINE('',#6595,#6596);
#6595 = CARTESIAN_POINT('',(-6.28318530718,-17.9));
#6596 = VECTOR('',#6597,1.);
#6597 = DIRECTION('',(1.,-0.));
#6598 = ( GEOMETRIC_REPRESENTATION_CONTEXT(2) 
PARAMETRIC_REPRESENTATION_CONTEXT() REPRESENTATION_CONTEXT('2D SPACE',''
  ) );
#6599 = ORIENTED_EDGE('',*,*,#6600,.T.);
#6600 = EDGE_CURVE('',#6573,#6601,#6603,.T.);
#6601 = VERTEX_POINT('',#6602);
#6602 = CARTESIAN_POINT('',(2.354693253823E-15,-17.2,6.1000001));
#6603 = SURFACE_CURVE('',#6604,(#6608,#6615),.PCURVE_S1.);
#6604 = LINE('',#6605,#6606);
#6605 = CARTESIAN_POINT('',(1.987299214079E-15,-43.1,6.1000001));
#6606 = VECTOR('',#6607,1.);
#6607 = DIRECTION('',(0.,-1.,0.));
#6608 = PCURVE('',#5211,#6609);
#6609 = DEFINITIONAL_REPRESENTATION('',(#6610),#6614);
#6610 = LINE('',#6611,#6612);
#6611 = CARTESIAN_POINT('',(-1.054420088418E-16,28.9));
#6612 = VECTOR('',#6613,1.);
#6613 = DIRECTION('',(0.,1.));
#6614 = ( GEOMETRIC_REPRESENTATION_CONTEXT(2) 
PARAMETRIC_REPRESENTATION_CONTEXT() REPRESENTATION_CONTEXT('2D SPACE',''
  ) );
#6615 = PCURVE('',#6616,#6621);
#6616 = PLANE('',#6617);
#6617 = AXIS2_PLACEMENT_3D('',#6618,#6619,#6620);
#6618 = CARTESIAN_POINT('',(-7.993605777301E-15,-72.,96.0000001));
#6619 = DIRECTION('',(1.,0.,1.110223024625E-16));
#6620 = DIRECTION('',(1.110223024625E-16,0.,-1.));
#6621 = DEFINITIONAL_REPRESENTATION('',(#6622),#6626);
#6622 = LINE('',#6623,#6624);
#6623 = CARTESIAN_POINT('',(89.9,28.9));
#6624 = VECTOR('',#6625,1.);
#6625 = DIRECTION('',(0.,-1.));
#6626 = ( GEOMETRIC_REPRESENTATION_CONTEXT(2) 
PARAMETRIC_REPRESENTATION_CONTEXT() REPRESENTATION_CONTEXT('2D SPACE',''
  ) );
#6627 = ORIENTED_EDGE('',*,*,#6628,.T.);
#6628 = EDGE_CURVE('',#6601,#5151,#6629,.T.);
#6629 = SURFACE_CURVE('',#6630,(#6635,#6642),.PCURVE_S1.);
#6630 = CIRCLE('',#6631,3.);
#6631 = AXIS2_PLACEMENT_3D('',#6632,#6633,#6634);
#6632 = CARTESIAN_POINT('',(1.987299214079E-15,-14.2,6.1000001));
#6633 = DIRECTION('',(1.110223024625E-16,0.,-1.));
#6634 = DIRECTION('',(0.,1.,0.));
#6635 = PCURVE('',#5211,#6636);
#6636 = DEFINITIONAL_REPRESENTATION('',(#6637),#6641);
#6637 = CIRCLE('',#6638,3.);
#6638 = AXIS2_PLACEMENT_2D('',#6639,#6640);
#6639 = CARTESIAN_POINT('',(-1.054420088418E-16,-1.7763568394E-15));
#6640 = DIRECTION('',(0.,-1.));
#6641 = ( GEOMETRIC_REPRESENTATION_CONTEXT(2) 
PARAMETRIC_REPRESENTATION_CONTEXT() REPRESENTATION_CONTEXT('2D SPACE',''
  ) );
#6642 = PCURVE('',#5172,#6643);
#6643 = DEFINITIONAL_REPRESENTATION('',(#6644),#6648);
#6644 = LINE('',#6645,#6646);
#6645 = CARTESIAN_POINT('',(-0.,-3.6));
#6646 = VECTOR('',#6647,1.);
#6647 = DIRECTION('',(-1.,0.));
#6648 = ( GEOMETRIC_REPRESENTATION_CONTEXT(2) 
PARAMETRIC_REPRESENTATION_CONTEXT() REPRESENTATION_CONTEXT('2D SPACE',''
  ) );
#6649 = ADVANCED_FACE('',(#6650),#5172,.T.);
#6650 = FACE_BOUND('',#6651,.F.);
#6651 = EDGE_LOOP('',(#6652,#6653,#6677,#6698));
#6652 = ORIENTED_EDGE('',*,*,#5150,.T.);
#6653 = ORIENTED_EDGE('',*,*,#6654,.F.);
#6654 = EDGE_CURVE('',#6655,#5111,#6657,.T.);
#6655 = VERTEX_POINT('',#6656);
#6656 = CARTESIAN_POINT('',(1.955012964958E-15,-17.2,9.7000001));
#6657 = SURFACE_CURVE('',#6658,(#6663,#6670),.PCURVE_S1.);
#6658 = CIRCLE('',#6659,3.);
#6659 = AXIS2_PLACEMENT_3D('',#6660,#6661,#6662);
#6660 = CARTESIAN_POINT('',(1.587618925214E-15,-14.2,9.7000001));
#6661 = DIRECTION('',(1.110223024625E-16,0.,-1.));
#6662 = DIRECTION('',(0.,1.,0.));
#6663 = PCURVE('',#5172,#6664);
#6664 = DEFINITIONAL_REPRESENTATION('',(#6665),#6669);
#6665 = LINE('',#6666,#6667);
#6666 = CARTESIAN_POINT('',(-0.,0.));
#6667 = VECTOR('',#6668,1.);
#6668 = DIRECTION('',(-1.,0.));
#6669 = ( GEOMETRIC_REPRESENTATION_CONTEXT(2) 
PARAMETRIC_REPRESENTATION_CONTEXT() REPRESENTATION_CONTEXT('2D SPACE',''
  ) );
#6670 = PCURVE('',#5134,#6671);
#6671 = DEFINITIONAL_REPRESENTATION('',(#6672),#6676);
#6672 = CIRCLE('',#6673,3.);
#6673 = AXIS2_PLACEMENT_2D('',#6674,#6675);
#6674 = CARTESIAN_POINT('',(-1.054420088418E-16,-1.7763568394E-15));
#6675 = DIRECTION('',(0.,-1.));
#6676 = ( GEOMETRIC_REPRESENTATION_CONTEXT(2) 
PARAMETRIC_REPRESENTATION_CONTEXT() REPRESENTATION_CONTEXT('2D SPACE',''
  ) );
#6677 = ORIENTED_EDGE('',*,*,#6678,.F.);
#6678 = EDGE_CURVE('',#6601,#6655,#6679,.T.);
#6679 = SURFACE_CURVE('',#6680,(#6684,#6691),.PCURVE_S1.);
#6680 = LINE('',#6681,#6682);
#6681 = CARTESIAN_POINT('',(1.587618925214E-15,-17.2,9.7000001));
#6682 = VECTOR('',#6683,1.);
#6683 = DIRECTION('',(-1.110223024625E-16,-0.,1.));
#6684 = PCURVE('',#5172,#6685);
#6685 = DEFINITIONAL_REPRESENTATION('',(#6686),#6690);
#6686 = LINE('',#6687,#6688);
#6687 = CARTESIAN_POINT('',(-3.14159265359,0.));
#6688 = VECTOR('',#6689,1.);
#6689 = DIRECTION('',(-0.,1.));
#6690 = ( GEOMETRIC_REPRESENTATION_CONTEXT(2) 
PARAMETRIC_REPRESENTATION_CONTEXT() REPRESENTATION_CONTEXT('2D SPACE',''
  ) );
#6691 = PCURVE('',#6616,#6692);
#6692 = DEFINITIONAL_REPRESENTATION('',(#6693),#6697);
#6693 = LINE('',#6694,#6695);
#6694 = CARTESIAN_POINT('',(86.3,54.8));
#6695 = VECTOR('',#6696,1.);
#6696 = DIRECTION('',(-1.,0.));
#6697 = ( GEOMETRIC_REPRESENTATION_CONTEXT(2) 
PARAMETRIC_REPRESENTATION_CONTEXT() REPRESENTATION_CONTEXT('2D SPACE',''
  ) );
#6698 = ORIENTED_EDGE('',*,*,#6628,.T.);
#6699 = ADVANCED_FACE('',(#6700),#5134,.F.);
#6700 = FACE_BOUND('',#6701,.F.);
#6701 = EDGE_LOOP('',(#6702,#6703,#6704,#6732,#6753));
#6702 = ORIENTED_EDGE('',*,*,#5110,.T.);
#6703 = ORIENTED_EDGE('',*,*,#5415,.T.);
#6704 = ORIENTED_EDGE('',*,*,#6705,.T.);
#6705 = EDGE_CURVE('',#5416,#6706,#6708,.T.);
#6706 = VERTEX_POINT('',#6707);
#6707 = CARTESIAN_POINT('',(1.587618925214E-15,-15.5,9.7000001));
#6708 = SURFACE_CURVE('',#6709,(#6714,#6725),.PCURVE_S1.);
#6709 = CIRCLE('',#6710,1.3);
#6710 = AXIS2_PLACEMENT_3D('',#6711,#6712,#6713);
#6711 = CARTESIAN_POINT('',(1.587618925214E-15,-14.2,9.7000001));
#6712 = DIRECTION('',(-1.110223024625E-16,0.,1.));
#6713 = DIRECTION('',(0.,1.,0.));
#6714 = PCURVE('',#5134,#6715);
#6715 = DEFINITIONAL_REPRESENTATION('',(#6716),#6724);
#6716 = ( BOUNDED_CURVE() B_SPLINE_CURVE(2,(#6717,#6718,#6719,#6720,
#6721,#6722,#6723),.UNSPECIFIED.,.T.,.F.) B_SPLINE_CURVE_WITH_KNOTS((1,2
    ,2,2,2,1),(-2.094395102393,0.,2.094395102393,4.188790204786,
6.28318530718,8.377580409573),.UNSPECIFIED.) CURVE() 
GEOMETRIC_REPRESENTATION_ITEM() RATIONAL_B_SPLINE_CURVE((1.,0.5,1.,0.5,
1.,0.5,1.)) REPRESENTATION_ITEM('') );
#6717 = CARTESIAN_POINT('',(-1.054420088418E-16,-1.3));
#6718 = CARTESIAN_POINT('',(-2.25166604984,-1.3));
#6719 = CARTESIAN_POINT('',(-1.12583302492,0.65));
#6720 = CARTESIAN_POINT('',(-4.238501766201E-16,2.6));
#6721 = CARTESIAN_POINT('',(1.12583302492,0.65));
#6722 = CARTESIAN_POINT('',(2.25166604984,-1.3));
#6723 = CARTESIAN_POINT('',(-1.054420088418E-16,-1.3));
#6724 = ( GEOMETRIC_REPRESENTATION_CONTEXT(2) 
PARAMETRIC_REPRESENTATION_CONTEXT() REPRESENTATION_CONTEXT('2D SPACE',''
  ) );
#6725 = PCURVE('',#5454,#6726);
#6726 = DEFINITIONAL_REPRESENTATION('',(#6727),#6731);
#6727 = LINE('',#6728,#6729);
#6728 = CARTESIAN_POINT('',(-6.28318530718,-14.3));
#6729 = VECTOR('',#6730,1.);
#6730 = DIRECTION('',(1.,-0.));
#6731 = ( GEOMETRIC_REPRESENTATION_CONTEXT(2) 
PARAMETRIC_REPRESENTATION_CONTEXT() REPRESENTATION_CONTEXT('2D SPACE',''
  ) );
#6732 = ORIENTED_EDGE('',*,*,#6733,.T.);
#6733 = EDGE_CURVE('',#6706,#6655,#6734,.T.);
#6734 = SURFACE_CURVE('',#6735,(#6739,#6746),.PCURVE_S1.);
#6735 = LINE('',#6736,#6737);
#6736 = CARTESIAN_POINT('',(1.587618925214E-15,-43.1,9.7000001));
#6737 = VECTOR('',#6738,1.);
#6738 = DIRECTION('',(0.,-1.,0.));
#6739 = PCURVE('',#5134,#6740);
#6740 = DEFINITIONAL_REPRESENTATION('',(#6741),#6745);
#6741 = LINE('',#6742,#6743);
#6742 = CARTESIAN_POINT('',(-1.054420088418E-16,28.9));
#6743 = VECTOR('',#6744,1.);
#6744 = DIRECTION('',(0.,1.));
#6745 = ( GEOMETRIC_REPRESENTATION_CONTEXT(2) 
PARAMETRIC_REPRESENTATION_CONTEXT() REPRESENTATION_CONTEXT('2D SPACE',''
  ) );
#6746 = PCURVE('',#6616,#6747);
#6747 = DEFINITIONAL_REPRESENTATION('',(#6748),#6752);
#6748 = LINE('',#6749,#6750);
#6749 = CARTESIAN_POINT('',(86.3,28.9));
#6750 = VECTOR('',#6751,1.);
#6751 = DIRECTION('',(0.,-1.));
#6752 = ( GEOMETRIC_REPRESENTATION_CONTEXT(2) 
PARAMETRIC_REPRESENTATION_CONTEXT() REPRESENTATION_CONTEXT('2D SPACE',''
  ) );
#6753 = ORIENTED_EDGE('',*,*,#6654,.T.);
#6754 = ADVANCED_FACE('',(#6755),#5071,.T.);
#6755 = FACE_BOUND('',#6756,.T.);
#6756 = EDGE_LOOP('',(#6757,#6758,#6759,#6787,#6815));
#6757 = ORIENTED_EDGE('',*,*,#5047,.T.);
#6758 = ORIENTED_EDGE('',*,*,#5393,.T.);
#6759 = ORIENTED_EDGE('',*,*,#6760,.T.);
#6760 = EDGE_CURVE('',#5366,#6761,#6763,.T.);
#6761 = VERTEX_POINT('',#6762);
#6762 = CARTESIAN_POINT('',(1.076916333886E-15,-15.5,14.3000001));
#6763 = SURFACE_CURVE('',#6764,(#6769,#6780),.PCURVE_S1.);
#6764 = CIRCLE('',#6765,1.3);
#6765 = AXIS2_PLACEMENT_3D('',#6766,#6767,#6768);
#6766 = CARTESIAN_POINT('',(1.076916333886E-15,-14.2,14.3000001));
#6767 = DIRECTION('',(-1.110223024625E-16,0.,1.));
#6768 = DIRECTION('',(0.,1.,0.));
#6769 = PCURVE('',#5071,#6770);
#6770 = DEFINITIONAL_REPRESENTATION('',(#6771),#6779);
#6771 = ( BOUNDED_CURVE() B_SPLINE_CURVE(2,(#6772,#6773,#6774,#6775,
#6776,#6777,#6778),.UNSPECIFIED.,.T.,.F.) B_SPLINE_CURVE_WITH_KNOTS((1,2
    ,2,2,2,1),(-2.094395102393,0.,2.094395102393,4.188790204786,
6.28318530718,8.377580409573),.UNSPECIFIED.) CURVE() 
GEOMETRIC_REPRESENTATION_ITEM() RATIONAL_B_SPLINE_CURVE((1.,0.5,1.,0.5,
1.,0.5,1.)) REPRESENTATION_ITEM('') );
#6772 = CARTESIAN_POINT('',(-1.054420088418E-16,-1.3));
#6773 = CARTESIAN_POINT('',(-2.25166604984,-1.3));
#6774 = CARTESIAN_POINT('',(-1.12583302492,0.65));
#6775 = CARTESIAN_POINT('',(-4.238501766201E-16,2.6));
#6776 = CARTESIAN_POINT('',(1.12583302492,0.65));
#6777 = CARTESIAN_POINT('',(2.25166604984,-1.3));
#6778 = CARTESIAN_POINT('',(-1.054420088418E-16,-1.3));
#6779 = ( GEOMETRIC_REPRESENTATION_CONTEXT(2) 
PARAMETRIC_REPRESENTATION_CONTEXT() REPRESENTATION_CONTEXT('2D SPACE',''
  ) );
#6780 = PCURVE('',#5381,#6781);
#6781 = DEFINITIONAL_REPRESENTATION('',(#6782),#6786);
#6782 = LINE('',#6783,#6784);
#6783 = CARTESIAN_POINT('',(-6.28318530718,-9.7));
#6784 = VECTOR('',#6785,1.);
#6785 = DIRECTION('',(1.,-0.));
#6786 = ( GEOMETRIC_REPRESENTATION_CONTEXT(2) 
PARAMETRIC_REPRESENTATION_CONTEXT() REPRESENTATION_CONTEXT('2D SPACE',''
  ) );
#6787 = ORIENTED_EDGE('',*,*,#6788,.T.);
#6788 = EDGE_CURVE('',#6761,#6789,#6791,.T.);
#6789 = VERTEX_POINT('',#6790);
#6790 = CARTESIAN_POINT('',(1.444310373631E-15,-17.2,14.3000001));
#6791 = SURFACE_CURVE('',#6792,(#6796,#6803),.PCURVE_S1.);
#6792 = LINE('',#6793,#6794);
#6793 = CARTESIAN_POINT('',(1.076916333886E-15,-43.1,14.3000001));
#6794 = VECTOR('',#6795,1.);
#6795 = DIRECTION('',(0.,-1.,0.));
#6796 = PCURVE('',#5071,#6797);
#6797 = DEFINITIONAL_REPRESENTATION('',(#6798),#6802);
#6798 = LINE('',#6799,#6800);
#6799 = CARTESIAN_POINT('',(-1.054420088418E-16,28.9));
#6800 = VECTOR('',#6801,1.);
#6801 = DIRECTION('',(0.,1.));
#6802 = ( GEOMETRIC_REPRESENTATION_CONTEXT(2) 
PARAMETRIC_REPRESENTATION_CONTEXT() REPRESENTATION_CONTEXT('2D SPACE',''
  ) );
#6803 = PCURVE('',#6804,#6809);
#6804 = PLANE('',#6805);
#6805 = AXIS2_PLACEMENT_3D('',#6806,#6807,#6808);
#6806 = CARTESIAN_POINT('',(-7.993605777301E-15,-72.,96.0000001));
#6807 = DIRECTION('',(1.,0.,1.110223024625E-16));
#6808 = DIRECTION('',(1.110223024625E-16,0.,-1.));
#6809 = DEFINITIONAL_REPRESENTATION('',(#6810),#6814);
#6810 = LINE('',#6811,#6812);
#6811 = CARTESIAN_POINT('',(81.7,28.9));
#6812 = VECTOR('',#6813,1.);
#6813 = DIRECTION('',(0.,-1.));
#6814 = ( GEOMETRIC_REPRESENTATION_CONTEXT(2) 
PARAMETRIC_REPRESENTATION_CONTEXT() REPRESENTATION_CONTEXT('2D SPACE',''
  ) );
#6815 = ORIENTED_EDGE('',*,*,#6816,.T.);
#6816 = EDGE_CURVE('',#6789,#5014,#6817,.T.);
#6817 = SURFACE_CURVE('',#6818,(#6823,#6830),.PCURVE_S1.);
#6818 = CIRCLE('',#6819,3.);
#6819 = AXIS2_PLACEMENT_3D('',#6820,#6821,#6822);
#6820 = CARTESIAN_POINT('',(1.076916333886E-15,-14.2,14.3000001));
#6821 = DIRECTION('',(1.110223024625E-16,0.,-1.));
#6822 = DIRECTION('',(0.,1.,0.));
#6823 = PCURVE('',#5071,#6824);
#6824 = DEFINITIONAL_REPRESENTATION('',(#6825),#6829);
#6825 = CIRCLE('',#6826,3.);
#6826 = AXIS2_PLACEMENT_2D('',#6827,#6828);
#6827 = CARTESIAN_POINT('',(-1.054420088418E-16,-1.7763568394E-15));
#6828 = DIRECTION('',(0.,-1.));
#6829 = ( GEOMETRIC_REPRESENTATION_CONTEXT(2) 
PARAMETRIC_REPRESENTATION_CONTEXT() REPRESENTATION_CONTEXT('2D SPACE',''
  ) );
#6830 = PCURVE('',#5033,#6831);
#6831 = DEFINITIONAL_REPRESENTATION('',(#6832),#6836);
#6832 = LINE('',#6833,#6834);
#6833 = CARTESIAN_POINT('',(-0.,-3.6));
#6834 = VECTOR('',#6835,1.);
#6835 = DIRECTION('',(-1.,0.));
#6836 = ( GEOMETRIC_REPRESENTATION_CONTEXT(2) 
PARAMETRIC_REPRESENTATION_CONTEXT() REPRESENTATION_CONTEXT('2D SPACE',''
  ) );
#6837 = ADVANCED_FACE('',(#6838),#5033,.T.);
#6838 = FACE_BOUND('',#6839,.F.);
#6839 = EDGE_LOOP('',(#6840,#6841,#6865,#6886));
#6840 = ORIENTED_EDGE('',*,*,#5013,.T.);
#6841 = ORIENTED_EDGE('',*,*,#6842,.F.);
#6842 = EDGE_CURVE('',#6843,#4974,#6845,.T.);
#6843 = VERTEX_POINT('',#6844);
#6844 = CARTESIAN_POINT('',(1.044630084766E-15,-17.2,17.9000001));
#6845 = SURFACE_CURVE('',#6846,(#6851,#6858),.PCURVE_S1.);
#6846 = CIRCLE('',#6847,3.);
#6847 = AXIS2_PLACEMENT_3D('',#6848,#6849,#6850);
#6848 = CARTESIAN_POINT('',(6.772360450213E-16,-14.2,17.9000001));
#6849 = DIRECTION('',(1.110223024625E-16,0.,-1.));
#6850 = DIRECTION('',(0.,1.,0.));
#6851 = PCURVE('',#5033,#6852);
#6852 = DEFINITIONAL_REPRESENTATION('',(#6853),#6857);
#6853 = LINE('',#6854,#6855);
#6854 = CARTESIAN_POINT('',(-0.,0.));
#6855 = VECTOR('',#6856,1.);
#6856 = DIRECTION('',(-1.,0.));
#6857 = ( GEOMETRIC_REPRESENTATION_CONTEXT(2) 
PARAMETRIC_REPRESENTATION_CONTEXT() REPRESENTATION_CONTEXT('2D SPACE',''
  ) );
#6858 = PCURVE('',#4997,#6859);
#6859 = DEFINITIONAL_REPRESENTATION('',(#6860),#6864);
#6860 = CIRCLE('',#6861,3.);
#6861 = AXIS2_PLACEMENT_2D('',#6862,#6863);
#6862 = CARTESIAN_POINT('',(-1.054420088418E-16,-1.7763568394E-15));
#6863 = DIRECTION('',(0.,-1.));
#6864 = ( GEOMETRIC_REPRESENTATION_CONTEXT(2) 
PARAMETRIC_REPRESENTATION_CONTEXT() REPRESENTATION_CONTEXT('2D SPACE',''
  ) );
#6865 = ORIENTED_EDGE('',*,*,#6866,.F.);
#6866 = EDGE_CURVE('',#6789,#6843,#6867,.T.);
#6867 = SURFACE_CURVE('',#6868,(#6872,#6879),.PCURVE_S1.);
#6868 = LINE('',#6869,#6870);
#6869 = CARTESIAN_POINT('',(6.772360450213E-16,-17.2,17.9000001));
#6870 = VECTOR('',#6871,1.);
#6871 = DIRECTION('',(-1.110223024625E-16,-0.,1.));
#6872 = PCURVE('',#5033,#6873);
#6873 = DEFINITIONAL_REPRESENTATION('',(#6874),#6878);
#6874 = LINE('',#6875,#6876);
#6875 = CARTESIAN_POINT('',(-3.14159265359,0.));
#6876 = VECTOR('',#6877,1.);
#6877 = DIRECTION('',(-0.,1.));
#6878 = ( GEOMETRIC_REPRESENTATION_CONTEXT(2) 
PARAMETRIC_REPRESENTATION_CONTEXT() REPRESENTATION_CONTEXT('2D SPACE',''
  ) );
#6879 = PCURVE('',#6804,#6880);
#6880 = DEFINITIONAL_REPRESENTATION('',(#6881),#6885);
#6881 = LINE('',#6882,#6883);
#6882 = CARTESIAN_POINT('',(78.1,54.8));
#6883 = VECTOR('',#6884,1.);
#6884 = DIRECTION('',(-1.,0.));
#6885 = ( GEOMETRIC_REPRESENTATION_CONTEXT(2) 
PARAMETRIC_REPRESENTATION_CONTEXT() REPRESENTATION_CONTEXT('2D SPACE',''
  ) );
#6886 = ORIENTED_EDGE('',*,*,#6816,.T.);
#6887 = ADVANCED_FACE('',(#6888),#4997,.F.);
#6888 = FACE_BOUND('',#6889,.F.);
#6889 = EDGE_LOOP('',(#6890,#6891,#6892,#6920,#6941));
#6890 = ORIENTED_EDGE('',*,*,#4973,.T.);
#6891 = ORIENTED_EDGE('',*,*,#5342,.T.);
#6892 = ORIENTED_EDGE('',*,*,#6893,.T.);
#6893 = EDGE_CURVE('',#5343,#6894,#6896,.T.);
#6894 = VERTEX_POINT('',#6895);
#6895 = CARTESIAN_POINT('',(6.772360450213E-16,-15.5,17.9000001));
#6896 = SURFACE_CURVE('',#6897,(#6902,#6913),.PCURVE_S1.);
#6897 = CIRCLE('',#6898,1.3);
#6898 = AXIS2_PLACEMENT_3D('',#6899,#6900,#6901);
#6899 = CARTESIAN_POINT('',(6.772360450213E-16,-14.2,17.9000001));
#6900 = DIRECTION('',(-1.110223024625E-16,0.,1.));
#6901 = DIRECTION('',(0.,1.,0.));
#6902 = PCURVE('',#4997,#6903);
#6903 = DEFINITIONAL_REPRESENTATION('',(#6904),#6912);
#6904 = ( BOUNDED_CURVE() B_SPLINE_CURVE(2,(#6905,#6906,#6907,#6908,
#6909,#6910,#6911),.UNSPECIFIED.,.T.,.F.) B_SPLINE_CURVE_WITH_KNOTS((1,2
    ,2,2,2,1),(-2.094395102393,0.,2.094395102393,4.188790204786,
6.28318530718,8.377580409573),.UNSPECIFIED.) CURVE() 
GEOMETRIC_REPRESENTATION_ITEM() RATIONAL_B_SPLINE_CURVE((1.,0.5,1.,0.5,
1.,0.5,1.)) REPRESENTATION_ITEM('') );
#6905 = CARTESIAN_POINT('',(-1.054420088418E-16,-1.3));
#6906 = CARTESIAN_POINT('',(-2.25166604984,-1.3));
#6907 = CARTESIAN_POINT('',(-1.12583302492,0.65));
#6908 = CARTESIAN_POINT('',(-4.238501766201E-16,2.6));
#6909 = CARTESIAN_POINT('',(1.12583302492,0.65));
#6910 = CARTESIAN_POINT('',(2.25166604984,-1.3));
#6911 = CARTESIAN_POINT('',(-1.054420088418E-16,-1.3));
#6912 = ( GEOMETRIC_REPRESENTATION_CONTEXT(2) 
PARAMETRIC_REPRESENTATION_CONTEXT() REPRESENTATION_CONTEXT('2D SPACE',''
  ) );
#6913 = PCURVE('',#5381,#6914);
#6914 = DEFINITIONAL_REPRESENTATION('',(#6915),#6919);
#6915 = LINE('',#6916,#6917);
#6916 = CARTESIAN_POINT('',(-6.28318530718,-6.1));
#6917 = VECTOR('',#6918,1.);
#6918 = DIRECTION('',(1.,-0.));
#6919 = ( GEOMETRIC_REPRESENTATION_CONTEXT(2) 
PARAMETRIC_REPRESENTATION_CONTEXT() REPRESENTATION_CONTEXT('2D SPACE',''
  ) );
#6920 = ORIENTED_EDGE('',*,*,#6921,.T.);
#6921 = EDGE_CURVE('',#6894,#6843,#6922,.T.);
#6922 = SURFACE_CURVE('',#6923,(#6927,#6934),.PCURVE_S1.);
#6923 = LINE('',#6924,#6925);
#6924 = CARTESIAN_POINT('',(6.772360450213E-16,-43.1,17.9000001));
#6925 = VECTOR('',#6926,1.);
#6926 = DIRECTION('',(0.,-1.,0.));
#6927 = PCURVE('',#4997,#6928);
#6928 = DEFINITIONAL_REPRESENTATION('',(#6929),#6933);
#6929 = LINE('',#6930,#6931);
#6930 = CARTESIAN_POINT('',(-1.054420088418E-16,28.9));
#6931 = VECTOR('',#6932,1.);
#6932 = DIRECTION('',(0.,1.));
#6933 = ( GEOMETRIC_REPRESENTATION_CONTEXT(2) 
PARAMETRIC_REPRESENTATION_CONTEXT() REPRESENTATION_CONTEXT('2D SPACE',''
  ) );
#6934 = PCURVE('',#6804,#6935);
#6935 = DEFINITIONAL_REPRESENTATION('',(#6936),#6940);
#6936 = LINE('',#6937,#6938);
#6937 = CARTESIAN_POINT('',(78.1,28.9));
#6938 = VECTOR('',#6939,1.);
#6939 = DIRECTION('',(0.,-1.));
#6940 = ( GEOMETRIC_REPRESENTATION_CONTEXT(2) 
PARAMETRIC_REPRESENTATION_CONTEXT() REPRESENTATION_CONTEXT('2D SPACE',''
  ) );
#6941 = ORIENTED_EDGE('',*,*,#6842,.T.);
#6942 = ADVANCED_FACE('',(#6943),#5454,.F.);
#6943 = FACE_BOUND('',#6944,.T.);
#6944 = EDGE_LOOP('',(#6945,#6946,#6947,#6968));
#6945 = ORIENTED_EDGE('',*,*,#5438,.F.);
#6946 = ORIENTED_EDGE('',*,*,#6705,.T.);
#6947 = ORIENTED_EDGE('',*,*,#6948,.F.);
#6948 = EDGE_CURVE('',#6573,#6706,#6949,.T.);
#6949 = SURFACE_CURVE('',#6950,(#6954,#6961),.PCURVE_S1.);
#6950 = LINE('',#6951,#6952);
#6951 = CARTESIAN_POINT('',(0.,-15.5,24.0000001));
#6952 = VECTOR('',#6953,1.);
#6953 = DIRECTION('',(-1.110223024625E-16,-0.,1.));
#6954 = PCURVE('',#5454,#6955);
#6955 = DEFINITIONAL_REPRESENTATION('',(#6956),#6960);
#6956 = LINE('',#6957,#6958);
#6957 = CARTESIAN_POINT('',(-3.14159265359,0.));
#6958 = VECTOR('',#6959,1.);
#6959 = DIRECTION('',(-0.,1.));
#6960 = ( GEOMETRIC_REPRESENTATION_CONTEXT(2) 
PARAMETRIC_REPRESENTATION_CONTEXT() REPRESENTATION_CONTEXT('2D SPACE',''
  ) );
#6961 = PCURVE('',#6616,#6962);
#6962 = DEFINITIONAL_REPRESENTATION('',(#6963),#6967);
#6963 = LINE('',#6964,#6965);
#6964 = CARTESIAN_POINT('',(72.,56.5));
#6965 = VECTOR('',#6966,1.);
#6966 = DIRECTION('',(-1.,0.));
#6967 = ( GEOMETRIC_REPRESENTATION_CONTEXT(2) 
PARAMETRIC_REPRESENTATION_CONTEXT() REPRESENTATION_CONTEXT('2D SPACE',''
  ) );
#6968 = ORIENTED_EDGE('',*,*,#6572,.F.);
#6969 = ADVANCED_FACE('',(#6970),#5381,.F.);
#6970 = FACE_BOUND('',#6971,.T.);
#6971 = EDGE_LOOP('',(#6972,#6973,#6974,#6995));
#6972 = ORIENTED_EDGE('',*,*,#5365,.F.);
#6973 = ORIENTED_EDGE('',*,*,#6893,.T.);
#6974 = ORIENTED_EDGE('',*,*,#6975,.F.);
#6975 = EDGE_CURVE('',#6761,#6894,#6976,.T.);
#6976 = SURFACE_CURVE('',#6977,(#6981,#6988),.PCURVE_S1.);
#6977 = LINE('',#6978,#6979);
#6978 = CARTESIAN_POINT('',(0.,-15.5,24.0000001));
#6979 = VECTOR('',#6980,1.);
#6980 = DIRECTION('',(-1.110223024625E-16,-0.,1.));
#6981 = PCURVE('',#5381,#6982);
#6982 = DEFINITIONAL_REPRESENTATION('',(#6983),#6987);
#6983 = LINE('',#6984,#6985);
#6984 = CARTESIAN_POINT('',(-3.14159265359,0.));
#6985 = VECTOR('',#6986,1.);
#6986 = DIRECTION('',(-0.,1.));
#6987 = ( GEOMETRIC_REPRESENTATION_CONTEXT(2) 
PARAMETRIC_REPRESENTATION_CONTEXT() REPRESENTATION_CONTEXT('2D SPACE',''
  ) );
#6988 = PCURVE('',#6804,#6989);
#6989 = DEFINITIONAL_REPRESENTATION('',(#6990),#6994);
#6990 = LINE('',#6991,#6992);
#6991 = CARTESIAN_POINT('',(72.,56.5));
#6992 = VECTOR('',#6993,1.);
#6993 = DIRECTION('',(-1.,0.));
#6994 = ( GEOMETRIC_REPRESENTATION_CONTEXT(2) 
PARAMETRIC_REPRESENTATION_CONTEXT() REPRESENTATION_CONTEXT('2D SPACE',''
  ) );
#6995 = ORIENTED_EDGE('',*,*,#6760,.F.);
#6996 = ADVANCED_FACE('',(#6997),#6616,.T.);
#6997 = FACE_BOUND('',#6998,.T.);
#6998 = EDGE_LOOP('',(#6999,#7000,#7001,#7002));
#6999 = ORIENTED_EDGE('',*,*,#6600,.F.);
#7000 = ORIENTED_EDGE('',*,*,#6948,.T.);
#7001 = ORIENTED_EDGE('',*,*,#6733,.T.);
#7002 = ORIENTED_EDGE('',*,*,#6678,.F.);
#7003 = ADVANCED_FACE('',(#7004),#6804,.T.);
#7004 = FACE_BOUND('',#7005,.T.);
#7005 = EDGE_LOOP('',(#7006,#7007,#7008,#7009));
#7006 = ORIENTED_EDGE('',*,*,#6975,.T.);
#7007 = ORIENTED_EDGE('',*,*,#6921,.T.);
#7008 = ORIENTED_EDGE('',*,*,#6866,.F.);
#7009 = ORIENTED_EDGE('',*,*,#6788,.F.);
#7010 = ( GEOMETRIC_REPRESENTATION_CONTEXT(3) 
GLOBAL_UNCERTAINTY_ASSIGNED_CONTEXT((#7014)) 
GLOBAL_UNIT_ASSIGNED_CONTEXT((#7011,#7012,#7013)) REPRESENTATION_CONTEXT
('Context #1','3D Context with UNIT and UNCERTAINTY') );
#7011 = ( LENGTH_UNIT() NAMED_UNIT(*) SI_UNIT(.MILLI.,.METRE.) );
#7012 = ( NAMED_UNIT(*) PLANE_ANGLE_UNIT() SI_UNIT($,.RADIAN.) );
#7013 = ( NAMED_UNIT(*) SI_UNIT($,.STERADIAN.) SOLID_ANGLE_UNIT() );
#7014 = UNCERTAINTY_MEASURE_WITH_UNIT(LENGTH_MEASURE(2.E-06),#7011,
  'distance_accuracy_value','confusion accuracy');
#7015 = PRODUCT_RELATED_PRODUCT_CATEGORY('part',$,(#7));
ENDSEC;
END-ISO-10303-21;
