ISO-10303-21;
HEADER;
FILE_DESCRIPTION(('Open CASCADE Model'),'2;1');
FILE_NAME('Open CASCADE Shape Model','2026-10-07T13:24:24',('Author'),(
    'Open CASCADE'),'Open CASCADE STEP processor 7.9','Open CASCADE 7.9'
  ,'Unknown');
FILE_SCHEMA(('AUTOMOTIVE_DESIGN { 1 0 10303 214 1 1 1 1 }'));
ENDSEC;
DATA;
#1 = APPLICATION_PROTOCOL_DEFINITION('international standard',
  'automotive_design',2000,#2);
#2 = APPLICATION_CONTEXT(
  'core data for automotive mechanical design processes');
#3 = SHAPE_DEFINITION_REPRESENTATION(#4,#10);
#4 = PRODUCT_DEFINITION_SHAPE('','',#5);
#5 = PRODUCT_DEFINITION('design','',#6,#9);
#6 = PRODUCT_DEFINITION_FORMATION('','',#7);
#7 = PRODUCT('Open CASCADE STEP translator 7.9 1',
  'Open CASCADE STEP translator 7.9 1','',(#8));
#8 = PRODUCT_CONTEXT('',#2,'mechanical');
#9 = PRODUCT_DEFINITION_CONTEXT('part definition',#2,'design');
#10 = ADVANCED_BREP_SHAPE_REPRESENTATION('',(#11,#15),#6275);
#11 = AXIS2_PLACEMENT_3D('',#12,#13,#14);
#12 = CARTESIAN_POINT('',(0.,0.,0.));
#13 = DIRECTION('',(0.,0.,1.));
#14 = DIRECTION('',(1.,0.,-0.));
#15 = MANIFOLD_SOLID_BREP('',#16);
#16 = CLOSED_SHELL('',(#17,#465,#766,#813,#1164,#1280,#1325,#1564,#1614,
    #1659,#1706,#1753,#1798,#1845,#1895,#2132,#2480,#2693,#2796,#2845,
    #3113,#3138,#3385,#3434,#3598,#3625,#3704,#4281,#4330,#4795,#4822,
    #4849,#4876,#4883,#4910,#4917,#4944,#4971,#4978,#5005,#5012,#5074,
    #5102,#5143,#5200,#5228,#5269,#5326,#5354,#5395,#5420,#5447,#5474,
    #5499,#5506,#5513,#5540,#5567,#5592,#5619,#5646,#5673,#5700,#5725,
    #5750,#5777,#5804,#5831,#5858,#5883,#5910,#5937,#5964,#5971,#6036,
    #6063,#6090,#6155,#6211,#6267,#6271));
#17 = ADVANCED_FACE('',(#18),#33,.F.);
#18 = FACE_BOUND('',#19,.F.);
#19 = EDGE_LOOP('',(#20,#56,#84,#110,#136,#165,#191,#219,#247,#275,#301,
    #330,#356,#382,#410,#439));
#20 = ORIENTED_EDGE('',*,*,#21,.T.);
#21 = EDGE_CURVE('',#22,#24,#26,.T.);
#22 = VERTEX_POINT('',#23);
#23 = CARTESIAN_POINT('',(0.,-7.7,10.2));
#24 = VERTEX_POINT('',#25);
#25 = CARTESIAN_POINT('',(0.,-11.7,6.2));
#26 = SURFACE_CURVE('',#27,(#32,#44),.PCURVE_S1.);
#27 = CIRCLE('',#28,4.);
#28 = AXIS2_PLACEMENT_3D('',#29,#30,#31);
#29 = CARTESIAN_POINT('',(0.,-7.7,6.2));
#30 = DIRECTION('',(1.,0.,0.));
#31 = DIRECTION('',(-0.,0.,1.));
#32 = PCURVE('',#33,#38);
#33 = PLANE('',#34);
#34 = AXIS2_PLACEMENT_3D('',#35,#36,#37);
#35 = CARTESIAN_POINT('',(0.,-3.2444873779E-16,0.));
#36 = DIRECTION('',(1.,0.,0.));
#37 = DIRECTION('',(-0.,0.,1.));
#38 = DEFINITIONAL_REPRESENTATION('',(#39),#43);
#39 = CIRCLE('',#40,4.);
#40 = AXIS2_PLACEMENT_2D('',#41,#42);
#41 = CARTESIAN_POINT('',(6.2,7.7));
#42 = DIRECTION('',(1.,0.));
#43 = ( GEOMETRIC_REPRESENTATION_CONTEXT(2) 
PARAMETRIC_REPRESENTATION_CONTEXT() REPRESENTATION_CONTEXT('2D SPACE',''
  ) );
#44 = PCURVE('',#45,#50);
#45 = CYLINDRICAL_SURFACE('',#46,4.);
#46 = AXIS2_PLACEMENT_3D('',#47,#48,#49);
#47 = CARTESIAN_POINT('',(0.,-7.7,6.2));
#48 = DIRECTION('',(1.,0.,0.));
#49 = DIRECTION('',(0.,-0.,1.));
#50 = DEFINITIONAL_REPRESENTATION('',(#51),#55);
#51 = LINE('',#52,#53);
#52 = CARTESIAN_POINT('',(0.,0.));
#53 = VECTOR('',#54,1.);
#54 = DIRECTION('',(1.,0.));
#55 = ( GEOMETRIC_REPRESENTATION_CONTEXT(2) 
PARAMETRIC_REPRESENTATION_CONTEXT() REPRESENTATION_CONTEXT('2D SPACE',''
  ) );
#56 = ORIENTED_EDGE('',*,*,#57,.T.);
#57 = EDGE_CURVE('',#24,#58,#60,.T.);
#58 = VERTEX_POINT('',#59);
#59 = CARTESIAN_POINT('',(0.,-11.7,0.));
#60 = SURFACE_CURVE('',#61,(#65,#72),.PCURVE_S1.);
#61 = LINE('',#62,#63);
#62 = CARTESIAN_POINT('',(0.,-11.7,10.2));
#63 = VECTOR('',#64,1.);
#64 = DIRECTION('',(0.,0.,-1.));
#65 = PCURVE('',#33,#66);
#66 = DEFINITIONAL_REPRESENTATION('',(#67),#71);
#67 = LINE('',#68,#69);
#68 = CARTESIAN_POINT('',(10.2,11.7));
#69 = VECTOR('',#70,1.);
#70 = DIRECTION('',(-1.,0.));
#71 = ( GEOMETRIC_REPRESENTATION_CONTEXT(2) 
PARAMETRIC_REPRESENTATION_CONTEXT() REPRESENTATION_CONTEXT('2D SPACE',''
  ) );
#72 = PCURVE('',#73,#78);
#73 = PLANE('',#74);
#74 = AXIS2_PLACEMENT_3D('',#75,#76,#77);
#75 = CARTESIAN_POINT('',(0.,-11.7,10.2));
#76 = DIRECTION('',(-0.,1.,0.));
#77 = DIRECTION('',(0.,0.,-1.));
#78 = DEFINITIONAL_REPRESENTATION('',(#79),#83);
#79 = LINE('',#80,#81);
#80 = CARTESIAN_POINT('',(0.,0.));
#81 = VECTOR('',#82,1.);
#82 = DIRECTION('',(1.,0.));
#83 = ( GEOMETRIC_REPRESENTATION_CONTEXT(2) 
PARAMETRIC_REPRESENTATION_CONTEXT() REPRESENTATION_CONTEXT('2D SPACE',''
  ) );
#84 = ORIENTED_EDGE('',*,*,#85,.F.);
#85 = EDGE_CURVE('',#86,#58,#88,.T.);
#86 = VERTEX_POINT('',#87);
#87 = CARTESIAN_POINT('',(0.,-9.5,0.));
#88 = SURFACE_CURVE('',#89,(#93,#99),.PCURVE_S1.);
#89 = LINE('',#90,#91);
#90 = CARTESIAN_POINT('',(0.,-36.,0.));
#91 = VECTOR('',#92,1.);
#92 = DIRECTION('',(0.,-1.,0.));
#93 = PCURVE('',#33,#94);
#94 = DEFINITIONAL_REPRESENTATION('',(#95),#98);
#95 = B_SPLINE_CURVE_WITH_KNOTS('',1,(#96,#97),.UNSPECIFIED.,.F.,.F.,(2,
    2),(-47.7,-24.3),.PIECEWISE_BEZIER_KNOTS.);
#96 = CARTESIAN_POINT('',(0.,-11.7));
#97 = CARTESIAN_POINT('',(0.,11.7));
#98 = ( GEOMETRIC_REPRESENTATION_CONTEXT(2) 
PARAMETRIC_REPRESENTATION_CONTEXT() REPRESENTATION_CONTEXT('2D SPACE',''
  ) );
#99 = PCURVE('',#100,#105);
#100 = PLANE('',#101);
#101 = AXIS2_PLACEMENT_3D('',#102,#103,#104);
#102 = CARTESIAN_POINT('',(-72.,-72.,0.));
#103 = DIRECTION('',(0.,0.,1.));
#104 = DIRECTION('',(1.,0.,0.));
#105 = DEFINITIONAL_REPRESENTATION('',(#106),#109);
#106 = B_SPLINE_CURVE_WITH_KNOTS('',1,(#107,#108),.UNSPECIFIED.,.F.,.F.,
  (2,2),(-47.7,-24.3),.PIECEWISE_BEZIER_KNOTS.);
#107 = CARTESIAN_POINT('',(72.,83.7));
#108 = CARTESIAN_POINT('',(72.,60.3));
#109 = ( GEOMETRIC_REPRESENTATION_CONTEXT(2) 
PARAMETRIC_REPRESENTATION_CONTEXT() REPRESENTATION_CONTEXT('2D SPACE',''
  ) );
#110 = ORIENTED_EDGE('',*,*,#111,.T.);
#111 = EDGE_CURVE('',#86,#112,#114,.T.);
#112 = VERTEX_POINT('',#113);
#113 = CARTESIAN_POINT('',(0.,-9.5,5.5));
#114 = SURFACE_CURVE('',#115,(#119,#125),.PCURVE_S1.);
#115 = LINE('',#116,#117);
#116 = CARTESIAN_POINT('',(0.,-9.5,4.));
#117 = VECTOR('',#118,1.);
#118 = DIRECTION('',(0.,-0.,1.));
#119 = PCURVE('',#33,#120);
#120 = DEFINITIONAL_REPRESENTATION('',(#121),#124);
#121 = B_SPLINE_CURVE_WITH_KNOTS('',1,(#122,#123),.UNSPECIFIED.,.F.,.F.,
  (2,2),(-9.5,1.5),.PIECEWISE_BEZIER_KNOTS.);
#122 = CARTESIAN_POINT('',(-5.5,9.5));
#123 = CARTESIAN_POINT('',(5.5,9.5));
#124 = ( GEOMETRIC_REPRESENTATION_CONTEXT(2) 
PARAMETRIC_REPRESENTATION_CONTEXT() REPRESENTATION_CONTEXT('2D SPACE',''
  ) );
#125 = PCURVE('',#126,#131);
#126 = PLANE('',#127);
#127 = AXIS2_PLACEMENT_3D('',#128,#129,#130);
#128 = CARTESIAN_POINT('',(-2.,-9.5,8.));
#129 = DIRECTION('',(-0.,1.,0.));
#130 = DIRECTION('',(0.,0.,-1.));
#131 = DEFINITIONAL_REPRESENTATION('',(#132),#135);
#132 = B_SPLINE_CURVE_WITH_KNOTS('',1,(#133,#134),.UNSPECIFIED.,.F.,.F.,
  (2,2),(-9.5,1.5),.PIECEWISE_BEZIER_KNOTS.);
#133 = CARTESIAN_POINT('',(13.5,-2.));
#134 = CARTESIAN_POINT('',(2.5,-2.));
#135 = ( GEOMETRIC_REPRESENTATION_CONTEXT(2) 
PARAMETRIC_REPRESENTATION_CONTEXT() REPRESENTATION_CONTEXT('2D SPACE',''
  ) );
#136 = ORIENTED_EDGE('',*,*,#137,.F.);
#137 = EDGE_CURVE('',#138,#112,#140,.T.);
#138 = VERTEX_POINT('',#139);
#139 = CARTESIAN_POINT('',(0.,-7.,8.));
#140 = SURFACE_CURVE('',#141,(#146,#153),.PCURVE_S1.);
#141 = CIRCLE('',#142,2.5);
#142 = AXIS2_PLACEMENT_3D('',#143,#144,#145);
#143 = CARTESIAN_POINT('',(0.,-7.,5.5));
#144 = DIRECTION('',(1.,0.,0.));
#145 = DIRECTION('',(0.,-0.,1.));
#146 = PCURVE('',#33,#147);
#147 = DEFINITIONAL_REPRESENTATION('',(#148),#152);
#148 = CIRCLE('',#149,2.5);
#149 = AXIS2_PLACEMENT_2D('',#150,#151);
#150 = CARTESIAN_POINT('',(5.5,7.));
#151 = DIRECTION('',(1.,0.));
#152 = ( GEOMETRIC_REPRESENTATION_CONTEXT(2) 
PARAMETRIC_REPRESENTATION_CONTEXT() REPRESENTATION_CONTEXT('2D SPACE',''
  ) );
#153 = PCURVE('',#154,#159);
#154 = CYLINDRICAL_SURFACE('',#155,2.5);
#155 = AXIS2_PLACEMENT_3D('',#156,#157,#158);
#156 = CARTESIAN_POINT('',(-2.,-7.,5.5));
#157 = DIRECTION('',(1.,0.,0.));
#158 = DIRECTION('',(0.,-0.,1.));
#159 = DEFINITIONAL_REPRESENTATION('',(#160),#164);
#160 = LINE('',#161,#162);
#161 = CARTESIAN_POINT('',(0.,2.));
#162 = VECTOR('',#163,1.);
#163 = DIRECTION('',(1.,0.));
#164 = ( GEOMETRIC_REPRESENTATION_CONTEXT(2) 
PARAMETRIC_REPRESENTATION_CONTEXT() REPRESENTATION_CONTEXT('2D SPACE',''
  ) );
#165 = ORIENTED_EDGE('',*,*,#166,.T.);
#166 = EDGE_CURVE('',#138,#167,#169,.T.);
#167 = VERTEX_POINT('',#168);
#168 = CARTESIAN_POINT('',(0.,-1.1,8.));
#169 = SURFACE_CURVE('',#170,(#174,#180),.PCURVE_S1.);
#170 = LINE('',#171,#172);
#171 = CARTESIAN_POINT('',(0.,4.75,8.));
#172 = VECTOR('',#173,1.);
#173 = DIRECTION('',(-0.,1.,0.));
#174 = PCURVE('',#33,#175);
#175 = DEFINITIONAL_REPRESENTATION('',(#176),#179);
#176 = B_SPLINE_CURVE_WITH_KNOTS('',1,(#177,#178),.UNSPECIFIED.,.F.,.F.,
  (2,2),(-11.75,2.25),.PIECEWISE_BEZIER_KNOTS.);
#177 = CARTESIAN_POINT('',(8.,7.));
#178 = CARTESIAN_POINT('',(8.,-7.));
#179 = ( GEOMETRIC_REPRESENTATION_CONTEXT(2) 
PARAMETRIC_REPRESENTATION_CONTEXT() REPRESENTATION_CONTEXT('2D SPACE',''
  ) );
#180 = PCURVE('',#181,#186);
#181 = PLANE('',#182);
#182 = AXIS2_PLACEMENT_3D('',#183,#184,#185);
#183 = CARTESIAN_POINT('',(-2.,9.5,8.));
#184 = DIRECTION('',(0.,0.,-1.));
#185 = DIRECTION('',(0.,-1.,0.));
#186 = DEFINITIONAL_REPRESENTATION('',(#187),#190);
#187 = B_SPLINE_CURVE_WITH_KNOTS('',1,(#188,#189),.UNSPECIFIED.,.F.,.F.,
  (2,2),(-11.75,2.25),.PIECEWISE_BEZIER_KNOTS.);
#188 = CARTESIAN_POINT('',(16.5,-2.));
#189 = CARTESIAN_POINT('',(2.5,-2.));
#190 = ( GEOMETRIC_REPRESENTATION_CONTEXT(2) 
PARAMETRIC_REPRESENTATION_CONTEXT() REPRESENTATION_CONTEXT('2D SPACE',''
  ) );
#191 = ORIENTED_EDGE('',*,*,#192,.T.);
#192 = EDGE_CURVE('',#167,#193,#195,.T.);
#193 = VERTEX_POINT('',#194);
#194 = CARTESIAN_POINT('',(0.,-1.1,9.2));
#195 = SURFACE_CURVE('',#196,(#200,#207),.PCURVE_S1.);
#196 = LINE('',#197,#198);
#197 = CARTESIAN_POINT('',(0.,-1.1,7.6));
#198 = VECTOR('',#199,1.);
#199 = DIRECTION('',(0.,0.,1.));
#200 = PCURVE('',#33,#201);
#201 = DEFINITIONAL_REPRESENTATION('',(#202),#206);
#202 = LINE('',#203,#204);
#203 = CARTESIAN_POINT('',(7.6,1.1));
#204 = VECTOR('',#205,1.);
#205 = DIRECTION('',(1.,0.));
#206 = ( GEOMETRIC_REPRESENTATION_CONTEXT(2) 
PARAMETRIC_REPRESENTATION_CONTEXT() REPRESENTATION_CONTEXT('2D SPACE',''
  ) );
#207 = PCURVE('',#208,#213);
#208 = PLANE('',#209);
#209 = AXIS2_PLACEMENT_3D('',#210,#211,#212);
#210 = CARTESIAN_POINT('',(0.,-1.1,7.6));
#211 = DIRECTION('',(0.,1.,0.));
#212 = DIRECTION('',(0.,0.,1.));
#213 = DEFINITIONAL_REPRESENTATION('',(#214),#218);
#214 = LINE('',#215,#216);
#215 = CARTESIAN_POINT('',(0.,0.));
#216 = VECTOR('',#217,1.);
#217 = DIRECTION('',(1.,0.));
#218 = ( GEOMETRIC_REPRESENTATION_CONTEXT(2) 
PARAMETRIC_REPRESENTATION_CONTEXT() REPRESENTATION_CONTEXT('2D SPACE',''
  ) );
#219 = ORIENTED_EDGE('',*,*,#220,.T.);
#220 = EDGE_CURVE('',#193,#221,#223,.T.);
#221 = VERTEX_POINT('',#222);
#222 = CARTESIAN_POINT('',(0.,1.1,9.2));
#223 = SURFACE_CURVE('',#224,(#228,#235),.PCURVE_S1.);
#224 = LINE('',#225,#226);
#225 = CARTESIAN_POINT('',(0.,-1.1,9.2));
#226 = VECTOR('',#227,1.);
#227 = DIRECTION('',(0.,1.,0.));
#228 = PCURVE('',#33,#229);
#229 = DEFINITIONAL_REPRESENTATION('',(#230),#234);
#230 = LINE('',#231,#232);
#231 = CARTESIAN_POINT('',(9.2,1.1));
#232 = VECTOR('',#233,1.);
#233 = DIRECTION('',(0.,-1.));
#234 = ( GEOMETRIC_REPRESENTATION_CONTEXT(2) 
PARAMETRIC_REPRESENTATION_CONTEXT() REPRESENTATION_CONTEXT('2D SPACE',''
  ) );
#235 = PCURVE('',#236,#241);
#236 = PLANE('',#237);
#237 = AXIS2_PLACEMENT_3D('',#238,#239,#240);
#238 = CARTESIAN_POINT('',(0.,-1.1,9.2));
#239 = DIRECTION('',(0.,0.,1.));
#240 = DIRECTION('',(1.,0.,0.));
#241 = DEFINITIONAL_REPRESENTATION('',(#242),#246);
#242 = LINE('',#243,#244);
#243 = CARTESIAN_POINT('',(0.,0.));
#244 = VECTOR('',#245,1.);
#245 = DIRECTION('',(0.,1.));
#246 = ( GEOMETRIC_REPRESENTATION_CONTEXT(2) 
PARAMETRIC_REPRESENTATION_CONTEXT() REPRESENTATION_CONTEXT('2D SPACE',''
  ) );
#247 = ORIENTED_EDGE('',*,*,#248,.F.);
#248 = EDGE_CURVE('',#249,#221,#251,.T.);
#249 = VERTEX_POINT('',#250);
#250 = CARTESIAN_POINT('',(0.,1.1,8.));
#251 = SURFACE_CURVE('',#252,(#256,#263),.PCURVE_S1.);
#252 = LINE('',#253,#254);
#253 = CARTESIAN_POINT('',(0.,1.1,7.6));
#254 = VECTOR('',#255,1.);
#255 = DIRECTION('',(0.,0.,1.));
#256 = PCURVE('',#33,#257);
#257 = DEFINITIONAL_REPRESENTATION('',(#258),#262);
#258 = LINE('',#259,#260);
#259 = CARTESIAN_POINT('',(7.6,-1.1));
#260 = VECTOR('',#261,1.);
#261 = DIRECTION('',(1.,0.));
#262 = ( GEOMETRIC_REPRESENTATION_CONTEXT(2) 
PARAMETRIC_REPRESENTATION_CONTEXT() REPRESENTATION_CONTEXT('2D SPACE',''
  ) );
#263 = PCURVE('',#264,#269);
#264 = PLANE('',#265);
#265 = AXIS2_PLACEMENT_3D('',#266,#267,#268);
#266 = CARTESIAN_POINT('',(0.,1.1,7.6));
#267 = DIRECTION('',(0.,1.,0.));
#268 = DIRECTION('',(0.,0.,1.));
#269 = DEFINITIONAL_REPRESENTATION('',(#270),#274);
#270 = LINE('',#271,#272);
#271 = CARTESIAN_POINT('',(0.,0.));
#272 = VECTOR('',#273,1.);
#273 = DIRECTION('',(1.,0.));
#274 = ( GEOMETRIC_REPRESENTATION_CONTEXT(2) 
PARAMETRIC_REPRESENTATION_CONTEXT() REPRESENTATION_CONTEXT('2D SPACE',''
  ) );
#275 = ORIENTED_EDGE('',*,*,#276,.T.);
#276 = EDGE_CURVE('',#249,#277,#279,.T.);
#277 = VERTEX_POINT('',#278);
#278 = CARTESIAN_POINT('',(0.,7.,8.));
#279 = SURFACE_CURVE('',#280,(#284,#290),.PCURVE_S1.);
#280 = LINE('',#281,#282);
#281 = CARTESIAN_POINT('',(0.,4.75,8.));
#282 = VECTOR('',#283,1.);
#283 = DIRECTION('',(-0.,1.,0.));
#284 = PCURVE('',#33,#285);
#285 = DEFINITIONAL_REPRESENTATION('',(#286),#289);
#286 = B_SPLINE_CURVE_WITH_KNOTS('',1,(#287,#288),.UNSPECIFIED.,.F.,.F.,
  (2,2),(-11.75,2.25),.PIECEWISE_BEZIER_KNOTS.);
#287 = CARTESIAN_POINT('',(8.,7.));
#288 = CARTESIAN_POINT('',(8.,-7.));
#289 = ( GEOMETRIC_REPRESENTATION_CONTEXT(2) 
PARAMETRIC_REPRESENTATION_CONTEXT() REPRESENTATION_CONTEXT('2D SPACE',''
  ) );
#290 = PCURVE('',#291,#296);
#291 = PLANE('',#292);
#292 = AXIS2_PLACEMENT_3D('',#293,#294,#295);
#293 = CARTESIAN_POINT('',(-2.,9.5,8.));
#294 = DIRECTION('',(0.,0.,-1.));
#295 = DIRECTION('',(0.,-1.,0.));
#296 = DEFINITIONAL_REPRESENTATION('',(#297),#300);
#297 = B_SPLINE_CURVE_WITH_KNOTS('',1,(#298,#299),.UNSPECIFIED.,.F.,.F.,
  (2,2),(-11.75,2.25),.PIECEWISE_BEZIER_KNOTS.);
#298 = CARTESIAN_POINT('',(16.5,-2.));
#299 = CARTESIAN_POINT('',(2.5,-2.));
#300 = ( GEOMETRIC_REPRESENTATION_CONTEXT(2) 
PARAMETRIC_REPRESENTATION_CONTEXT() REPRESENTATION_CONTEXT('2D SPACE',''
  ) );
#301 = ORIENTED_EDGE('',*,*,#302,.F.);
#302 = EDGE_CURVE('',#303,#277,#305,.T.);
#303 = VERTEX_POINT('',#304);
#304 = CARTESIAN_POINT('',(0.,9.5,5.5));
#305 = SURFACE_CURVE('',#306,(#311,#318),.PCURVE_S1.);
#306 = CIRCLE('',#307,2.5);
#307 = AXIS2_PLACEMENT_3D('',#308,#309,#310);
#308 = CARTESIAN_POINT('',(0.,7.,5.5));
#309 = DIRECTION('',(1.,0.,0.));
#310 = DIRECTION('',(-0.,1.,0.));
#311 = PCURVE('',#33,#312);
#312 = DEFINITIONAL_REPRESENTATION('',(#313),#317);
#313 = CIRCLE('',#314,2.5);
#314 = AXIS2_PLACEMENT_2D('',#315,#316);
#315 = CARTESIAN_POINT('',(5.5,-7.));
#316 = DIRECTION('',(0.,-1.));
#317 = ( GEOMETRIC_REPRESENTATION_CONTEXT(2) 
PARAMETRIC_REPRESENTATION_CONTEXT() REPRESENTATION_CONTEXT('2D SPACE',''
  ) );
#318 = PCURVE('',#319,#324);
#319 = CYLINDRICAL_SURFACE('',#320,2.5);
#320 = AXIS2_PLACEMENT_3D('',#321,#322,#323);
#321 = CARTESIAN_POINT('',(-2.,7.,5.5));
#322 = DIRECTION('',(1.,0.,0.));
#323 = DIRECTION('',(-0.,1.,0.));
#324 = DEFINITIONAL_REPRESENTATION('',(#325),#329);
#325 = LINE('',#326,#327);
#326 = CARTESIAN_POINT('',(0.,2.));
#327 = VECTOR('',#328,1.);
#328 = DIRECTION('',(1.,0.));
#329 = ( GEOMETRIC_REPRESENTATION_CONTEXT(2) 
PARAMETRIC_REPRESENTATION_CONTEXT() REPRESENTATION_CONTEXT('2D SPACE',''
  ) );
#330 = ORIENTED_EDGE('',*,*,#331,.T.);
#331 = EDGE_CURVE('',#303,#332,#334,.T.);
#332 = VERTEX_POINT('',#333);
#333 = CARTESIAN_POINT('',(0.,9.5,0.));
#334 = SURFACE_CURVE('',#335,(#339,#345),.PCURVE_S1.);
#335 = LINE('',#336,#337);
#336 = CARTESIAN_POINT('',(0.,9.5,-4.));
#337 = VECTOR('',#338,1.);
#338 = DIRECTION('',(0.,0.,-1.));
#339 = PCURVE('',#33,#340);
#340 = DEFINITIONAL_REPRESENTATION('',(#341),#344);
#341 = B_SPLINE_CURVE_WITH_KNOTS('',1,(#342,#343),.UNSPECIFIED.,.F.,.F.,
  (2,2),(-9.5,1.5),.PIECEWISE_BEZIER_KNOTS.);
#342 = CARTESIAN_POINT('',(5.5,-9.5));
#343 = CARTESIAN_POINT('',(-5.5,-9.5));
#344 = ( GEOMETRIC_REPRESENTATION_CONTEXT(2) 
PARAMETRIC_REPRESENTATION_CONTEXT() REPRESENTATION_CONTEXT('2D SPACE',''
  ) );
#345 = PCURVE('',#346,#351);
#346 = PLANE('',#347);
#347 = AXIS2_PLACEMENT_3D('',#348,#349,#350);
#348 = CARTESIAN_POINT('',(-2.,9.5,-8.));
#349 = DIRECTION('',(0.,-1.,0.));
#350 = DIRECTION('',(0.,0.,1.));
#351 = DEFINITIONAL_REPRESENTATION('',(#352),#355);
#352 = B_SPLINE_CURVE_WITH_KNOTS('',1,(#353,#354),.UNSPECIFIED.,.F.,.F.,
  (2,2),(-9.5,1.5),.PIECEWISE_BEZIER_KNOTS.);
#353 = CARTESIAN_POINT('',(13.5,-2.));
#354 = CARTESIAN_POINT('',(2.5,-2.));
#355 = ( GEOMETRIC_REPRESENTATION_CONTEXT(2) 
PARAMETRIC_REPRESENTATION_CONTEXT() REPRESENTATION_CONTEXT('2D SPACE',''
  ) );
#356 = ORIENTED_EDGE('',*,*,#357,.F.);
#357 = EDGE_CURVE('',#358,#332,#360,.T.);
#358 = VERTEX_POINT('',#359);
#359 = CARTESIAN_POINT('',(0.,11.7,0.));
#360 = SURFACE_CURVE('',#361,(#365,#371),.PCURVE_S1.);
#361 = LINE('',#362,#363);
#362 = CARTESIAN_POINT('',(0.,-36.,0.));
#363 = VECTOR('',#364,1.);
#364 = DIRECTION('',(0.,-1.,0.));
#365 = PCURVE('',#33,#366);
#366 = DEFINITIONAL_REPRESENTATION('',(#367),#370);
#367 = B_SPLINE_CURVE_WITH_KNOTS('',1,(#368,#369),.UNSPECIFIED.,.F.,.F.,
  (2,2),(-47.7,-24.3),.PIECEWISE_BEZIER_KNOTS.);
#368 = CARTESIAN_POINT('',(0.,-11.7));
#369 = CARTESIAN_POINT('',(0.,11.7));
#370 = ( GEOMETRIC_REPRESENTATION_CONTEXT(2) 
PARAMETRIC_REPRESENTATION_CONTEXT() REPRESENTATION_CONTEXT('2D SPACE',''
  ) );
#371 = PCURVE('',#372,#377);
#372 = PLANE('',#373);
#373 = AXIS2_PLACEMENT_3D('',#374,#375,#376);
#374 = CARTESIAN_POINT('',(-72.,-72.,0.));
#375 = DIRECTION('',(0.,0.,1.));
#376 = DIRECTION('',(1.,0.,0.));
#377 = DEFINITIONAL_REPRESENTATION('',(#378),#381);
#378 = B_SPLINE_CURVE_WITH_KNOTS('',1,(#379,#380),.UNSPECIFIED.,.F.,.F.,
  (2,2),(-47.7,-24.3),.PIECEWISE_BEZIER_KNOTS.);
#379 = CARTESIAN_POINT('',(72.,83.7));
#380 = CARTESIAN_POINT('',(72.,60.3));
#381 = ( GEOMETRIC_REPRESENTATION_CONTEXT(2) 
PARAMETRIC_REPRESENTATION_CONTEXT() REPRESENTATION_CONTEXT('2D SPACE',''
  ) );
#382 = ORIENTED_EDGE('',*,*,#383,.T.);
#383 = EDGE_CURVE('',#358,#384,#386,.T.);
#384 = VERTEX_POINT('',#385);
#385 = CARTESIAN_POINT('',(0.,11.7,6.2));
#386 = SURFACE_CURVE('',#387,(#391,#398),.PCURVE_S1.);
#387 = LINE('',#388,#389);
#388 = CARTESIAN_POINT('',(0.,11.7,-10.2));
#389 = VECTOR('',#390,1.);
#390 = DIRECTION('',(0.,0.,1.));
#391 = PCURVE('',#33,#392);
#392 = DEFINITIONAL_REPRESENTATION('',(#393),#397);
#393 = LINE('',#394,#395);
#394 = CARTESIAN_POINT('',(-10.2,-11.7));
#395 = VECTOR('',#396,1.);
#396 = DIRECTION('',(1.,0.));
#397 = ( GEOMETRIC_REPRESENTATION_CONTEXT(2) 
PARAMETRIC_REPRESENTATION_CONTEXT() REPRESENTATION_CONTEXT('2D SPACE',''
  ) );
#398 = PCURVE('',#399,#404);
#399 = PLANE('',#400);
#400 = AXIS2_PLACEMENT_3D('',#401,#402,#403);
#401 = CARTESIAN_POINT('',(0.,11.7,-10.2));
#402 = DIRECTION('',(0.,-1.,0.));
#403 = DIRECTION('',(0.,0.,1.));
#404 = DEFINITIONAL_REPRESENTATION('',(#405),#409);
#405 = LINE('',#406,#407);
#406 = CARTESIAN_POINT('',(0.,0.));
#407 = VECTOR('',#408,1.);
#408 = DIRECTION('',(1.,0.));
#409 = ( GEOMETRIC_REPRESENTATION_CONTEXT(2) 
PARAMETRIC_REPRESENTATION_CONTEXT() REPRESENTATION_CONTEXT('2D SPACE',''
  ) );
#410 = ORIENTED_EDGE('',*,*,#411,.T.);
#411 = EDGE_CURVE('',#384,#412,#414,.T.);
#412 = VERTEX_POINT('',#413);
#413 = CARTESIAN_POINT('',(0.,7.7,10.2));
#414 = SURFACE_CURVE('',#415,(#420,#427),.PCURVE_S1.);
#415 = CIRCLE('',#416,4.);
#416 = AXIS2_PLACEMENT_3D('',#417,#418,#419);
#417 = CARTESIAN_POINT('',(0.,7.7,6.2));
#418 = DIRECTION('',(1.,0.,0.));
#419 = DIRECTION('',(-0.,0.,1.));
#420 = PCURVE('',#33,#421);
#421 = DEFINITIONAL_REPRESENTATION('',(#422),#426);
#422 = CIRCLE('',#423,4.);
#423 = AXIS2_PLACEMENT_2D('',#424,#425);
#424 = CARTESIAN_POINT('',(6.2,-7.7));
#425 = DIRECTION('',(1.,0.));
#426 = ( GEOMETRIC_REPRESENTATION_CONTEXT(2) 
PARAMETRIC_REPRESENTATION_CONTEXT() REPRESENTATION_CONTEXT('2D SPACE',''
  ) );
#427 = PCURVE('',#428,#433);
#428 = CYLINDRICAL_SURFACE('',#429,4.);
#429 = AXIS2_PLACEMENT_3D('',#430,#431,#432);
#430 = CARTESIAN_POINT('',(0.,7.7,6.2));
#431 = DIRECTION('',(1.,0.,0.));
#432 = DIRECTION('',(-0.,1.,0.));
#433 = DEFINITIONAL_REPRESENTATION('',(#434),#438);
#434 = LINE('',#435,#436);
#435 = CARTESIAN_POINT('',(-4.712388980385,0.));
#436 = VECTOR('',#437,1.);
#437 = DIRECTION('',(1.,0.));
#438 = ( GEOMETRIC_REPRESENTATION_CONTEXT(2) 
PARAMETRIC_REPRESENTATION_CONTEXT() REPRESENTATION_CONTEXT('2D SPACE',''
  ) );
#439 = ORIENTED_EDGE('',*,*,#440,.T.);
#440 = EDGE_CURVE('',#412,#22,#441,.T.);
#441 = SURFACE_CURVE('',#442,(#446,#453),.PCURVE_S1.);
#442 = LINE('',#443,#444);
#443 = CARTESIAN_POINT('',(0.,11.7,10.2));
#444 = VECTOR('',#445,1.);
#445 = DIRECTION('',(0.,-1.,0.));
#446 = PCURVE('',#33,#447);
#447 = DEFINITIONAL_REPRESENTATION('',(#448),#452);
#448 = LINE('',#449,#450);
#449 = CARTESIAN_POINT('',(10.2,-11.7));
#450 = VECTOR('',#451,1.);
#451 = DIRECTION('',(0.,1.));
#452 = ( GEOMETRIC_REPRESENTATION_CONTEXT(2) 
PARAMETRIC_REPRESENTATION_CONTEXT() REPRESENTATION_CONTEXT('2D SPACE',''
  ) );
#453 = PCURVE('',#454,#459);
#454 = PLANE('',#455);
#455 = AXIS2_PLACEMENT_3D('',#456,#457,#458);
#456 = CARTESIAN_POINT('',(0.,11.7,10.2));
#457 = DIRECTION('',(0.,0.,-1.));
#458 = DIRECTION('',(0.,-1.,0.));
#459 = DEFINITIONAL_REPRESENTATION('',(#460),#464);
#460 = LINE('',#461,#462);
#461 = CARTESIAN_POINT('',(0.,-0.));
#462 = VECTOR('',#463,1.);
#463 = DIRECTION('',(1.,0.));
#464 = ( GEOMETRIC_REPRESENTATION_CONTEXT(2) 
PARAMETRIC_REPRESENTATION_CONTEXT() REPRESENTATION_CONTEXT('2D SPACE',''
  ) );
#465 = ADVANCED_FACE('',(#466),#45,.T.);
#466 = FACE_BOUND('',#467,.T.);
#467 = EDGE_LOOP('',(#468,#491,#492,#515,#544,#572,#601,#627,#656,#684,
    #713,#739));
#468 = ORIENTED_EDGE('',*,*,#469,.F.);
#469 = EDGE_CURVE('',#22,#470,#472,.T.);
#470 = VERTEX_POINT('',#471);
#471 = CARTESIAN_POINT('',(1.9,-7.7,10.2));
#472 = SURFACE_CURVE('',#473,(#477,#484),.PCURVE_S1.);
#473 = LINE('',#474,#475);
#474 = CARTESIAN_POINT('',(0.,-7.7,10.2));
#475 = VECTOR('',#476,1.);
#476 = DIRECTION('',(1.,0.,0.));
#477 = PCURVE('',#45,#478);
#478 = DEFINITIONAL_REPRESENTATION('',(#479),#483);
#479 = LINE('',#480,#481);
#480 = CARTESIAN_POINT('',(0.,0.));
#481 = VECTOR('',#482,1.);
#482 = DIRECTION('',(0.,1.));
#483 = ( GEOMETRIC_REPRESENTATION_CONTEXT(2) 
PARAMETRIC_REPRESENTATION_CONTEXT() REPRESENTATION_CONTEXT('2D SPACE',''
  ) );
#484 = PCURVE('',#454,#485);
#485 = DEFINITIONAL_REPRESENTATION('',(#486),#490);
#486 = LINE('',#487,#488);
#487 = CARTESIAN_POINT('',(19.4,0.));
#488 = VECTOR('',#489,1.);
#489 = DIRECTION('',(0.,-1.));
#490 = ( GEOMETRIC_REPRESENTATION_CONTEXT(2) 
PARAMETRIC_REPRESENTATION_CONTEXT() REPRESENTATION_CONTEXT('2D SPACE',''
  ) );
#491 = ORIENTED_EDGE('',*,*,#21,.T.);
#492 = ORIENTED_EDGE('',*,*,#493,.T.);
#493 = EDGE_CURVE('',#24,#494,#496,.T.);
#494 = VERTEX_POINT('',#495);
#495 = CARTESIAN_POINT('',(24.,-11.7,6.2));
#496 = SURFACE_CURVE('',#497,(#501,#508),.PCURVE_S1.);
#497 = LINE('',#498,#499);
#498 = CARTESIAN_POINT('',(0.,-11.7,6.2));
#499 = VECTOR('',#500,1.);
#500 = DIRECTION('',(1.,0.,0.));
#501 = PCURVE('',#45,#502);
#502 = DEFINITIONAL_REPRESENTATION('',(#503),#507);
#503 = LINE('',#504,#505);
#504 = CARTESIAN_POINT('',(1.570796326795,0.));
#505 = VECTOR('',#506,1.);
#506 = DIRECTION('',(0.,1.));
#507 = ( GEOMETRIC_REPRESENTATION_CONTEXT(2) 
PARAMETRIC_REPRESENTATION_CONTEXT() REPRESENTATION_CONTEXT('2D SPACE',''
  ) );
#508 = PCURVE('',#73,#509);
#509 = DEFINITIONAL_REPRESENTATION('',(#510),#514);
#510 = LINE('',#511,#512);
#511 = CARTESIAN_POINT('',(4.,0.));
#512 = VECTOR('',#513,1.);
#513 = DIRECTION('',(0.,-1.));
#514 = ( GEOMETRIC_REPRESENTATION_CONTEXT(2) 
PARAMETRIC_REPRESENTATION_CONTEXT() REPRESENTATION_CONTEXT('2D SPACE',''
  ) );
#515 = ORIENTED_EDGE('',*,*,#516,.F.);
#516 = EDGE_CURVE('',#517,#494,#519,.T.);
#517 = VERTEX_POINT('',#518);
#518 = CARTESIAN_POINT('',(24.,-7.7,10.2));
#519 = SURFACE_CURVE('',#520,(#525,#532),.PCURVE_S1.);
#520 = CIRCLE('',#521,4.);
#521 = AXIS2_PLACEMENT_3D('',#522,#523,#524);
#522 = CARTESIAN_POINT('',(24.,-7.7,6.2));
#523 = DIRECTION('',(1.,0.,0.));
#524 = DIRECTION('',(-0.,0.,1.));
#525 = PCURVE('',#45,#526);
#526 = DEFINITIONAL_REPRESENTATION('',(#527),#531);
#527 = LINE('',#528,#529);
#528 = CARTESIAN_POINT('',(0.,24.));
#529 = VECTOR('',#530,1.);
#530 = DIRECTION('',(1.,0.));
#531 = ( GEOMETRIC_REPRESENTATION_CONTEXT(2) 
PARAMETRIC_REPRESENTATION_CONTEXT() REPRESENTATION_CONTEXT('2D SPACE',''
  ) );
#532 = PCURVE('',#533,#538);
#533 = PLANE('',#534);
#534 = AXIS2_PLACEMENT_3D('',#535,#536,#537);
#535 = CARTESIAN_POINT('',(24.,-3.2444873779E-16,0.));
#536 = DIRECTION('',(1.,0.,0.));
#537 = DIRECTION('',(-0.,0.,1.));
#538 = DEFINITIONAL_REPRESENTATION('',(#539),#543);
#539 = CIRCLE('',#540,4.);
#540 = AXIS2_PLACEMENT_2D('',#541,#542);
#541 = CARTESIAN_POINT('',(6.2,7.7));
#542 = DIRECTION('',(1.,0.));
#543 = ( GEOMETRIC_REPRESENTATION_CONTEXT(2) 
PARAMETRIC_REPRESENTATION_CONTEXT() REPRESENTATION_CONTEXT('2D SPACE',''
  ) );
#544 = ORIENTED_EDGE('',*,*,#545,.F.);
#545 = EDGE_CURVE('',#546,#517,#548,.T.);
#546 = VERTEX_POINT('',#547);
#547 = CARTESIAN_POINT('',(22.1,-7.7,10.2));
#548 = SURFACE_CURVE('',#549,(#553,#560),.PCURVE_S1.);
#549 = LINE('',#550,#551);
#550 = CARTESIAN_POINT('',(0.,-7.7,10.2));
#551 = VECTOR('',#552,1.);
#552 = DIRECTION('',(1.,0.,0.));
#553 = PCURVE('',#45,#554);
#554 = DEFINITIONAL_REPRESENTATION('',(#555),#559);
#555 = LINE('',#556,#557);
#556 = CARTESIAN_POINT('',(0.,0.));
#557 = VECTOR('',#558,1.);
#558 = DIRECTION('',(0.,1.));
#559 = ( GEOMETRIC_REPRESENTATION_CONTEXT(2) 
PARAMETRIC_REPRESENTATION_CONTEXT() REPRESENTATION_CONTEXT('2D SPACE',''
  ) );
#560 = PCURVE('',#561,#566);
#561 = PLANE('',#562);
#562 = AXIS2_PLACEMENT_3D('',#563,#564,#565);
#563 = CARTESIAN_POINT('',(0.,11.7,10.2));
#564 = DIRECTION('',(0.,0.,-1.));
#565 = DIRECTION('',(0.,-1.,0.));
#566 = DEFINITIONAL_REPRESENTATION('',(#567),#571);
#567 = LINE('',#568,#569);
#568 = CARTESIAN_POINT('',(19.4,0.));
#569 = VECTOR('',#570,1.);
#570 = DIRECTION('',(0.,-1.));
#571 = ( GEOMETRIC_REPRESENTATION_CONTEXT(2) 
PARAMETRIC_REPRESENTATION_CONTEXT() REPRESENTATION_CONTEXT('2D SPACE',''
  ) );
#572 = ORIENTED_EDGE('',*,*,#573,.T.);
#573 = EDGE_CURVE('',#546,#574,#576,.T.);
#574 = VERTEX_POINT('',#575);
#575 = CARTESIAN_POINT('',(22.1,-10.53,9.026853374337));
#576 = SURFACE_CURVE('',#577,(#582,#589),.PCURVE_S1.);
#577 = CIRCLE('',#578,4.);
#578 = AXIS2_PLACEMENT_3D('',#579,#580,#581);
#579 = CARTESIAN_POINT('',(22.1,-7.7,6.2));
#580 = DIRECTION('',(1.,0.,0.));
#581 = DIRECTION('',(0.,-0.,1.));
#582 = PCURVE('',#45,#583);
#583 = DEFINITIONAL_REPRESENTATION('',(#584),#588);
#584 = LINE('',#585,#586);
#585 = CARTESIAN_POINT('',(0.,22.1));
#586 = VECTOR('',#587,1.);
#587 = DIRECTION('',(1.,0.));
#588 = ( GEOMETRIC_REPRESENTATION_CONTEXT(2) 
PARAMETRIC_REPRESENTATION_CONTEXT() REPRESENTATION_CONTEXT('2D SPACE',''
  ) );
#589 = PCURVE('',#590,#595);
#590 = PLANE('',#591);
#591 = AXIS2_PLACEMENT_3D('',#592,#593,#594);
#592 = CARTESIAN_POINT('',(22.1,0.,8.));
#593 = DIRECTION('',(1.,0.,0.));
#594 = DIRECTION('',(-0.,0.,1.));
#595 = DEFINITIONAL_REPRESENTATION('',(#596),#600);
#596 = CIRCLE('',#597,4.);
#597 = AXIS2_PLACEMENT_2D('',#598,#599);
#598 = CARTESIAN_POINT('',(-1.8,7.7));
#599 = DIRECTION('',(1.,0.));
#600 = ( GEOMETRIC_REPRESENTATION_CONTEXT(2) 
PARAMETRIC_REPRESENTATION_CONTEXT() REPRESENTATION_CONTEXT('2D SPACE',''
  ) );
#601 = ORIENTED_EDGE('',*,*,#602,.F.);
#602 = EDGE_CURVE('',#603,#574,#605,.T.);
#603 = VERTEX_POINT('',#604);
#604 = CARTESIAN_POINT('',(18.9,-10.53,9.026853374337));
#605 = SURFACE_CURVE('',#606,(#610,#616),.PCURVE_S1.);
#606 = LINE('',#607,#608);
#607 = CARTESIAN_POINT('',(0.,-10.53,9.026853374337));
#608 = VECTOR('',#609,1.);
#609 = DIRECTION('',(1.,0.,0.));
#610 = PCURVE('',#45,#611);
#611 = DEFINITIONAL_REPRESENTATION('',(#612),#615);
#612 = B_SPLINE_CURVE_WITH_KNOTS('',1,(#613,#614),.UNSPECIFIED.,.F.,.F.,
  (2,2),(18.58,22.42),.PIECEWISE_BEZIER_KNOTS.);
#613 = CARTESIAN_POINT('',(0.785954413512,18.58));
#614 = CARTESIAN_POINT('',(0.785954413512,22.42));
#615 = ( GEOMETRIC_REPRESENTATION_CONTEXT(2) 
PARAMETRIC_REPRESENTATION_CONTEXT() REPRESENTATION_CONTEXT('2D SPACE',''
  ) );
#616 = PCURVE('',#617,#622);
#617 = PLANE('',#618);
#618 = AXIS2_PLACEMENT_3D('',#619,#620,#621);
#619 = CARTESIAN_POINT('',(18.9,-10.53,11.));
#620 = DIRECTION('',(-0.,1.,0.));
#621 = DIRECTION('',(0.,0.,-1.));
#622 = DEFINITIONAL_REPRESENTATION('',(#623),#626);
#623 = B_SPLINE_CURVE_WITH_KNOTS('',1,(#624,#625),.UNSPECIFIED.,.F.,.F.,
  (2,2),(18.58,22.42),.PIECEWISE_BEZIER_KNOTS.);
#624 = CARTESIAN_POINT('',(1.973146625663,0.32));
#625 = CARTESIAN_POINT('',(1.973146625663,-3.52));
#626 = ( GEOMETRIC_REPRESENTATION_CONTEXT(2) 
PARAMETRIC_REPRESENTATION_CONTEXT() REPRESENTATION_CONTEXT('2D SPACE',''
  ) );
#627 = ORIENTED_EDGE('',*,*,#628,.F.);
#628 = EDGE_CURVE('',#629,#603,#631,.T.);
#629 = VERTEX_POINT('',#630);
#630 = CARTESIAN_POINT('',(18.9,-7.7,10.2));
#631 = SURFACE_CURVE('',#632,(#637,#644),.PCURVE_S1.);
#632 = CIRCLE('',#633,4.);
#633 = AXIS2_PLACEMENT_3D('',#634,#635,#636);
#634 = CARTESIAN_POINT('',(18.9,-7.7,6.2));
#635 = DIRECTION('',(1.,0.,0.));
#636 = DIRECTION('',(0.,-0.,1.));
#637 = PCURVE('',#45,#638);
#638 = DEFINITIONAL_REPRESENTATION('',(#639),#643);
#639 = LINE('',#640,#641);
#640 = CARTESIAN_POINT('',(0.,18.9));
#641 = VECTOR('',#642,1.);
#642 = DIRECTION('',(1.,0.));
#643 = ( GEOMETRIC_REPRESENTATION_CONTEXT(2) 
PARAMETRIC_REPRESENTATION_CONTEXT() REPRESENTATION_CONTEXT('2D SPACE',''
  ) );
#644 = PCURVE('',#645,#650);
#645 = PLANE('',#646);
#646 = AXIS2_PLACEMENT_3D('',#647,#648,#649);
#647 = CARTESIAN_POINT('',(18.9,0.,8.));
#648 = DIRECTION('',(1.,0.,0.));
#649 = DIRECTION('',(-0.,0.,1.));
#650 = DEFINITIONAL_REPRESENTATION('',(#651),#655);
#651 = CIRCLE('',#652,4.);
#652 = AXIS2_PLACEMENT_2D('',#653,#654);
#653 = CARTESIAN_POINT('',(-1.8,7.7));
#654 = DIRECTION('',(1.,0.));
#655 = ( GEOMETRIC_REPRESENTATION_CONTEXT(2) 
PARAMETRIC_REPRESENTATION_CONTEXT() REPRESENTATION_CONTEXT('2D SPACE',''
  ) );
#656 = ORIENTED_EDGE('',*,*,#657,.F.);
#657 = EDGE_CURVE('',#658,#629,#660,.T.);
#658 = VERTEX_POINT('',#659);
#659 = CARTESIAN_POINT('',(5.1,-7.7,10.2));
#660 = SURFACE_CURVE('',#661,(#665,#672),.PCURVE_S1.);
#661 = LINE('',#662,#663);
#662 = CARTESIAN_POINT('',(0.,-7.7,10.2));
#663 = VECTOR('',#664,1.);
#664 = DIRECTION('',(1.,0.,0.));
#665 = PCURVE('',#45,#666);
#666 = DEFINITIONAL_REPRESENTATION('',(#667),#671);
#667 = LINE('',#668,#669);
#668 = CARTESIAN_POINT('',(0.,0.));
#669 = VECTOR('',#670,1.);
#670 = DIRECTION('',(0.,1.));
#671 = ( GEOMETRIC_REPRESENTATION_CONTEXT(2) 
PARAMETRIC_REPRESENTATION_CONTEXT() REPRESENTATION_CONTEXT('2D SPACE',''
  ) );
#672 = PCURVE('',#673,#678);
#673 = PLANE('',#674);
#674 = AXIS2_PLACEMENT_3D('',#675,#676,#677);
#675 = CARTESIAN_POINT('',(0.,11.7,10.2));
#676 = DIRECTION('',(0.,0.,-1.));
#677 = DIRECTION('',(0.,-1.,0.));
#678 = DEFINITIONAL_REPRESENTATION('',(#679),#683);
#679 = LINE('',#680,#681);
#680 = CARTESIAN_POINT('',(19.4,0.));
#681 = VECTOR('',#682,1.);
#682 = DIRECTION('',(0.,-1.));
#683 = ( GEOMETRIC_REPRESENTATION_CONTEXT(2) 
PARAMETRIC_REPRESENTATION_CONTEXT() REPRESENTATION_CONTEXT('2D SPACE',''
  ) );
#684 = ORIENTED_EDGE('',*,*,#685,.T.);
#685 = EDGE_CURVE('',#658,#686,#688,.T.);
#686 = VERTEX_POINT('',#687);
#687 = CARTESIAN_POINT('',(5.1,-10.53,9.026853374337));
#688 = SURFACE_CURVE('',#689,(#694,#701),.PCURVE_S1.);
#689 = CIRCLE('',#690,4.);
#690 = AXIS2_PLACEMENT_3D('',#691,#692,#693);
#691 = CARTESIAN_POINT('',(5.1,-7.7,6.2));
#692 = DIRECTION('',(1.,0.,0.));
#693 = DIRECTION('',(0.,-0.,1.));
#694 = PCURVE('',#45,#695);
#695 = DEFINITIONAL_REPRESENTATION('',(#696),#700);
#696 = LINE('',#697,#698);
#697 = CARTESIAN_POINT('',(0.,5.1));
#698 = VECTOR('',#699,1.);
#699 = DIRECTION('',(1.,0.));
#700 = ( GEOMETRIC_REPRESENTATION_CONTEXT(2) 
PARAMETRIC_REPRESENTATION_CONTEXT() REPRESENTATION_CONTEXT('2D SPACE',''
  ) );
#701 = PCURVE('',#702,#707);
#702 = PLANE('',#703);
#703 = AXIS2_PLACEMENT_3D('',#704,#705,#706);
#704 = CARTESIAN_POINT('',(5.1,0.,8.));
#705 = DIRECTION('',(1.,0.,0.));
#706 = DIRECTION('',(-0.,0.,1.));
#707 = DEFINITIONAL_REPRESENTATION('',(#708),#712);
#708 = CIRCLE('',#709,4.);
#709 = AXIS2_PLACEMENT_2D('',#710,#711);
#710 = CARTESIAN_POINT('',(-1.8,7.7));
#711 = DIRECTION('',(1.,0.));
#712 = ( GEOMETRIC_REPRESENTATION_CONTEXT(2) 
PARAMETRIC_REPRESENTATION_CONTEXT() REPRESENTATION_CONTEXT('2D SPACE',''
  ) );
#713 = ORIENTED_EDGE('',*,*,#714,.F.);
#714 = EDGE_CURVE('',#715,#686,#717,.T.);
#715 = VERTEX_POINT('',#716);
#716 = CARTESIAN_POINT('',(1.9,-10.53,9.026853374337));
#717 = SURFACE_CURVE('',#718,(#722,#728),.PCURVE_S1.);
#718 = LINE('',#719,#720);
#719 = CARTESIAN_POINT('',(0.,-10.53,9.026853374337));
#720 = VECTOR('',#721,1.);
#721 = DIRECTION('',(1.,0.,0.));
#722 = PCURVE('',#45,#723);
#723 = DEFINITIONAL_REPRESENTATION('',(#724),#727);
#724 = B_SPLINE_CURVE_WITH_KNOTS('',1,(#725,#726),.UNSPECIFIED.,.F.,.F.,
  (2,2),(1.58,5.42),.PIECEWISE_BEZIER_KNOTS.);
#725 = CARTESIAN_POINT('',(0.785954413512,1.58));
#726 = CARTESIAN_POINT('',(0.785954413512,5.42));
#727 = ( GEOMETRIC_REPRESENTATION_CONTEXT(2) 
PARAMETRIC_REPRESENTATION_CONTEXT() REPRESENTATION_CONTEXT('2D SPACE',''
  ) );
#728 = PCURVE('',#729,#734);
#729 = PLANE('',#730);
#730 = AXIS2_PLACEMENT_3D('',#731,#732,#733);
#731 = CARTESIAN_POINT('',(1.9,-10.53,11.));
#732 = DIRECTION('',(-0.,1.,0.));
#733 = DIRECTION('',(0.,0.,-1.));
#734 = DEFINITIONAL_REPRESENTATION('',(#735),#738);
#735 = B_SPLINE_CURVE_WITH_KNOTS('',1,(#736,#737),.UNSPECIFIED.,.F.,.F.,
  (2,2),(1.58,5.42),.PIECEWISE_BEZIER_KNOTS.);
#736 = CARTESIAN_POINT('',(1.973146625663,0.32));
#737 = CARTESIAN_POINT('',(1.973146625663,-3.52));
#738 = ( GEOMETRIC_REPRESENTATION_CONTEXT(2) 
PARAMETRIC_REPRESENTATION_CONTEXT() REPRESENTATION_CONTEXT('2D SPACE',''
  ) );
#739 = ORIENTED_EDGE('',*,*,#740,.F.);
#740 = EDGE_CURVE('',#470,#715,#741,.T.);
#741 = SURFACE_CURVE('',#742,(#747,#754),.PCURVE_S1.);
#742 = CIRCLE('',#743,4.);
#743 = AXIS2_PLACEMENT_3D('',#744,#745,#746);
#744 = CARTESIAN_POINT('',(1.9,-7.7,6.2));
#745 = DIRECTION('',(1.,0.,0.));
#746 = DIRECTION('',(0.,-0.,1.));
#747 = PCURVE('',#45,#748);
#748 = DEFINITIONAL_REPRESENTATION('',(#749),#753);
#749 = LINE('',#750,#751);
#750 = CARTESIAN_POINT('',(0.,1.9));
#751 = VECTOR('',#752,1.);
#752 = DIRECTION('',(1.,0.));
#753 = ( GEOMETRIC_REPRESENTATION_CONTEXT(2) 
PARAMETRIC_REPRESENTATION_CONTEXT() REPRESENTATION_CONTEXT('2D SPACE',''
  ) );
#754 = PCURVE('',#755,#760);
#755 = PLANE('',#756);
#756 = AXIS2_PLACEMENT_3D('',#757,#758,#759);
#757 = CARTESIAN_POINT('',(1.9,0.,8.));
#758 = DIRECTION('',(1.,0.,0.));
#759 = DIRECTION('',(-0.,0.,1.));
#760 = DEFINITIONAL_REPRESENTATION('',(#761),#765);
#761 = CIRCLE('',#762,4.);
#762 = AXIS2_PLACEMENT_2D('',#763,#764);
#763 = CARTESIAN_POINT('',(-1.8,7.7));
#764 = DIRECTION('',(1.,0.));
#765 = ( GEOMETRIC_REPRESENTATION_CONTEXT(2) 
PARAMETRIC_REPRESENTATION_CONTEXT() REPRESENTATION_CONTEXT('2D SPACE',''
  ) );
#766 = ADVANCED_FACE('',(#767),#454,.F.);
#767 = FACE_BOUND('',#768,.F.);
#768 = EDGE_LOOP('',(#769,#770,#793,#812));
#769 = ORIENTED_EDGE('',*,*,#440,.F.);
#770 = ORIENTED_EDGE('',*,*,#771,.T.);
#771 = EDGE_CURVE('',#412,#772,#774,.T.);
#772 = VERTEX_POINT('',#773);
#773 = CARTESIAN_POINT('',(1.9,7.7,10.2));
#774 = SURFACE_CURVE('',#775,(#779,#786),.PCURVE_S1.);
#775 = LINE('',#776,#777);
#776 = CARTESIAN_POINT('',(0.,7.7,10.2));
#777 = VECTOR('',#778,1.);
#778 = DIRECTION('',(1.,0.,0.));
#779 = PCURVE('',#454,#780);
#780 = DEFINITIONAL_REPRESENTATION('',(#781),#785);
#781 = LINE('',#782,#783);
#782 = CARTESIAN_POINT('',(4.,0.));
#783 = VECTOR('',#784,1.);
#784 = DIRECTION('',(0.,-1.));
#785 = ( GEOMETRIC_REPRESENTATION_CONTEXT(2) 
PARAMETRIC_REPRESENTATION_CONTEXT() REPRESENTATION_CONTEXT('2D SPACE',''
  ) );
#786 = PCURVE('',#428,#787);
#787 = DEFINITIONAL_REPRESENTATION('',(#788),#792);
#788 = LINE('',#789,#790);
#789 = CARTESIAN_POINT('',(1.570796326795,0.));
#790 = VECTOR('',#791,1.);
#791 = DIRECTION('',(0.,1.));
#792 = ( GEOMETRIC_REPRESENTATION_CONTEXT(2) 
PARAMETRIC_REPRESENTATION_CONTEXT() REPRESENTATION_CONTEXT('2D SPACE',''
  ) );
#793 = ORIENTED_EDGE('',*,*,#794,.T.);
#794 = EDGE_CURVE('',#772,#470,#795,.T.);
#795 = SURFACE_CURVE('',#796,(#800,#806),.PCURVE_S1.);
#796 = LINE('',#797,#798);
#797 = CARTESIAN_POINT('',(1.9,5.85,10.2));
#798 = VECTOR('',#799,1.);
#799 = DIRECTION('',(0.,-1.,0.));
#800 = PCURVE('',#454,#801);
#801 = DEFINITIONAL_REPRESENTATION('',(#802),#805);
#802 = B_SPLINE_CURVE_WITH_KNOTS('',1,(#803,#804),.UNSPECIFIED.,.F.,.F.,
  (2,2),(-1.85,13.55),.PIECEWISE_BEZIER_KNOTS.);
#803 = CARTESIAN_POINT('',(4.,-1.9));
#804 = CARTESIAN_POINT('',(19.4,-1.9));
#805 = ( GEOMETRIC_REPRESENTATION_CONTEXT(2) 
PARAMETRIC_REPRESENTATION_CONTEXT() REPRESENTATION_CONTEXT('2D SPACE',''
  ) );
#806 = PCURVE('',#755,#807);
#807 = DEFINITIONAL_REPRESENTATION('',(#808),#811);
#808 = B_SPLINE_CURVE_WITH_KNOTS('',1,(#809,#810),.UNSPECIFIED.,.F.,.F.,
  (2,2),(-1.85,13.55),.PIECEWISE_BEZIER_KNOTS.);
#809 = CARTESIAN_POINT('',(2.2,-7.7));
#810 = CARTESIAN_POINT('',(2.2,7.7));
#811 = ( GEOMETRIC_REPRESENTATION_CONTEXT(2) 
PARAMETRIC_REPRESENTATION_CONTEXT() REPRESENTATION_CONTEXT('2D SPACE',''
  ) );
#812 = ORIENTED_EDGE('',*,*,#469,.F.);
#813 = ADVANCED_FACE('',(#814),#428,.T.);
#814 = FACE_BOUND('',#815,.T.);
#815 = EDGE_LOOP('',(#816,#839,#840,#841,#865,#891,#915,#938,#962,#988,
    #1012,#1035,#1059,#1082,#1111,#1137));
#816 = ORIENTED_EDGE('',*,*,#817,.F.);
#817 = EDGE_CURVE('',#384,#818,#820,.T.);
#818 = VERTEX_POINT('',#819);
#819 = CARTESIAN_POINT('',(2.,11.7,6.2));
#820 = SURFACE_CURVE('',#821,(#825,#832),.PCURVE_S1.);
#821 = LINE('',#822,#823);
#822 = CARTESIAN_POINT('',(0.,11.7,6.2));
#823 = VECTOR('',#824,1.);
#824 = DIRECTION('',(1.,0.,0.));
#825 = PCURVE('',#428,#826);
#826 = DEFINITIONAL_REPRESENTATION('',(#827),#831);
#827 = LINE('',#828,#829);
#828 = CARTESIAN_POINT('',(0.,0.));
#829 = VECTOR('',#830,1.);
#830 = DIRECTION('',(0.,1.));
#831 = ( GEOMETRIC_REPRESENTATION_CONTEXT(2) 
PARAMETRIC_REPRESENTATION_CONTEXT() REPRESENTATION_CONTEXT('2D SPACE',''
  ) );
#832 = PCURVE('',#399,#833);
#833 = DEFINITIONAL_REPRESENTATION('',(#834),#838);
#834 = LINE('',#835,#836);
#835 = CARTESIAN_POINT('',(16.4,0.));
#836 = VECTOR('',#837,1.);
#837 = DIRECTION('',(0.,-1.));
#838 = ( GEOMETRIC_REPRESENTATION_CONTEXT(2) 
PARAMETRIC_REPRESENTATION_CONTEXT() REPRESENTATION_CONTEXT('2D SPACE',''
  ) );
#839 = ORIENTED_EDGE('',*,*,#411,.T.);
#840 = ORIENTED_EDGE('',*,*,#771,.T.);
#841 = ORIENTED_EDGE('',*,*,#842,.F.);
#842 = EDGE_CURVE('',#843,#772,#845,.T.);
#843 = VERTEX_POINT('',#844);
#844 = CARTESIAN_POINT('',(1.9,10.53,9.026853374337));
#845 = SURFACE_CURVE('',#846,(#851,#858),.PCURVE_S1.);
#846 = CIRCLE('',#847,4.);
#847 = AXIS2_PLACEMENT_3D('',#848,#849,#850);
#848 = CARTESIAN_POINT('',(1.9,7.7,6.2));
#849 = DIRECTION('',(1.,0.,0.));
#850 = DIRECTION('',(-0.,1.,0.));
#851 = PCURVE('',#428,#852);
#852 = DEFINITIONAL_REPRESENTATION('',(#853),#857);
#853 = LINE('',#854,#855);
#854 = CARTESIAN_POINT('',(0.,1.9));
#855 = VECTOR('',#856,1.);
#856 = DIRECTION('',(1.,0.));
#857 = ( GEOMETRIC_REPRESENTATION_CONTEXT(2) 
PARAMETRIC_REPRESENTATION_CONTEXT() REPRESENTATION_CONTEXT('2D SPACE',''
  ) );
#858 = PCURVE('',#755,#859);
#859 = DEFINITIONAL_REPRESENTATION('',(#860),#864);
#860 = CIRCLE('',#861,4.);
#861 = AXIS2_PLACEMENT_2D('',#862,#863);
#862 = CARTESIAN_POINT('',(-1.8,-7.7));
#863 = DIRECTION('',(0.,-1.));
#864 = ( GEOMETRIC_REPRESENTATION_CONTEXT(2) 
PARAMETRIC_REPRESENTATION_CONTEXT() REPRESENTATION_CONTEXT('2D SPACE',''
  ) );
#865 = ORIENTED_EDGE('',*,*,#866,.T.);
#866 = EDGE_CURVE('',#843,#867,#869,.T.);
#867 = VERTEX_POINT('',#868);
#868 = CARTESIAN_POINT('',(5.1,10.53,9.026853374337));
#869 = SURFACE_CURVE('',#870,(#874,#880),.PCURVE_S1.);
#870 = LINE('',#871,#872);
#871 = CARTESIAN_POINT('',(0.,10.53,9.026853374337));
#872 = VECTOR('',#873,1.);
#873 = DIRECTION('',(1.,0.,0.));
#874 = PCURVE('',#428,#875);
#875 = DEFINITIONAL_REPRESENTATION('',(#876),#879);
#876 = B_SPLINE_CURVE_WITH_KNOTS('',1,(#877,#878),.UNSPECIFIED.,.F.,.F.,
  (2,2),(1.58,5.42),.PIECEWISE_BEZIER_KNOTS.);
#877 = CARTESIAN_POINT('',(0.784841913283,1.58));
#878 = CARTESIAN_POINT('',(0.784841913283,5.42));
#879 = ( GEOMETRIC_REPRESENTATION_CONTEXT(2) 
PARAMETRIC_REPRESENTATION_CONTEXT() REPRESENTATION_CONTEXT('2D SPACE',''
  ) );
#880 = PCURVE('',#881,#886);
#881 = PLANE('',#882);
#882 = AXIS2_PLACEMENT_3D('',#883,#884,#885);
#883 = CARTESIAN_POINT('',(1.9,10.53,5.));
#884 = DIRECTION('',(0.,-1.,0.));
#885 = DIRECTION('',(0.,0.,1.));
#886 = DEFINITIONAL_REPRESENTATION('',(#887),#890);
#887 = B_SPLINE_CURVE_WITH_KNOTS('',1,(#888,#889),.UNSPECIFIED.,.F.,.F.,
  (2,2),(1.58,5.42),.PIECEWISE_BEZIER_KNOTS.);
#888 = CARTESIAN_POINT('',(4.026853374337,0.32));
#889 = CARTESIAN_POINT('',(4.026853374337,-3.52));
#890 = ( GEOMETRIC_REPRESENTATION_CONTEXT(2) 
PARAMETRIC_REPRESENTATION_CONTEXT() REPRESENTATION_CONTEXT('2D SPACE',''
  ) );
#891 = ORIENTED_EDGE('',*,*,#892,.T.);
#892 = EDGE_CURVE('',#867,#893,#895,.T.);
#893 = VERTEX_POINT('',#894);
#894 = CARTESIAN_POINT('',(5.1,7.7,10.2));
#895 = SURFACE_CURVE('',#896,(#901,#908),.PCURVE_S1.);
#896 = CIRCLE('',#897,4.);
#897 = AXIS2_PLACEMENT_3D('',#898,#899,#900);
#898 = CARTESIAN_POINT('',(5.1,7.7,6.2));
#899 = DIRECTION('',(1.,0.,0.));
#900 = DIRECTION('',(-0.,1.,0.));
#901 = PCURVE('',#428,#902);
#902 = DEFINITIONAL_REPRESENTATION('',(#903),#907);
#903 = LINE('',#904,#905);
#904 = CARTESIAN_POINT('',(0.,5.1));
#905 = VECTOR('',#906,1.);
#906 = DIRECTION('',(1.,0.));
#907 = ( GEOMETRIC_REPRESENTATION_CONTEXT(2) 
PARAMETRIC_REPRESENTATION_CONTEXT() REPRESENTATION_CONTEXT('2D SPACE',''
  ) );
#908 = PCURVE('',#702,#909);
#909 = DEFINITIONAL_REPRESENTATION('',(#910),#914);
#910 = CIRCLE('',#911,4.);
#911 = AXIS2_PLACEMENT_2D('',#912,#913);
#912 = CARTESIAN_POINT('',(-1.8,-7.7));
#913 = DIRECTION('',(0.,-1.));
#914 = ( GEOMETRIC_REPRESENTATION_CONTEXT(2) 
PARAMETRIC_REPRESENTATION_CONTEXT() REPRESENTATION_CONTEXT('2D SPACE',''
  ) );
#915 = ORIENTED_EDGE('',*,*,#916,.T.);
#916 = EDGE_CURVE('',#893,#917,#919,.T.);
#917 = VERTEX_POINT('',#918);
#918 = CARTESIAN_POINT('',(18.9,7.7,10.2));
#919 = SURFACE_CURVE('',#920,(#924,#931),.PCURVE_S1.);
#920 = LINE('',#921,#922);
#921 = CARTESIAN_POINT('',(0.,7.7,10.2));
#922 = VECTOR('',#923,1.);
#923 = DIRECTION('',(1.,0.,0.));
#924 = PCURVE('',#428,#925);
#925 = DEFINITIONAL_REPRESENTATION('',(#926),#930);
#926 = LINE('',#927,#928);
#927 = CARTESIAN_POINT('',(1.570796326795,0.));
#928 = VECTOR('',#929,1.);
#929 = DIRECTION('',(0.,1.));
#930 = ( GEOMETRIC_REPRESENTATION_CONTEXT(2) 
PARAMETRIC_REPRESENTATION_CONTEXT() REPRESENTATION_CONTEXT('2D SPACE',''
  ) );
#931 = PCURVE('',#673,#932);
#932 = DEFINITIONAL_REPRESENTATION('',(#933),#937);
#933 = LINE('',#934,#935);
#934 = CARTESIAN_POINT('',(4.,0.));
#935 = VECTOR('',#936,1.);
#936 = DIRECTION('',(0.,-1.));
#937 = ( GEOMETRIC_REPRESENTATION_CONTEXT(2) 
PARAMETRIC_REPRESENTATION_CONTEXT() REPRESENTATION_CONTEXT('2D SPACE',''
  ) );
#938 = ORIENTED_EDGE('',*,*,#939,.F.);
#939 = EDGE_CURVE('',#940,#917,#942,.T.);
#940 = VERTEX_POINT('',#941);
#941 = CARTESIAN_POINT('',(18.9,10.53,9.026853374337));
#942 = SURFACE_CURVE('',#943,(#948,#955),.PCURVE_S1.);
#943 = CIRCLE('',#944,4.);
#944 = AXIS2_PLACEMENT_3D('',#945,#946,#947);
#945 = CARTESIAN_POINT('',(18.9,7.7,6.2));
#946 = DIRECTION('',(1.,0.,0.));
#947 = DIRECTION('',(-0.,1.,0.));
#948 = PCURVE('',#428,#949);
#949 = DEFINITIONAL_REPRESENTATION('',(#950),#954);
#950 = LINE('',#951,#952);
#951 = CARTESIAN_POINT('',(0.,18.9));
#952 = VECTOR('',#953,1.);
#953 = DIRECTION('',(1.,0.));
#954 = ( GEOMETRIC_REPRESENTATION_CONTEXT(2) 
PARAMETRIC_REPRESENTATION_CONTEXT() REPRESENTATION_CONTEXT('2D SPACE',''
  ) );
#955 = PCURVE('',#645,#956);
#956 = DEFINITIONAL_REPRESENTATION('',(#957),#961);
#957 = CIRCLE('',#958,4.);
#958 = AXIS2_PLACEMENT_2D('',#959,#960);
#959 = CARTESIAN_POINT('',(-1.8,-7.7));
#960 = DIRECTION('',(0.,-1.));
#961 = ( GEOMETRIC_REPRESENTATION_CONTEXT(2) 
PARAMETRIC_REPRESENTATION_CONTEXT() REPRESENTATION_CONTEXT('2D SPACE',''
  ) );
#962 = ORIENTED_EDGE('',*,*,#963,.T.);
#963 = EDGE_CURVE('',#940,#964,#966,.T.);
#964 = VERTEX_POINT('',#965);
#965 = CARTESIAN_POINT('',(22.1,10.53,9.026853374337));
#966 = SURFACE_CURVE('',#967,(#971,#977),.PCURVE_S1.);
#967 = LINE('',#968,#969);
#968 = CARTESIAN_POINT('',(0.,10.53,9.026853374337));
#969 = VECTOR('',#970,1.);
#970 = DIRECTION('',(1.,0.,0.));
#971 = PCURVE('',#428,#972);
#972 = DEFINITIONAL_REPRESENTATION('',(#973),#976);
#973 = B_SPLINE_CURVE_WITH_KNOTS('',1,(#974,#975),.UNSPECIFIED.,.F.,.F.,
  (2,2),(18.58,22.42),.PIECEWISE_BEZIER_KNOTS.);
#974 = CARTESIAN_POINT('',(0.784841913283,18.58));
#975 = CARTESIAN_POINT('',(0.784841913283,22.42));
#976 = ( GEOMETRIC_REPRESENTATION_CONTEXT(2) 
PARAMETRIC_REPRESENTATION_CONTEXT() REPRESENTATION_CONTEXT('2D SPACE',''
  ) );
#977 = PCURVE('',#978,#983);
#978 = PLANE('',#979);
#979 = AXIS2_PLACEMENT_3D('',#980,#981,#982);
#980 = CARTESIAN_POINT('',(18.9,10.53,5.));
#981 = DIRECTION('',(0.,-1.,0.));
#982 = DIRECTION('',(0.,0.,1.));
#983 = DEFINITIONAL_REPRESENTATION('',(#984),#987);
#984 = B_SPLINE_CURVE_WITH_KNOTS('',1,(#985,#986),.UNSPECIFIED.,.F.,.F.,
  (2,2),(18.58,22.42),.PIECEWISE_BEZIER_KNOTS.);
#985 = CARTESIAN_POINT('',(4.026853374337,0.32));
#986 = CARTESIAN_POINT('',(4.026853374337,-3.52));
#987 = ( GEOMETRIC_REPRESENTATION_CONTEXT(2) 
PARAMETRIC_REPRESENTATION_CONTEXT() REPRESENTATION_CONTEXT('2D SPACE',''
  ) );
#988 = ORIENTED_EDGE('',*,*,#989,.T.);
#989 = EDGE_CURVE('',#964,#990,#992,.T.);
#990 = VERTEX_POINT('',#991);
#991 = CARTESIAN_POINT('',(22.1,7.7,10.2));
#992 = SURFACE_CURVE('',#993,(#998,#1005),.PCURVE_S1.);
#993 = CIRCLE('',#994,4.);
#994 = AXIS2_PLACEMENT_3D('',#995,#996,#997);
#995 = CARTESIAN_POINT('',(22.1,7.7,6.2));
#996 = DIRECTION('',(1.,0.,0.));
#997 = DIRECTION('',(-0.,1.,0.));
#998 = PCURVE('',#428,#999);
#999 = DEFINITIONAL_REPRESENTATION('',(#1000),#1004);
#1000 = LINE('',#1001,#1002);
#1001 = CARTESIAN_POINT('',(0.,22.1));
#1002 = VECTOR('',#1003,1.);
#1003 = DIRECTION('',(1.,0.));
#1004 = ( GEOMETRIC_REPRESENTATION_CONTEXT(2) 
PARAMETRIC_REPRESENTATION_CONTEXT() REPRESENTATION_CONTEXT('2D SPACE',''
  ) );
#1005 = PCURVE('',#590,#1006);
#1006 = DEFINITIONAL_REPRESENTATION('',(#1007),#1011);
#1007 = CIRCLE('',#1008,4.);
#1008 = AXIS2_PLACEMENT_2D('',#1009,#1010);
#1009 = CARTESIAN_POINT('',(-1.8,-7.7));
#1010 = DIRECTION('',(0.,-1.));
#1011 = ( GEOMETRIC_REPRESENTATION_CONTEXT(2) 
PARAMETRIC_REPRESENTATION_CONTEXT() REPRESENTATION_CONTEXT('2D SPACE',''
  ) );
#1012 = ORIENTED_EDGE('',*,*,#1013,.T.);
#1013 = EDGE_CURVE('',#990,#1014,#1016,.T.);
#1014 = VERTEX_POINT('',#1015);
#1015 = CARTESIAN_POINT('',(24.,7.7,10.2));
#1016 = SURFACE_CURVE('',#1017,(#1021,#1028),.PCURVE_S1.);
#1017 = LINE('',#1018,#1019);
#1018 = CARTESIAN_POINT('',(0.,7.7,10.2));
#1019 = VECTOR('',#1020,1.);
#1020 = DIRECTION('',(1.,0.,0.));
#1021 = PCURVE('',#428,#1022);
#1022 = DEFINITIONAL_REPRESENTATION('',(#1023),#1027);
#1023 = LINE('',#1024,#1025);
#1024 = CARTESIAN_POINT('',(1.570796326795,0.));
#1025 = VECTOR('',#1026,1.);
#1026 = DIRECTION('',(0.,1.));
#1027 = ( GEOMETRIC_REPRESENTATION_CONTEXT(2) 
PARAMETRIC_REPRESENTATION_CONTEXT() REPRESENTATION_CONTEXT('2D SPACE',''
  ) );
#1028 = PCURVE('',#561,#1029);
#1029 = DEFINITIONAL_REPRESENTATION('',(#1030),#1034);
#1030 = LINE('',#1031,#1032);
#1031 = CARTESIAN_POINT('',(4.,0.));
#1032 = VECTOR('',#1033,1.);
#1033 = DIRECTION('',(0.,-1.));
#1034 = ( GEOMETRIC_REPRESENTATION_CONTEXT(2) 
PARAMETRIC_REPRESENTATION_CONTEXT() REPRESENTATION_CONTEXT('2D SPACE',''
  ) );
#1035 = ORIENTED_EDGE('',*,*,#1036,.F.);
#1036 = EDGE_CURVE('',#1037,#1014,#1039,.T.);
#1037 = VERTEX_POINT('',#1038);
#1038 = CARTESIAN_POINT('',(24.,11.7,6.2));
#1039 = SURFACE_CURVE('',#1040,(#1045,#1052),.PCURVE_S1.);
#1040 = CIRCLE('',#1041,4.);
#1041 = AXIS2_PLACEMENT_3D('',#1042,#1043,#1044);
#1042 = CARTESIAN_POINT('',(24.,7.7,6.2));
#1043 = DIRECTION('',(1.,0.,0.));
#1044 = DIRECTION('',(-0.,0.,1.));
#1045 = PCURVE('',#428,#1046);
#1046 = DEFINITIONAL_REPRESENTATION('',(#1047),#1051);
#1047 = LINE('',#1048,#1049);
#1048 = CARTESIAN_POINT('',(-4.712388980385,24.));
#1049 = VECTOR('',#1050,1.);
#1050 = DIRECTION('',(1.,0.));
#1051 = ( GEOMETRIC_REPRESENTATION_CONTEXT(2) 
PARAMETRIC_REPRESENTATION_CONTEXT() REPRESENTATION_CONTEXT('2D SPACE',''
  ) );
#1052 = PCURVE('',#533,#1053);
#1053 = DEFINITIONAL_REPRESENTATION('',(#1054),#1058);
#1054 = CIRCLE('',#1055,4.);
#1055 = AXIS2_PLACEMENT_2D('',#1056,#1057);
#1056 = CARTESIAN_POINT('',(6.2,-7.7));
#1057 = DIRECTION('',(1.,0.));
#1058 = ( GEOMETRIC_REPRESENTATION_CONTEXT(2) 
PARAMETRIC_REPRESENTATION_CONTEXT() REPRESENTATION_CONTEXT('2D SPACE',''
  ) );
#1059 = ORIENTED_EDGE('',*,*,#1060,.F.);
#1060 = EDGE_CURVE('',#1061,#1037,#1063,.T.);
#1061 = VERTEX_POINT('',#1062);
#1062 = CARTESIAN_POINT('',(22.,11.7,6.2));
#1063 = SURFACE_CURVE('',#1064,(#1068,#1075),.PCURVE_S1.);
#1064 = LINE('',#1065,#1066);
#1065 = CARTESIAN_POINT('',(0.,11.7,6.2));
#1066 = VECTOR('',#1067,1.);
#1067 = DIRECTION('',(1.,0.,0.));
#1068 = PCURVE('',#428,#1069);
#1069 = DEFINITIONAL_REPRESENTATION('',(#1070),#1074);
#1070 = LINE('',#1071,#1072);
#1071 = CARTESIAN_POINT('',(0.,0.));
#1072 = VECTOR('',#1073,1.);
#1073 = DIRECTION('',(0.,1.));
#1074 = ( GEOMETRIC_REPRESENTATION_CONTEXT(2) 
PARAMETRIC_REPRESENTATION_CONTEXT() REPRESENTATION_CONTEXT('2D SPACE',''
  ) );
#1075 = PCURVE('',#399,#1076);
#1076 = DEFINITIONAL_REPRESENTATION('',(#1077),#1081);
#1077 = LINE('',#1078,#1079);
#1078 = CARTESIAN_POINT('',(16.4,0.));
#1079 = VECTOR('',#1080,1.);
#1080 = DIRECTION('',(0.,-1.));
#1081 = ( GEOMETRIC_REPRESENTATION_CONTEXT(2) 
PARAMETRIC_REPRESENTATION_CONTEXT() REPRESENTATION_CONTEXT('2D SPACE',''
  ) );
#1082 = ORIENTED_EDGE('',*,*,#1083,.T.);
#1083 = EDGE_CURVE('',#1061,#1084,#1086,.T.);
#1084 = VERTEX_POINT('',#1085);
#1085 = CARTESIAN_POINT('',(22.,11.4,7.719868415357));
#1086 = SURFACE_CURVE('',#1087,(#1092,#1099),.PCURVE_S1.);
#1087 = CIRCLE('',#1088,4.);
#1088 = AXIS2_PLACEMENT_3D('',#1089,#1090,#1091);
#1089 = CARTESIAN_POINT('',(22.,7.7,6.2));
#1090 = DIRECTION('',(1.,0.,0.));
#1091 = DIRECTION('',(-0.,1.,0.));
#1092 = PCURVE('',#428,#1093);
#1093 = DEFINITIONAL_REPRESENTATION('',(#1094),#1098);
#1094 = LINE('',#1095,#1096);
#1095 = CARTESIAN_POINT('',(0.,22.));
#1096 = VECTOR('',#1097,1.);
#1097 = DIRECTION('',(1.,0.));
#1098 = ( GEOMETRIC_REPRESENTATION_CONTEXT(2) 
PARAMETRIC_REPRESENTATION_CONTEXT() REPRESENTATION_CONTEXT('2D SPACE',''
  ) );
#1099 = PCURVE('',#1100,#1105);
#1100 = PLANE('',#1101);
#1101 = AXIS2_PLACEMENT_3D('',#1102,#1103,#1104);
#1102 = CARTESIAN_POINT('',(22.,11.4,0.));
#1103 = DIRECTION('',(1.,0.,0.));
#1104 = DIRECTION('',(0.,0.,1.));
#1105 = DEFINITIONAL_REPRESENTATION('',(#1106),#1110);
#1106 = CIRCLE('',#1107,4.);
#1107 = AXIS2_PLACEMENT_2D('',#1108,#1109);
#1108 = CARTESIAN_POINT('',(6.2,3.7));
#1109 = DIRECTION('',(0.,-1.));
#1110 = ( GEOMETRIC_REPRESENTATION_CONTEXT(2) 
PARAMETRIC_REPRESENTATION_CONTEXT() REPRESENTATION_CONTEXT('2D SPACE',''
  ) );
#1111 = ORIENTED_EDGE('',*,*,#1112,.F.);
#1112 = EDGE_CURVE('',#1113,#1084,#1115,.T.);
#1113 = VERTEX_POINT('',#1114);
#1114 = CARTESIAN_POINT('',(2.,11.4,7.719868415357));
#1115 = SURFACE_CURVE('',#1116,(#1120,#1126),.PCURVE_S1.);
#1116 = LINE('',#1117,#1118);
#1117 = CARTESIAN_POINT('',(0.,11.4,7.719868415357));
#1118 = VECTOR('',#1119,1.);
#1119 = DIRECTION('',(1.,0.,0.));
#1120 = PCURVE('',#428,#1121);
#1121 = DEFINITIONAL_REPRESENTATION('',(#1122),#1125);
#1122 = B_SPLINE_CURVE_WITH_KNOTS('',1,(#1123,#1124),.UNSPECIFIED.,.F.,
  .F.,(2,2),(0.,24.),.PIECEWISE_BEZIER_KNOTS.);
#1123 = CARTESIAN_POINT('',(0.389760732797,0.));
#1124 = CARTESIAN_POINT('',(0.389760732797,24.));
#1125 = ( GEOMETRIC_REPRESENTATION_CONTEXT(2) 
PARAMETRIC_REPRESENTATION_CONTEXT() REPRESENTATION_CONTEXT('2D SPACE',''
  ) );
#1126 = PCURVE('',#1127,#1132);
#1127 = PLANE('',#1128);
#1128 = AXIS2_PLACEMENT_3D('',#1129,#1130,#1131);
#1129 = CARTESIAN_POINT('',(2.,11.4,0.));
#1130 = DIRECTION('',(0.,1.,0.));
#1131 = DIRECTION('',(0.,0.,1.));
#1132 = DEFINITIONAL_REPRESENTATION('',(#1133),#1136);
#1133 = B_SPLINE_CURVE_WITH_KNOTS('',1,(#1134,#1135),.UNSPECIFIED.,.F.,
  .F.,(2,2),(0.,24.),.PIECEWISE_BEZIER_KNOTS.);
#1134 = CARTESIAN_POINT('',(7.719868415357,-2.));
#1135 = CARTESIAN_POINT('',(7.719868415357,22.));
#1136 = ( GEOMETRIC_REPRESENTATION_CONTEXT(2) 
PARAMETRIC_REPRESENTATION_CONTEXT() REPRESENTATION_CONTEXT('2D SPACE',''
  ) );
#1137 = ORIENTED_EDGE('',*,*,#1138,.F.);
#1138 = EDGE_CURVE('',#818,#1113,#1139,.T.);
#1139 = SURFACE_CURVE('',#1140,(#1145,#1152),.PCURVE_S1.);
#1140 = CIRCLE('',#1141,4.);
#1141 = AXIS2_PLACEMENT_3D('',#1142,#1143,#1144);
#1142 = CARTESIAN_POINT('',(2.,7.7,6.2));
#1143 = DIRECTION('',(1.,0.,0.));
#1144 = DIRECTION('',(-0.,1.,0.));
#1145 = PCURVE('',#428,#1146);
#1146 = DEFINITIONAL_REPRESENTATION('',(#1147),#1151);
#1147 = LINE('',#1148,#1149);
#1148 = CARTESIAN_POINT('',(0.,2.));
#1149 = VECTOR('',#1150,1.);
#1150 = DIRECTION('',(1.,0.));
#1151 = ( GEOMETRIC_REPRESENTATION_CONTEXT(2) 
PARAMETRIC_REPRESENTATION_CONTEXT() REPRESENTATION_CONTEXT('2D SPACE',''
  ) );
#1152 = PCURVE('',#1153,#1158);
#1153 = PLANE('',#1154);
#1154 = AXIS2_PLACEMENT_3D('',#1155,#1156,#1157);
#1155 = CARTESIAN_POINT('',(2.,11.4,0.));
#1156 = DIRECTION('',(1.,0.,0.));
#1157 = DIRECTION('',(0.,0.,1.));
#1158 = DEFINITIONAL_REPRESENTATION('',(#1159),#1163);
#1159 = CIRCLE('',#1160,4.);
#1160 = AXIS2_PLACEMENT_2D('',#1161,#1162);
#1161 = CARTESIAN_POINT('',(6.2,3.7));
#1162 = DIRECTION('',(0.,-1.));
#1163 = ( GEOMETRIC_REPRESENTATION_CONTEXT(2) 
PARAMETRIC_REPRESENTATION_CONTEXT() REPRESENTATION_CONTEXT('2D SPACE',''
  ) );
#1164 = ADVANCED_FACE('',(#1165),#399,.F.);
#1165 = FACE_BOUND('',#1166,.F.);
#1166 = EDGE_LOOP('',(#1167,#1168,#1189,#1210,#1211,#1233,#1259,#1279));
#1167 = ORIENTED_EDGE('',*,*,#383,.F.);
#1168 = ORIENTED_EDGE('',*,*,#1169,.F.);
#1169 = EDGE_CURVE('',#1170,#358,#1172,.T.);
#1170 = VERTEX_POINT('',#1171);
#1171 = CARTESIAN_POINT('',(24.,11.7,0.));
#1172 = SURFACE_CURVE('',#1173,(#1177,#1183),.PCURVE_S1.);
#1173 = LINE('',#1174,#1175);
#1174 = CARTESIAN_POINT('',(-36.,11.7,0.));
#1175 = VECTOR('',#1176,1.);
#1176 = DIRECTION('',(-1.,0.,0.));
#1177 = PCURVE('',#399,#1178);
#1178 = DEFINITIONAL_REPRESENTATION('',(#1179),#1182);
#1179 = B_SPLINE_CURVE_WITH_KNOTS('',1,(#1180,#1181),.UNSPECIFIED.,.F.,
  .F.,(2,2),(-60.,-36.),.PIECEWISE_BEZIER_KNOTS.);
#1180 = CARTESIAN_POINT('',(10.2,-24.));
#1181 = CARTESIAN_POINT('',(10.2,0.));
#1182 = ( GEOMETRIC_REPRESENTATION_CONTEXT(2) 
PARAMETRIC_REPRESENTATION_CONTEXT() REPRESENTATION_CONTEXT('2D SPACE',''
  ) );
#1183 = PCURVE('',#372,#1184);
#1184 = DEFINITIONAL_REPRESENTATION('',(#1185),#1188);
#1185 = B_SPLINE_CURVE_WITH_KNOTS('',1,(#1186,#1187),.UNSPECIFIED.,.F.,
  .F.,(2,2),(-60.,-36.),.PIECEWISE_BEZIER_KNOTS.);
#1186 = CARTESIAN_POINT('',(96.,83.7));
#1187 = CARTESIAN_POINT('',(72.,83.7));
#1188 = ( GEOMETRIC_REPRESENTATION_CONTEXT(2) 
PARAMETRIC_REPRESENTATION_CONTEXT() REPRESENTATION_CONTEXT('2D SPACE',''
  ) );
#1189 = ORIENTED_EDGE('',*,*,#1190,.T.);
#1190 = EDGE_CURVE('',#1170,#1037,#1191,.T.);
#1191 = SURFACE_CURVE('',#1192,(#1196,#1203),.PCURVE_S1.);
#1192 = LINE('',#1193,#1194);
#1193 = CARTESIAN_POINT('',(24.,11.7,-10.2));
#1194 = VECTOR('',#1195,1.);
#1195 = DIRECTION('',(0.,0.,1.));
#1196 = PCURVE('',#399,#1197);
#1197 = DEFINITIONAL_REPRESENTATION('',(#1198),#1202);
#1198 = LINE('',#1199,#1200);
#1199 = CARTESIAN_POINT('',(0.,-24.));
#1200 = VECTOR('',#1201,1.);
#1201 = DIRECTION('',(1.,0.));
#1202 = ( GEOMETRIC_REPRESENTATION_CONTEXT(2) 
PARAMETRIC_REPRESENTATION_CONTEXT() REPRESENTATION_CONTEXT('2D SPACE',''
  ) );
#1203 = PCURVE('',#533,#1204);
#1204 = DEFINITIONAL_REPRESENTATION('',(#1205),#1209);
#1205 = LINE('',#1206,#1207);
#1206 = CARTESIAN_POINT('',(-10.2,-11.7));
#1207 = VECTOR('',#1208,1.);
#1208 = DIRECTION('',(1.,0.));
#1209 = ( GEOMETRIC_REPRESENTATION_CONTEXT(2) 
PARAMETRIC_REPRESENTATION_CONTEXT() REPRESENTATION_CONTEXT('2D SPACE',''
  ) );
#1210 = ORIENTED_EDGE('',*,*,#1060,.F.);
#1211 = ORIENTED_EDGE('',*,*,#1212,.F.);
#1212 = EDGE_CURVE('',#1213,#1061,#1215,.T.);
#1213 = VERTEX_POINT('',#1214);
#1214 = CARTESIAN_POINT('',(22.,11.7,0.17550020016));
#1215 = SURFACE_CURVE('',#1216,(#1220,#1226),.PCURVE_S1.);
#1216 = LINE('',#1217,#1218);
#1217 = CARTESIAN_POINT('',(22.,11.7,-5.1));
#1218 = VECTOR('',#1219,1.);
#1219 = DIRECTION('',(-0.,0.,1.));
#1220 = PCURVE('',#399,#1221);
#1221 = DEFINITIONAL_REPRESENTATION('',(#1222),#1225);
#1222 = B_SPLINE_CURVE_WITH_KNOTS('',1,(#1223,#1224),.UNSPECIFIED.,.F.,
  .F.,(2,2),(5.1,11.3),.PIECEWISE_BEZIER_KNOTS.);
#1223 = CARTESIAN_POINT('',(10.2,-22.));
#1224 = CARTESIAN_POINT('',(16.4,-22.));
#1225 = ( GEOMETRIC_REPRESENTATION_CONTEXT(2) 
PARAMETRIC_REPRESENTATION_CONTEXT() REPRESENTATION_CONTEXT('2D SPACE',''
  ) );
#1226 = PCURVE('',#1100,#1227);
#1227 = DEFINITIONAL_REPRESENTATION('',(#1228),#1232);
#1228 = LINE('',#1229,#1230);
#1229 = CARTESIAN_POINT('',(-5.1,-0.3));
#1230 = VECTOR('',#1231,1.);
#1231 = DIRECTION('',(1.,0.));
#1232 = ( GEOMETRIC_REPRESENTATION_CONTEXT(2) 
PARAMETRIC_REPRESENTATION_CONTEXT() REPRESENTATION_CONTEXT('2D SPACE',''
  ) );
#1233 = ORIENTED_EDGE('',*,*,#1234,.F.);
#1234 = EDGE_CURVE('',#1235,#1213,#1237,.T.);
#1235 = VERTEX_POINT('',#1236);
#1236 = CARTESIAN_POINT('',(2.,11.7,0.17550020016));
#1237 = SURFACE_CURVE('',#1238,(#1242,#1248),.PCURVE_S1.);
#1238 = LINE('',#1239,#1240);
#1239 = CARTESIAN_POINT('',(2.,11.7,0.17550020016));
#1240 = VECTOR('',#1241,1.);
#1241 = DIRECTION('',(1.,0.,0.));
#1242 = PCURVE('',#399,#1243);
#1243 = DEFINITIONAL_REPRESENTATION('',(#1244),#1247);
#1244 = B_SPLINE_CURVE_WITH_KNOTS('',1,(#1245,#1246),.UNSPECIFIED.,.F.,
  .F.,(2,2),(-5.999999999062E-07,20.0000006),.PIECEWISE_BEZIER_KNOTS.);
#1245 = CARTESIAN_POINT('',(10.37550020016,-1.9999994));
#1246 = CARTESIAN_POINT('',(10.37550020016,-22.0000006));
#1247 = ( GEOMETRIC_REPRESENTATION_CONTEXT(2) 
PARAMETRIC_REPRESENTATION_CONTEXT() REPRESENTATION_CONTEXT('2D SPACE',''
  ) );
#1248 = PCURVE('',#1249,#1254);
#1249 = CYLINDRICAL_SURFACE('',#1250,0.8);
#1250 = AXIS2_PLACEMENT_3D('',#1251,#1252,#1253);
#1251 = CARTESIAN_POINT('',(2.,12.2,0.8));
#1252 = DIRECTION('',(1.,0.,0.));
#1253 = DIRECTION('',(0.,-1.,0.));
#1254 = DEFINITIONAL_REPRESENTATION('',(#1255),#1258);
#1255 = B_SPLINE_CURVE_WITH_KNOTS('',1,(#1256,#1257),.UNSPECIFIED.,.F.,
  .F.,(2,2),(-5.999999999062E-07,20.0000006),.PIECEWISE_BEZIER_KNOTS.);
#1256 = CARTESIAN_POINT('',(0.895664793858,-5.999999999062E-07));
#1257 = CARTESIAN_POINT('',(0.895664793858,20.0000006));
#1258 = ( GEOMETRIC_REPRESENTATION_CONTEXT(2) 
PARAMETRIC_REPRESENTATION_CONTEXT() REPRESENTATION_CONTEXT('2D SPACE',''
  ) );
#1259 = ORIENTED_EDGE('',*,*,#1260,.T.);
#1260 = EDGE_CURVE('',#1235,#818,#1261,.T.);
#1261 = SURFACE_CURVE('',#1262,(#1266,#1272),.PCURVE_S1.);
#1262 = LINE('',#1263,#1264);
#1263 = CARTESIAN_POINT('',(2.,11.7,-5.1));
#1264 = VECTOR('',#1265,1.);
#1265 = DIRECTION('',(-0.,0.,1.));
#1266 = PCURVE('',#399,#1267);
#1267 = DEFINITIONAL_REPRESENTATION('',(#1268),#1271);
#1268 = B_SPLINE_CURVE_WITH_KNOTS('',1,(#1269,#1270),.UNSPECIFIED.,.F.,
  .F.,(2,2),(5.1,11.3),.PIECEWISE_BEZIER_KNOTS.);
#1269 = CARTESIAN_POINT('',(10.2,-2.));
#1270 = CARTESIAN_POINT('',(16.4,-2.));
#1271 = ( GEOMETRIC_REPRESENTATION_CONTEXT(2) 
PARAMETRIC_REPRESENTATION_CONTEXT() REPRESENTATION_CONTEXT('2D SPACE',''
  ) );
#1272 = PCURVE('',#1153,#1273);
#1273 = DEFINITIONAL_REPRESENTATION('',(#1274),#1278);
#1274 = LINE('',#1275,#1276);
#1275 = CARTESIAN_POINT('',(-5.1,-0.3));
#1276 = VECTOR('',#1277,1.);
#1277 = DIRECTION('',(1.,0.));
#1278 = ( GEOMETRIC_REPRESENTATION_CONTEXT(2) 
PARAMETRIC_REPRESENTATION_CONTEXT() REPRESENTATION_CONTEXT('2D SPACE',''
  ) );
#1279 = ORIENTED_EDGE('',*,*,#817,.F.);
#1280 = ADVANCED_FACE('',(#1281),#372,.F.);
#1281 = FACE_BOUND('',#1282,.F.);
#1282 = EDGE_LOOP('',(#1283,#1284,#1285,#1306));
#1283 = ORIENTED_EDGE('',*,*,#1169,.T.);
#1284 = ORIENTED_EDGE('',*,*,#357,.T.);
#1285 = ORIENTED_EDGE('',*,*,#1286,.F.);
#1286 = EDGE_CURVE('',#1287,#332,#1289,.T.);
#1287 = VERTEX_POINT('',#1288);
#1288 = CARTESIAN_POINT('',(24.,9.5,0.));
#1289 = SURFACE_CURVE('',#1290,(#1294,#1300),.PCURVE_S1.);
#1290 = LINE('',#1291,#1292);
#1291 = CARTESIAN_POINT('',(-37.,9.5,0.));
#1292 = VECTOR('',#1293,1.);
#1293 = DIRECTION('',(-1.,0.,0.));
#1294 = PCURVE('',#372,#1295);
#1295 = DEFINITIONAL_REPRESENTATION('',(#1296),#1299);
#1296 = B_SPLINE_CURVE_WITH_KNOTS('',1,(#1297,#1298),.UNSPECIFIED.,.F.,
  .F.,(2,2),(-61.,-37.),.PIECEWISE_BEZIER_KNOTS.);
#1297 = CARTESIAN_POINT('',(96.,81.5));
#1298 = CARTESIAN_POINT('',(72.,81.5));
#1299 = ( GEOMETRIC_REPRESENTATION_CONTEXT(2) 
PARAMETRIC_REPRESENTATION_CONTEXT() REPRESENTATION_CONTEXT('2D SPACE',''
  ) );
#1300 = PCURVE('',#346,#1301);
#1301 = DEFINITIONAL_REPRESENTATION('',(#1302),#1305);
#1302 = B_SPLINE_CURVE_WITH_KNOTS('',1,(#1303,#1304),.UNSPECIFIED.,.F.,
  .F.,(2,2),(-61.,-37.),.PIECEWISE_BEZIER_KNOTS.);
#1303 = CARTESIAN_POINT('',(8.,-26.));
#1304 = CARTESIAN_POINT('',(8.,-2.));
#1305 = ( GEOMETRIC_REPRESENTATION_CONTEXT(2) 
PARAMETRIC_REPRESENTATION_CONTEXT() REPRESENTATION_CONTEXT('2D SPACE',''
  ) );
#1306 = ORIENTED_EDGE('',*,*,#1307,.F.);
#1307 = EDGE_CURVE('',#1170,#1287,#1308,.T.);
#1308 = SURFACE_CURVE('',#1309,(#1313,#1319),.PCURVE_S1.);
#1309 = LINE('',#1310,#1311);
#1310 = CARTESIAN_POINT('',(24.,-36.,0.));
#1311 = VECTOR('',#1312,1.);
#1312 = DIRECTION('',(0.,-1.,0.));
#1313 = PCURVE('',#372,#1314);
#1314 = DEFINITIONAL_REPRESENTATION('',(#1315),#1318);
#1315 = B_SPLINE_CURVE_WITH_KNOTS('',1,(#1316,#1317),.UNSPECIFIED.,.F.,
  .F.,(2,2),(-47.7,-24.3),.PIECEWISE_BEZIER_KNOTS.);
#1316 = CARTESIAN_POINT('',(96.,83.7));
#1317 = CARTESIAN_POINT('',(96.,60.3));
#1318 = ( GEOMETRIC_REPRESENTATION_CONTEXT(2) 
PARAMETRIC_REPRESENTATION_CONTEXT() REPRESENTATION_CONTEXT('2D SPACE',''
  ) );
#1319 = PCURVE('',#533,#1320);
#1320 = DEFINITIONAL_REPRESENTATION('',(#1321),#1324);
#1321 = B_SPLINE_CURVE_WITH_KNOTS('',1,(#1322,#1323),.UNSPECIFIED.,.F.,
  .F.,(2,2),(-47.7,-24.3),.PIECEWISE_BEZIER_KNOTS.);
#1322 = CARTESIAN_POINT('',(0.,-11.7));
#1323 = CARTESIAN_POINT('',(0.,11.7));
#1324 = ( GEOMETRIC_REPRESENTATION_CONTEXT(2) 
PARAMETRIC_REPRESENTATION_CONTEXT() REPRESENTATION_CONTEXT('2D SPACE',''
  ) );
#1325 = ADVANCED_FACE('',(#1326),#346,.T.);
#1326 = FACE_BOUND('',#1327,.T.);
#1327 = EDGE_LOOP('',(#1328,#1351,#1352,#1353,#1374,#1402,#1423,#1449,
    #1470,#1498,#1519,#1545));
#1328 = ORIENTED_EDGE('',*,*,#1329,.F.);
#1329 = EDGE_CURVE('',#303,#1330,#1332,.T.);
#1330 = VERTEX_POINT('',#1331);
#1331 = CARTESIAN_POINT('',(1.9,9.5,5.5));
#1332 = SURFACE_CURVE('',#1333,(#1337,#1344),.PCURVE_S1.);
#1333 = LINE('',#1334,#1335);
#1334 = CARTESIAN_POINT('',(-2.,9.5,5.5));
#1335 = VECTOR('',#1336,1.);
#1336 = DIRECTION('',(1.,0.,0.));
#1337 = PCURVE('',#346,#1338);
#1338 = DEFINITIONAL_REPRESENTATION('',(#1339),#1343);
#1339 = LINE('',#1340,#1341);
#1340 = CARTESIAN_POINT('',(13.5,0.));
#1341 = VECTOR('',#1342,1.);
#1342 = DIRECTION('',(0.,-1.));
#1343 = ( GEOMETRIC_REPRESENTATION_CONTEXT(2) 
PARAMETRIC_REPRESENTATION_CONTEXT() REPRESENTATION_CONTEXT('2D SPACE',''
  ) );
#1344 = PCURVE('',#319,#1345);
#1345 = DEFINITIONAL_REPRESENTATION('',(#1346),#1350);
#1346 = LINE('',#1347,#1348);
#1347 = CARTESIAN_POINT('',(0.,0.));
#1348 = VECTOR('',#1349,1.);
#1349 = DIRECTION('',(0.,1.));
#1350 = ( GEOMETRIC_REPRESENTATION_CONTEXT(2) 
PARAMETRIC_REPRESENTATION_CONTEXT() REPRESENTATION_CONTEXT('2D SPACE',''
  ) );
#1351 = ORIENTED_EDGE('',*,*,#331,.T.);
#1352 = ORIENTED_EDGE('',*,*,#1286,.F.);
#1353 = ORIENTED_EDGE('',*,*,#1354,.F.);
#1354 = EDGE_CURVE('',#1355,#1287,#1357,.T.);
#1355 = VERTEX_POINT('',#1356);
#1356 = CARTESIAN_POINT('',(24.,9.5,5.5));
#1357 = SURFACE_CURVE('',#1358,(#1362,#1368),.PCURVE_S1.);
#1358 = LINE('',#1359,#1360);
#1359 = CARTESIAN_POINT('',(24.,9.5,-4.));
#1360 = VECTOR('',#1361,1.);
#1361 = DIRECTION('',(0.,0.,-1.));
#1362 = PCURVE('',#346,#1363);
#1363 = DEFINITIONAL_REPRESENTATION('',(#1364),#1367);
#1364 = B_SPLINE_CURVE_WITH_KNOTS('',1,(#1365,#1366),.UNSPECIFIED.,.F.,
  .F.,(2,2),(-9.5,1.5),.PIECEWISE_BEZIER_KNOTS.);
#1365 = CARTESIAN_POINT('',(13.5,-26.));
#1366 = CARTESIAN_POINT('',(2.5,-26.));
#1367 = ( GEOMETRIC_REPRESENTATION_CONTEXT(2) 
PARAMETRIC_REPRESENTATION_CONTEXT() REPRESENTATION_CONTEXT('2D SPACE',''
  ) );
#1368 = PCURVE('',#533,#1369);
#1369 = DEFINITIONAL_REPRESENTATION('',(#1370),#1373);
#1370 = B_SPLINE_CURVE_WITH_KNOTS('',1,(#1371,#1372),.UNSPECIFIED.,.F.,
  .F.,(2,2),(-9.5,1.5),.PIECEWISE_BEZIER_KNOTS.);
#1371 = CARTESIAN_POINT('',(5.5,-9.5));
#1372 = CARTESIAN_POINT('',(-5.5,-9.5));
#1373 = ( GEOMETRIC_REPRESENTATION_CONTEXT(2) 
PARAMETRIC_REPRESENTATION_CONTEXT() REPRESENTATION_CONTEXT('2D SPACE',''
  ) );
#1374 = ORIENTED_EDGE('',*,*,#1375,.F.);
#1375 = EDGE_CURVE('',#1376,#1355,#1378,.T.);
#1376 = VERTEX_POINT('',#1377);
#1377 = CARTESIAN_POINT('',(22.1,9.5,5.5));
#1378 = SURFACE_CURVE('',#1379,(#1383,#1390),.PCURVE_S1.);
#1379 = LINE('',#1380,#1381);
#1380 = CARTESIAN_POINT('',(-2.,9.5,5.5));
#1381 = VECTOR('',#1382,1.);
#1382 = DIRECTION('',(1.,0.,0.));
#1383 = PCURVE('',#346,#1384);
#1384 = DEFINITIONAL_REPRESENTATION('',(#1385),#1389);
#1385 = LINE('',#1386,#1387);
#1386 = CARTESIAN_POINT('',(13.5,0.));
#1387 = VECTOR('',#1388,1.);
#1388 = DIRECTION('',(0.,-1.));
#1389 = ( GEOMETRIC_REPRESENTATION_CONTEXT(2) 
PARAMETRIC_REPRESENTATION_CONTEXT() REPRESENTATION_CONTEXT('2D SPACE',''
  ) );
#1390 = PCURVE('',#1391,#1396);
#1391 = CYLINDRICAL_SURFACE('',#1392,2.5);
#1392 = AXIS2_PLACEMENT_3D('',#1393,#1394,#1395);
#1393 = CARTESIAN_POINT('',(-2.,7.,5.5));
#1394 = DIRECTION('',(1.,0.,0.));
#1395 = DIRECTION('',(-0.,1.,0.));
#1396 = DEFINITIONAL_REPRESENTATION('',(#1397),#1401);
#1397 = LINE('',#1398,#1399);
#1398 = CARTESIAN_POINT('',(0.,0.));
#1399 = VECTOR('',#1400,1.);
#1400 = DIRECTION('',(0.,1.));
#1401 = ( GEOMETRIC_REPRESENTATION_CONTEXT(2) 
PARAMETRIC_REPRESENTATION_CONTEXT() REPRESENTATION_CONTEXT('2D SPACE',''
  ) );
#1402 = ORIENTED_EDGE('',*,*,#1403,.F.);
#1403 = EDGE_CURVE('',#1404,#1376,#1406,.T.);
#1404 = VERTEX_POINT('',#1405);
#1405 = CARTESIAN_POINT('',(22.1,9.5,5.));
#1406 = SURFACE_CURVE('',#1407,(#1411,#1417),.PCURVE_S1.);
#1407 = LINE('',#1408,#1409);
#1408 = CARTESIAN_POINT('',(22.1,9.5,0.));
#1409 = VECTOR('',#1410,1.);
#1410 = DIRECTION('',(-0.,0.,1.));
#1411 = PCURVE('',#346,#1412);
#1412 = DEFINITIONAL_REPRESENTATION('',(#1413),#1416);
#1413 = B_SPLINE_CURVE_WITH_KNOTS('',1,(#1414,#1415),.UNSPECIFIED.,.F.,
  .F.,(2,2),(5.,5.5),.PIECEWISE_BEZIER_KNOTS.);
#1414 = CARTESIAN_POINT('',(13.,-24.1));
#1415 = CARTESIAN_POINT('',(13.5,-24.1));
#1416 = ( GEOMETRIC_REPRESENTATION_CONTEXT(2) 
PARAMETRIC_REPRESENTATION_CONTEXT() REPRESENTATION_CONTEXT('2D SPACE',''
  ) );
#1417 = PCURVE('',#590,#1418);
#1418 = DEFINITIONAL_REPRESENTATION('',(#1419),#1422);
#1419 = B_SPLINE_CURVE_WITH_KNOTS('',1,(#1420,#1421),.UNSPECIFIED.,.F.,
  .F.,(2,2),(5.,5.5),.PIECEWISE_BEZIER_KNOTS.);
#1420 = CARTESIAN_POINT('',(-3.,-9.5));
#1421 = CARTESIAN_POINT('',(-2.5,-9.5));
#1422 = ( GEOMETRIC_REPRESENTATION_CONTEXT(2) 
PARAMETRIC_REPRESENTATION_CONTEXT() REPRESENTATION_CONTEXT('2D SPACE',''
  ) );
#1423 = ORIENTED_EDGE('',*,*,#1424,.T.);
#1424 = EDGE_CURVE('',#1404,#1425,#1427,.T.);
#1425 = VERTEX_POINT('',#1426);
#1426 = CARTESIAN_POINT('',(18.9,9.5,5.));
#1427 = SURFACE_CURVE('',#1428,(#1432,#1438),.PCURVE_S1.);
#1428 = LINE('',#1429,#1430);
#1429 = CARTESIAN_POINT('',(8.45,9.5,5.));
#1430 = VECTOR('',#1431,1.);
#1431 = DIRECTION('',(-1.,0.,0.));
#1432 = PCURVE('',#346,#1433);
#1433 = DEFINITIONAL_REPRESENTATION('',(#1434),#1437);
#1434 = B_SPLINE_CURVE_WITH_KNOTS('',1,(#1435,#1436),.UNSPECIFIED.,.F.,
  .F.,(2,2),(-13.65,-10.45),.PIECEWISE_BEZIER_KNOTS.);
#1435 = CARTESIAN_POINT('',(13.,-24.1));
#1436 = CARTESIAN_POINT('',(13.,-20.9));
#1437 = ( GEOMETRIC_REPRESENTATION_CONTEXT(2) 
PARAMETRIC_REPRESENTATION_CONTEXT() REPRESENTATION_CONTEXT('2D SPACE',''
  ) );
#1438 = PCURVE('',#1439,#1444);
#1439 = PLANE('',#1440);
#1440 = AXIS2_PLACEMENT_3D('',#1441,#1442,#1443);
#1441 = CARTESIAN_POINT('',(18.9,-10.53,5.));
#1442 = DIRECTION('',(0.,0.,1.));
#1443 = DIRECTION('',(0.,1.,0.));
#1444 = DEFINITIONAL_REPRESENTATION('',(#1445),#1448);
#1445 = B_SPLINE_CURVE_WITH_KNOTS('',1,(#1446,#1447),.UNSPECIFIED.,.F.,
  .F.,(2,2),(-13.65,-10.45),.PIECEWISE_BEZIER_KNOTS.);
#1446 = CARTESIAN_POINT('',(20.03,-3.2));
#1447 = CARTESIAN_POINT('',(20.03,0.));
#1448 = ( GEOMETRIC_REPRESENTATION_CONTEXT(2) 
PARAMETRIC_REPRESENTATION_CONTEXT() REPRESENTATION_CONTEXT('2D SPACE',''
  ) );
#1449 = ORIENTED_EDGE('',*,*,#1450,.T.);
#1450 = EDGE_CURVE('',#1425,#1451,#1453,.T.);
#1451 = VERTEX_POINT('',#1452);
#1452 = CARTESIAN_POINT('',(18.9,9.5,5.5));
#1453 = SURFACE_CURVE('',#1454,(#1458,#1464),.PCURVE_S1.);
#1454 = LINE('',#1455,#1456);
#1455 = CARTESIAN_POINT('',(18.9,9.5,0.));
#1456 = VECTOR('',#1457,1.);
#1457 = DIRECTION('',(-0.,0.,1.));
#1458 = PCURVE('',#346,#1459);
#1459 = DEFINITIONAL_REPRESENTATION('',(#1460),#1463);
#1460 = B_SPLINE_CURVE_WITH_KNOTS('',1,(#1461,#1462),.UNSPECIFIED.,.F.,
  .F.,(2,2),(5.,5.5),.PIECEWISE_BEZIER_KNOTS.);
#1461 = CARTESIAN_POINT('',(13.,-20.9));
#1462 = CARTESIAN_POINT('',(13.5,-20.9));
#1463 = ( GEOMETRIC_REPRESENTATION_CONTEXT(2) 
PARAMETRIC_REPRESENTATION_CONTEXT() REPRESENTATION_CONTEXT('2D SPACE',''
  ) );
#1464 = PCURVE('',#645,#1465);
#1465 = DEFINITIONAL_REPRESENTATION('',(#1466),#1469);
#1466 = B_SPLINE_CURVE_WITH_KNOTS('',1,(#1467,#1468),.UNSPECIFIED.,.F.,
  .F.,(2,2),(5.,5.5),.PIECEWISE_BEZIER_KNOTS.);
#1467 = CARTESIAN_POINT('',(-3.,-9.5));
#1468 = CARTESIAN_POINT('',(-2.5,-9.5));
#1469 = ( GEOMETRIC_REPRESENTATION_CONTEXT(2) 
PARAMETRIC_REPRESENTATION_CONTEXT() REPRESENTATION_CONTEXT('2D SPACE',''
  ) );
#1470 = ORIENTED_EDGE('',*,*,#1471,.F.);
#1471 = EDGE_CURVE('',#1472,#1451,#1474,.T.);
#1472 = VERTEX_POINT('',#1473);
#1473 = CARTESIAN_POINT('',(5.1,9.5,5.5));
#1474 = SURFACE_CURVE('',#1475,(#1479,#1486),.PCURVE_S1.);
#1475 = LINE('',#1476,#1477);
#1476 = CARTESIAN_POINT('',(-2.,9.5,5.5));
#1477 = VECTOR('',#1478,1.);
#1478 = DIRECTION('',(1.,0.,0.));
#1479 = PCURVE('',#346,#1480);
#1480 = DEFINITIONAL_REPRESENTATION('',(#1481),#1485);
#1481 = LINE('',#1482,#1483);
#1482 = CARTESIAN_POINT('',(13.5,0.));
#1483 = VECTOR('',#1484,1.);
#1484 = DIRECTION('',(0.,-1.));
#1485 = ( GEOMETRIC_REPRESENTATION_CONTEXT(2) 
PARAMETRIC_REPRESENTATION_CONTEXT() REPRESENTATION_CONTEXT('2D SPACE',''
  ) );
#1486 = PCURVE('',#1487,#1492);
#1487 = CYLINDRICAL_SURFACE('',#1488,2.5);
#1488 = AXIS2_PLACEMENT_3D('',#1489,#1490,#1491);
#1489 = CARTESIAN_POINT('',(-2.,7.,5.5));
#1490 = DIRECTION('',(1.,0.,0.));
#1491 = DIRECTION('',(-0.,1.,0.));
#1492 = DEFINITIONAL_REPRESENTATION('',(#1493),#1497);
#1493 = LINE('',#1494,#1495);
#1494 = CARTESIAN_POINT('',(0.,0.));
#1495 = VECTOR('',#1496,1.);
#1496 = DIRECTION('',(0.,1.));
#1497 = ( GEOMETRIC_REPRESENTATION_CONTEXT(2) 
PARAMETRIC_REPRESENTATION_CONTEXT() REPRESENTATION_CONTEXT('2D SPACE',''
  ) );
#1498 = ORIENTED_EDGE('',*,*,#1499,.F.);
#1499 = EDGE_CURVE('',#1500,#1472,#1502,.T.);
#1500 = VERTEX_POINT('',#1501);
#1501 = CARTESIAN_POINT('',(5.1,9.5,5.));
#1502 = SURFACE_CURVE('',#1503,(#1507,#1513),.PCURVE_S1.);
#1503 = LINE('',#1504,#1505);
#1504 = CARTESIAN_POINT('',(5.1,9.5,0.));
#1505 = VECTOR('',#1506,1.);
#1506 = DIRECTION('',(-0.,0.,1.));
#1507 = PCURVE('',#346,#1508);
#1508 = DEFINITIONAL_REPRESENTATION('',(#1509),#1512);
#1509 = B_SPLINE_CURVE_WITH_KNOTS('',1,(#1510,#1511),.UNSPECIFIED.,.F.,
  .F.,(2,2),(5.,5.5),.PIECEWISE_BEZIER_KNOTS.);
#1510 = CARTESIAN_POINT('',(13.,-7.1));
#1511 = CARTESIAN_POINT('',(13.5,-7.1));
#1512 = ( GEOMETRIC_REPRESENTATION_CONTEXT(2) 
PARAMETRIC_REPRESENTATION_CONTEXT() REPRESENTATION_CONTEXT('2D SPACE',''
  ) );
#1513 = PCURVE('',#702,#1514);
#1514 = DEFINITIONAL_REPRESENTATION('',(#1515),#1518);
#1515 = B_SPLINE_CURVE_WITH_KNOTS('',1,(#1516,#1517),.UNSPECIFIED.,.F.,
  .F.,(2,2),(5.,5.5),.PIECEWISE_BEZIER_KNOTS.);
#1516 = CARTESIAN_POINT('',(-3.,-9.5));
#1517 = CARTESIAN_POINT('',(-2.5,-9.5));
#1518 = ( GEOMETRIC_REPRESENTATION_CONTEXT(2) 
PARAMETRIC_REPRESENTATION_CONTEXT() REPRESENTATION_CONTEXT('2D SPACE',''
  ) );
#1519 = ORIENTED_EDGE('',*,*,#1520,.T.);
#1520 = EDGE_CURVE('',#1500,#1521,#1523,.T.);
#1521 = VERTEX_POINT('',#1522);
#1522 = CARTESIAN_POINT('',(1.9,9.5,5.));
#1523 = SURFACE_CURVE('',#1524,(#1528,#1534),.PCURVE_S1.);
#1524 = LINE('',#1525,#1526);
#1525 = CARTESIAN_POINT('',(-5.E-02,9.5,5.));
#1526 = VECTOR('',#1527,1.);
#1527 = DIRECTION('',(-1.,0.,0.));
#1528 = PCURVE('',#346,#1529);
#1529 = DEFINITIONAL_REPRESENTATION('',(#1530),#1533);
#1530 = B_SPLINE_CURVE_WITH_KNOTS('',1,(#1531,#1532),.UNSPECIFIED.,.F.,
  .F.,(2,2),(-5.15,-1.95),.PIECEWISE_BEZIER_KNOTS.);
#1531 = CARTESIAN_POINT('',(13.,-7.1));
#1532 = CARTESIAN_POINT('',(13.,-3.9));
#1533 = ( GEOMETRIC_REPRESENTATION_CONTEXT(2) 
PARAMETRIC_REPRESENTATION_CONTEXT() REPRESENTATION_CONTEXT('2D SPACE',''
  ) );
#1534 = PCURVE('',#1535,#1540);
#1535 = PLANE('',#1536);
#1536 = AXIS2_PLACEMENT_3D('',#1537,#1538,#1539);
#1537 = CARTESIAN_POINT('',(1.9,-10.53,5.));
#1538 = DIRECTION('',(0.,0.,1.));
#1539 = DIRECTION('',(0.,1.,0.));
#1540 = DEFINITIONAL_REPRESENTATION('',(#1541),#1544);
#1541 = B_SPLINE_CURVE_WITH_KNOTS('',1,(#1542,#1543),.UNSPECIFIED.,.F.,
  .F.,(2,2),(-5.15,-1.95),.PIECEWISE_BEZIER_KNOTS.);
#1542 = CARTESIAN_POINT('',(20.03,-3.2));
#1543 = CARTESIAN_POINT('',(20.03,0.));
#1544 = ( GEOMETRIC_REPRESENTATION_CONTEXT(2) 
PARAMETRIC_REPRESENTATION_CONTEXT() REPRESENTATION_CONTEXT('2D SPACE',''
  ) );
#1545 = ORIENTED_EDGE('',*,*,#1546,.T.);
#1546 = EDGE_CURVE('',#1521,#1330,#1547,.T.);
#1547 = SURFACE_CURVE('',#1548,(#1552,#1558),.PCURVE_S1.);
#1548 = LINE('',#1549,#1550);
#1549 = CARTESIAN_POINT('',(1.9,9.5,0.));
#1550 = VECTOR('',#1551,1.);
#1551 = DIRECTION('',(-0.,0.,1.));
#1552 = PCURVE('',#346,#1553);
#1553 = DEFINITIONAL_REPRESENTATION('',(#1554),#1557);
#1554 = B_SPLINE_CURVE_WITH_KNOTS('',1,(#1555,#1556),.UNSPECIFIED.,.F.,
  .F.,(2,2),(5.,5.5),.PIECEWISE_BEZIER_KNOTS.);
#1555 = CARTESIAN_POINT('',(13.,-3.9));
#1556 = CARTESIAN_POINT('',(13.5,-3.9));
#1557 = ( GEOMETRIC_REPRESENTATION_CONTEXT(2) 
PARAMETRIC_REPRESENTATION_CONTEXT() REPRESENTATION_CONTEXT('2D SPACE',''
  ) );
#1558 = PCURVE('',#755,#1559);
#1559 = DEFINITIONAL_REPRESENTATION('',(#1560),#1563);
#1560 = B_SPLINE_CURVE_WITH_KNOTS('',1,(#1561,#1562),.UNSPECIFIED.,.F.,
  .F.,(2,2),(5.,5.5),.PIECEWISE_BEZIER_KNOTS.);
#1561 = CARTESIAN_POINT('',(-3.,-9.5));
#1562 = CARTESIAN_POINT('',(-2.5,-9.5));
#1563 = ( GEOMETRIC_REPRESENTATION_CONTEXT(2) 
PARAMETRIC_REPRESENTATION_CONTEXT() REPRESENTATION_CONTEXT('2D SPACE',''
  ) );
#1564 = ADVANCED_FACE('',(#1565),#319,.F.);
#1565 = FACE_BOUND('',#1566,.F.);
#1566 = EDGE_LOOP('',(#1567,#1568,#1569,#1592));
#1567 = ORIENTED_EDGE('',*,*,#1329,.F.);
#1568 = ORIENTED_EDGE('',*,*,#302,.T.);
#1569 = ORIENTED_EDGE('',*,*,#1570,.T.);
#1570 = EDGE_CURVE('',#277,#1571,#1573,.T.);
#1571 = VERTEX_POINT('',#1572);
#1572 = CARTESIAN_POINT('',(1.9,7.,8.));
#1573 = SURFACE_CURVE('',#1574,(#1578,#1585),.PCURVE_S1.);
#1574 = LINE('',#1575,#1576);
#1575 = CARTESIAN_POINT('',(-2.,7.,8.));
#1576 = VECTOR('',#1577,1.);
#1577 = DIRECTION('',(1.,0.,0.));
#1578 = PCURVE('',#319,#1579);
#1579 = DEFINITIONAL_REPRESENTATION('',(#1580),#1584);
#1580 = LINE('',#1581,#1582);
#1581 = CARTESIAN_POINT('',(1.570796326795,0.));
#1582 = VECTOR('',#1583,1.);
#1583 = DIRECTION('',(0.,1.));
#1584 = ( GEOMETRIC_REPRESENTATION_CONTEXT(2) 
PARAMETRIC_REPRESENTATION_CONTEXT() REPRESENTATION_CONTEXT('2D SPACE',''
  ) );
#1585 = PCURVE('',#291,#1586);
#1586 = DEFINITIONAL_REPRESENTATION('',(#1587),#1591);
#1587 = LINE('',#1588,#1589);
#1588 = CARTESIAN_POINT('',(2.5,0.));
#1589 = VECTOR('',#1590,1.);
#1590 = DIRECTION('',(0.,-1.));
#1591 = ( GEOMETRIC_REPRESENTATION_CONTEXT(2) 
PARAMETRIC_REPRESENTATION_CONTEXT() REPRESENTATION_CONTEXT('2D SPACE',''
  ) );
#1592 = ORIENTED_EDGE('',*,*,#1593,.F.);
#1593 = EDGE_CURVE('',#1330,#1571,#1594,.T.);
#1594 = SURFACE_CURVE('',#1595,(#1600,#1607),.PCURVE_S1.);
#1595 = CIRCLE('',#1596,2.5);
#1596 = AXIS2_PLACEMENT_3D('',#1597,#1598,#1599);
#1597 = CARTESIAN_POINT('',(1.9,7.,5.5));
#1598 = DIRECTION('',(1.,0.,0.));
#1599 = DIRECTION('',(-0.,1.,0.));
#1600 = PCURVE('',#319,#1601);
#1601 = DEFINITIONAL_REPRESENTATION('',(#1602),#1606);
#1602 = LINE('',#1603,#1604);
#1603 = CARTESIAN_POINT('',(0.,3.9));
#1604 = VECTOR('',#1605,1.);
#1605 = DIRECTION('',(1.,0.));
#1606 = ( GEOMETRIC_REPRESENTATION_CONTEXT(2) 
PARAMETRIC_REPRESENTATION_CONTEXT() REPRESENTATION_CONTEXT('2D SPACE',''
  ) );
#1607 = PCURVE('',#755,#1608);
#1608 = DEFINITIONAL_REPRESENTATION('',(#1609),#1613);
#1609 = CIRCLE('',#1610,2.5);
#1610 = AXIS2_PLACEMENT_2D('',#1611,#1612);
#1611 = CARTESIAN_POINT('',(-2.5,-7.));
#1612 = DIRECTION('',(0.,-1.));
#1613 = ( GEOMETRIC_REPRESENTATION_CONTEXT(2) 
PARAMETRIC_REPRESENTATION_CONTEXT() REPRESENTATION_CONTEXT('2D SPACE',''
  ) );
#1614 = ADVANCED_FACE('',(#1615),#291,.T.);
#1615 = FACE_BOUND('',#1616,.T.);
#1616 = EDGE_LOOP('',(#1617,#1618,#1639,#1658));
#1617 = ORIENTED_EDGE('',*,*,#1570,.T.);
#1618 = ORIENTED_EDGE('',*,*,#1619,.T.);
#1619 = EDGE_CURVE('',#1571,#1620,#1622,.T.);
#1620 = VERTEX_POINT('',#1621);
#1621 = CARTESIAN_POINT('',(1.9,1.1,8.));
#1622 = SURFACE_CURVE('',#1623,(#1627,#1633),.PCURVE_S1.);
#1623 = LINE('',#1624,#1625);
#1624 = CARTESIAN_POINT('',(1.9,4.75,8.));
#1625 = VECTOR('',#1626,1.);
#1626 = DIRECTION('',(0.,-1.,0.));
#1627 = PCURVE('',#291,#1628);
#1628 = DEFINITIONAL_REPRESENTATION('',(#1629),#1632);
#1629 = B_SPLINE_CURVE_WITH_KNOTS('',1,(#1630,#1631),.UNSPECIFIED.,.F.,
  .F.,(2,2),(-2.25,11.75),.PIECEWISE_BEZIER_KNOTS.);
#1630 = CARTESIAN_POINT('',(2.5,-3.9));
#1631 = CARTESIAN_POINT('',(16.5,-3.9));
#1632 = ( GEOMETRIC_REPRESENTATION_CONTEXT(2) 
PARAMETRIC_REPRESENTATION_CONTEXT() REPRESENTATION_CONTEXT('2D SPACE',''
  ) );
#1633 = PCURVE('',#755,#1634);
#1634 = DEFINITIONAL_REPRESENTATION('',(#1635),#1638);
#1635 = B_SPLINE_CURVE_WITH_KNOTS('',1,(#1636,#1637),.UNSPECIFIED.,.F.,
  .F.,(2,2),(-2.25,11.75),.PIECEWISE_BEZIER_KNOTS.);
#1636 = CARTESIAN_POINT('',(0.,-7.));
#1637 = CARTESIAN_POINT('',(0.,7.));
#1638 = ( GEOMETRIC_REPRESENTATION_CONTEXT(2) 
PARAMETRIC_REPRESENTATION_CONTEXT() REPRESENTATION_CONTEXT('2D SPACE',''
  ) );
#1639 = ORIENTED_EDGE('',*,*,#1640,.F.);
#1640 = EDGE_CURVE('',#249,#1620,#1641,.T.);
#1641 = SURFACE_CURVE('',#1642,(#1646,#1652),.PCURVE_S1.);
#1642 = LINE('',#1643,#1644);
#1643 = CARTESIAN_POINT('',(-1.,1.1,8.));
#1644 = VECTOR('',#1645,1.);
#1645 = DIRECTION('',(1.,-0.,0.));
#1646 = PCURVE('',#291,#1647);
#1647 = DEFINITIONAL_REPRESENTATION('',(#1648),#1651);
#1648 = B_SPLINE_CURVE_WITH_KNOTS('',1,(#1649,#1650),.UNSPECIFIED.,.F.,
  .F.,(2,2),(1.,6.),.PIECEWISE_BEZIER_KNOTS.);
#1649 = CARTESIAN_POINT('',(8.4,-2.));
#1650 = CARTESIAN_POINT('',(8.4,-7.));
#1651 = ( GEOMETRIC_REPRESENTATION_CONTEXT(2) 
PARAMETRIC_REPRESENTATION_CONTEXT() REPRESENTATION_CONTEXT('2D SPACE',''
  ) );
#1652 = PCURVE('',#264,#1653);
#1653 = DEFINITIONAL_REPRESENTATION('',(#1654),#1657);
#1654 = B_SPLINE_CURVE_WITH_KNOTS('',1,(#1655,#1656),.UNSPECIFIED.,.F.,
  .F.,(2,2),(1.,6.),.PIECEWISE_BEZIER_KNOTS.);
#1655 = CARTESIAN_POINT('',(0.4,0.));
#1656 = CARTESIAN_POINT('',(0.4,5.));
#1657 = ( GEOMETRIC_REPRESENTATION_CONTEXT(2) 
PARAMETRIC_REPRESENTATION_CONTEXT() REPRESENTATION_CONTEXT('2D SPACE',''
  ) );
#1658 = ORIENTED_EDGE('',*,*,#276,.T.);
#1659 = ADVANCED_FACE('',(#1660),#264,.F.);
#1660 = FACE_BOUND('',#1661,.F.);
#1661 = EDGE_LOOP('',(#1662,#1663,#1664,#1687));
#1662 = ORIENTED_EDGE('',*,*,#1640,.F.);
#1663 = ORIENTED_EDGE('',*,*,#248,.T.);
#1664 = ORIENTED_EDGE('',*,*,#1665,.T.);
#1665 = EDGE_CURVE('',#221,#1666,#1668,.T.);
#1666 = VERTEX_POINT('',#1667);
#1667 = CARTESIAN_POINT('',(1.9,1.1,9.2));
#1668 = SURFACE_CURVE('',#1669,(#1673,#1680),.PCURVE_S1.);
#1669 = LINE('',#1670,#1671);
#1670 = CARTESIAN_POINT('',(0.,1.1,9.2));
#1671 = VECTOR('',#1672,1.);
#1672 = DIRECTION('',(1.,0.,0.));
#1673 = PCURVE('',#264,#1674);
#1674 = DEFINITIONAL_REPRESENTATION('',(#1675),#1679);
#1675 = LINE('',#1676,#1677);
#1676 = CARTESIAN_POINT('',(1.6,0.));
#1677 = VECTOR('',#1678,1.);
#1678 = DIRECTION('',(0.,1.));
#1679 = ( GEOMETRIC_REPRESENTATION_CONTEXT(2) 
PARAMETRIC_REPRESENTATION_CONTEXT() REPRESENTATION_CONTEXT('2D SPACE',''
  ) );
#1680 = PCURVE('',#236,#1681);
#1681 = DEFINITIONAL_REPRESENTATION('',(#1682),#1686);
#1682 = LINE('',#1683,#1684);
#1683 = CARTESIAN_POINT('',(0.,2.2));
#1684 = VECTOR('',#1685,1.);
#1685 = DIRECTION('',(1.,0.));
#1686 = ( GEOMETRIC_REPRESENTATION_CONTEXT(2) 
PARAMETRIC_REPRESENTATION_CONTEXT() REPRESENTATION_CONTEXT('2D SPACE',''
  ) );
#1687 = ORIENTED_EDGE('',*,*,#1688,.T.);
#1688 = EDGE_CURVE('',#1666,#1620,#1689,.T.);
#1689 = SURFACE_CURVE('',#1690,(#1694,#1700),.PCURVE_S1.);
#1690 = LINE('',#1691,#1692);
#1691 = CARTESIAN_POINT('',(1.9,1.1,7.8));
#1692 = VECTOR('',#1693,1.);
#1693 = DIRECTION('',(0.,0.,-1.));
#1694 = PCURVE('',#264,#1695);
#1695 = DEFINITIONAL_REPRESENTATION('',(#1696),#1699);
#1696 = B_SPLINE_CURVE_WITH_KNOTS('',1,(#1697,#1698),.UNSPECIFIED.,.F.,
  .F.,(2,2),(-1.4,-0.2),.PIECEWISE_BEZIER_KNOTS.);
#1697 = CARTESIAN_POINT('',(1.6,1.9));
#1698 = CARTESIAN_POINT('',(0.4,1.9));
#1699 = ( GEOMETRIC_REPRESENTATION_CONTEXT(2) 
PARAMETRIC_REPRESENTATION_CONTEXT() REPRESENTATION_CONTEXT('2D SPACE',''
  ) );
#1700 = PCURVE('',#755,#1701);
#1701 = DEFINITIONAL_REPRESENTATION('',(#1702),#1705);
#1702 = B_SPLINE_CURVE_WITH_KNOTS('',1,(#1703,#1704),.UNSPECIFIED.,.F.,
  .F.,(2,2),(-1.4,-0.2),.PIECEWISE_BEZIER_KNOTS.);
#1703 = CARTESIAN_POINT('',(1.2,-1.1));
#1704 = CARTESIAN_POINT('',(0.,-1.1));
#1705 = ( GEOMETRIC_REPRESENTATION_CONTEXT(2) 
PARAMETRIC_REPRESENTATION_CONTEXT() REPRESENTATION_CONTEXT('2D SPACE',''
  ) );
#1706 = ADVANCED_FACE('',(#1707),#236,.F.);
#1707 = FACE_BOUND('',#1708,.F.);
#1708 = EDGE_LOOP('',(#1709,#1710,#1711,#1734));
#1709 = ORIENTED_EDGE('',*,*,#1665,.F.);
#1710 = ORIENTED_EDGE('',*,*,#220,.F.);
#1711 = ORIENTED_EDGE('',*,*,#1712,.T.);
#1712 = EDGE_CURVE('',#193,#1713,#1715,.T.);
#1713 = VERTEX_POINT('',#1714);
#1714 = CARTESIAN_POINT('',(1.9,-1.1,9.2));
#1715 = SURFACE_CURVE('',#1716,(#1720,#1727),.PCURVE_S1.);
#1716 = LINE('',#1717,#1718);
#1717 = CARTESIAN_POINT('',(0.,-1.1,9.2));
#1718 = VECTOR('',#1719,1.);
#1719 = DIRECTION('',(1.,0.,0.));
#1720 = PCURVE('',#236,#1721);
#1721 = DEFINITIONAL_REPRESENTATION('',(#1722),#1726);
#1722 = LINE('',#1723,#1724);
#1723 = CARTESIAN_POINT('',(0.,0.));
#1724 = VECTOR('',#1725,1.);
#1725 = DIRECTION('',(1.,0.));
#1726 = ( GEOMETRIC_REPRESENTATION_CONTEXT(2) 
PARAMETRIC_REPRESENTATION_CONTEXT() REPRESENTATION_CONTEXT('2D SPACE',''
  ) );
#1727 = PCURVE('',#208,#1728);
#1728 = DEFINITIONAL_REPRESENTATION('',(#1729),#1733);
#1729 = LINE('',#1730,#1731);
#1730 = CARTESIAN_POINT('',(1.6,0.));
#1731 = VECTOR('',#1732,1.);
#1732 = DIRECTION('',(0.,1.));
#1733 = ( GEOMETRIC_REPRESENTATION_CONTEXT(2) 
PARAMETRIC_REPRESENTATION_CONTEXT() REPRESENTATION_CONTEXT('2D SPACE',''
  ) );
#1734 = ORIENTED_EDGE('',*,*,#1735,.T.);
#1735 = EDGE_CURVE('',#1713,#1666,#1736,.T.);
#1736 = SURFACE_CURVE('',#1737,(#1741,#1747),.PCURVE_S1.);
#1737 = LINE('',#1738,#1739);
#1738 = CARTESIAN_POINT('',(1.9,-0.55,9.2));
#1739 = VECTOR('',#1740,1.);
#1740 = DIRECTION('',(0.,1.,0.));
#1741 = PCURVE('',#236,#1742);
#1742 = DEFINITIONAL_REPRESENTATION('',(#1743),#1746);
#1743 = B_SPLINE_CURVE_WITH_KNOTS('',1,(#1744,#1745),.UNSPECIFIED.,.F.,
  .F.,(2,2),(-0.55,1.65),.PIECEWISE_BEZIER_KNOTS.);
#1744 = CARTESIAN_POINT('',(1.9,0.));
#1745 = CARTESIAN_POINT('',(1.9,2.2));
#1746 = ( GEOMETRIC_REPRESENTATION_CONTEXT(2) 
PARAMETRIC_REPRESENTATION_CONTEXT() REPRESENTATION_CONTEXT('2D SPACE',''
  ) );
#1747 = PCURVE('',#755,#1748);
#1748 = DEFINITIONAL_REPRESENTATION('',(#1749),#1752);
#1749 = B_SPLINE_CURVE_WITH_KNOTS('',1,(#1750,#1751),.UNSPECIFIED.,.F.,
  .F.,(2,2),(-0.55,1.65),.PIECEWISE_BEZIER_KNOTS.);
#1750 = CARTESIAN_POINT('',(1.2,1.1));
#1751 = CARTESIAN_POINT('',(1.2,-1.1));
#1752 = ( GEOMETRIC_REPRESENTATION_CONTEXT(2) 
PARAMETRIC_REPRESENTATION_CONTEXT() REPRESENTATION_CONTEXT('2D SPACE',''
  ) );
#1753 = ADVANCED_FACE('',(#1754),#208,.T.);
#1754 = FACE_BOUND('',#1755,.T.);
#1755 = EDGE_LOOP('',(#1756,#1777,#1778,#1779));
#1756 = ORIENTED_EDGE('',*,*,#1757,.F.);
#1757 = EDGE_CURVE('',#167,#1758,#1760,.T.);
#1758 = VERTEX_POINT('',#1759);
#1759 = CARTESIAN_POINT('',(1.9,-1.1,8.));
#1760 = SURFACE_CURVE('',#1761,(#1765,#1771),.PCURVE_S1.);
#1761 = LINE('',#1762,#1763);
#1762 = CARTESIAN_POINT('',(-1.,-1.1,8.));
#1763 = VECTOR('',#1764,1.);
#1764 = DIRECTION('',(1.,-0.,0.));
#1765 = PCURVE('',#208,#1766);
#1766 = DEFINITIONAL_REPRESENTATION('',(#1767),#1770);
#1767 = B_SPLINE_CURVE_WITH_KNOTS('',1,(#1768,#1769),.UNSPECIFIED.,.F.,
  .F.,(2,2),(1.,6.),.PIECEWISE_BEZIER_KNOTS.);
#1768 = CARTESIAN_POINT('',(0.4,0.));
#1769 = CARTESIAN_POINT('',(0.4,5.));
#1770 = ( GEOMETRIC_REPRESENTATION_CONTEXT(2) 
PARAMETRIC_REPRESENTATION_CONTEXT() REPRESENTATION_CONTEXT('2D SPACE',''
  ) );
#1771 = PCURVE('',#181,#1772);
#1772 = DEFINITIONAL_REPRESENTATION('',(#1773),#1776);
#1773 = B_SPLINE_CURVE_WITH_KNOTS('',1,(#1774,#1775),.UNSPECIFIED.,.F.,
  .F.,(2,2),(1.,6.),.PIECEWISE_BEZIER_KNOTS.);
#1774 = CARTESIAN_POINT('',(10.6,-2.));
#1775 = CARTESIAN_POINT('',(10.6,-7.));
#1776 = ( GEOMETRIC_REPRESENTATION_CONTEXT(2) 
PARAMETRIC_REPRESENTATION_CONTEXT() REPRESENTATION_CONTEXT('2D SPACE',''
  ) );
#1777 = ORIENTED_EDGE('',*,*,#192,.T.);
#1778 = ORIENTED_EDGE('',*,*,#1712,.T.);
#1779 = ORIENTED_EDGE('',*,*,#1780,.T.);
#1780 = EDGE_CURVE('',#1713,#1758,#1781,.T.);
#1781 = SURFACE_CURVE('',#1782,(#1786,#1792),.PCURVE_S1.);
#1782 = LINE('',#1783,#1784);
#1783 = CARTESIAN_POINT('',(1.9,-1.1,7.8));
#1784 = VECTOR('',#1785,1.);
#1785 = DIRECTION('',(0.,0.,-1.));
#1786 = PCURVE('',#208,#1787);
#1787 = DEFINITIONAL_REPRESENTATION('',(#1788),#1791);
#1788 = B_SPLINE_CURVE_WITH_KNOTS('',1,(#1789,#1790),.UNSPECIFIED.,.F.,
  .F.,(2,2),(-1.4,-0.2),.PIECEWISE_BEZIER_KNOTS.);
#1789 = CARTESIAN_POINT('',(1.6,1.9));
#1790 = CARTESIAN_POINT('',(0.4,1.9));
#1791 = ( GEOMETRIC_REPRESENTATION_CONTEXT(2) 
PARAMETRIC_REPRESENTATION_CONTEXT() REPRESENTATION_CONTEXT('2D SPACE',''
  ) );
#1792 = PCURVE('',#755,#1793);
#1793 = DEFINITIONAL_REPRESENTATION('',(#1794),#1797);
#1794 = B_SPLINE_CURVE_WITH_KNOTS('',1,(#1795,#1796),.UNSPECIFIED.,.F.,
  .F.,(2,2),(-1.4,-0.2),.PIECEWISE_BEZIER_KNOTS.);
#1795 = CARTESIAN_POINT('',(1.2,1.1));
#1796 = CARTESIAN_POINT('',(0.,1.1));
#1797 = ( GEOMETRIC_REPRESENTATION_CONTEXT(2) 
PARAMETRIC_REPRESENTATION_CONTEXT() REPRESENTATION_CONTEXT('2D SPACE',''
  ) );
#1798 = ADVANCED_FACE('',(#1799),#181,.T.);
#1799 = FACE_BOUND('',#1800,.T.);
#1800 = EDGE_LOOP('',(#1801,#1824,#1825,#1826));
#1801 = ORIENTED_EDGE('',*,*,#1802,.F.);
#1802 = EDGE_CURVE('',#138,#1803,#1805,.T.);
#1803 = VERTEX_POINT('',#1804);
#1804 = CARTESIAN_POINT('',(1.9,-7.,8.));
#1805 = SURFACE_CURVE('',#1806,(#1810,#1817),.PCURVE_S1.);
#1806 = LINE('',#1807,#1808);
#1807 = CARTESIAN_POINT('',(-2.,-7.,8.));
#1808 = VECTOR('',#1809,1.);
#1809 = DIRECTION('',(1.,0.,0.));
#1810 = PCURVE('',#181,#1811);
#1811 = DEFINITIONAL_REPRESENTATION('',(#1812),#1816);
#1812 = LINE('',#1813,#1814);
#1813 = CARTESIAN_POINT('',(16.5,0.));
#1814 = VECTOR('',#1815,1.);
#1815 = DIRECTION('',(0.,-1.));
#1816 = ( GEOMETRIC_REPRESENTATION_CONTEXT(2) 
PARAMETRIC_REPRESENTATION_CONTEXT() REPRESENTATION_CONTEXT('2D SPACE',''
  ) );
#1817 = PCURVE('',#154,#1818);
#1818 = DEFINITIONAL_REPRESENTATION('',(#1819),#1823);
#1819 = LINE('',#1820,#1821);
#1820 = CARTESIAN_POINT('',(0.,0.));
#1821 = VECTOR('',#1822,1.);
#1822 = DIRECTION('',(0.,1.));
#1823 = ( GEOMETRIC_REPRESENTATION_CONTEXT(2) 
PARAMETRIC_REPRESENTATION_CONTEXT() REPRESENTATION_CONTEXT('2D SPACE',''
  ) );
#1824 = ORIENTED_EDGE('',*,*,#166,.T.);
#1825 = ORIENTED_EDGE('',*,*,#1757,.T.);
#1826 = ORIENTED_EDGE('',*,*,#1827,.T.);
#1827 = EDGE_CURVE('',#1758,#1803,#1828,.T.);
#1828 = SURFACE_CURVE('',#1829,(#1833,#1839),.PCURVE_S1.);
#1829 = LINE('',#1830,#1831);
#1830 = CARTESIAN_POINT('',(1.9,4.75,8.));
#1831 = VECTOR('',#1832,1.);
#1832 = DIRECTION('',(0.,-1.,0.));
#1833 = PCURVE('',#181,#1834);
#1834 = DEFINITIONAL_REPRESENTATION('',(#1835),#1838);
#1835 = B_SPLINE_CURVE_WITH_KNOTS('',1,(#1836,#1837),.UNSPECIFIED.,.F.,
  .F.,(2,2),(-2.25,11.75),.PIECEWISE_BEZIER_KNOTS.);
#1836 = CARTESIAN_POINT('',(2.5,-3.9));
#1837 = CARTESIAN_POINT('',(16.5,-3.9));
#1838 = ( GEOMETRIC_REPRESENTATION_CONTEXT(2) 
PARAMETRIC_REPRESENTATION_CONTEXT() REPRESENTATION_CONTEXT('2D SPACE',''
  ) );
#1839 = PCURVE('',#755,#1840);
#1840 = DEFINITIONAL_REPRESENTATION('',(#1841),#1844);
#1841 = B_SPLINE_CURVE_WITH_KNOTS('',1,(#1842,#1843),.UNSPECIFIED.,.F.,
  .F.,(2,2),(-2.25,11.75),.PIECEWISE_BEZIER_KNOTS.);
#1842 = CARTESIAN_POINT('',(0.,-7.));
#1843 = CARTESIAN_POINT('',(0.,7.));
#1844 = ( GEOMETRIC_REPRESENTATION_CONTEXT(2) 
PARAMETRIC_REPRESENTATION_CONTEXT() REPRESENTATION_CONTEXT('2D SPACE',''
  ) );
#1845 = ADVANCED_FACE('',(#1846),#154,.F.);
#1846 = FACE_BOUND('',#1847,.F.);
#1847 = EDGE_LOOP('',(#1848,#1849,#1850,#1873));
#1848 = ORIENTED_EDGE('',*,*,#1802,.F.);
#1849 = ORIENTED_EDGE('',*,*,#137,.T.);
#1850 = ORIENTED_EDGE('',*,*,#1851,.T.);
#1851 = EDGE_CURVE('',#112,#1852,#1854,.T.);
#1852 = VERTEX_POINT('',#1853);
#1853 = CARTESIAN_POINT('',(1.9,-9.5,5.5));
#1854 = SURFACE_CURVE('',#1855,(#1859,#1866),.PCURVE_S1.);
#1855 = LINE('',#1856,#1857);
#1856 = CARTESIAN_POINT('',(-2.,-9.5,5.5));
#1857 = VECTOR('',#1858,1.);
#1858 = DIRECTION('',(1.,0.,0.));
#1859 = PCURVE('',#154,#1860);
#1860 = DEFINITIONAL_REPRESENTATION('',(#1861),#1865);
#1861 = LINE('',#1862,#1863);
#1862 = CARTESIAN_POINT('',(1.570796326795,0.));
#1863 = VECTOR('',#1864,1.);
#1864 = DIRECTION('',(0.,1.));
#1865 = ( GEOMETRIC_REPRESENTATION_CONTEXT(2) 
PARAMETRIC_REPRESENTATION_CONTEXT() REPRESENTATION_CONTEXT('2D SPACE',''
  ) );
#1866 = PCURVE('',#126,#1867);
#1867 = DEFINITIONAL_REPRESENTATION('',(#1868),#1872);
#1868 = LINE('',#1869,#1870);
#1869 = CARTESIAN_POINT('',(2.5,0.));
#1870 = VECTOR('',#1871,1.);
#1871 = DIRECTION('',(0.,-1.));
#1872 = ( GEOMETRIC_REPRESENTATION_CONTEXT(2) 
PARAMETRIC_REPRESENTATION_CONTEXT() REPRESENTATION_CONTEXT('2D SPACE',''
  ) );
#1873 = ORIENTED_EDGE('',*,*,#1874,.F.);
#1874 = EDGE_CURVE('',#1803,#1852,#1875,.T.);
#1875 = SURFACE_CURVE('',#1876,(#1881,#1888),.PCURVE_S1.);
#1876 = CIRCLE('',#1877,2.5);
#1877 = AXIS2_PLACEMENT_3D('',#1878,#1879,#1880);
#1878 = CARTESIAN_POINT('',(1.9,-7.,5.5));
#1879 = DIRECTION('',(1.,0.,0.));
#1880 = DIRECTION('',(0.,-0.,1.));
#1881 = PCURVE('',#154,#1882);
#1882 = DEFINITIONAL_REPRESENTATION('',(#1883),#1887);
#1883 = LINE('',#1884,#1885);
#1884 = CARTESIAN_POINT('',(0.,3.9));
#1885 = VECTOR('',#1886,1.);
#1886 = DIRECTION('',(1.,0.));
#1887 = ( GEOMETRIC_REPRESENTATION_CONTEXT(2) 
PARAMETRIC_REPRESENTATION_CONTEXT() REPRESENTATION_CONTEXT('2D SPACE',''
  ) );
#1888 = PCURVE('',#755,#1889);
#1889 = DEFINITIONAL_REPRESENTATION('',(#1890),#1894);
#1890 = CIRCLE('',#1891,2.5);
#1891 = AXIS2_PLACEMENT_2D('',#1892,#1893);
#1892 = CARTESIAN_POINT('',(-2.5,7.));
#1893 = DIRECTION('',(1.,0.));
#1894 = ( GEOMETRIC_REPRESENTATION_CONTEXT(2) 
PARAMETRIC_REPRESENTATION_CONTEXT() REPRESENTATION_CONTEXT('2D SPACE',''
  ) );
#1895 = ADVANCED_FACE('',(#1896),#126,.T.);
#1896 = FACE_BOUND('',#1897,.T.);
#1897 = EDGE_LOOP('',(#1898,#1919,#1920,#1921,#1942,#1968,#1989,#2017,
    #2038,#2064,#2085,#2113));
#1898 = ORIENTED_EDGE('',*,*,#1899,.F.);
#1899 = EDGE_CURVE('',#86,#1900,#1902,.T.);
#1900 = VERTEX_POINT('',#1901);
#1901 = CARTESIAN_POINT('',(24.,-9.5,0.));
#1902 = SURFACE_CURVE('',#1903,(#1907,#1913),.PCURVE_S1.);
#1903 = LINE('',#1904,#1905);
#1904 = CARTESIAN_POINT('',(-37.,-9.5,0.));
#1905 = VECTOR('',#1906,1.);
#1906 = DIRECTION('',(1.,0.,-0.));
#1907 = PCURVE('',#126,#1908);
#1908 = DEFINITIONAL_REPRESENTATION('',(#1909),#1912);
#1909 = B_SPLINE_CURVE_WITH_KNOTS('',1,(#1910,#1911),.UNSPECIFIED.,.F.,
  .F.,(2,2),(37.,61.),.PIECEWISE_BEZIER_KNOTS.);
#1910 = CARTESIAN_POINT('',(8.,-2.));
#1911 = CARTESIAN_POINT('',(8.,-26.));
#1912 = ( GEOMETRIC_REPRESENTATION_CONTEXT(2) 
PARAMETRIC_REPRESENTATION_CONTEXT() REPRESENTATION_CONTEXT('2D SPACE',''
  ) );
#1913 = PCURVE('',#100,#1914);
#1914 = DEFINITIONAL_REPRESENTATION('',(#1915),#1918);
#1915 = B_SPLINE_CURVE_WITH_KNOTS('',1,(#1916,#1917),.UNSPECIFIED.,.F.,
  .F.,(2,2),(37.,61.),.PIECEWISE_BEZIER_KNOTS.);
#1916 = CARTESIAN_POINT('',(72.,62.5));
#1917 = CARTESIAN_POINT('',(96.,62.5));
#1918 = ( GEOMETRIC_REPRESENTATION_CONTEXT(2) 
PARAMETRIC_REPRESENTATION_CONTEXT() REPRESENTATION_CONTEXT('2D SPACE',''
  ) );
#1919 = ORIENTED_EDGE('',*,*,#111,.T.);
#1920 = ORIENTED_EDGE('',*,*,#1851,.T.);
#1921 = ORIENTED_EDGE('',*,*,#1922,.T.);
#1922 = EDGE_CURVE('',#1852,#1923,#1925,.T.);
#1923 = VERTEX_POINT('',#1924);
#1924 = CARTESIAN_POINT('',(1.9,-9.5,5.));
#1925 = SURFACE_CURVE('',#1926,(#1930,#1936),.PCURVE_S1.);
#1926 = LINE('',#1927,#1928);
#1927 = CARTESIAN_POINT('',(1.9,-9.5,8.));
#1928 = VECTOR('',#1929,1.);
#1929 = DIRECTION('',(0.,0.,-1.));
#1930 = PCURVE('',#126,#1931);
#1931 = DEFINITIONAL_REPRESENTATION('',(#1932),#1935);
#1932 = B_SPLINE_CURVE_WITH_KNOTS('',1,(#1933,#1934),.UNSPECIFIED.,.F.,
  .F.,(2,2),(2.5,3.),.PIECEWISE_BEZIER_KNOTS.);
#1933 = CARTESIAN_POINT('',(2.5,-3.9));
#1934 = CARTESIAN_POINT('',(3.,-3.9));
#1935 = ( GEOMETRIC_REPRESENTATION_CONTEXT(2) 
PARAMETRIC_REPRESENTATION_CONTEXT() REPRESENTATION_CONTEXT('2D SPACE',''
  ) );
#1936 = PCURVE('',#755,#1937);
#1937 = DEFINITIONAL_REPRESENTATION('',(#1938),#1941);
#1938 = B_SPLINE_CURVE_WITH_KNOTS('',1,(#1939,#1940),.UNSPECIFIED.,.F.,
  .F.,(2,2),(2.5,3.),.PIECEWISE_BEZIER_KNOTS.);
#1939 = CARTESIAN_POINT('',(-2.5,9.5));
#1940 = CARTESIAN_POINT('',(-3.,9.5));
#1941 = ( GEOMETRIC_REPRESENTATION_CONTEXT(2) 
PARAMETRIC_REPRESENTATION_CONTEXT() REPRESENTATION_CONTEXT('2D SPACE',''
  ) );
#1942 = ORIENTED_EDGE('',*,*,#1943,.T.);
#1943 = EDGE_CURVE('',#1923,#1944,#1946,.T.);
#1944 = VERTEX_POINT('',#1945);
#1945 = CARTESIAN_POINT('',(5.1,-9.5,5.));
#1946 = SURFACE_CURVE('',#1947,(#1951,#1957),.PCURVE_S1.);
#1947 = LINE('',#1948,#1949);
#1948 = CARTESIAN_POINT('',(-5.E-02,-9.5,5.));
#1949 = VECTOR('',#1950,1.);
#1950 = DIRECTION('',(1.,0.,-0.));
#1951 = PCURVE('',#126,#1952);
#1952 = DEFINITIONAL_REPRESENTATION('',(#1953),#1956);
#1953 = B_SPLINE_CURVE_WITH_KNOTS('',1,(#1954,#1955),.UNSPECIFIED.,.F.,
  .F.,(2,2),(1.95,5.15),.PIECEWISE_BEZIER_KNOTS.);
#1954 = CARTESIAN_POINT('',(3.,-3.9));
#1955 = CARTESIAN_POINT('',(3.,-7.1));
#1956 = ( GEOMETRIC_REPRESENTATION_CONTEXT(2) 
PARAMETRIC_REPRESENTATION_CONTEXT() REPRESENTATION_CONTEXT('2D SPACE',''
  ) );
#1957 = PCURVE('',#1958,#1963);
#1958 = PLANE('',#1959);
#1959 = AXIS2_PLACEMENT_3D('',#1960,#1961,#1962);
#1960 = CARTESIAN_POINT('',(1.9,-10.53,5.));
#1961 = DIRECTION('',(0.,0.,1.));
#1962 = DIRECTION('',(0.,1.,0.));
#1963 = DEFINITIONAL_REPRESENTATION('',(#1964),#1967);
#1964 = B_SPLINE_CURVE_WITH_KNOTS('',1,(#1965,#1966),.UNSPECIFIED.,.F.,
  .F.,(2,2),(1.95,5.15),.PIECEWISE_BEZIER_KNOTS.);
#1965 = CARTESIAN_POINT('',(1.03,0.));
#1966 = CARTESIAN_POINT('',(1.03,-3.2));
#1967 = ( GEOMETRIC_REPRESENTATION_CONTEXT(2) 
PARAMETRIC_REPRESENTATION_CONTEXT() REPRESENTATION_CONTEXT('2D SPACE',''
  ) );
#1968 = ORIENTED_EDGE('',*,*,#1969,.F.);
#1969 = EDGE_CURVE('',#1970,#1944,#1972,.T.);
#1970 = VERTEX_POINT('',#1971);
#1971 = CARTESIAN_POINT('',(5.1,-9.5,5.5));
#1972 = SURFACE_CURVE('',#1973,(#1977,#1983),.PCURVE_S1.);
#1973 = LINE('',#1974,#1975);
#1974 = CARTESIAN_POINT('',(5.1,-9.5,8.));
#1975 = VECTOR('',#1976,1.);
#1976 = DIRECTION('',(0.,0.,-1.));
#1977 = PCURVE('',#126,#1978);
#1978 = DEFINITIONAL_REPRESENTATION('',(#1979),#1982);
#1979 = B_SPLINE_CURVE_WITH_KNOTS('',1,(#1980,#1981),.UNSPECIFIED.,.F.,
  .F.,(2,2),(2.5,3.),.PIECEWISE_BEZIER_KNOTS.);
#1980 = CARTESIAN_POINT('',(2.5,-7.1));
#1981 = CARTESIAN_POINT('',(3.,-7.1));
#1982 = ( GEOMETRIC_REPRESENTATION_CONTEXT(2) 
PARAMETRIC_REPRESENTATION_CONTEXT() REPRESENTATION_CONTEXT('2D SPACE',''
  ) );
#1983 = PCURVE('',#702,#1984);
#1984 = DEFINITIONAL_REPRESENTATION('',(#1985),#1988);
#1985 = B_SPLINE_CURVE_WITH_KNOTS('',1,(#1986,#1987),.UNSPECIFIED.,.F.,
  .F.,(2,2),(2.5,3.),.PIECEWISE_BEZIER_KNOTS.);
#1986 = CARTESIAN_POINT('',(-2.5,9.5));
#1987 = CARTESIAN_POINT('',(-3.,9.5));
#1988 = ( GEOMETRIC_REPRESENTATION_CONTEXT(2) 
PARAMETRIC_REPRESENTATION_CONTEXT() REPRESENTATION_CONTEXT('2D SPACE',''
  ) );
#1989 = ORIENTED_EDGE('',*,*,#1990,.T.);
#1990 = EDGE_CURVE('',#1970,#1991,#1993,.T.);
#1991 = VERTEX_POINT('',#1992);
#1992 = CARTESIAN_POINT('',(18.9,-9.5,5.5));
#1993 = SURFACE_CURVE('',#1994,(#1998,#2005),.PCURVE_S1.);
#1994 = LINE('',#1995,#1996);
#1995 = CARTESIAN_POINT('',(-2.,-9.5,5.5));
#1996 = VECTOR('',#1997,1.);
#1997 = DIRECTION('',(1.,0.,0.));
#1998 = PCURVE('',#126,#1999);
#1999 = DEFINITIONAL_REPRESENTATION('',(#2000),#2004);
#2000 = LINE('',#2001,#2002);
#2001 = CARTESIAN_POINT('',(2.5,0.));
#2002 = VECTOR('',#2003,1.);
#2003 = DIRECTION('',(0.,-1.));
#2004 = ( GEOMETRIC_REPRESENTATION_CONTEXT(2) 
PARAMETRIC_REPRESENTATION_CONTEXT() REPRESENTATION_CONTEXT('2D SPACE',''
  ) );
#2005 = PCURVE('',#2006,#2011);
#2006 = CYLINDRICAL_SURFACE('',#2007,2.5);
#2007 = AXIS2_PLACEMENT_3D('',#2008,#2009,#2010);
#2008 = CARTESIAN_POINT('',(-2.,-7.,5.5));
#2009 = DIRECTION('',(1.,0.,0.));
#2010 = DIRECTION('',(0.,-0.,1.));
#2011 = DEFINITIONAL_REPRESENTATION('',(#2012),#2016);
#2012 = LINE('',#2013,#2014);
#2013 = CARTESIAN_POINT('',(1.570796326795,0.));
#2014 = VECTOR('',#2015,1.);
#2015 = DIRECTION('',(0.,1.));
#2016 = ( GEOMETRIC_REPRESENTATION_CONTEXT(2) 
PARAMETRIC_REPRESENTATION_CONTEXT() REPRESENTATION_CONTEXT('2D SPACE',''
  ) );
#2017 = ORIENTED_EDGE('',*,*,#2018,.T.);
#2018 = EDGE_CURVE('',#1991,#2019,#2021,.T.);
#2019 = VERTEX_POINT('',#2020);
#2020 = CARTESIAN_POINT('',(18.9,-9.5,5.));
#2021 = SURFACE_CURVE('',#2022,(#2026,#2032),.PCURVE_S1.);
#2022 = LINE('',#2023,#2024);
#2023 = CARTESIAN_POINT('',(18.9,-9.5,8.));
#2024 = VECTOR('',#2025,1.);
#2025 = DIRECTION('',(0.,0.,-1.));
#2026 = PCURVE('',#126,#2027);
#2027 = DEFINITIONAL_REPRESENTATION('',(#2028),#2031);
#2028 = B_SPLINE_CURVE_WITH_KNOTS('',1,(#2029,#2030),.UNSPECIFIED.,.F.,
  .F.,(2,2),(2.5,3.),.PIECEWISE_BEZIER_KNOTS.);
#2029 = CARTESIAN_POINT('',(2.5,-20.9));
#2030 = CARTESIAN_POINT('',(3.,-20.9));
#2031 = ( GEOMETRIC_REPRESENTATION_CONTEXT(2) 
PARAMETRIC_REPRESENTATION_CONTEXT() REPRESENTATION_CONTEXT('2D SPACE',''
  ) );
#2032 = PCURVE('',#645,#2033);
#2033 = DEFINITIONAL_REPRESENTATION('',(#2034),#2037);
#2034 = B_SPLINE_CURVE_WITH_KNOTS('',1,(#2035,#2036),.UNSPECIFIED.,.F.,
  .F.,(2,2),(2.5,3.),.PIECEWISE_BEZIER_KNOTS.);
#2035 = CARTESIAN_POINT('',(-2.5,9.5));
#2036 = CARTESIAN_POINT('',(-3.,9.5));
#2037 = ( GEOMETRIC_REPRESENTATION_CONTEXT(2) 
PARAMETRIC_REPRESENTATION_CONTEXT() REPRESENTATION_CONTEXT('2D SPACE',''
  ) );
#2038 = ORIENTED_EDGE('',*,*,#2039,.T.);
#2039 = EDGE_CURVE('',#2019,#2040,#2042,.T.);
#2040 = VERTEX_POINT('',#2041);
#2041 = CARTESIAN_POINT('',(22.1,-9.5,5.));
#2042 = SURFACE_CURVE('',#2043,(#2047,#2053),.PCURVE_S1.);
#2043 = LINE('',#2044,#2045);
#2044 = CARTESIAN_POINT('',(8.45,-9.5,5.));
#2045 = VECTOR('',#2046,1.);
#2046 = DIRECTION('',(1.,0.,-0.));
#2047 = PCURVE('',#126,#2048);
#2048 = DEFINITIONAL_REPRESENTATION('',(#2049),#2052);
#2049 = B_SPLINE_CURVE_WITH_KNOTS('',1,(#2050,#2051),.UNSPECIFIED.,.F.,
  .F.,(2,2),(10.45,13.65),.PIECEWISE_BEZIER_KNOTS.);
#2050 = CARTESIAN_POINT('',(3.,-20.9));
#2051 = CARTESIAN_POINT('',(3.,-24.1));
#2052 = ( GEOMETRIC_REPRESENTATION_CONTEXT(2) 
PARAMETRIC_REPRESENTATION_CONTEXT() REPRESENTATION_CONTEXT('2D SPACE',''
  ) );
#2053 = PCURVE('',#2054,#2059);
#2054 = PLANE('',#2055);
#2055 = AXIS2_PLACEMENT_3D('',#2056,#2057,#2058);
#2056 = CARTESIAN_POINT('',(18.9,-10.53,5.));
#2057 = DIRECTION('',(0.,0.,1.));
#2058 = DIRECTION('',(0.,1.,0.));
#2059 = DEFINITIONAL_REPRESENTATION('',(#2060),#2063);
#2060 = B_SPLINE_CURVE_WITH_KNOTS('',1,(#2061,#2062),.UNSPECIFIED.,.F.,
  .F.,(2,2),(10.45,13.65),.PIECEWISE_BEZIER_KNOTS.);
#2061 = CARTESIAN_POINT('',(1.03,0.));
#2062 = CARTESIAN_POINT('',(1.03,-3.2));
#2063 = ( GEOMETRIC_REPRESENTATION_CONTEXT(2) 
PARAMETRIC_REPRESENTATION_CONTEXT() REPRESENTATION_CONTEXT('2D SPACE',''
  ) );
#2064 = ORIENTED_EDGE('',*,*,#2065,.F.);
#2065 = EDGE_CURVE('',#2066,#2040,#2068,.T.);
#2066 = VERTEX_POINT('',#2067);
#2067 = CARTESIAN_POINT('',(22.1,-9.5,5.5));
#2068 = SURFACE_CURVE('',#2069,(#2073,#2079),.PCURVE_S1.);
#2069 = LINE('',#2070,#2071);
#2070 = CARTESIAN_POINT('',(22.1,-9.5,8.));
#2071 = VECTOR('',#2072,1.);
#2072 = DIRECTION('',(0.,0.,-1.));
#2073 = PCURVE('',#126,#2074);
#2074 = DEFINITIONAL_REPRESENTATION('',(#2075),#2078);
#2075 = B_SPLINE_CURVE_WITH_KNOTS('',1,(#2076,#2077),.UNSPECIFIED.,.F.,
  .F.,(2,2),(2.5,3.),.PIECEWISE_BEZIER_KNOTS.);
#2076 = CARTESIAN_POINT('',(2.5,-24.1));
#2077 = CARTESIAN_POINT('',(3.,-24.1));
#2078 = ( GEOMETRIC_REPRESENTATION_CONTEXT(2) 
PARAMETRIC_REPRESENTATION_CONTEXT() REPRESENTATION_CONTEXT('2D SPACE',''
  ) );
#2079 = PCURVE('',#590,#2080);
#2080 = DEFINITIONAL_REPRESENTATION('',(#2081),#2084);
#2081 = B_SPLINE_CURVE_WITH_KNOTS('',1,(#2082,#2083),.UNSPECIFIED.,.F.,
  .F.,(2,2),(2.5,3.),.PIECEWISE_BEZIER_KNOTS.);
#2082 = CARTESIAN_POINT('',(-2.5,9.5));
#2083 = CARTESIAN_POINT('',(-3.,9.5));
#2084 = ( GEOMETRIC_REPRESENTATION_CONTEXT(2) 
PARAMETRIC_REPRESENTATION_CONTEXT() REPRESENTATION_CONTEXT('2D SPACE',''
  ) );
#2085 = ORIENTED_EDGE('',*,*,#2086,.T.);
#2086 = EDGE_CURVE('',#2066,#2087,#2089,.T.);
#2087 = VERTEX_POINT('',#2088);
#2088 = CARTESIAN_POINT('',(24.,-9.5,5.5));
#2089 = SURFACE_CURVE('',#2090,(#2094,#2101),.PCURVE_S1.);
#2090 = LINE('',#2091,#2092);
#2091 = CARTESIAN_POINT('',(-2.,-9.5,5.5));
#2092 = VECTOR('',#2093,1.);
#2093 = DIRECTION('',(1.,0.,0.));
#2094 = PCURVE('',#126,#2095);
#2095 = DEFINITIONAL_REPRESENTATION('',(#2096),#2100);
#2096 = LINE('',#2097,#2098);
#2097 = CARTESIAN_POINT('',(2.5,0.));
#2098 = VECTOR('',#2099,1.);
#2099 = DIRECTION('',(0.,-1.));
#2100 = ( GEOMETRIC_REPRESENTATION_CONTEXT(2) 
PARAMETRIC_REPRESENTATION_CONTEXT() REPRESENTATION_CONTEXT('2D SPACE',''
  ) );
#2101 = PCURVE('',#2102,#2107);
#2102 = CYLINDRICAL_SURFACE('',#2103,2.5);
#2103 = AXIS2_PLACEMENT_3D('',#2104,#2105,#2106);
#2104 = CARTESIAN_POINT('',(-2.,-7.,5.5));
#2105 = DIRECTION('',(1.,0.,0.));
#2106 = DIRECTION('',(0.,-0.,1.));
#2107 = DEFINITIONAL_REPRESENTATION('',(#2108),#2112);
#2108 = LINE('',#2109,#2110);
#2109 = CARTESIAN_POINT('',(1.570796326795,0.));
#2110 = VECTOR('',#2111,1.);
#2111 = DIRECTION('',(0.,1.));
#2112 = ( GEOMETRIC_REPRESENTATION_CONTEXT(2) 
PARAMETRIC_REPRESENTATION_CONTEXT() REPRESENTATION_CONTEXT('2D SPACE',''
  ) );
#2113 = ORIENTED_EDGE('',*,*,#2114,.F.);
#2114 = EDGE_CURVE('',#1900,#2087,#2115,.T.);
#2115 = SURFACE_CURVE('',#2116,(#2120,#2126),.PCURVE_S1.);
#2116 = LINE('',#2117,#2118);
#2117 = CARTESIAN_POINT('',(24.,-9.5,4.));
#2118 = VECTOR('',#2119,1.);
#2119 = DIRECTION('',(0.,-0.,1.));
#2120 = PCURVE('',#126,#2121);
#2121 = DEFINITIONAL_REPRESENTATION('',(#2122),#2125);
#2122 = B_SPLINE_CURVE_WITH_KNOTS('',1,(#2123,#2124),.UNSPECIFIED.,.F.,
  .F.,(2,2),(-9.5,1.5),.PIECEWISE_BEZIER_KNOTS.);
#2123 = CARTESIAN_POINT('',(13.5,-26.));
#2124 = CARTESIAN_POINT('',(2.5,-26.));
#2125 = ( GEOMETRIC_REPRESENTATION_CONTEXT(2) 
PARAMETRIC_REPRESENTATION_CONTEXT() REPRESENTATION_CONTEXT('2D SPACE',''
  ) );
#2126 = PCURVE('',#533,#2127);
#2127 = DEFINITIONAL_REPRESENTATION('',(#2128),#2131);
#2128 = B_SPLINE_CURVE_WITH_KNOTS('',1,(#2129,#2130),.UNSPECIFIED.,.F.,
  .F.,(2,2),(-9.5,1.5),.PIECEWISE_BEZIER_KNOTS.);
#2129 = CARTESIAN_POINT('',(-5.5,9.5));
#2130 = CARTESIAN_POINT('',(5.5,9.5));
#2131 = ( GEOMETRIC_REPRESENTATION_CONTEXT(2) 
PARAMETRIC_REPRESENTATION_CONTEXT() REPRESENTATION_CONTEXT('2D SPACE',''
  ) );
#2132 = ADVANCED_FACE('',(#2133),#100,.F.);
#2133 = FACE_BOUND('',#2134,.F.);
#2134 = EDGE_LOOP('',(#2135,#2136,#2137,#2158,#2184,#2212,#2238,#2259,
    #2285,#2313,#2339,#2360,#2386,#2414,#2440,#2461));
#2135 = ORIENTED_EDGE('',*,*,#1899,.F.);
#2136 = ORIENTED_EDGE('',*,*,#85,.T.);
#2137 = ORIENTED_EDGE('',*,*,#2138,.T.);
#2138 = EDGE_CURVE('',#58,#2139,#2141,.T.);
#2139 = VERTEX_POINT('',#2140);
#2140 = CARTESIAN_POINT('',(2.,-11.7,0.));
#2141 = SURFACE_CURVE('',#2142,(#2146,#2152),.PCURVE_S1.);
#2142 = LINE('',#2143,#2144);
#2143 = CARTESIAN_POINT('',(-36.,-11.7,0.));
#2144 = VECTOR('',#2145,1.);
#2145 = DIRECTION('',(1.,0.,-0.));
#2146 = PCURVE('',#100,#2147);
#2147 = DEFINITIONAL_REPRESENTATION('',(#2148),#2151);
#2148 = B_SPLINE_CURVE_WITH_KNOTS('',1,(#2149,#2150),.UNSPECIFIED.,.F.,
  .F.,(2,2),(36.,60.),.PIECEWISE_BEZIER_KNOTS.);
#2149 = CARTESIAN_POINT('',(72.,60.3));
#2150 = CARTESIAN_POINT('',(96.,60.3));
#2151 = ( GEOMETRIC_REPRESENTATION_CONTEXT(2) 
PARAMETRIC_REPRESENTATION_CONTEXT() REPRESENTATION_CONTEXT('2D SPACE',''
  ) );
#2152 = PCURVE('',#73,#2153);
#2153 = DEFINITIONAL_REPRESENTATION('',(#2154),#2157);
#2154 = B_SPLINE_CURVE_WITH_KNOTS('',1,(#2155,#2156),.UNSPECIFIED.,.F.,
  .F.,(2,2),(36.,60.),.PIECEWISE_BEZIER_KNOTS.);
#2155 = CARTESIAN_POINT('',(10.2,0.));
#2156 = CARTESIAN_POINT('',(10.2,-24.));
#2157 = ( GEOMETRIC_REPRESENTATION_CONTEXT(2) 
PARAMETRIC_REPRESENTATION_CONTEXT() REPRESENTATION_CONTEXT('2D SPACE',''
  ) );
#2158 = ORIENTED_EDGE('',*,*,#2159,.T.);
#2159 = EDGE_CURVE('',#2139,#2160,#2162,.T.);
#2160 = VERTEX_POINT('',#2161);
#2161 = CARTESIAN_POINT('',(2.,-11.2,0.));
#2162 = SURFACE_CURVE('',#2163,(#2167,#2173),.PCURVE_S1.);
#2163 = LINE('',#2164,#2165);
#2164 = CARTESIAN_POINT('',(2.,-43.1,0.));
#2165 = VECTOR('',#2166,1.);
#2166 = DIRECTION('',(0.,1.,0.));
#2167 = PCURVE('',#100,#2168);
#2168 = DEFINITIONAL_REPRESENTATION('',(#2169),#2172);
#2169 = B_SPLINE_CURVE_WITH_KNOTS('',1,(#2170,#2171),.UNSPECIFIED.,.F.,
  .F.,(2,2),(31.4,31.9),.PIECEWISE_BEZIER_KNOTS.);
#2170 = CARTESIAN_POINT('',(74.,60.3));
#2171 = CARTESIAN_POINT('',(74.,60.8));
#2172 = ( GEOMETRIC_REPRESENTATION_CONTEXT(2) 
PARAMETRIC_REPRESENTATION_CONTEXT() REPRESENTATION_CONTEXT('2D SPACE',''
  ) );
#2173 = PCURVE('',#2174,#2179);
#2174 = PLANE('',#2175);
#2175 = AXIS2_PLACEMENT_3D('',#2176,#2177,#2178);
#2176 = CARTESIAN_POINT('',(2.,-14.2,1.054420088418E-16));
#2177 = DIRECTION('',(1.,0.,0.));
#2178 = DIRECTION('',(-0.,0.,1.));
#2179 = DEFINITIONAL_REPRESENTATION('',(#2180),#2183);
#2180 = B_SPLINE_CURVE_WITH_KNOTS('',1,(#2181,#2182),.UNSPECIFIED.,.F.,
  .F.,(2,2),(31.4,31.9),.PIECEWISE_BEZIER_KNOTS.);
#2181 = CARTESIAN_POINT('',(-1.054420088418E-16,-2.5));
#2182 = CARTESIAN_POINT('',(-1.054420088418E-16,-3.));
#2183 = ( GEOMETRIC_REPRESENTATION_CONTEXT(2) 
PARAMETRIC_REPRESENTATION_CONTEXT() REPRESENTATION_CONTEXT('2D SPACE',''
  ) );
#2184 = ORIENTED_EDGE('',*,*,#2185,.T.);
#2185 = EDGE_CURVE('',#2160,#2186,#2188,.T.);
#2186 = VERTEX_POINT('',#2187);
#2187 = CARTESIAN_POINT('',(5.6,-11.2,0.));
#2188 = SURFACE_CURVE('',#2189,(#2193,#2200),.PCURVE_S1.);
#2189 = LINE('',#2190,#2191);
#2190 = CARTESIAN_POINT('',(2.,-11.2,0.));
#2191 = VECTOR('',#2192,1.);
#2192 = DIRECTION('',(1.,0.,0.));
#2193 = PCURVE('',#100,#2194);
#2194 = DEFINITIONAL_REPRESENTATION('',(#2195),#2199);
#2195 = LINE('',#2196,#2197);
#2196 = CARTESIAN_POINT('',(74.,60.8));
#2197 = VECTOR('',#2198,1.);
#2198 = DIRECTION('',(1.,0.));
#2199 = ( GEOMETRIC_REPRESENTATION_CONTEXT(2) 
PARAMETRIC_REPRESENTATION_CONTEXT() REPRESENTATION_CONTEXT('2D SPACE',''
  ) );
#2200 = PCURVE('',#2201,#2206);
#2201 = CYLINDRICAL_SURFACE('',#2202,3.);
#2202 = AXIS2_PLACEMENT_3D('',#2203,#2204,#2205);
#2203 = CARTESIAN_POINT('',(2.,-14.2,0.));
#2204 = DIRECTION('',(-1.,-0.,-0.));
#2205 = DIRECTION('',(0.,1.,0.));
#2206 = DEFINITIONAL_REPRESENTATION('',(#2207),#2211);
#2207 = LINE('',#2208,#2209);
#2208 = CARTESIAN_POINT('',(-6.28318530718,0.));
#2209 = VECTOR('',#2210,1.);
#2210 = DIRECTION('',(-0.,-1.));
#2211 = ( GEOMETRIC_REPRESENTATION_CONTEXT(2) 
PARAMETRIC_REPRESENTATION_CONTEXT() REPRESENTATION_CONTEXT('2D SPACE',''
  ) );
#2212 = ORIENTED_EDGE('',*,*,#2213,.F.);
#2213 = EDGE_CURVE('',#2214,#2186,#2216,.T.);
#2214 = VERTEX_POINT('',#2215);
#2215 = CARTESIAN_POINT('',(5.6,-11.7,0.));
#2216 = SURFACE_CURVE('',#2217,(#2221,#2227),.PCURVE_S1.);
#2217 = LINE('',#2218,#2219);
#2218 = CARTESIAN_POINT('',(5.6,-43.1,0.));
#2219 = VECTOR('',#2220,1.);
#2220 = DIRECTION('',(0.,1.,0.));
#2221 = PCURVE('',#100,#2222);
#2222 = DEFINITIONAL_REPRESENTATION('',(#2223),#2226);
#2223 = B_SPLINE_CURVE_WITH_KNOTS('',1,(#2224,#2225),.UNSPECIFIED.,.F.,
  .F.,(2,2),(31.4,31.9),.PIECEWISE_BEZIER_KNOTS.);
#2224 = CARTESIAN_POINT('',(77.6,60.3));
#2225 = CARTESIAN_POINT('',(77.6,60.8));
#2226 = ( GEOMETRIC_REPRESENTATION_CONTEXT(2) 
PARAMETRIC_REPRESENTATION_CONTEXT() REPRESENTATION_CONTEXT('2D SPACE',''
  ) );
#2227 = PCURVE('',#2228,#2233);
#2228 = PLANE('',#2229);
#2229 = AXIS2_PLACEMENT_3D('',#2230,#2231,#2232);
#2230 = CARTESIAN_POINT('',(5.6,-14.2,1.054420088418E-16));
#2231 = DIRECTION('',(1.,0.,0.));
#2232 = DIRECTION('',(-0.,0.,1.));
#2233 = DEFINITIONAL_REPRESENTATION('',(#2234),#2237);
#2234 = B_SPLINE_CURVE_WITH_KNOTS('',1,(#2235,#2236),.UNSPECIFIED.,.F.,
  .F.,(2,2),(31.4,31.9),.PIECEWISE_BEZIER_KNOTS.);
#2235 = CARTESIAN_POINT('',(-1.054420088418E-16,-2.5));
#2236 = CARTESIAN_POINT('',(-1.054420088418E-16,-3.));
#2237 = ( GEOMETRIC_REPRESENTATION_CONTEXT(2) 
PARAMETRIC_REPRESENTATION_CONTEXT() REPRESENTATION_CONTEXT('2D SPACE',''
  ) );
#2238 = ORIENTED_EDGE('',*,*,#2239,.T.);
#2239 = EDGE_CURVE('',#2214,#2240,#2242,.T.);
#2240 = VERTEX_POINT('',#2241);
#2241 = CARTESIAN_POINT('',(10.2,-11.7,0.));
#2242 = SURFACE_CURVE('',#2243,(#2247,#2253),.PCURVE_S1.);
#2243 = LINE('',#2244,#2245);
#2244 = CARTESIAN_POINT('',(-36.,-11.7,0.));
#2245 = VECTOR('',#2246,1.);
#2246 = DIRECTION('',(1.,0.,-0.));
#2247 = PCURVE('',#100,#2248);
#2248 = DEFINITIONAL_REPRESENTATION('',(#2249),#2252);
#2249 = B_SPLINE_CURVE_WITH_KNOTS('',1,(#2250,#2251),.UNSPECIFIED.,.F.,
  .F.,(2,2),(36.,60.),.PIECEWISE_BEZIER_KNOTS.);
#2250 = CARTESIAN_POINT('',(72.,60.3));
#2251 = CARTESIAN_POINT('',(96.,60.3));
#2252 = ( GEOMETRIC_REPRESENTATION_CONTEXT(2) 
PARAMETRIC_REPRESENTATION_CONTEXT() REPRESENTATION_CONTEXT('2D SPACE',''
  ) );
#2253 = PCURVE('',#73,#2254);
#2254 = DEFINITIONAL_REPRESENTATION('',(#2255),#2258);
#2255 = B_SPLINE_CURVE_WITH_KNOTS('',1,(#2256,#2257),.UNSPECIFIED.,.F.,
  .F.,(2,2),(36.,60.),.PIECEWISE_BEZIER_KNOTS.);
#2256 = CARTESIAN_POINT('',(10.2,0.));
#2257 = CARTESIAN_POINT('',(10.2,-24.));
#2258 = ( GEOMETRIC_REPRESENTATION_CONTEXT(2) 
PARAMETRIC_REPRESENTATION_CONTEXT() REPRESENTATION_CONTEXT('2D SPACE',''
  ) );
#2259 = ORIENTED_EDGE('',*,*,#2260,.T.);
#2260 = EDGE_CURVE('',#2240,#2261,#2263,.T.);
#2261 = VERTEX_POINT('',#2262);
#2262 = CARTESIAN_POINT('',(10.2,-11.2,0.));
#2263 = SURFACE_CURVE('',#2264,(#2268,#2274),.PCURVE_S1.);
#2264 = LINE('',#2265,#2266);
#2265 = CARTESIAN_POINT('',(10.2,-43.1,0.));
#2266 = VECTOR('',#2267,1.);
#2267 = DIRECTION('',(0.,1.,0.));
#2268 = PCURVE('',#100,#2269);
#2269 = DEFINITIONAL_REPRESENTATION('',(#2270),#2273);
#2270 = B_SPLINE_CURVE_WITH_KNOTS('',1,(#2271,#2272),.UNSPECIFIED.,.F.,
  .F.,(2,2),(31.4,31.9),.PIECEWISE_BEZIER_KNOTS.);
#2271 = CARTESIAN_POINT('',(82.2,60.3));
#2272 = CARTESIAN_POINT('',(82.2,60.8));
#2273 = ( GEOMETRIC_REPRESENTATION_CONTEXT(2) 
PARAMETRIC_REPRESENTATION_CONTEXT() REPRESENTATION_CONTEXT('2D SPACE',''
  ) );
#2274 = PCURVE('',#2275,#2280);
#2275 = PLANE('',#2276);
#2276 = AXIS2_PLACEMENT_3D('',#2277,#2278,#2279);
#2277 = CARTESIAN_POINT('',(10.2,-14.2,1.054420088418E-16));
#2278 = DIRECTION('',(1.,0.,0.));
#2279 = DIRECTION('',(-0.,0.,1.));
#2280 = DEFINITIONAL_REPRESENTATION('',(#2281),#2284);
#2281 = B_SPLINE_CURVE_WITH_KNOTS('',1,(#2282,#2283),.UNSPECIFIED.,.F.,
  .F.,(2,2),(31.4,31.9),.PIECEWISE_BEZIER_KNOTS.);
#2282 = CARTESIAN_POINT('',(-1.054420088418E-16,-2.5));
#2283 = CARTESIAN_POINT('',(-1.054420088418E-16,-3.));
#2284 = ( GEOMETRIC_REPRESENTATION_CONTEXT(2) 
PARAMETRIC_REPRESENTATION_CONTEXT() REPRESENTATION_CONTEXT('2D SPACE',''
  ) );
#2285 = ORIENTED_EDGE('',*,*,#2286,.T.);
#2286 = EDGE_CURVE('',#2261,#2287,#2289,.T.);
#2287 = VERTEX_POINT('',#2288);
#2288 = CARTESIAN_POINT('',(13.8,-11.2,0.));
#2289 = SURFACE_CURVE('',#2290,(#2294,#2301),.PCURVE_S1.);
#2290 = LINE('',#2291,#2292);
#2291 = CARTESIAN_POINT('',(10.2,-11.2,0.));
#2292 = VECTOR('',#2293,1.);
#2293 = DIRECTION('',(1.,0.,0.));
#2294 = PCURVE('',#100,#2295);
#2295 = DEFINITIONAL_REPRESENTATION('',(#2296),#2300);
#2296 = LINE('',#2297,#2298);
#2297 = CARTESIAN_POINT('',(82.2,60.8));
#2298 = VECTOR('',#2299,1.);
#2299 = DIRECTION('',(1.,0.));
#2300 = ( GEOMETRIC_REPRESENTATION_CONTEXT(2) 
PARAMETRIC_REPRESENTATION_CONTEXT() REPRESENTATION_CONTEXT('2D SPACE',''
  ) );
#2301 = PCURVE('',#2302,#2307);
#2302 = CYLINDRICAL_SURFACE('',#2303,3.);
#2303 = AXIS2_PLACEMENT_3D('',#2304,#2305,#2306);
#2304 = CARTESIAN_POINT('',(10.2,-14.2,0.));
#2305 = DIRECTION('',(-1.,-0.,-0.));
#2306 = DIRECTION('',(0.,1.,0.));
#2307 = DEFINITIONAL_REPRESENTATION('',(#2308),#2312);
#2308 = LINE('',#2309,#2310);
#2309 = CARTESIAN_POINT('',(-6.28318530718,0.));
#2310 = VECTOR('',#2311,1.);
#2311 = DIRECTION('',(-0.,-1.));
#2312 = ( GEOMETRIC_REPRESENTATION_CONTEXT(2) 
PARAMETRIC_REPRESENTATION_CONTEXT() REPRESENTATION_CONTEXT('2D SPACE',''
  ) );
#2313 = ORIENTED_EDGE('',*,*,#2314,.F.);
#2314 = EDGE_CURVE('',#2315,#2287,#2317,.T.);
#2315 = VERTEX_POINT('',#2316);
#2316 = CARTESIAN_POINT('',(13.8,-11.7,0.));
#2317 = SURFACE_CURVE('',#2318,(#2322,#2328),.PCURVE_S1.);
#2318 = LINE('',#2319,#2320);
#2319 = CARTESIAN_POINT('',(13.8,-43.1,0.));
#2320 = VECTOR('',#2321,1.);
#2321 = DIRECTION('',(0.,1.,0.));
#2322 = PCURVE('',#100,#2323);
#2323 = DEFINITIONAL_REPRESENTATION('',(#2324),#2327);
#2324 = B_SPLINE_CURVE_WITH_KNOTS('',1,(#2325,#2326),.UNSPECIFIED.,.F.,
  .F.,(2,2),(31.4,31.9),.PIECEWISE_BEZIER_KNOTS.);
#2325 = CARTESIAN_POINT('',(85.8,60.3));
#2326 = CARTESIAN_POINT('',(85.8,60.8));
#2327 = ( GEOMETRIC_REPRESENTATION_CONTEXT(2) 
PARAMETRIC_REPRESENTATION_CONTEXT() REPRESENTATION_CONTEXT('2D SPACE',''
  ) );
#2328 = PCURVE('',#2329,#2334);
#2329 = PLANE('',#2330);
#2330 = AXIS2_PLACEMENT_3D('',#2331,#2332,#2333);
#2331 = CARTESIAN_POINT('',(13.8,-14.2,1.054420088418E-16));
#2332 = DIRECTION('',(1.,0.,0.));
#2333 = DIRECTION('',(-0.,0.,1.));
#2334 = DEFINITIONAL_REPRESENTATION('',(#2335),#2338);
#2335 = B_SPLINE_CURVE_WITH_KNOTS('',1,(#2336,#2337),.UNSPECIFIED.,.F.,
  .F.,(2,2),(31.4,31.9),.PIECEWISE_BEZIER_KNOTS.);
#2336 = CARTESIAN_POINT('',(-1.054420088418E-16,-2.5));
#2337 = CARTESIAN_POINT('',(-1.054420088418E-16,-3.));
#2338 = ( GEOMETRIC_REPRESENTATION_CONTEXT(2) 
PARAMETRIC_REPRESENTATION_CONTEXT() REPRESENTATION_CONTEXT('2D SPACE',''
  ) );
#2339 = ORIENTED_EDGE('',*,*,#2340,.T.);
#2340 = EDGE_CURVE('',#2315,#2341,#2343,.T.);
#2341 = VERTEX_POINT('',#2342);
#2342 = CARTESIAN_POINT('',(18.4,-11.7,0.));
#2343 = SURFACE_CURVE('',#2344,(#2348,#2354),.PCURVE_S1.);
#2344 = LINE('',#2345,#2346);
#2345 = CARTESIAN_POINT('',(-36.,-11.7,0.));
#2346 = VECTOR('',#2347,1.);
#2347 = DIRECTION('',(1.,0.,-0.));
#2348 = PCURVE('',#100,#2349);
#2349 = DEFINITIONAL_REPRESENTATION('',(#2350),#2353);
#2350 = B_SPLINE_CURVE_WITH_KNOTS('',1,(#2351,#2352),.UNSPECIFIED.,.F.,
  .F.,(2,2),(36.,60.),.PIECEWISE_BEZIER_KNOTS.);
#2351 = CARTESIAN_POINT('',(72.,60.3));
#2352 = CARTESIAN_POINT('',(96.,60.3));
#2353 = ( GEOMETRIC_REPRESENTATION_CONTEXT(2) 
PARAMETRIC_REPRESENTATION_CONTEXT() REPRESENTATION_CONTEXT('2D SPACE',''
  ) );
#2354 = PCURVE('',#73,#2355);
#2355 = DEFINITIONAL_REPRESENTATION('',(#2356),#2359);
#2356 = B_SPLINE_CURVE_WITH_KNOTS('',1,(#2357,#2358),.UNSPECIFIED.,.F.,
  .F.,(2,2),(36.,60.),.PIECEWISE_BEZIER_KNOTS.);
#2357 = CARTESIAN_POINT('',(10.2,0.));
#2358 = CARTESIAN_POINT('',(10.2,-24.));
#2359 = ( GEOMETRIC_REPRESENTATION_CONTEXT(2) 
PARAMETRIC_REPRESENTATION_CONTEXT() REPRESENTATION_CONTEXT('2D SPACE',''
  ) );
#2360 = ORIENTED_EDGE('',*,*,#2361,.T.);
#2361 = EDGE_CURVE('',#2341,#2362,#2364,.T.);
#2362 = VERTEX_POINT('',#2363);
#2363 = CARTESIAN_POINT('',(18.4,-11.2,0.));
#2364 = SURFACE_CURVE('',#2365,(#2369,#2375),.PCURVE_S1.);
#2365 = LINE('',#2366,#2367);
#2366 = CARTESIAN_POINT('',(18.4,-43.1,0.));
#2367 = VECTOR('',#2368,1.);
#2368 = DIRECTION('',(0.,1.,0.));
#2369 = PCURVE('',#100,#2370);
#2370 = DEFINITIONAL_REPRESENTATION('',(#2371),#2374);
#2371 = B_SPLINE_CURVE_WITH_KNOTS('',1,(#2372,#2373),.UNSPECIFIED.,.F.,
  .F.,(2,2),(31.4,31.9),.PIECEWISE_BEZIER_KNOTS.);
#2372 = CARTESIAN_POINT('',(90.4,60.3));
#2373 = CARTESIAN_POINT('',(90.4,60.8));
#2374 = ( GEOMETRIC_REPRESENTATION_CONTEXT(2) 
PARAMETRIC_REPRESENTATION_CONTEXT() REPRESENTATION_CONTEXT('2D SPACE',''
  ) );
#2375 = PCURVE('',#2376,#2381);
#2376 = PLANE('',#2377);
#2377 = AXIS2_PLACEMENT_3D('',#2378,#2379,#2380);
#2378 = CARTESIAN_POINT('',(18.4,-14.2,1.054420088418E-16));
#2379 = DIRECTION('',(1.,0.,0.));
#2380 = DIRECTION('',(-0.,0.,1.));
#2381 = DEFINITIONAL_REPRESENTATION('',(#2382),#2385);
#2382 = B_SPLINE_CURVE_WITH_KNOTS('',1,(#2383,#2384),.UNSPECIFIED.,.F.,
  .F.,(2,2),(31.4,31.9),.PIECEWISE_BEZIER_KNOTS.);
#2383 = CARTESIAN_POINT('',(-1.054420088418E-16,-2.5));
#2384 = CARTESIAN_POINT('',(-1.054420088418E-16,-3.));
#2385 = ( GEOMETRIC_REPRESENTATION_CONTEXT(2) 
PARAMETRIC_REPRESENTATION_CONTEXT() REPRESENTATION_CONTEXT('2D SPACE',''
  ) );
#2386 = ORIENTED_EDGE('',*,*,#2387,.T.);
#2387 = EDGE_CURVE('',#2362,#2388,#2390,.T.);
#2388 = VERTEX_POINT('',#2389);
#2389 = CARTESIAN_POINT('',(22.,-11.2,0.));
#2390 = SURFACE_CURVE('',#2391,(#2395,#2402),.PCURVE_S1.);
#2391 = LINE('',#2392,#2393);
#2392 = CARTESIAN_POINT('',(18.4,-11.2,0.));
#2393 = VECTOR('',#2394,1.);
#2394 = DIRECTION('',(1.,0.,0.));
#2395 = PCURVE('',#100,#2396);
#2396 = DEFINITIONAL_REPRESENTATION('',(#2397),#2401);
#2397 = LINE('',#2398,#2399);
#2398 = CARTESIAN_POINT('',(90.4,60.8));
#2399 = VECTOR('',#2400,1.);
#2400 = DIRECTION('',(1.,0.));
#2401 = ( GEOMETRIC_REPRESENTATION_CONTEXT(2) 
PARAMETRIC_REPRESENTATION_CONTEXT() REPRESENTATION_CONTEXT('2D SPACE',''
  ) );
#2402 = PCURVE('',#2403,#2408);
#2403 = CYLINDRICAL_SURFACE('',#2404,3.);
#2404 = AXIS2_PLACEMENT_3D('',#2405,#2406,#2407);
#2405 = CARTESIAN_POINT('',(18.4,-14.2,0.));
#2406 = DIRECTION('',(-1.,-0.,-0.));
#2407 = DIRECTION('',(0.,1.,0.));
#2408 = DEFINITIONAL_REPRESENTATION('',(#2409),#2413);
#2409 = LINE('',#2410,#2411);
#2410 = CARTESIAN_POINT('',(-6.28318530718,0.));
#2411 = VECTOR('',#2412,1.);
#2412 = DIRECTION('',(-0.,-1.));
#2413 = ( GEOMETRIC_REPRESENTATION_CONTEXT(2) 
PARAMETRIC_REPRESENTATION_CONTEXT() REPRESENTATION_CONTEXT('2D SPACE',''
  ) );
#2414 = ORIENTED_EDGE('',*,*,#2415,.F.);
#2415 = EDGE_CURVE('',#2416,#2388,#2418,.T.);
#2416 = VERTEX_POINT('',#2417);
#2417 = CARTESIAN_POINT('',(22.,-11.7,0.));
#2418 = SURFACE_CURVE('',#2419,(#2423,#2429),.PCURVE_S1.);
#2419 = LINE('',#2420,#2421);
#2420 = CARTESIAN_POINT('',(22.,-43.1,0.));
#2421 = VECTOR('',#2422,1.);
#2422 = DIRECTION('',(0.,1.,0.));
#2423 = PCURVE('',#100,#2424);
#2424 = DEFINITIONAL_REPRESENTATION('',(#2425),#2428);
#2425 = B_SPLINE_CURVE_WITH_KNOTS('',1,(#2426,#2427),.UNSPECIFIED.,.F.,
  .F.,(2,2),(31.4,31.9),.PIECEWISE_BEZIER_KNOTS.);
#2426 = CARTESIAN_POINT('',(94.,60.3));
#2427 = CARTESIAN_POINT('',(94.,60.8));
#2428 = ( GEOMETRIC_REPRESENTATION_CONTEXT(2) 
PARAMETRIC_REPRESENTATION_CONTEXT() REPRESENTATION_CONTEXT('2D SPACE',''
  ) );
#2429 = PCURVE('',#2430,#2435);
#2430 = PLANE('',#2431);
#2431 = AXIS2_PLACEMENT_3D('',#2432,#2433,#2434);
#2432 = CARTESIAN_POINT('',(22.,-14.2,1.054420088418E-16));
#2433 = DIRECTION('',(1.,0.,0.));
#2434 = DIRECTION('',(-0.,0.,1.));
#2435 = DEFINITIONAL_REPRESENTATION('',(#2436),#2439);
#2436 = B_SPLINE_CURVE_WITH_KNOTS('',1,(#2437,#2438),.UNSPECIFIED.,.F.,
  .F.,(2,2),(31.4,31.9),.PIECEWISE_BEZIER_KNOTS.);
#2437 = CARTESIAN_POINT('',(-1.054420088418E-16,-2.5));
#2438 = CARTESIAN_POINT('',(-1.054420088418E-16,-3.));
#2439 = ( GEOMETRIC_REPRESENTATION_CONTEXT(2) 
PARAMETRIC_REPRESENTATION_CONTEXT() REPRESENTATION_CONTEXT('2D SPACE',''
  ) );
#2440 = ORIENTED_EDGE('',*,*,#2441,.T.);
#2441 = EDGE_CURVE('',#2416,#2442,#2444,.T.);
#2442 = VERTEX_POINT('',#2443);
#2443 = CARTESIAN_POINT('',(24.,-11.7,0.));
#2444 = SURFACE_CURVE('',#2445,(#2449,#2455),.PCURVE_S1.);
#2445 = LINE('',#2446,#2447);
#2446 = CARTESIAN_POINT('',(-36.,-11.7,0.));
#2447 = VECTOR('',#2448,1.);
#2448 = DIRECTION('',(1.,0.,-0.));
#2449 = PCURVE('',#100,#2450);
#2450 = DEFINITIONAL_REPRESENTATION('',(#2451),#2454);
#2451 = B_SPLINE_CURVE_WITH_KNOTS('',1,(#2452,#2453),.UNSPECIFIED.,.F.,
  .F.,(2,2),(36.,60.),.PIECEWISE_BEZIER_KNOTS.);
#2452 = CARTESIAN_POINT('',(72.,60.3));
#2453 = CARTESIAN_POINT('',(96.,60.3));
#2454 = ( GEOMETRIC_REPRESENTATION_CONTEXT(2) 
PARAMETRIC_REPRESENTATION_CONTEXT() REPRESENTATION_CONTEXT('2D SPACE',''
  ) );
#2455 = PCURVE('',#73,#2456);
#2456 = DEFINITIONAL_REPRESENTATION('',(#2457),#2460);
#2457 = B_SPLINE_CURVE_WITH_KNOTS('',1,(#2458,#2459),.UNSPECIFIED.,.F.,
  .F.,(2,2),(36.,60.),.PIECEWISE_BEZIER_KNOTS.);
#2458 = CARTESIAN_POINT('',(10.2,0.));
#2459 = CARTESIAN_POINT('',(10.2,-24.));
#2460 = ( GEOMETRIC_REPRESENTATION_CONTEXT(2) 
PARAMETRIC_REPRESENTATION_CONTEXT() REPRESENTATION_CONTEXT('2D SPACE',''
  ) );
#2461 = ORIENTED_EDGE('',*,*,#2462,.F.);
#2462 = EDGE_CURVE('',#1900,#2442,#2463,.T.);
#2463 = SURFACE_CURVE('',#2464,(#2468,#2474),.PCURVE_S1.);
#2464 = LINE('',#2465,#2466);
#2465 = CARTESIAN_POINT('',(24.,-36.,0.));
#2466 = VECTOR('',#2467,1.);
#2467 = DIRECTION('',(0.,-1.,0.));
#2468 = PCURVE('',#100,#2469);
#2469 = DEFINITIONAL_REPRESENTATION('',(#2470),#2473);
#2470 = B_SPLINE_CURVE_WITH_KNOTS('',1,(#2471,#2472),.UNSPECIFIED.,.F.,
  .F.,(2,2),(-47.7,-24.3),.PIECEWISE_BEZIER_KNOTS.);
#2471 = CARTESIAN_POINT('',(96.,83.7));
#2472 = CARTESIAN_POINT('',(96.,60.3));
#2473 = ( GEOMETRIC_REPRESENTATION_CONTEXT(2) 
PARAMETRIC_REPRESENTATION_CONTEXT() REPRESENTATION_CONTEXT('2D SPACE',''
  ) );
#2474 = PCURVE('',#533,#2475);
#2475 = DEFINITIONAL_REPRESENTATION('',(#2476),#2479);
#2476 = B_SPLINE_CURVE_WITH_KNOTS('',1,(#2477,#2478),.UNSPECIFIED.,.F.,
  .F.,(2,2),(-47.7,-24.3),.PIECEWISE_BEZIER_KNOTS.);
#2477 = CARTESIAN_POINT('',(0.,-11.7));
#2478 = CARTESIAN_POINT('',(0.,11.7));
#2479 = ( GEOMETRIC_REPRESENTATION_CONTEXT(2) 
PARAMETRIC_REPRESENTATION_CONTEXT() REPRESENTATION_CONTEXT('2D SPACE',''
  ) );
#2480 = ADVANCED_FACE('',(#2481),#73,.F.);
#2481 = FACE_BOUND('',#2482,.F.);
#2482 = EDGE_LOOP('',(#2483,#2484,#2485,#2506,#2507,#2528,#2549,#2568,
    #2569,#2590,#2611,#2630,#2631,#2652,#2673,#2692));
#2483 = ORIENTED_EDGE('',*,*,#57,.F.);
#2484 = ORIENTED_EDGE('',*,*,#493,.T.);
#2485 = ORIENTED_EDGE('',*,*,#2486,.T.);
#2486 = EDGE_CURVE('',#494,#2442,#2487,.T.);
#2487 = SURFACE_CURVE('',#2488,(#2492,#2499),.PCURVE_S1.);
#2488 = LINE('',#2489,#2490);
#2489 = CARTESIAN_POINT('',(24.,-11.7,10.2));
#2490 = VECTOR('',#2491,1.);
#2491 = DIRECTION('',(0.,0.,-1.));
#2492 = PCURVE('',#73,#2493);
#2493 = DEFINITIONAL_REPRESENTATION('',(#2494),#2498);
#2494 = LINE('',#2495,#2496);
#2495 = CARTESIAN_POINT('',(0.,-24.));
#2496 = VECTOR('',#2497,1.);
#2497 = DIRECTION('',(1.,0.));
#2498 = ( GEOMETRIC_REPRESENTATION_CONTEXT(2) 
PARAMETRIC_REPRESENTATION_CONTEXT() REPRESENTATION_CONTEXT('2D SPACE',''
  ) );
#2499 = PCURVE('',#533,#2500);
#2500 = DEFINITIONAL_REPRESENTATION('',(#2501),#2505);
#2501 = LINE('',#2502,#2503);
#2502 = CARTESIAN_POINT('',(10.2,11.7));
#2503 = VECTOR('',#2504,1.);
#2504 = DIRECTION('',(-1.,0.));
#2505 = ( GEOMETRIC_REPRESENTATION_CONTEXT(2) 
PARAMETRIC_REPRESENTATION_CONTEXT() REPRESENTATION_CONTEXT('2D SPACE',''
  ) );
#2506 = ORIENTED_EDGE('',*,*,#2441,.F.);
#2507 = ORIENTED_EDGE('',*,*,#2508,.F.);
#2508 = EDGE_CURVE('',#2509,#2416,#2511,.T.);
#2509 = VERTEX_POINT('',#2510);
#2510 = CARTESIAN_POINT('',(22.,-11.7,1.658312395178));
#2511 = SURFACE_CURVE('',#2512,(#2516,#2522),.PCURVE_S1.);
#2512 = LINE('',#2513,#2514);
#2513 = CARTESIAN_POINT('',(22.,-11.7,5.1));
#2514 = VECTOR('',#2515,1.);
#2515 = DIRECTION('',(0.,0.,-1.));
#2516 = PCURVE('',#73,#2517);
#2517 = DEFINITIONAL_REPRESENTATION('',(#2518),#2521);
#2518 = B_SPLINE_CURVE_WITH_KNOTS('',1,(#2519,#2520),.UNSPECIFIED.,.F.,
  .F.,(2,2),(2.1,5.1),.PIECEWISE_BEZIER_KNOTS.);
#2519 = CARTESIAN_POINT('',(7.2,-22.));
#2520 = CARTESIAN_POINT('',(10.2,-22.));
#2521 = ( GEOMETRIC_REPRESENTATION_CONTEXT(2) 
PARAMETRIC_REPRESENTATION_CONTEXT() REPRESENTATION_CONTEXT('2D SPACE',''
  ) );
#2522 = PCURVE('',#2430,#2523);
#2523 = DEFINITIONAL_REPRESENTATION('',(#2524),#2527);
#2524 = B_SPLINE_CURVE_WITH_KNOTS('',1,(#2525,#2526),.UNSPECIFIED.,.F.,
  .F.,(2,2),(2.1,5.1),.PIECEWISE_BEZIER_KNOTS.);
#2525 = CARTESIAN_POINT('',(3.,-2.5));
#2526 = CARTESIAN_POINT('',(0.,-2.5));
#2527 = ( GEOMETRIC_REPRESENTATION_CONTEXT(2) 
PARAMETRIC_REPRESENTATION_CONTEXT() REPRESENTATION_CONTEXT('2D SPACE',''
  ) );
#2528 = ORIENTED_EDGE('',*,*,#2529,.T.);
#2529 = EDGE_CURVE('',#2509,#2530,#2532,.T.);
#2530 = VERTEX_POINT('',#2531);
#2531 = CARTESIAN_POINT('',(18.4,-11.7,1.658312395178));
#2532 = SURFACE_CURVE('',#2533,(#2537,#2543),.PCURVE_S1.);
#2533 = LINE('',#2534,#2535);
#2534 = CARTESIAN_POINT('',(18.4,-11.7,1.658312395178));
#2535 = VECTOR('',#2536,1.);
#2536 = DIRECTION('',(-1.,-0.,-0.));
#2537 = PCURVE('',#73,#2538);
#2538 = DEFINITIONAL_REPRESENTATION('',(#2539),#2542);
#2539 = B_SPLINE_CURVE_WITH_KNOTS('',1,(#2540,#2541),.UNSPECIFIED.,.F.,
  .F.,(2,2),(-3.6000006,5.999999999062E-07),.PIECEWISE_BEZIER_KNOTS.);
#2540 = CARTESIAN_POINT('',(8.541687604822,-22.0000006));
#2541 = CARTESIAN_POINT('',(8.541687604822,-18.3999994));
#2542 = ( GEOMETRIC_REPRESENTATION_CONTEXT(2) 
PARAMETRIC_REPRESENTATION_CONTEXT() REPRESENTATION_CONTEXT('2D SPACE',''
  ) );
#2543 = PCURVE('',#2403,#2544);
#2544 = DEFINITIONAL_REPRESENTATION('',(#2545),#2548);
#2545 = B_SPLINE_CURVE_WITH_KNOTS('',1,(#2546,#2547),.UNSPECIFIED.,.F.,
  .F.,(2,2),(-3.6000006,5.999999999062E-07),.PIECEWISE_BEZIER_KNOTS.);
#2546 = CARTESIAN_POINT('',(-0.585685543457,-3.6000006));
#2547 = CARTESIAN_POINT('',(-0.585685543457,5.999999999062E-07));
#2548 = ( GEOMETRIC_REPRESENTATION_CONTEXT(2) 
PARAMETRIC_REPRESENTATION_CONTEXT() REPRESENTATION_CONTEXT('2D SPACE',''
  ) );
#2549 = ORIENTED_EDGE('',*,*,#2550,.T.);
#2550 = EDGE_CURVE('',#2530,#2341,#2551,.T.);
#2551 = SURFACE_CURVE('',#2552,(#2556,#2562),.PCURVE_S1.);
#2552 = LINE('',#2553,#2554);
#2553 = CARTESIAN_POINT('',(18.4,-11.7,5.1));
#2554 = VECTOR('',#2555,1.);
#2555 = DIRECTION('',(0.,0.,-1.));
#2556 = PCURVE('',#73,#2557);
#2557 = DEFINITIONAL_REPRESENTATION('',(#2558),#2561);
#2558 = B_SPLINE_CURVE_WITH_KNOTS('',1,(#2559,#2560),.UNSPECIFIED.,.F.,
  .F.,(2,2),(2.1,5.1),.PIECEWISE_BEZIER_KNOTS.);
#2559 = CARTESIAN_POINT('',(7.2,-18.4));
#2560 = CARTESIAN_POINT('',(10.2,-18.4));
#2561 = ( GEOMETRIC_REPRESENTATION_CONTEXT(2) 
PARAMETRIC_REPRESENTATION_CONTEXT() REPRESENTATION_CONTEXT('2D SPACE',''
  ) );
#2562 = PCURVE('',#2376,#2563);
#2563 = DEFINITIONAL_REPRESENTATION('',(#2564),#2567);
#2564 = B_SPLINE_CURVE_WITH_KNOTS('',1,(#2565,#2566),.UNSPECIFIED.,.F.,
  .F.,(2,2),(2.1,5.1),.PIECEWISE_BEZIER_KNOTS.);
#2565 = CARTESIAN_POINT('',(3.,-2.5));
#2566 = CARTESIAN_POINT('',(0.,-2.5));
#2567 = ( GEOMETRIC_REPRESENTATION_CONTEXT(2) 
PARAMETRIC_REPRESENTATION_CONTEXT() REPRESENTATION_CONTEXT('2D SPACE',''
  ) );
#2568 = ORIENTED_EDGE('',*,*,#2340,.F.);
#2569 = ORIENTED_EDGE('',*,*,#2570,.F.);
#2570 = EDGE_CURVE('',#2571,#2315,#2573,.T.);
#2571 = VERTEX_POINT('',#2572);
#2572 = CARTESIAN_POINT('',(13.8,-11.7,1.658312395178));
#2573 = SURFACE_CURVE('',#2574,(#2578,#2584),.PCURVE_S1.);
#2574 = LINE('',#2575,#2576);
#2575 = CARTESIAN_POINT('',(13.8,-11.7,5.1));
#2576 = VECTOR('',#2577,1.);
#2577 = DIRECTION('',(0.,0.,-1.));
#2578 = PCURVE('',#73,#2579);
#2579 = DEFINITIONAL_REPRESENTATION('',(#2580),#2583);
#2580 = B_SPLINE_CURVE_WITH_KNOTS('',1,(#2581,#2582),.UNSPECIFIED.,.F.,
  .F.,(2,2),(2.1,5.1),.PIECEWISE_BEZIER_KNOTS.);
#2581 = CARTESIAN_POINT('',(7.2,-13.8));
#2582 = CARTESIAN_POINT('',(10.2,-13.8));
#2583 = ( GEOMETRIC_REPRESENTATION_CONTEXT(2) 
PARAMETRIC_REPRESENTATION_CONTEXT() REPRESENTATION_CONTEXT('2D SPACE',''
  ) );
#2584 = PCURVE('',#2329,#2585);
#2585 = DEFINITIONAL_REPRESENTATION('',(#2586),#2589);
#2586 = B_SPLINE_CURVE_WITH_KNOTS('',1,(#2587,#2588),.UNSPECIFIED.,.F.,
  .F.,(2,2),(2.1,5.1),.PIECEWISE_BEZIER_KNOTS.);
#2587 = CARTESIAN_POINT('',(3.,-2.5));
#2588 = CARTESIAN_POINT('',(0.,-2.5));
#2589 = ( GEOMETRIC_REPRESENTATION_CONTEXT(2) 
PARAMETRIC_REPRESENTATION_CONTEXT() REPRESENTATION_CONTEXT('2D SPACE',''
  ) );
#2590 = ORIENTED_EDGE('',*,*,#2591,.T.);
#2591 = EDGE_CURVE('',#2571,#2592,#2594,.T.);
#2592 = VERTEX_POINT('',#2593);
#2593 = CARTESIAN_POINT('',(10.2,-11.7,1.658312395178));
#2594 = SURFACE_CURVE('',#2595,(#2599,#2605),.PCURVE_S1.);
#2595 = LINE('',#2596,#2597);
#2596 = CARTESIAN_POINT('',(10.2,-11.7,1.658312395178));
#2597 = VECTOR('',#2598,1.);
#2598 = DIRECTION('',(-1.,-0.,-0.));
#2599 = PCURVE('',#73,#2600);
#2600 = DEFINITIONAL_REPRESENTATION('',(#2601),#2604);
#2601 = B_SPLINE_CURVE_WITH_KNOTS('',1,(#2602,#2603),.UNSPECIFIED.,.F.,
  .F.,(2,2),(-3.6000006,5.999999999062E-07),.PIECEWISE_BEZIER_KNOTS.);
#2602 = CARTESIAN_POINT('',(8.541687604822,-13.8000006));
#2603 = CARTESIAN_POINT('',(8.541687604822,-10.1999994));
#2604 = ( GEOMETRIC_REPRESENTATION_CONTEXT(2) 
PARAMETRIC_REPRESENTATION_CONTEXT() REPRESENTATION_CONTEXT('2D SPACE',''
  ) );
#2605 = PCURVE('',#2302,#2606);
#2606 = DEFINITIONAL_REPRESENTATION('',(#2607),#2610);
#2607 = B_SPLINE_CURVE_WITH_KNOTS('',1,(#2608,#2609),.UNSPECIFIED.,.F.,
  .F.,(2,2),(-3.6000006,5.999999999062E-07),.PIECEWISE_BEZIER_KNOTS.);
#2608 = CARTESIAN_POINT('',(-0.585685543457,-3.6000006));
#2609 = CARTESIAN_POINT('',(-0.585685543457,5.999999999062E-07));
#2610 = ( GEOMETRIC_REPRESENTATION_CONTEXT(2) 
PARAMETRIC_REPRESENTATION_CONTEXT() REPRESENTATION_CONTEXT('2D SPACE',''
  ) );
#2611 = ORIENTED_EDGE('',*,*,#2612,.T.);
#2612 = EDGE_CURVE('',#2592,#2240,#2613,.T.);
#2613 = SURFACE_CURVE('',#2614,(#2618,#2624),.PCURVE_S1.);
#2614 = LINE('',#2615,#2616);
#2615 = CARTESIAN_POINT('',(10.2,-11.7,5.1));
#2616 = VECTOR('',#2617,1.);
#2617 = DIRECTION('',(0.,0.,-1.));
#2618 = PCURVE('',#73,#2619);
#2619 = DEFINITIONAL_REPRESENTATION('',(#2620),#2623);
#2620 = B_SPLINE_CURVE_WITH_KNOTS('',1,(#2621,#2622),.UNSPECIFIED.,.F.,
  .F.,(2,2),(2.1,5.1),.PIECEWISE_BEZIER_KNOTS.);
#2621 = CARTESIAN_POINT('',(7.2,-10.2));
#2622 = CARTESIAN_POINT('',(10.2,-10.2));
#2623 = ( GEOMETRIC_REPRESENTATION_CONTEXT(2) 
PARAMETRIC_REPRESENTATION_CONTEXT() REPRESENTATION_CONTEXT('2D SPACE',''
  ) );
#2624 = PCURVE('',#2275,#2625);
#2625 = DEFINITIONAL_REPRESENTATION('',(#2626),#2629);
#2626 = B_SPLINE_CURVE_WITH_KNOTS('',1,(#2627,#2628),.UNSPECIFIED.,.F.,
  .F.,(2,2),(2.1,5.1),.PIECEWISE_BEZIER_KNOTS.);
#2627 = CARTESIAN_POINT('',(3.,-2.5));
#2628 = CARTESIAN_POINT('',(0.,-2.5));
#2629 = ( GEOMETRIC_REPRESENTATION_CONTEXT(2) 
PARAMETRIC_REPRESENTATION_CONTEXT() REPRESENTATION_CONTEXT('2D SPACE',''
  ) );
#2630 = ORIENTED_EDGE('',*,*,#2239,.F.);
#2631 = ORIENTED_EDGE('',*,*,#2632,.F.);
#2632 = EDGE_CURVE('',#2633,#2214,#2635,.T.);
#2633 = VERTEX_POINT('',#2634);
#2634 = CARTESIAN_POINT('',(5.6,-11.7,1.658312395178));
#2635 = SURFACE_CURVE('',#2636,(#2640,#2646),.PCURVE_S1.);
#2636 = LINE('',#2637,#2638);
#2637 = CARTESIAN_POINT('',(5.6,-11.7,5.1));
#2638 = VECTOR('',#2639,1.);
#2639 = DIRECTION('',(0.,0.,-1.));
#2640 = PCURVE('',#73,#2641);
#2641 = DEFINITIONAL_REPRESENTATION('',(#2642),#2645);
#2642 = B_SPLINE_CURVE_WITH_KNOTS('',1,(#2643,#2644),.UNSPECIFIED.,.F.,
  .F.,(2,2),(2.1,5.1),.PIECEWISE_BEZIER_KNOTS.);
#2643 = CARTESIAN_POINT('',(7.2,-5.6));
#2644 = CARTESIAN_POINT('',(10.2,-5.6));
#2645 = ( GEOMETRIC_REPRESENTATION_CONTEXT(2) 
PARAMETRIC_REPRESENTATION_CONTEXT() REPRESENTATION_CONTEXT('2D SPACE',''
  ) );
#2646 = PCURVE('',#2228,#2647);
#2647 = DEFINITIONAL_REPRESENTATION('',(#2648),#2651);
#2648 = B_SPLINE_CURVE_WITH_KNOTS('',1,(#2649,#2650),.UNSPECIFIED.,.F.,
  .F.,(2,2),(2.1,5.1),.PIECEWISE_BEZIER_KNOTS.);
#2649 = CARTESIAN_POINT('',(3.,-2.5));
#2650 = CARTESIAN_POINT('',(0.,-2.5));
#2651 = ( GEOMETRIC_REPRESENTATION_CONTEXT(2) 
PARAMETRIC_REPRESENTATION_CONTEXT() REPRESENTATION_CONTEXT('2D SPACE',''
  ) );
#2652 = ORIENTED_EDGE('',*,*,#2653,.T.);
#2653 = EDGE_CURVE('',#2633,#2654,#2656,.T.);
#2654 = VERTEX_POINT('',#2655);
#2655 = CARTESIAN_POINT('',(2.,-11.7,1.658312395178));
#2656 = SURFACE_CURVE('',#2657,(#2661,#2667),.PCURVE_S1.);
#2657 = LINE('',#2658,#2659);
#2658 = CARTESIAN_POINT('',(2.,-11.7,1.658312395178));
#2659 = VECTOR('',#2660,1.);
#2660 = DIRECTION('',(-1.,-0.,-0.));
#2661 = PCURVE('',#73,#2662);
#2662 = DEFINITIONAL_REPRESENTATION('',(#2663),#2666);
#2663 = B_SPLINE_CURVE_WITH_KNOTS('',1,(#2664,#2665),.UNSPECIFIED.,.F.,
  .F.,(2,2),(-3.6000006,5.999999999062E-07),.PIECEWISE_BEZIER_KNOTS.);
#2664 = CARTESIAN_POINT('',(8.541687604822,-5.6000006));
#2665 = CARTESIAN_POINT('',(8.541687604822,-1.9999994));
#2666 = ( GEOMETRIC_REPRESENTATION_CONTEXT(2) 
PARAMETRIC_REPRESENTATION_CONTEXT() REPRESENTATION_CONTEXT('2D SPACE',''
  ) );
#2667 = PCURVE('',#2201,#2668);
#2668 = DEFINITIONAL_REPRESENTATION('',(#2669),#2672);
#2669 = B_SPLINE_CURVE_WITH_KNOTS('',1,(#2670,#2671),.UNSPECIFIED.,.F.,
  .F.,(2,2),(-3.6000006,5.999999999062E-07),.PIECEWISE_BEZIER_KNOTS.);
#2670 = CARTESIAN_POINT('',(-0.585685543457,-3.6000006));
#2671 = CARTESIAN_POINT('',(-0.585685543457,5.999999999062E-07));
#2672 = ( GEOMETRIC_REPRESENTATION_CONTEXT(2) 
PARAMETRIC_REPRESENTATION_CONTEXT() REPRESENTATION_CONTEXT('2D SPACE',''
  ) );
#2673 = ORIENTED_EDGE('',*,*,#2674,.T.);
#2674 = EDGE_CURVE('',#2654,#2139,#2675,.T.);
#2675 = SURFACE_CURVE('',#2676,(#2680,#2686),.PCURVE_S1.);
#2676 = LINE('',#2677,#2678);
#2677 = CARTESIAN_POINT('',(2.,-11.7,5.1));
#2678 = VECTOR('',#2679,1.);
#2679 = DIRECTION('',(0.,0.,-1.));
#2680 = PCURVE('',#73,#2681);
#2681 = DEFINITIONAL_REPRESENTATION('',(#2682),#2685);
#2682 = B_SPLINE_CURVE_WITH_KNOTS('',1,(#2683,#2684),.UNSPECIFIED.,.F.,
  .F.,(2,2),(2.1,5.1),.PIECEWISE_BEZIER_KNOTS.);
#2683 = CARTESIAN_POINT('',(7.2,-2.));
#2684 = CARTESIAN_POINT('',(10.2,-2.));
#2685 = ( GEOMETRIC_REPRESENTATION_CONTEXT(2) 
PARAMETRIC_REPRESENTATION_CONTEXT() REPRESENTATION_CONTEXT('2D SPACE',''
  ) );
#2686 = PCURVE('',#2174,#2687);
#2687 = DEFINITIONAL_REPRESENTATION('',(#2688),#2691);
#2688 = B_SPLINE_CURVE_WITH_KNOTS('',1,(#2689,#2690),.UNSPECIFIED.,.F.,
  .F.,(2,2),(2.1,5.1),.PIECEWISE_BEZIER_KNOTS.);
#2689 = CARTESIAN_POINT('',(3.,-2.5));
#2690 = CARTESIAN_POINT('',(0.,-2.5));
#2691 = ( GEOMETRIC_REPRESENTATION_CONTEXT(2) 
PARAMETRIC_REPRESENTATION_CONTEXT() REPRESENTATION_CONTEXT('2D SPACE',''
  ) );
#2692 = ORIENTED_EDGE('',*,*,#2138,.F.);
#2693 = ADVANCED_FACE('',(#2694),#755,.T.);
#2694 = FACE_BOUND('',#2695,.T.);
#2695 = EDGE_LOOP('',(#2696,#2719,#2740,#2741,#2742,#2743,#2744,#2745,
    #2746,#2747,#2748,#2749,#2772,#2793,#2794,#2795));
#2696 = ORIENTED_EDGE('',*,*,#2697,.T.);
#2697 = EDGE_CURVE('',#715,#2698,#2700,.T.);
#2698 = VERTEX_POINT('',#2699);
#2699 = CARTESIAN_POINT('',(1.9,-10.53,5.));
#2700 = SURFACE_CURVE('',#2701,(#2705,#2712),.PCURVE_S1.);
#2701 = LINE('',#2702,#2703);
#2702 = CARTESIAN_POINT('',(1.9,-10.53,11.));
#2703 = VECTOR('',#2704,1.);
#2704 = DIRECTION('',(0.,0.,-1.));
#2705 = PCURVE('',#755,#2706);
#2706 = DEFINITIONAL_REPRESENTATION('',(#2707),#2711);
#2707 = LINE('',#2708,#2709);
#2708 = CARTESIAN_POINT('',(3.,10.53));
#2709 = VECTOR('',#2710,1.);
#2710 = DIRECTION('',(-1.,0.));
#2711 = ( GEOMETRIC_REPRESENTATION_CONTEXT(2) 
PARAMETRIC_REPRESENTATION_CONTEXT() REPRESENTATION_CONTEXT('2D SPACE',''
  ) );
#2712 = PCURVE('',#729,#2713);
#2713 = DEFINITIONAL_REPRESENTATION('',(#2714),#2718);
#2714 = LINE('',#2715,#2716);
#2715 = CARTESIAN_POINT('',(0.,0.));
#2716 = VECTOR('',#2717,1.);
#2717 = DIRECTION('',(1.,0.));
#2718 = ( GEOMETRIC_REPRESENTATION_CONTEXT(2) 
PARAMETRIC_REPRESENTATION_CONTEXT() REPRESENTATION_CONTEXT('2D SPACE',''
  ) );
#2719 = ORIENTED_EDGE('',*,*,#2720,.T.);
#2720 = EDGE_CURVE('',#2698,#1923,#2721,.T.);
#2721 = SURFACE_CURVE('',#2722,(#2726,#2733),.PCURVE_S1.);
#2722 = LINE('',#2723,#2724);
#2723 = CARTESIAN_POINT('',(1.9,-10.53,5.));
#2724 = VECTOR('',#2725,1.);
#2725 = DIRECTION('',(0.,1.,0.));
#2726 = PCURVE('',#755,#2727);
#2727 = DEFINITIONAL_REPRESENTATION('',(#2728),#2732);
#2728 = LINE('',#2729,#2730);
#2729 = CARTESIAN_POINT('',(-3.,10.53));
#2730 = VECTOR('',#2731,1.);
#2731 = DIRECTION('',(0.,-1.));
#2732 = ( GEOMETRIC_REPRESENTATION_CONTEXT(2) 
PARAMETRIC_REPRESENTATION_CONTEXT() REPRESENTATION_CONTEXT('2D SPACE',''
  ) );
#2733 = PCURVE('',#1958,#2734);
#2734 = DEFINITIONAL_REPRESENTATION('',(#2735),#2739);
#2735 = LINE('',#2736,#2737);
#2736 = CARTESIAN_POINT('',(0.,0.));
#2737 = VECTOR('',#2738,1.);
#2738 = DIRECTION('',(1.,0.));
#2739 = ( GEOMETRIC_REPRESENTATION_CONTEXT(2) 
PARAMETRIC_REPRESENTATION_CONTEXT() REPRESENTATION_CONTEXT('2D SPACE',''
  ) );
#2740 = ORIENTED_EDGE('',*,*,#1922,.F.);
#2741 = ORIENTED_EDGE('',*,*,#1874,.F.);
#2742 = ORIENTED_EDGE('',*,*,#1827,.F.);
#2743 = ORIENTED_EDGE('',*,*,#1780,.F.);
#2744 = ORIENTED_EDGE('',*,*,#1735,.T.);
#2745 = ORIENTED_EDGE('',*,*,#1688,.T.);
#2746 = ORIENTED_EDGE('',*,*,#1619,.F.);
#2747 = ORIENTED_EDGE('',*,*,#1593,.F.);
#2748 = ORIENTED_EDGE('',*,*,#1546,.F.);
#2749 = ORIENTED_EDGE('',*,*,#2750,.T.);
#2750 = EDGE_CURVE('',#1521,#2751,#2753,.T.);
#2751 = VERTEX_POINT('',#2752);
#2752 = CARTESIAN_POINT('',(1.9,10.53,5.));
#2753 = SURFACE_CURVE('',#2754,(#2758,#2765),.PCURVE_S1.);
#2754 = LINE('',#2755,#2756);
#2755 = CARTESIAN_POINT('',(1.9,-10.53,5.));
#2756 = VECTOR('',#2757,1.);
#2757 = DIRECTION('',(0.,1.,0.));
#2758 = PCURVE('',#755,#2759);
#2759 = DEFINITIONAL_REPRESENTATION('',(#2760),#2764);
#2760 = LINE('',#2761,#2762);
#2761 = CARTESIAN_POINT('',(-3.,10.53));
#2762 = VECTOR('',#2763,1.);
#2763 = DIRECTION('',(0.,-1.));
#2764 = ( GEOMETRIC_REPRESENTATION_CONTEXT(2) 
PARAMETRIC_REPRESENTATION_CONTEXT() REPRESENTATION_CONTEXT('2D SPACE',''
  ) );
#2765 = PCURVE('',#1535,#2766);
#2766 = DEFINITIONAL_REPRESENTATION('',(#2767),#2771);
#2767 = LINE('',#2768,#2769);
#2768 = CARTESIAN_POINT('',(0.,0.));
#2769 = VECTOR('',#2770,1.);
#2770 = DIRECTION('',(1.,0.));
#2771 = ( GEOMETRIC_REPRESENTATION_CONTEXT(2) 
PARAMETRIC_REPRESENTATION_CONTEXT() REPRESENTATION_CONTEXT('2D SPACE',''
  ) );
#2772 = ORIENTED_EDGE('',*,*,#2773,.T.);
#2773 = EDGE_CURVE('',#2751,#843,#2774,.T.);
#2774 = SURFACE_CURVE('',#2775,(#2779,#2786),.PCURVE_S1.);
#2775 = LINE('',#2776,#2777);
#2776 = CARTESIAN_POINT('',(1.9,10.53,5.));
#2777 = VECTOR('',#2778,1.);
#2778 = DIRECTION('',(0.,0.,1.));
#2779 = PCURVE('',#755,#2780);
#2780 = DEFINITIONAL_REPRESENTATION('',(#2781),#2785);
#2781 = LINE('',#2782,#2783);
#2782 = CARTESIAN_POINT('',(-3.,-10.53));
#2783 = VECTOR('',#2784,1.);
#2784 = DIRECTION('',(1.,0.));
#2785 = ( GEOMETRIC_REPRESENTATION_CONTEXT(2) 
PARAMETRIC_REPRESENTATION_CONTEXT() REPRESENTATION_CONTEXT('2D SPACE',''
  ) );
#2786 = PCURVE('',#881,#2787);
#2787 = DEFINITIONAL_REPRESENTATION('',(#2788),#2792);
#2788 = LINE('',#2789,#2790);
#2789 = CARTESIAN_POINT('',(0.,0.));
#2790 = VECTOR('',#2791,1.);
#2791 = DIRECTION('',(1.,0.));
#2792 = ( GEOMETRIC_REPRESENTATION_CONTEXT(2) 
PARAMETRIC_REPRESENTATION_CONTEXT() REPRESENTATION_CONTEXT('2D SPACE',''
  ) );
#2793 = ORIENTED_EDGE('',*,*,#842,.T.);
#2794 = ORIENTED_EDGE('',*,*,#794,.T.);
#2795 = ORIENTED_EDGE('',*,*,#740,.T.);
#2796 = ADVANCED_FACE('',(#2797),#729,.T.);
#2797 = FACE_BOUND('',#2798,.T.);
#2798 = EDGE_LOOP('',(#2799,#2800,#2801,#2824));
#2799 = ORIENTED_EDGE('',*,*,#2697,.F.);
#2800 = ORIENTED_EDGE('',*,*,#714,.T.);
#2801 = ORIENTED_EDGE('',*,*,#2802,.T.);
#2802 = EDGE_CURVE('',#686,#2803,#2805,.T.);
#2803 = VERTEX_POINT('',#2804);
#2804 = CARTESIAN_POINT('',(5.1,-10.53,5.));
#2805 = SURFACE_CURVE('',#2806,(#2810,#2817),.PCURVE_S1.);
#2806 = LINE('',#2807,#2808);
#2807 = CARTESIAN_POINT('',(5.1,-10.53,11.));
#2808 = VECTOR('',#2809,1.);
#2809 = DIRECTION('',(0.,0.,-1.));
#2810 = PCURVE('',#729,#2811);
#2811 = DEFINITIONAL_REPRESENTATION('',(#2812),#2816);
#2812 = LINE('',#2813,#2814);
#2813 = CARTESIAN_POINT('',(0.,-3.2));
#2814 = VECTOR('',#2815,1.);
#2815 = DIRECTION('',(1.,0.));
#2816 = ( GEOMETRIC_REPRESENTATION_CONTEXT(2) 
PARAMETRIC_REPRESENTATION_CONTEXT() REPRESENTATION_CONTEXT('2D SPACE',''
  ) );
#2817 = PCURVE('',#702,#2818);
#2818 = DEFINITIONAL_REPRESENTATION('',(#2819),#2823);
#2819 = LINE('',#2820,#2821);
#2820 = CARTESIAN_POINT('',(3.,10.53));
#2821 = VECTOR('',#2822,1.);
#2822 = DIRECTION('',(-1.,0.));
#2823 = ( GEOMETRIC_REPRESENTATION_CONTEXT(2) 
PARAMETRIC_REPRESENTATION_CONTEXT() REPRESENTATION_CONTEXT('2D SPACE',''
  ) );
#2824 = ORIENTED_EDGE('',*,*,#2825,.F.);
#2825 = EDGE_CURVE('',#2698,#2803,#2826,.T.);
#2826 = SURFACE_CURVE('',#2827,(#2831,#2838),.PCURVE_S1.);
#2827 = LINE('',#2828,#2829);
#2828 = CARTESIAN_POINT('',(1.9,-10.53,5.));
#2829 = VECTOR('',#2830,1.);
#2830 = DIRECTION('',(1.,0.,0.));
#2831 = PCURVE('',#729,#2832);
#2832 = DEFINITIONAL_REPRESENTATION('',(#2833),#2837);
#2833 = LINE('',#2834,#2835);
#2834 = CARTESIAN_POINT('',(6.,0.));
#2835 = VECTOR('',#2836,1.);
#2836 = DIRECTION('',(0.,-1.));
#2837 = ( GEOMETRIC_REPRESENTATION_CONTEXT(2) 
PARAMETRIC_REPRESENTATION_CONTEXT() REPRESENTATION_CONTEXT('2D SPACE',''
  ) );
#2838 = PCURVE('',#1958,#2839);
#2839 = DEFINITIONAL_REPRESENTATION('',(#2840),#2844);
#2840 = LINE('',#2841,#2842);
#2841 = CARTESIAN_POINT('',(0.,0.));
#2842 = VECTOR('',#2843,1.);
#2843 = DIRECTION('',(0.,-1.));
#2844 = ( GEOMETRIC_REPRESENTATION_CONTEXT(2) 
PARAMETRIC_REPRESENTATION_CONTEXT() REPRESENTATION_CONTEXT('2D SPACE',''
  ) );
#2845 = ADVANCED_FACE('',(#2846),#702,.F.);
#2846 = FACE_BOUND('',#2847,.F.);
#2847 = EDGE_LOOP('',(#2848,#2849,#2870,#2871,#2895,#2921,#2947,#2973,
    #2999,#3025,#3047,#3048,#3071,#3092,#3093,#3112));
#2848 = ORIENTED_EDGE('',*,*,#2802,.T.);
#2849 = ORIENTED_EDGE('',*,*,#2850,.T.);
#2850 = EDGE_CURVE('',#2803,#1944,#2851,.T.);
#2851 = SURFACE_CURVE('',#2852,(#2856,#2863),.PCURVE_S1.);
#2852 = LINE('',#2853,#2854);
#2853 = CARTESIAN_POINT('',(5.1,-10.53,5.));
#2854 = VECTOR('',#2855,1.);
#2855 = DIRECTION('',(0.,1.,0.));
#2856 = PCURVE('',#702,#2857);
#2857 = DEFINITIONAL_REPRESENTATION('',(#2858),#2862);
#2858 = LINE('',#2859,#2860);
#2859 = CARTESIAN_POINT('',(-3.,10.53));
#2860 = VECTOR('',#2861,1.);
#2861 = DIRECTION('',(0.,-1.));
#2862 = ( GEOMETRIC_REPRESENTATION_CONTEXT(2) 
PARAMETRIC_REPRESENTATION_CONTEXT() REPRESENTATION_CONTEXT('2D SPACE',''
  ) );
#2863 = PCURVE('',#1958,#2864);
#2864 = DEFINITIONAL_REPRESENTATION('',(#2865),#2869);
#2865 = LINE('',#2866,#2867);
#2866 = CARTESIAN_POINT('',(0.,-3.2));
#2867 = VECTOR('',#2868,1.);
#2868 = DIRECTION('',(1.,0.));
#2869 = ( GEOMETRIC_REPRESENTATION_CONTEXT(2) 
PARAMETRIC_REPRESENTATION_CONTEXT() REPRESENTATION_CONTEXT('2D SPACE',''
  ) );
#2870 = ORIENTED_EDGE('',*,*,#1969,.F.);
#2871 = ORIENTED_EDGE('',*,*,#2872,.F.);
#2872 = EDGE_CURVE('',#2873,#1970,#2875,.T.);
#2873 = VERTEX_POINT('',#2874);
#2874 = CARTESIAN_POINT('',(5.1,-7.,8.));
#2875 = SURFACE_CURVE('',#2876,(#2881,#2888),.PCURVE_S1.);
#2876 = CIRCLE('',#2877,2.5);
#2877 = AXIS2_PLACEMENT_3D('',#2878,#2879,#2880);
#2878 = CARTESIAN_POINT('',(5.1,-7.,5.5));
#2879 = DIRECTION('',(1.,0.,0.));
#2880 = DIRECTION('',(0.,-0.,1.));
#2881 = PCURVE('',#702,#2882);
#2882 = DEFINITIONAL_REPRESENTATION('',(#2883),#2887);
#2883 = CIRCLE('',#2884,2.5);
#2884 = AXIS2_PLACEMENT_2D('',#2885,#2886);
#2885 = CARTESIAN_POINT('',(-2.5,7.));
#2886 = DIRECTION('',(1.,0.));
#2887 = ( GEOMETRIC_REPRESENTATION_CONTEXT(2) 
PARAMETRIC_REPRESENTATION_CONTEXT() REPRESENTATION_CONTEXT('2D SPACE',''
  ) );
#2888 = PCURVE('',#2006,#2889);
#2889 = DEFINITIONAL_REPRESENTATION('',(#2890),#2894);
#2890 = LINE('',#2891,#2892);
#2891 = CARTESIAN_POINT('',(0.,7.1));
#2892 = VECTOR('',#2893,1.);
#2893 = DIRECTION('',(1.,0.));
#2894 = ( GEOMETRIC_REPRESENTATION_CONTEXT(2) 
PARAMETRIC_REPRESENTATION_CONTEXT() REPRESENTATION_CONTEXT('2D SPACE',''
  ) );
#2895 = ORIENTED_EDGE('',*,*,#2896,.F.);
#2896 = EDGE_CURVE('',#2897,#2873,#2899,.T.);
#2897 = VERTEX_POINT('',#2898);
#2898 = CARTESIAN_POINT('',(5.1,-4.,8.));
#2899 = SURFACE_CURVE('',#2900,(#2904,#2910),.PCURVE_S1.);
#2900 = LINE('',#2901,#2902);
#2901 = CARTESIAN_POINT('',(5.1,4.75,8.));
#2902 = VECTOR('',#2903,1.);
#2903 = DIRECTION('',(0.,-1.,0.));
#2904 = PCURVE('',#702,#2905);
#2905 = DEFINITIONAL_REPRESENTATION('',(#2906),#2909);
#2906 = B_SPLINE_CURVE_WITH_KNOTS('',1,(#2907,#2908),.UNSPECIFIED.,.F.,
  .F.,(2,2),(-2.25,11.75),.PIECEWISE_BEZIER_KNOTS.);
#2907 = CARTESIAN_POINT('',(0.,-7.));
#2908 = CARTESIAN_POINT('',(0.,7.));
#2909 = ( GEOMETRIC_REPRESENTATION_CONTEXT(2) 
PARAMETRIC_REPRESENTATION_CONTEXT() REPRESENTATION_CONTEXT('2D SPACE',''
  ) );
#2910 = PCURVE('',#2911,#2916);
#2911 = PLANE('',#2912);
#2912 = AXIS2_PLACEMENT_3D('',#2913,#2914,#2915);
#2913 = CARTESIAN_POINT('',(-2.,9.5,8.));
#2914 = DIRECTION('',(0.,0.,-1.));
#2915 = DIRECTION('',(0.,-1.,0.));
#2916 = DEFINITIONAL_REPRESENTATION('',(#2917),#2920);
#2917 = B_SPLINE_CURVE_WITH_KNOTS('',1,(#2918,#2919),.UNSPECIFIED.,.F.,
  .F.,(2,2),(-2.25,11.75),.PIECEWISE_BEZIER_KNOTS.);
#2918 = CARTESIAN_POINT('',(2.5,-7.1));
#2919 = CARTESIAN_POINT('',(16.5,-7.1));
#2920 = ( GEOMETRIC_REPRESENTATION_CONTEXT(2) 
PARAMETRIC_REPRESENTATION_CONTEXT() REPRESENTATION_CONTEXT('2D SPACE',''
  ) );
#2921 = ORIENTED_EDGE('',*,*,#2922,.F.);
#2922 = EDGE_CURVE('',#2923,#2897,#2925,.T.);
#2923 = VERTEX_POINT('',#2924);
#2924 = CARTESIAN_POINT('',(5.1,-4.,9.3));
#2925 = SURFACE_CURVE('',#2926,(#2930,#2936),.PCURVE_S1.);
#2926 = LINE('',#2927,#2928);
#2927 = CARTESIAN_POINT('',(5.1,-4.,7.8));
#2928 = VECTOR('',#2929,1.);
#2929 = DIRECTION('',(0.,0.,-1.));
#2930 = PCURVE('',#702,#2931);
#2931 = DEFINITIONAL_REPRESENTATION('',(#2932),#2935);
#2932 = B_SPLINE_CURVE_WITH_KNOTS('',1,(#2933,#2934),.UNSPECIFIED.,.F.,
  .F.,(2,2),(-1.5,-0.2),.PIECEWISE_BEZIER_KNOTS.);
#2933 = CARTESIAN_POINT('',(1.3,4.));
#2934 = CARTESIAN_POINT('',(0.,4.));
#2935 = ( GEOMETRIC_REPRESENTATION_CONTEXT(2) 
PARAMETRIC_REPRESENTATION_CONTEXT() REPRESENTATION_CONTEXT('2D SPACE',''
  ) );
#2936 = PCURVE('',#2937,#2942);
#2937 = PLANE('',#2938);
#2938 = AXIS2_PLACEMENT_3D('',#2939,#2940,#2941);
#2939 = CARTESIAN_POINT('',(4.,-4.,7.6));
#2940 = DIRECTION('',(0.,1.,0.));
#2941 = DIRECTION('',(0.,0.,1.));
#2942 = DEFINITIONAL_REPRESENTATION('',(#2943),#2946);
#2943 = B_SPLINE_CURVE_WITH_KNOTS('',1,(#2944,#2945),.UNSPECIFIED.,.F.,
  .F.,(2,2),(-1.5,-0.2),.PIECEWISE_BEZIER_KNOTS.);
#2944 = CARTESIAN_POINT('',(1.7,1.1));
#2945 = CARTESIAN_POINT('',(0.4,1.1));
#2946 = ( GEOMETRIC_REPRESENTATION_CONTEXT(2) 
PARAMETRIC_REPRESENTATION_CONTEXT() REPRESENTATION_CONTEXT('2D SPACE',''
  ) );
#2947 = ORIENTED_EDGE('',*,*,#2948,.T.);
#2948 = EDGE_CURVE('',#2923,#2949,#2951,.T.);
#2949 = VERTEX_POINT('',#2950);
#2950 = CARTESIAN_POINT('',(5.1,4.,9.3));
#2951 = SURFACE_CURVE('',#2952,(#2956,#2962),.PCURVE_S1.);
#2952 = LINE('',#2953,#2954);
#2953 = CARTESIAN_POINT('',(5.1,-2.,9.3));
#2954 = VECTOR('',#2955,1.);
#2955 = DIRECTION('',(0.,1.,0.));
#2956 = PCURVE('',#702,#2957);
#2957 = DEFINITIONAL_REPRESENTATION('',(#2958),#2961);
#2958 = B_SPLINE_CURVE_WITH_KNOTS('',1,(#2959,#2960),.UNSPECIFIED.,.F.,
  .F.,(2,2),(-2.,6.),.PIECEWISE_BEZIER_KNOTS.);
#2959 = CARTESIAN_POINT('',(1.3,4.));
#2960 = CARTESIAN_POINT('',(1.3,-4.));
#2961 = ( GEOMETRIC_REPRESENTATION_CONTEXT(2) 
PARAMETRIC_REPRESENTATION_CONTEXT() REPRESENTATION_CONTEXT('2D SPACE',''
  ) );
#2962 = PCURVE('',#2963,#2968);
#2963 = PLANE('',#2964);
#2964 = AXIS2_PLACEMENT_3D('',#2965,#2966,#2967);
#2965 = CARTESIAN_POINT('',(4.,-4.,9.3));
#2966 = DIRECTION('',(0.,0.,1.));
#2967 = DIRECTION('',(1.,0.,0.));
#2968 = DEFINITIONAL_REPRESENTATION('',(#2969),#2972);
#2969 = B_SPLINE_CURVE_WITH_KNOTS('',1,(#2970,#2971),.UNSPECIFIED.,.F.,
  .F.,(2,2),(-2.,6.),.PIECEWISE_BEZIER_KNOTS.);
#2970 = CARTESIAN_POINT('',(1.1,0.));
#2971 = CARTESIAN_POINT('',(1.1,8.));
#2972 = ( GEOMETRIC_REPRESENTATION_CONTEXT(2) 
PARAMETRIC_REPRESENTATION_CONTEXT() REPRESENTATION_CONTEXT('2D SPACE',''
  ) );
#2973 = ORIENTED_EDGE('',*,*,#2974,.T.);
#2974 = EDGE_CURVE('',#2949,#2975,#2977,.T.);
#2975 = VERTEX_POINT('',#2976);
#2976 = CARTESIAN_POINT('',(5.1,4.,8.));
#2977 = SURFACE_CURVE('',#2978,(#2982,#2988),.PCURVE_S1.);
#2978 = LINE('',#2979,#2980);
#2979 = CARTESIAN_POINT('',(5.1,4.,7.8));
#2980 = VECTOR('',#2981,1.);
#2981 = DIRECTION('',(0.,0.,-1.));
#2982 = PCURVE('',#702,#2983);
#2983 = DEFINITIONAL_REPRESENTATION('',(#2984),#2987);
#2984 = B_SPLINE_CURVE_WITH_KNOTS('',1,(#2985,#2986),.UNSPECIFIED.,.F.,
  .F.,(2,2),(-1.5,-0.2),.PIECEWISE_BEZIER_KNOTS.);
#2985 = CARTESIAN_POINT('',(1.3,-4.));
#2986 = CARTESIAN_POINT('',(0.,-4.));
#2987 = ( GEOMETRIC_REPRESENTATION_CONTEXT(2) 
PARAMETRIC_REPRESENTATION_CONTEXT() REPRESENTATION_CONTEXT('2D SPACE',''
  ) );
#2988 = PCURVE('',#2989,#2994);
#2989 = PLANE('',#2990);
#2990 = AXIS2_PLACEMENT_3D('',#2991,#2992,#2993);
#2991 = CARTESIAN_POINT('',(4.,4.,7.6));
#2992 = DIRECTION('',(0.,1.,0.));
#2993 = DIRECTION('',(0.,0.,1.));
#2994 = DEFINITIONAL_REPRESENTATION('',(#2995),#2998);
#2995 = B_SPLINE_CURVE_WITH_KNOTS('',1,(#2996,#2997),.UNSPECIFIED.,.F.,
  .F.,(2,2),(-1.5,-0.2),.PIECEWISE_BEZIER_KNOTS.);
#2996 = CARTESIAN_POINT('',(1.7,1.1));
#2997 = CARTESIAN_POINT('',(0.4,1.1));
#2998 = ( GEOMETRIC_REPRESENTATION_CONTEXT(2) 
PARAMETRIC_REPRESENTATION_CONTEXT() REPRESENTATION_CONTEXT('2D SPACE',''
  ) );
#2999 = ORIENTED_EDGE('',*,*,#3000,.F.);
#3000 = EDGE_CURVE('',#3001,#2975,#3003,.T.);
#3001 = VERTEX_POINT('',#3002);
#3002 = CARTESIAN_POINT('',(5.1,7.,8.));
#3003 = SURFACE_CURVE('',#3004,(#3008,#3014),.PCURVE_S1.);
#3004 = LINE('',#3005,#3006);
#3005 = CARTESIAN_POINT('',(5.1,4.75,8.));
#3006 = VECTOR('',#3007,1.);
#3007 = DIRECTION('',(0.,-1.,0.));
#3008 = PCURVE('',#702,#3009);
#3009 = DEFINITIONAL_REPRESENTATION('',(#3010),#3013);
#3010 = B_SPLINE_CURVE_WITH_KNOTS('',1,(#3011,#3012),.UNSPECIFIED.,.F.,
  .F.,(2,2),(-2.25,11.75),.PIECEWISE_BEZIER_KNOTS.);
#3011 = CARTESIAN_POINT('',(0.,-7.));
#3012 = CARTESIAN_POINT('',(0.,7.));
#3013 = ( GEOMETRIC_REPRESENTATION_CONTEXT(2) 
PARAMETRIC_REPRESENTATION_CONTEXT() REPRESENTATION_CONTEXT('2D SPACE',''
  ) );
#3014 = PCURVE('',#3015,#3020);
#3015 = PLANE('',#3016);
#3016 = AXIS2_PLACEMENT_3D('',#3017,#3018,#3019);
#3017 = CARTESIAN_POINT('',(-2.,9.5,8.));
#3018 = DIRECTION('',(0.,0.,-1.));
#3019 = DIRECTION('',(0.,-1.,0.));
#3020 = DEFINITIONAL_REPRESENTATION('',(#3021),#3024);
#3021 = B_SPLINE_CURVE_WITH_KNOTS('',1,(#3022,#3023),.UNSPECIFIED.,.F.,
  .F.,(2,2),(-2.25,11.75),.PIECEWISE_BEZIER_KNOTS.);
#3022 = CARTESIAN_POINT('',(2.5,-7.1));
#3023 = CARTESIAN_POINT('',(16.5,-7.1));
#3024 = ( GEOMETRIC_REPRESENTATION_CONTEXT(2) 
PARAMETRIC_REPRESENTATION_CONTEXT() REPRESENTATION_CONTEXT('2D SPACE',''
  ) );
#3025 = ORIENTED_EDGE('',*,*,#3026,.F.);
#3026 = EDGE_CURVE('',#1472,#3001,#3027,.T.);
#3027 = SURFACE_CURVE('',#3028,(#3033,#3040),.PCURVE_S1.);
#3028 = CIRCLE('',#3029,2.5);
#3029 = AXIS2_PLACEMENT_3D('',#3030,#3031,#3032);
#3030 = CARTESIAN_POINT('',(5.1,7.,5.5));
#3031 = DIRECTION('',(1.,0.,0.));
#3032 = DIRECTION('',(-0.,1.,0.));
#3033 = PCURVE('',#702,#3034);
#3034 = DEFINITIONAL_REPRESENTATION('',(#3035),#3039);
#3035 = CIRCLE('',#3036,2.5);
#3036 = AXIS2_PLACEMENT_2D('',#3037,#3038);
#3037 = CARTESIAN_POINT('',(-2.5,-7.));
#3038 = DIRECTION('',(0.,-1.));
#3039 = ( GEOMETRIC_REPRESENTATION_CONTEXT(2) 
PARAMETRIC_REPRESENTATION_CONTEXT() REPRESENTATION_CONTEXT('2D SPACE',''
  ) );
#3040 = PCURVE('',#1487,#3041);
#3041 = DEFINITIONAL_REPRESENTATION('',(#3042),#3046);
#3042 = LINE('',#3043,#3044);
#3043 = CARTESIAN_POINT('',(0.,7.1));
#3044 = VECTOR('',#3045,1.);
#3045 = DIRECTION('',(1.,0.));
#3046 = ( GEOMETRIC_REPRESENTATION_CONTEXT(2) 
PARAMETRIC_REPRESENTATION_CONTEXT() REPRESENTATION_CONTEXT('2D SPACE',''
  ) );
#3047 = ORIENTED_EDGE('',*,*,#1499,.F.);
#3048 = ORIENTED_EDGE('',*,*,#3049,.T.);
#3049 = EDGE_CURVE('',#1500,#3050,#3052,.T.);
#3050 = VERTEX_POINT('',#3051);
#3051 = CARTESIAN_POINT('',(5.1,10.53,5.));
#3052 = SURFACE_CURVE('',#3053,(#3057,#3064),.PCURVE_S1.);
#3053 = LINE('',#3054,#3055);
#3054 = CARTESIAN_POINT('',(5.1,-10.53,5.));
#3055 = VECTOR('',#3056,1.);
#3056 = DIRECTION('',(0.,1.,0.));
#3057 = PCURVE('',#702,#3058);
#3058 = DEFINITIONAL_REPRESENTATION('',(#3059),#3063);
#3059 = LINE('',#3060,#3061);
#3060 = CARTESIAN_POINT('',(-3.,10.53));
#3061 = VECTOR('',#3062,1.);
#3062 = DIRECTION('',(0.,-1.));
#3063 = ( GEOMETRIC_REPRESENTATION_CONTEXT(2) 
PARAMETRIC_REPRESENTATION_CONTEXT() REPRESENTATION_CONTEXT('2D SPACE',''
  ) );
#3064 = PCURVE('',#1535,#3065);
#3065 = DEFINITIONAL_REPRESENTATION('',(#3066),#3070);
#3066 = LINE('',#3067,#3068);
#3067 = CARTESIAN_POINT('',(0.,-3.2));
#3068 = VECTOR('',#3069,1.);
#3069 = DIRECTION('',(1.,0.));
#3070 = ( GEOMETRIC_REPRESENTATION_CONTEXT(2) 
PARAMETRIC_REPRESENTATION_CONTEXT() REPRESENTATION_CONTEXT('2D SPACE',''
  ) );
#3071 = ORIENTED_EDGE('',*,*,#3072,.T.);
#3072 = EDGE_CURVE('',#3050,#867,#3073,.T.);
#3073 = SURFACE_CURVE('',#3074,(#3078,#3085),.PCURVE_S1.);
#3074 = LINE('',#3075,#3076);
#3075 = CARTESIAN_POINT('',(5.1,10.53,5.));
#3076 = VECTOR('',#3077,1.);
#3077 = DIRECTION('',(0.,0.,1.));
#3078 = PCURVE('',#702,#3079);
#3079 = DEFINITIONAL_REPRESENTATION('',(#3080),#3084);
#3080 = LINE('',#3081,#3082);
#3081 = CARTESIAN_POINT('',(-3.,-10.53));
#3082 = VECTOR('',#3083,1.);
#3083 = DIRECTION('',(1.,0.));
#3084 = ( GEOMETRIC_REPRESENTATION_CONTEXT(2) 
PARAMETRIC_REPRESENTATION_CONTEXT() REPRESENTATION_CONTEXT('2D SPACE',''
  ) );
#3085 = PCURVE('',#881,#3086);
#3086 = DEFINITIONAL_REPRESENTATION('',(#3087),#3091);
#3087 = LINE('',#3088,#3089);
#3088 = CARTESIAN_POINT('',(0.,-3.2));
#3089 = VECTOR('',#3090,1.);
#3090 = DIRECTION('',(1.,0.));
#3091 = ( GEOMETRIC_REPRESENTATION_CONTEXT(2) 
PARAMETRIC_REPRESENTATION_CONTEXT() REPRESENTATION_CONTEXT('2D SPACE',''
  ) );
#3092 = ORIENTED_EDGE('',*,*,#892,.T.);
#3093 = ORIENTED_EDGE('',*,*,#3094,.T.);
#3094 = EDGE_CURVE('',#893,#658,#3095,.T.);
#3095 = SURFACE_CURVE('',#3096,(#3100,#3106),.PCURVE_S1.);
#3096 = LINE('',#3097,#3098);
#3097 = CARTESIAN_POINT('',(5.1,5.85,10.2));
#3098 = VECTOR('',#3099,1.);
#3099 = DIRECTION('',(0.,-1.,0.));
#3100 = PCURVE('',#702,#3101);
#3101 = DEFINITIONAL_REPRESENTATION('',(#3102),#3105);
#3102 = B_SPLINE_CURVE_WITH_KNOTS('',1,(#3103,#3104),.UNSPECIFIED.,.F.,
  .F.,(2,2),(-1.85,13.55),.PIECEWISE_BEZIER_KNOTS.);
#3103 = CARTESIAN_POINT('',(2.2,-7.7));
#3104 = CARTESIAN_POINT('',(2.2,7.7));
#3105 = ( GEOMETRIC_REPRESENTATION_CONTEXT(2) 
PARAMETRIC_REPRESENTATION_CONTEXT() REPRESENTATION_CONTEXT('2D SPACE',''
  ) );
#3106 = PCURVE('',#673,#3107);
#3107 = DEFINITIONAL_REPRESENTATION('',(#3108),#3111);
#3108 = B_SPLINE_CURVE_WITH_KNOTS('',1,(#3109,#3110),.UNSPECIFIED.,.F.,
  .F.,(2,2),(-1.85,13.55),.PIECEWISE_BEZIER_KNOTS.);
#3109 = CARTESIAN_POINT('',(4.,-5.1));
#3110 = CARTESIAN_POINT('',(19.4,-5.1));
#3111 = ( GEOMETRIC_REPRESENTATION_CONTEXT(2) 
PARAMETRIC_REPRESENTATION_CONTEXT() REPRESENTATION_CONTEXT('2D SPACE',''
  ) );
#3112 = ORIENTED_EDGE('',*,*,#685,.T.);
#3113 = ADVANCED_FACE('',(#3114),#673,.F.);
#3114 = FACE_BOUND('',#3115,.F.);
#3115 = EDGE_LOOP('',(#3116,#3117,#3118,#3137));
#3116 = ORIENTED_EDGE('',*,*,#3094,.F.);
#3117 = ORIENTED_EDGE('',*,*,#916,.T.);
#3118 = ORIENTED_EDGE('',*,*,#3119,.T.);
#3119 = EDGE_CURVE('',#917,#629,#3120,.T.);
#3120 = SURFACE_CURVE('',#3121,(#3125,#3131),.PCURVE_S1.);
#3121 = LINE('',#3122,#3123);
#3122 = CARTESIAN_POINT('',(18.9,5.85,10.2));
#3123 = VECTOR('',#3124,1.);
#3124 = DIRECTION('',(0.,-1.,0.));
#3125 = PCURVE('',#673,#3126);
#3126 = DEFINITIONAL_REPRESENTATION('',(#3127),#3130);
#3127 = B_SPLINE_CURVE_WITH_KNOTS('',1,(#3128,#3129),.UNSPECIFIED.,.F.,
  .F.,(2,2),(-1.85,13.55),.PIECEWISE_BEZIER_KNOTS.);
#3128 = CARTESIAN_POINT('',(4.,-18.9));
#3129 = CARTESIAN_POINT('',(19.4,-18.9));
#3130 = ( GEOMETRIC_REPRESENTATION_CONTEXT(2) 
PARAMETRIC_REPRESENTATION_CONTEXT() REPRESENTATION_CONTEXT('2D SPACE',''
  ) );
#3131 = PCURVE('',#645,#3132);
#3132 = DEFINITIONAL_REPRESENTATION('',(#3133),#3136);
#3133 = B_SPLINE_CURVE_WITH_KNOTS('',1,(#3134,#3135),.UNSPECIFIED.,.F.,
  .F.,(2,2),(-1.85,13.55),.PIECEWISE_BEZIER_KNOTS.);
#3134 = CARTESIAN_POINT('',(2.2,-7.7));
#3135 = CARTESIAN_POINT('',(2.2,7.7));
#3136 = ( GEOMETRIC_REPRESENTATION_CONTEXT(2) 
PARAMETRIC_REPRESENTATION_CONTEXT() REPRESENTATION_CONTEXT('2D SPACE',''
  ) );
#3137 = ORIENTED_EDGE('',*,*,#657,.F.);
#3138 = ADVANCED_FACE('',(#3139),#645,.T.);
#3139 = FACE_BOUND('',#3140,.T.);
#3140 = EDGE_LOOP('',(#3141,#3164,#3185,#3186,#3210,#3231,#3252,#3273,
    #3294,#3315,#3337,#3338,#3361,#3382,#3383,#3384));
#3141 = ORIENTED_EDGE('',*,*,#3142,.T.);
#3142 = EDGE_CURVE('',#603,#3143,#3145,.T.);
#3143 = VERTEX_POINT('',#3144);
#3144 = CARTESIAN_POINT('',(18.9,-10.53,5.));
#3145 = SURFACE_CURVE('',#3146,(#3150,#3157),.PCURVE_S1.);
#3146 = LINE('',#3147,#3148);
#3147 = CARTESIAN_POINT('',(18.9,-10.53,11.));
#3148 = VECTOR('',#3149,1.);
#3149 = DIRECTION('',(0.,0.,-1.));
#3150 = PCURVE('',#645,#3151);
#3151 = DEFINITIONAL_REPRESENTATION('',(#3152),#3156);
#3152 = LINE('',#3153,#3154);
#3153 = CARTESIAN_POINT('',(3.,10.53));
#3154 = VECTOR('',#3155,1.);
#3155 = DIRECTION('',(-1.,0.));
#3156 = ( GEOMETRIC_REPRESENTATION_CONTEXT(2) 
PARAMETRIC_REPRESENTATION_CONTEXT() REPRESENTATION_CONTEXT('2D SPACE',''
  ) );
#3157 = PCURVE('',#617,#3158);
#3158 = DEFINITIONAL_REPRESENTATION('',(#3159),#3163);
#3159 = LINE('',#3160,#3161);
#3160 = CARTESIAN_POINT('',(0.,0.));
#3161 = VECTOR('',#3162,1.);
#3162 = DIRECTION('',(1.,0.));
#3163 = ( GEOMETRIC_REPRESENTATION_CONTEXT(2) 
PARAMETRIC_REPRESENTATION_CONTEXT() REPRESENTATION_CONTEXT('2D SPACE',''
  ) );
#3164 = ORIENTED_EDGE('',*,*,#3165,.T.);
#3165 = EDGE_CURVE('',#3143,#2019,#3166,.T.);
#3166 = SURFACE_CURVE('',#3167,(#3171,#3178),.PCURVE_S1.);
#3167 = LINE('',#3168,#3169);
#3168 = CARTESIAN_POINT('',(18.9,-10.53,5.));
#3169 = VECTOR('',#3170,1.);
#3170 = DIRECTION('',(0.,1.,0.));
#3171 = PCURVE('',#645,#3172);
#3172 = DEFINITIONAL_REPRESENTATION('',(#3173),#3177);
#3173 = LINE('',#3174,#3175);
#3174 = CARTESIAN_POINT('',(-3.,10.53));
#3175 = VECTOR('',#3176,1.);
#3176 = DIRECTION('',(0.,-1.));
#3177 = ( GEOMETRIC_REPRESENTATION_CONTEXT(2) 
PARAMETRIC_REPRESENTATION_CONTEXT() REPRESENTATION_CONTEXT('2D SPACE',''
  ) );
#3178 = PCURVE('',#2054,#3179);
#3179 = DEFINITIONAL_REPRESENTATION('',(#3180),#3184);
#3180 = LINE('',#3181,#3182);
#3181 = CARTESIAN_POINT('',(0.,0.));
#3182 = VECTOR('',#3183,1.);
#3183 = DIRECTION('',(1.,0.));
#3184 = ( GEOMETRIC_REPRESENTATION_CONTEXT(2) 
PARAMETRIC_REPRESENTATION_CONTEXT() REPRESENTATION_CONTEXT('2D SPACE',''
  ) );
#3185 = ORIENTED_EDGE('',*,*,#2018,.F.);
#3186 = ORIENTED_EDGE('',*,*,#3187,.F.);
#3187 = EDGE_CURVE('',#3188,#1991,#3190,.T.);
#3188 = VERTEX_POINT('',#3189);
#3189 = CARTESIAN_POINT('',(18.9,-7.,8.));
#3190 = SURFACE_CURVE('',#3191,(#3196,#3203),.PCURVE_S1.);
#3191 = CIRCLE('',#3192,2.5);
#3192 = AXIS2_PLACEMENT_3D('',#3193,#3194,#3195);
#3193 = CARTESIAN_POINT('',(18.9,-7.,5.5));
#3194 = DIRECTION('',(1.,0.,0.));
#3195 = DIRECTION('',(0.,-0.,1.));
#3196 = PCURVE('',#645,#3197);
#3197 = DEFINITIONAL_REPRESENTATION('',(#3198),#3202);
#3198 = CIRCLE('',#3199,2.5);
#3199 = AXIS2_PLACEMENT_2D('',#3200,#3201);
#3200 = CARTESIAN_POINT('',(-2.5,7.));
#3201 = DIRECTION('',(1.,0.));
#3202 = ( GEOMETRIC_REPRESENTATION_CONTEXT(2) 
PARAMETRIC_REPRESENTATION_CONTEXT() REPRESENTATION_CONTEXT('2D SPACE',''
  ) );
#3203 = PCURVE('',#2006,#3204);
#3204 = DEFINITIONAL_REPRESENTATION('',(#3205),#3209);
#3205 = LINE('',#3206,#3207);
#3206 = CARTESIAN_POINT('',(0.,20.9));
#3207 = VECTOR('',#3208,1.);
#3208 = DIRECTION('',(1.,0.));
#3209 = ( GEOMETRIC_REPRESENTATION_CONTEXT(2) 
PARAMETRIC_REPRESENTATION_CONTEXT() REPRESENTATION_CONTEXT('2D SPACE',''
  ) );
#3210 = ORIENTED_EDGE('',*,*,#3211,.F.);
#3211 = EDGE_CURVE('',#3212,#3188,#3214,.T.);
#3212 = VERTEX_POINT('',#3213);
#3213 = CARTESIAN_POINT('',(18.9,-4.,8.));
#3214 = SURFACE_CURVE('',#3215,(#3219,#3225),.PCURVE_S1.);
#3215 = LINE('',#3216,#3217);
#3216 = CARTESIAN_POINT('',(18.9,4.75,8.));
#3217 = VECTOR('',#3218,1.);
#3218 = DIRECTION('',(0.,-1.,0.));
#3219 = PCURVE('',#645,#3220);
#3220 = DEFINITIONAL_REPRESENTATION('',(#3221),#3224);
#3221 = B_SPLINE_CURVE_WITH_KNOTS('',1,(#3222,#3223),.UNSPECIFIED.,.F.,
  .F.,(2,2),(-2.25,11.75),.PIECEWISE_BEZIER_KNOTS.);
#3222 = CARTESIAN_POINT('',(0.,-7.));
#3223 = CARTESIAN_POINT('',(0.,7.));
#3224 = ( GEOMETRIC_REPRESENTATION_CONTEXT(2) 
PARAMETRIC_REPRESENTATION_CONTEXT() REPRESENTATION_CONTEXT('2D SPACE',''
  ) );
#3225 = PCURVE('',#2911,#3226);
#3226 = DEFINITIONAL_REPRESENTATION('',(#3227),#3230);
#3227 = B_SPLINE_CURVE_WITH_KNOTS('',1,(#3228,#3229),.UNSPECIFIED.,.F.,
  .F.,(2,2),(-2.25,11.75),.PIECEWISE_BEZIER_KNOTS.);
#3228 = CARTESIAN_POINT('',(2.5,-20.9));
#3229 = CARTESIAN_POINT('',(16.5,-20.9));
#3230 = ( GEOMETRIC_REPRESENTATION_CONTEXT(2) 
PARAMETRIC_REPRESENTATION_CONTEXT() REPRESENTATION_CONTEXT('2D SPACE',''
  ) );
#3231 = ORIENTED_EDGE('',*,*,#3232,.F.);
#3232 = EDGE_CURVE('',#3233,#3212,#3235,.T.);
#3233 = VERTEX_POINT('',#3234);
#3234 = CARTESIAN_POINT('',(18.9,-4.,9.3));
#3235 = SURFACE_CURVE('',#3236,(#3240,#3246),.PCURVE_S1.);
#3236 = LINE('',#3237,#3238);
#3237 = CARTESIAN_POINT('',(18.9,-4.,7.8));
#3238 = VECTOR('',#3239,1.);
#3239 = DIRECTION('',(0.,0.,-1.));
#3240 = PCURVE('',#645,#3241);
#3241 = DEFINITIONAL_REPRESENTATION('',(#3242),#3245);
#3242 = B_SPLINE_CURVE_WITH_KNOTS('',1,(#3243,#3244),.UNSPECIFIED.,.F.,
  .F.,(2,2),(-1.5,-0.2),.PIECEWISE_BEZIER_KNOTS.);
#3243 = CARTESIAN_POINT('',(1.3,4.));
#3244 = CARTESIAN_POINT('',(0.,4.));
#3245 = ( GEOMETRIC_REPRESENTATION_CONTEXT(2) 
PARAMETRIC_REPRESENTATION_CONTEXT() REPRESENTATION_CONTEXT('2D SPACE',''
  ) );
#3246 = PCURVE('',#2937,#3247);
#3247 = DEFINITIONAL_REPRESENTATION('',(#3248),#3251);
#3248 = B_SPLINE_CURVE_WITH_KNOTS('',1,(#3249,#3250),.UNSPECIFIED.,.F.,
  .F.,(2,2),(-1.5,-0.2),.PIECEWISE_BEZIER_KNOTS.);
#3249 = CARTESIAN_POINT('',(1.7,14.9));
#3250 = CARTESIAN_POINT('',(0.4,14.9));
#3251 = ( GEOMETRIC_REPRESENTATION_CONTEXT(2) 
PARAMETRIC_REPRESENTATION_CONTEXT() REPRESENTATION_CONTEXT('2D SPACE',''
  ) );
#3252 = ORIENTED_EDGE('',*,*,#3253,.T.);
#3253 = EDGE_CURVE('',#3233,#3254,#3256,.T.);
#3254 = VERTEX_POINT('',#3255);
#3255 = CARTESIAN_POINT('',(18.9,4.,9.3));
#3256 = SURFACE_CURVE('',#3257,(#3261,#3267),.PCURVE_S1.);
#3257 = LINE('',#3258,#3259);
#3258 = CARTESIAN_POINT('',(18.9,-2.,9.3));
#3259 = VECTOR('',#3260,1.);
#3260 = DIRECTION('',(0.,1.,0.));
#3261 = PCURVE('',#645,#3262);
#3262 = DEFINITIONAL_REPRESENTATION('',(#3263),#3266);
#3263 = B_SPLINE_CURVE_WITH_KNOTS('',1,(#3264,#3265),.UNSPECIFIED.,.F.,
  .F.,(2,2),(-2.,6.),.PIECEWISE_BEZIER_KNOTS.);
#3264 = CARTESIAN_POINT('',(1.3,4.));
#3265 = CARTESIAN_POINT('',(1.3,-4.));
#3266 = ( GEOMETRIC_REPRESENTATION_CONTEXT(2) 
PARAMETRIC_REPRESENTATION_CONTEXT() REPRESENTATION_CONTEXT('2D SPACE',''
  ) );
#3267 = PCURVE('',#2963,#3268);
#3268 = DEFINITIONAL_REPRESENTATION('',(#3269),#3272);
#3269 = B_SPLINE_CURVE_WITH_KNOTS('',1,(#3270,#3271),.UNSPECIFIED.,.F.,
  .F.,(2,2),(-2.,6.),.PIECEWISE_BEZIER_KNOTS.);
#3270 = CARTESIAN_POINT('',(14.9,0.));
#3271 = CARTESIAN_POINT('',(14.9,8.));
#3272 = ( GEOMETRIC_REPRESENTATION_CONTEXT(2) 
PARAMETRIC_REPRESENTATION_CONTEXT() REPRESENTATION_CONTEXT('2D SPACE',''
  ) );
#3273 = ORIENTED_EDGE('',*,*,#3274,.T.);
#3274 = EDGE_CURVE('',#3254,#3275,#3277,.T.);
#3275 = VERTEX_POINT('',#3276);
#3276 = CARTESIAN_POINT('',(18.9,4.,8.));
#3277 = SURFACE_CURVE('',#3278,(#3282,#3288),.PCURVE_S1.);
#3278 = LINE('',#3279,#3280);
#3279 = CARTESIAN_POINT('',(18.9,4.,7.8));
#3280 = VECTOR('',#3281,1.);
#3281 = DIRECTION('',(0.,0.,-1.));
#3282 = PCURVE('',#645,#3283);
#3283 = DEFINITIONAL_REPRESENTATION('',(#3284),#3287);
#3284 = B_SPLINE_CURVE_WITH_KNOTS('',1,(#3285,#3286),.UNSPECIFIED.,.F.,
  .F.,(2,2),(-1.5,-0.2),.PIECEWISE_BEZIER_KNOTS.);
#3285 = CARTESIAN_POINT('',(1.3,-4.));
#3286 = CARTESIAN_POINT('',(0.,-4.));
#3287 = ( GEOMETRIC_REPRESENTATION_CONTEXT(2) 
PARAMETRIC_REPRESENTATION_CONTEXT() REPRESENTATION_CONTEXT('2D SPACE',''
  ) );
#3288 = PCURVE('',#2989,#3289);
#3289 = DEFINITIONAL_REPRESENTATION('',(#3290),#3293);
#3290 = B_SPLINE_CURVE_WITH_KNOTS('',1,(#3291,#3292),.UNSPECIFIED.,.F.,
  .F.,(2,2),(-1.5,-0.2),.PIECEWISE_BEZIER_KNOTS.);
#3291 = CARTESIAN_POINT('',(1.7,14.9));
#3292 = CARTESIAN_POINT('',(0.4,14.9));
#3293 = ( GEOMETRIC_REPRESENTATION_CONTEXT(2) 
PARAMETRIC_REPRESENTATION_CONTEXT() REPRESENTATION_CONTEXT('2D SPACE',''
  ) );
#3294 = ORIENTED_EDGE('',*,*,#3295,.F.);
#3295 = EDGE_CURVE('',#3296,#3275,#3298,.T.);
#3296 = VERTEX_POINT('',#3297);
#3297 = CARTESIAN_POINT('',(18.9,7.,8.));
#3298 = SURFACE_CURVE('',#3299,(#3303,#3309),.PCURVE_S1.);
#3299 = LINE('',#3300,#3301);
#3300 = CARTESIAN_POINT('',(18.9,4.75,8.));
#3301 = VECTOR('',#3302,1.);
#3302 = DIRECTION('',(0.,-1.,0.));
#3303 = PCURVE('',#645,#3304);
#3304 = DEFINITIONAL_REPRESENTATION('',(#3305),#3308);
#3305 = B_SPLINE_CURVE_WITH_KNOTS('',1,(#3306,#3307),.UNSPECIFIED.,.F.,
  .F.,(2,2),(-2.25,11.75),.PIECEWISE_BEZIER_KNOTS.);
#3306 = CARTESIAN_POINT('',(0.,-7.));
#3307 = CARTESIAN_POINT('',(0.,7.));
#3308 = ( GEOMETRIC_REPRESENTATION_CONTEXT(2) 
PARAMETRIC_REPRESENTATION_CONTEXT() REPRESENTATION_CONTEXT('2D SPACE',''
  ) );
#3309 = PCURVE('',#3015,#3310);
#3310 = DEFINITIONAL_REPRESENTATION('',(#3311),#3314);
#3311 = B_SPLINE_CURVE_WITH_KNOTS('',1,(#3312,#3313),.UNSPECIFIED.,.F.,
  .F.,(2,2),(-2.25,11.75),.PIECEWISE_BEZIER_KNOTS.);
#3312 = CARTESIAN_POINT('',(2.5,-20.9));
#3313 = CARTESIAN_POINT('',(16.5,-20.9));
#3314 = ( GEOMETRIC_REPRESENTATION_CONTEXT(2) 
PARAMETRIC_REPRESENTATION_CONTEXT() REPRESENTATION_CONTEXT('2D SPACE',''
  ) );
#3315 = ORIENTED_EDGE('',*,*,#3316,.F.);
#3316 = EDGE_CURVE('',#1451,#3296,#3317,.T.);
#3317 = SURFACE_CURVE('',#3318,(#3323,#3330),.PCURVE_S1.);
#3318 = CIRCLE('',#3319,2.5);
#3319 = AXIS2_PLACEMENT_3D('',#3320,#3321,#3322);
#3320 = CARTESIAN_POINT('',(18.9,7.,5.5));
#3321 = DIRECTION('',(1.,0.,0.));
#3322 = DIRECTION('',(-0.,1.,0.));
#3323 = PCURVE('',#645,#3324);
#3324 = DEFINITIONAL_REPRESENTATION('',(#3325),#3329);
#3325 = CIRCLE('',#3326,2.5);
#3326 = AXIS2_PLACEMENT_2D('',#3327,#3328);
#3327 = CARTESIAN_POINT('',(-2.5,-7.));
#3328 = DIRECTION('',(0.,-1.));
#3329 = ( GEOMETRIC_REPRESENTATION_CONTEXT(2) 
PARAMETRIC_REPRESENTATION_CONTEXT() REPRESENTATION_CONTEXT('2D SPACE',''
  ) );
#3330 = PCURVE('',#1487,#3331);
#3331 = DEFINITIONAL_REPRESENTATION('',(#3332),#3336);
#3332 = LINE('',#3333,#3334);
#3333 = CARTESIAN_POINT('',(0.,20.9));
#3334 = VECTOR('',#3335,1.);
#3335 = DIRECTION('',(1.,0.));
#3336 = ( GEOMETRIC_REPRESENTATION_CONTEXT(2) 
PARAMETRIC_REPRESENTATION_CONTEXT() REPRESENTATION_CONTEXT('2D SPACE',''
  ) );
#3337 = ORIENTED_EDGE('',*,*,#1450,.F.);
#3338 = ORIENTED_EDGE('',*,*,#3339,.T.);
#3339 = EDGE_CURVE('',#1425,#3340,#3342,.T.);
#3340 = VERTEX_POINT('',#3341);
#3341 = CARTESIAN_POINT('',(18.9,10.53,5.));
#3342 = SURFACE_CURVE('',#3343,(#3347,#3354),.PCURVE_S1.);
#3343 = LINE('',#3344,#3345);
#3344 = CARTESIAN_POINT('',(18.9,-10.53,5.));
#3345 = VECTOR('',#3346,1.);
#3346 = DIRECTION('',(0.,1.,0.));
#3347 = PCURVE('',#645,#3348);
#3348 = DEFINITIONAL_REPRESENTATION('',(#3349),#3353);
#3349 = LINE('',#3350,#3351);
#3350 = CARTESIAN_POINT('',(-3.,10.53));
#3351 = VECTOR('',#3352,1.);
#3352 = DIRECTION('',(0.,-1.));
#3353 = ( GEOMETRIC_REPRESENTATION_CONTEXT(2) 
PARAMETRIC_REPRESENTATION_CONTEXT() REPRESENTATION_CONTEXT('2D SPACE',''
  ) );
#3354 = PCURVE('',#1439,#3355);
#3355 = DEFINITIONAL_REPRESENTATION('',(#3356),#3360);
#3356 = LINE('',#3357,#3358);
#3357 = CARTESIAN_POINT('',(0.,0.));
#3358 = VECTOR('',#3359,1.);
#3359 = DIRECTION('',(1.,0.));
#3360 = ( GEOMETRIC_REPRESENTATION_CONTEXT(2) 
PARAMETRIC_REPRESENTATION_CONTEXT() REPRESENTATION_CONTEXT('2D SPACE',''
  ) );
#3361 = ORIENTED_EDGE('',*,*,#3362,.T.);
#3362 = EDGE_CURVE('',#3340,#940,#3363,.T.);
#3363 = SURFACE_CURVE('',#3364,(#3368,#3375),.PCURVE_S1.);
#3364 = LINE('',#3365,#3366);
#3365 = CARTESIAN_POINT('',(18.9,10.53,5.));
#3366 = VECTOR('',#3367,1.);
#3367 = DIRECTION('',(0.,0.,1.));
#3368 = PCURVE('',#645,#3369);
#3369 = DEFINITIONAL_REPRESENTATION('',(#3370),#3374);
#3370 = LINE('',#3371,#3372);
#3371 = CARTESIAN_POINT('',(-3.,-10.53));
#3372 = VECTOR('',#3373,1.);
#3373 = DIRECTION('',(1.,0.));
#3374 = ( GEOMETRIC_REPRESENTATION_CONTEXT(2) 
PARAMETRIC_REPRESENTATION_CONTEXT() REPRESENTATION_CONTEXT('2D SPACE',''
  ) );
#3375 = PCURVE('',#978,#3376);
#3376 = DEFINITIONAL_REPRESENTATION('',(#3377),#3381);
#3377 = LINE('',#3378,#3379);
#3378 = CARTESIAN_POINT('',(0.,0.));
#3379 = VECTOR('',#3380,1.);
#3380 = DIRECTION('',(1.,0.));
#3381 = ( GEOMETRIC_REPRESENTATION_CONTEXT(2) 
PARAMETRIC_REPRESENTATION_CONTEXT() REPRESENTATION_CONTEXT('2D SPACE',''
  ) );
#3382 = ORIENTED_EDGE('',*,*,#939,.T.);
#3383 = ORIENTED_EDGE('',*,*,#3119,.T.);
#3384 = ORIENTED_EDGE('',*,*,#628,.T.);
#3385 = ADVANCED_FACE('',(#3386),#617,.T.);
#3386 = FACE_BOUND('',#3387,.T.);
#3387 = EDGE_LOOP('',(#3388,#3389,#3390,#3413));
#3388 = ORIENTED_EDGE('',*,*,#3142,.F.);
#3389 = ORIENTED_EDGE('',*,*,#602,.T.);
#3390 = ORIENTED_EDGE('',*,*,#3391,.T.);
#3391 = EDGE_CURVE('',#574,#3392,#3394,.T.);
#3392 = VERTEX_POINT('',#3393);
#3393 = CARTESIAN_POINT('',(22.1,-10.53,5.));
#3394 = SURFACE_CURVE('',#3395,(#3399,#3406),.PCURVE_S1.);
#3395 = LINE('',#3396,#3397);
#3396 = CARTESIAN_POINT('',(22.1,-10.53,11.));
#3397 = VECTOR('',#3398,1.);
#3398 = DIRECTION('',(0.,0.,-1.));
#3399 = PCURVE('',#617,#3400);
#3400 = DEFINITIONAL_REPRESENTATION('',(#3401),#3405);
#3401 = LINE('',#3402,#3403);
#3402 = CARTESIAN_POINT('',(0.,-3.2));
#3403 = VECTOR('',#3404,1.);
#3404 = DIRECTION('',(1.,0.));
#3405 = ( GEOMETRIC_REPRESENTATION_CONTEXT(2) 
PARAMETRIC_REPRESENTATION_CONTEXT() REPRESENTATION_CONTEXT('2D SPACE',''
  ) );
#3406 = PCURVE('',#590,#3407);
#3407 = DEFINITIONAL_REPRESENTATION('',(#3408),#3412);
#3408 = LINE('',#3409,#3410);
#3409 = CARTESIAN_POINT('',(3.,10.53));
#3410 = VECTOR('',#3411,1.);
#3411 = DIRECTION('',(-1.,0.));
#3412 = ( GEOMETRIC_REPRESENTATION_CONTEXT(2) 
PARAMETRIC_REPRESENTATION_CONTEXT() REPRESENTATION_CONTEXT('2D SPACE',''
  ) );
#3413 = ORIENTED_EDGE('',*,*,#3414,.F.);
#3414 = EDGE_CURVE('',#3143,#3392,#3415,.T.);
#3415 = SURFACE_CURVE('',#3416,(#3420,#3427),.PCURVE_S1.);
#3416 = LINE('',#3417,#3418);
#3417 = CARTESIAN_POINT('',(18.9,-10.53,5.));
#3418 = VECTOR('',#3419,1.);
#3419 = DIRECTION('',(1.,0.,0.));
#3420 = PCURVE('',#617,#3421);
#3421 = DEFINITIONAL_REPRESENTATION('',(#3422),#3426);
#3422 = LINE('',#3423,#3424);
#3423 = CARTESIAN_POINT('',(6.,0.));
#3424 = VECTOR('',#3425,1.);
#3425 = DIRECTION('',(0.,-1.));
#3426 = ( GEOMETRIC_REPRESENTATION_CONTEXT(2) 
PARAMETRIC_REPRESENTATION_CONTEXT() REPRESENTATION_CONTEXT('2D SPACE',''
  ) );
#3427 = PCURVE('',#2054,#3428);
#3428 = DEFINITIONAL_REPRESENTATION('',(#3429),#3433);
#3429 = LINE('',#3430,#3431);
#3430 = CARTESIAN_POINT('',(0.,0.));
#3431 = VECTOR('',#3432,1.);
#3432 = DIRECTION('',(0.,-1.));
#3433 = ( GEOMETRIC_REPRESENTATION_CONTEXT(2) 
PARAMETRIC_REPRESENTATION_CONTEXT() REPRESENTATION_CONTEXT('2D SPACE',''
  ) );
#3434 = ADVANCED_FACE('',(#3435),#590,.F.);
#3435 = FACE_BOUND('',#3436,.F.);
#3436 = EDGE_LOOP('',(#3437,#3438,#3459,#3460,#3484,#3510,#3532,#3533,
    #3556,#3577,#3578,#3597));
#3437 = ORIENTED_EDGE('',*,*,#3391,.T.);
#3438 = ORIENTED_EDGE('',*,*,#3439,.T.);
#3439 = EDGE_CURVE('',#3392,#2040,#3440,.T.);
#3440 = SURFACE_CURVE('',#3441,(#3445,#3452),.PCURVE_S1.);
#3441 = LINE('',#3442,#3443);
#3442 = CARTESIAN_POINT('',(22.1,-10.53,5.));
#3443 = VECTOR('',#3444,1.);
#3444 = DIRECTION('',(0.,1.,0.));
#3445 = PCURVE('',#590,#3446);
#3446 = DEFINITIONAL_REPRESENTATION('',(#3447),#3451);
#3447 = LINE('',#3448,#3449);
#3448 = CARTESIAN_POINT('',(-3.,10.53));
#3449 = VECTOR('',#3450,1.);
#3450 = DIRECTION('',(0.,-1.));
#3451 = ( GEOMETRIC_REPRESENTATION_CONTEXT(2) 
PARAMETRIC_REPRESENTATION_CONTEXT() REPRESENTATION_CONTEXT('2D SPACE',''
  ) );
#3452 = PCURVE('',#2054,#3453);
#3453 = DEFINITIONAL_REPRESENTATION('',(#3454),#3458);
#3454 = LINE('',#3455,#3456);
#3455 = CARTESIAN_POINT('',(0.,-3.2));
#3456 = VECTOR('',#3457,1.);
#3457 = DIRECTION('',(1.,0.));
#3458 = ( GEOMETRIC_REPRESENTATION_CONTEXT(2) 
PARAMETRIC_REPRESENTATION_CONTEXT() REPRESENTATION_CONTEXT('2D SPACE',''
  ) );
#3459 = ORIENTED_EDGE('',*,*,#2065,.F.);
#3460 = ORIENTED_EDGE('',*,*,#3461,.F.);
#3461 = EDGE_CURVE('',#3462,#2066,#3464,.T.);
#3462 = VERTEX_POINT('',#3463);
#3463 = CARTESIAN_POINT('',(22.1,-7.,8.));
#3464 = SURFACE_CURVE('',#3465,(#3470,#3477),.PCURVE_S1.);
#3465 = CIRCLE('',#3466,2.5);
#3466 = AXIS2_PLACEMENT_3D('',#3467,#3468,#3469);
#3467 = CARTESIAN_POINT('',(22.1,-7.,5.5));
#3468 = DIRECTION('',(1.,0.,0.));
#3469 = DIRECTION('',(0.,-0.,1.));
#3470 = PCURVE('',#590,#3471);
#3471 = DEFINITIONAL_REPRESENTATION('',(#3472),#3476);
#3472 = CIRCLE('',#3473,2.5);
#3473 = AXIS2_PLACEMENT_2D('',#3474,#3475);
#3474 = CARTESIAN_POINT('',(-2.5,7.));
#3475 = DIRECTION('',(1.,0.));
#3476 = ( GEOMETRIC_REPRESENTATION_CONTEXT(2) 
PARAMETRIC_REPRESENTATION_CONTEXT() REPRESENTATION_CONTEXT('2D SPACE',''
  ) );
#3477 = PCURVE('',#2102,#3478);
#3478 = DEFINITIONAL_REPRESENTATION('',(#3479),#3483);
#3479 = LINE('',#3480,#3481);
#3480 = CARTESIAN_POINT('',(0.,24.1));
#3481 = VECTOR('',#3482,1.);
#3482 = DIRECTION('',(1.,0.));
#3483 = ( GEOMETRIC_REPRESENTATION_CONTEXT(2) 
PARAMETRIC_REPRESENTATION_CONTEXT() REPRESENTATION_CONTEXT('2D SPACE',''
  ) );
#3484 = ORIENTED_EDGE('',*,*,#3485,.F.);
#3485 = EDGE_CURVE('',#3486,#3462,#3488,.T.);
#3486 = VERTEX_POINT('',#3487);
#3487 = CARTESIAN_POINT('',(22.1,7.,8.));
#3488 = SURFACE_CURVE('',#3489,(#3493,#3499),.PCURVE_S1.);
#3489 = LINE('',#3490,#3491);
#3490 = CARTESIAN_POINT('',(22.1,4.75,8.));
#3491 = VECTOR('',#3492,1.);
#3492 = DIRECTION('',(0.,-1.,0.));
#3493 = PCURVE('',#590,#3494);
#3494 = DEFINITIONAL_REPRESENTATION('',(#3495),#3498);
#3495 = B_SPLINE_CURVE_WITH_KNOTS('',1,(#3496,#3497),.UNSPECIFIED.,.F.,
  .F.,(2,2),(-2.25,11.75),.PIECEWISE_BEZIER_KNOTS.);
#3496 = CARTESIAN_POINT('',(0.,-7.));
#3497 = CARTESIAN_POINT('',(0.,7.));
#3498 = ( GEOMETRIC_REPRESENTATION_CONTEXT(2) 
PARAMETRIC_REPRESENTATION_CONTEXT() REPRESENTATION_CONTEXT('2D SPACE',''
  ) );
#3499 = PCURVE('',#3500,#3505);
#3500 = PLANE('',#3501);
#3501 = AXIS2_PLACEMENT_3D('',#3502,#3503,#3504);
#3502 = CARTESIAN_POINT('',(-2.,9.5,8.));
#3503 = DIRECTION('',(0.,0.,-1.));
#3504 = DIRECTION('',(0.,-1.,0.));
#3505 = DEFINITIONAL_REPRESENTATION('',(#3506),#3509);
#3506 = B_SPLINE_CURVE_WITH_KNOTS('',1,(#3507,#3508),.UNSPECIFIED.,.F.,
  .F.,(2,2),(-2.25,11.75),.PIECEWISE_BEZIER_KNOTS.);
#3507 = CARTESIAN_POINT('',(2.5,-24.1));
#3508 = CARTESIAN_POINT('',(16.5,-24.1));
#3509 = ( GEOMETRIC_REPRESENTATION_CONTEXT(2) 
PARAMETRIC_REPRESENTATION_CONTEXT() REPRESENTATION_CONTEXT('2D SPACE',''
  ) );
#3510 = ORIENTED_EDGE('',*,*,#3511,.F.);
#3511 = EDGE_CURVE('',#1376,#3486,#3512,.T.);
#3512 = SURFACE_CURVE('',#3513,(#3518,#3525),.PCURVE_S1.);
#3513 = CIRCLE('',#3514,2.5);
#3514 = AXIS2_PLACEMENT_3D('',#3515,#3516,#3517);
#3515 = CARTESIAN_POINT('',(22.1,7.,5.5));
#3516 = DIRECTION('',(1.,0.,0.));
#3517 = DIRECTION('',(-0.,1.,0.));
#3518 = PCURVE('',#590,#3519);
#3519 = DEFINITIONAL_REPRESENTATION('',(#3520),#3524);
#3520 = CIRCLE('',#3521,2.5);
#3521 = AXIS2_PLACEMENT_2D('',#3522,#3523);
#3522 = CARTESIAN_POINT('',(-2.5,-7.));
#3523 = DIRECTION('',(0.,-1.));
#3524 = ( GEOMETRIC_REPRESENTATION_CONTEXT(2) 
PARAMETRIC_REPRESENTATION_CONTEXT() REPRESENTATION_CONTEXT('2D SPACE',''
  ) );
#3525 = PCURVE('',#1391,#3526);
#3526 = DEFINITIONAL_REPRESENTATION('',(#3527),#3531);
#3527 = LINE('',#3528,#3529);
#3528 = CARTESIAN_POINT('',(0.,24.1));
#3529 = VECTOR('',#3530,1.);
#3530 = DIRECTION('',(1.,0.));
#3531 = ( GEOMETRIC_REPRESENTATION_CONTEXT(2) 
PARAMETRIC_REPRESENTATION_CONTEXT() REPRESENTATION_CONTEXT('2D SPACE',''
  ) );
#3532 = ORIENTED_EDGE('',*,*,#1403,.F.);
#3533 = ORIENTED_EDGE('',*,*,#3534,.T.);
#3534 = EDGE_CURVE('',#1404,#3535,#3537,.T.);
#3535 = VERTEX_POINT('',#3536);
#3536 = CARTESIAN_POINT('',(22.1,10.53,5.));
#3537 = SURFACE_CURVE('',#3538,(#3542,#3549),.PCURVE_S1.);
#3538 = LINE('',#3539,#3540);
#3539 = CARTESIAN_POINT('',(22.1,-10.53,5.));
#3540 = VECTOR('',#3541,1.);
#3541 = DIRECTION('',(0.,1.,0.));
#3542 = PCURVE('',#590,#3543);
#3543 = DEFINITIONAL_REPRESENTATION('',(#3544),#3548);
#3544 = LINE('',#3545,#3546);
#3545 = CARTESIAN_POINT('',(-3.,10.53));
#3546 = VECTOR('',#3547,1.);
#3547 = DIRECTION('',(0.,-1.));
#3548 = ( GEOMETRIC_REPRESENTATION_CONTEXT(2) 
PARAMETRIC_REPRESENTATION_CONTEXT() REPRESENTATION_CONTEXT('2D SPACE',''
  ) );
#3549 = PCURVE('',#1439,#3550);
#3550 = DEFINITIONAL_REPRESENTATION('',(#3551),#3555);
#3551 = LINE('',#3552,#3553);
#3552 = CARTESIAN_POINT('',(0.,-3.2));
#3553 = VECTOR('',#3554,1.);
#3554 = DIRECTION('',(1.,0.));
#3555 = ( GEOMETRIC_REPRESENTATION_CONTEXT(2) 
PARAMETRIC_REPRESENTATION_CONTEXT() REPRESENTATION_CONTEXT('2D SPACE',''
  ) );
#3556 = ORIENTED_EDGE('',*,*,#3557,.T.);
#3557 = EDGE_CURVE('',#3535,#964,#3558,.T.);
#3558 = SURFACE_CURVE('',#3559,(#3563,#3570),.PCURVE_S1.);
#3559 = LINE('',#3560,#3561);
#3560 = CARTESIAN_POINT('',(22.1,10.53,5.));
#3561 = VECTOR('',#3562,1.);
#3562 = DIRECTION('',(0.,0.,1.));
#3563 = PCURVE('',#590,#3564);
#3564 = DEFINITIONAL_REPRESENTATION('',(#3565),#3569);
#3565 = LINE('',#3566,#3567);
#3566 = CARTESIAN_POINT('',(-3.,-10.53));
#3567 = VECTOR('',#3568,1.);
#3568 = DIRECTION('',(1.,0.));
#3569 = ( GEOMETRIC_REPRESENTATION_CONTEXT(2) 
PARAMETRIC_REPRESENTATION_CONTEXT() REPRESENTATION_CONTEXT('2D SPACE',''
  ) );
#3570 = PCURVE('',#978,#3571);
#3571 = DEFINITIONAL_REPRESENTATION('',(#3572),#3576);
#3572 = LINE('',#3573,#3574);
#3573 = CARTESIAN_POINT('',(0.,-3.2));
#3574 = VECTOR('',#3575,1.);
#3575 = DIRECTION('',(1.,0.));
#3576 = ( GEOMETRIC_REPRESENTATION_CONTEXT(2) 
PARAMETRIC_REPRESENTATION_CONTEXT() REPRESENTATION_CONTEXT('2D SPACE',''
  ) );
#3577 = ORIENTED_EDGE('',*,*,#989,.T.);
#3578 = ORIENTED_EDGE('',*,*,#3579,.T.);
#3579 = EDGE_CURVE('',#990,#546,#3580,.T.);
#3580 = SURFACE_CURVE('',#3581,(#3585,#3591),.PCURVE_S1.);
#3581 = LINE('',#3582,#3583);
#3582 = CARTESIAN_POINT('',(22.1,5.85,10.2));
#3583 = VECTOR('',#3584,1.);
#3584 = DIRECTION('',(0.,-1.,0.));
#3585 = PCURVE('',#590,#3586);
#3586 = DEFINITIONAL_REPRESENTATION('',(#3587),#3590);
#3587 = B_SPLINE_CURVE_WITH_KNOTS('',1,(#3588,#3589),.UNSPECIFIED.,.F.,
  .F.,(2,2),(-1.85,13.55),.PIECEWISE_BEZIER_KNOTS.);
#3588 = CARTESIAN_POINT('',(2.2,-7.7));
#3589 = CARTESIAN_POINT('',(2.2,7.7));
#3590 = ( GEOMETRIC_REPRESENTATION_CONTEXT(2) 
PARAMETRIC_REPRESENTATION_CONTEXT() REPRESENTATION_CONTEXT('2D SPACE',''
  ) );
#3591 = PCURVE('',#561,#3592);
#3592 = DEFINITIONAL_REPRESENTATION('',(#3593),#3596);
#3593 = B_SPLINE_CURVE_WITH_KNOTS('',1,(#3594,#3595),.UNSPECIFIED.,.F.,
  .F.,(2,2),(-1.85,13.55),.PIECEWISE_BEZIER_KNOTS.);
#3594 = CARTESIAN_POINT('',(4.,-22.1));
#3595 = CARTESIAN_POINT('',(19.4,-22.1));
#3596 = ( GEOMETRIC_REPRESENTATION_CONTEXT(2) 
PARAMETRIC_REPRESENTATION_CONTEXT() REPRESENTATION_CONTEXT('2D SPACE',''
  ) );
#3597 = ORIENTED_EDGE('',*,*,#573,.T.);
#3598 = ADVANCED_FACE('',(#3599),#561,.F.);
#3599 = FACE_BOUND('',#3600,.F.);
#3600 = EDGE_LOOP('',(#3601,#3602,#3603,#3624));
#3601 = ORIENTED_EDGE('',*,*,#3579,.F.);
#3602 = ORIENTED_EDGE('',*,*,#1013,.T.);
#3603 = ORIENTED_EDGE('',*,*,#3604,.T.);
#3604 = EDGE_CURVE('',#1014,#517,#3605,.T.);
#3605 = SURFACE_CURVE('',#3606,(#3610,#3617),.PCURVE_S1.);
#3606 = LINE('',#3607,#3608);
#3607 = CARTESIAN_POINT('',(24.,11.7,10.2));
#3608 = VECTOR('',#3609,1.);
#3609 = DIRECTION('',(0.,-1.,0.));
#3610 = PCURVE('',#561,#3611);
#3611 = DEFINITIONAL_REPRESENTATION('',(#3612),#3616);
#3612 = LINE('',#3613,#3614);
#3613 = CARTESIAN_POINT('',(0.,-24.));
#3614 = VECTOR('',#3615,1.);
#3615 = DIRECTION('',(1.,0.));
#3616 = ( GEOMETRIC_REPRESENTATION_CONTEXT(2) 
PARAMETRIC_REPRESENTATION_CONTEXT() REPRESENTATION_CONTEXT('2D SPACE',''
  ) );
#3617 = PCURVE('',#533,#3618);
#3618 = DEFINITIONAL_REPRESENTATION('',(#3619),#3623);
#3619 = LINE('',#3620,#3621);
#3620 = CARTESIAN_POINT('',(10.2,-11.7));
#3621 = VECTOR('',#3622,1.);
#3622 = DIRECTION('',(0.,1.));
#3623 = ( GEOMETRIC_REPRESENTATION_CONTEXT(2) 
PARAMETRIC_REPRESENTATION_CONTEXT() REPRESENTATION_CONTEXT('2D SPACE',''
  ) );
#3624 = ORIENTED_EDGE('',*,*,#545,.F.);
#3625 = ADVANCED_FACE('',(#3626),#533,.T.);
#3626 = FACE_BOUND('',#3627,.T.);
#3627 = EDGE_LOOP('',(#3628,#3629,#3630,#3631,#3655,#3676,#3698,#3699,
    #3700,#3701,#3702,#3703));
#3628 = ORIENTED_EDGE('',*,*,#2486,.T.);
#3629 = ORIENTED_EDGE('',*,*,#2462,.F.);
#3630 = ORIENTED_EDGE('',*,*,#2114,.T.);
#3631 = ORIENTED_EDGE('',*,*,#3632,.F.);
#3632 = EDGE_CURVE('',#3633,#2087,#3635,.T.);
#3633 = VERTEX_POINT('',#3634);
#3634 = CARTESIAN_POINT('',(24.,-7.,8.));
#3635 = SURFACE_CURVE('',#3636,(#3641,#3648),.PCURVE_S1.);
#3636 = CIRCLE('',#3637,2.5);
#3637 = AXIS2_PLACEMENT_3D('',#3638,#3639,#3640);
#3638 = CARTESIAN_POINT('',(24.,-7.,5.5));
#3639 = DIRECTION('',(1.,0.,0.));
#3640 = DIRECTION('',(0.,-0.,1.));
#3641 = PCURVE('',#533,#3642);
#3642 = DEFINITIONAL_REPRESENTATION('',(#3643),#3647);
#3643 = CIRCLE('',#3644,2.5);
#3644 = AXIS2_PLACEMENT_2D('',#3645,#3646);
#3645 = CARTESIAN_POINT('',(5.5,7.));
#3646 = DIRECTION('',(1.,0.));
#3647 = ( GEOMETRIC_REPRESENTATION_CONTEXT(2) 
PARAMETRIC_REPRESENTATION_CONTEXT() REPRESENTATION_CONTEXT('2D SPACE',''
  ) );
#3648 = PCURVE('',#2102,#3649);
#3649 = DEFINITIONAL_REPRESENTATION('',(#3650),#3654);
#3650 = LINE('',#3651,#3652);
#3651 = CARTESIAN_POINT('',(0.,26.));
#3652 = VECTOR('',#3653,1.);
#3653 = DIRECTION('',(1.,0.));
#3654 = ( GEOMETRIC_REPRESENTATION_CONTEXT(2) 
PARAMETRIC_REPRESENTATION_CONTEXT() REPRESENTATION_CONTEXT('2D SPACE',''
  ) );
#3655 = ORIENTED_EDGE('',*,*,#3656,.T.);
#3656 = EDGE_CURVE('',#3633,#3657,#3659,.T.);
#3657 = VERTEX_POINT('',#3658);
#3658 = CARTESIAN_POINT('',(24.,7.,8.));
#3659 = SURFACE_CURVE('',#3660,(#3664,#3670),.PCURVE_S1.);
#3660 = LINE('',#3661,#3662);
#3661 = CARTESIAN_POINT('',(24.,4.75,8.));
#3662 = VECTOR('',#3663,1.);
#3663 = DIRECTION('',(-0.,1.,0.));
#3664 = PCURVE('',#533,#3665);
#3665 = DEFINITIONAL_REPRESENTATION('',(#3666),#3669);
#3666 = B_SPLINE_CURVE_WITH_KNOTS('',1,(#3667,#3668),.UNSPECIFIED.,.F.,
  .F.,(2,2),(-11.75,2.25),.PIECEWISE_BEZIER_KNOTS.);
#3667 = CARTESIAN_POINT('',(8.,7.));
#3668 = CARTESIAN_POINT('',(8.,-7.));
#3669 = ( GEOMETRIC_REPRESENTATION_CONTEXT(2) 
PARAMETRIC_REPRESENTATION_CONTEXT() REPRESENTATION_CONTEXT('2D SPACE',''
  ) );
#3670 = PCURVE('',#3500,#3671);
#3671 = DEFINITIONAL_REPRESENTATION('',(#3672),#3675);
#3672 = B_SPLINE_CURVE_WITH_KNOTS('',1,(#3673,#3674),.UNSPECIFIED.,.F.,
  .F.,(2,2),(-11.75,2.25),.PIECEWISE_BEZIER_KNOTS.);
#3673 = CARTESIAN_POINT('',(16.5,-26.));
#3674 = CARTESIAN_POINT('',(2.5,-26.));
#3675 = ( GEOMETRIC_REPRESENTATION_CONTEXT(2) 
PARAMETRIC_REPRESENTATION_CONTEXT() REPRESENTATION_CONTEXT('2D SPACE',''
  ) );
#3676 = ORIENTED_EDGE('',*,*,#3677,.F.);
#3677 = EDGE_CURVE('',#1355,#3657,#3678,.T.);
#3678 = SURFACE_CURVE('',#3679,(#3684,#3691),.PCURVE_S1.);
#3679 = CIRCLE('',#3680,2.5);
#3680 = AXIS2_PLACEMENT_3D('',#3681,#3682,#3683);
#3681 = CARTESIAN_POINT('',(24.,7.,5.5));
#3682 = DIRECTION('',(1.,0.,0.));
#3683 = DIRECTION('',(-0.,1.,0.));
#3684 = PCURVE('',#533,#3685);
#3685 = DEFINITIONAL_REPRESENTATION('',(#3686),#3690);
#3686 = CIRCLE('',#3687,2.5);
#3687 = AXIS2_PLACEMENT_2D('',#3688,#3689);
#3688 = CARTESIAN_POINT('',(5.5,-7.));
#3689 = DIRECTION('',(0.,-1.));
#3690 = ( GEOMETRIC_REPRESENTATION_CONTEXT(2) 
PARAMETRIC_REPRESENTATION_CONTEXT() REPRESENTATION_CONTEXT('2D SPACE',''
  ) );
#3691 = PCURVE('',#1391,#3692);
#3692 = DEFINITIONAL_REPRESENTATION('',(#3693),#3697);
#3693 = LINE('',#3694,#3695);
#3694 = CARTESIAN_POINT('',(0.,26.));
#3695 = VECTOR('',#3696,1.);
#3696 = DIRECTION('',(1.,0.));
#3697 = ( GEOMETRIC_REPRESENTATION_CONTEXT(2) 
PARAMETRIC_REPRESENTATION_CONTEXT() REPRESENTATION_CONTEXT('2D SPACE',''
  ) );
#3698 = ORIENTED_EDGE('',*,*,#1354,.T.);
#3699 = ORIENTED_EDGE('',*,*,#1307,.F.);
#3700 = ORIENTED_EDGE('',*,*,#1190,.T.);
#3701 = ORIENTED_EDGE('',*,*,#1036,.T.);
#3702 = ORIENTED_EDGE('',*,*,#3604,.T.);
#3703 = ORIENTED_EDGE('',*,*,#516,.T.);
#3704 = ADVANCED_FACE('',(#3705),#1153,.F.);
#3705 = FACE_BOUND('',#3706,.F.);
#3706 = EDGE_LOOP('',(#3707,#3730,#3731,#3732,#3756,#3784,#3817,#3845,
    #3873,#3906,#3934,#3963,#3991,#4019,#4047,#4080,#4108,#4137,#4165,
    #4193,#4222,#4250));
#3707 = ORIENTED_EDGE('',*,*,#3708,.F.);
#3708 = EDGE_CURVE('',#1113,#3709,#3711,.T.);
#3709 = VERTEX_POINT('',#3710);
#3710 = CARTESIAN_POINT('',(2.,11.4,13.2));
#3711 = SURFACE_CURVE('',#3712,(#3716,#3723),.PCURVE_S1.);
#3712 = LINE('',#3713,#3714);
#3713 = CARTESIAN_POINT('',(2.,11.4,0.));
#3714 = VECTOR('',#3715,1.);
#3715 = DIRECTION('',(0.,0.,1.));
#3716 = PCURVE('',#1153,#3717);
#3717 = DEFINITIONAL_REPRESENTATION('',(#3718),#3722);
#3718 = LINE('',#3719,#3720);
#3719 = CARTESIAN_POINT('',(0.,0.));
#3720 = VECTOR('',#3721,1.);
#3721 = DIRECTION('',(1.,0.));
#3722 = ( GEOMETRIC_REPRESENTATION_CONTEXT(2) 
PARAMETRIC_REPRESENTATION_CONTEXT() REPRESENTATION_CONTEXT('2D SPACE',''
  ) );
#3723 = PCURVE('',#1127,#3724);
#3724 = DEFINITIONAL_REPRESENTATION('',(#3725),#3729);
#3725 = LINE('',#3726,#3727);
#3726 = CARTESIAN_POINT('',(0.,0.));
#3727 = VECTOR('',#3728,1.);
#3728 = DIRECTION('',(1.,0.));
#3729 = ( GEOMETRIC_REPRESENTATION_CONTEXT(2) 
PARAMETRIC_REPRESENTATION_CONTEXT() REPRESENTATION_CONTEXT('2D SPACE',''
  ) );
#3730 = ORIENTED_EDGE('',*,*,#1138,.F.);
#3731 = ORIENTED_EDGE('',*,*,#1260,.F.);
#3732 = ORIENTED_EDGE('',*,*,#3733,.T.);
#3733 = EDGE_CURVE('',#1235,#3734,#3736,.T.);
#3734 = VERTEX_POINT('',#3735);
#3735 = CARTESIAN_POINT('',(2.,12.2,0.));
#3736 = SURFACE_CURVE('',#3737,(#3742,#3749),.PCURVE_S1.);
#3737 = CIRCLE('',#3738,0.8);
#3738 = AXIS2_PLACEMENT_3D('',#3739,#3740,#3741);
#3739 = CARTESIAN_POINT('',(2.,12.2,0.8));
#3740 = DIRECTION('',(1.,0.,0.));
#3741 = DIRECTION('',(-0.,0.,1.));
#3742 = PCURVE('',#1153,#3743);
#3743 = DEFINITIONAL_REPRESENTATION('',(#3744),#3748);
#3744 = CIRCLE('',#3745,0.8);
#3745 = AXIS2_PLACEMENT_2D('',#3746,#3747);
#3746 = CARTESIAN_POINT('',(0.8,-0.8));
#3747 = DIRECTION('',(1.,0.));
#3748 = ( GEOMETRIC_REPRESENTATION_CONTEXT(2) 
PARAMETRIC_REPRESENTATION_CONTEXT() REPRESENTATION_CONTEXT('2D SPACE',''
  ) );
#3749 = PCURVE('',#1249,#3750);
#3750 = DEFINITIONAL_REPRESENTATION('',(#3751),#3755);
#3751 = LINE('',#3752,#3753);
#3752 = CARTESIAN_POINT('',(-1.570796326795,0.));
#3753 = VECTOR('',#3754,1.);
#3754 = DIRECTION('',(1.,0.));
#3755 = ( GEOMETRIC_REPRESENTATION_CONTEXT(2) 
PARAMETRIC_REPRESENTATION_CONTEXT() REPRESENTATION_CONTEXT('2D SPACE',''
  ) );
#3756 = ORIENTED_EDGE('',*,*,#3757,.T.);
#3757 = EDGE_CURVE('',#3734,#3758,#3760,.T.);
#3758 = VERTEX_POINT('',#3759);
#3759 = CARTESIAN_POINT('',(2.,12.8,0.));
#3760 = SURFACE_CURVE('',#3761,(#3765,#3772),.PCURVE_S1.);
#3761 = LINE('',#3762,#3763);
#3762 = CARTESIAN_POINT('',(2.,11.4,0.));
#3763 = VECTOR('',#3764,1.);
#3764 = DIRECTION('',(0.,1.,0.));
#3765 = PCURVE('',#1153,#3766);
#3766 = DEFINITIONAL_REPRESENTATION('',(#3767),#3771);
#3767 = LINE('',#3768,#3769);
#3768 = CARTESIAN_POINT('',(0.,0.));
#3769 = VECTOR('',#3770,1.);
#3770 = DIRECTION('',(0.,-1.));
#3771 = ( GEOMETRIC_REPRESENTATION_CONTEXT(2) 
PARAMETRIC_REPRESENTATION_CONTEXT() REPRESENTATION_CONTEXT('2D SPACE',''
  ) );
#3772 = PCURVE('',#3773,#3778);
#3773 = PLANE('',#3774);
#3774 = AXIS2_PLACEMENT_3D('',#3775,#3776,#3777);
#3775 = CARTESIAN_POINT('',(2.,11.4,0.));
#3776 = DIRECTION('',(0.,0.,1.));
#3777 = DIRECTION('',(1.,0.,0.));
#3778 = DEFINITIONAL_REPRESENTATION('',(#3779),#3783);
#3779 = LINE('',#3780,#3781);
#3780 = CARTESIAN_POINT('',(0.,0.));
#3781 = VECTOR('',#3782,1.);
#3782 = DIRECTION('',(0.,1.));
#3783 = ( GEOMETRIC_REPRESENTATION_CONTEXT(2) 
PARAMETRIC_REPRESENTATION_CONTEXT() REPRESENTATION_CONTEXT('2D SPACE',''
  ) );
#3784 = ORIENTED_EDGE('',*,*,#3785,.F.);
#3785 = EDGE_CURVE('',#3786,#3758,#3788,.T.);
#3786 = VERTEX_POINT('',#3787);
#3787 = CARTESIAN_POINT('',(2.,13.6,0.8));
#3788 = SURFACE_CURVE('',#3789,(#3794,#3805),.PCURVE_S1.);
#3789 = CIRCLE('',#3790,0.8);
#3790 = AXIS2_PLACEMENT_3D('',#3791,#3792,#3793);
#3791 = CARTESIAN_POINT('',(2.,12.8,0.8));
#3792 = DIRECTION('',(-1.,0.,-0.));
#3793 = DIRECTION('',(-0.,0.,1.));
#3794 = PCURVE('',#1153,#3795);
#3795 = DEFINITIONAL_REPRESENTATION('',(#3796),#3804);
#3796 = ( BOUNDED_CURVE() B_SPLINE_CURVE(2,(#3797,#3798,#3799,#3800,
#3801,#3802,#3803),.UNSPECIFIED.,.T.,.F.) B_SPLINE_CURVE_WITH_KNOTS((1,2
    ,2,2,2,1),(-2.094395102393,0.,2.094395102393,4.188790204786,
6.28318530718,8.377580409573),.UNSPECIFIED.) CURVE() 
GEOMETRIC_REPRESENTATION_ITEM() RATIONAL_B_SPLINE_CURVE((1.,0.5,1.,0.5,
1.,0.5,1.)) REPRESENTATION_ITEM('') );
#3797 = CARTESIAN_POINT('',(1.6,-1.4));
#3798 = CARTESIAN_POINT('',(1.6,-2.785640646055));
#3799 = CARTESIAN_POINT('',(0.4,-2.092820323028));
#3800 = CARTESIAN_POINT('',(-0.8,-1.4));
#3801 = CARTESIAN_POINT('',(0.4,-0.707179676972));
#3802 = CARTESIAN_POINT('',(1.6,-1.43593539449E-02));
#3803 = CARTESIAN_POINT('',(1.6,-1.4));
#3804 = ( GEOMETRIC_REPRESENTATION_CONTEXT(2) 
PARAMETRIC_REPRESENTATION_CONTEXT() REPRESENTATION_CONTEXT('2D SPACE',''
  ) );
#3805 = PCURVE('',#3806,#3811);
#3806 = CYLINDRICAL_SURFACE('',#3807,0.8);
#3807 = AXIS2_PLACEMENT_3D('',#3808,#3809,#3810);
#3808 = CARTESIAN_POINT('',(2.,12.8,0.8));
#3809 = DIRECTION('',(1.,0.,0.));
#3810 = DIRECTION('',(-0.,1.,0.));
#3811 = DEFINITIONAL_REPRESENTATION('',(#3812),#3816);
#3812 = LINE('',#3813,#3814);
#3813 = CARTESIAN_POINT('',(1.570796326795,-0.));
#3814 = VECTOR('',#3815,1.);
#3815 = DIRECTION('',(-1.,0.));
#3816 = ( GEOMETRIC_REPRESENTATION_CONTEXT(2) 
PARAMETRIC_REPRESENTATION_CONTEXT() REPRESENTATION_CONTEXT('2D SPACE',''
  ) );
#3817 = ORIENTED_EDGE('',*,*,#3818,.T.);
#3818 = EDGE_CURVE('',#3786,#3819,#3821,.T.);
#3819 = VERTEX_POINT('',#3820);
#3820 = CARTESIAN_POINT('',(2.,13.6,8.7));
#3821 = SURFACE_CURVE('',#3822,(#3826,#3833),.PCURVE_S1.);
#3822 = LINE('',#3823,#3824);
#3823 = CARTESIAN_POINT('',(2.,13.6,0.));
#3824 = VECTOR('',#3825,1.);
#3825 = DIRECTION('',(0.,0.,1.));
#3826 = PCURVE('',#1153,#3827);
#3827 = DEFINITIONAL_REPRESENTATION('',(#3828),#3832);
#3828 = LINE('',#3829,#3830);
#3829 = CARTESIAN_POINT('',(0.,-2.2));
#3830 = VECTOR('',#3831,1.);
#3831 = DIRECTION('',(1.,0.));
#3832 = ( GEOMETRIC_REPRESENTATION_CONTEXT(2) 
PARAMETRIC_REPRESENTATION_CONTEXT() REPRESENTATION_CONTEXT('2D SPACE',''
  ) );
#3833 = PCURVE('',#3834,#3839);
#3834 = PLANE('',#3835);
#3835 = AXIS2_PLACEMENT_3D('',#3836,#3837,#3838);
#3836 = CARTESIAN_POINT('',(2.,13.6,0.));
#3837 = DIRECTION('',(0.,1.,0.));
#3838 = DIRECTION('',(0.,0.,1.));
#3839 = DEFINITIONAL_REPRESENTATION('',(#3840),#3844);
#3840 = LINE('',#3841,#3842);
#3841 = CARTESIAN_POINT('',(0.,0.));
#3842 = VECTOR('',#3843,1.);
#3843 = DIRECTION('',(1.,0.));
#3844 = ( GEOMETRIC_REPRESENTATION_CONTEXT(2) 
PARAMETRIC_REPRESENTATION_CONTEXT() REPRESENTATION_CONTEXT('2D SPACE',''
  ) );
#3845 = ORIENTED_EDGE('',*,*,#3846,.T.);
#3846 = EDGE_CURVE('',#3819,#3847,#3849,.T.);
#3847 = VERTEX_POINT('',#3848);
#3848 = CARTESIAN_POINT('',(2.,14.56,8.7));
#3849 = SURFACE_CURVE('',#3850,(#3854,#3861),.PCURVE_S1.);
#3850 = LINE('',#3851,#3852);
#3851 = CARTESIAN_POINT('',(2.,13.06,8.7));
#3852 = VECTOR('',#3853,1.);
#3853 = DIRECTION('',(0.,1.,0.));
#3854 = PCURVE('',#1153,#3855);
#3855 = DEFINITIONAL_REPRESENTATION('',(#3856),#3860);
#3856 = LINE('',#3857,#3858);
#3857 = CARTESIAN_POINT('',(8.7,-1.66));
#3858 = VECTOR('',#3859,1.);
#3859 = DIRECTION('',(0.,-1.));
#3860 = ( GEOMETRIC_REPRESENTATION_CONTEXT(2) 
PARAMETRIC_REPRESENTATION_CONTEXT() REPRESENTATION_CONTEXT('2D SPACE',''
  ) );
#3861 = PCURVE('',#3862,#3867);
#3862 = PLANE('',#3863);
#3863 = AXIS2_PLACEMENT_3D('',#3864,#3865,#3866);
#3864 = CARTESIAN_POINT('',(2.,13.06,8.7));
#3865 = DIRECTION('',(0.,0.,1.));
#3866 = DIRECTION('',(1.,0.,0.));
#3867 = DEFINITIONAL_REPRESENTATION('',(#3868),#3872);
#3868 = LINE('',#3869,#3870);
#3869 = CARTESIAN_POINT('',(0.,0.));
#3870 = VECTOR('',#3871,1.);
#3871 = DIRECTION('',(0.,1.));
#3872 = ( GEOMETRIC_REPRESENTATION_CONTEXT(2) 
PARAMETRIC_REPRESENTATION_CONTEXT() REPRESENTATION_CONTEXT('2D SPACE',''
  ) );
#3873 = ORIENTED_EDGE('',*,*,#3874,.F.);
#3874 = EDGE_CURVE('',#3875,#3847,#3877,.T.);
#3875 = VERTEX_POINT('',#3876);
#3876 = CARTESIAN_POINT('',(2.,14.86,9.));
#3877 = SURFACE_CURVE('',#3878,(#3883,#3894),.PCURVE_S1.);
#3878 = CIRCLE('',#3879,0.3);
#3879 = AXIS2_PLACEMENT_3D('',#3880,#3881,#3882);
#3880 = CARTESIAN_POINT('',(2.,14.56,9.));
#3881 = DIRECTION('',(-1.,0.,-0.));
#3882 = DIRECTION('',(-0.,0.,1.));
#3883 = PCURVE('',#1153,#3884);
#3884 = DEFINITIONAL_REPRESENTATION('',(#3885),#3893);
#3885 = ( BOUNDED_CURVE() B_SPLINE_CURVE(2,(#3886,#3887,#3888,#3889,
#3890,#3891,#3892),.UNSPECIFIED.,.T.,.F.) B_SPLINE_CURVE_WITH_KNOTS((1,2
    ,2,2,2,1),(-2.094395102393,0.,2.094395102393,4.188790204786,
6.28318530718,8.377580409573),.UNSPECIFIED.) CURVE() 
GEOMETRIC_REPRESENTATION_ITEM() RATIONAL_B_SPLINE_CURVE((1.,0.5,1.,0.5,
1.,0.5,1.)) REPRESENTATION_ITEM('') );
#3886 = CARTESIAN_POINT('',(9.3,-3.16));
#3887 = CARTESIAN_POINT('',(9.3,-3.679615242271));
#3888 = CARTESIAN_POINT('',(8.85,-3.419807621135));
#3889 = CARTESIAN_POINT('',(8.4,-3.16));
#3890 = CARTESIAN_POINT('',(8.85,-2.900192378865));
#3891 = CARTESIAN_POINT('',(9.3,-2.640384757729));
#3892 = CARTESIAN_POINT('',(9.3,-3.16));
#3893 = ( GEOMETRIC_REPRESENTATION_CONTEXT(2) 
PARAMETRIC_REPRESENTATION_CONTEXT() REPRESENTATION_CONTEXT('2D SPACE',''
  ) );
#3894 = PCURVE('',#3895,#3900);
#3895 = CYLINDRICAL_SURFACE('',#3896,0.3);
#3896 = AXIS2_PLACEMENT_3D('',#3897,#3898,#3899);
#3897 = CARTESIAN_POINT('',(2.,14.56,9.));
#3898 = DIRECTION('',(1.,0.,0.));
#3899 = DIRECTION('',(-0.,1.,0.));
#3900 = DEFINITIONAL_REPRESENTATION('',(#3901),#3905);
#3901 = LINE('',#3902,#3903);
#3902 = CARTESIAN_POINT('',(1.570796326795,-0.));
#3903 = VECTOR('',#3904,1.);
#3904 = DIRECTION('',(-1.,0.));
#3905 = ( GEOMETRIC_REPRESENTATION_CONTEXT(2) 
PARAMETRIC_REPRESENTATION_CONTEXT() REPRESENTATION_CONTEXT('2D SPACE',''
  ) );
#3906 = ORIENTED_EDGE('',*,*,#3907,.T.);
#3907 = EDGE_CURVE('',#3875,#3908,#3910,.T.);
#3908 = VERTEX_POINT('',#3909);
#3909 = CARTESIAN_POINT('',(2.,14.86,9.8));
#3910 = SURFACE_CURVE('',#3911,(#3915,#3922),.PCURVE_S1.);
#3911 = LINE('',#3912,#3913);
#3912 = CARTESIAN_POINT('',(2.,14.86,8.7));
#3913 = VECTOR('',#3914,1.);
#3914 = DIRECTION('',(0.,0.,1.));
#3915 = PCURVE('',#1153,#3916);
#3916 = DEFINITIONAL_REPRESENTATION('',(#3917),#3921);
#3917 = LINE('',#3918,#3919);
#3918 = CARTESIAN_POINT('',(8.7,-3.46));
#3919 = VECTOR('',#3920,1.);
#3920 = DIRECTION('',(1.,0.));
#3921 = ( GEOMETRIC_REPRESENTATION_CONTEXT(2) 
PARAMETRIC_REPRESENTATION_CONTEXT() REPRESENTATION_CONTEXT('2D SPACE',''
  ) );
#3922 = PCURVE('',#3923,#3928);
#3923 = PLANE('',#3924);
#3924 = AXIS2_PLACEMENT_3D('',#3925,#3926,#3927);
#3925 = CARTESIAN_POINT('',(2.,14.86,8.7));
#3926 = DIRECTION('',(0.,1.,0.));
#3927 = DIRECTION('',(0.,0.,1.));
#3928 = DEFINITIONAL_REPRESENTATION('',(#3929),#3933);
#3929 = LINE('',#3930,#3931);
#3930 = CARTESIAN_POINT('',(0.,0.));
#3931 = VECTOR('',#3932,1.);
#3932 = DIRECTION('',(1.,0.));
#3933 = ( GEOMETRIC_REPRESENTATION_CONTEXT(2) 
PARAMETRIC_REPRESENTATION_CONTEXT() REPRESENTATION_CONTEXT('2D SPACE',''
  ) );
#3934 = ORIENTED_EDGE('',*,*,#3935,.T.);
#3935 = EDGE_CURVE('',#3908,#3936,#3938,.T.);
#3936 = VERTEX_POINT('',#3937);
#3937 = CARTESIAN_POINT('',(2.,14.56,10.1));
#3938 = SURFACE_CURVE('',#3939,(#3944,#3951),.PCURVE_S1.);
#3939 = CIRCLE('',#3940,0.3);
#3940 = AXIS2_PLACEMENT_3D('',#3941,#3942,#3943);
#3941 = CARTESIAN_POINT('',(2.,14.56,9.8));
#3942 = DIRECTION('',(1.,0.,0.));
#3943 = DIRECTION('',(-0.,0.,1.));
#3944 = PCURVE('',#1153,#3945);
#3945 = DEFINITIONAL_REPRESENTATION('',(#3946),#3950);
#3946 = CIRCLE('',#3947,0.3);
#3947 = AXIS2_PLACEMENT_2D('',#3948,#3949);
#3948 = CARTESIAN_POINT('',(9.8,-3.16));
#3949 = DIRECTION('',(1.,0.));
#3950 = ( GEOMETRIC_REPRESENTATION_CONTEXT(2) 
PARAMETRIC_REPRESENTATION_CONTEXT() REPRESENTATION_CONTEXT('2D SPACE',''
  ) );
#3951 = PCURVE('',#3952,#3957);
#3952 = CYLINDRICAL_SURFACE('',#3953,0.3);
#3953 = AXIS2_PLACEMENT_3D('',#3954,#3955,#3956);
#3954 = CARTESIAN_POINT('',(2.,14.56,9.8));
#3955 = DIRECTION('',(1.,0.,0.));
#3956 = DIRECTION('',(-0.,1.,0.));
#3957 = DEFINITIONAL_REPRESENTATION('',(#3958),#3962);
#3958 = LINE('',#3959,#3960);
#3959 = CARTESIAN_POINT('',(-4.712388980385,0.));
#3960 = VECTOR('',#3961,1.);
#3961 = DIRECTION('',(1.,0.));
#3962 = ( GEOMETRIC_REPRESENTATION_CONTEXT(2) 
PARAMETRIC_REPRESENTATION_CONTEXT() REPRESENTATION_CONTEXT('2D SPACE',''
  ) );
#3963 = ORIENTED_EDGE('',*,*,#3964,.F.);
#3964 = EDGE_CURVE('',#3965,#3936,#3967,.T.);
#3965 = VERTEX_POINT('',#3966);
#3966 = CARTESIAN_POINT('',(2.,13.6,10.1));
#3967 = SURFACE_CURVE('',#3968,(#3972,#3979),.PCURVE_S1.);
#3968 = LINE('',#3969,#3970);
#3969 = CARTESIAN_POINT('',(2.,13.06,10.1));
#3970 = VECTOR('',#3971,1.);
#3971 = DIRECTION('',(0.,1.,0.));
#3972 = PCURVE('',#1153,#3973);
#3973 = DEFINITIONAL_REPRESENTATION('',(#3974),#3978);
#3974 = LINE('',#3975,#3976);
#3975 = CARTESIAN_POINT('',(10.1,-1.66));
#3976 = VECTOR('',#3977,1.);
#3977 = DIRECTION('',(0.,-1.));
#3978 = ( GEOMETRIC_REPRESENTATION_CONTEXT(2) 
PARAMETRIC_REPRESENTATION_CONTEXT() REPRESENTATION_CONTEXT('2D SPACE',''
  ) );
#3979 = PCURVE('',#3980,#3985);
#3980 = PLANE('',#3981);
#3981 = AXIS2_PLACEMENT_3D('',#3982,#3983,#3984);
#3982 = CARTESIAN_POINT('',(2.,13.06,10.1));
#3983 = DIRECTION('',(0.,0.,1.));
#3984 = DIRECTION('',(1.,0.,0.));
#3985 = DEFINITIONAL_REPRESENTATION('',(#3986),#3990);
#3986 = LINE('',#3987,#3988);
#3987 = CARTESIAN_POINT('',(0.,0.));
#3988 = VECTOR('',#3989,1.);
#3989 = DIRECTION('',(0.,1.));
#3990 = ( GEOMETRIC_REPRESENTATION_CONTEXT(2) 
PARAMETRIC_REPRESENTATION_CONTEXT() REPRESENTATION_CONTEXT('2D SPACE',''
  ) );
#3991 = ORIENTED_EDGE('',*,*,#3992,.T.);
#3992 = EDGE_CURVE('',#3965,#3993,#3995,.T.);
#3993 = VERTEX_POINT('',#3994);
#3994 = CARTESIAN_POINT('',(2.,13.6,11.3));
#3995 = SURFACE_CURVE('',#3996,(#4000,#4007),.PCURVE_S1.);
#3996 = LINE('',#3997,#3998);
#3997 = CARTESIAN_POINT('',(2.,13.6,0.));
#3998 = VECTOR('',#3999,1.);
#3999 = DIRECTION('',(0.,0.,1.));
#4000 = PCURVE('',#1153,#4001);
#4001 = DEFINITIONAL_REPRESENTATION('',(#4002),#4006);
#4002 = LINE('',#4003,#4004);
#4003 = CARTESIAN_POINT('',(0.,-2.2));
#4004 = VECTOR('',#4005,1.);
#4005 = DIRECTION('',(1.,0.));
#4006 = ( GEOMETRIC_REPRESENTATION_CONTEXT(2) 
PARAMETRIC_REPRESENTATION_CONTEXT() REPRESENTATION_CONTEXT('2D SPACE',''
  ) );
#4007 = PCURVE('',#4008,#4013);
#4008 = PLANE('',#4009);
#4009 = AXIS2_PLACEMENT_3D('',#4010,#4011,#4012);
#4010 = CARTESIAN_POINT('',(2.,13.6,0.));
#4011 = DIRECTION('',(0.,1.,0.));
#4012 = DIRECTION('',(0.,0.,1.));
#4013 = DEFINITIONAL_REPRESENTATION('',(#4014),#4018);
#4014 = LINE('',#4015,#4016);
#4015 = CARTESIAN_POINT('',(0.,0.));
#4016 = VECTOR('',#4017,1.);
#4017 = DIRECTION('',(1.,0.));
#4018 = ( GEOMETRIC_REPRESENTATION_CONTEXT(2) 
PARAMETRIC_REPRESENTATION_CONTEXT() REPRESENTATION_CONTEXT('2D SPACE',''
  ) );
#4019 = ORIENTED_EDGE('',*,*,#4020,.T.);
#4020 = EDGE_CURVE('',#3993,#4021,#4023,.T.);
#4021 = VERTEX_POINT('',#4022);
#4022 = CARTESIAN_POINT('',(2.,14.56,11.3));
#4023 = SURFACE_CURVE('',#4024,(#4028,#4035),.PCURVE_S1.);
#4024 = LINE('',#4025,#4026);
#4025 = CARTESIAN_POINT('',(2.,13.06,11.3));
#4026 = VECTOR('',#4027,1.);
#4027 = DIRECTION('',(0.,1.,0.));
#4028 = PCURVE('',#1153,#4029);
#4029 = DEFINITIONAL_REPRESENTATION('',(#4030),#4034);
#4030 = LINE('',#4031,#4032);
#4031 = CARTESIAN_POINT('',(11.3,-1.66));
#4032 = VECTOR('',#4033,1.);
#4033 = DIRECTION('',(0.,-1.));
#4034 = ( GEOMETRIC_REPRESENTATION_CONTEXT(2) 
PARAMETRIC_REPRESENTATION_CONTEXT() REPRESENTATION_CONTEXT('2D SPACE',''
  ) );
#4035 = PCURVE('',#4036,#4041);
#4036 = PLANE('',#4037);
#4037 = AXIS2_PLACEMENT_3D('',#4038,#4039,#4040);
#4038 = CARTESIAN_POINT('',(2.,13.06,11.3));
#4039 = DIRECTION('',(0.,0.,1.));
#4040 = DIRECTION('',(1.,0.,0.));
#4041 = DEFINITIONAL_REPRESENTATION('',(#4042),#4046);
#4042 = LINE('',#4043,#4044);
#4043 = CARTESIAN_POINT('',(0.,0.));
#4044 = VECTOR('',#4045,1.);
#4045 = DIRECTION('',(0.,1.));
#4046 = ( GEOMETRIC_REPRESENTATION_CONTEXT(2) 
PARAMETRIC_REPRESENTATION_CONTEXT() REPRESENTATION_CONTEXT('2D SPACE',''
  ) );
#4047 = ORIENTED_EDGE('',*,*,#4048,.F.);
#4048 = EDGE_CURVE('',#4049,#4021,#4051,.T.);
#4049 = VERTEX_POINT('',#4050);
#4050 = CARTESIAN_POINT('',(2.,14.86,11.6));
#4051 = SURFACE_CURVE('',#4052,(#4057,#4068),.PCURVE_S1.);
#4052 = CIRCLE('',#4053,0.3);
#4053 = AXIS2_PLACEMENT_3D('',#4054,#4055,#4056);
#4054 = CARTESIAN_POINT('',(2.,14.56,11.6));
#4055 = DIRECTION('',(-1.,0.,-0.));
#4056 = DIRECTION('',(-0.,0.,1.));
#4057 = PCURVE('',#1153,#4058);
#4058 = DEFINITIONAL_REPRESENTATION('',(#4059),#4067);
#4059 = ( BOUNDED_CURVE() B_SPLINE_CURVE(2,(#4060,#4061,#4062,#4063,
#4064,#4065,#4066),.UNSPECIFIED.,.T.,.F.) B_SPLINE_CURVE_WITH_KNOTS((1,2
    ,2,2,2,1),(-2.094395102393,0.,2.094395102393,4.188790204786,
6.28318530718,8.377580409573),.UNSPECIFIED.) CURVE() 
GEOMETRIC_REPRESENTATION_ITEM() RATIONAL_B_SPLINE_CURVE((1.,0.5,1.,0.5,
1.,0.5,1.)) REPRESENTATION_ITEM('') );
#4060 = CARTESIAN_POINT('',(11.9,-3.16));
#4061 = CARTESIAN_POINT('',(11.9,-3.679615242271));
#4062 = CARTESIAN_POINT('',(11.45,-3.419807621135));
#4063 = CARTESIAN_POINT('',(11.,-3.16));
#4064 = CARTESIAN_POINT('',(11.45,-2.900192378865));
#4065 = CARTESIAN_POINT('',(11.9,-2.640384757729));
#4066 = CARTESIAN_POINT('',(11.9,-3.16));
#4067 = ( GEOMETRIC_REPRESENTATION_CONTEXT(2) 
PARAMETRIC_REPRESENTATION_CONTEXT() REPRESENTATION_CONTEXT('2D SPACE',''
  ) );
#4068 = PCURVE('',#4069,#4074);
#4069 = CYLINDRICAL_SURFACE('',#4070,0.3);
#4070 = AXIS2_PLACEMENT_3D('',#4071,#4072,#4073);
#4071 = CARTESIAN_POINT('',(2.,14.56,11.6));
#4072 = DIRECTION('',(1.,0.,0.));
#4073 = DIRECTION('',(-0.,1.,0.));
#4074 = DEFINITIONAL_REPRESENTATION('',(#4075),#4079);
#4075 = LINE('',#4076,#4077);
#4076 = CARTESIAN_POINT('',(1.570796326795,-0.));
#4077 = VECTOR('',#4078,1.);
#4078 = DIRECTION('',(-1.,0.));
#4079 = ( GEOMETRIC_REPRESENTATION_CONTEXT(2) 
PARAMETRIC_REPRESENTATION_CONTEXT() REPRESENTATION_CONTEXT('2D SPACE',''
  ) );
#4080 = ORIENTED_EDGE('',*,*,#4081,.T.);
#4081 = EDGE_CURVE('',#4049,#4082,#4084,.T.);
#4082 = VERTEX_POINT('',#4083);
#4083 = CARTESIAN_POINT('',(2.,14.86,12.4));
#4084 = SURFACE_CURVE('',#4085,(#4089,#4096),.PCURVE_S1.);
#4085 = LINE('',#4086,#4087);
#4086 = CARTESIAN_POINT('',(2.,14.86,11.3));
#4087 = VECTOR('',#4088,1.);
#4088 = DIRECTION('',(0.,0.,1.));
#4089 = PCURVE('',#1153,#4090);
#4090 = DEFINITIONAL_REPRESENTATION('',(#4091),#4095);
#4091 = LINE('',#4092,#4093);
#4092 = CARTESIAN_POINT('',(11.3,-3.46));
#4093 = VECTOR('',#4094,1.);
#4094 = DIRECTION('',(1.,0.));
#4095 = ( GEOMETRIC_REPRESENTATION_CONTEXT(2) 
PARAMETRIC_REPRESENTATION_CONTEXT() REPRESENTATION_CONTEXT('2D SPACE',''
  ) );
#4096 = PCURVE('',#4097,#4102);
#4097 = PLANE('',#4098);
#4098 = AXIS2_PLACEMENT_3D('',#4099,#4100,#4101);
#4099 = CARTESIAN_POINT('',(2.,14.86,11.3));
#4100 = DIRECTION('',(0.,1.,0.));
#4101 = DIRECTION('',(0.,0.,1.));
#4102 = DEFINITIONAL_REPRESENTATION('',(#4103),#4107);
#4103 = LINE('',#4104,#4105);
#4104 = CARTESIAN_POINT('',(0.,0.));
#4105 = VECTOR('',#4106,1.);
#4106 = DIRECTION('',(1.,0.));
#4107 = ( GEOMETRIC_REPRESENTATION_CONTEXT(2) 
PARAMETRIC_REPRESENTATION_CONTEXT() REPRESENTATION_CONTEXT('2D SPACE',''
  ) );
#4108 = ORIENTED_EDGE('',*,*,#4109,.T.);
#4109 = EDGE_CURVE('',#4082,#4110,#4112,.T.);
#4110 = VERTEX_POINT('',#4111);
#4111 = CARTESIAN_POINT('',(2.,14.56,12.7));
#4112 = SURFACE_CURVE('',#4113,(#4118,#4125),.PCURVE_S1.);
#4113 = CIRCLE('',#4114,0.3);
#4114 = AXIS2_PLACEMENT_3D('',#4115,#4116,#4117);
#4115 = CARTESIAN_POINT('',(2.,14.56,12.4));
#4116 = DIRECTION('',(1.,0.,0.));
#4117 = DIRECTION('',(-0.,0.,1.));
#4118 = PCURVE('',#1153,#4119);
#4119 = DEFINITIONAL_REPRESENTATION('',(#4120),#4124);
#4120 = CIRCLE('',#4121,0.3);
#4121 = AXIS2_PLACEMENT_2D('',#4122,#4123);
#4122 = CARTESIAN_POINT('',(12.4,-3.16));
#4123 = DIRECTION('',(1.,0.));
#4124 = ( GEOMETRIC_REPRESENTATION_CONTEXT(2) 
PARAMETRIC_REPRESENTATION_CONTEXT() REPRESENTATION_CONTEXT('2D SPACE',''
  ) );
#4125 = PCURVE('',#4126,#4131);
#4126 = CYLINDRICAL_SURFACE('',#4127,0.3);
#4127 = AXIS2_PLACEMENT_3D('',#4128,#4129,#4130);
#4128 = CARTESIAN_POINT('',(2.,14.56,12.4));
#4129 = DIRECTION('',(1.,0.,0.));
#4130 = DIRECTION('',(-0.,1.,0.));
#4131 = DEFINITIONAL_REPRESENTATION('',(#4132),#4136);
#4132 = LINE('',#4133,#4134);
#4133 = CARTESIAN_POINT('',(-4.712388980385,0.));
#4134 = VECTOR('',#4135,1.);
#4135 = DIRECTION('',(1.,0.));
#4136 = ( GEOMETRIC_REPRESENTATION_CONTEXT(2) 
PARAMETRIC_REPRESENTATION_CONTEXT() REPRESENTATION_CONTEXT('2D SPACE',''
  ) );
#4137 = ORIENTED_EDGE('',*,*,#4138,.F.);
#4138 = EDGE_CURVE('',#4139,#4110,#4141,.T.);
#4139 = VERTEX_POINT('',#4140);
#4140 = CARTESIAN_POINT('',(2.,13.6,12.7));
#4141 = SURFACE_CURVE('',#4142,(#4146,#4153),.PCURVE_S1.);
#4142 = LINE('',#4143,#4144);
#4143 = CARTESIAN_POINT('',(2.,13.06,12.7));
#4144 = VECTOR('',#4145,1.);
#4145 = DIRECTION('',(0.,1.,0.));
#4146 = PCURVE('',#1153,#4147);
#4147 = DEFINITIONAL_REPRESENTATION('',(#4148),#4152);
#4148 = LINE('',#4149,#4150);
#4149 = CARTESIAN_POINT('',(12.7,-1.66));
#4150 = VECTOR('',#4151,1.);
#4151 = DIRECTION('',(0.,-1.));
#4152 = ( GEOMETRIC_REPRESENTATION_CONTEXT(2) 
PARAMETRIC_REPRESENTATION_CONTEXT() REPRESENTATION_CONTEXT('2D SPACE',''
  ) );
#4153 = PCURVE('',#4154,#4159);
#4154 = PLANE('',#4155);
#4155 = AXIS2_PLACEMENT_3D('',#4156,#4157,#4158);
#4156 = CARTESIAN_POINT('',(2.,13.06,12.7));
#4157 = DIRECTION('',(0.,0.,1.));
#4158 = DIRECTION('',(1.,0.,0.));
#4159 = DEFINITIONAL_REPRESENTATION('',(#4160),#4164);
#4160 = LINE('',#4161,#4162);
#4161 = CARTESIAN_POINT('',(0.,0.));
#4162 = VECTOR('',#4163,1.);
#4163 = DIRECTION('',(0.,1.));
#4164 = ( GEOMETRIC_REPRESENTATION_CONTEXT(2) 
PARAMETRIC_REPRESENTATION_CONTEXT() REPRESENTATION_CONTEXT('2D SPACE',''
  ) );
#4165 = ORIENTED_EDGE('',*,*,#4166,.T.);
#4166 = EDGE_CURVE('',#4139,#4167,#4169,.T.);
#4167 = VERTEX_POINT('',#4168);
#4168 = CARTESIAN_POINT('',(2.,13.6,13.2));
#4169 = SURFACE_CURVE('',#4170,(#4174,#4181),.PCURVE_S1.);
#4170 = LINE('',#4171,#4172);
#4171 = CARTESIAN_POINT('',(2.,13.6,0.));
#4172 = VECTOR('',#4173,1.);
#4173 = DIRECTION('',(0.,0.,1.));
#4174 = PCURVE('',#1153,#4175);
#4175 = DEFINITIONAL_REPRESENTATION('',(#4176),#4180);
#4176 = LINE('',#4177,#4178);
#4177 = CARTESIAN_POINT('',(0.,-2.2));
#4178 = VECTOR('',#4179,1.);
#4179 = DIRECTION('',(1.,0.));
#4180 = ( GEOMETRIC_REPRESENTATION_CONTEXT(2) 
PARAMETRIC_REPRESENTATION_CONTEXT() REPRESENTATION_CONTEXT('2D SPACE',''
  ) );
#4181 = PCURVE('',#4182,#4187);
#4182 = PLANE('',#4183);
#4183 = AXIS2_PLACEMENT_3D('',#4184,#4185,#4186);
#4184 = CARTESIAN_POINT('',(2.,13.6,0.));
#4185 = DIRECTION('',(0.,1.,0.));
#4186 = DIRECTION('',(0.,0.,1.));
#4187 = DEFINITIONAL_REPRESENTATION('',(#4188),#4192);
#4188 = LINE('',#4189,#4190);
#4189 = CARTESIAN_POINT('',(0.,0.));
#4190 = VECTOR('',#4191,1.);
#4191 = DIRECTION('',(1.,0.));
#4192 = ( GEOMETRIC_REPRESENTATION_CONTEXT(2) 
PARAMETRIC_REPRESENTATION_CONTEXT() REPRESENTATION_CONTEXT('2D SPACE',''
  ) );
#4193 = ORIENTED_EDGE('',*,*,#4194,.T.);
#4194 = EDGE_CURVE('',#4167,#4195,#4197,.T.);
#4195 = VERTEX_POINT('',#4196);
#4196 = CARTESIAN_POINT('',(2.,12.8,14.));
#4197 = SURFACE_CURVE('',#4198,(#4203,#4210),.PCURVE_S1.);
#4198 = CIRCLE('',#4199,0.8);
#4199 = AXIS2_PLACEMENT_3D('',#4200,#4201,#4202);
#4200 = CARTESIAN_POINT('',(2.,12.8,13.2));
#4201 = DIRECTION('',(1.,0.,0.));
#4202 = DIRECTION('',(-0.,0.,1.));
#4203 = PCURVE('',#1153,#4204);
#4204 = DEFINITIONAL_REPRESENTATION('',(#4205),#4209);
#4205 = CIRCLE('',#4206,0.8);
#4206 = AXIS2_PLACEMENT_2D('',#4207,#4208);
#4207 = CARTESIAN_POINT('',(13.2,-1.4));
#4208 = DIRECTION('',(1.,0.));
#4209 = ( GEOMETRIC_REPRESENTATION_CONTEXT(2) 
PARAMETRIC_REPRESENTATION_CONTEXT() REPRESENTATION_CONTEXT('2D SPACE',''
  ) );
#4210 = PCURVE('',#4211,#4216);
#4211 = CYLINDRICAL_SURFACE('',#4212,0.8);
#4212 = AXIS2_PLACEMENT_3D('',#4213,#4214,#4215);
#4213 = CARTESIAN_POINT('',(2.,12.8,13.2));
#4214 = DIRECTION('',(1.,0.,0.));
#4215 = DIRECTION('',(-0.,1.,0.));
#4216 = DEFINITIONAL_REPRESENTATION('',(#4217),#4221);
#4217 = LINE('',#4218,#4219);
#4218 = CARTESIAN_POINT('',(-4.712388980385,0.));
#4219 = VECTOR('',#4220,1.);
#4220 = DIRECTION('',(1.,0.));
#4221 = ( GEOMETRIC_REPRESENTATION_CONTEXT(2) 
PARAMETRIC_REPRESENTATION_CONTEXT() REPRESENTATION_CONTEXT('2D SPACE',''
  ) );
#4222 = ORIENTED_EDGE('',*,*,#4223,.F.);
#4223 = EDGE_CURVE('',#4224,#4195,#4226,.T.);
#4224 = VERTEX_POINT('',#4225);
#4225 = CARTESIAN_POINT('',(2.,12.2,14.));
#4226 = SURFACE_CURVE('',#4227,(#4231,#4238),.PCURVE_S1.);
#4227 = LINE('',#4228,#4229);
#4228 = CARTESIAN_POINT('',(2.,11.4,14.));
#4229 = VECTOR('',#4230,1.);
#4230 = DIRECTION('',(0.,1.,0.));
#4231 = PCURVE('',#1153,#4232);
#4232 = DEFINITIONAL_REPRESENTATION('',(#4233),#4237);
#4233 = LINE('',#4234,#4235);
#4234 = CARTESIAN_POINT('',(14.,0.));
#4235 = VECTOR('',#4236,1.);
#4236 = DIRECTION('',(0.,-1.));
#4237 = ( GEOMETRIC_REPRESENTATION_CONTEXT(2) 
PARAMETRIC_REPRESENTATION_CONTEXT() REPRESENTATION_CONTEXT('2D SPACE',''
  ) );
#4238 = PCURVE('',#4239,#4244);
#4239 = PLANE('',#4240);
#4240 = AXIS2_PLACEMENT_3D('',#4241,#4242,#4243);
#4241 = CARTESIAN_POINT('',(2.,11.4,14.));
#4242 = DIRECTION('',(0.,0.,1.));
#4243 = DIRECTION('',(1.,0.,0.));
#4244 = DEFINITIONAL_REPRESENTATION('',(#4245),#4249);
#4245 = LINE('',#4246,#4247);
#4246 = CARTESIAN_POINT('',(0.,0.));
#4247 = VECTOR('',#4248,1.);
#4248 = DIRECTION('',(0.,1.));
#4249 = ( GEOMETRIC_REPRESENTATION_CONTEXT(2) 
PARAMETRIC_REPRESENTATION_CONTEXT() REPRESENTATION_CONTEXT('2D SPACE',''
  ) );
#4250 = ORIENTED_EDGE('',*,*,#4251,.F.);
#4251 = EDGE_CURVE('',#3709,#4224,#4252,.T.);
#4252 = SURFACE_CURVE('',#4253,(#4258,#4269),.PCURVE_S1.);
#4253 = CIRCLE('',#4254,0.8);
#4254 = AXIS2_PLACEMENT_3D('',#4255,#4256,#4257);
#4255 = CARTESIAN_POINT('',(2.,12.2,13.2));
#4256 = DIRECTION('',(-1.,0.,-0.));
#4257 = DIRECTION('',(-0.,0.,1.));
#4258 = PCURVE('',#1153,#4259);
#4259 = DEFINITIONAL_REPRESENTATION('',(#4260),#4268);
#4260 = ( BOUNDED_CURVE() B_SPLINE_CURVE(2,(#4261,#4262,#4263,#4264,
#4265,#4266,#4267),.UNSPECIFIED.,.T.,.F.) B_SPLINE_CURVE_WITH_KNOTS((1,2
    ,2,2,2,1),(-2.094395102393,0.,2.094395102393,4.188790204786,
6.28318530718,8.377580409573),.UNSPECIFIED.) CURVE() 
GEOMETRIC_REPRESENTATION_ITEM() RATIONAL_B_SPLINE_CURVE((1.,0.5,1.,0.5,
1.,0.5,1.)) REPRESENTATION_ITEM('') );
#4261 = CARTESIAN_POINT('',(14.,-0.8));
#4262 = CARTESIAN_POINT('',(14.,-2.185640646055));
#4263 = CARTESIAN_POINT('',(12.8,-1.492820323028));
#4264 = CARTESIAN_POINT('',(11.6,-0.8));
#4265 = CARTESIAN_POINT('',(12.8,-0.107179676972));
#4266 = CARTESIAN_POINT('',(14.,0.585640646055));
#4267 = CARTESIAN_POINT('',(14.,-0.8));
#4268 = ( GEOMETRIC_REPRESENTATION_CONTEXT(2) 
PARAMETRIC_REPRESENTATION_CONTEXT() REPRESENTATION_CONTEXT('2D SPACE',''
  ) );
#4269 = PCURVE('',#4270,#4275);
#4270 = CYLINDRICAL_SURFACE('',#4271,0.8);
#4271 = AXIS2_PLACEMENT_3D('',#4272,#4273,#4274);
#4272 = CARTESIAN_POINT('',(2.,12.2,13.2));
#4273 = DIRECTION('',(1.,0.,0.));
#4274 = DIRECTION('',(0.,-1.,0.));
#4275 = DEFINITIONAL_REPRESENTATION('',(#4276),#4280);
#4276 = LINE('',#4277,#4278);
#4277 = CARTESIAN_POINT('',(4.712388980385,-0.));
#4278 = VECTOR('',#4279,1.);
#4279 = DIRECTION('',(-1.,0.));
#4280 = ( GEOMETRIC_REPRESENTATION_CONTEXT(2) 
PARAMETRIC_REPRESENTATION_CONTEXT() REPRESENTATION_CONTEXT('2D SPACE',''
  ) );
#4281 = ADVANCED_FACE('',(#4282),#1127,.F.);
#4282 = FACE_BOUND('',#4283,.F.);
#4283 = EDGE_LOOP('',(#4284,#4307,#4308,#4309));
#4284 = ORIENTED_EDGE('',*,*,#4285,.F.);
#4285 = EDGE_CURVE('',#1084,#4286,#4288,.T.);
#4286 = VERTEX_POINT('',#4287);
#4287 = CARTESIAN_POINT('',(22.,11.4,13.2));
#4288 = SURFACE_CURVE('',#4289,(#4293,#4300),.PCURVE_S1.);
#4289 = LINE('',#4290,#4291);
#4290 = CARTESIAN_POINT('',(22.,11.4,0.));
#4291 = VECTOR('',#4292,1.);
#4292 = DIRECTION('',(0.,0.,1.));
#4293 = PCURVE('',#1127,#4294);
#4294 = DEFINITIONAL_REPRESENTATION('',(#4295),#4299);
#4295 = LINE('',#4296,#4297);
#4296 = CARTESIAN_POINT('',(0.,20.));
#4297 = VECTOR('',#4298,1.);
#4298 = DIRECTION('',(1.,0.));
#4299 = ( GEOMETRIC_REPRESENTATION_CONTEXT(2) 
PARAMETRIC_REPRESENTATION_CONTEXT() REPRESENTATION_CONTEXT('2D SPACE',''
  ) );
#4300 = PCURVE('',#1100,#4301);
#4301 = DEFINITIONAL_REPRESENTATION('',(#4302),#4306);
#4302 = LINE('',#4303,#4304);
#4303 = CARTESIAN_POINT('',(0.,0.));
#4304 = VECTOR('',#4305,1.);
#4305 = DIRECTION('',(1.,0.));
#4306 = ( GEOMETRIC_REPRESENTATION_CONTEXT(2) 
PARAMETRIC_REPRESENTATION_CONTEXT() REPRESENTATION_CONTEXT('2D SPACE',''
  ) );
#4307 = ORIENTED_EDGE('',*,*,#1112,.F.);
#4308 = ORIENTED_EDGE('',*,*,#3708,.T.);
#4309 = ORIENTED_EDGE('',*,*,#4310,.T.);
#4310 = EDGE_CURVE('',#3709,#4286,#4311,.T.);
#4311 = SURFACE_CURVE('',#4312,(#4316,#4323),.PCURVE_S1.);
#4312 = LINE('',#4313,#4314);
#4313 = CARTESIAN_POINT('',(2.,11.4,13.2));
#4314 = VECTOR('',#4315,1.);
#4315 = DIRECTION('',(1.,0.,0.));
#4316 = PCURVE('',#1127,#4317);
#4317 = DEFINITIONAL_REPRESENTATION('',(#4318),#4322);
#4318 = LINE('',#4319,#4320);
#4319 = CARTESIAN_POINT('',(13.2,0.));
#4320 = VECTOR('',#4321,1.);
#4321 = DIRECTION('',(0.,1.));
#4322 = ( GEOMETRIC_REPRESENTATION_CONTEXT(2) 
PARAMETRIC_REPRESENTATION_CONTEXT() REPRESENTATION_CONTEXT('2D SPACE',''
  ) );
#4323 = PCURVE('',#4270,#4324);
#4324 = DEFINITIONAL_REPRESENTATION('',(#4325),#4329);
#4325 = LINE('',#4326,#4327);
#4326 = CARTESIAN_POINT('',(-0.,0.));
#4327 = VECTOR('',#4328,1.);
#4328 = DIRECTION('',(-0.,1.));
#4329 = ( GEOMETRIC_REPRESENTATION_CONTEXT(2) 
PARAMETRIC_REPRESENTATION_CONTEXT() REPRESENTATION_CONTEXT('2D SPACE',''
  ) );
#4330 = ADVANCED_FACE('',(#4331),#1100,.T.);
#4331 = FACE_BOUND('',#4332,.T.);
#4332 = EDGE_LOOP('',(#4333,#4334,#4335,#4336,#4360,#4383,#4411,#4434,
    #4457,#4485,#4508,#4532,#4555,#4578,#4601,#4629,#4652,#4676,#4699,
    #4722,#4746,#4769));
#4333 = ORIENTED_EDGE('',*,*,#4285,.F.);
#4334 = ORIENTED_EDGE('',*,*,#1083,.F.);
#4335 = ORIENTED_EDGE('',*,*,#1212,.F.);
#4336 = ORIENTED_EDGE('',*,*,#4337,.T.);
#4337 = EDGE_CURVE('',#1213,#4338,#4340,.T.);
#4338 = VERTEX_POINT('',#4339);
#4339 = CARTESIAN_POINT('',(22.,12.2,0.));
#4340 = SURFACE_CURVE('',#4341,(#4346,#4353),.PCURVE_S1.);
#4341 = CIRCLE('',#4342,0.8);
#4342 = AXIS2_PLACEMENT_3D('',#4343,#4344,#4345);
#4343 = CARTESIAN_POINT('',(22.,12.2,0.8));
#4344 = DIRECTION('',(1.,0.,0.));
#4345 = DIRECTION('',(-0.,0.,1.));
#4346 = PCURVE('',#1100,#4347);
#4347 = DEFINITIONAL_REPRESENTATION('',(#4348),#4352);
#4348 = CIRCLE('',#4349,0.8);
#4349 = AXIS2_PLACEMENT_2D('',#4350,#4351);
#4350 = CARTESIAN_POINT('',(0.8,-0.8));
#4351 = DIRECTION('',(1.,0.));
#4352 = ( GEOMETRIC_REPRESENTATION_CONTEXT(2) 
PARAMETRIC_REPRESENTATION_CONTEXT() REPRESENTATION_CONTEXT('2D SPACE',''
  ) );
#4353 = PCURVE('',#1249,#4354);
#4354 = DEFINITIONAL_REPRESENTATION('',(#4355),#4359);
#4355 = LINE('',#4356,#4357);
#4356 = CARTESIAN_POINT('',(-1.570796326795,20.));
#4357 = VECTOR('',#4358,1.);
#4358 = DIRECTION('',(1.,0.));
#4359 = ( GEOMETRIC_REPRESENTATION_CONTEXT(2) 
PARAMETRIC_REPRESENTATION_CONTEXT() REPRESENTATION_CONTEXT('2D SPACE',''
  ) );
#4360 = ORIENTED_EDGE('',*,*,#4361,.T.);
#4361 = EDGE_CURVE('',#4338,#4362,#4364,.T.);
#4362 = VERTEX_POINT('',#4363);
#4363 = CARTESIAN_POINT('',(22.,12.8,0.));
#4364 = SURFACE_CURVE('',#4365,(#4369,#4376),.PCURVE_S1.);
#4365 = LINE('',#4366,#4367);
#4366 = CARTESIAN_POINT('',(22.,11.4,0.));
#4367 = VECTOR('',#4368,1.);
#4368 = DIRECTION('',(0.,1.,0.));
#4369 = PCURVE('',#1100,#4370);
#4370 = DEFINITIONAL_REPRESENTATION('',(#4371),#4375);
#4371 = LINE('',#4372,#4373);
#4372 = CARTESIAN_POINT('',(0.,0.));
#4373 = VECTOR('',#4374,1.);
#4374 = DIRECTION('',(0.,-1.));
#4375 = ( GEOMETRIC_REPRESENTATION_CONTEXT(2) 
PARAMETRIC_REPRESENTATION_CONTEXT() REPRESENTATION_CONTEXT('2D SPACE',''
  ) );
#4376 = PCURVE('',#3773,#4377);
#4377 = DEFINITIONAL_REPRESENTATION('',(#4378),#4382);
#4378 = LINE('',#4379,#4380);
#4379 = CARTESIAN_POINT('',(20.,0.));
#4380 = VECTOR('',#4381,1.);
#4381 = DIRECTION('',(0.,1.));
#4382 = ( GEOMETRIC_REPRESENTATION_CONTEXT(2) 
PARAMETRIC_REPRESENTATION_CONTEXT() REPRESENTATION_CONTEXT('2D SPACE',''
  ) );
#4383 = ORIENTED_EDGE('',*,*,#4384,.F.);
#4384 = EDGE_CURVE('',#4385,#4362,#4387,.T.);
#4385 = VERTEX_POINT('',#4386);
#4386 = CARTESIAN_POINT('',(22.,13.6,0.8));
#4387 = SURFACE_CURVE('',#4388,(#4393,#4404),.PCURVE_S1.);
#4388 = CIRCLE('',#4389,0.8);
#4389 = AXIS2_PLACEMENT_3D('',#4390,#4391,#4392);
#4390 = CARTESIAN_POINT('',(22.,12.8,0.8));
#4391 = DIRECTION('',(-1.,0.,-0.));
#4392 = DIRECTION('',(-0.,0.,1.));
#4393 = PCURVE('',#1100,#4394);
#4394 = DEFINITIONAL_REPRESENTATION('',(#4395),#4403);
#4395 = ( BOUNDED_CURVE() B_SPLINE_CURVE(2,(#4396,#4397,#4398,#4399,
#4400,#4401,#4402),.UNSPECIFIED.,.T.,.F.) B_SPLINE_CURVE_WITH_KNOTS((1,2
    ,2,2,2,1),(-2.094395102393,0.,2.094395102393,4.188790204786,
6.28318530718,8.377580409573),.UNSPECIFIED.) CURVE() 
GEOMETRIC_REPRESENTATION_ITEM() RATIONAL_B_SPLINE_CURVE((1.,0.5,1.,0.5,
1.,0.5,1.)) REPRESENTATION_ITEM('') );
#4396 = CARTESIAN_POINT('',(1.6,-1.4));
#4397 = CARTESIAN_POINT('',(1.6,-2.785640646055));
#4398 = CARTESIAN_POINT('',(0.4,-2.092820323028));
#4399 = CARTESIAN_POINT('',(-0.8,-1.4));
#4400 = CARTESIAN_POINT('',(0.4,-0.707179676972));
#4401 = CARTESIAN_POINT('',(1.6,-1.43593539449E-02));
#4402 = CARTESIAN_POINT('',(1.6,-1.4));
#4403 = ( GEOMETRIC_REPRESENTATION_CONTEXT(2) 
PARAMETRIC_REPRESENTATION_CONTEXT() REPRESENTATION_CONTEXT('2D SPACE',''
  ) );
#4404 = PCURVE('',#3806,#4405);
#4405 = DEFINITIONAL_REPRESENTATION('',(#4406),#4410);
#4406 = LINE('',#4407,#4408);
#4407 = CARTESIAN_POINT('',(1.570796326795,20.));
#4408 = VECTOR('',#4409,1.);
#4409 = DIRECTION('',(-1.,0.));
#4410 = ( GEOMETRIC_REPRESENTATION_CONTEXT(2) 
PARAMETRIC_REPRESENTATION_CONTEXT() REPRESENTATION_CONTEXT('2D SPACE',''
  ) );
#4411 = ORIENTED_EDGE('',*,*,#4412,.T.);
#4412 = EDGE_CURVE('',#4385,#4413,#4415,.T.);
#4413 = VERTEX_POINT('',#4414);
#4414 = CARTESIAN_POINT('',(22.,13.6,8.7));
#4415 = SURFACE_CURVE('',#4416,(#4420,#4427),.PCURVE_S1.);
#4416 = LINE('',#4417,#4418);
#4417 = CARTESIAN_POINT('',(22.,13.6,0.));
#4418 = VECTOR('',#4419,1.);
#4419 = DIRECTION('',(0.,0.,1.));
#4420 = PCURVE('',#1100,#4421);
#4421 = DEFINITIONAL_REPRESENTATION('',(#4422),#4426);
#4422 = LINE('',#4423,#4424);
#4423 = CARTESIAN_POINT('',(0.,-2.2));
#4424 = VECTOR('',#4425,1.);
#4425 = DIRECTION('',(1.,0.));
#4426 = ( GEOMETRIC_REPRESENTATION_CONTEXT(2) 
PARAMETRIC_REPRESENTATION_CONTEXT() REPRESENTATION_CONTEXT('2D SPACE',''
  ) );
#4427 = PCURVE('',#3834,#4428);
#4428 = DEFINITIONAL_REPRESENTATION('',(#4429),#4433);
#4429 = LINE('',#4430,#4431);
#4430 = CARTESIAN_POINT('',(0.,20.));
#4431 = VECTOR('',#4432,1.);
#4432 = DIRECTION('',(1.,0.));
#4433 = ( GEOMETRIC_REPRESENTATION_CONTEXT(2) 
PARAMETRIC_REPRESENTATION_CONTEXT() REPRESENTATION_CONTEXT('2D SPACE',''
  ) );
#4434 = ORIENTED_EDGE('',*,*,#4435,.T.);
#4435 = EDGE_CURVE('',#4413,#4436,#4438,.T.);
#4436 = VERTEX_POINT('',#4437);
#4437 = CARTESIAN_POINT('',(22.,14.56,8.7));
#4438 = SURFACE_CURVE('',#4439,(#4443,#4450),.PCURVE_S1.);
#4439 = LINE('',#4440,#4441);
#4440 = CARTESIAN_POINT('',(22.,13.06,8.7));
#4441 = VECTOR('',#4442,1.);
#4442 = DIRECTION('',(0.,1.,0.));
#4443 = PCURVE('',#1100,#4444);
#4444 = DEFINITIONAL_REPRESENTATION('',(#4445),#4449);
#4445 = LINE('',#4446,#4447);
#4446 = CARTESIAN_POINT('',(8.7,-1.66));
#4447 = VECTOR('',#4448,1.);
#4448 = DIRECTION('',(0.,-1.));
#4449 = ( GEOMETRIC_REPRESENTATION_CONTEXT(2) 
PARAMETRIC_REPRESENTATION_CONTEXT() REPRESENTATION_CONTEXT('2D SPACE',''
  ) );
#4450 = PCURVE('',#3862,#4451);
#4451 = DEFINITIONAL_REPRESENTATION('',(#4452),#4456);
#4452 = LINE('',#4453,#4454);
#4453 = CARTESIAN_POINT('',(20.,0.));
#4454 = VECTOR('',#4455,1.);
#4455 = DIRECTION('',(0.,1.));
#4456 = ( GEOMETRIC_REPRESENTATION_CONTEXT(2) 
PARAMETRIC_REPRESENTATION_CONTEXT() REPRESENTATION_CONTEXT('2D SPACE',''
  ) );
#4457 = ORIENTED_EDGE('',*,*,#4458,.F.);
#4458 = EDGE_CURVE('',#4459,#4436,#4461,.T.);
#4459 = VERTEX_POINT('',#4460);
#4460 = CARTESIAN_POINT('',(22.,14.86,9.));
#4461 = SURFACE_CURVE('',#4462,(#4467,#4478),.PCURVE_S1.);
#4462 = CIRCLE('',#4463,0.3);
#4463 = AXIS2_PLACEMENT_3D('',#4464,#4465,#4466);
#4464 = CARTESIAN_POINT('',(22.,14.56,9.));
#4465 = DIRECTION('',(-1.,0.,-0.));
#4466 = DIRECTION('',(-0.,0.,1.));
#4467 = PCURVE('',#1100,#4468);
#4468 = DEFINITIONAL_REPRESENTATION('',(#4469),#4477);
#4469 = ( BOUNDED_CURVE() B_SPLINE_CURVE(2,(#4470,#4471,#4472,#4473,
#4474,#4475,#4476),.UNSPECIFIED.,.T.,.F.) B_SPLINE_CURVE_WITH_KNOTS((1,2
    ,2,2,2,1),(-2.094395102393,0.,2.094395102393,4.188790204786,
6.28318530718,8.377580409573),.UNSPECIFIED.) CURVE() 
GEOMETRIC_REPRESENTATION_ITEM() RATIONAL_B_SPLINE_CURVE((1.,0.5,1.,0.5,
1.,0.5,1.)) REPRESENTATION_ITEM('') );
#4470 = CARTESIAN_POINT('',(9.3,-3.16));
#4471 = CARTESIAN_POINT('',(9.3,-3.679615242271));
#4472 = CARTESIAN_POINT('',(8.85,-3.419807621135));
#4473 = CARTESIAN_POINT('',(8.4,-3.16));
#4474 = CARTESIAN_POINT('',(8.85,-2.900192378865));
#4475 = CARTESIAN_POINT('',(9.3,-2.640384757729));
#4476 = CARTESIAN_POINT('',(9.3,-3.16));
#4477 = ( GEOMETRIC_REPRESENTATION_CONTEXT(2) 
PARAMETRIC_REPRESENTATION_CONTEXT() REPRESENTATION_CONTEXT('2D SPACE',''
  ) );
#4478 = PCURVE('',#3895,#4479);
#4479 = DEFINITIONAL_REPRESENTATION('',(#4480),#4484);
#4480 = LINE('',#4481,#4482);
#4481 = CARTESIAN_POINT('',(1.570796326795,20.));
#4482 = VECTOR('',#4483,1.);
#4483 = DIRECTION('',(-1.,0.));
#4484 = ( GEOMETRIC_REPRESENTATION_CONTEXT(2) 
PARAMETRIC_REPRESENTATION_CONTEXT() REPRESENTATION_CONTEXT('2D SPACE',''
  ) );
#4485 = ORIENTED_EDGE('',*,*,#4486,.T.);
#4486 = EDGE_CURVE('',#4459,#4487,#4489,.T.);
#4487 = VERTEX_POINT('',#4488);
#4488 = CARTESIAN_POINT('',(22.,14.86,9.8));
#4489 = SURFACE_CURVE('',#4490,(#4494,#4501),.PCURVE_S1.);
#4490 = LINE('',#4491,#4492);
#4491 = CARTESIAN_POINT('',(22.,14.86,8.7));
#4492 = VECTOR('',#4493,1.);
#4493 = DIRECTION('',(0.,0.,1.));
#4494 = PCURVE('',#1100,#4495);
#4495 = DEFINITIONAL_REPRESENTATION('',(#4496),#4500);
#4496 = LINE('',#4497,#4498);
#4497 = CARTESIAN_POINT('',(8.7,-3.46));
#4498 = VECTOR('',#4499,1.);
#4499 = DIRECTION('',(1.,0.));
#4500 = ( GEOMETRIC_REPRESENTATION_CONTEXT(2) 
PARAMETRIC_REPRESENTATION_CONTEXT() REPRESENTATION_CONTEXT('2D SPACE',''
  ) );
#4501 = PCURVE('',#3923,#4502);
#4502 = DEFINITIONAL_REPRESENTATION('',(#4503),#4507);
#4503 = LINE('',#4504,#4505);
#4504 = CARTESIAN_POINT('',(0.,20.));
#4505 = VECTOR('',#4506,1.);
#4506 = DIRECTION('',(1.,0.));
#4507 = ( GEOMETRIC_REPRESENTATION_CONTEXT(2) 
PARAMETRIC_REPRESENTATION_CONTEXT() REPRESENTATION_CONTEXT('2D SPACE',''
  ) );
#4508 = ORIENTED_EDGE('',*,*,#4509,.T.);
#4509 = EDGE_CURVE('',#4487,#4510,#4512,.T.);
#4510 = VERTEX_POINT('',#4511);
#4511 = CARTESIAN_POINT('',(22.,14.56,10.1));
#4512 = SURFACE_CURVE('',#4513,(#4518,#4525),.PCURVE_S1.);
#4513 = CIRCLE('',#4514,0.3);
#4514 = AXIS2_PLACEMENT_3D('',#4515,#4516,#4517);
#4515 = CARTESIAN_POINT('',(22.,14.56,9.8));
#4516 = DIRECTION('',(1.,0.,0.));
#4517 = DIRECTION('',(-0.,0.,1.));
#4518 = PCURVE('',#1100,#4519);
#4519 = DEFINITIONAL_REPRESENTATION('',(#4520),#4524);
#4520 = CIRCLE('',#4521,0.3);
#4521 = AXIS2_PLACEMENT_2D('',#4522,#4523);
#4522 = CARTESIAN_POINT('',(9.8,-3.16));
#4523 = DIRECTION('',(1.,0.));
#4524 = ( GEOMETRIC_REPRESENTATION_CONTEXT(2) 
PARAMETRIC_REPRESENTATION_CONTEXT() REPRESENTATION_CONTEXT('2D SPACE',''
  ) );
#4525 = PCURVE('',#3952,#4526);
#4526 = DEFINITIONAL_REPRESENTATION('',(#4527),#4531);
#4527 = LINE('',#4528,#4529);
#4528 = CARTESIAN_POINT('',(-4.712388980385,20.));
#4529 = VECTOR('',#4530,1.);
#4530 = DIRECTION('',(1.,0.));
#4531 = ( GEOMETRIC_REPRESENTATION_CONTEXT(2) 
PARAMETRIC_REPRESENTATION_CONTEXT() REPRESENTATION_CONTEXT('2D SPACE',''
  ) );
#4532 = ORIENTED_EDGE('',*,*,#4533,.F.);
#4533 = EDGE_CURVE('',#4534,#4510,#4536,.T.);
#4534 = VERTEX_POINT('',#4535);
#4535 = CARTESIAN_POINT('',(22.,13.6,10.1));
#4536 = SURFACE_CURVE('',#4537,(#4541,#4548),.PCURVE_S1.);
#4537 = LINE('',#4538,#4539);
#4538 = CARTESIAN_POINT('',(22.,13.06,10.1));
#4539 = VECTOR('',#4540,1.);
#4540 = DIRECTION('',(0.,1.,0.));
#4541 = PCURVE('',#1100,#4542);
#4542 = DEFINITIONAL_REPRESENTATION('',(#4543),#4547);
#4543 = LINE('',#4544,#4545);
#4544 = CARTESIAN_POINT('',(10.1,-1.66));
#4545 = VECTOR('',#4546,1.);
#4546 = DIRECTION('',(0.,-1.));
#4547 = ( GEOMETRIC_REPRESENTATION_CONTEXT(2) 
PARAMETRIC_REPRESENTATION_CONTEXT() REPRESENTATION_CONTEXT('2D SPACE',''
  ) );
#4548 = PCURVE('',#3980,#4549);
#4549 = DEFINITIONAL_REPRESENTATION('',(#4550),#4554);
#4550 = LINE('',#4551,#4552);
#4551 = CARTESIAN_POINT('',(20.,0.));
#4552 = VECTOR('',#4553,1.);
#4553 = DIRECTION('',(0.,1.));
#4554 = ( GEOMETRIC_REPRESENTATION_CONTEXT(2) 
PARAMETRIC_REPRESENTATION_CONTEXT() REPRESENTATION_CONTEXT('2D SPACE',''
  ) );
#4555 = ORIENTED_EDGE('',*,*,#4556,.T.);
#4556 = EDGE_CURVE('',#4534,#4557,#4559,.T.);
#4557 = VERTEX_POINT('',#4558);
#4558 = CARTESIAN_POINT('',(22.,13.6,11.3));
#4559 = SURFACE_CURVE('',#4560,(#4564,#4571),.PCURVE_S1.);
#4560 = LINE('',#4561,#4562);
#4561 = CARTESIAN_POINT('',(22.,13.6,0.));
#4562 = VECTOR('',#4563,1.);
#4563 = DIRECTION('',(0.,0.,1.));
#4564 = PCURVE('',#1100,#4565);
#4565 = DEFINITIONAL_REPRESENTATION('',(#4566),#4570);
#4566 = LINE('',#4567,#4568);
#4567 = CARTESIAN_POINT('',(0.,-2.2));
#4568 = VECTOR('',#4569,1.);
#4569 = DIRECTION('',(1.,0.));
#4570 = ( GEOMETRIC_REPRESENTATION_CONTEXT(2) 
PARAMETRIC_REPRESENTATION_CONTEXT() REPRESENTATION_CONTEXT('2D SPACE',''
  ) );
#4571 = PCURVE('',#4008,#4572);
#4572 = DEFINITIONAL_REPRESENTATION('',(#4573),#4577);
#4573 = LINE('',#4574,#4575);
#4574 = CARTESIAN_POINT('',(0.,20.));
#4575 = VECTOR('',#4576,1.);
#4576 = DIRECTION('',(1.,0.));
#4577 = ( GEOMETRIC_REPRESENTATION_CONTEXT(2) 
PARAMETRIC_REPRESENTATION_CONTEXT() REPRESENTATION_CONTEXT('2D SPACE',''
  ) );
#4578 = ORIENTED_EDGE('',*,*,#4579,.T.);
#4579 = EDGE_CURVE('',#4557,#4580,#4582,.T.);
#4580 = VERTEX_POINT('',#4581);
#4581 = CARTESIAN_POINT('',(22.,14.56,11.3));
#4582 = SURFACE_CURVE('',#4583,(#4587,#4594),.PCURVE_S1.);
#4583 = LINE('',#4584,#4585);
#4584 = CARTESIAN_POINT('',(22.,13.06,11.3));
#4585 = VECTOR('',#4586,1.);
#4586 = DIRECTION('',(0.,1.,0.));
#4587 = PCURVE('',#1100,#4588);
#4588 = DEFINITIONAL_REPRESENTATION('',(#4589),#4593);
#4589 = LINE('',#4590,#4591);
#4590 = CARTESIAN_POINT('',(11.3,-1.66));
#4591 = VECTOR('',#4592,1.);
#4592 = DIRECTION('',(0.,-1.));
#4593 = ( GEOMETRIC_REPRESENTATION_CONTEXT(2) 
PARAMETRIC_REPRESENTATION_CONTEXT() REPRESENTATION_CONTEXT('2D SPACE',''
  ) );
#4594 = PCURVE('',#4036,#4595);
#4595 = DEFINITIONAL_REPRESENTATION('',(#4596),#4600);
#4596 = LINE('',#4597,#4598);
#4597 = CARTESIAN_POINT('',(20.,0.));
#4598 = VECTOR('',#4599,1.);
#4599 = DIRECTION('',(0.,1.));
#4600 = ( GEOMETRIC_REPRESENTATION_CONTEXT(2) 
PARAMETRIC_REPRESENTATION_CONTEXT() REPRESENTATION_CONTEXT('2D SPACE',''
  ) );
#4601 = ORIENTED_EDGE('',*,*,#4602,.F.);
#4602 = EDGE_CURVE('',#4603,#4580,#4605,.T.);
#4603 = VERTEX_POINT('',#4604);
#4604 = CARTESIAN_POINT('',(22.,14.86,11.6));
#4605 = SURFACE_CURVE('',#4606,(#4611,#4622),.PCURVE_S1.);
#4606 = CIRCLE('',#4607,0.3);
#4607 = AXIS2_PLACEMENT_3D('',#4608,#4609,#4610);
#4608 = CARTESIAN_POINT('',(22.,14.56,11.6));
#4609 = DIRECTION('',(-1.,0.,-0.));
#4610 = DIRECTION('',(-0.,0.,1.));
#4611 = PCURVE('',#1100,#4612);
#4612 = DEFINITIONAL_REPRESENTATION('',(#4613),#4621);
#4613 = ( BOUNDED_CURVE() B_SPLINE_CURVE(2,(#4614,#4615,#4616,#4617,
#4618,#4619,#4620),.UNSPECIFIED.,.T.,.F.) B_SPLINE_CURVE_WITH_KNOTS((1,2
    ,2,2,2,1),(-2.094395102393,0.,2.094395102393,4.188790204786,
6.28318530718,8.377580409573),.UNSPECIFIED.) CURVE() 
GEOMETRIC_REPRESENTATION_ITEM() RATIONAL_B_SPLINE_CURVE((1.,0.5,1.,0.5,
1.,0.5,1.)) REPRESENTATION_ITEM('') );
#4614 = CARTESIAN_POINT('',(11.9,-3.16));
#4615 = CARTESIAN_POINT('',(11.9,-3.679615242271));
#4616 = CARTESIAN_POINT('',(11.45,-3.419807621135));
#4617 = CARTESIAN_POINT('',(11.,-3.16));
#4618 = CARTESIAN_POINT('',(11.45,-2.900192378865));
#4619 = CARTESIAN_POINT('',(11.9,-2.640384757729));
#4620 = CARTESIAN_POINT('',(11.9,-3.16));
#4621 = ( GEOMETRIC_REPRESENTATION_CONTEXT(2) 
PARAMETRIC_REPRESENTATION_CONTEXT() REPRESENTATION_CONTEXT('2D SPACE',''
  ) );
#4622 = PCURVE('',#4069,#4623);
#4623 = DEFINITIONAL_REPRESENTATION('',(#4624),#4628);
#4624 = LINE('',#4625,#4626);
#4625 = CARTESIAN_POINT('',(1.570796326795,20.));
#4626 = VECTOR('',#4627,1.);
#4627 = DIRECTION('',(-1.,0.));
#4628 = ( GEOMETRIC_REPRESENTATION_CONTEXT(2) 
PARAMETRIC_REPRESENTATION_CONTEXT() REPRESENTATION_CONTEXT('2D SPACE',''
  ) );
#4629 = ORIENTED_EDGE('',*,*,#4630,.T.);
#4630 = EDGE_CURVE('',#4603,#4631,#4633,.T.);
#4631 = VERTEX_POINT('',#4632);
#4632 = CARTESIAN_POINT('',(22.,14.86,12.4));
#4633 = SURFACE_CURVE('',#4634,(#4638,#4645),.PCURVE_S1.);
#4634 = LINE('',#4635,#4636);
#4635 = CARTESIAN_POINT('',(22.,14.86,11.3));
#4636 = VECTOR('',#4637,1.);
#4637 = DIRECTION('',(0.,0.,1.));
#4638 = PCURVE('',#1100,#4639);
#4639 = DEFINITIONAL_REPRESENTATION('',(#4640),#4644);
#4640 = LINE('',#4641,#4642);
#4641 = CARTESIAN_POINT('',(11.3,-3.46));
#4642 = VECTOR('',#4643,1.);
#4643 = DIRECTION('',(1.,0.));
#4644 = ( GEOMETRIC_REPRESENTATION_CONTEXT(2) 
PARAMETRIC_REPRESENTATION_CONTEXT() REPRESENTATION_CONTEXT('2D SPACE',''
  ) );
#4645 = PCURVE('',#4097,#4646);
#4646 = DEFINITIONAL_REPRESENTATION('',(#4647),#4651);
#4647 = LINE('',#4648,#4649);
#4648 = CARTESIAN_POINT('',(0.,20.));
#4649 = VECTOR('',#4650,1.);
#4650 = DIRECTION('',(1.,0.));
#4651 = ( GEOMETRIC_REPRESENTATION_CONTEXT(2) 
PARAMETRIC_REPRESENTATION_CONTEXT() REPRESENTATION_CONTEXT('2D SPACE',''
  ) );
#4652 = ORIENTED_EDGE('',*,*,#4653,.T.);
#4653 = EDGE_CURVE('',#4631,#4654,#4656,.T.);
#4654 = VERTEX_POINT('',#4655);
#4655 = CARTESIAN_POINT('',(22.,14.56,12.7));
#4656 = SURFACE_CURVE('',#4657,(#4662,#4669),.PCURVE_S1.);
#4657 = CIRCLE('',#4658,0.3);
#4658 = AXIS2_PLACEMENT_3D('',#4659,#4660,#4661);
#4659 = CARTESIAN_POINT('',(22.,14.56,12.4));
#4660 = DIRECTION('',(1.,0.,0.));
#4661 = DIRECTION('',(-0.,0.,1.));
#4662 = PCURVE('',#1100,#4663);
#4663 = DEFINITIONAL_REPRESENTATION('',(#4664),#4668);
#4664 = CIRCLE('',#4665,0.3);
#4665 = AXIS2_PLACEMENT_2D('',#4666,#4667);
#4666 = CARTESIAN_POINT('',(12.4,-3.16));
#4667 = DIRECTION('',(1.,0.));
#4668 = ( GEOMETRIC_REPRESENTATION_CONTEXT(2) 
PARAMETRIC_REPRESENTATION_CONTEXT() REPRESENTATION_CONTEXT('2D SPACE',''
  ) );
#4669 = PCURVE('',#4126,#4670);
#4670 = DEFINITIONAL_REPRESENTATION('',(#4671),#4675);
#4671 = LINE('',#4672,#4673);
#4672 = CARTESIAN_POINT('',(-4.712388980385,20.));
#4673 = VECTOR('',#4674,1.);
#4674 = DIRECTION('',(1.,0.));
#4675 = ( GEOMETRIC_REPRESENTATION_CONTEXT(2) 
PARAMETRIC_REPRESENTATION_CONTEXT() REPRESENTATION_CONTEXT('2D SPACE',''
  ) );
#4676 = ORIENTED_EDGE('',*,*,#4677,.F.);
#4677 = EDGE_CURVE('',#4678,#4654,#4680,.T.);
#4678 = VERTEX_POINT('',#4679);
#4679 = CARTESIAN_POINT('',(22.,13.6,12.7));
#4680 = SURFACE_CURVE('',#4681,(#4685,#4692),.PCURVE_S1.);
#4681 = LINE('',#4682,#4683);
#4682 = CARTESIAN_POINT('',(22.,13.06,12.7));
#4683 = VECTOR('',#4684,1.);
#4684 = DIRECTION('',(0.,1.,0.));
#4685 = PCURVE('',#1100,#4686);
#4686 = DEFINITIONAL_REPRESENTATION('',(#4687),#4691);
#4687 = LINE('',#4688,#4689);
#4688 = CARTESIAN_POINT('',(12.7,-1.66));
#4689 = VECTOR('',#4690,1.);
#4690 = DIRECTION('',(0.,-1.));
#4691 = ( GEOMETRIC_REPRESENTATION_CONTEXT(2) 
PARAMETRIC_REPRESENTATION_CONTEXT() REPRESENTATION_CONTEXT('2D SPACE',''
  ) );
#4692 = PCURVE('',#4154,#4693);
#4693 = DEFINITIONAL_REPRESENTATION('',(#4694),#4698);
#4694 = LINE('',#4695,#4696);
#4695 = CARTESIAN_POINT('',(20.,0.));
#4696 = VECTOR('',#4697,1.);
#4697 = DIRECTION('',(0.,1.));
#4698 = ( GEOMETRIC_REPRESENTATION_CONTEXT(2) 
PARAMETRIC_REPRESENTATION_CONTEXT() REPRESENTATION_CONTEXT('2D SPACE',''
  ) );
#4699 = ORIENTED_EDGE('',*,*,#4700,.T.);
#4700 = EDGE_CURVE('',#4678,#4701,#4703,.T.);
#4701 = VERTEX_POINT('',#4702);
#4702 = CARTESIAN_POINT('',(22.,13.6,13.2));
#4703 = SURFACE_CURVE('',#4704,(#4708,#4715),.PCURVE_S1.);
#4704 = LINE('',#4705,#4706);
#4705 = CARTESIAN_POINT('',(22.,13.6,0.));
#4706 = VECTOR('',#4707,1.);
#4707 = DIRECTION('',(0.,0.,1.));
#4708 = PCURVE('',#1100,#4709);
#4709 = DEFINITIONAL_REPRESENTATION('',(#4710),#4714);
#4710 = LINE('',#4711,#4712);
#4711 = CARTESIAN_POINT('',(0.,-2.2));
#4712 = VECTOR('',#4713,1.);
#4713 = DIRECTION('',(1.,0.));
#4714 = ( GEOMETRIC_REPRESENTATION_CONTEXT(2) 
PARAMETRIC_REPRESENTATION_CONTEXT() REPRESENTATION_CONTEXT('2D SPACE',''
  ) );
#4715 = PCURVE('',#4182,#4716);
#4716 = DEFINITIONAL_REPRESENTATION('',(#4717),#4721);
#4717 = LINE('',#4718,#4719);
#4718 = CARTESIAN_POINT('',(0.,20.));
#4719 = VECTOR('',#4720,1.);
#4720 = DIRECTION('',(1.,0.));
#4721 = ( GEOMETRIC_REPRESENTATION_CONTEXT(2) 
PARAMETRIC_REPRESENTATION_CONTEXT() REPRESENTATION_CONTEXT('2D SPACE',''
  ) );
#4722 = ORIENTED_EDGE('',*,*,#4723,.T.);
#4723 = EDGE_CURVE('',#4701,#4724,#4726,.T.);
#4724 = VERTEX_POINT('',#4725);
#4725 = CARTESIAN_POINT('',(22.,12.8,14.));
#4726 = SURFACE_CURVE('',#4727,(#4732,#4739),.PCURVE_S1.);
#4727 = CIRCLE('',#4728,0.8);
#4728 = AXIS2_PLACEMENT_3D('',#4729,#4730,#4731);
#4729 = CARTESIAN_POINT('',(22.,12.8,13.2));
#4730 = DIRECTION('',(1.,0.,0.));
#4731 = DIRECTION('',(-0.,0.,1.));
#4732 = PCURVE('',#1100,#4733);
#4733 = DEFINITIONAL_REPRESENTATION('',(#4734),#4738);
#4734 = CIRCLE('',#4735,0.8);
#4735 = AXIS2_PLACEMENT_2D('',#4736,#4737);
#4736 = CARTESIAN_POINT('',(13.2,-1.4));
#4737 = DIRECTION('',(1.,0.));
#4738 = ( GEOMETRIC_REPRESENTATION_CONTEXT(2) 
PARAMETRIC_REPRESENTATION_CONTEXT() REPRESENTATION_CONTEXT('2D SPACE',''
  ) );
#4739 = PCURVE('',#4211,#4740);
#4740 = DEFINITIONAL_REPRESENTATION('',(#4741),#4745);
#4741 = LINE('',#4742,#4743);
#4742 = CARTESIAN_POINT('',(-4.712388980385,20.));
#4743 = VECTOR('',#4744,1.);
#4744 = DIRECTION('',(1.,0.));
#4745 = ( GEOMETRIC_REPRESENTATION_CONTEXT(2) 
PARAMETRIC_REPRESENTATION_CONTEXT() REPRESENTATION_CONTEXT('2D SPACE',''
  ) );
#4746 = ORIENTED_EDGE('',*,*,#4747,.F.);
#4747 = EDGE_CURVE('',#4748,#4724,#4750,.T.);
#4748 = VERTEX_POINT('',#4749);
#4749 = CARTESIAN_POINT('',(22.,12.2,14.));
#4750 = SURFACE_CURVE('',#4751,(#4755,#4762),.PCURVE_S1.);
#4751 = LINE('',#4752,#4753);
#4752 = CARTESIAN_POINT('',(22.,11.4,14.));
#4753 = VECTOR('',#4754,1.);
#4754 = DIRECTION('',(0.,1.,0.));
#4755 = PCURVE('',#1100,#4756);
#4756 = DEFINITIONAL_REPRESENTATION('',(#4757),#4761);
#4757 = LINE('',#4758,#4759);
#4758 = CARTESIAN_POINT('',(14.,0.));
#4759 = VECTOR('',#4760,1.);
#4760 = DIRECTION('',(0.,-1.));
#4761 = ( GEOMETRIC_REPRESENTATION_CONTEXT(2) 
PARAMETRIC_REPRESENTATION_CONTEXT() REPRESENTATION_CONTEXT('2D SPACE',''
  ) );
#4762 = PCURVE('',#4239,#4763);
#4763 = DEFINITIONAL_REPRESENTATION('',(#4764),#4768);
#4764 = LINE('',#4765,#4766);
#4765 = CARTESIAN_POINT('',(20.,0.));
#4766 = VECTOR('',#4767,1.);
#4767 = DIRECTION('',(0.,1.));
#4768 = ( GEOMETRIC_REPRESENTATION_CONTEXT(2) 
PARAMETRIC_REPRESENTATION_CONTEXT() REPRESENTATION_CONTEXT('2D SPACE',''
  ) );
#4769 = ORIENTED_EDGE('',*,*,#4770,.F.);
#4770 = EDGE_CURVE('',#4286,#4748,#4771,.T.);
#4771 = SURFACE_CURVE('',#4772,(#4777,#4788),.PCURVE_S1.);
#4772 = CIRCLE('',#4773,0.8);
#4773 = AXIS2_PLACEMENT_3D('',#4774,#4775,#4776);
#4774 = CARTESIAN_POINT('',(22.,12.2,13.2));
#4775 = DIRECTION('',(-1.,0.,-0.));
#4776 = DIRECTION('',(-0.,0.,1.));
#4777 = PCURVE('',#1100,#4778);
#4778 = DEFINITIONAL_REPRESENTATION('',(#4779),#4787);
#4779 = ( BOUNDED_CURVE() B_SPLINE_CURVE(2,(#4780,#4781,#4782,#4783,
#4784,#4785,#4786),.UNSPECIFIED.,.T.,.F.) B_SPLINE_CURVE_WITH_KNOTS((1,2
    ,2,2,2,1),(-2.094395102393,0.,2.094395102393,4.188790204786,
6.28318530718,8.377580409573),.UNSPECIFIED.) CURVE() 
GEOMETRIC_REPRESENTATION_ITEM() RATIONAL_B_SPLINE_CURVE((1.,0.5,1.,0.5,
1.,0.5,1.)) REPRESENTATION_ITEM('') );
#4780 = CARTESIAN_POINT('',(14.,-0.8));
#4781 = CARTESIAN_POINT('',(14.,-2.185640646055));
#4782 = CARTESIAN_POINT('',(12.8,-1.492820323028));
#4783 = CARTESIAN_POINT('',(11.6,-0.8));
#4784 = CARTESIAN_POINT('',(12.8,-0.107179676972));
#4785 = CARTESIAN_POINT('',(14.,0.585640646055));
#4786 = CARTESIAN_POINT('',(14.,-0.8));
#4787 = ( GEOMETRIC_REPRESENTATION_CONTEXT(2) 
PARAMETRIC_REPRESENTATION_CONTEXT() REPRESENTATION_CONTEXT('2D SPACE',''
  ) );
#4788 = PCURVE('',#4270,#4789);
#4789 = DEFINITIONAL_REPRESENTATION('',(#4790),#4794);
#4790 = LINE('',#4791,#4792);
#4791 = CARTESIAN_POINT('',(4.712388980385,20.));
#4792 = VECTOR('',#4793,1.);
#4793 = DIRECTION('',(-1.,0.));
#4794 = ( GEOMETRIC_REPRESENTATION_CONTEXT(2) 
PARAMETRIC_REPRESENTATION_CONTEXT() REPRESENTATION_CONTEXT('2D SPACE',''
  ) );
#4795 = ADVANCED_FACE('',(#4796),#978,.T.);
#4796 = FACE_BOUND('',#4797,.T.);
#4797 = EDGE_LOOP('',(#4798,#4799,#4820,#4821));
#4798 = ORIENTED_EDGE('',*,*,#3362,.F.);
#4799 = ORIENTED_EDGE('',*,*,#4800,.T.);
#4800 = EDGE_CURVE('',#3340,#3535,#4801,.T.);
#4801 = SURFACE_CURVE('',#4802,(#4806,#4813),.PCURVE_S1.);
#4802 = LINE('',#4803,#4804);
#4803 = CARTESIAN_POINT('',(18.9,10.53,5.));
#4804 = VECTOR('',#4805,1.);
#4805 = DIRECTION('',(1.,0.,0.));
#4806 = PCURVE('',#978,#4807);
#4807 = DEFINITIONAL_REPRESENTATION('',(#4808),#4812);
#4808 = LINE('',#4809,#4810);
#4809 = CARTESIAN_POINT('',(0.,0.));
#4810 = VECTOR('',#4811,1.);
#4811 = DIRECTION('',(0.,-1.));
#4812 = ( GEOMETRIC_REPRESENTATION_CONTEXT(2) 
PARAMETRIC_REPRESENTATION_CONTEXT() REPRESENTATION_CONTEXT('2D SPACE',''
  ) );
#4813 = PCURVE('',#1439,#4814);
#4814 = DEFINITIONAL_REPRESENTATION('',(#4815),#4819);
#4815 = LINE('',#4816,#4817);
#4816 = CARTESIAN_POINT('',(21.06,0.));
#4817 = VECTOR('',#4818,1.);
#4818 = DIRECTION('',(0.,-1.));
#4819 = ( GEOMETRIC_REPRESENTATION_CONTEXT(2) 
PARAMETRIC_REPRESENTATION_CONTEXT() REPRESENTATION_CONTEXT('2D SPACE',''
  ) );
#4820 = ORIENTED_EDGE('',*,*,#3557,.T.);
#4821 = ORIENTED_EDGE('',*,*,#963,.F.);
#4822 = ADVANCED_FACE('',(#4823),#881,.T.);
#4823 = FACE_BOUND('',#4824,.T.);
#4824 = EDGE_LOOP('',(#4825,#4826,#4847,#4848));
#4825 = ORIENTED_EDGE('',*,*,#2773,.F.);
#4826 = ORIENTED_EDGE('',*,*,#4827,.T.);
#4827 = EDGE_CURVE('',#2751,#3050,#4828,.T.);
#4828 = SURFACE_CURVE('',#4829,(#4833,#4840),.PCURVE_S1.);
#4829 = LINE('',#4830,#4831);
#4830 = CARTESIAN_POINT('',(1.9,10.53,5.));
#4831 = VECTOR('',#4832,1.);
#4832 = DIRECTION('',(1.,0.,0.));
#4833 = PCURVE('',#881,#4834);
#4834 = DEFINITIONAL_REPRESENTATION('',(#4835),#4839);
#4835 = LINE('',#4836,#4837);
#4836 = CARTESIAN_POINT('',(0.,0.));
#4837 = VECTOR('',#4838,1.);
#4838 = DIRECTION('',(0.,-1.));
#4839 = ( GEOMETRIC_REPRESENTATION_CONTEXT(2) 
PARAMETRIC_REPRESENTATION_CONTEXT() REPRESENTATION_CONTEXT('2D SPACE',''
  ) );
#4840 = PCURVE('',#1535,#4841);
#4841 = DEFINITIONAL_REPRESENTATION('',(#4842),#4846);
#4842 = LINE('',#4843,#4844);
#4843 = CARTESIAN_POINT('',(21.06,0.));
#4844 = VECTOR('',#4845,1.);
#4845 = DIRECTION('',(0.,-1.));
#4846 = ( GEOMETRIC_REPRESENTATION_CONTEXT(2) 
PARAMETRIC_REPRESENTATION_CONTEXT() REPRESENTATION_CONTEXT('2D SPACE',''
  ) );
#4847 = ORIENTED_EDGE('',*,*,#3072,.T.);
#4848 = ORIENTED_EDGE('',*,*,#866,.F.);
#4849 = ADVANCED_FACE('',(#4850),#1249,.T.);
#4850 = FACE_BOUND('',#4851,.T.);
#4851 = EDGE_LOOP('',(#4852,#4853,#4854,#4875));
#4852 = ORIENTED_EDGE('',*,*,#1234,.F.);
#4853 = ORIENTED_EDGE('',*,*,#3733,.T.);
#4854 = ORIENTED_EDGE('',*,*,#4855,.T.);
#4855 = EDGE_CURVE('',#3734,#4338,#4856,.T.);
#4856 = SURFACE_CURVE('',#4857,(#4861,#4868),.PCURVE_S1.);
#4857 = LINE('',#4858,#4859);
#4858 = CARTESIAN_POINT('',(2.,12.2,0.));
#4859 = VECTOR('',#4860,1.);
#4860 = DIRECTION('',(1.,0.,0.));
#4861 = PCURVE('',#1249,#4862);
#4862 = DEFINITIONAL_REPRESENTATION('',(#4863),#4867);
#4863 = LINE('',#4864,#4865);
#4864 = CARTESIAN_POINT('',(1.570796326795,0.));
#4865 = VECTOR('',#4866,1.);
#4866 = DIRECTION('',(0.,1.));
#4867 = ( GEOMETRIC_REPRESENTATION_CONTEXT(2) 
PARAMETRIC_REPRESENTATION_CONTEXT() REPRESENTATION_CONTEXT('2D SPACE',''
  ) );
#4868 = PCURVE('',#3773,#4869);
#4869 = DEFINITIONAL_REPRESENTATION('',(#4870),#4874);
#4870 = LINE('',#4871,#4872);
#4871 = CARTESIAN_POINT('',(0.,0.8));
#4872 = VECTOR('',#4873,1.);
#4873 = DIRECTION('',(1.,0.));
#4874 = ( GEOMETRIC_REPRESENTATION_CONTEXT(2) 
PARAMETRIC_REPRESENTATION_CONTEXT() REPRESENTATION_CONTEXT('2D SPACE',''
  ) );
#4875 = ORIENTED_EDGE('',*,*,#4337,.F.);
#4876 = ADVANCED_FACE('',(#4877),#1535,.T.);
#4877 = FACE_BOUND('',#4878,.T.);
#4878 = EDGE_LOOP('',(#4879,#4880,#4881,#4882));
#4879 = ORIENTED_EDGE('',*,*,#2750,.F.);
#4880 = ORIENTED_EDGE('',*,*,#1520,.F.);
#4881 = ORIENTED_EDGE('',*,*,#3049,.T.);
#4882 = ORIENTED_EDGE('',*,*,#4827,.F.);
#4883 = ADVANCED_FACE('',(#4884),#1487,.F.);
#4884 = FACE_BOUND('',#4885,.F.);
#4885 = EDGE_LOOP('',(#4886,#4887,#4888,#4909));
#4886 = ORIENTED_EDGE('',*,*,#1471,.F.);
#4887 = ORIENTED_EDGE('',*,*,#3026,.T.);
#4888 = ORIENTED_EDGE('',*,*,#4889,.T.);
#4889 = EDGE_CURVE('',#3001,#3296,#4890,.T.);
#4890 = SURFACE_CURVE('',#4891,(#4895,#4902),.PCURVE_S1.);
#4891 = LINE('',#4892,#4893);
#4892 = CARTESIAN_POINT('',(-2.,7.,8.));
#4893 = VECTOR('',#4894,1.);
#4894 = DIRECTION('',(1.,0.,0.));
#4895 = PCURVE('',#1487,#4896);
#4896 = DEFINITIONAL_REPRESENTATION('',(#4897),#4901);
#4897 = LINE('',#4898,#4899);
#4898 = CARTESIAN_POINT('',(1.570796326795,0.));
#4899 = VECTOR('',#4900,1.);
#4900 = DIRECTION('',(0.,1.));
#4901 = ( GEOMETRIC_REPRESENTATION_CONTEXT(2) 
PARAMETRIC_REPRESENTATION_CONTEXT() REPRESENTATION_CONTEXT('2D SPACE',''
  ) );
#4902 = PCURVE('',#3015,#4903);
#4903 = DEFINITIONAL_REPRESENTATION('',(#4904),#4908);
#4904 = LINE('',#4905,#4906);
#4905 = CARTESIAN_POINT('',(2.5,0.));
#4906 = VECTOR('',#4907,1.);
#4907 = DIRECTION('',(0.,-1.));
#4908 = ( GEOMETRIC_REPRESENTATION_CONTEXT(2) 
PARAMETRIC_REPRESENTATION_CONTEXT() REPRESENTATION_CONTEXT('2D SPACE',''
  ) );
#4909 = ORIENTED_EDGE('',*,*,#3316,.F.);
#4910 = ADVANCED_FACE('',(#4911),#1439,.T.);
#4911 = FACE_BOUND('',#4912,.T.);
#4912 = EDGE_LOOP('',(#4913,#4914,#4915,#4916));
#4913 = ORIENTED_EDGE('',*,*,#3339,.F.);
#4914 = ORIENTED_EDGE('',*,*,#1424,.F.);
#4915 = ORIENTED_EDGE('',*,*,#3534,.T.);
#4916 = ORIENTED_EDGE('',*,*,#4800,.F.);
#4917 = ADVANCED_FACE('',(#4918),#1391,.F.);
#4918 = FACE_BOUND('',#4919,.F.);
#4919 = EDGE_LOOP('',(#4920,#4921,#4922,#4943));
#4920 = ORIENTED_EDGE('',*,*,#1375,.F.);
#4921 = ORIENTED_EDGE('',*,*,#3511,.T.);
#4922 = ORIENTED_EDGE('',*,*,#4923,.T.);
#4923 = EDGE_CURVE('',#3486,#3657,#4924,.T.);
#4924 = SURFACE_CURVE('',#4925,(#4929,#4936),.PCURVE_S1.);
#4925 = LINE('',#4926,#4927);
#4926 = CARTESIAN_POINT('',(-2.,7.,8.));
#4927 = VECTOR('',#4928,1.);
#4928 = DIRECTION('',(1.,0.,0.));
#4929 = PCURVE('',#1391,#4930);
#4930 = DEFINITIONAL_REPRESENTATION('',(#4931),#4935);
#4931 = LINE('',#4932,#4933);
#4932 = CARTESIAN_POINT('',(1.570796326795,0.));
#4933 = VECTOR('',#4934,1.);
#4934 = DIRECTION('',(0.,1.));
#4935 = ( GEOMETRIC_REPRESENTATION_CONTEXT(2) 
PARAMETRIC_REPRESENTATION_CONTEXT() REPRESENTATION_CONTEXT('2D SPACE',''
  ) );
#4936 = PCURVE('',#3500,#4937);
#4937 = DEFINITIONAL_REPRESENTATION('',(#4938),#4942);
#4938 = LINE('',#4939,#4940);
#4939 = CARTESIAN_POINT('',(2.5,0.));
#4940 = VECTOR('',#4941,1.);
#4941 = DIRECTION('',(0.,-1.));
#4942 = ( GEOMETRIC_REPRESENTATION_CONTEXT(2) 
PARAMETRIC_REPRESENTATION_CONTEXT() REPRESENTATION_CONTEXT('2D SPACE',''
  ) );
#4943 = ORIENTED_EDGE('',*,*,#3677,.F.);
#4944 = ADVANCED_FACE('',(#4945),#2102,.F.);
#4945 = FACE_BOUND('',#4946,.F.);
#4946 = EDGE_LOOP('',(#4947,#4968,#4969,#4970));
#4947 = ORIENTED_EDGE('',*,*,#4948,.F.);
#4948 = EDGE_CURVE('',#3462,#3633,#4949,.T.);
#4949 = SURFACE_CURVE('',#4950,(#4954,#4961),.PCURVE_S1.);
#4950 = LINE('',#4951,#4952);
#4951 = CARTESIAN_POINT('',(-2.,-7.,8.));
#4952 = VECTOR('',#4953,1.);
#4953 = DIRECTION('',(1.,0.,0.));
#4954 = PCURVE('',#2102,#4955);
#4955 = DEFINITIONAL_REPRESENTATION('',(#4956),#4960);
#4956 = LINE('',#4957,#4958);
#4957 = CARTESIAN_POINT('',(0.,0.));
#4958 = VECTOR('',#4959,1.);
#4959 = DIRECTION('',(0.,1.));
#4960 = ( GEOMETRIC_REPRESENTATION_CONTEXT(2) 
PARAMETRIC_REPRESENTATION_CONTEXT() REPRESENTATION_CONTEXT('2D SPACE',''
  ) );
#4961 = PCURVE('',#3500,#4962);
#4962 = DEFINITIONAL_REPRESENTATION('',(#4963),#4967);
#4963 = LINE('',#4964,#4965);
#4964 = CARTESIAN_POINT('',(16.5,0.));
#4965 = VECTOR('',#4966,1.);
#4966 = DIRECTION('',(0.,-1.));
#4967 = ( GEOMETRIC_REPRESENTATION_CONTEXT(2) 
PARAMETRIC_REPRESENTATION_CONTEXT() REPRESENTATION_CONTEXT('2D SPACE',''
  ) );
#4968 = ORIENTED_EDGE('',*,*,#3461,.T.);
#4969 = ORIENTED_EDGE('',*,*,#2086,.T.);
#4970 = ORIENTED_EDGE('',*,*,#3632,.F.);
#4971 = ADVANCED_FACE('',(#4972),#2054,.T.);
#4972 = FACE_BOUND('',#4973,.T.);
#4973 = EDGE_LOOP('',(#4974,#4975,#4976,#4977));
#4974 = ORIENTED_EDGE('',*,*,#3165,.F.);
#4975 = ORIENTED_EDGE('',*,*,#3414,.T.);
#4976 = ORIENTED_EDGE('',*,*,#3439,.T.);
#4977 = ORIENTED_EDGE('',*,*,#2039,.F.);
#4978 = ADVANCED_FACE('',(#4979),#2006,.F.);
#4979 = FACE_BOUND('',#4980,.F.);
#4980 = EDGE_LOOP('',(#4981,#5002,#5003,#5004));
#4981 = ORIENTED_EDGE('',*,*,#4982,.F.);
#4982 = EDGE_CURVE('',#2873,#3188,#4983,.T.);
#4983 = SURFACE_CURVE('',#4984,(#4988,#4995),.PCURVE_S1.);
#4984 = LINE('',#4985,#4986);
#4985 = CARTESIAN_POINT('',(-2.,-7.,8.));
#4986 = VECTOR('',#4987,1.);
#4987 = DIRECTION('',(1.,0.,0.));
#4988 = PCURVE('',#2006,#4989);
#4989 = DEFINITIONAL_REPRESENTATION('',(#4990),#4994);
#4990 = LINE('',#4991,#4992);
#4991 = CARTESIAN_POINT('',(0.,0.));
#4992 = VECTOR('',#4993,1.);
#4993 = DIRECTION('',(0.,1.));
#4994 = ( GEOMETRIC_REPRESENTATION_CONTEXT(2) 
PARAMETRIC_REPRESENTATION_CONTEXT() REPRESENTATION_CONTEXT('2D SPACE',''
  ) );
#4995 = PCURVE('',#2911,#4996);
#4996 = DEFINITIONAL_REPRESENTATION('',(#4997),#5001);
#4997 = LINE('',#4998,#4999);
#4998 = CARTESIAN_POINT('',(16.5,0.));
#4999 = VECTOR('',#5000,1.);
#5000 = DIRECTION('',(0.,-1.));
#5001 = ( GEOMETRIC_REPRESENTATION_CONTEXT(2) 
PARAMETRIC_REPRESENTATION_CONTEXT() REPRESENTATION_CONTEXT('2D SPACE',''
  ) );
#5002 = ORIENTED_EDGE('',*,*,#2872,.T.);
#5003 = ORIENTED_EDGE('',*,*,#1990,.T.);
#5004 = ORIENTED_EDGE('',*,*,#3187,.F.);
#5005 = ADVANCED_FACE('',(#5006),#1958,.T.);
#5006 = FACE_BOUND('',#5007,.T.);
#5007 = EDGE_LOOP('',(#5008,#5009,#5010,#5011));
#5008 = ORIENTED_EDGE('',*,*,#2720,.F.);
#5009 = ORIENTED_EDGE('',*,*,#2825,.T.);
#5010 = ORIENTED_EDGE('',*,*,#2850,.T.);
#5011 = ORIENTED_EDGE('',*,*,#1943,.F.);
#5012 = ADVANCED_FACE('',(#5013,#5039),#2430,.T.);
#5013 = FACE_BOUND('',#5014,.T.);
#5014 = EDGE_LOOP('',(#5015,#5037,#5038));
#5015 = ORIENTED_EDGE('',*,*,#5016,.T.);
#5016 = EDGE_CURVE('',#2509,#2388,#5017,.T.);
#5017 = SURFACE_CURVE('',#5018,(#5023,#5030),.PCURVE_S1.);
#5018 = CIRCLE('',#5019,3.);
#5019 = AXIS2_PLACEMENT_3D('',#5020,#5021,#5022);
#5020 = CARTESIAN_POINT('',(22.,-14.2,0.));
#5021 = DIRECTION('',(1.,0.,0.));
#5022 = DIRECTION('',(0.,1.,0.));
#5023 = PCURVE('',#2430,#5024);
#5024 = DEFINITIONAL_REPRESENTATION('',(#5025),#5029);
#5025 = CIRCLE('',#5026,3.);
#5026 = AXIS2_PLACEMENT_2D('',#5027,#5028);
#5027 = CARTESIAN_POINT('',(-1.054420088418E-16,-1.7763568394E-15));
#5028 = DIRECTION('',(0.,-1.));
#5029 = ( GEOMETRIC_REPRESENTATION_CONTEXT(2) 
PARAMETRIC_REPRESENTATION_CONTEXT() REPRESENTATION_CONTEXT('2D SPACE',''
  ) );
#5030 = PCURVE('',#2403,#5031);
#5031 = DEFINITIONAL_REPRESENTATION('',(#5032),#5036);
#5032 = LINE('',#5033,#5034);
#5033 = CARTESIAN_POINT('',(-0.,-3.6));
#5034 = VECTOR('',#5035,1.);
#5035 = DIRECTION('',(-1.,0.));
#5036 = ( GEOMETRIC_REPRESENTATION_CONTEXT(2) 
PARAMETRIC_REPRESENTATION_CONTEXT() REPRESENTATION_CONTEXT('2D SPACE',''
  ) );
#5037 = ORIENTED_EDGE('',*,*,#2415,.F.);
#5038 = ORIENTED_EDGE('',*,*,#2508,.F.);
#5039 = FACE_BOUND('',#5040,.T.);
#5040 = EDGE_LOOP('',(#5041));
#5041 = ORIENTED_EDGE('',*,*,#5042,.T.);
#5042 = EDGE_CURVE('',#5043,#5043,#5045,.T.);
#5043 = VERTEX_POINT('',#5044);
#5044 = CARTESIAN_POINT('',(22.,-13.2,0.));
#5045 = SURFACE_CURVE('',#5046,(#5051,#5062),.PCURVE_S1.);
#5046 = CIRCLE('',#5047,1.);
#5047 = AXIS2_PLACEMENT_3D('',#5048,#5049,#5050);
#5048 = CARTESIAN_POINT('',(22.,-14.2,0.));
#5049 = DIRECTION('',(-1.,0.,0.));
#5050 = DIRECTION('',(0.,1.,0.));
#5051 = PCURVE('',#2430,#5052);
#5052 = DEFINITIONAL_REPRESENTATION('',(#5053),#5061);
#5053 = ( BOUNDED_CURVE() B_SPLINE_CURVE(2,(#5054,#5055,#5056,#5057,
#5058,#5059,#5060),.UNSPECIFIED.,.T.,.F.) B_SPLINE_CURVE_WITH_KNOTS((1,2
    ,2,2,2,1),(-2.094395102393,0.,2.094395102393,4.188790204786,
6.28318530718,8.377580409573),.UNSPECIFIED.) CURVE() 
GEOMETRIC_REPRESENTATION_ITEM() RATIONAL_B_SPLINE_CURVE((1.,0.5,1.,0.5,
1.,0.5,1.)) REPRESENTATION_ITEM('') );
#5054 = CARTESIAN_POINT('',(-1.054420088418E-16,-1.));
#5055 = CARTESIAN_POINT('',(-1.732050807569,-1.));
#5056 = CARTESIAN_POINT('',(-0.866025403784,0.5));
#5057 = CARTESIAN_POINT('',(-3.503713686713E-16,2.));
#5058 = CARTESIAN_POINT('',(0.866025403784,0.5));
#5059 = CARTESIAN_POINT('',(1.732050807569,-1.));
#5060 = CARTESIAN_POINT('',(-1.054420088418E-16,-1.));
#5061 = ( GEOMETRIC_REPRESENTATION_CONTEXT(2) 
PARAMETRIC_REPRESENTATION_CONTEXT() REPRESENTATION_CONTEXT('2D SPACE',''
  ) );
#5062 = PCURVE('',#5063,#5068);
#5063 = CYLINDRICAL_SURFACE('',#5064,1.);
#5064 = AXIS2_PLACEMENT_3D('',#5065,#5066,#5067);
#5065 = CARTESIAN_POINT('',(-0.5,-14.2,0.));
#5066 = DIRECTION('',(-1.,-0.,-0.));
#5067 = DIRECTION('',(0.,1.,0.));
#5068 = DEFINITIONAL_REPRESENTATION('',(#5069),#5073);
#5069 = LINE('',#5070,#5071);
#5070 = CARTESIAN_POINT('',(-6.28318530718,-22.5));
#5071 = VECTOR('',#5072,1.);
#5072 = DIRECTION('',(1.,-0.));
#5073 = ( GEOMETRIC_REPRESENTATION_CONTEXT(2) 
PARAMETRIC_REPRESENTATION_CONTEXT() REPRESENTATION_CONTEXT('2D SPACE',''
  ) );
#5074 = ADVANCED_FACE('',(#5075),#2403,.T.);
#5075 = FACE_BOUND('',#5076,.F.);
#5076 = EDGE_LOOP('',(#5077,#5078,#5100,#5101));
#5077 = ORIENTED_EDGE('',*,*,#2387,.F.);
#5078 = ORIENTED_EDGE('',*,*,#5079,.F.);
#5079 = EDGE_CURVE('',#2530,#2362,#5080,.T.);
#5080 = SURFACE_CURVE('',#5081,(#5086,#5093),.PCURVE_S1.);
#5081 = CIRCLE('',#5082,3.);
#5082 = AXIS2_PLACEMENT_3D('',#5083,#5084,#5085);
#5083 = CARTESIAN_POINT('',(18.4,-14.2,0.));
#5084 = DIRECTION('',(1.,0.,0.));
#5085 = DIRECTION('',(0.,1.,0.));
#5086 = PCURVE('',#2403,#5087);
#5087 = DEFINITIONAL_REPRESENTATION('',(#5088),#5092);
#5088 = LINE('',#5089,#5090);
#5089 = CARTESIAN_POINT('',(-0.,0.));
#5090 = VECTOR('',#5091,1.);
#5091 = DIRECTION('',(-1.,0.));
#5092 = ( GEOMETRIC_REPRESENTATION_CONTEXT(2) 
PARAMETRIC_REPRESENTATION_CONTEXT() REPRESENTATION_CONTEXT('2D SPACE',''
  ) );
#5093 = PCURVE('',#2376,#5094);
#5094 = DEFINITIONAL_REPRESENTATION('',(#5095),#5099);
#5095 = CIRCLE('',#5096,3.);
#5096 = AXIS2_PLACEMENT_2D('',#5097,#5098);
#5097 = CARTESIAN_POINT('',(-1.054420088418E-16,-1.7763568394E-15));
#5098 = DIRECTION('',(0.,-1.));
#5099 = ( GEOMETRIC_REPRESENTATION_CONTEXT(2) 
PARAMETRIC_REPRESENTATION_CONTEXT() REPRESENTATION_CONTEXT('2D SPACE',''
  ) );
#5100 = ORIENTED_EDGE('',*,*,#2529,.F.);
#5101 = ORIENTED_EDGE('',*,*,#5016,.T.);
#5102 = ADVANCED_FACE('',(#5103,#5108),#2376,.F.);
#5103 = FACE_BOUND('',#5104,.F.);
#5104 = EDGE_LOOP('',(#5105,#5106,#5107));
#5105 = ORIENTED_EDGE('',*,*,#5079,.T.);
#5106 = ORIENTED_EDGE('',*,*,#2361,.F.);
#5107 = ORIENTED_EDGE('',*,*,#2550,.F.);
#5108 = FACE_BOUND('',#5109,.F.);
#5109 = EDGE_LOOP('',(#5110));
#5110 = ORIENTED_EDGE('',*,*,#5111,.T.);
#5111 = EDGE_CURVE('',#5112,#5112,#5114,.T.);
#5112 = VERTEX_POINT('',#5113);
#5113 = CARTESIAN_POINT('',(18.4,-13.2,0.));
#5114 = SURFACE_CURVE('',#5115,(#5120,#5131),.PCURVE_S1.);
#5115 = CIRCLE('',#5116,1.);
#5116 = AXIS2_PLACEMENT_3D('',#5117,#5118,#5119);
#5117 = CARTESIAN_POINT('',(18.4,-14.2,0.));
#5118 = DIRECTION('',(-1.,0.,0.));
#5119 = DIRECTION('',(0.,1.,0.));
#5120 = PCURVE('',#2376,#5121);
#5121 = DEFINITIONAL_REPRESENTATION('',(#5122),#5130);
#5122 = ( BOUNDED_CURVE() B_SPLINE_CURVE(2,(#5123,#5124,#5125,#5126,
#5127,#5128,#5129),.UNSPECIFIED.,.T.,.F.) B_SPLINE_CURVE_WITH_KNOTS((1,2
    ,2,2,2,1),(-2.094395102393,0.,2.094395102393,4.188790204786,
6.28318530718,8.377580409573),.UNSPECIFIED.) CURVE() 
GEOMETRIC_REPRESENTATION_ITEM() RATIONAL_B_SPLINE_CURVE((1.,0.5,1.,0.5,
1.,0.5,1.)) REPRESENTATION_ITEM('') );
#5123 = CARTESIAN_POINT('',(-1.054420088418E-16,-1.));
#5124 = CARTESIAN_POINT('',(-1.732050807569,-1.));
#5125 = CARTESIAN_POINT('',(-0.866025403784,0.5));
#5126 = CARTESIAN_POINT('',(-3.503713686713E-16,2.));
#5127 = CARTESIAN_POINT('',(0.866025403784,0.5));
#5128 = CARTESIAN_POINT('',(1.732050807569,-1.));
#5129 = CARTESIAN_POINT('',(-1.054420088418E-16,-1.));
#5130 = ( GEOMETRIC_REPRESENTATION_CONTEXT(2) 
PARAMETRIC_REPRESENTATION_CONTEXT() REPRESENTATION_CONTEXT('2D SPACE',''
  ) );
#5131 = PCURVE('',#5132,#5137);
#5132 = CYLINDRICAL_SURFACE('',#5133,1.);
#5133 = AXIS2_PLACEMENT_3D('',#5134,#5135,#5136);
#5134 = CARTESIAN_POINT('',(-0.5,-14.2,0.));
#5135 = DIRECTION('',(-1.,-0.,-0.));
#5136 = DIRECTION('',(0.,1.,0.));
#5137 = DEFINITIONAL_REPRESENTATION('',(#5138),#5142);
#5138 = LINE('',#5139,#5140);
#5139 = CARTESIAN_POINT('',(-6.28318530718,-18.9));
#5140 = VECTOR('',#5141,1.);
#5141 = DIRECTION('',(1.,-0.));
#5142 = ( GEOMETRIC_REPRESENTATION_CONTEXT(2) 
PARAMETRIC_REPRESENTATION_CONTEXT() REPRESENTATION_CONTEXT('2D SPACE',''
  ) );
#5143 = ADVANCED_FACE('',(#5144,#5170),#2329,.T.);
#5144 = FACE_BOUND('',#5145,.T.);
#5145 = EDGE_LOOP('',(#5146,#5168,#5169));
#5146 = ORIENTED_EDGE('',*,*,#5147,.T.);
#5147 = EDGE_CURVE('',#2571,#2287,#5148,.T.);
#5148 = SURFACE_CURVE('',#5149,(#5154,#5161),.PCURVE_S1.);
#5149 = CIRCLE('',#5150,3.);
#5150 = AXIS2_PLACEMENT_3D('',#5151,#5152,#5153);
#5151 = CARTESIAN_POINT('',(13.8,-14.2,0.));
#5152 = DIRECTION('',(1.,0.,0.));
#5153 = DIRECTION('',(0.,1.,0.));
#5154 = PCURVE('',#2329,#5155);
#5155 = DEFINITIONAL_REPRESENTATION('',(#5156),#5160);
#5156 = CIRCLE('',#5157,3.);
#5157 = AXIS2_PLACEMENT_2D('',#5158,#5159);
#5158 = CARTESIAN_POINT('',(-1.054420088418E-16,-1.7763568394E-15));
#5159 = DIRECTION('',(0.,-1.));
#5160 = ( GEOMETRIC_REPRESENTATION_CONTEXT(2) 
PARAMETRIC_REPRESENTATION_CONTEXT() REPRESENTATION_CONTEXT('2D SPACE',''
  ) );
#5161 = PCURVE('',#2302,#5162);
#5162 = DEFINITIONAL_REPRESENTATION('',(#5163),#5167);
#5163 = LINE('',#5164,#5165);
#5164 = CARTESIAN_POINT('',(-0.,-3.6));
#5165 = VECTOR('',#5166,1.);
#5166 = DIRECTION('',(-1.,0.));
#5167 = ( GEOMETRIC_REPRESENTATION_CONTEXT(2) 
PARAMETRIC_REPRESENTATION_CONTEXT() REPRESENTATION_CONTEXT('2D SPACE',''
  ) );
#5168 = ORIENTED_EDGE('',*,*,#2314,.F.);
#5169 = ORIENTED_EDGE('',*,*,#2570,.F.);
#5170 = FACE_BOUND('',#5171,.T.);
#5171 = EDGE_LOOP('',(#5172));
#5172 = ORIENTED_EDGE('',*,*,#5173,.T.);
#5173 = EDGE_CURVE('',#5174,#5174,#5176,.T.);
#5174 = VERTEX_POINT('',#5175);
#5175 = CARTESIAN_POINT('',(13.8,-13.2,0.));
#5176 = SURFACE_CURVE('',#5177,(#5182,#5193),.PCURVE_S1.);
#5177 = CIRCLE('',#5178,1.);
#5178 = AXIS2_PLACEMENT_3D('',#5179,#5180,#5181);
#5179 = CARTESIAN_POINT('',(13.8,-14.2,0.));
#5180 = DIRECTION('',(-1.,0.,0.));
#5181 = DIRECTION('',(0.,1.,0.));
#5182 = PCURVE('',#2329,#5183);
#5183 = DEFINITIONAL_REPRESENTATION('',(#5184),#5192);
#5184 = ( BOUNDED_CURVE() B_SPLINE_CURVE(2,(#5185,#5186,#5187,#5188,
#5189,#5190,#5191),.UNSPECIFIED.,.T.,.F.) B_SPLINE_CURVE_WITH_KNOTS((1,2
    ,2,2,2,1),(-2.094395102393,0.,2.094395102393,4.188790204786,
6.28318530718,8.377580409573),.UNSPECIFIED.) CURVE() 
GEOMETRIC_REPRESENTATION_ITEM() RATIONAL_B_SPLINE_CURVE((1.,0.5,1.,0.5,
1.,0.5,1.)) REPRESENTATION_ITEM('') );
#5185 = CARTESIAN_POINT('',(-1.054420088418E-16,-1.));
#5186 = CARTESIAN_POINT('',(-1.732050807569,-1.));
#5187 = CARTESIAN_POINT('',(-0.866025403784,0.5));
#5188 = CARTESIAN_POINT('',(-3.503713686713E-16,2.));
#5189 = CARTESIAN_POINT('',(0.866025403784,0.5));
#5190 = CARTESIAN_POINT('',(1.732050807569,-1.));
#5191 = CARTESIAN_POINT('',(-1.054420088418E-16,-1.));
#5192 = ( GEOMETRIC_REPRESENTATION_CONTEXT(2) 
PARAMETRIC_REPRESENTATION_CONTEXT() REPRESENTATION_CONTEXT('2D SPACE',''
  ) );
#5193 = PCURVE('',#5132,#5194);
#5194 = DEFINITIONAL_REPRESENTATION('',(#5195),#5199);
#5195 = LINE('',#5196,#5197);
#5196 = CARTESIAN_POINT('',(-6.28318530718,-14.3));
#5197 = VECTOR('',#5198,1.);
#5198 = DIRECTION('',(1.,-0.));
#5199 = ( GEOMETRIC_REPRESENTATION_CONTEXT(2) 
PARAMETRIC_REPRESENTATION_CONTEXT() REPRESENTATION_CONTEXT('2D SPACE',''
  ) );
#5200 = ADVANCED_FACE('',(#5201),#2302,.T.);
#5201 = FACE_BOUND('',#5202,.F.);
#5202 = EDGE_LOOP('',(#5203,#5204,#5226,#5227));
#5203 = ORIENTED_EDGE('',*,*,#2286,.F.);
#5204 = ORIENTED_EDGE('',*,*,#5205,.F.);
#5205 = EDGE_CURVE('',#2592,#2261,#5206,.T.);
#5206 = SURFACE_CURVE('',#5207,(#5212,#5219),.PCURVE_S1.);
#5207 = CIRCLE('',#5208,3.);
#5208 = AXIS2_PLACEMENT_3D('',#5209,#5210,#5211);
#5209 = CARTESIAN_POINT('',(10.2,-14.2,0.));
#5210 = DIRECTION('',(1.,0.,0.));
#5211 = DIRECTION('',(0.,1.,0.));
#5212 = PCURVE('',#2302,#5213);
#5213 = DEFINITIONAL_REPRESENTATION('',(#5214),#5218);
#5214 = LINE('',#5215,#5216);
#5215 = CARTESIAN_POINT('',(-0.,0.));
#5216 = VECTOR('',#5217,1.);
#5217 = DIRECTION('',(-1.,0.));
#5218 = ( GEOMETRIC_REPRESENTATION_CONTEXT(2) 
PARAMETRIC_REPRESENTATION_CONTEXT() REPRESENTATION_CONTEXT('2D SPACE',''
  ) );
#5219 = PCURVE('',#2275,#5220);
#5220 = DEFINITIONAL_REPRESENTATION('',(#5221),#5225);
#5221 = CIRCLE('',#5222,3.);
#5222 = AXIS2_PLACEMENT_2D('',#5223,#5224);
#5223 = CARTESIAN_POINT('',(-1.054420088418E-16,-1.7763568394E-15));
#5224 = DIRECTION('',(0.,-1.));
#5225 = ( GEOMETRIC_REPRESENTATION_CONTEXT(2) 
PARAMETRIC_REPRESENTATION_CONTEXT() REPRESENTATION_CONTEXT('2D SPACE',''
  ) );
#5226 = ORIENTED_EDGE('',*,*,#2591,.F.);
#5227 = ORIENTED_EDGE('',*,*,#5147,.T.);
#5228 = ADVANCED_FACE('',(#5229,#5234),#2275,.F.);
#5229 = FACE_BOUND('',#5230,.F.);
#5230 = EDGE_LOOP('',(#5231,#5232,#5233));
#5231 = ORIENTED_EDGE('',*,*,#5205,.T.);
#5232 = ORIENTED_EDGE('',*,*,#2260,.F.);
#5233 = ORIENTED_EDGE('',*,*,#2612,.F.);
#5234 = FACE_BOUND('',#5235,.F.);
#5235 = EDGE_LOOP('',(#5236));
#5236 = ORIENTED_EDGE('',*,*,#5237,.T.);
#5237 = EDGE_CURVE('',#5238,#5238,#5240,.T.);
#5238 = VERTEX_POINT('',#5239);
#5239 = CARTESIAN_POINT('',(10.2,-13.2,0.));
#5240 = SURFACE_CURVE('',#5241,(#5246,#5257),.PCURVE_S1.);
#5241 = CIRCLE('',#5242,1.);
#5242 = AXIS2_PLACEMENT_3D('',#5243,#5244,#5245);
#5243 = CARTESIAN_POINT('',(10.2,-14.2,0.));
#5244 = DIRECTION('',(-1.,0.,0.));
#5245 = DIRECTION('',(0.,1.,0.));
#5246 = PCURVE('',#2275,#5247);
#5247 = DEFINITIONAL_REPRESENTATION('',(#5248),#5256);
#5248 = ( BOUNDED_CURVE() B_SPLINE_CURVE(2,(#5249,#5250,#5251,#5252,
#5253,#5254,#5255),.UNSPECIFIED.,.T.,.F.) B_SPLINE_CURVE_WITH_KNOTS((1,2
    ,2,2,2,1),(-2.094395102393,0.,2.094395102393,4.188790204786,
6.28318530718,8.377580409573),.UNSPECIFIED.) CURVE() 
GEOMETRIC_REPRESENTATION_ITEM() RATIONAL_B_SPLINE_CURVE((1.,0.5,1.,0.5,
1.,0.5,1.)) REPRESENTATION_ITEM('') );
#5249 = CARTESIAN_POINT('',(-1.054420088418E-16,-1.));
#5250 = CARTESIAN_POINT('',(-1.732050807569,-1.));
#5251 = CARTESIAN_POINT('',(-0.866025403784,0.5));
#5252 = CARTESIAN_POINT('',(-3.503713686713E-16,2.));
#5253 = CARTESIAN_POINT('',(0.866025403784,0.5));
#5254 = CARTESIAN_POINT('',(1.732050807569,-1.));
#5255 = CARTESIAN_POINT('',(-1.054420088418E-16,-1.));
#5256 = ( GEOMETRIC_REPRESENTATION_CONTEXT(2) 
PARAMETRIC_REPRESENTATION_CONTEXT() REPRESENTATION_CONTEXT('2D SPACE',''
  ) );
#5257 = PCURVE('',#5258,#5263);
#5258 = CYLINDRICAL_SURFACE('',#5259,1.);
#5259 = AXIS2_PLACEMENT_3D('',#5260,#5261,#5262);
#5260 = CARTESIAN_POINT('',(-0.5,-14.2,0.));
#5261 = DIRECTION('',(-1.,-0.,-0.));
#5262 = DIRECTION('',(0.,1.,0.));
#5263 = DEFINITIONAL_REPRESENTATION('',(#5264),#5268);
#5264 = LINE('',#5265,#5266);
#5265 = CARTESIAN_POINT('',(-6.28318530718,-10.7));
#5266 = VECTOR('',#5267,1.);
#5267 = DIRECTION('',(1.,-0.));
#5268 = ( GEOMETRIC_REPRESENTATION_CONTEXT(2) 
PARAMETRIC_REPRESENTATION_CONTEXT() REPRESENTATION_CONTEXT('2D SPACE',''
  ) );
#5269 = ADVANCED_FACE('',(#5270,#5296),#2228,.T.);
#5270 = FACE_BOUND('',#5271,.T.);
#5271 = EDGE_LOOP('',(#5272,#5294,#5295));
#5272 = ORIENTED_EDGE('',*,*,#5273,.T.);
#5273 = EDGE_CURVE('',#2633,#2186,#5274,.T.);
#5274 = SURFACE_CURVE('',#5275,(#5280,#5287),.PCURVE_S1.);
#5275 = CIRCLE('',#5276,3.);
#5276 = AXIS2_PLACEMENT_3D('',#5277,#5278,#5279);
#5277 = CARTESIAN_POINT('',(5.6,-14.2,0.));
#5278 = DIRECTION('',(1.,0.,0.));
#5279 = DIRECTION('',(0.,1.,0.));
#5280 = PCURVE('',#2228,#5281);
#5281 = DEFINITIONAL_REPRESENTATION('',(#5282),#5286);
#5282 = CIRCLE('',#5283,3.);
#5283 = AXIS2_PLACEMENT_2D('',#5284,#5285);
#5284 = CARTESIAN_POINT('',(-1.054420088418E-16,-1.7763568394E-15));
#5285 = DIRECTION('',(0.,-1.));
#5286 = ( GEOMETRIC_REPRESENTATION_CONTEXT(2) 
PARAMETRIC_REPRESENTATION_CONTEXT() REPRESENTATION_CONTEXT('2D SPACE',''
  ) );
#5287 = PCURVE('',#2201,#5288);
#5288 = DEFINITIONAL_REPRESENTATION('',(#5289),#5293);
#5289 = LINE('',#5290,#5291);
#5290 = CARTESIAN_POINT('',(-0.,-3.6));
#5291 = VECTOR('',#5292,1.);
#5292 = DIRECTION('',(-1.,0.));
#5293 = ( GEOMETRIC_REPRESENTATION_CONTEXT(2) 
PARAMETRIC_REPRESENTATION_CONTEXT() REPRESENTATION_CONTEXT('2D SPACE',''
  ) );
#5294 = ORIENTED_EDGE('',*,*,#2213,.F.);
#5295 = ORIENTED_EDGE('',*,*,#2632,.F.);
#5296 = FACE_BOUND('',#5297,.T.);
#5297 = EDGE_LOOP('',(#5298));
#5298 = ORIENTED_EDGE('',*,*,#5299,.T.);
#5299 = EDGE_CURVE('',#5300,#5300,#5302,.T.);
#5300 = VERTEX_POINT('',#5301);
#5301 = CARTESIAN_POINT('',(5.6,-13.2,0.));
#5302 = SURFACE_CURVE('',#5303,(#5308,#5319),.PCURVE_S1.);
#5303 = CIRCLE('',#5304,1.);
#5304 = AXIS2_PLACEMENT_3D('',#5305,#5306,#5307);
#5305 = CARTESIAN_POINT('',(5.6,-14.2,0.));
#5306 = DIRECTION('',(-1.,0.,0.));
#5307 = DIRECTION('',(0.,1.,0.));
#5308 = PCURVE('',#2228,#5309);
#5309 = DEFINITIONAL_REPRESENTATION('',(#5310),#5318);
#5310 = ( BOUNDED_CURVE() B_SPLINE_CURVE(2,(#5311,#5312,#5313,#5314,
#5315,#5316,#5317),.UNSPECIFIED.,.T.,.F.) B_SPLINE_CURVE_WITH_KNOTS((1,2
    ,2,2,2,1),(-2.094395102393,0.,2.094395102393,4.188790204786,
6.28318530718,8.377580409573),.UNSPECIFIED.) CURVE() 
GEOMETRIC_REPRESENTATION_ITEM() RATIONAL_B_SPLINE_CURVE((1.,0.5,1.,0.5,
1.,0.5,1.)) REPRESENTATION_ITEM('') );
#5311 = CARTESIAN_POINT('',(-1.054420088418E-16,-1.));
#5312 = CARTESIAN_POINT('',(-1.732050807569,-1.));
#5313 = CARTESIAN_POINT('',(-0.866025403784,0.5));
#5314 = CARTESIAN_POINT('',(-3.503713686713E-16,2.));
#5315 = CARTESIAN_POINT('',(0.866025403784,0.5));
#5316 = CARTESIAN_POINT('',(1.732050807569,-1.));
#5317 = CARTESIAN_POINT('',(-1.054420088418E-16,-1.));
#5318 = ( GEOMETRIC_REPRESENTATION_CONTEXT(2) 
PARAMETRIC_REPRESENTATION_CONTEXT() REPRESENTATION_CONTEXT('2D SPACE',''
  ) );
#5319 = PCURVE('',#5258,#5320);
#5320 = DEFINITIONAL_REPRESENTATION('',(#5321),#5325);
#5321 = LINE('',#5322,#5323);
#5322 = CARTESIAN_POINT('',(-6.28318530718,-6.1));
#5323 = VECTOR('',#5324,1.);
#5324 = DIRECTION('',(1.,-0.));
#5325 = ( GEOMETRIC_REPRESENTATION_CONTEXT(2) 
PARAMETRIC_REPRESENTATION_CONTEXT() REPRESENTATION_CONTEXT('2D SPACE',''
  ) );
#5326 = ADVANCED_FACE('',(#5327),#2201,.T.);
#5327 = FACE_BOUND('',#5328,.F.);
#5328 = EDGE_LOOP('',(#5329,#5330,#5352,#5353));
#5329 = ORIENTED_EDGE('',*,*,#2185,.F.);
#5330 = ORIENTED_EDGE('',*,*,#5331,.F.);
#5331 = EDGE_CURVE('',#2654,#2160,#5332,.T.);
#5332 = SURFACE_CURVE('',#5333,(#5338,#5345),.PCURVE_S1.);
#5333 = CIRCLE('',#5334,3.);
#5334 = AXIS2_PLACEMENT_3D('',#5335,#5336,#5337);
#5335 = CARTESIAN_POINT('',(2.,-14.2,0.));
#5336 = DIRECTION('',(1.,0.,0.));
#5337 = DIRECTION('',(0.,1.,0.));
#5338 = PCURVE('',#2201,#5339);
#5339 = DEFINITIONAL_REPRESENTATION('',(#5340),#5344);
#5340 = LINE('',#5341,#5342);
#5341 = CARTESIAN_POINT('',(-0.,0.));
#5342 = VECTOR('',#5343,1.);
#5343 = DIRECTION('',(-1.,0.));
#5344 = ( GEOMETRIC_REPRESENTATION_CONTEXT(2) 
PARAMETRIC_REPRESENTATION_CONTEXT() REPRESENTATION_CONTEXT('2D SPACE',''
  ) );
#5345 = PCURVE('',#2174,#5346);
#5346 = DEFINITIONAL_REPRESENTATION('',(#5347),#5351);
#5347 = CIRCLE('',#5348,3.);
#5348 = AXIS2_PLACEMENT_2D('',#5349,#5350);
#5349 = CARTESIAN_POINT('',(-1.054420088418E-16,-1.7763568394E-15));
#5350 = DIRECTION('',(0.,-1.));
#5351 = ( GEOMETRIC_REPRESENTATION_CONTEXT(2) 
PARAMETRIC_REPRESENTATION_CONTEXT() REPRESENTATION_CONTEXT('2D SPACE',''
  ) );
#5352 = ORIENTED_EDGE('',*,*,#2653,.F.);
#5353 = ORIENTED_EDGE('',*,*,#5273,.T.);
#5354 = ADVANCED_FACE('',(#5355,#5360),#2174,.F.);
#5355 = FACE_BOUND('',#5356,.F.);
#5356 = EDGE_LOOP('',(#5357,#5358,#5359));
#5357 = ORIENTED_EDGE('',*,*,#5331,.T.);
#5358 = ORIENTED_EDGE('',*,*,#2159,.F.);
#5359 = ORIENTED_EDGE('',*,*,#2674,.F.);
#5360 = FACE_BOUND('',#5361,.F.);
#5361 = EDGE_LOOP('',(#5362));
#5362 = ORIENTED_EDGE('',*,*,#5363,.T.);
#5363 = EDGE_CURVE('',#5364,#5364,#5366,.T.);
#5364 = VERTEX_POINT('',#5365);
#5365 = CARTESIAN_POINT('',(2.,-13.2,0.));
#5366 = SURFACE_CURVE('',#5367,(#5372,#5383),.PCURVE_S1.);
#5367 = CIRCLE('',#5368,1.);
#5368 = AXIS2_PLACEMENT_3D('',#5369,#5370,#5371);
#5369 = CARTESIAN_POINT('',(2.,-14.2,0.));
#5370 = DIRECTION('',(-1.,0.,0.));
#5371 = DIRECTION('',(0.,1.,0.));
#5372 = PCURVE('',#2174,#5373);
#5373 = DEFINITIONAL_REPRESENTATION('',(#5374),#5382);
#5374 = ( BOUNDED_CURVE() B_SPLINE_CURVE(2,(#5375,#5376,#5377,#5378,
#5379,#5380,#5381),.UNSPECIFIED.,.T.,.F.) B_SPLINE_CURVE_WITH_KNOTS((1,2
    ,2,2,2,1),(-2.094395102393,0.,2.094395102393,4.188790204786,
6.28318530718,8.377580409573),.UNSPECIFIED.) CURVE() 
GEOMETRIC_REPRESENTATION_ITEM() RATIONAL_B_SPLINE_CURVE((1.,0.5,1.,0.5,
1.,0.5,1.)) REPRESENTATION_ITEM('') );
#5375 = CARTESIAN_POINT('',(-1.054420088418E-16,-1.));
#5376 = CARTESIAN_POINT('',(-1.732050807569,-1.));
#5377 = CARTESIAN_POINT('',(-0.866025403784,0.5));
#5378 = CARTESIAN_POINT('',(-3.503713686713E-16,2.));
#5379 = CARTESIAN_POINT('',(0.866025403784,0.5));
#5380 = CARTESIAN_POINT('',(1.732050807569,-1.));
#5381 = CARTESIAN_POINT('',(-1.054420088418E-16,-1.));
#5382 = ( GEOMETRIC_REPRESENTATION_CONTEXT(2) 
PARAMETRIC_REPRESENTATION_CONTEXT() REPRESENTATION_CONTEXT('2D SPACE',''
  ) );
#5383 = PCURVE('',#5384,#5389);
#5384 = CYLINDRICAL_SURFACE('',#5385,1.);
#5385 = AXIS2_PLACEMENT_3D('',#5386,#5387,#5388);
#5386 = CARTESIAN_POINT('',(-0.5,-14.2,0.));
#5387 = DIRECTION('',(-1.,-0.,-0.));
#5388 = DIRECTION('',(0.,1.,0.));
#5389 = DEFINITIONAL_REPRESENTATION('',(#5390),#5394);
#5390 = LINE('',#5391,#5392);
#5391 = CARTESIAN_POINT('',(-6.28318530718,-2.5));
#5392 = VECTOR('',#5393,1.);
#5393 = DIRECTION('',(1.,-0.));
#5394 = ( GEOMETRIC_REPRESENTATION_CONTEXT(2) 
PARAMETRIC_REPRESENTATION_CONTEXT() REPRESENTATION_CONTEXT('2D SPACE',''
  ) );
#5395 = ADVANCED_FACE('',(#5396),#3015,.T.);
#5396 = FACE_BOUND('',#5397,.T.);
#5397 = EDGE_LOOP('',(#5398,#5399,#5400,#5419));
#5398 = ORIENTED_EDGE('',*,*,#4889,.T.);
#5399 = ORIENTED_EDGE('',*,*,#3295,.T.);
#5400 = ORIENTED_EDGE('',*,*,#5401,.F.);
#5401 = EDGE_CURVE('',#2975,#3275,#5402,.T.);
#5402 = SURFACE_CURVE('',#5403,(#5407,#5413),.PCURVE_S1.);
#5403 = LINE('',#5404,#5405);
#5404 = CARTESIAN_POINT('',(1.,4.,8.));
#5405 = VECTOR('',#5406,1.);
#5406 = DIRECTION('',(1.,-0.,0.));
#5407 = PCURVE('',#3015,#5408);
#5408 = DEFINITIONAL_REPRESENTATION('',(#5409),#5412);
#5409 = B_SPLINE_CURVE_WITH_KNOTS('',1,(#5410,#5411),.UNSPECIFIED.,.F.,
  .F.,(2,2),(3.,19.),.PIECEWISE_BEZIER_KNOTS.);
#5410 = CARTESIAN_POINT('',(5.5,-6.));
#5411 = CARTESIAN_POINT('',(5.5,-22.));
#5412 = ( GEOMETRIC_REPRESENTATION_CONTEXT(2) 
PARAMETRIC_REPRESENTATION_CONTEXT() REPRESENTATION_CONTEXT('2D SPACE',''
  ) );
#5413 = PCURVE('',#2989,#5414);
#5414 = DEFINITIONAL_REPRESENTATION('',(#5415),#5418);
#5415 = B_SPLINE_CURVE_WITH_KNOTS('',1,(#5416,#5417),.UNSPECIFIED.,.F.,
  .F.,(2,2),(3.,19.),.PIECEWISE_BEZIER_KNOTS.);
#5416 = CARTESIAN_POINT('',(0.4,0.));
#5417 = CARTESIAN_POINT('',(0.4,16.));
#5418 = ( GEOMETRIC_REPRESENTATION_CONTEXT(2) 
PARAMETRIC_REPRESENTATION_CONTEXT() REPRESENTATION_CONTEXT('2D SPACE',''
  ) );
#5419 = ORIENTED_EDGE('',*,*,#3000,.F.);
#5420 = ADVANCED_FACE('',(#5421),#2989,.F.);
#5421 = FACE_BOUND('',#5422,.F.);
#5422 = EDGE_LOOP('',(#5423,#5424,#5425,#5426));
#5423 = ORIENTED_EDGE('',*,*,#3274,.T.);
#5424 = ORIENTED_EDGE('',*,*,#5401,.F.);
#5425 = ORIENTED_EDGE('',*,*,#2974,.F.);
#5426 = ORIENTED_EDGE('',*,*,#5427,.T.);
#5427 = EDGE_CURVE('',#2949,#3254,#5428,.T.);
#5428 = SURFACE_CURVE('',#5429,(#5433,#5440),.PCURVE_S1.);
#5429 = LINE('',#5430,#5431);
#5430 = CARTESIAN_POINT('',(4.,4.,9.3));
#5431 = VECTOR('',#5432,1.);
#5432 = DIRECTION('',(1.,0.,0.));
#5433 = PCURVE('',#2989,#5434);
#5434 = DEFINITIONAL_REPRESENTATION('',(#5435),#5439);
#5435 = LINE('',#5436,#5437);
#5436 = CARTESIAN_POINT('',(1.7,0.));
#5437 = VECTOR('',#5438,1.);
#5438 = DIRECTION('',(0.,1.));
#5439 = ( GEOMETRIC_REPRESENTATION_CONTEXT(2) 
PARAMETRIC_REPRESENTATION_CONTEXT() REPRESENTATION_CONTEXT('2D SPACE',''
  ) );
#5440 = PCURVE('',#2963,#5441);
#5441 = DEFINITIONAL_REPRESENTATION('',(#5442),#5446);
#5442 = LINE('',#5443,#5444);
#5443 = CARTESIAN_POINT('',(0.,8.));
#5444 = VECTOR('',#5445,1.);
#5445 = DIRECTION('',(1.,0.));
#5446 = ( GEOMETRIC_REPRESENTATION_CONTEXT(2) 
PARAMETRIC_REPRESENTATION_CONTEXT() REPRESENTATION_CONTEXT('2D SPACE',''
  ) );
#5447 = ADVANCED_FACE('',(#5448),#2963,.F.);
#5448 = FACE_BOUND('',#5449,.F.);
#5449 = EDGE_LOOP('',(#5450,#5451,#5452,#5473));
#5450 = ORIENTED_EDGE('',*,*,#5427,.F.);
#5451 = ORIENTED_EDGE('',*,*,#2948,.F.);
#5452 = ORIENTED_EDGE('',*,*,#5453,.T.);
#5453 = EDGE_CURVE('',#2923,#3233,#5454,.T.);
#5454 = SURFACE_CURVE('',#5455,(#5459,#5466),.PCURVE_S1.);
#5455 = LINE('',#5456,#5457);
#5456 = CARTESIAN_POINT('',(4.,-4.,9.3));
#5457 = VECTOR('',#5458,1.);
#5458 = DIRECTION('',(1.,0.,0.));
#5459 = PCURVE('',#2963,#5460);
#5460 = DEFINITIONAL_REPRESENTATION('',(#5461),#5465);
#5461 = LINE('',#5462,#5463);
#5462 = CARTESIAN_POINT('',(0.,0.));
#5463 = VECTOR('',#5464,1.);
#5464 = DIRECTION('',(1.,0.));
#5465 = ( GEOMETRIC_REPRESENTATION_CONTEXT(2) 
PARAMETRIC_REPRESENTATION_CONTEXT() REPRESENTATION_CONTEXT('2D SPACE',''
  ) );
#5466 = PCURVE('',#2937,#5467);
#5467 = DEFINITIONAL_REPRESENTATION('',(#5468),#5472);
#5468 = LINE('',#5469,#5470);
#5469 = CARTESIAN_POINT('',(1.7,0.));
#5470 = VECTOR('',#5471,1.);
#5471 = DIRECTION('',(0.,1.));
#5472 = ( GEOMETRIC_REPRESENTATION_CONTEXT(2) 
PARAMETRIC_REPRESENTATION_CONTEXT() REPRESENTATION_CONTEXT('2D SPACE',''
  ) );
#5473 = ORIENTED_EDGE('',*,*,#3253,.T.);
#5474 = ADVANCED_FACE('',(#5475),#2937,.T.);
#5475 = FACE_BOUND('',#5476,.T.);
#5476 = EDGE_LOOP('',(#5477,#5478,#5497,#5498));
#5477 = ORIENTED_EDGE('',*,*,#3232,.T.);
#5478 = ORIENTED_EDGE('',*,*,#5479,.F.);
#5479 = EDGE_CURVE('',#2897,#3212,#5480,.T.);
#5480 = SURFACE_CURVE('',#5481,(#5485,#5491),.PCURVE_S1.);
#5481 = LINE('',#5482,#5483);
#5482 = CARTESIAN_POINT('',(1.,-4.,8.));
#5483 = VECTOR('',#5484,1.);
#5484 = DIRECTION('',(1.,-0.,0.));
#5485 = PCURVE('',#2937,#5486);
#5486 = DEFINITIONAL_REPRESENTATION('',(#5487),#5490);
#5487 = B_SPLINE_CURVE_WITH_KNOTS('',1,(#5488,#5489),.UNSPECIFIED.,.F.,
  .F.,(2,2),(3.,19.),.PIECEWISE_BEZIER_KNOTS.);
#5488 = CARTESIAN_POINT('',(0.4,0.));
#5489 = CARTESIAN_POINT('',(0.4,16.));
#5490 = ( GEOMETRIC_REPRESENTATION_CONTEXT(2) 
PARAMETRIC_REPRESENTATION_CONTEXT() REPRESENTATION_CONTEXT('2D SPACE',''
  ) );
#5491 = PCURVE('',#2911,#5492);
#5492 = DEFINITIONAL_REPRESENTATION('',(#5493),#5496);
#5493 = B_SPLINE_CURVE_WITH_KNOTS('',1,(#5494,#5495),.UNSPECIFIED.,.F.,
  .F.,(2,2),(3.,19.),.PIECEWISE_BEZIER_KNOTS.);
#5494 = CARTESIAN_POINT('',(13.5,-6.));
#5495 = CARTESIAN_POINT('',(13.5,-22.));
#5496 = ( GEOMETRIC_REPRESENTATION_CONTEXT(2) 
PARAMETRIC_REPRESENTATION_CONTEXT() REPRESENTATION_CONTEXT('2D SPACE',''
  ) );
#5497 = ORIENTED_EDGE('',*,*,#2922,.F.);
#5498 = ORIENTED_EDGE('',*,*,#5453,.T.);
#5499 = ADVANCED_FACE('',(#5500),#2911,.T.);
#5500 = FACE_BOUND('',#5501,.T.);
#5501 = EDGE_LOOP('',(#5502,#5503,#5504,#5505));
#5502 = ORIENTED_EDGE('',*,*,#4982,.F.);
#5503 = ORIENTED_EDGE('',*,*,#2896,.F.);
#5504 = ORIENTED_EDGE('',*,*,#5479,.T.);
#5505 = ORIENTED_EDGE('',*,*,#3211,.T.);
#5506 = ADVANCED_FACE('',(#5507),#3500,.T.);
#5507 = FACE_BOUND('',#5508,.T.);
#5508 = EDGE_LOOP('',(#5509,#5510,#5511,#5512));
#5509 = ORIENTED_EDGE('',*,*,#4948,.F.);
#5510 = ORIENTED_EDGE('',*,*,#3485,.F.);
#5511 = ORIENTED_EDGE('',*,*,#4923,.T.);
#5512 = ORIENTED_EDGE('',*,*,#3656,.F.);
#5513 = ADVANCED_FACE('',(#5514),#3773,.F.);
#5514 = FACE_BOUND('',#5515,.F.);
#5515 = EDGE_LOOP('',(#5516,#5517,#5518,#5519));
#5516 = ORIENTED_EDGE('',*,*,#3757,.F.);
#5517 = ORIENTED_EDGE('',*,*,#4855,.T.);
#5518 = ORIENTED_EDGE('',*,*,#4361,.T.);
#5519 = ORIENTED_EDGE('',*,*,#5520,.F.);
#5520 = EDGE_CURVE('',#3758,#4362,#5521,.T.);
#5521 = SURFACE_CURVE('',#5522,(#5526,#5533),.PCURVE_S1.);
#5522 = LINE('',#5523,#5524);
#5523 = CARTESIAN_POINT('',(2.,12.8,0.));
#5524 = VECTOR('',#5525,1.);
#5525 = DIRECTION('',(1.,0.,0.));
#5526 = PCURVE('',#3773,#5527);
#5527 = DEFINITIONAL_REPRESENTATION('',(#5528),#5532);
#5528 = LINE('',#5529,#5530);
#5529 = CARTESIAN_POINT('',(0.,1.4));
#5530 = VECTOR('',#5531,1.);
#5531 = DIRECTION('',(1.,0.));
#5532 = ( GEOMETRIC_REPRESENTATION_CONTEXT(2) 
PARAMETRIC_REPRESENTATION_CONTEXT() REPRESENTATION_CONTEXT('2D SPACE',''
  ) );
#5533 = PCURVE('',#3806,#5534);
#5534 = DEFINITIONAL_REPRESENTATION('',(#5535),#5539);
#5535 = LINE('',#5536,#5537);
#5536 = CARTESIAN_POINT('',(-1.570796326795,0.));
#5537 = VECTOR('',#5538,1.);
#5538 = DIRECTION('',(-0.,1.));
#5539 = ( GEOMETRIC_REPRESENTATION_CONTEXT(2) 
PARAMETRIC_REPRESENTATION_CONTEXT() REPRESENTATION_CONTEXT('2D SPACE',''
  ) );
#5540 = ADVANCED_FACE('',(#5541),#3806,.T.);
#5541 = FACE_BOUND('',#5542,.F.);
#5542 = EDGE_LOOP('',(#5543,#5544,#5545,#5546));
#5543 = ORIENTED_EDGE('',*,*,#3785,.T.);
#5544 = ORIENTED_EDGE('',*,*,#5520,.T.);
#5545 = ORIENTED_EDGE('',*,*,#4384,.F.);
#5546 = ORIENTED_EDGE('',*,*,#5547,.F.);
#5547 = EDGE_CURVE('',#3786,#4385,#5548,.T.);
#5548 = SURFACE_CURVE('',#5549,(#5553,#5560),.PCURVE_S1.);
#5549 = LINE('',#5550,#5551);
#5550 = CARTESIAN_POINT('',(2.,13.6,0.8));
#5551 = VECTOR('',#5552,1.);
#5552 = DIRECTION('',(1.,0.,0.));
#5553 = PCURVE('',#3806,#5554);
#5554 = DEFINITIONAL_REPRESENTATION('',(#5555),#5559);
#5555 = LINE('',#5556,#5557);
#5556 = CARTESIAN_POINT('',(-0.,0.));
#5557 = VECTOR('',#5558,1.);
#5558 = DIRECTION('',(-0.,1.));
#5559 = ( GEOMETRIC_REPRESENTATION_CONTEXT(2) 
PARAMETRIC_REPRESENTATION_CONTEXT() REPRESENTATION_CONTEXT('2D SPACE',''
  ) );
#5560 = PCURVE('',#3834,#5561);
#5561 = DEFINITIONAL_REPRESENTATION('',(#5562),#5566);
#5562 = LINE('',#5563,#5564);
#5563 = CARTESIAN_POINT('',(0.8,0.));
#5564 = VECTOR('',#5565,1.);
#5565 = DIRECTION('',(0.,1.));
#5566 = ( GEOMETRIC_REPRESENTATION_CONTEXT(2) 
PARAMETRIC_REPRESENTATION_CONTEXT() REPRESENTATION_CONTEXT('2D SPACE',''
  ) );
#5567 = ADVANCED_FACE('',(#5568),#3834,.T.);
#5568 = FACE_BOUND('',#5569,.T.);
#5569 = EDGE_LOOP('',(#5570,#5571,#5572,#5573));
#5570 = ORIENTED_EDGE('',*,*,#4412,.F.);
#5571 = ORIENTED_EDGE('',*,*,#5547,.F.);
#5572 = ORIENTED_EDGE('',*,*,#3818,.T.);
#5573 = ORIENTED_EDGE('',*,*,#5574,.T.);
#5574 = EDGE_CURVE('',#3819,#4413,#5575,.T.);
#5575 = SURFACE_CURVE('',#5576,(#5580,#5586),.PCURVE_S1.);
#5576 = LINE('',#5577,#5578);
#5577 = CARTESIAN_POINT('',(2.,13.6,8.7));
#5578 = VECTOR('',#5579,1.);
#5579 = DIRECTION('',(1.,0.,0.));
#5580 = PCURVE('',#3834,#5581);
#5581 = DEFINITIONAL_REPRESENTATION('',(#5582),#5585);
#5582 = B_SPLINE_CURVE_WITH_KNOTS('',1,(#5583,#5584),.UNSPECIFIED.,.F.,
  .F.,(2,2),(0.,20.),.PIECEWISE_BEZIER_KNOTS.);
#5583 = CARTESIAN_POINT('',(8.7,0.));
#5584 = CARTESIAN_POINT('',(8.7,20.));
#5585 = ( GEOMETRIC_REPRESENTATION_CONTEXT(2) 
PARAMETRIC_REPRESENTATION_CONTEXT() REPRESENTATION_CONTEXT('2D SPACE',''
  ) );
#5586 = PCURVE('',#3862,#5587);
#5587 = DEFINITIONAL_REPRESENTATION('',(#5588),#5591);
#5588 = B_SPLINE_CURVE_WITH_KNOTS('',1,(#5589,#5590),.UNSPECIFIED.,.F.,
  .F.,(2,2),(0.,20.),.PIECEWISE_BEZIER_KNOTS.);
#5589 = CARTESIAN_POINT('',(0.,0.54));
#5590 = CARTESIAN_POINT('',(20.,0.54));
#5591 = ( GEOMETRIC_REPRESENTATION_CONTEXT(2) 
PARAMETRIC_REPRESENTATION_CONTEXT() REPRESENTATION_CONTEXT('2D SPACE',''
  ) );
#5592 = ADVANCED_FACE('',(#5593),#3862,.F.);
#5593 = FACE_BOUND('',#5594,.F.);
#5594 = EDGE_LOOP('',(#5595,#5596,#5597,#5598));
#5595 = ORIENTED_EDGE('',*,*,#3846,.F.);
#5596 = ORIENTED_EDGE('',*,*,#5574,.T.);
#5597 = ORIENTED_EDGE('',*,*,#4435,.T.);
#5598 = ORIENTED_EDGE('',*,*,#5599,.F.);
#5599 = EDGE_CURVE('',#3847,#4436,#5600,.T.);
#5600 = SURFACE_CURVE('',#5601,(#5605,#5612),.PCURVE_S1.);
#5601 = LINE('',#5602,#5603);
#5602 = CARTESIAN_POINT('',(2.,14.56,8.7));
#5603 = VECTOR('',#5604,1.);
#5604 = DIRECTION('',(1.,0.,0.));
#5605 = PCURVE('',#3862,#5606);
#5606 = DEFINITIONAL_REPRESENTATION('',(#5607),#5611);
#5607 = LINE('',#5608,#5609);
#5608 = CARTESIAN_POINT('',(0.,1.5));
#5609 = VECTOR('',#5610,1.);
#5610 = DIRECTION('',(1.,0.));
#5611 = ( GEOMETRIC_REPRESENTATION_CONTEXT(2) 
PARAMETRIC_REPRESENTATION_CONTEXT() REPRESENTATION_CONTEXT('2D SPACE',''
  ) );
#5612 = PCURVE('',#3895,#5613);
#5613 = DEFINITIONAL_REPRESENTATION('',(#5614),#5618);
#5614 = LINE('',#5615,#5616);
#5615 = CARTESIAN_POINT('',(-1.570796326795,0.));
#5616 = VECTOR('',#5617,1.);
#5617 = DIRECTION('',(-0.,1.));
#5618 = ( GEOMETRIC_REPRESENTATION_CONTEXT(2) 
PARAMETRIC_REPRESENTATION_CONTEXT() REPRESENTATION_CONTEXT('2D SPACE',''
  ) );
#5619 = ADVANCED_FACE('',(#5620),#3895,.T.);
#5620 = FACE_BOUND('',#5621,.F.);
#5621 = EDGE_LOOP('',(#5622,#5623,#5624,#5625));
#5622 = ORIENTED_EDGE('',*,*,#3874,.T.);
#5623 = ORIENTED_EDGE('',*,*,#5599,.T.);
#5624 = ORIENTED_EDGE('',*,*,#4458,.F.);
#5625 = ORIENTED_EDGE('',*,*,#5626,.F.);
#5626 = EDGE_CURVE('',#3875,#4459,#5627,.T.);
#5627 = SURFACE_CURVE('',#5628,(#5632,#5639),.PCURVE_S1.);
#5628 = LINE('',#5629,#5630);
#5629 = CARTESIAN_POINT('',(2.,14.86,9.));
#5630 = VECTOR('',#5631,1.);
#5631 = DIRECTION('',(1.,0.,0.));
#5632 = PCURVE('',#3895,#5633);
#5633 = DEFINITIONAL_REPRESENTATION('',(#5634),#5638);
#5634 = LINE('',#5635,#5636);
#5635 = CARTESIAN_POINT('',(-0.,0.));
#5636 = VECTOR('',#5637,1.);
#5637 = DIRECTION('',(-0.,1.));
#5638 = ( GEOMETRIC_REPRESENTATION_CONTEXT(2) 
PARAMETRIC_REPRESENTATION_CONTEXT() REPRESENTATION_CONTEXT('2D SPACE',''
  ) );
#5639 = PCURVE('',#3923,#5640);
#5640 = DEFINITIONAL_REPRESENTATION('',(#5641),#5645);
#5641 = LINE('',#5642,#5643);
#5642 = CARTESIAN_POINT('',(0.3,0.));
#5643 = VECTOR('',#5644,1.);
#5644 = DIRECTION('',(0.,1.));
#5645 = ( GEOMETRIC_REPRESENTATION_CONTEXT(2) 
PARAMETRIC_REPRESENTATION_CONTEXT() REPRESENTATION_CONTEXT('2D SPACE',''
  ) );
#5646 = ADVANCED_FACE('',(#5647),#3923,.T.);
#5647 = FACE_BOUND('',#5648,.T.);
#5648 = EDGE_LOOP('',(#5649,#5650,#5651,#5652));
#5649 = ORIENTED_EDGE('',*,*,#4486,.F.);
#5650 = ORIENTED_EDGE('',*,*,#5626,.F.);
#5651 = ORIENTED_EDGE('',*,*,#3907,.T.);
#5652 = ORIENTED_EDGE('',*,*,#5653,.T.);
#5653 = EDGE_CURVE('',#3908,#4487,#5654,.T.);
#5654 = SURFACE_CURVE('',#5655,(#5659,#5666),.PCURVE_S1.);
#5655 = LINE('',#5656,#5657);
#5656 = CARTESIAN_POINT('',(2.,14.86,9.8));
#5657 = VECTOR('',#5658,1.);
#5658 = DIRECTION('',(1.,0.,0.));
#5659 = PCURVE('',#3923,#5660);
#5660 = DEFINITIONAL_REPRESENTATION('',(#5661),#5665);
#5661 = LINE('',#5662,#5663);
#5662 = CARTESIAN_POINT('',(1.1,0.));
#5663 = VECTOR('',#5664,1.);
#5664 = DIRECTION('',(0.,1.));
#5665 = ( GEOMETRIC_REPRESENTATION_CONTEXT(2) 
PARAMETRIC_REPRESENTATION_CONTEXT() REPRESENTATION_CONTEXT('2D SPACE',''
  ) );
#5666 = PCURVE('',#3952,#5667);
#5667 = DEFINITIONAL_REPRESENTATION('',(#5668),#5672);
#5668 = LINE('',#5669,#5670);
#5669 = CARTESIAN_POINT('',(0.,0.));
#5670 = VECTOR('',#5671,1.);
#5671 = DIRECTION('',(0.,1.));
#5672 = ( GEOMETRIC_REPRESENTATION_CONTEXT(2) 
PARAMETRIC_REPRESENTATION_CONTEXT() REPRESENTATION_CONTEXT('2D SPACE',''
  ) );
#5673 = ADVANCED_FACE('',(#5674),#3952,.T.);
#5674 = FACE_BOUND('',#5675,.T.);
#5675 = EDGE_LOOP('',(#5676,#5677,#5698,#5699));
#5676 = ORIENTED_EDGE('',*,*,#3935,.T.);
#5677 = ORIENTED_EDGE('',*,*,#5678,.T.);
#5678 = EDGE_CURVE('',#3936,#4510,#5679,.T.);
#5679 = SURFACE_CURVE('',#5680,(#5684,#5691),.PCURVE_S1.);
#5680 = LINE('',#5681,#5682);
#5681 = CARTESIAN_POINT('',(2.,14.56,10.1));
#5682 = VECTOR('',#5683,1.);
#5683 = DIRECTION('',(1.,0.,0.));
#5684 = PCURVE('',#3952,#5685);
#5685 = DEFINITIONAL_REPRESENTATION('',(#5686),#5690);
#5686 = LINE('',#5687,#5688);
#5687 = CARTESIAN_POINT('',(1.570796326795,0.));
#5688 = VECTOR('',#5689,1.);
#5689 = DIRECTION('',(0.,1.));
#5690 = ( GEOMETRIC_REPRESENTATION_CONTEXT(2) 
PARAMETRIC_REPRESENTATION_CONTEXT() REPRESENTATION_CONTEXT('2D SPACE',''
  ) );
#5691 = PCURVE('',#3980,#5692);
#5692 = DEFINITIONAL_REPRESENTATION('',(#5693),#5697);
#5693 = LINE('',#5694,#5695);
#5694 = CARTESIAN_POINT('',(0.,1.5));
#5695 = VECTOR('',#5696,1.);
#5696 = DIRECTION('',(1.,0.));
#5697 = ( GEOMETRIC_REPRESENTATION_CONTEXT(2) 
PARAMETRIC_REPRESENTATION_CONTEXT() REPRESENTATION_CONTEXT('2D SPACE',''
  ) );
#5698 = ORIENTED_EDGE('',*,*,#4509,.F.);
#5699 = ORIENTED_EDGE('',*,*,#5653,.F.);
#5700 = ADVANCED_FACE('',(#5701),#3980,.T.);
#5701 = FACE_BOUND('',#5702,.T.);
#5702 = EDGE_LOOP('',(#5703,#5704,#5723,#5724));
#5703 = ORIENTED_EDGE('',*,*,#3964,.F.);
#5704 = ORIENTED_EDGE('',*,*,#5705,.T.);
#5705 = EDGE_CURVE('',#3965,#4534,#5706,.T.);
#5706 = SURFACE_CURVE('',#5707,(#5711,#5717),.PCURVE_S1.);
#5707 = LINE('',#5708,#5709);
#5708 = CARTESIAN_POINT('',(2.,13.6,10.1));
#5709 = VECTOR('',#5710,1.);
#5710 = DIRECTION('',(1.,0.,0.));
#5711 = PCURVE('',#3980,#5712);
#5712 = DEFINITIONAL_REPRESENTATION('',(#5713),#5716);
#5713 = B_SPLINE_CURVE_WITH_KNOTS('',1,(#5714,#5715),.UNSPECIFIED.,.F.,
  .F.,(2,2),(0.,20.),.PIECEWISE_BEZIER_KNOTS.);
#5714 = CARTESIAN_POINT('',(0.,0.54));
#5715 = CARTESIAN_POINT('',(20.,0.54));
#5716 = ( GEOMETRIC_REPRESENTATION_CONTEXT(2) 
PARAMETRIC_REPRESENTATION_CONTEXT() REPRESENTATION_CONTEXT('2D SPACE',''
  ) );
#5717 = PCURVE('',#4008,#5718);
#5718 = DEFINITIONAL_REPRESENTATION('',(#5719),#5722);
#5719 = B_SPLINE_CURVE_WITH_KNOTS('',1,(#5720,#5721),.UNSPECIFIED.,.F.,
  .F.,(2,2),(0.,20.),.PIECEWISE_BEZIER_KNOTS.);
#5720 = CARTESIAN_POINT('',(10.1,0.));
#5721 = CARTESIAN_POINT('',(10.1,20.));
#5722 = ( GEOMETRIC_REPRESENTATION_CONTEXT(2) 
PARAMETRIC_REPRESENTATION_CONTEXT() REPRESENTATION_CONTEXT('2D SPACE',''
  ) );
#5723 = ORIENTED_EDGE('',*,*,#4533,.T.);
#5724 = ORIENTED_EDGE('',*,*,#5678,.F.);
#5725 = ADVANCED_FACE('',(#5726),#4008,.T.);
#5726 = FACE_BOUND('',#5727,.T.);
#5727 = EDGE_LOOP('',(#5728,#5729,#5730,#5731));
#5728 = ORIENTED_EDGE('',*,*,#4556,.F.);
#5729 = ORIENTED_EDGE('',*,*,#5705,.F.);
#5730 = ORIENTED_EDGE('',*,*,#3992,.T.);
#5731 = ORIENTED_EDGE('',*,*,#5732,.T.);
#5732 = EDGE_CURVE('',#3993,#4557,#5733,.T.);
#5733 = SURFACE_CURVE('',#5734,(#5738,#5744),.PCURVE_S1.);
#5734 = LINE('',#5735,#5736);
#5735 = CARTESIAN_POINT('',(2.,13.6,11.3));
#5736 = VECTOR('',#5737,1.);
#5737 = DIRECTION('',(1.,0.,0.));
#5738 = PCURVE('',#4008,#5739);
#5739 = DEFINITIONAL_REPRESENTATION('',(#5740),#5743);
#5740 = B_SPLINE_CURVE_WITH_KNOTS('',1,(#5741,#5742),.UNSPECIFIED.,.F.,
  .F.,(2,2),(0.,20.),.PIECEWISE_BEZIER_KNOTS.);
#5741 = CARTESIAN_POINT('',(11.3,0.));
#5742 = CARTESIAN_POINT('',(11.3,20.));
#5743 = ( GEOMETRIC_REPRESENTATION_CONTEXT(2) 
PARAMETRIC_REPRESENTATION_CONTEXT() REPRESENTATION_CONTEXT('2D SPACE',''
  ) );
#5744 = PCURVE('',#4036,#5745);
#5745 = DEFINITIONAL_REPRESENTATION('',(#5746),#5749);
#5746 = B_SPLINE_CURVE_WITH_KNOTS('',1,(#5747,#5748),.UNSPECIFIED.,.F.,
  .F.,(2,2),(0.,20.),.PIECEWISE_BEZIER_KNOTS.);
#5747 = CARTESIAN_POINT('',(0.,0.54));
#5748 = CARTESIAN_POINT('',(20.,0.54));
#5749 = ( GEOMETRIC_REPRESENTATION_CONTEXT(2) 
PARAMETRIC_REPRESENTATION_CONTEXT() REPRESENTATION_CONTEXT('2D SPACE',''
  ) );
#5750 = ADVANCED_FACE('',(#5751),#4036,.F.);
#5751 = FACE_BOUND('',#5752,.F.);
#5752 = EDGE_LOOP('',(#5753,#5754,#5755,#5756));
#5753 = ORIENTED_EDGE('',*,*,#4020,.F.);
#5754 = ORIENTED_EDGE('',*,*,#5732,.T.);
#5755 = ORIENTED_EDGE('',*,*,#4579,.T.);
#5756 = ORIENTED_EDGE('',*,*,#5757,.F.);
#5757 = EDGE_CURVE('',#4021,#4580,#5758,.T.);
#5758 = SURFACE_CURVE('',#5759,(#5763,#5770),.PCURVE_S1.);
#5759 = LINE('',#5760,#5761);
#5760 = CARTESIAN_POINT('',(2.,14.56,11.3));
#5761 = VECTOR('',#5762,1.);
#5762 = DIRECTION('',(1.,0.,0.));
#5763 = PCURVE('',#4036,#5764);
#5764 = DEFINITIONAL_REPRESENTATION('',(#5765),#5769);
#5765 = LINE('',#5766,#5767);
#5766 = CARTESIAN_POINT('',(0.,1.5));
#5767 = VECTOR('',#5768,1.);
#5768 = DIRECTION('',(1.,0.));
#5769 = ( GEOMETRIC_REPRESENTATION_CONTEXT(2) 
PARAMETRIC_REPRESENTATION_CONTEXT() REPRESENTATION_CONTEXT('2D SPACE',''
  ) );
#5770 = PCURVE('',#4069,#5771);
#5771 = DEFINITIONAL_REPRESENTATION('',(#5772),#5776);
#5772 = LINE('',#5773,#5774);
#5773 = CARTESIAN_POINT('',(-1.570796326795,0.));
#5774 = VECTOR('',#5775,1.);
#5775 = DIRECTION('',(-0.,1.));
#5776 = ( GEOMETRIC_REPRESENTATION_CONTEXT(2) 
PARAMETRIC_REPRESENTATION_CONTEXT() REPRESENTATION_CONTEXT('2D SPACE',''
  ) );
#5777 = ADVANCED_FACE('',(#5778),#4069,.T.);
#5778 = FACE_BOUND('',#5779,.F.);
#5779 = EDGE_LOOP('',(#5780,#5781,#5782,#5783));
#5780 = ORIENTED_EDGE('',*,*,#4048,.T.);
#5781 = ORIENTED_EDGE('',*,*,#5757,.T.);
#5782 = ORIENTED_EDGE('',*,*,#4602,.F.);
#5783 = ORIENTED_EDGE('',*,*,#5784,.F.);
#5784 = EDGE_CURVE('',#4049,#4603,#5785,.T.);
#5785 = SURFACE_CURVE('',#5786,(#5790,#5797),.PCURVE_S1.);
#5786 = LINE('',#5787,#5788);
#5787 = CARTESIAN_POINT('',(2.,14.86,11.6));
#5788 = VECTOR('',#5789,1.);
#5789 = DIRECTION('',(1.,0.,0.));
#5790 = PCURVE('',#4069,#5791);
#5791 = DEFINITIONAL_REPRESENTATION('',(#5792),#5796);
#5792 = LINE('',#5793,#5794);
#5793 = CARTESIAN_POINT('',(-0.,0.));
#5794 = VECTOR('',#5795,1.);
#5795 = DIRECTION('',(-0.,1.));
#5796 = ( GEOMETRIC_REPRESENTATION_CONTEXT(2) 
PARAMETRIC_REPRESENTATION_CONTEXT() REPRESENTATION_CONTEXT('2D SPACE',''
  ) );
#5797 = PCURVE('',#4097,#5798);
#5798 = DEFINITIONAL_REPRESENTATION('',(#5799),#5803);
#5799 = LINE('',#5800,#5801);
#5800 = CARTESIAN_POINT('',(0.3,0.));
#5801 = VECTOR('',#5802,1.);
#5802 = DIRECTION('',(0.,1.));
#5803 = ( GEOMETRIC_REPRESENTATION_CONTEXT(2) 
PARAMETRIC_REPRESENTATION_CONTEXT() REPRESENTATION_CONTEXT('2D SPACE',''
  ) );
#5804 = ADVANCED_FACE('',(#5805),#4097,.T.);
#5805 = FACE_BOUND('',#5806,.T.);
#5806 = EDGE_LOOP('',(#5807,#5808,#5809,#5810));
#5807 = ORIENTED_EDGE('',*,*,#4630,.F.);
#5808 = ORIENTED_EDGE('',*,*,#5784,.F.);
#5809 = ORIENTED_EDGE('',*,*,#4081,.T.);
#5810 = ORIENTED_EDGE('',*,*,#5811,.T.);
#5811 = EDGE_CURVE('',#4082,#4631,#5812,.T.);
#5812 = SURFACE_CURVE('',#5813,(#5817,#5824),.PCURVE_S1.);
#5813 = LINE('',#5814,#5815);
#5814 = CARTESIAN_POINT('',(2.,14.86,12.4));
#5815 = VECTOR('',#5816,1.);
#5816 = DIRECTION('',(1.,0.,0.));
#5817 = PCURVE('',#4097,#5818);
#5818 = DEFINITIONAL_REPRESENTATION('',(#5819),#5823);
#5819 = LINE('',#5820,#5821);
#5820 = CARTESIAN_POINT('',(1.1,0.));
#5821 = VECTOR('',#5822,1.);
#5822 = DIRECTION('',(0.,1.));
#5823 = ( GEOMETRIC_REPRESENTATION_CONTEXT(2) 
PARAMETRIC_REPRESENTATION_CONTEXT() REPRESENTATION_CONTEXT('2D SPACE',''
  ) );
#5824 = PCURVE('',#4126,#5825);
#5825 = DEFINITIONAL_REPRESENTATION('',(#5826),#5830);
#5826 = LINE('',#5827,#5828);
#5827 = CARTESIAN_POINT('',(0.,0.));
#5828 = VECTOR('',#5829,1.);
#5829 = DIRECTION('',(0.,1.));
#5830 = ( GEOMETRIC_REPRESENTATION_CONTEXT(2) 
PARAMETRIC_REPRESENTATION_CONTEXT() REPRESENTATION_CONTEXT('2D SPACE',''
  ) );
#5831 = ADVANCED_FACE('',(#5832),#4126,.T.);
#5832 = FACE_BOUND('',#5833,.T.);
#5833 = EDGE_LOOP('',(#5834,#5835,#5856,#5857));
#5834 = ORIENTED_EDGE('',*,*,#4109,.T.);
#5835 = ORIENTED_EDGE('',*,*,#5836,.T.);
#5836 = EDGE_CURVE('',#4110,#4654,#5837,.T.);
#5837 = SURFACE_CURVE('',#5838,(#5842,#5849),.PCURVE_S1.);
#5838 = LINE('',#5839,#5840);
#5839 = CARTESIAN_POINT('',(2.,14.56,12.7));
#5840 = VECTOR('',#5841,1.);
#5841 = DIRECTION('',(1.,0.,0.));
#5842 = PCURVE('',#4126,#5843);
#5843 = DEFINITIONAL_REPRESENTATION('',(#5844),#5848);
#5844 = LINE('',#5845,#5846);
#5845 = CARTESIAN_POINT('',(1.570796326795,0.));
#5846 = VECTOR('',#5847,1.);
#5847 = DIRECTION('',(0.,1.));
#5848 = ( GEOMETRIC_REPRESENTATION_CONTEXT(2) 
PARAMETRIC_REPRESENTATION_CONTEXT() REPRESENTATION_CONTEXT('2D SPACE',''
  ) );
#5849 = PCURVE('',#4154,#5850);
#5850 = DEFINITIONAL_REPRESENTATION('',(#5851),#5855);
#5851 = LINE('',#5852,#5853);
#5852 = CARTESIAN_POINT('',(0.,1.5));
#5853 = VECTOR('',#5854,1.);
#5854 = DIRECTION('',(1.,0.));
#5855 = ( GEOMETRIC_REPRESENTATION_CONTEXT(2) 
PARAMETRIC_REPRESENTATION_CONTEXT() REPRESENTATION_CONTEXT('2D SPACE',''
  ) );
#5856 = ORIENTED_EDGE('',*,*,#4653,.F.);
#5857 = ORIENTED_EDGE('',*,*,#5811,.F.);
#5858 = ADVANCED_FACE('',(#5859),#4154,.T.);
#5859 = FACE_BOUND('',#5860,.T.);
#5860 = EDGE_LOOP('',(#5861,#5862,#5881,#5882));
#5861 = ORIENTED_EDGE('',*,*,#4138,.F.);
#5862 = ORIENTED_EDGE('',*,*,#5863,.T.);
#5863 = EDGE_CURVE('',#4139,#4678,#5864,.T.);
#5864 = SURFACE_CURVE('',#5865,(#5869,#5875),.PCURVE_S1.);
#5865 = LINE('',#5866,#5867);
#5866 = CARTESIAN_POINT('',(2.,13.6,12.7));
#5867 = VECTOR('',#5868,1.);
#5868 = DIRECTION('',(1.,0.,0.));
#5869 = PCURVE('',#4154,#5870);
#5870 = DEFINITIONAL_REPRESENTATION('',(#5871),#5874);
#5871 = B_SPLINE_CURVE_WITH_KNOTS('',1,(#5872,#5873),.UNSPECIFIED.,.F.,
  .F.,(2,2),(0.,20.),.PIECEWISE_BEZIER_KNOTS.);
#5872 = CARTESIAN_POINT('',(0.,0.54));
#5873 = CARTESIAN_POINT('',(20.,0.54));
#5874 = ( GEOMETRIC_REPRESENTATION_CONTEXT(2) 
PARAMETRIC_REPRESENTATION_CONTEXT() REPRESENTATION_CONTEXT('2D SPACE',''
  ) );
#5875 = PCURVE('',#4182,#5876);
#5876 = DEFINITIONAL_REPRESENTATION('',(#5877),#5880);
#5877 = B_SPLINE_CURVE_WITH_KNOTS('',1,(#5878,#5879),.UNSPECIFIED.,.F.,
  .F.,(2,2),(0.,20.),.PIECEWISE_BEZIER_KNOTS.);
#5878 = CARTESIAN_POINT('',(12.7,0.));
#5879 = CARTESIAN_POINT('',(12.7,20.));
#5880 = ( GEOMETRIC_REPRESENTATION_CONTEXT(2) 
PARAMETRIC_REPRESENTATION_CONTEXT() REPRESENTATION_CONTEXT('2D SPACE',''
  ) );
#5881 = ORIENTED_EDGE('',*,*,#4677,.T.);
#5882 = ORIENTED_EDGE('',*,*,#5836,.F.);
#5883 = ADVANCED_FACE('',(#5884),#4182,.T.);
#5884 = FACE_BOUND('',#5885,.T.);
#5885 = EDGE_LOOP('',(#5886,#5887,#5888,#5889));
#5886 = ORIENTED_EDGE('',*,*,#4700,.F.);
#5887 = ORIENTED_EDGE('',*,*,#5863,.F.);
#5888 = ORIENTED_EDGE('',*,*,#4166,.T.);
#5889 = ORIENTED_EDGE('',*,*,#5890,.T.);
#5890 = EDGE_CURVE('',#4167,#4701,#5891,.T.);
#5891 = SURFACE_CURVE('',#5892,(#5896,#5903),.PCURVE_S1.);
#5892 = LINE('',#5893,#5894);
#5893 = CARTESIAN_POINT('',(2.,13.6,13.2));
#5894 = VECTOR('',#5895,1.);
#5895 = DIRECTION('',(1.,0.,0.));
#5896 = PCURVE('',#4182,#5897);
#5897 = DEFINITIONAL_REPRESENTATION('',(#5898),#5902);
#5898 = LINE('',#5899,#5900);
#5899 = CARTESIAN_POINT('',(13.2,0.));
#5900 = VECTOR('',#5901,1.);
#5901 = DIRECTION('',(0.,1.));
#5902 = ( GEOMETRIC_REPRESENTATION_CONTEXT(2) 
PARAMETRIC_REPRESENTATION_CONTEXT() REPRESENTATION_CONTEXT('2D SPACE',''
  ) );
#5903 = PCURVE('',#4211,#5904);
#5904 = DEFINITIONAL_REPRESENTATION('',(#5905),#5909);
#5905 = LINE('',#5906,#5907);
#5906 = CARTESIAN_POINT('',(0.,0.));
#5907 = VECTOR('',#5908,1.);
#5908 = DIRECTION('',(0.,1.));
#5909 = ( GEOMETRIC_REPRESENTATION_CONTEXT(2) 
PARAMETRIC_REPRESENTATION_CONTEXT() REPRESENTATION_CONTEXT('2D SPACE',''
  ) );
#5910 = ADVANCED_FACE('',(#5911),#4211,.T.);
#5911 = FACE_BOUND('',#5912,.T.);
#5912 = EDGE_LOOP('',(#5913,#5914,#5935,#5936));
#5913 = ORIENTED_EDGE('',*,*,#4194,.T.);
#5914 = ORIENTED_EDGE('',*,*,#5915,.T.);
#5915 = EDGE_CURVE('',#4195,#4724,#5916,.T.);
#5916 = SURFACE_CURVE('',#5917,(#5921,#5928),.PCURVE_S1.);
#5917 = LINE('',#5918,#5919);
#5918 = CARTESIAN_POINT('',(2.,12.8,14.));
#5919 = VECTOR('',#5920,1.);
#5920 = DIRECTION('',(1.,0.,0.));
#5921 = PCURVE('',#4211,#5922);
#5922 = DEFINITIONAL_REPRESENTATION('',(#5923),#5927);
#5923 = LINE('',#5924,#5925);
#5924 = CARTESIAN_POINT('',(1.570796326795,0.));
#5925 = VECTOR('',#5926,1.);
#5926 = DIRECTION('',(0.,1.));
#5927 = ( GEOMETRIC_REPRESENTATION_CONTEXT(2) 
PARAMETRIC_REPRESENTATION_CONTEXT() REPRESENTATION_CONTEXT('2D SPACE',''
  ) );
#5928 = PCURVE('',#4239,#5929);
#5929 = DEFINITIONAL_REPRESENTATION('',(#5930),#5934);
#5930 = LINE('',#5931,#5932);
#5931 = CARTESIAN_POINT('',(0.,1.4));
#5932 = VECTOR('',#5933,1.);
#5933 = DIRECTION('',(1.,0.));
#5934 = ( GEOMETRIC_REPRESENTATION_CONTEXT(2) 
PARAMETRIC_REPRESENTATION_CONTEXT() REPRESENTATION_CONTEXT('2D SPACE',''
  ) );
#5935 = ORIENTED_EDGE('',*,*,#4723,.F.);
#5936 = ORIENTED_EDGE('',*,*,#5890,.F.);
#5937 = ADVANCED_FACE('',(#5938),#4239,.T.);
#5938 = FACE_BOUND('',#5939,.T.);
#5939 = EDGE_LOOP('',(#5940,#5941,#5962,#5963));
#5940 = ORIENTED_EDGE('',*,*,#4223,.F.);
#5941 = ORIENTED_EDGE('',*,*,#5942,.T.);
#5942 = EDGE_CURVE('',#4224,#4748,#5943,.T.);
#5943 = SURFACE_CURVE('',#5944,(#5948,#5955),.PCURVE_S1.);
#5944 = LINE('',#5945,#5946);
#5945 = CARTESIAN_POINT('',(2.,12.2,14.));
#5946 = VECTOR('',#5947,1.);
#5947 = DIRECTION('',(1.,0.,0.));
#5948 = PCURVE('',#4239,#5949);
#5949 = DEFINITIONAL_REPRESENTATION('',(#5950),#5954);
#5950 = LINE('',#5951,#5952);
#5951 = CARTESIAN_POINT('',(0.,0.8));
#5952 = VECTOR('',#5953,1.);
#5953 = DIRECTION('',(1.,0.));
#5954 = ( GEOMETRIC_REPRESENTATION_CONTEXT(2) 
PARAMETRIC_REPRESENTATION_CONTEXT() REPRESENTATION_CONTEXT('2D SPACE',''
  ) );
#5955 = PCURVE('',#4270,#5956);
#5956 = DEFINITIONAL_REPRESENTATION('',(#5957),#5961);
#5957 = LINE('',#5958,#5959);
#5958 = CARTESIAN_POINT('',(-1.570796326795,0.));
#5959 = VECTOR('',#5960,1.);
#5960 = DIRECTION('',(-0.,1.));
#5961 = ( GEOMETRIC_REPRESENTATION_CONTEXT(2) 
PARAMETRIC_REPRESENTATION_CONTEXT() REPRESENTATION_CONTEXT('2D SPACE',''
  ) );
#5962 = ORIENTED_EDGE('',*,*,#4747,.T.);
#5963 = ORIENTED_EDGE('',*,*,#5915,.F.);
#5964 = ADVANCED_FACE('',(#5965),#4270,.T.);
#5965 = FACE_BOUND('',#5966,.F.);
#5966 = EDGE_LOOP('',(#5967,#5968,#5969,#5970));
#5967 = ORIENTED_EDGE('',*,*,#4251,.T.);
#5968 = ORIENTED_EDGE('',*,*,#5942,.T.);
#5969 = ORIENTED_EDGE('',*,*,#4770,.F.);
#5970 = ORIENTED_EDGE('',*,*,#4310,.F.);
#5971 = ADVANCED_FACE('',(#5972),#5063,.T.);
#5972 = FACE_BOUND('',#5973,.F.);
#5973 = EDGE_LOOP('',(#5974,#5975,#5998,#6035));
#5974 = ORIENTED_EDGE('',*,*,#5042,.T.);
#5975 = ORIENTED_EDGE('',*,*,#5976,.T.);
#5976 = EDGE_CURVE('',#5043,#5977,#5979,.T.);
#5977 = VERTEX_POINT('',#5978);
#5978 = CARTESIAN_POINT('',(23.501,-13.2,0.));
#5979 = SEAM_CURVE('',#5980,(#5984,#5991),.PCURVE_S1.);
#5980 = LINE('',#5981,#5982);
#5981 = CARTESIAN_POINT('',(-0.5,-13.2,0.));
#5982 = VECTOR('',#5983,1.);
#5983 = DIRECTION('',(1.,0.,0.));
#5984 = PCURVE('',#5063,#5985);
#5985 = DEFINITIONAL_REPRESENTATION('',(#5986),#5990);
#5986 = LINE('',#5987,#5988);
#5987 = CARTESIAN_POINT('',(-6.28318530718,0.));
#5988 = VECTOR('',#5989,1.);
#5989 = DIRECTION('',(-0.,-1.));
#5990 = ( GEOMETRIC_REPRESENTATION_CONTEXT(2) 
PARAMETRIC_REPRESENTATION_CONTEXT() REPRESENTATION_CONTEXT('2D SPACE',''
  ) );
#5991 = PCURVE('',#5063,#5992);
#5992 = DEFINITIONAL_REPRESENTATION('',(#5993),#5997);
#5993 = LINE('',#5994,#5995);
#5994 = CARTESIAN_POINT('',(-0.,0.));
#5995 = VECTOR('',#5996,1.);
#5996 = DIRECTION('',(-0.,-1.));
#5997 = ( GEOMETRIC_REPRESENTATION_CONTEXT(2) 
PARAMETRIC_REPRESENTATION_CONTEXT() REPRESENTATION_CONTEXT('2D SPACE',''
  ) );
#5998 = ORIENTED_EDGE('',*,*,#5999,.T.);
#5999 = EDGE_CURVE('',#5977,#5977,#6000,.T.);
#6000 = SURFACE_CURVE('',#6001,(#6006,#6013),.PCURVE_S1.);
#6001 = CIRCLE('',#6002,1.);
#6002 = AXIS2_PLACEMENT_3D('',#6003,#6004,#6005);
#6003 = CARTESIAN_POINT('',(23.501,-14.2,0.));
#6004 = DIRECTION('',(1.,0.,0.));
#6005 = DIRECTION('',(-0.,1.,0.));
#6006 = PCURVE('',#5063,#6007);
#6007 = DEFINITIONAL_REPRESENTATION('',(#6008),#6012);
#6008 = LINE('',#6009,#6010);
#6009 = CARTESIAN_POINT('',(-0.,-24.001));
#6010 = VECTOR('',#6011,1.);
#6011 = DIRECTION('',(-1.,0.));
#6012 = ( GEOMETRIC_REPRESENTATION_CONTEXT(2) 
PARAMETRIC_REPRESENTATION_CONTEXT() REPRESENTATION_CONTEXT('2D SPACE',''
  ) );
#6013 = PCURVE('',#6014,#6029);
#6014 = SURFACE_OF_REVOLUTION('',#6015,#6026);
#6015 = B_SPLINE_CURVE_WITH_KNOTS('',5,(#6016,#6017,#6018,#6019,#6020,
    #6021,#6022,#6023,#6024,#6025),.UNSPECIFIED.,.F.,.F.,(6,4,6),(0.,
    0.785398163397,1.570796326795),.UNSPECIFIED.);
#6016 = CARTESIAN_POINT('',(23.501,-13.2,0.));
#6017 = CARTESIAN_POINT('',(23.657922553047,-13.2,0.));
#6018 = CARTESIAN_POINT('',(23.814847592228,-13.23080475735,0.));
#6019 = CARTESIAN_POINT('',(23.963693660865,-13.29245881768,0.));
#6020 = CARTESIAN_POINT('',(24.096438673025,-13.38163932421,0.));
#6021 = CARTESIAN_POINT('',(24.318360675786,-13.60356132697,0.));
#6022 = CARTESIAN_POINT('',(24.407541182312,-13.73630633913,0.));
#6023 = CARTESIAN_POINT('',(24.469195242647,-13.88515240777,0.));
#6024 = CARTESIAN_POINT('',(24.5,-14.04207744695,0.));
#6025 = CARTESIAN_POINT('',(24.5,-14.199,0.));
#6026 = AXIS1_PLACEMENT('',#6027,#6028);
#6027 = CARTESIAN_POINT('',(23.501,-14.2,0.));
#6028 = DIRECTION('',(1.,0.,0.));
#6029 = DEFINITIONAL_REPRESENTATION('',(#6030),#6034);
#6030 = LINE('',#6031,#6032);
#6031 = CARTESIAN_POINT('',(0.,0.));
#6032 = VECTOR('',#6033,1.);
#6033 = DIRECTION('',(1.,0.));
#6034 = ( GEOMETRIC_REPRESENTATION_CONTEXT(2) 
PARAMETRIC_REPRESENTATION_CONTEXT() REPRESENTATION_CONTEXT('2D SPACE',''
  ) );
#6035 = ORIENTED_EDGE('',*,*,#5976,.F.);
#6036 = ADVANCED_FACE('',(#6037),#5132,.T.);
#6037 = FACE_BOUND('',#6038,.F.);
#6038 = EDGE_LOOP('',(#6039,#6040,#6061,#6062));
#6039 = ORIENTED_EDGE('',*,*,#5173,.T.);
#6040 = ORIENTED_EDGE('',*,*,#6041,.T.);
#6041 = EDGE_CURVE('',#5174,#5112,#6042,.T.);
#6042 = SEAM_CURVE('',#6043,(#6047,#6054),.PCURVE_S1.);
#6043 = LINE('',#6044,#6045);
#6044 = CARTESIAN_POINT('',(-0.5,-13.2,0.));
#6045 = VECTOR('',#6046,1.);
#6046 = DIRECTION('',(1.,0.,0.));
#6047 = PCURVE('',#5132,#6048);
#6048 = DEFINITIONAL_REPRESENTATION('',(#6049),#6053);
#6049 = LINE('',#6050,#6051);
#6050 = CARTESIAN_POINT('',(-6.28318530718,0.));
#6051 = VECTOR('',#6052,1.);
#6052 = DIRECTION('',(-0.,-1.));
#6053 = ( GEOMETRIC_REPRESENTATION_CONTEXT(2) 
PARAMETRIC_REPRESENTATION_CONTEXT() REPRESENTATION_CONTEXT('2D SPACE',''
  ) );
#6054 = PCURVE('',#5132,#6055);
#6055 = DEFINITIONAL_REPRESENTATION('',(#6056),#6060);
#6056 = LINE('',#6057,#6058);
#6057 = CARTESIAN_POINT('',(-0.,0.));
#6058 = VECTOR('',#6059,1.);
#6059 = DIRECTION('',(-0.,-1.));
#6060 = ( GEOMETRIC_REPRESENTATION_CONTEXT(2) 
PARAMETRIC_REPRESENTATION_CONTEXT() REPRESENTATION_CONTEXT('2D SPACE',''
  ) );
#6061 = ORIENTED_EDGE('',*,*,#5111,.F.);
#6062 = ORIENTED_EDGE('',*,*,#6041,.F.);
#6063 = ADVANCED_FACE('',(#6064),#5258,.T.);
#6064 = FACE_BOUND('',#6065,.F.);
#6065 = EDGE_LOOP('',(#6066,#6067,#6088,#6089));
#6066 = ORIENTED_EDGE('',*,*,#5299,.T.);
#6067 = ORIENTED_EDGE('',*,*,#6068,.T.);
#6068 = EDGE_CURVE('',#5300,#5238,#6069,.T.);
#6069 = SEAM_CURVE('',#6070,(#6074,#6081),.PCURVE_S1.);
#6070 = LINE('',#6071,#6072);
#6071 = CARTESIAN_POINT('',(-0.5,-13.2,0.));
#6072 = VECTOR('',#6073,1.);
#6073 = DIRECTION('',(1.,0.,0.));
#6074 = PCURVE('',#5258,#6075);
#6075 = DEFINITIONAL_REPRESENTATION('',(#6076),#6080);
#6076 = LINE('',#6077,#6078);
#6077 = CARTESIAN_POINT('',(-6.28318530718,0.));
#6078 = VECTOR('',#6079,1.);
#6079 = DIRECTION('',(-0.,-1.));
#6080 = ( GEOMETRIC_REPRESENTATION_CONTEXT(2) 
PARAMETRIC_REPRESENTATION_CONTEXT() REPRESENTATION_CONTEXT('2D SPACE',''
  ) );
#6081 = PCURVE('',#5258,#6082);
#6082 = DEFINITIONAL_REPRESENTATION('',(#6083),#6087);
#6083 = LINE('',#6084,#6085);
#6084 = CARTESIAN_POINT('',(-0.,0.));
#6085 = VECTOR('',#6086,1.);
#6086 = DIRECTION('',(-0.,-1.));
#6087 = ( GEOMETRIC_REPRESENTATION_CONTEXT(2) 
PARAMETRIC_REPRESENTATION_CONTEXT() REPRESENTATION_CONTEXT('2D SPACE',''
  ) );
#6088 = ORIENTED_EDGE('',*,*,#5237,.F.);
#6089 = ORIENTED_EDGE('',*,*,#6068,.F.);
#6090 = ADVANCED_FACE('',(#6091),#5384,.T.);
#6091 = FACE_BOUND('',#6092,.F.);
#6092 = EDGE_LOOP('',(#6093,#6132,#6153,#6154));
#6093 = ORIENTED_EDGE('',*,*,#6094,.F.);
#6094 = EDGE_CURVE('',#6095,#6095,#6097,.T.);
#6095 = VERTEX_POINT('',#6096);
#6096 = CARTESIAN_POINT('',(0.499,-13.2,0.));
#6097 = SURFACE_CURVE('',#6098,(#6103,#6110),.PCURVE_S1.);
#6098 = CIRCLE('',#6099,1.);
#6099 = AXIS2_PLACEMENT_3D('',#6100,#6101,#6102);
#6100 = CARTESIAN_POINT('',(0.499,-14.2,0.));
#6101 = DIRECTION('',(1.,0.,0.));
#6102 = DIRECTION('',(-0.,1.,0.));
#6103 = PCURVE('',#5384,#6104);
#6104 = DEFINITIONAL_REPRESENTATION('',(#6105),#6109);
#6105 = LINE('',#6106,#6107);
#6106 = CARTESIAN_POINT('',(-0.,-0.999));
#6107 = VECTOR('',#6108,1.);
#6108 = DIRECTION('',(-1.,0.));
#6109 = ( GEOMETRIC_REPRESENTATION_CONTEXT(2) 
PARAMETRIC_REPRESENTATION_CONTEXT() REPRESENTATION_CONTEXT('2D SPACE',''
  ) );
#6110 = PCURVE('',#6111,#6126);
#6111 = SURFACE_OF_REVOLUTION('',#6112,#6123);
#6112 = B_SPLINE_CURVE_WITH_KNOTS('',5,(#6113,#6114,#6115,#6116,#6117,
    #6118,#6119,#6120,#6121,#6122),.UNSPECIFIED.,.F.,.F.,(6,4,6),(0.,
    0.785398163397,1.570796326795),.UNSPECIFIED.);
#6113 = CARTESIAN_POINT('',(0.499,-13.2,0.));
#6114 = CARTESIAN_POINT('',(0.342077446953,-13.2,0.));
#6115 = CARTESIAN_POINT('',(0.185152407772,-13.23080475735,0.));
#6116 = CARTESIAN_POINT('',(3.630633913494E-02,-13.29245881768,0.));
#6117 = CARTESIAN_POINT('',(-9.643867302486E-02,-13.38163932421,0.));
#6118 = CARTESIAN_POINT('',(-0.318360675786,-13.60356132697,0.));
#6119 = CARTESIAN_POINT('',(-0.407541182312,-13.73630633913,0.));
#6120 = CARTESIAN_POINT('',(-0.469195242647,-13.88515240777,0.));
#6121 = CARTESIAN_POINT('',(-0.5,-14.04207744695,0.));
#6122 = CARTESIAN_POINT('',(-0.5,-14.199,0.));
#6123 = AXIS1_PLACEMENT('',#6124,#6125);
#6124 = CARTESIAN_POINT('',(0.499,-14.2,0.));
#6125 = DIRECTION('',(-1.,-0.,-0.));
#6126 = DEFINITIONAL_REPRESENTATION('',(#6127),#6131);
#6127 = LINE('',#6128,#6129);
#6128 = CARTESIAN_POINT('',(-0.,0.));
#6129 = VECTOR('',#6130,1.);
#6130 = DIRECTION('',(-1.,0.));
#6131 = ( GEOMETRIC_REPRESENTATION_CONTEXT(2) 
PARAMETRIC_REPRESENTATION_CONTEXT() REPRESENTATION_CONTEXT('2D SPACE',''
  ) );
#6132 = ORIENTED_EDGE('',*,*,#6133,.T.);
#6133 = EDGE_CURVE('',#6095,#5364,#6134,.T.);
#6134 = SEAM_CURVE('',#6135,(#6139,#6146),.PCURVE_S1.);
#6135 = LINE('',#6136,#6137);
#6136 = CARTESIAN_POINT('',(-0.5,-13.2,0.));
#6137 = VECTOR('',#6138,1.);
#6138 = DIRECTION('',(1.,0.,0.));
#6139 = PCURVE('',#5384,#6140);
#6140 = DEFINITIONAL_REPRESENTATION('',(#6141),#6145);
#6141 = LINE('',#6142,#6143);
#6142 = CARTESIAN_POINT('',(-6.28318530718,0.));
#6143 = VECTOR('',#6144,1.);
#6144 = DIRECTION('',(-0.,-1.));
#6145 = ( GEOMETRIC_REPRESENTATION_CONTEXT(2) 
PARAMETRIC_REPRESENTATION_CONTEXT() REPRESENTATION_CONTEXT('2D SPACE',''
  ) );
#6146 = PCURVE('',#5384,#6147);
#6147 = DEFINITIONAL_REPRESENTATION('',(#6148),#6152);
#6148 = LINE('',#6149,#6150);
#6149 = CARTESIAN_POINT('',(-0.,0.));
#6150 = VECTOR('',#6151,1.);
#6151 = DIRECTION('',(-0.,-1.));
#6152 = ( GEOMETRIC_REPRESENTATION_CONTEXT(2) 
PARAMETRIC_REPRESENTATION_CONTEXT() REPRESENTATION_CONTEXT('2D SPACE',''
  ) );
#6153 = ORIENTED_EDGE('',*,*,#5363,.F.);
#6154 = ORIENTED_EDGE('',*,*,#6133,.F.);
#6155 = ADVANCED_FACE('',(#6156),#6014,.T.);
#6156 = FACE_BOUND('',#6157,.T.);
#6157 = EDGE_LOOP('',(#6158,#6182,#6183,#6184));
#6158 = ORIENTED_EDGE('',*,*,#6159,.F.);
#6159 = EDGE_CURVE('',#5977,#6160,#6162,.T.);
#6160 = VERTEX_POINT('',#6161);
#6161 = CARTESIAN_POINT('',(24.5,-14.199,0.));
#6162 = SEAM_CURVE('',#6163,(#6168,#6175),.PCURVE_S1.);
#6163 = CIRCLE('',#6164,0.999);
#6164 = AXIS2_PLACEMENT_3D('',#6165,#6166,#6167);
#6165 = CARTESIAN_POINT('',(23.501,-14.199,0.));
#6166 = DIRECTION('',(0.,0.,-1.));
#6167 = DIRECTION('',(0.,1.,0.));
#6168 = PCURVE('',#6014,#6169);
#6169 = DEFINITIONAL_REPRESENTATION('',(#6170),#6174);
#6170 = LINE('',#6171,#6172);
#6171 = CARTESIAN_POINT('',(0.,0.));
#6172 = VECTOR('',#6173,1.);
#6173 = DIRECTION('',(0.,1.));
#6174 = ( GEOMETRIC_REPRESENTATION_CONTEXT(2) 
PARAMETRIC_REPRESENTATION_CONTEXT() REPRESENTATION_CONTEXT('2D SPACE',''
  ) );
#6175 = PCURVE('',#6014,#6176);
#6176 = DEFINITIONAL_REPRESENTATION('',(#6177),#6181);
#6177 = LINE('',#6178,#6179);
#6178 = CARTESIAN_POINT('',(6.28318530718,0.));
#6179 = VECTOR('',#6180,1.);
#6180 = DIRECTION('',(0.,1.));
#6181 = ( GEOMETRIC_REPRESENTATION_CONTEXT(2) 
PARAMETRIC_REPRESENTATION_CONTEXT() REPRESENTATION_CONTEXT('2D SPACE',''
  ) );
#6182 = ORIENTED_EDGE('',*,*,#5999,.T.);
#6183 = ORIENTED_EDGE('',*,*,#6159,.T.);
#6184 = ORIENTED_EDGE('',*,*,#6185,.F.);
#6185 = EDGE_CURVE('',#6160,#6160,#6186,.T.);
#6186 = SURFACE_CURVE('',#6187,(#6192,#6199),.PCURVE_S1.);
#6187 = CIRCLE('',#6188,1.E-03);
#6188 = AXIS2_PLACEMENT_3D('',#6189,#6190,#6191);
#6189 = CARTESIAN_POINT('',(24.5,-14.2,0.));
#6190 = DIRECTION('',(1.,0.,0.));
#6191 = DIRECTION('',(-0.,1.,0.));
#6192 = PCURVE('',#6014,#6193);
#6193 = DEFINITIONAL_REPRESENTATION('',(#6194),#6198);
#6194 = LINE('',#6195,#6196);
#6195 = CARTESIAN_POINT('',(0.,1.570796326795));
#6196 = VECTOR('',#6197,1.);
#6197 = DIRECTION('',(1.,0.));
#6198 = ( GEOMETRIC_REPRESENTATION_CONTEXT(2) 
PARAMETRIC_REPRESENTATION_CONTEXT() REPRESENTATION_CONTEXT('2D SPACE',''
  ) );
#6199 = PCURVE('',#6200,#6205);
#6200 = PLANE('',#6201);
#6201 = AXIS2_PLACEMENT_3D('',#6202,#6203,#6204);
#6202 = CARTESIAN_POINT('',(24.5,-14.2,1.910944170279E-18));
#6203 = DIRECTION('',(1.,0.,0.));
#6204 = DIRECTION('',(-0.,0.,1.));
#6205 = DEFINITIONAL_REPRESENTATION('',(#6206),#6210);
#6206 = CIRCLE('',#6207,9.999999999994E-04);
#6207 = AXIS2_PLACEMENT_2D('',#6208,#6209);
#6208 = CARTESIAN_POINT('',(-1.910944170279E-18,0.));
#6209 = DIRECTION('',(0.,-1.));
#6210 = ( GEOMETRIC_REPRESENTATION_CONTEXT(2) 
PARAMETRIC_REPRESENTATION_CONTEXT() REPRESENTATION_CONTEXT('2D SPACE',''
  ) );
#6211 = ADVANCED_FACE('',(#6212),#6111,.T.);
#6212 = FACE_BOUND('',#6213,.F.);
#6213 = EDGE_LOOP('',(#6214,#6238,#6239,#6240));
#6214 = ORIENTED_EDGE('',*,*,#6215,.F.);
#6215 = EDGE_CURVE('',#6095,#6216,#6218,.T.);
#6216 = VERTEX_POINT('',#6217);
#6217 = CARTESIAN_POINT('',(-0.5,-14.199,0.));
#6218 = SEAM_CURVE('',#6219,(#6224,#6231),.PCURVE_S1.);
#6219 = CIRCLE('',#6220,0.999);
#6220 = AXIS2_PLACEMENT_3D('',#6221,#6222,#6223);
#6221 = CARTESIAN_POINT('',(0.499,-14.199,0.));
#6222 = DIRECTION('',(0.,0.,1.));
#6223 = DIRECTION('',(-0.,1.,0.));
#6224 = PCURVE('',#6111,#6225);
#6225 = DEFINITIONAL_REPRESENTATION('',(#6226),#6230);
#6226 = LINE('',#6227,#6228);
#6227 = CARTESIAN_POINT('',(-0.,0.));
#6228 = VECTOR('',#6229,1.);
#6229 = DIRECTION('',(-0.,1.));
#6230 = ( GEOMETRIC_REPRESENTATION_CONTEXT(2) 
PARAMETRIC_REPRESENTATION_CONTEXT() REPRESENTATION_CONTEXT('2D SPACE',''
  ) );
#6231 = PCURVE('',#6111,#6232);
#6232 = DEFINITIONAL_REPRESENTATION('',(#6233),#6237);
#6233 = LINE('',#6234,#6235);
#6234 = CARTESIAN_POINT('',(-6.28318530718,0.));
#6235 = VECTOR('',#6236,1.);
#6236 = DIRECTION('',(-0.,1.));
#6237 = ( GEOMETRIC_REPRESENTATION_CONTEXT(2) 
PARAMETRIC_REPRESENTATION_CONTEXT() REPRESENTATION_CONTEXT('2D SPACE',''
  ) );
#6238 = ORIENTED_EDGE('',*,*,#6094,.F.);
#6239 = ORIENTED_EDGE('',*,*,#6215,.T.);
#6240 = ORIENTED_EDGE('',*,*,#6241,.T.);
#6241 = EDGE_CURVE('',#6216,#6216,#6242,.T.);
#6242 = SURFACE_CURVE('',#6243,(#6248,#6255),.PCURVE_S1.);
#6243 = CIRCLE('',#6244,1.E-03);
#6244 = AXIS2_PLACEMENT_3D('',#6245,#6246,#6247);
#6245 = CARTESIAN_POINT('',(-0.5,-14.2,0.));
#6246 = DIRECTION('',(1.,0.,0.));
#6247 = DIRECTION('',(-0.,1.,0.));
#6248 = PCURVE('',#6111,#6249);
#6249 = DEFINITIONAL_REPRESENTATION('',(#6250),#6254);
#6250 = LINE('',#6251,#6252);
#6251 = CARTESIAN_POINT('',(-0.,1.570796326795));
#6252 = VECTOR('',#6253,1.);
#6253 = DIRECTION('',(-1.,0.));
#6254 = ( GEOMETRIC_REPRESENTATION_CONTEXT(2) 
PARAMETRIC_REPRESENTATION_CONTEXT() REPRESENTATION_CONTEXT('2D SPACE',''
  ) );
#6255 = PCURVE('',#6256,#6261);
#6256 = PLANE('',#6257);
#6257 = AXIS2_PLACEMENT_3D('',#6258,#6259,#6260);
#6258 = CARTESIAN_POINT('',(-0.5,-14.2,1.910944170279E-18));
#6259 = DIRECTION('',(1.,0.,0.));
#6260 = DIRECTION('',(-0.,0.,1.));
#6261 = DEFINITIONAL_REPRESENTATION('',(#6262),#6266);
#6262 = CIRCLE('',#6263,9.999999999994E-04);
#6263 = AXIS2_PLACEMENT_2D('',#6264,#6265);
#6264 = CARTESIAN_POINT('',(-1.910944170279E-18,0.));
#6265 = DIRECTION('',(0.,-1.));
#6266 = ( GEOMETRIC_REPRESENTATION_CONTEXT(2) 
PARAMETRIC_REPRESENTATION_CONTEXT() REPRESENTATION_CONTEXT('2D SPACE',''
  ) );
#6267 = ADVANCED_FACE('',(#6268),#6200,.T.);
#6268 = FACE_BOUND('',#6269,.T.);
#6269 = EDGE_LOOP('',(#6270));
#6270 = ORIENTED_EDGE('',*,*,#6185,.T.);
#6271 = ADVANCED_FACE('',(#6272),#6256,.F.);
#6272 = FACE_BOUND('',#6273,.F.);
#6273 = EDGE_LOOP('',(#6274));
#6274 = ORIENTED_EDGE('',*,*,#6241,.T.);
#6275 = ( GEOMETRIC_REPRESENTATION_CONTEXT(3) 
GLOBAL_UNCERTAINTY_ASSIGNED_CONTEXT((#6279)) 
GLOBAL_UNIT_ASSIGNED_CONTEXT((#6276,#6277,#6278)) REPRESENTATION_CONTEXT
('Context #1','3D Context with UNIT and UNCERTAINTY') );
#6276 = ( LENGTH_UNIT() NAMED_UNIT(*) SI_UNIT(.MILLI.,.METRE.) );
#6277 = ( NAMED_UNIT(*) PLANE_ANGLE_UNIT() SI_UNIT($,.RADIAN.) );
#6278 = ( NAMED_UNIT(*) SI_UNIT($,.STERADIAN.) SOLID_ANGLE_UNIT() );
#6279 = UNCERTAINTY_MEASURE_WITH_UNIT(LENGTH_MEASURE(1.E-07),#6276,
  'distance_accuracy_value','confusion accuracy');
#6280 = PRODUCT_RELATED_PRODUCT_CATEGORY('part',$,(#7));
ENDSEC;
END-ISO-10303-21;
