ISO-10303-21;
HEADER;
FILE_DESCRIPTION(('Open CASCADE Model'),'2;1');
FILE_NAME('Open CASCADE Shape Model','2026-10-08T05:19:55',('Author'),(
    'Open CASCADE'),'Open CASCADE STEP processor 7.9','Open CASCADE 7.9'
  ,'Unknown');
FILE_SCHEMA(('AUTOMOTIVE_DESIGN { 1 0 10303 214 1 1 1 1 }'));
ENDSEC;
DATA;
#1 = APPLICATION_PROTOCOL_DEFINITION('international standard',
  'automotive_design',2000,#2);
#2 = APPLICATION_CONTEXT(
  'core data for automotive mechanical design processes');
#3 = SHAPE_DEFINITION_REPRESENTATION(#4,#10);
#4 = PRODUCT_DEFINITION_SHAPE('','',#5);
#5 = PRODUCT_DEFINITION('design','',#6,#9);
#6 = PRODUCT_DEFINITION_FORMATION('','',#7);
#7 = PRODUCT('Open CASCADE STEP translator 7.9 4',
  'Open CASCADE STEP translator 7.9 4','',(#8));
#8 = PRODUCT_CONTEXT('',#2,'mechanical');
#9 = PRODUCT_DEFINITION_CONTEXT('part definition',#2,'design');
#10 = ADVANCED_BREP_SHAPE_REPRESENTATION('',(#11,#15),#8301);
#11 = AXIS2_PLACEMENT_3D('',#12,#13,#14);
#12 = CARTESIAN_POINT('',(0.,0.,0.));
#13 = DIRECTION('',(0.,0.,1.));
#14 = DIRECTION('',(1.,0.,-0.));
#15 = MANIFOLD_SOLID_BREP('',#16);
#16 = CLOSED_SHELL('',(#17,#143,#679,#1628,#2111,#2676,#2725,#3306,#3333
    ,#3360,#3387,#3414,#3441,#3956,#4416,#4499,#4549,#4604,#4687,#4737,
    #4792,#4875,#4925,#4980,#5031,#5058,#5175,#5224,#5446,#5473,#5682,
    #5709,#5736,#5743,#5750,#5777,#6353,#6402,#6452,#6893,#6920,#6927,
    #6934,#6941,#6968,#7083,#7133,#7183,#7237,#7383,#7433,#7483,#7537,
    #7625,#7636,#7643,#7654,#7681,#7708,#7715,#7742,#7769,#7796,#7823,
    #7850,#7877,#7904,#7931,#7958,#7985,#8012,#8039,#8066,#8093,#8120,
    #8147,#8174,#8181,#8237,#8293,#8297));
#17 = ADVANCED_FACE('',(#18),#32,.F.);
#18 = FACE_BOUND('',#19,.F.);
#19 = EDGE_LOOP('',(#20,#55,#86,#114));
#20 = ORIENTED_EDGE('',*,*,#21,.F.);
#21 = EDGE_CURVE('',#22,#24,#26,.T.);
#22 = VERTEX_POINT('',#23);
#23 = CARTESIAN_POINT('',(10.2,6.,24.5));
#24 = VERTEX_POINT('',#25);
#25 = CARTESIAN_POINT('',(10.2,-6.,24.5));
#26 = SURFACE_CURVE('',#27,(#31,#43),.PCURVE_S1.);
#27 = LINE('',#28,#29);
#28 = CARTESIAN_POINT('',(10.2,6.,24.5));
#29 = VECTOR('',#30,1.);
#30 = DIRECTION('',(0.,-1.,0.));
#31 = PCURVE('',#32,#37);
#32 = PLANE('',#33);
#33 = AXIS2_PLACEMENT_3D('',#34,#35,#36);
#34 = CARTESIAN_POINT('',(10.2,6.,24.5));
#35 = DIRECTION('',(-1.,0.,-1.110223024625E-16));
#36 = DIRECTION('',(0.,-1.,0.));
#37 = DEFINITIONAL_REPRESENTATION('',(#38),#42);
#38 = LINE('',#39,#40);
#39 = CARTESIAN_POINT('',(0.,0.));
#40 = VECTOR('',#41,1.);
#41 = DIRECTION('',(1.,0.));
#42 = ( GEOMETRIC_REPRESENTATION_CONTEXT(2) 
PARAMETRIC_REPRESENTATION_CONTEXT() REPRESENTATION_CONTEXT('2D SPACE',''
  ) );
#43 = PCURVE('',#44,#49);
#44 = PLANE('',#45);
#45 = AXIS2_PLACEMENT_3D('',#46,#47,#48);
#46 = CARTESIAN_POINT('',(-5.254248707375E-16,1.098615638815E-15,24.5));
#47 = DIRECTION('',(1.110223024625E-16,0.,-1.));
#48 = DIRECTION('',(1.,0.,1.110223024625E-16));
#49 = DEFINITIONAL_REPRESENTATION('',(#50),#54);
#50 = LINE('',#51,#52);
#51 = CARTESIAN_POINT('',(10.2,-6.));
#52 = VECTOR('',#53,1.);
#53 = DIRECTION('',(0.,1.));
#54 = ( GEOMETRIC_REPRESENTATION_CONTEXT(2) 
PARAMETRIC_REPRESENTATION_CONTEXT() REPRESENTATION_CONTEXT('2D SPACE',''
  ) );
#55 = ORIENTED_EDGE('',*,*,#56,.T.);
#56 = EDGE_CURVE('',#22,#57,#59,.T.);
#57 = VERTEX_POINT('',#58);
#58 = CARTESIAN_POINT('',(10.2,6.,22.6));
#59 = SURFACE_CURVE('',#60,(#64,#71),.PCURVE_S1.);
#60 = LINE('',#61,#62);
#61 = CARTESIAN_POINT('',(10.2,6.,24.5));
#62 = VECTOR('',#63,1.);
#63 = DIRECTION('',(1.110223024625E-16,0.,-1.));
#64 = PCURVE('',#32,#65);
#65 = DEFINITIONAL_REPRESENTATION('',(#66),#70);
#66 = LINE('',#67,#68);
#67 = CARTESIAN_POINT('',(-2.6645352591E-15,0.));
#68 = VECTOR('',#69,1.);
#69 = DIRECTION('',(0.,-1.));
#70 = ( GEOMETRIC_REPRESENTATION_CONTEXT(2) 
PARAMETRIC_REPRESENTATION_CONTEXT() REPRESENTATION_CONTEXT('2D SPACE',''
  ) );
#71 = PCURVE('',#72,#80);
#72 = SURFACE_OF_LINEAR_EXTRUSION('',#73,#78);
#73 = ELLIPSE('',#74,10.2,5.7);
#74 = AXIS2_PLACEMENT_3D('',#75,#76,#77);
#75 = CARTESIAN_POINT('',(7.301798873315E-16,6.,24.5));
#76 = DIRECTION('',(1.110223024625E-16,0.,-1.));
#77 = DIRECTION('',(1.,1.110223024625E-16,1.110223024625E-16));
#78 = VECTOR('',#79,1.);
#79 = DIRECTION('',(-1.110223024625E-16,-0.,1.));
#80 = DEFINITIONAL_REPRESENTATION('',(#81),#85);
#81 = LINE('',#82,#83);
#82 = CARTESIAN_POINT('',(6.28318530718,0.));
#83 = VECTOR('',#84,1.);
#84 = DIRECTION('',(0.,-1.));
#85 = ( GEOMETRIC_REPRESENTATION_CONTEXT(2) 
PARAMETRIC_REPRESENTATION_CONTEXT() REPRESENTATION_CONTEXT('2D SPACE',''
  ) );
#86 = ORIENTED_EDGE('',*,*,#87,.T.);
#87 = EDGE_CURVE('',#57,#88,#90,.T.);
#88 = VERTEX_POINT('',#89);
#89 = CARTESIAN_POINT('',(10.2,-6.,22.6));
#90 = SURFACE_CURVE('',#91,(#95,#102),.PCURVE_S1.);
#91 = LINE('',#92,#93);
#92 = CARTESIAN_POINT('',(10.2,3.,22.6));
#93 = VECTOR('',#94,1.);
#94 = DIRECTION('',(0.,-1.,0.));
#95 = PCURVE('',#32,#96);
#96 = DEFINITIONAL_REPRESENTATION('',(#97),#101);
#97 = LINE('',#98,#99);
#98 = CARTESIAN_POINT('',(3.,-1.9));
#99 = VECTOR('',#100,1.);
#100 = DIRECTION('',(1.,0.));
#101 = ( GEOMETRIC_REPRESENTATION_CONTEXT(2) 
PARAMETRIC_REPRESENTATION_CONTEXT() REPRESENTATION_CONTEXT('2D SPACE',''
  ) );
#102 = PCURVE('',#103,#108);
#103 = PLANE('',#104);
#104 = AXIS2_PLACEMENT_3D('',#105,#106,#107);
#105 = CARTESIAN_POINT('',(8.,0.,22.6));
#106 = DIRECTION('',(1.110223024625E-16,0.,-1.));
#107 = DIRECTION('',(1.,0.,1.110223024625E-16));
#108 = DEFINITIONAL_REPRESENTATION('',(#109),#113);
#109 = LINE('',#110,#111);
#110 = CARTESIAN_POINT('',(2.2,-3.));
#111 = VECTOR('',#112,1.);
#112 = DIRECTION('',(0.,1.));
#113 = ( GEOMETRIC_REPRESENTATION_CONTEXT(2) 
PARAMETRIC_REPRESENTATION_CONTEXT() REPRESENTATION_CONTEXT('2D SPACE',''
  ) );
#114 = ORIENTED_EDGE('',*,*,#115,.F.);
#115 = EDGE_CURVE('',#24,#88,#116,.T.);
#116 = SURFACE_CURVE('',#117,(#121,#128),.PCURVE_S1.);
#117 = LINE('',#118,#119);
#118 = CARTESIAN_POINT('',(10.2,-6.,24.5));
#119 = VECTOR('',#120,1.);
#120 = DIRECTION('',(1.110223024625E-16,0.,-1.));
#121 = PCURVE('',#32,#122);
#122 = DEFINITIONAL_REPRESENTATION('',(#123),#127);
#123 = LINE('',#124,#125);
#124 = CARTESIAN_POINT('',(12.,0.));
#125 = VECTOR('',#126,1.);
#126 = DIRECTION('',(0.,-1.));
#127 = ( GEOMETRIC_REPRESENTATION_CONTEXT(2) 
PARAMETRIC_REPRESENTATION_CONTEXT() REPRESENTATION_CONTEXT('2D SPACE',''
  ) );
#128 = PCURVE('',#129,#137);
#129 = SURFACE_OF_LINEAR_EXTRUSION('',#130,#135);
#130 = ELLIPSE('',#131,10.2,5.7);
#131 = AXIS2_PLACEMENT_3D('',#132,#133,#134);
#132 = CARTESIAN_POINT('',(0.,-6.,24.5));
#133 = DIRECTION('',(1.110223024625E-16,0.,-1.));
#134 = DIRECTION('',(1.,1.110223024625E-16,1.110223024625E-16));
#135 = VECTOR('',#136,1.);
#136 = DIRECTION('',(-1.110223024625E-16,-0.,1.));
#137 = DEFINITIONAL_REPRESENTATION('',(#138),#142);
#138 = LINE('',#139,#140);
#139 = CARTESIAN_POINT('',(0.,0.));
#140 = VECTOR('',#141,1.);
#141 = DIRECTION('',(0.,-1.));
#142 = ( GEOMETRIC_REPRESENTATION_CONTEXT(2) 
PARAMETRIC_REPRESENTATION_CONTEXT() REPRESENTATION_CONTEXT('2D SPACE',''
  ) );
#143 = ADVANCED_FACE('',(#144),#44,.F.);
#144 = FACE_BOUND('',#145,.F.);
#145 = EDGE_LOOP('',(#146,#176,#198,#199,#223,#251,#387,#415,#443,#471,
    #499,#527));
#146 = ORIENTED_EDGE('',*,*,#147,.F.);
#147 = EDGE_CURVE('',#148,#150,#152,.T.);
#148 = VERTEX_POINT('',#149);
#149 = CARTESIAN_POINT('',(-1.7763568394E-15,11.7,24.5));
#150 = VERTEX_POINT('',#151);
#151 = CARTESIAN_POINT('',(-1.7763568394E-15,9.5,24.5));
#152 = SURFACE_CURVE('',#153,(#157,#164),.PCURVE_S1.);
#153 = LINE('',#154,#155);
#154 = CARTESIAN_POINT('',(0.,-36.,24.5));
#155 = VECTOR('',#156,1.);
#156 = DIRECTION('',(0.,-1.,0.));
#157 = PCURVE('',#44,#158);
#158 = DEFINITIONAL_REPRESENTATION('',(#159),#163);
#159 = LINE('',#160,#161);
#160 = CARTESIAN_POINT('',(5.254248707375E-16,36.));
#161 = VECTOR('',#162,1.);
#162 = DIRECTION('',(0.,1.));
#163 = ( GEOMETRIC_REPRESENTATION_CONTEXT(2) 
PARAMETRIC_REPRESENTATION_CONTEXT() REPRESENTATION_CONTEXT('2D SPACE',''
  ) );
#164 = PCURVE('',#165,#170);
#165 = PLANE('',#166);
#166 = AXIS2_PLACEMENT_3D('',#167,#168,#169);
#167 = CARTESIAN_POINT('',(-7.993605777301E-15,-72.,96.5));
#168 = DIRECTION('',(1.,0.,1.110223024625E-16));
#169 = DIRECTION('',(1.110223024625E-16,0.,-1.));
#170 = DEFINITIONAL_REPRESENTATION('',(#171),#175);
#171 = LINE('',#172,#173);
#172 = CARTESIAN_POINT('',(72.,36.));
#173 = VECTOR('',#174,1.);
#174 = DIRECTION('',(0.,-1.));
#175 = ( GEOMETRIC_REPRESENTATION_CONTEXT(2) 
PARAMETRIC_REPRESENTATION_CONTEXT() REPRESENTATION_CONTEXT('2D SPACE',''
  ) );
#176 = ORIENTED_EDGE('',*,*,#177,.T.);
#177 = EDGE_CURVE('',#148,#22,#178,.T.);
#178 = SURFACE_CURVE('',#179,(#184,#191),.PCURVE_S1.);
#179 = ELLIPSE('',#180,10.2,5.7);
#180 = AXIS2_PLACEMENT_3D('',#181,#182,#183);
#181 = CARTESIAN_POINT('',(7.301798873315E-16,6.,24.5));
#182 = DIRECTION('',(1.110223024625E-16,0.,-1.));
#183 = DIRECTION('',(1.,1.110223024625E-16,1.110223024625E-16));
#184 = PCURVE('',#44,#185);
#185 = DEFINITIONAL_REPRESENTATION('',(#186),#190);
#186 = ELLIPSE('',#187,10.2,5.7);
#187 = AXIS2_PLACEMENT_2D('',#188,#189);
#188 = CARTESIAN_POINT('',(1.255604758069E-15,-6.));
#189 = DIRECTION('',(1.,-1.110223024625E-16));
#190 = ( GEOMETRIC_REPRESENTATION_CONTEXT(2) 
PARAMETRIC_REPRESENTATION_CONTEXT() REPRESENTATION_CONTEXT('2D SPACE',''
  ) );
#191 = PCURVE('',#72,#192);
#192 = DEFINITIONAL_REPRESENTATION('',(#193),#197);
#193 = LINE('',#194,#195);
#194 = CARTESIAN_POINT('',(0.,0.));
#195 = VECTOR('',#196,1.);
#196 = DIRECTION('',(1.,0.));
#197 = ( GEOMETRIC_REPRESENTATION_CONTEXT(2) 
PARAMETRIC_REPRESENTATION_CONTEXT() REPRESENTATION_CONTEXT('2D SPACE',''
  ) );
#198 = ORIENTED_EDGE('',*,*,#21,.T.);
#199 = ORIENTED_EDGE('',*,*,#200,.T.);
#200 = EDGE_CURVE('',#24,#201,#203,.T.);
#201 = VERTEX_POINT('',#202);
#202 = CARTESIAN_POINT('',(1.7763568394E-15,-11.7,24.5));
#203 = SURFACE_CURVE('',#204,(#209,#216),.PCURVE_S1.);
#204 = ELLIPSE('',#205,10.2,5.7);
#205 = AXIS2_PLACEMENT_3D('',#206,#207,#208);
#206 = CARTESIAN_POINT('',(0.,-6.,24.5));
#207 = DIRECTION('',(1.110223024625E-16,0.,-1.));
#208 = DIRECTION('',(1.,1.110223024625E-16,1.110223024625E-16));
#209 = PCURVE('',#44,#210);
#210 = DEFINITIONAL_REPRESENTATION('',(#211),#215);
#211 = ELLIPSE('',#212,10.2,5.7);
#212 = AXIS2_PLACEMENT_2D('',#213,#214);
#213 = CARTESIAN_POINT('',(5.254248707375E-16,6.));
#214 = DIRECTION('',(1.,-1.110223024625E-16));
#215 = ( GEOMETRIC_REPRESENTATION_CONTEXT(2) 
PARAMETRIC_REPRESENTATION_CONTEXT() REPRESENTATION_CONTEXT('2D SPACE',''
  ) );
#216 = PCURVE('',#129,#217);
#217 = DEFINITIONAL_REPRESENTATION('',(#218),#222);
#218 = LINE('',#219,#220);
#219 = CARTESIAN_POINT('',(0.,0.));
#220 = VECTOR('',#221,1.);
#221 = DIRECTION('',(1.,0.));
#222 = ( GEOMETRIC_REPRESENTATION_CONTEXT(2) 
PARAMETRIC_REPRESENTATION_CONTEXT() REPRESENTATION_CONTEXT('2D SPACE',''
  ) );
#223 = ORIENTED_EDGE('',*,*,#224,.F.);
#224 = EDGE_CURVE('',#225,#201,#227,.T.);
#225 = VERTEX_POINT('',#226);
#226 = CARTESIAN_POINT('',(0.,-9.5,24.5));
#227 = SURFACE_CURVE('',#228,(#232,#239),.PCURVE_S1.);
#228 = LINE('',#229,#230);
#229 = CARTESIAN_POINT('',(0.,-36.,24.5));
#230 = VECTOR('',#231,1.);
#231 = DIRECTION('',(0.,-1.,0.));
#232 = PCURVE('',#44,#233);
#233 = DEFINITIONAL_REPRESENTATION('',(#234),#238);
#234 = LINE('',#235,#236);
#235 = CARTESIAN_POINT('',(5.254248707375E-16,36.));
#236 = VECTOR('',#237,1.);
#237 = DIRECTION('',(0.,1.));
#238 = ( GEOMETRIC_REPRESENTATION_CONTEXT(2) 
PARAMETRIC_REPRESENTATION_CONTEXT() REPRESENTATION_CONTEXT('2D SPACE',''
  ) );
#239 = PCURVE('',#240,#245);
#240 = PLANE('',#241);
#241 = AXIS2_PLACEMENT_3D('',#242,#243,#244);
#242 = CARTESIAN_POINT('',(-7.993605777301E-15,-72.,96.5));
#243 = DIRECTION('',(1.,0.,1.110223024625E-16));
#244 = DIRECTION('',(1.110223024625E-16,0.,-1.));
#245 = DEFINITIONAL_REPRESENTATION('',(#246),#250);
#246 = LINE('',#247,#248);
#247 = CARTESIAN_POINT('',(72.,36.));
#248 = VECTOR('',#249,1.);
#249 = DIRECTION('',(0.,-1.));
#250 = ( GEOMETRIC_REPRESENTATION_CONTEXT(2) 
PARAMETRIC_REPRESENTATION_CONTEXT() REPRESENTATION_CONTEXT('2D SPACE',''
  ) );
#251 = ORIENTED_EDGE('',*,*,#252,.T.);
#252 = EDGE_CURVE('',#225,#253,#255,.T.);
#253 = VERTEX_POINT('',#254);
#254 = CARTESIAN_POINT('',(8.,-6.,24.5));
#255 = SURFACE_CURVE('',#256,(#295,#337),.PCURVE_S1.);
#256 = B_SPLINE_CURVE_WITH_KNOTS('',7,(#257,#258,#259,#260,#261,#262,
    #263,#264,#265,#266,#267,#268,#269,#270,#271,#272,#273,#274,#275,
    #276,#277,#278,#279,#280,#281,#282,#283,#284,#285,#286,#287,#288,
    #289,#290,#291,#292,#293,#294),.UNSPECIFIED.,.F.,.F.,(8,6,6,6,6,6,8)
  ,(0.,0.383761525915,0.554960586812,0.704488106854,0.876959334464,
    0.924427095897,1.),.UNSPECIFIED.);
#257 = CARTESIAN_POINT('',(8.784367782777E-16,-9.5,24.5));
#258 = CARTESIAN_POINT('',(0.518103695271,-9.5,24.5));
#259 = CARTESIAN_POINT('',(1.036063454374,-9.482874192842,24.5));
#260 = CARTESIAN_POINT('',(1.553370556981,-9.44863486237,24.5));
#261 = CARTESIAN_POINT('',(2.06931144097,-9.396888762692,24.5));
#262 = CARTESIAN_POINT('',(2.582944567508,-9.326830291823,24.5));
#263 = CARTESIAN_POINT('',(3.093108174825,-9.237281843264,24.5));
#264 = CARTESIAN_POINT('',(3.823660885338,-9.076321595569,24.5));
#265 = CARTESIAN_POINT('',(4.047999554211,-9.022345188348,24.5));
#266 = CARTESIAN_POINT('',(4.271173596468,-8.963848906088,24.5));
#267 = CARTESIAN_POINT('',(4.492995644214,-8.900596459023,24.5));
#268 = CARTESIAN_POINT('',(4.713226441409,-8.832311378322,24.5));
#269 = CARTESIAN_POINT('',(4.931567490561,-8.758656006062,24.5));
#270 = CARTESIAN_POINT('',(5.336373542469,-8.609785677725,24.5));
#271 = CARTESIAN_POINT('',(5.52333341464,-8.535963071619,24.5));
#272 = CARTESIAN_POINT('',(5.708312692407,-8.45742384774,24.5));
#273 = CARTESIAN_POINT('',(5.890983370624,-8.373821540918,24.5));
#274 = CARTESIAN_POINT('',(6.070905306522,-8.284765771955,24.5));
#275 = CARTESIAN_POINT('',(6.247506475956,-8.189786279834,24.5));
#276 = CARTESIAN_POINT('',(6.619050449145,-7.971151116511,24.5));
#277 = CARTESIAN_POINT('',(6.812217673526,-7.845585837035,24.5));
#278 = CARTESIAN_POINT('',(6.998955477139,-7.710357050197,24.5));
#279 = CARTESIAN_POINT('',(7.177588803971,-7.564293888284,24.5));
#280 = CARTESIAN_POINT('',(7.345311971587,-7.406256080281,24.5));
#281 = CARTESIAN_POINT('',(7.49832233588,-7.235263481095,24.5));
#282 = CARTESIAN_POINT('',(7.668042651027,-6.999189650007,24.5));
#283 = CARTESIAN_POINT('',(7.703137537297,-6.947204661872,24.5));
#284 = CARTESIAN_POINT('',(7.73658077772,-6.894180496138,24.5));
#285 = CARTESIAN_POINT('',(7.768242726856,-6.840123597767,24.5));
#286 = CARTESIAN_POINT('',(7.79798549826,-6.785053338338,24.5));
#287 = CARTESIAN_POINT('',(7.825667283292,-6.7290042864,24.5));
#288 = CARTESIAN_POINT('',(7.891712122855,-6.581317915802,24.5));
#289 = CARTESIAN_POINT('',(7.926717376687,-6.488209302602,24.5));
#290 = CARTESIAN_POINT('',(7.955547603188,-6.392987162781,24.5));
#291 = CARTESIAN_POINT('',(7.977642899118,-6.296024621904,24.5));
#292 = CARTESIAN_POINT('',(7.992550575138,-6.197793901624,24.5));
#293 = CARTESIAN_POINT('',(8.,-6.098880348993,24.5));
#294 = CARTESIAN_POINT('',(8.,-6.,24.5));
#295 = PCURVE('',#44,#296);
#296 = DEFINITIONAL_REPRESENTATION('',(#297),#336);
#297 = B_SPLINE_CURVE_WITH_KNOTS('',7,(#298,#299,#300,#301,#302,#303,
    #304,#305,#306,#307,#308,#309,#310,#311,#312,#313,#314,#315,#316,
    #317,#318,#319,#320,#321,#322,#323,#324,#325,#326,#327,#328,#329,
    #330,#331,#332,#333,#334,#335),.UNSPECIFIED.,.F.,.F.,(8,6,6,6,6,6,8)
  ,(0.,0.383761525915,0.554960586812,0.704488106854,0.876959334464,
    0.924427095897,1.),.UNSPECIFIED.);
#298 = CARTESIAN_POINT('',(1.403861649015E-15,9.5));
#299 = CARTESIAN_POINT('',(0.518103695271,9.5));
#300 = CARTESIAN_POINT('',(1.036063454374,9.482874192842));
#301 = CARTESIAN_POINT('',(1.553370556981,9.44863486237));
#302 = CARTESIAN_POINT('',(2.06931144097,9.396888762692));
#303 = CARTESIAN_POINT('',(2.582944567508,9.326830291823));
#304 = CARTESIAN_POINT('',(3.093108174825,9.237281843264));
#305 = CARTESIAN_POINT('',(3.823660885338,9.076321595569));
#306 = CARTESIAN_POINT('',(4.047999554211,9.022345188348));
#307 = CARTESIAN_POINT('',(4.271173596468,8.963848906088));
#308 = CARTESIAN_POINT('',(4.492995644214,8.900596459023));
#309 = CARTESIAN_POINT('',(4.713226441409,8.832311378322));
#310 = CARTESIAN_POINT('',(4.931567490561,8.758656006062));
#311 = CARTESIAN_POINT('',(5.336373542469,8.609785677725));
#312 = CARTESIAN_POINT('',(5.52333341464,8.535963071619));
#313 = CARTESIAN_POINT('',(5.708312692407,8.45742384774));
#314 = CARTESIAN_POINT('',(5.890983370624,8.373821540918));
#315 = CARTESIAN_POINT('',(6.070905306522,8.284765771955));
#316 = CARTESIAN_POINT('',(6.247506475956,8.189786279834));
#317 = CARTESIAN_POINT('',(6.619050449145,7.971151116511));
#318 = CARTESIAN_POINT('',(6.812217673526,7.845585837035));
#319 = CARTESIAN_POINT('',(6.998955477139,7.710357050197));
#320 = CARTESIAN_POINT('',(7.177588803971,7.564293888284));
#321 = CARTESIAN_POINT('',(7.345311971587,7.406256080281));
#322 = CARTESIAN_POINT('',(7.49832233588,7.235263481095));
#323 = CARTESIAN_POINT('',(7.668042651027,6.999189650007));
#324 = CARTESIAN_POINT('',(7.703137537297,6.947204661872));
#325 = CARTESIAN_POINT('',(7.73658077772,6.894180496138));
#326 = CARTESIAN_POINT('',(7.768242726856,6.840123597767));
#327 = CARTESIAN_POINT('',(7.79798549826,6.785053338338));
#328 = CARTESIAN_POINT('',(7.825667283292,6.7290042864));
#329 = CARTESIAN_POINT('',(7.891712122855,6.581317915802));
#330 = CARTESIAN_POINT('',(7.926717376687,6.488209302602));
#331 = CARTESIAN_POINT('',(7.955547603188,6.392987162781));
#332 = CARTESIAN_POINT('',(7.977642899118,6.296024621904));
#333 = CARTESIAN_POINT('',(7.992550575138,6.197793901624));
#334 = CARTESIAN_POINT('',(8.,6.098880348993));
#335 = CARTESIAN_POINT('',(8.,6.));
#336 = ( GEOMETRIC_REPRESENTATION_CONTEXT(2) 
PARAMETRIC_REPRESENTATION_CONTEXT() REPRESENTATION_CONTEXT('2D SPACE',''
  ) );
#337 = PCURVE('',#338,#346);
#338 = SURFACE_OF_LINEAR_EXTRUSION('',#339,#344);
#339 = ELLIPSE('',#340,8.,3.5);
#340 = AXIS2_PLACEMENT_3D('',#341,#342,#343);
#341 = CARTESIAN_POINT('',(-2.22044604925E-16,-6.,26.5));
#342 = DIRECTION('',(1.110223024625E-16,0.,-1.));
#343 = DIRECTION('',(1.,1.110223024625E-16,1.110223024625E-16));
#344 = VECTOR('',#345,1.);
#345 = DIRECTION('',(-1.110223024625E-16,-0.,1.));
#346 = DEFINITIONAL_REPRESENTATION('',(#347),#386);
#347 = B_SPLINE_CURVE_WITH_KNOTS('',7,(#348,#349,#350,#351,#352,#353,
    #354,#355,#356,#357,#358,#359,#360,#361,#362,#363,#364,#365,#366,
    #367,#368,#369,#370,#371,#372,#373,#374,#375,#376,#377,#378,#379,
    #380,#381,#382,#383,#384,#385),.UNSPECIFIED.,.F.,.F.,(8,6,6,6,6,6,8)
  ,(0.,0.383761525915,0.554960586812,0.704488106854,0.876959334464,
    0.924427095897,1.),.UNSPECIFIED.);
#348 = CARTESIAN_POINT('',(1.570796326795,-2.));
#349 = CARTESIAN_POINT('',(1.506033364886,-2.));
#350 = CARTESIAN_POINT('',(1.441288561384,-2.));
#351 = CARTESIAN_POINT('',(1.37618066756,-2.));
#352 = CARTESIAN_POINT('',(1.310360269801,-2.));
#353 = CARTESIAN_POINT('',(1.243437423182,-2.));
#354 = CARTESIAN_POINT('',(1.174973700575,-2.));
#355 = CARTESIAN_POINT('',(1.072728254745,-2.));
#356 = CARTESIAN_POINT('',(1.040746073197,-2.));
#357 = CARTESIAN_POINT('',(1.00826193471,-2.));
#358 = CARTESIAN_POINT('',(0.975208353046,-2.));
#359 = CARTESIAN_POINT('',(0.941509982832,-2.));
#360 = CARTESIAN_POINT('',(0.90707676963,-2.));
#361 = CARTESIAN_POINT('',(0.84097374399,-2.));
#362 = CARTESIAN_POINT('',(0.809512473632,-2.));
#363 = CARTESIAN_POINT('',(0.77732603029,-2.));
#364 = CARTESIAN_POINT('',(0.744324666781,-2.));
#365 = CARTESIAN_POINT('',(0.710409662552,-2.));
#366 = CARTESIAN_POINT('',(0.675461005956,-2.));
#367 = CARTESIAN_POINT('',(0.597620774042,-2.));
#368 = CARTESIAN_POINT('',(0.554423814437,-2.));
#369 = CARTESIAN_POINT('',(0.509371744595,-2.));
#370 = CARTESIAN_POINT('',(0.462166261098,-2.));
#371 = CARTESIAN_POINT('',(0.412524466485,-2.));
#372 = CARTESIAN_POINT('',(0.360181640381,-2.));
#373 = CARTESIAN_POINT('',(0.289474247958,-2.));
#374 = CARTESIAN_POINT('',(0.273989472643,-2.));
#375 = CARTESIAN_POINT('',(0.258277634006,-2.));
#376 = CARTESIAN_POINT('',(0.242338740757,-2.));
#377 = CARTESIAN_POINT('',(0.226175818022,-2.));
#378 = CARTESIAN_POINT('',(0.209795387595,-2.));
#379 = CARTESIAN_POINT('',(0.166799267248,-2.));
#380 = CARTESIAN_POINT('',(0.139851638258,-2.));
#381 = CARTESIAN_POINT('',(0.112429457321,-2.));
#382 = CARTESIAN_POINT('',(8.461531564908E-02,-2.));
#383 = CARTESIAN_POINT('',(5.651253430258E-02,-2.));
#384 = CARTESIAN_POINT('',(2.825152828368E-02,-2.));
#385 = CARTESIAN_POINT('',(0.,-2.));
#386 = ( GEOMETRIC_REPRESENTATION_CONTEXT(2) 
PARAMETRIC_REPRESENTATION_CONTEXT() REPRESENTATION_CONTEXT('2D SPACE',''
  ) );
#387 = ORIENTED_EDGE('',*,*,#388,.T.);
#388 = EDGE_CURVE('',#253,#389,#391,.T.);
#389 = VERTEX_POINT('',#390);
#390 = CARTESIAN_POINT('',(8.,-1.1,24.5));
#391 = SURFACE_CURVE('',#392,(#396,#403),.PCURVE_S1.);
#392 = LINE('',#393,#394);
#393 = CARTESIAN_POINT('',(8.,3.,24.5));
#394 = VECTOR('',#395,1.);
#395 = DIRECTION('',(0.,1.,0.));
#396 = PCURVE('',#44,#397);
#397 = DEFINITIONAL_REPRESENTATION('',(#398),#402);
#398 = LINE('',#399,#400);
#399 = CARTESIAN_POINT('',(8.,-3.));
#400 = VECTOR('',#401,1.);
#401 = DIRECTION('',(0.,-1.));
#402 = ( GEOMETRIC_REPRESENTATION_CONTEXT(2) 
PARAMETRIC_REPRESENTATION_CONTEXT() REPRESENTATION_CONTEXT('2D SPACE',''
  ) );
#403 = PCURVE('',#404,#409);
#404 = PLANE('',#405);
#405 = AXIS2_PLACEMENT_3D('',#406,#407,#408);
#406 = CARTESIAN_POINT('',(8.,6.,26.5));
#407 = DIRECTION('',(-1.,0.,-1.110223024625E-16));
#408 = DIRECTION('',(0.,-1.,0.));
#409 = DEFINITIONAL_REPRESENTATION('',(#410),#414);
#410 = LINE('',#411,#412);
#411 = CARTESIAN_POINT('',(3.,-2.));
#412 = VECTOR('',#413,1.);
#413 = DIRECTION('',(-1.,0.));
#414 = ( GEOMETRIC_REPRESENTATION_CONTEXT(2) 
PARAMETRIC_REPRESENTATION_CONTEXT() REPRESENTATION_CONTEXT('2D SPACE',''
  ) );
#415 = ORIENTED_EDGE('',*,*,#416,.T.);
#416 = EDGE_CURVE('',#389,#417,#419,.T.);
#417 = VERTEX_POINT('',#418);
#418 = CARTESIAN_POINT('',(9.2,-1.1,24.5));
#419 = SURFACE_CURVE('',#420,(#424,#431),.PCURVE_S1.);
#420 = LINE('',#421,#422);
#421 = CARTESIAN_POINT('',(7.6,-1.1,24.5));
#422 = VECTOR('',#423,1.);
#423 = DIRECTION('',(1.,0.,1.110223024625E-16));
#424 = PCURVE('',#44,#425);
#425 = DEFINITIONAL_REPRESENTATION('',(#426),#430);
#426 = LINE('',#427,#428);
#427 = CARTESIAN_POINT('',(7.6,1.1));
#428 = VECTOR('',#429,1.);
#429 = DIRECTION('',(1.,0.));
#430 = ( GEOMETRIC_REPRESENTATION_CONTEXT(2) 
PARAMETRIC_REPRESENTATION_CONTEXT() REPRESENTATION_CONTEXT('2D SPACE',''
  ) );
#431 = PCURVE('',#432,#437);
#432 = PLANE('',#433);
#433 = AXIS2_PLACEMENT_3D('',#434,#435,#436);
#434 = CARTESIAN_POINT('',(7.6,-1.1,24.5));
#435 = DIRECTION('',(0.,1.,0.));
#436 = DIRECTION('',(1.,0.,1.110223024625E-16));
#437 = DEFINITIONAL_REPRESENTATION('',(#438),#442);
#438 = LINE('',#439,#440);
#439 = CARTESIAN_POINT('',(0.,0.));
#440 = VECTOR('',#441,1.);
#441 = DIRECTION('',(1.,0.));
#442 = ( GEOMETRIC_REPRESENTATION_CONTEXT(2) 
PARAMETRIC_REPRESENTATION_CONTEXT() REPRESENTATION_CONTEXT('2D SPACE',''
  ) );
#443 = ORIENTED_EDGE('',*,*,#444,.T.);
#444 = EDGE_CURVE('',#417,#445,#447,.T.);
#445 = VERTEX_POINT('',#446);
#446 = CARTESIAN_POINT('',(9.2,1.1,24.5));
#447 = SURFACE_CURVE('',#448,(#452,#459),.PCURVE_S1.);
#448 = LINE('',#449,#450);
#449 = CARTESIAN_POINT('',(9.2,-1.1,24.5));
#450 = VECTOR('',#451,1.);
#451 = DIRECTION('',(0.,1.,0.));
#452 = PCURVE('',#44,#453);
#453 = DEFINITIONAL_REPRESENTATION('',(#454),#458);
#454 = LINE('',#455,#456);
#455 = CARTESIAN_POINT('',(9.2,1.1));
#456 = VECTOR('',#457,1.);
#457 = DIRECTION('',(0.,-1.));
#458 = ( GEOMETRIC_REPRESENTATION_CONTEXT(2) 
PARAMETRIC_REPRESENTATION_CONTEXT() REPRESENTATION_CONTEXT('2D SPACE',''
  ) );
#459 = PCURVE('',#460,#465);
#460 = PLANE('',#461);
#461 = AXIS2_PLACEMENT_3D('',#462,#463,#464);
#462 = CARTESIAN_POINT('',(9.2,-1.1,24.5));
#463 = DIRECTION('',(1.,0.,1.110223024625E-16));
#464 = DIRECTION('',(1.110223024625E-16,0.,-1.));
#465 = DEFINITIONAL_REPRESENTATION('',(#466),#470);
#466 = LINE('',#467,#468);
#467 = CARTESIAN_POINT('',(0.,0.));
#468 = VECTOR('',#469,1.);
#469 = DIRECTION('',(0.,1.));
#470 = ( GEOMETRIC_REPRESENTATION_CONTEXT(2) 
PARAMETRIC_REPRESENTATION_CONTEXT() REPRESENTATION_CONTEXT('2D SPACE',''
  ) );
#471 = ORIENTED_EDGE('',*,*,#472,.F.);
#472 = EDGE_CURVE('',#473,#445,#475,.T.);
#473 = VERTEX_POINT('',#474);
#474 = CARTESIAN_POINT('',(8.,1.1,24.5));
#475 = SURFACE_CURVE('',#476,(#480,#487),.PCURVE_S1.);
#476 = LINE('',#477,#478);
#477 = CARTESIAN_POINT('',(7.6,1.1,24.5));
#478 = VECTOR('',#479,1.);
#479 = DIRECTION('',(1.,0.,1.110223024625E-16));
#480 = PCURVE('',#44,#481);
#481 = DEFINITIONAL_REPRESENTATION('',(#482),#486);
#482 = LINE('',#483,#484);
#483 = CARTESIAN_POINT('',(7.6,-1.1));
#484 = VECTOR('',#485,1.);
#485 = DIRECTION('',(1.,0.));
#486 = ( GEOMETRIC_REPRESENTATION_CONTEXT(2) 
PARAMETRIC_REPRESENTATION_CONTEXT() REPRESENTATION_CONTEXT('2D SPACE',''
  ) );
#487 = PCURVE('',#488,#493);
#488 = PLANE('',#489);
#489 = AXIS2_PLACEMENT_3D('',#490,#491,#492);
#490 = CARTESIAN_POINT('',(7.6,1.1,24.5));
#491 = DIRECTION('',(0.,1.,0.));
#492 = DIRECTION('',(1.,0.,1.110223024625E-16));
#493 = DEFINITIONAL_REPRESENTATION('',(#494),#498);
#494 = LINE('',#495,#496);
#495 = CARTESIAN_POINT('',(0.,0.));
#496 = VECTOR('',#497,1.);
#497 = DIRECTION('',(1.,0.));
#498 = ( GEOMETRIC_REPRESENTATION_CONTEXT(2) 
PARAMETRIC_REPRESENTATION_CONTEXT() REPRESENTATION_CONTEXT('2D SPACE',''
  ) );
#499 = ORIENTED_EDGE('',*,*,#500,.T.);
#500 = EDGE_CURVE('',#473,#501,#503,.T.);
#501 = VERTEX_POINT('',#502);
#502 = CARTESIAN_POINT('',(8.,6.,24.5));
#503 = SURFACE_CURVE('',#504,(#508,#515),.PCURVE_S1.);
#504 = LINE('',#505,#506);
#505 = CARTESIAN_POINT('',(8.,3.,24.5));
#506 = VECTOR('',#507,1.);
#507 = DIRECTION('',(0.,1.,0.));
#508 = PCURVE('',#44,#509);
#509 = DEFINITIONAL_REPRESENTATION('',(#510),#514);
#510 = LINE('',#511,#512);
#511 = CARTESIAN_POINT('',(8.,-3.));
#512 = VECTOR('',#513,1.);
#513 = DIRECTION('',(0.,-1.));
#514 = ( GEOMETRIC_REPRESENTATION_CONTEXT(2) 
PARAMETRIC_REPRESENTATION_CONTEXT() REPRESENTATION_CONTEXT('2D SPACE',''
  ) );
#515 = PCURVE('',#516,#521);
#516 = PLANE('',#517);
#517 = AXIS2_PLACEMENT_3D('',#518,#519,#520);
#518 = CARTESIAN_POINT('',(8.,6.,26.5));
#519 = DIRECTION('',(-1.,0.,-1.110223024625E-16));
#520 = DIRECTION('',(0.,-1.,0.));
#521 = DEFINITIONAL_REPRESENTATION('',(#522),#526);
#522 = LINE('',#523,#524);
#523 = CARTESIAN_POINT('',(3.,-2.));
#524 = VECTOR('',#525,1.);
#525 = DIRECTION('',(-1.,0.));
#526 = ( GEOMETRIC_REPRESENTATION_CONTEXT(2) 
PARAMETRIC_REPRESENTATION_CONTEXT() REPRESENTATION_CONTEXT('2D SPACE',''
  ) );
#527 = ORIENTED_EDGE('',*,*,#528,.T.);
#528 = EDGE_CURVE('',#501,#150,#529,.T.);
#529 = SURFACE_CURVE('',#530,(#575,#623),.PCURVE_S1.);
#530 = B_SPLINE_CURVE_WITH_KNOTS('',8,(#531,#532,#533,#534,#535,#536,
    #537,#538,#539,#540,#541,#542,#543,#544,#545,#546,#547,#548,#549,
    #550,#551,#552,#553,#554,#555,#556,#557,#558,#559,#560,#561,#562,
    #563,#564,#565,#566,#567,#568,#569,#570,#571,#572,#573,#574),
  .UNSPECIFIED.,.F.,.F.,(9,7,7,7,7,7,9),(0.,8.658279662528E-02,
    0.150251277784,0.255683647933,0.372291782785,0.665519617111,1.),
  .UNSPECIFIED.);
#531 = CARTESIAN_POINT('',(8.,6.,24.5));
#532 = CARTESIAN_POINT('',(8.,6.099128819857,24.5));
#533 = CARTESIAN_POINT('',(7.992665807984,6.198293937355,24.5));
#534 = CARTESIAN_POINT('',(7.977988505677,6.296811556493,24.5));
#535 = CARTESIAN_POINT('',(7.956203668491,6.394120147784,24.5));
#536 = CARTESIAN_POINT('',(7.92771415796,6.489764673928,24.5));
#537 = CARTESIAN_POINT('',(7.893027198491,6.583383377432,24.5));
#538 = CARTESIAN_POINT('',(7.852705738441,6.674697130171,24.5));
#539 = CARTESIAN_POINT('',(7.773970151336,6.828803341265,24.5));
#540 = CARTESIAN_POINT('',(7.737859023831,6.89278015243,24.5));
#541 = CARTESIAN_POINT('',(7.699210314761,6.955383298478,24.5));
#542 = CARTESIAN_POINT('',(7.658229285382,7.016586233437,24.5));
#543 = CARTESIAN_POINT('',(7.615110763004,7.076380536856,24.5));
#544 = CARTESIAN_POINT('',(7.57003438684,7.134772898817,24.5));
#545 = CARTESIAN_POINT('',(7.52316119315,7.191782898386,24.5));
#546 = CARTESIAN_POINT('',(7.394268441656,7.339610041592,24.5));
#547 = CARTESIAN_POINT('',(7.309394005582,7.428037444472,24.5));
#548 = CARTESIAN_POINT('',(7.220632097442,7.512890454867,24.5));
#549 = CARTESIAN_POINT('',(7.128517004844,7.594331268062,24.5));
#550 = CARTESIAN_POINT('',(7.033499667228,7.672523159483,24.5));
#551 = CARTESIAN_POINT('',(6.935951195208,7.747633461244,24.5));
#552 = CARTESIAN_POINT('',(6.836163679009,7.819833959625,24.5));
#553 = CARTESIAN_POINT('',(6.621740525587,7.966126687444,24.5));
#554 = CARTESIAN_POINT('',(6.506696360956,8.039578388048,24.5));
#555 = CARTESIAN_POINT('',(6.389534602291,8.109873516676,24.5));
#556 = CARTESIAN_POINT('',(6.27052276615,8.177197924045,24.5));
#557 = CARTESIAN_POINT('',(6.149884506217,8.241715020477,24.5));
#558 = CARTESIAN_POINT('',(6.027804591189,8.303573430244,24.5));
#559 = CARTESIAN_POINT('',(5.904431429776,8.362910890006,24.5));
#560 = CARTESIAN_POINT('',(5.466667572461,8.563046970465,24.5));
#561 = CARTESIAN_POINT('',(5.146218530993,8.690997818884,24.5));
#562 = CARTESIAN_POINT('',(4.820295577962,8.805786994558,24.5));
#563 = CARTESIAN_POINT('',(4.490152664732,8.908675576542,24.5));
#564 = CARTESIAN_POINT('',(4.156755394486,9.000689531356,24.5));
#565 = CARTESIAN_POINT('',(3.820777235062,9.082612659509,24.5));
#566 = CARTESIAN_POINT('',(3.482648047799,9.155098048944,24.5));
#567 = CARTESIAN_POINT('',(2.754604305937,9.291155136534,24.5));
#568 = CARTESIAN_POINT('',(2.364379794939,9.351985752743,24.5));
#569 = CARTESIAN_POINT('',(1.972400674496,9.40188941271,24.5));
#570 = CARTESIAN_POINT('',(1.579117685881,9.441358215425,24.5));
#571 = CARTESIAN_POINT('',(1.184922817815,9.470733998979,24.5));
#572 = CARTESIAN_POINT('',(0.790154944446,9.490243578081,24.5));
#573 = CARTESIAN_POINT('',(0.3951012674,9.5,24.5));
#574 = CARTESIAN_POINT('',(-1.7763568394E-15,9.5,24.5));
#575 = PCURVE('',#44,#576);
#576 = DEFINITIONAL_REPRESENTATION('',(#577),#622);
#577 = B_SPLINE_CURVE_WITH_KNOTS('',8,(#578,#579,#580,#581,#582,#583,
    #584,#585,#586,#587,#588,#589,#590,#591,#592,#593,#594,#595,#596,
    #597,#598,#599,#600,#601,#602,#603,#604,#605,#606,#607,#608,#609,
    #610,#611,#612,#613,#614,#615,#616,#617,#618,#619,#620,#621),
  .UNSPECIFIED.,.F.,.F.,(9,7,7,7,7,7,9),(0.,8.658279662528E-02,
    0.150251277784,0.255683647933,0.372291782785,0.665519617111,1.),
  .UNSPECIFIED.);
#578 = CARTESIAN_POINT('',(8.,-6.));
#579 = CARTESIAN_POINT('',(8.,-6.099128819857));
#580 = CARTESIAN_POINT('',(7.992665807984,-6.198293937355));
#581 = CARTESIAN_POINT('',(7.977988505677,-6.296811556493));
#582 = CARTESIAN_POINT('',(7.956203668491,-6.394120147784));
#583 = CARTESIAN_POINT('',(7.92771415796,-6.489764673928));
#584 = CARTESIAN_POINT('',(7.893027198491,-6.583383377432));
#585 = CARTESIAN_POINT('',(7.852705738441,-6.674697130171));
#586 = CARTESIAN_POINT('',(7.773970151336,-6.828803341265));
#587 = CARTESIAN_POINT('',(7.737859023831,-6.89278015243));
#588 = CARTESIAN_POINT('',(7.699210314761,-6.955383298478));
#589 = CARTESIAN_POINT('',(7.658229285382,-7.016586233437));
#590 = CARTESIAN_POINT('',(7.615110763004,-7.076380536856));
#591 = CARTESIAN_POINT('',(7.57003438684,-7.134772898817));
#592 = CARTESIAN_POINT('',(7.52316119315,-7.191782898386));
#593 = CARTESIAN_POINT('',(7.394268441656,-7.339610041592));
#594 = CARTESIAN_POINT('',(7.309394005582,-7.428037444472));
#595 = CARTESIAN_POINT('',(7.220632097442,-7.512890454867));
#596 = CARTESIAN_POINT('',(7.128517004844,-7.594331268062));
#597 = CARTESIAN_POINT('',(7.033499667228,-7.672523159483));
#598 = CARTESIAN_POINT('',(6.935951195208,-7.747633461244));
#599 = CARTESIAN_POINT('',(6.836163679009,-7.819833959625));
#600 = CARTESIAN_POINT('',(6.621740525587,-7.966126687444));
#601 = CARTESIAN_POINT('',(6.506696360956,-8.039578388048));
#602 = CARTESIAN_POINT('',(6.389534602291,-8.109873516676));
#603 = CARTESIAN_POINT('',(6.27052276615,-8.177197924045));
#604 = CARTESIAN_POINT('',(6.149884506217,-8.241715020477));
#605 = CARTESIAN_POINT('',(6.027804591189,-8.303573430244));
#606 = CARTESIAN_POINT('',(5.904431429776,-8.362910890006));
#607 = CARTESIAN_POINT('',(5.466667572461,-8.563046970465));
#608 = CARTESIAN_POINT('',(5.146218530993,-8.690997818884));
#609 = CARTESIAN_POINT('',(4.820295577962,-8.805786994558));
#610 = CARTESIAN_POINT('',(4.490152664732,-8.908675576542));
#611 = CARTESIAN_POINT('',(4.156755394486,-9.000689531356));
#612 = CARTESIAN_POINT('',(3.820777235062,-9.082612659509));
#613 = CARTESIAN_POINT('',(3.482648047799,-9.155098048944));
#614 = CARTESIAN_POINT('',(2.754604305937,-9.291155136534));
#615 = CARTESIAN_POINT('',(2.364379794939,-9.351985752743));
#616 = CARTESIAN_POINT('',(1.972400674496,-9.40188941271));
#617 = CARTESIAN_POINT('',(1.579117685881,-9.441358215425));
#618 = CARTESIAN_POINT('',(1.184922817815,-9.470733998979));
#619 = CARTESIAN_POINT('',(0.790154944446,-9.490243578081));
#620 = CARTESIAN_POINT('',(0.3951012674,-9.5));
#621 = CARTESIAN_POINT('',(-1.250931968663E-15,-9.5));
#622 = ( GEOMETRIC_REPRESENTATION_CONTEXT(2) 
PARAMETRIC_REPRESENTATION_CONTEXT() REPRESENTATION_CONTEXT('2D SPACE',''
  ) );
#623 = PCURVE('',#624,#632);
#624 = SURFACE_OF_LINEAR_EXTRUSION('',#625,#630);
#625 = ELLIPSE('',#626,8.,3.5);
#626 = AXIS2_PLACEMENT_3D('',#627,#628,#629);
#627 = CARTESIAN_POINT('',(-1.402472267297E-16,6.,26.5));
#628 = DIRECTION('',(1.110223024625E-16,0.,-1.));
#629 = DIRECTION('',(1.,1.110223024625E-16,1.110223024625E-16));
#630 = VECTOR('',#631,1.);
#631 = DIRECTION('',(-1.110223024625E-16,-0.,1.));
#632 = DEFINITIONAL_REPRESENTATION('',(#633),#678);
#633 = B_SPLINE_CURVE_WITH_KNOTS('',8,(#634,#635,#636,#637,#638,#639,
    #640,#641,#642,#643,#644,#645,#646,#647,#648,#649,#650,#651,#652,
    #653,#654,#655,#656,#657,#658,#659,#660,#661,#662,#663,#664,#665,
    #666,#667,#668,#669,#670,#671,#672,#673,#674,#675,#676,#677),
  .UNSPECIFIED.,.F.,.F.,(9,7,7,7,7,7,9),(0.,8.658279662528E-02,
    0.150251277784,0.255683647933,0.372291782785,0.665519617111,1.),
  .UNSPECIFIED.);
#634 = CARTESIAN_POINT('',(6.28318530718,-2.));
#635 = CARTESIAN_POINT('',(6.25486278722,-2.));
#636 = CARTESIAN_POINT('',(6.226529917182,-2.));
#637 = CARTESIAN_POINT('',(6.198347352404,-2.));
#638 = CARTESIAN_POINT('',(6.170440962706,-2.));
#639 = CARTESIAN_POINT('',(6.142910066436,-2.));
#640 = CARTESIAN_POINT('',(6.115833366548,-2.));
#641 = CARTESIAN_POINT('',(6.089272588706,-2.));
#642 = CARTESIAN_POINT('',(6.044155681462,-2.));
#643 = CARTESIAN_POINT('',(6.025332139291,-2.));
#644 = CARTESIAN_POINT('',(6.006811771188,-2.));
#645 = CARTESIAN_POINT('',(5.988598322693,-2.));
#646 = CARTESIAN_POINT('',(5.970691570746,-2.));
#647 = CARTESIAN_POINT('',(5.953087925814,-2.));
#648 = CARTESIAN_POINT('',(5.935780774035,-2.));
#649 = CARTESIAN_POINT('',(5.890575788177,-2.));
#650 = CARTESIAN_POINT('',(5.863188702091,-2.));
#651 = CARTESIAN_POINT('',(5.836548529304,-2.));
#652 = CARTESIAN_POINT('',(5.810609684208,-2.));
#653 = CARTESIAN_POINT('',(5.785328638988,-2.));
#654 = CARTESIAN_POINT('',(5.760661653992,-2.));
#655 = CARTESIAN_POINT('',(5.736563366882,-2.));
#656 = CARTESIAN_POINT('',(5.686909953712,-2.));
#657 = CARTESIAN_POINT('',(5.661481295229,-2.));
#658 = CARTESIAN_POINT('',(5.636641970699,-2.));
#659 = CARTESIAN_POINT('',(5.612343847361,-2.));
#660 = CARTESIAN_POINT('',(5.588545232231,-2.));
#661 = CARTESIAN_POINT('',(5.565208234114,-2.));
#662 = CARTESIAN_POINT('',(5.542297209502,-2.));
#663 = CARTESIAN_POINT('',(5.463151254166,-2.));
#664 = CARTESIAN_POINT('',(5.40904478446,-2.));
#665 = CARTESIAN_POINT('',(5.356905687775,-2.));
#666 = CARTESIAN_POINT('',(5.306407511916,-2.));
#667 = CARTESIAN_POINT('',(5.257282161062,-2.));
#668 = CARTESIAN_POINT('',(5.209315973965,-2.));
#669 = CARTESIAN_POINT('',(5.162311984239,-2.));
#670 = CARTESIAN_POINT('',(5.063351686382,-2.));
#671 = CARTESIAN_POINT('',(5.011667319002,-2.));
#672 = CARTESIAN_POINT('',(4.96078433184,-2.));
#673 = CARTESIAN_POINT('',(4.910512659542,-2.));
#674 = CARTESIAN_POINT('',(4.860687989127,-2.));
#675 = CARTESIAN_POINT('',(4.81115831639,-2.));
#676 = CARTESIAN_POINT('',(4.76177663881,-2.));
#677 = CARTESIAN_POINT('',(4.712388980385,-2.));
#678 = ( GEOMETRIC_REPRESENTATION_CONTEXT(2) 
PARAMETRIC_REPRESENTATION_CONTEXT() REPRESENTATION_CONTEXT('2D SPACE',''
  ) );
#679 = ADVANCED_FACE('',(#680),#129,.F.);
#680 = FACE_BOUND('',#681,.F.);
#681 = EDGE_LOOP('',(#682,#683,#684,#767,#804,#892,#920,#1008,#1045,
    #1133,#1161,#1190,#1213,#1253,#1290,#1330,#1353,#1393,#1430,#1470,
    #1493,#1533,#1567,#1607));
#682 = ORIENTED_EDGE('',*,*,#200,.F.);
#683 = ORIENTED_EDGE('',*,*,#115,.T.);
#684 = ORIENTED_EDGE('',*,*,#685,.F.);
#685 = EDGE_CURVE('',#686,#88,#688,.T.);
#686 = VERTEX_POINT('',#687);
#687 = CARTESIAN_POINT('',(6.190932427456,-10.53,22.6));
#688 = SURFACE_CURVE('',#689,(#713,#740),.PCURVE_S1.);
#689 = B_SPLINE_CURVE_WITH_KNOTS('',8,(#690,#691,#692,#693,#694,#695,
    #696,#697,#698,#699,#700,#701,#702,#703,#704,#705,#706,#707,#708,
    #709,#710,#711,#712),.UNSPECIFIED.,.F.,.F.,(9,7,7,9),(0.,
    0.608126547431,0.761318664773,1.),.UNSPECIFIED.);
#690 = CARTESIAN_POINT('',(6.190932427456,-10.53,22.6));
#691 = CARTESIAN_POINT('',(6.640256989969,-10.33823586325,22.6));
#692 = CARTESIAN_POINT('',(7.079158519069,-10.12573540972,22.6));
#693 = CARTESIAN_POINT('',(7.507127588466,-9.89050498875,22.6));
#694 = CARTESIAN_POINT('',(7.921720930191,-9.630322927412,22.6));
#695 = CARTESIAN_POINT('',(8.318790020117,-9.343027009364,22.6));
#696 = CARTESIAN_POINT('',(8.692280956784,-9.026379189733,22.6));
#697 = CARTESIAN_POINT('',(9.034594897305,-8.678491420769,22.6));
#698 = CARTESIAN_POINT('',(9.411250363727,-8.200356676943,22.6));
#699 = CARTESIAN_POINT('',(9.484345362736,-8.102068914926,22.6));
#700 = CARTESIAN_POINT('',(9.55456364718,-8.001697683307,22.6));
#701 = CARTESIAN_POINT('',(9.621706906204,-7.899251182116,22.6));
#702 = CARTESIAN_POINT('',(9.685564009353,-7.794754001195,22.6));
#703 = CARTESIAN_POINT('',(9.745915187239,-7.688249595778,22.6));
#704 = CARTESIAN_POINT('',(9.802536212221,-7.579802762071,22.6));
#705 = CARTESIAN_POINT('',(9.937259534613,-7.297647929353,22.6));
#706 = CARTESIAN_POINT('',(10.009762314808,-7.121199593404,22.6));
#707 = CARTESIAN_POINT('',(10.071784860051,-6.94061126145,22.6));
#708 = CARTESIAN_POINT('',(10.122471793838,-6.756450286824,22.6));
#709 = CARTESIAN_POINT('',(10.161078714235,-6.569406563087,22.6));
#710 = CARTESIAN_POINT('',(10.187030838377,-6.380305005,22.6));
#711 = CARTESIAN_POINT('',(10.2,-6.190121167121,22.6));
#712 = CARTESIAN_POINT('',(10.2,-6.,22.6));
#713 = PCURVE('',#129,#714);
#714 = DEFINITIONAL_REPRESENTATION('',(#715),#739);
#715 = B_SPLINE_CURVE_WITH_KNOTS('',8,(#716,#717,#718,#719,#720,#721,
    #722,#723,#724,#725,#726,#727,#728,#729,#730,#731,#732,#733,#734,
    #735,#736,#737,#738),.UNSPECIFIED.,.F.,.F.,(9,7,7,9),(0.,
    0.608126547431,0.761318664773,1.),.UNSPECIFIED.);
#716 = CARTESIAN_POINT('',(0.918573885062,-1.9));
#717 = CARTESIAN_POINT('',(0.863144936304,-1.9));
#718 = CARTESIAN_POINT('',(0.806319894191,-1.9));
#719 = CARTESIAN_POINT('',(0.747667712643,-1.9));
#720 = CARTESIAN_POINT('',(0.686823953479,-1.9));
#721 = CARTESIAN_POINT('',(0.623475418447,-1.9));
#722 = CARTESIAN_POINT('',(0.557281290958,-1.9));
#723 = CARTESIAN_POINT('',(0.487899720695,-1.9));
#724 = CARTESIAN_POINT('',(0.39624815289,-1.9));
#725 = CARTESIAN_POINT('',(0.377578904824,-1.9));
#726 = CARTESIAN_POINT('',(0.358679230057,-1.9));
#727 = CARTESIAN_POINT('',(0.339547692262,-1.9));
#728 = CARTESIAN_POINT('',(0.320184930459,-1.9));
#729 = CARTESIAN_POINT('',(0.300593914678,-1.9));
#730 = CARTESIAN_POINT('',(0.280780201606,-1.9));
#731 = CARTESIAN_POINT('',(0.229547500505,-1.9));
#732 = CARTESIAN_POINT('',(0.197805577492,-1.9));
#733 = CARTESIAN_POINT('',(0.165580379082,-1.9));
#734 = CARTESIAN_POINT('',(0.132936911872,-1.9));
#735 = CARTESIAN_POINT('',(9.995247325764E-02,-1.9));
#736 = CARTESIAN_POINT('',(6.672015249315E-02,-1.9));
#737 = CARTESIAN_POINT('',(3.3354590723E-02,-1.9));
#738 = CARTESIAN_POINT('',(0.,-1.9));
#739 = ( GEOMETRIC_REPRESENTATION_CONTEXT(2) 
PARAMETRIC_REPRESENTATION_CONTEXT() REPRESENTATION_CONTEXT('2D SPACE',''
  ) );
#740 = PCURVE('',#103,#741);
#741 = DEFINITIONAL_REPRESENTATION('',(#742),#766);
#742 = B_SPLINE_CURVE_WITH_KNOTS('',8,(#743,#744,#745,#746,#747,#748,
    #749,#750,#751,#752,#753,#754,#755,#756,#757,#758,#759,#760,#761,
    #762,#763,#764,#765),.UNSPECIFIED.,.F.,.F.,(9,7,7,9),(0.,
    0.608126547431,0.761318664773,1.),.UNSPECIFIED.);
#743 = CARTESIAN_POINT('',(-1.809067572544,10.53));
#744 = CARTESIAN_POINT('',(-1.359743010031,10.338235863251));
#745 = CARTESIAN_POINT('',(-0.920841480931,10.125735409724));
#746 = CARTESIAN_POINT('',(-0.492872411534,9.89050498875));
#747 = CARTESIAN_POINT('',(-7.827906980889E-02,9.630322927412));
#748 = CARTESIAN_POINT('',(0.318790020117,9.343027009364));
#749 = CARTESIAN_POINT('',(0.692280956784,9.026379189733));
#750 = CARTESIAN_POINT('',(1.034594897305,8.678491420769));
#751 = CARTESIAN_POINT('',(1.411250363727,8.200356676943));
#752 = CARTESIAN_POINT('',(1.484345362736,8.102068914926));
#753 = CARTESIAN_POINT('',(1.55456364718,8.001697683307));
#754 = CARTESIAN_POINT('',(1.621706906204,7.899251182116));
#755 = CARTESIAN_POINT('',(1.685564009353,7.794754001195));
#756 = CARTESIAN_POINT('',(1.745915187239,7.688249595778));
#757 = CARTESIAN_POINT('',(1.802536212221,7.579802762071));
#758 = CARTESIAN_POINT('',(1.937259534613,7.297647929353));
#759 = CARTESIAN_POINT('',(2.009762314808,7.121199593404));
#760 = CARTESIAN_POINT('',(2.071784860051,6.94061126145));
#761 = CARTESIAN_POINT('',(2.122471793838,6.756450286824));
#762 = CARTESIAN_POINT('',(2.161078714235,6.569406563087));
#763 = CARTESIAN_POINT('',(2.187030838377,6.380305005));
#764 = CARTESIAN_POINT('',(2.2,6.190121167121));
#765 = CARTESIAN_POINT('',(2.2,6.));
#766 = ( GEOMETRIC_REPRESENTATION_CONTEXT(2) 
PARAMETRIC_REPRESENTATION_CONTEXT() REPRESENTATION_CONTEXT('2D SPACE',''
  ) );
#767 = ORIENTED_EDGE('',*,*,#768,.F.);
#768 = EDGE_CURVE('',#769,#686,#771,.T.);
#769 = VERTEX_POINT('',#770);
#770 = CARTESIAN_POINT('',(6.190932427456,-10.53,19.4));
#771 = SURFACE_CURVE('',#772,(#779,#789),.PCURVE_S1.);
#772 = B_SPLINE_CURVE_WITH_KNOTS('',5,(#773,#774,#775,#776,#777,#778),
  .UNSPECIFIED.,.F.,.F.,(6,6),(0.,1.),.PIECEWISE_BEZIER_KNOTS.);
#773 = CARTESIAN_POINT('',(6.190932427456,-10.53,19.4));
#774 = CARTESIAN_POINT('',(6.190932427456,-10.53,19.737024664168));
#775 = CARTESIAN_POINT('',(6.190932427456,-10.53,20.616111229778));
#776 = CARTESIAN_POINT('',(6.190932427456,-10.53,21.357145940192));
#777 = CARTESIAN_POINT('',(6.190932427456,-10.53,21.873199294931));
#778 = CARTESIAN_POINT('',(6.190932427456,-10.53,22.6));
#779 = PCURVE('',#129,#780);
#780 = DEFINITIONAL_REPRESENTATION('',(#781),#788);
#781 = B_SPLINE_CURVE_WITH_KNOTS('',5,(#782,#783,#784,#785,#786,#787),
  .UNSPECIFIED.,.F.,.F.,(6,6),(0.,1.),.PIECEWISE_BEZIER_KNOTS.);
#782 = CARTESIAN_POINT('',(0.918573885062,-5.1));
#783 = CARTESIAN_POINT('',(0.918573885062,-4.762975335832));
#784 = CARTESIAN_POINT('',(0.918573885062,-3.883888770222));
#785 = CARTESIAN_POINT('',(0.918573885062,-3.142854059808));
#786 = CARTESIAN_POINT('',(0.918573885062,-2.626800705069));
#787 = CARTESIAN_POINT('',(0.918573885062,-1.9));
#788 = ( GEOMETRIC_REPRESENTATION_CONTEXT(2) 
PARAMETRIC_REPRESENTATION_CONTEXT() REPRESENTATION_CONTEXT('2D SPACE',''
  ) );
#789 = PCURVE('',#790,#795);
#790 = PLANE('',#791);
#791 = AXIS2_PLACEMENT_3D('',#792,#793,#794);
#792 = CARTESIAN_POINT('',(11.,-10.53,22.6));
#793 = DIRECTION('',(0.,1.,0.));
#794 = DIRECTION('',(-1.,0.,-1.110223024625E-16));
#795 = DEFINITIONAL_REPRESENTATION('',(#796),#803);
#796 = B_SPLINE_CURVE_WITH_KNOTS('',5,(#797,#798,#799,#800,#801,#802),
  .UNSPECIFIED.,.F.,.F.,(6,6),(0.,1.),.PIECEWISE_BEZIER_KNOTS.);
#797 = CARTESIAN_POINT('',(4.809067572544,-3.2));
#798 = CARTESIAN_POINT('',(4.809067572544,-2.862975335832));
#799 = CARTESIAN_POINT('',(4.809067572544,-1.983888770222));
#800 = CARTESIAN_POINT('',(4.809067572544,-1.242854059808));
#801 = CARTESIAN_POINT('',(4.809067572544,-0.726800705069));
#802 = CARTESIAN_POINT('',(4.809067572544,0.));
#803 = ( GEOMETRIC_REPRESENTATION_CONTEXT(2) 
PARAMETRIC_REPRESENTATION_CONTEXT() REPRESENTATION_CONTEXT('2D SPACE',''
  ) );
#804 = ORIENTED_EDGE('',*,*,#805,.T.);
#805 = EDGE_CURVE('',#769,#806,#808,.T.);
#806 = VERTEX_POINT('',#807);
#807 = CARTESIAN_POINT('',(10.2,-6.,19.4));
#808 = SURFACE_CURVE('',#809,(#833,#860),.PCURVE_S1.);
#809 = B_SPLINE_CURVE_WITH_KNOTS('',8,(#810,#811,#812,#813,#814,#815,
    #816,#817,#818,#819,#820,#821,#822,#823,#824,#825,#826,#827,#828,
    #829,#830,#831,#832),.UNSPECIFIED.,.F.,.F.,(9,7,7,9),(0.,
    0.608126547431,0.761318664773,1.),.UNSPECIFIED.);
#810 = CARTESIAN_POINT('',(6.190932427456,-10.53,19.4));
#811 = CARTESIAN_POINT('',(6.640256989969,-10.33823586325,19.4));
#812 = CARTESIAN_POINT('',(7.079158519069,-10.12573540972,19.4));
#813 = CARTESIAN_POINT('',(7.507127588466,-9.89050498875,19.4));
#814 = CARTESIAN_POINT('',(7.921720930191,-9.630322927412,19.4));
#815 = CARTESIAN_POINT('',(8.318790020117,-9.343027009364,19.4));
#816 = CARTESIAN_POINT('',(8.692280956784,-9.026379189733,19.4));
#817 = CARTESIAN_POINT('',(9.034594897305,-8.678491420769,19.4));
#818 = CARTESIAN_POINT('',(9.411250363727,-8.200356676943,19.4));
#819 = CARTESIAN_POINT('',(9.484345362736,-8.102068914926,19.4));
#820 = CARTESIAN_POINT('',(9.55456364718,-8.001697683307,19.4));
#821 = CARTESIAN_POINT('',(9.621706906204,-7.899251182116,19.4));
#822 = CARTESIAN_POINT('',(9.685564009353,-7.794754001195,19.4));
#823 = CARTESIAN_POINT('',(9.745915187239,-7.688249595778,19.4));
#824 = CARTESIAN_POINT('',(9.802536212221,-7.579802762071,19.4));
#825 = CARTESIAN_POINT('',(9.937259534613,-7.297647929353,19.4));
#826 = CARTESIAN_POINT('',(10.009762314808,-7.121199593404,19.4));
#827 = CARTESIAN_POINT('',(10.071784860051,-6.94061126145,19.4));
#828 = CARTESIAN_POINT('',(10.122471793838,-6.756450286824,19.4));
#829 = CARTESIAN_POINT('',(10.161078714235,-6.569406563087,19.4));
#830 = CARTESIAN_POINT('',(10.187030838377,-6.380305005,19.4));
#831 = CARTESIAN_POINT('',(10.2,-6.190121167121,19.4));
#832 = CARTESIAN_POINT('',(10.2,-6.,19.4));
#833 = PCURVE('',#129,#834);
#834 = DEFINITIONAL_REPRESENTATION('',(#835),#859);
#835 = B_SPLINE_CURVE_WITH_KNOTS('',8,(#836,#837,#838,#839,#840,#841,
    #842,#843,#844,#845,#846,#847,#848,#849,#850,#851,#852,#853,#854,
    #855,#856,#857,#858),.UNSPECIFIED.,.F.,.F.,(9,7,7,9),(0.,
    0.608126547431,0.761318664773,1.),.UNSPECIFIED.);
#836 = CARTESIAN_POINT('',(0.918573885062,-5.1));
#837 = CARTESIAN_POINT('',(0.863144936304,-5.1));
#838 = CARTESIAN_POINT('',(0.806319894191,-5.1));
#839 = CARTESIAN_POINT('',(0.747667712643,-5.1));
#840 = CARTESIAN_POINT('',(0.686823953479,-5.1));
#841 = CARTESIAN_POINT('',(0.623475418447,-5.1));
#842 = CARTESIAN_POINT('',(0.557281290958,-5.1));
#843 = CARTESIAN_POINT('',(0.487899720695,-5.1));
#844 = CARTESIAN_POINT('',(0.39624815289,-5.1));
#845 = CARTESIAN_POINT('',(0.377578904824,-5.1));
#846 = CARTESIAN_POINT('',(0.358679230057,-5.1));
#847 = CARTESIAN_POINT('',(0.339547692262,-5.1));
#848 = CARTESIAN_POINT('',(0.320184930459,-5.1));
#849 = CARTESIAN_POINT('',(0.300593914678,-5.1));
#850 = CARTESIAN_POINT('',(0.280780201606,-5.1));
#851 = CARTESIAN_POINT('',(0.229547500505,-5.1));
#852 = CARTESIAN_POINT('',(0.197805577492,-5.1));
#853 = CARTESIAN_POINT('',(0.165580379082,-5.1));
#854 = CARTESIAN_POINT('',(0.132936911872,-5.1));
#855 = CARTESIAN_POINT('',(9.995247325764E-02,-5.1));
#856 = CARTESIAN_POINT('',(6.672015249315E-02,-5.1));
#857 = CARTESIAN_POINT('',(3.3354590723E-02,-5.1));
#858 = CARTESIAN_POINT('',(0.,-5.1));
#859 = ( GEOMETRIC_REPRESENTATION_CONTEXT(2) 
PARAMETRIC_REPRESENTATION_CONTEXT() REPRESENTATION_CONTEXT('2D SPACE',''
  ) );
#860 = PCURVE('',#861,#866);
#861 = PLANE('',#862);
#862 = AXIS2_PLACEMENT_3D('',#863,#864,#865);
#863 = CARTESIAN_POINT('',(8.,0.,19.4));
#864 = DIRECTION('',(1.110223024625E-16,0.,-1.));
#865 = DIRECTION('',(1.,0.,1.110223024625E-16));
#866 = DEFINITIONAL_REPRESENTATION('',(#867),#891);
#867 = B_SPLINE_CURVE_WITH_KNOTS('',8,(#868,#869,#870,#871,#872,#873,
    #874,#875,#876,#877,#878,#879,#880,#881,#882,#883,#884,#885,#886,
    #887,#888,#889,#890),.UNSPECIFIED.,.F.,.F.,(9,7,7,9),(0.,
    0.608126547431,0.761318664773,1.),.UNSPECIFIED.);
#868 = CARTESIAN_POINT('',(-1.809067572544,10.53));
#869 = CARTESIAN_POINT('',(-1.359743010031,10.338235863251));
#870 = CARTESIAN_POINT('',(-0.920841480931,10.125735409724));
#871 = CARTESIAN_POINT('',(-0.492872411534,9.89050498875));
#872 = CARTESIAN_POINT('',(-7.827906980889E-02,9.630322927412));
#873 = CARTESIAN_POINT('',(0.318790020117,9.343027009364));
#874 = CARTESIAN_POINT('',(0.692280956784,9.026379189733));
#875 = CARTESIAN_POINT('',(1.034594897305,8.678491420769));
#876 = CARTESIAN_POINT('',(1.411250363727,8.200356676943));
#877 = CARTESIAN_POINT('',(1.484345362736,8.102068914926));
#878 = CARTESIAN_POINT('',(1.55456364718,8.001697683307));
#879 = CARTESIAN_POINT('',(1.621706906204,7.899251182116));
#880 = CARTESIAN_POINT('',(1.685564009353,7.794754001195));
#881 = CARTESIAN_POINT('',(1.745915187239,7.688249595778));
#882 = CARTESIAN_POINT('',(1.802536212221,7.579802762071));
#883 = CARTESIAN_POINT('',(1.937259534613,7.297647929353));
#884 = CARTESIAN_POINT('',(2.009762314808,7.121199593404));
#885 = CARTESIAN_POINT('',(2.071784860051,6.94061126145));
#886 = CARTESIAN_POINT('',(2.122471793838,6.756450286824));
#887 = CARTESIAN_POINT('',(2.161078714235,6.569406563087));
#888 = CARTESIAN_POINT('',(2.187030838377,6.380305005));
#889 = CARTESIAN_POINT('',(2.2,6.190121167121));
#890 = CARTESIAN_POINT('',(2.2,6.));
#891 = ( GEOMETRIC_REPRESENTATION_CONTEXT(2) 
PARAMETRIC_REPRESENTATION_CONTEXT() REPRESENTATION_CONTEXT('2D SPACE',''
  ) );
#892 = ORIENTED_EDGE('',*,*,#893,.T.);
#893 = EDGE_CURVE('',#806,#894,#896,.T.);
#894 = VERTEX_POINT('',#895);
#895 = CARTESIAN_POINT('',(10.2,-6.,5.6));
#896 = SURFACE_CURVE('',#897,(#901,#908),.PCURVE_S1.);
#897 = LINE('',#898,#899);
#898 = CARTESIAN_POINT('',(10.2,-6.,24.5));
#899 = VECTOR('',#900,1.);
#900 = DIRECTION('',(1.110223024625E-16,0.,-1.));
#901 = PCURVE('',#129,#902);
#902 = DEFINITIONAL_REPRESENTATION('',(#903),#907);
#903 = LINE('',#904,#905);
#904 = CARTESIAN_POINT('',(0.,0.));
#905 = VECTOR('',#906,1.);
#906 = DIRECTION('',(0.,-1.));
#907 = ( GEOMETRIC_REPRESENTATION_CONTEXT(2) 
PARAMETRIC_REPRESENTATION_CONTEXT() REPRESENTATION_CONTEXT('2D SPACE',''
  ) );
#908 = PCURVE('',#909,#914);
#909 = PLANE('',#910);
#910 = AXIS2_PLACEMENT_3D('',#911,#912,#913);
#911 = CARTESIAN_POINT('',(10.2,6.,24.5));
#912 = DIRECTION('',(-1.,0.,-1.110223024625E-16));
#913 = DIRECTION('',(0.,-1.,0.));
#914 = DEFINITIONAL_REPRESENTATION('',(#915),#919);
#915 = LINE('',#916,#917);
#916 = CARTESIAN_POINT('',(12.,0.));
#917 = VECTOR('',#918,1.);
#918 = DIRECTION('',(0.,-1.));
#919 = ( GEOMETRIC_REPRESENTATION_CONTEXT(2) 
PARAMETRIC_REPRESENTATION_CONTEXT() REPRESENTATION_CONTEXT('2D SPACE',''
  ) );
#920 = ORIENTED_EDGE('',*,*,#921,.F.);
#921 = EDGE_CURVE('',#922,#894,#924,.T.);
#922 = VERTEX_POINT('',#923);
#923 = CARTESIAN_POINT('',(6.190932427456,-10.53,5.6));
#924 = SURFACE_CURVE('',#925,(#949,#976),.PCURVE_S1.);
#925 = B_SPLINE_CURVE_WITH_KNOTS('',8,(#926,#927,#928,#929,#930,#931,
    #932,#933,#934,#935,#936,#937,#938,#939,#940,#941,#942,#943,#944,
    #945,#946,#947,#948),.UNSPECIFIED.,.F.,.F.,(9,7,7,9),(0.,
    0.608126547431,0.761318664773,1.),.UNSPECIFIED.);
#926 = CARTESIAN_POINT('',(6.190932427456,-10.53,5.6));
#927 = CARTESIAN_POINT('',(6.640256989969,-10.33823586325,5.6));
#928 = CARTESIAN_POINT('',(7.079158519069,-10.12573540972,5.6));
#929 = CARTESIAN_POINT('',(7.507127588466,-9.89050498875,5.6));
#930 = CARTESIAN_POINT('',(7.921720930191,-9.630322927412,5.6));
#931 = CARTESIAN_POINT('',(8.318790020117,-9.343027009364,5.6));
#932 = CARTESIAN_POINT('',(8.692280956784,-9.026379189733,5.6));
#933 = CARTESIAN_POINT('',(9.034594897305,-8.678491420769,5.6));
#934 = CARTESIAN_POINT('',(9.411250363727,-8.200356676943,5.6));
#935 = CARTESIAN_POINT('',(9.484345362736,-8.102068914926,5.6));
#936 = CARTESIAN_POINT('',(9.55456364718,-8.001697683307,5.6));
#937 = CARTESIAN_POINT('',(9.621706906204,-7.899251182116,5.6));
#938 = CARTESIAN_POINT('',(9.685564009353,-7.794754001195,5.6));
#939 = CARTESIAN_POINT('',(9.745915187239,-7.688249595778,5.6));
#940 = CARTESIAN_POINT('',(9.802536212221,-7.579802762071,5.6));
#941 = CARTESIAN_POINT('',(9.937259534613,-7.297647929353,5.6));
#942 = CARTESIAN_POINT('',(10.009762314808,-7.121199593404,5.6));
#943 = CARTESIAN_POINT('',(10.071784860051,-6.94061126145,5.6));
#944 = CARTESIAN_POINT('',(10.122471793838,-6.756450286824,5.6));
#945 = CARTESIAN_POINT('',(10.161078714235,-6.569406563087,5.6));
#946 = CARTESIAN_POINT('',(10.187030838377,-6.380305005,5.6));
#947 = CARTESIAN_POINT('',(10.2,-6.190121167121,5.6));
#948 = CARTESIAN_POINT('',(10.2,-6.,5.6));
#949 = PCURVE('',#129,#950);
#950 = DEFINITIONAL_REPRESENTATION('',(#951),#975);
#951 = B_SPLINE_CURVE_WITH_KNOTS('',8,(#952,#953,#954,#955,#956,#957,
    #958,#959,#960,#961,#962,#963,#964,#965,#966,#967,#968,#969,#970,
    #971,#972,#973,#974),.UNSPECIFIED.,.F.,.F.,(9,7,7,9),(0.,
    0.608126547431,0.761318664773,1.),.UNSPECIFIED.);
#952 = CARTESIAN_POINT('',(0.918573885062,-18.9));
#953 = CARTESIAN_POINT('',(0.863144936304,-18.9));
#954 = CARTESIAN_POINT('',(0.806319894191,-18.9));
#955 = CARTESIAN_POINT('',(0.747667712643,-18.9));
#956 = CARTESIAN_POINT('',(0.686823953479,-18.9));
#957 = CARTESIAN_POINT('',(0.623475418447,-18.9));
#958 = CARTESIAN_POINT('',(0.557281290958,-18.9));
#959 = CARTESIAN_POINT('',(0.487899720695,-18.9));
#960 = CARTESIAN_POINT('',(0.39624815289,-18.9));
#961 = CARTESIAN_POINT('',(0.377578904824,-18.9));
#962 = CARTESIAN_POINT('',(0.358679230057,-18.9));
#963 = CARTESIAN_POINT('',(0.339547692262,-18.9));
#964 = CARTESIAN_POINT('',(0.320184930459,-18.9));
#965 = CARTESIAN_POINT('',(0.300593914678,-18.9));
#966 = CARTESIAN_POINT('',(0.280780201606,-18.9));
#967 = CARTESIAN_POINT('',(0.229547500505,-18.9));
#968 = CARTESIAN_POINT('',(0.197805577492,-18.9));
#969 = CARTESIAN_POINT('',(0.165580379082,-18.9));
#970 = CARTESIAN_POINT('',(0.132936911872,-18.9));
#971 = CARTESIAN_POINT('',(9.995247325764E-02,-18.9));
#972 = CARTESIAN_POINT('',(6.672015249315E-02,-18.9));
#973 = CARTESIAN_POINT('',(3.3354590723E-02,-18.9));
#974 = CARTESIAN_POINT('',(0.,-18.9));
#975 = ( GEOMETRIC_REPRESENTATION_CONTEXT(2) 
PARAMETRIC_REPRESENTATION_CONTEXT() REPRESENTATION_CONTEXT('2D SPACE',''
  ) );
#976 = PCURVE('',#977,#982);
#977 = PLANE('',#978);
#978 = AXIS2_PLACEMENT_3D('',#979,#980,#981);
#979 = CARTESIAN_POINT('',(8.,0.,5.6));
#980 = DIRECTION('',(1.110223024625E-16,0.,-1.));
#981 = DIRECTION('',(1.,0.,1.110223024625E-16));
#982 = DEFINITIONAL_REPRESENTATION('',(#983),#1007);
#983 = B_SPLINE_CURVE_WITH_KNOTS('',8,(#984,#985,#986,#987,#988,#989,
    #990,#991,#992,#993,#994,#995,#996,#997,#998,#999,#1000,#1001,#1002,
    #1003,#1004,#1005,#1006),.UNSPECIFIED.,.F.,.F.,(9,7,7,9),(0.,
    0.608126547431,0.761318664773,1.),.UNSPECIFIED.);
#984 = CARTESIAN_POINT('',(-1.809067572544,10.53));
#985 = CARTESIAN_POINT('',(-1.359743010031,10.338235863251));
#986 = CARTESIAN_POINT('',(-0.920841480931,10.125735409724));
#987 = CARTESIAN_POINT('',(-0.492872411534,9.89050498875));
#988 = CARTESIAN_POINT('',(-7.827906980889E-02,9.630322927412));
#989 = CARTESIAN_POINT('',(0.318790020117,9.343027009364));
#990 = CARTESIAN_POINT('',(0.692280956784,9.026379189733));
#991 = CARTESIAN_POINT('',(1.034594897305,8.678491420769));
#992 = CARTESIAN_POINT('',(1.411250363727,8.200356676943));
#993 = CARTESIAN_POINT('',(1.484345362736,8.102068914926));
#994 = CARTESIAN_POINT('',(1.55456364718,8.001697683307));
#995 = CARTESIAN_POINT('',(1.621706906204,7.899251182116));
#996 = CARTESIAN_POINT('',(1.685564009353,7.794754001195));
#997 = CARTESIAN_POINT('',(1.745915187239,7.688249595778));
#998 = CARTESIAN_POINT('',(1.802536212221,7.579802762071));
#999 = CARTESIAN_POINT('',(1.937259534613,7.297647929353));
#1000 = CARTESIAN_POINT('',(2.009762314808,7.121199593404));
#1001 = CARTESIAN_POINT('',(2.071784860051,6.94061126145));
#1002 = CARTESIAN_POINT('',(2.122471793838,6.756450286824));
#1003 = CARTESIAN_POINT('',(2.161078714235,6.569406563087));
#1004 = CARTESIAN_POINT('',(2.187030838377,6.380305005));
#1005 = CARTESIAN_POINT('',(2.2,6.190121167121));
#1006 = CARTESIAN_POINT('',(2.2,6.));
#1007 = ( GEOMETRIC_REPRESENTATION_CONTEXT(2) 
PARAMETRIC_REPRESENTATION_CONTEXT() REPRESENTATION_CONTEXT('2D SPACE',''
  ) );
#1008 = ORIENTED_EDGE('',*,*,#1009,.F.);
#1009 = EDGE_CURVE('',#1010,#922,#1012,.T.);
#1010 = VERTEX_POINT('',#1011);
#1011 = CARTESIAN_POINT('',(6.190932427456,-10.53,2.4));
#1012 = SURFACE_CURVE('',#1013,(#1020,#1030),.PCURVE_S1.);
#1013 = B_SPLINE_CURVE_WITH_KNOTS('',5,(#1014,#1015,#1016,#1017,#1018,
    #1019),.UNSPECIFIED.,.F.,.F.,(6,6),(0.,1.),
  .PIECEWISE_BEZIER_KNOTS.);
#1014 = CARTESIAN_POINT('',(6.190932427456,-10.53,2.4));
#1015 = CARTESIAN_POINT('',(6.190932427456,-10.53,3.004575136939));
#1016 = CARTESIAN_POINT('',(6.190932427456,-10.53,3.632603755795));
#1017 = CARTESIAN_POINT('',(6.190932427456,-10.53,4.377333058319));
#1018 = CARTESIAN_POINT('',(6.190932427456,-10.53,5.138901211237));
#1019 = CARTESIAN_POINT('',(6.190932427456,-10.53,5.6));
#1020 = PCURVE('',#129,#1021);
#1021 = DEFINITIONAL_REPRESENTATION('',(#1022),#1029);
#1022 = B_SPLINE_CURVE_WITH_KNOTS('',5,(#1023,#1024,#1025,#1026,#1027,
    #1028),.UNSPECIFIED.,.F.,.F.,(6,6),(0.,1.),
  .PIECEWISE_BEZIER_KNOTS.);
#1023 = CARTESIAN_POINT('',(0.918573885062,-22.1));
#1024 = CARTESIAN_POINT('',(0.918573885062,-21.49542486306));
#1025 = CARTESIAN_POINT('',(0.918573885062,-20.8673962442));
#1026 = CARTESIAN_POINT('',(0.918573885062,-20.12266694168));
#1027 = CARTESIAN_POINT('',(0.918573885062,-19.36109878876));
#1028 = CARTESIAN_POINT('',(0.918573885062,-18.9));
#1029 = ( GEOMETRIC_REPRESENTATION_CONTEXT(2) 
PARAMETRIC_REPRESENTATION_CONTEXT() REPRESENTATION_CONTEXT('2D SPACE',''
  ) );
#1030 = PCURVE('',#1031,#1036);
#1031 = PLANE('',#1032);
#1032 = AXIS2_PLACEMENT_3D('',#1033,#1034,#1035);
#1033 = CARTESIAN_POINT('',(11.,-10.53,5.6));
#1034 = DIRECTION('',(0.,1.,0.));
#1035 = DIRECTION('',(-1.,0.,-1.110223024625E-16));
#1036 = DEFINITIONAL_REPRESENTATION('',(#1037),#1044);
#1037 = B_SPLINE_CURVE_WITH_KNOTS('',5,(#1038,#1039,#1040,#1041,#1042,
    #1043),.UNSPECIFIED.,.F.,.F.,(6,6),(0.,1.),
  .PIECEWISE_BEZIER_KNOTS.);
#1038 = CARTESIAN_POINT('',(4.809067572544,-3.2));
#1039 = CARTESIAN_POINT('',(4.809067572544,-2.595424863061));
#1040 = CARTESIAN_POINT('',(4.809067572544,-1.967396244205));
#1041 = CARTESIAN_POINT('',(4.809067572544,-1.222666941681));
#1042 = CARTESIAN_POINT('',(4.809067572544,-0.461098788763));
#1043 = CARTESIAN_POINT('',(4.809067572544,0.));
#1044 = ( GEOMETRIC_REPRESENTATION_CONTEXT(2) 
PARAMETRIC_REPRESENTATION_CONTEXT() REPRESENTATION_CONTEXT('2D SPACE',''
  ) );
#1045 = ORIENTED_EDGE('',*,*,#1046,.T.);
#1046 = EDGE_CURVE('',#1010,#1047,#1049,.T.);
#1047 = VERTEX_POINT('',#1048);
#1048 = CARTESIAN_POINT('',(10.2,-6.,2.4));
#1049 = SURFACE_CURVE('',#1050,(#1074,#1101),.PCURVE_S1.);
#1050 = B_SPLINE_CURVE_WITH_KNOTS('',8,(#1051,#1052,#1053,#1054,#1055,
    #1056,#1057,#1058,#1059,#1060,#1061,#1062,#1063,#1064,#1065,#1066,
    #1067,#1068,#1069,#1070,#1071,#1072,#1073),.UNSPECIFIED.,.F.,.F.,(9,
    7,7,9),(0.,0.608126547431,0.761318664773,1.),.UNSPECIFIED.);
#1051 = CARTESIAN_POINT('',(6.190932427456,-10.53,2.4));
#1052 = CARTESIAN_POINT('',(6.640256989969,-10.33823586325,2.4));
#1053 = CARTESIAN_POINT('',(7.079158519069,-10.12573540972,2.4));
#1054 = CARTESIAN_POINT('',(7.507127588466,-9.89050498875,2.4));
#1055 = CARTESIAN_POINT('',(7.921720930191,-9.630322927412,2.4));
#1056 = CARTESIAN_POINT('',(8.318790020117,-9.343027009364,2.4));
#1057 = CARTESIAN_POINT('',(8.692280956784,-9.026379189733,2.4));
#1058 = CARTESIAN_POINT('',(9.034594897305,-8.678491420769,2.4));
#1059 = CARTESIAN_POINT('',(9.411250363727,-8.200356676943,2.4));
#1060 = CARTESIAN_POINT('',(9.484345362736,-8.102068914926,2.4));
#1061 = CARTESIAN_POINT('',(9.55456364718,-8.001697683307,2.4));
#1062 = CARTESIAN_POINT('',(9.621706906204,-7.899251182116,2.4));
#1063 = CARTESIAN_POINT('',(9.685564009353,-7.794754001195,2.4));
#1064 = CARTESIAN_POINT('',(9.745915187239,-7.688249595778,2.4));
#1065 = CARTESIAN_POINT('',(9.802536212221,-7.579802762071,2.4));
#1066 = CARTESIAN_POINT('',(9.937259534613,-7.297647929353,2.4));
#1067 = CARTESIAN_POINT('',(10.009762314808,-7.121199593404,2.4));
#1068 = CARTESIAN_POINT('',(10.071784860051,-6.94061126145,2.4));
#1069 = CARTESIAN_POINT('',(10.122471793838,-6.756450286824,2.4));
#1070 = CARTESIAN_POINT('',(10.161078714235,-6.569406563087,2.4));
#1071 = CARTESIAN_POINT('',(10.187030838377,-6.380305005,2.4));
#1072 = CARTESIAN_POINT('',(10.2,-6.190121167121,2.4));
#1073 = CARTESIAN_POINT('',(10.2,-6.,2.4));
#1074 = PCURVE('',#129,#1075);
#1075 = DEFINITIONAL_REPRESENTATION('',(#1076),#1100);
#1076 = B_SPLINE_CURVE_WITH_KNOTS('',8,(#1077,#1078,#1079,#1080,#1081,
    #1082,#1083,#1084,#1085,#1086,#1087,#1088,#1089,#1090,#1091,#1092,
    #1093,#1094,#1095,#1096,#1097,#1098,#1099),.UNSPECIFIED.,.F.,.F.,(9,
    7,7,9),(0.,0.608126547431,0.761318664773,1.),.UNSPECIFIED.);
#1077 = CARTESIAN_POINT('',(0.918573885062,-22.1));
#1078 = CARTESIAN_POINT('',(0.863144936304,-22.1));
#1079 = CARTESIAN_POINT('',(0.806319894191,-22.1));
#1080 = CARTESIAN_POINT('',(0.747667712643,-22.1));
#1081 = CARTESIAN_POINT('',(0.686823953479,-22.1));
#1082 = CARTESIAN_POINT('',(0.623475418447,-22.1));
#1083 = CARTESIAN_POINT('',(0.557281290958,-22.1));
#1084 = CARTESIAN_POINT('',(0.487899720695,-22.1));
#1085 = CARTESIAN_POINT('',(0.39624815289,-22.1));
#1086 = CARTESIAN_POINT('',(0.377578904824,-22.1));
#1087 = CARTESIAN_POINT('',(0.358679230057,-22.1));
#1088 = CARTESIAN_POINT('',(0.339547692262,-22.1));
#1089 = CARTESIAN_POINT('',(0.320184930459,-22.1));
#1090 = CARTESIAN_POINT('',(0.300593914678,-22.1));
#1091 = CARTESIAN_POINT('',(0.280780201606,-22.1));
#1092 = CARTESIAN_POINT('',(0.229547500505,-22.1));
#1093 = CARTESIAN_POINT('',(0.197805577492,-22.1));
#1094 = CARTESIAN_POINT('',(0.165580379082,-22.1));
#1095 = CARTESIAN_POINT('',(0.132936911872,-22.1));
#1096 = CARTESIAN_POINT('',(9.995247325764E-02,-22.1));
#1097 = CARTESIAN_POINT('',(6.672015249315E-02,-22.1));
#1098 = CARTESIAN_POINT('',(3.3354590723E-02,-22.1));
#1099 = CARTESIAN_POINT('',(0.,-22.1));
#1100 = ( GEOMETRIC_REPRESENTATION_CONTEXT(2) 
PARAMETRIC_REPRESENTATION_CONTEXT() REPRESENTATION_CONTEXT('2D SPACE',''
  ) );
#1101 = PCURVE('',#1102,#1107);
#1102 = PLANE('',#1103);
#1103 = AXIS2_PLACEMENT_3D('',#1104,#1105,#1106);
#1104 = CARTESIAN_POINT('',(8.,0.,2.4));
#1105 = DIRECTION('',(1.110223024625E-16,0.,-1.));
#1106 = DIRECTION('',(1.,0.,1.110223024625E-16));
#1107 = DEFINITIONAL_REPRESENTATION('',(#1108),#1132);
#1108 = B_SPLINE_CURVE_WITH_KNOTS('',8,(#1109,#1110,#1111,#1112,#1113,
    #1114,#1115,#1116,#1117,#1118,#1119,#1120,#1121,#1122,#1123,#1124,
    #1125,#1126,#1127,#1128,#1129,#1130,#1131),.UNSPECIFIED.,.F.,.F.,(9,
    7,7,9),(0.,0.608126547431,0.761318664773,1.),.UNSPECIFIED.);
#1109 = CARTESIAN_POINT('',(-1.809067572544,10.53));
#1110 = CARTESIAN_POINT('',(-1.359743010031,10.338235863251));
#1111 = CARTESIAN_POINT('',(-0.920841480931,10.125735409724));
#1112 = CARTESIAN_POINT('',(-0.492872411534,9.89050498875));
#1113 = CARTESIAN_POINT('',(-7.827906980889E-02,9.630322927412));
#1114 = CARTESIAN_POINT('',(0.318790020117,9.343027009364));
#1115 = CARTESIAN_POINT('',(0.692280956784,9.026379189733));
#1116 = CARTESIAN_POINT('',(1.034594897305,8.678491420769));
#1117 = CARTESIAN_POINT('',(1.411250363727,8.200356676943));
#1118 = CARTESIAN_POINT('',(1.484345362736,8.102068914926));
#1119 = CARTESIAN_POINT('',(1.55456364718,8.001697683307));
#1120 = CARTESIAN_POINT('',(1.621706906204,7.899251182116));
#1121 = CARTESIAN_POINT('',(1.685564009353,7.794754001195));
#1122 = CARTESIAN_POINT('',(1.745915187239,7.688249595778));
#1123 = CARTESIAN_POINT('',(1.802536212221,7.579802762071));
#1124 = CARTESIAN_POINT('',(1.937259534613,7.297647929353));
#1125 = CARTESIAN_POINT('',(2.009762314808,7.121199593404));
#1126 = CARTESIAN_POINT('',(2.071784860051,6.94061126145));
#1127 = CARTESIAN_POINT('',(2.122471793838,6.756450286824));
#1128 = CARTESIAN_POINT('',(2.161078714235,6.569406563087));
#1129 = CARTESIAN_POINT('',(2.187030838377,6.380305005));
#1130 = CARTESIAN_POINT('',(2.2,6.190121167121));
#1131 = CARTESIAN_POINT('',(2.2,6.));
#1132 = ( GEOMETRIC_REPRESENTATION_CONTEXT(2) 
PARAMETRIC_REPRESENTATION_CONTEXT() REPRESENTATION_CONTEXT('2D SPACE',''
  ) );
#1133 = ORIENTED_EDGE('',*,*,#1134,.T.);
#1134 = EDGE_CURVE('',#1047,#1135,#1137,.T.);
#1135 = VERTEX_POINT('',#1136);
#1136 = CARTESIAN_POINT('',(10.2,-6.,0.5));
#1137 = SURFACE_CURVE('',#1138,(#1142,#1149),.PCURVE_S1.);
#1138 = LINE('',#1139,#1140);
#1139 = CARTESIAN_POINT('',(10.2,-6.,24.5));
#1140 = VECTOR('',#1141,1.);
#1141 = DIRECTION('',(1.110223024625E-16,0.,-1.));
#1142 = PCURVE('',#129,#1143);
#1143 = DEFINITIONAL_REPRESENTATION('',(#1144),#1148);
#1144 = LINE('',#1145,#1146);
#1145 = CARTESIAN_POINT('',(0.,0.));
#1146 = VECTOR('',#1147,1.);
#1147 = DIRECTION('',(0.,-1.));
#1148 = ( GEOMETRIC_REPRESENTATION_CONTEXT(2) 
PARAMETRIC_REPRESENTATION_CONTEXT() REPRESENTATION_CONTEXT('2D SPACE',''
  ) );
#1149 = PCURVE('',#1150,#1155);
#1150 = PLANE('',#1151);
#1151 = AXIS2_PLACEMENT_3D('',#1152,#1153,#1154);
#1152 = CARTESIAN_POINT('',(10.2,6.,24.5));
#1153 = DIRECTION('',(-1.,0.,-1.110223024625E-16));
#1154 = DIRECTION('',(0.,-1.,0.));
#1155 = DEFINITIONAL_REPRESENTATION('',(#1156),#1160);
#1156 = LINE('',#1157,#1158);
#1157 = CARTESIAN_POINT('',(12.,0.));
#1158 = VECTOR('',#1159,1.);
#1159 = DIRECTION('',(0.,-1.));
#1160 = ( GEOMETRIC_REPRESENTATION_CONTEXT(2) 
PARAMETRIC_REPRESENTATION_CONTEXT() REPRESENTATION_CONTEXT('2D SPACE',''
  ) );
#1161 = ORIENTED_EDGE('',*,*,#1162,.T.);
#1162 = EDGE_CURVE('',#1135,#1163,#1165,.T.);
#1163 = VERTEX_POINT('',#1164);
#1164 = CARTESIAN_POINT('',(4.440892098501E-15,-11.7,0.5));
#1165 = SURFACE_CURVE('',#1166,(#1171,#1178),.PCURVE_S1.);
#1166 = ELLIPSE('',#1167,10.2,5.7);
#1167 = AXIS2_PLACEMENT_3D('',#1168,#1169,#1170);
#1168 = CARTESIAN_POINT('',(2.6645352591E-15,-6.,0.5));
#1169 = DIRECTION('',(1.110223024625E-16,0.,-1.));
#1170 = DIRECTION('',(1.,1.110223024625E-16,1.110223024625E-16));
#1171 = PCURVE('',#129,#1172);
#1172 = DEFINITIONAL_REPRESENTATION('',(#1173),#1177);
#1173 = LINE('',#1174,#1175);
#1174 = CARTESIAN_POINT('',(0.,-24.));
#1175 = VECTOR('',#1176,1.);
#1176 = DIRECTION('',(1.,0.));
#1177 = ( GEOMETRIC_REPRESENTATION_CONTEXT(2) 
PARAMETRIC_REPRESENTATION_CONTEXT() REPRESENTATION_CONTEXT('2D SPACE',''
  ) );
#1178 = PCURVE('',#1179,#1184);
#1179 = PLANE('',#1180);
#1180 = AXIS2_PLACEMENT_3D('',#1181,#1182,#1183);
#1181 = CARTESIAN_POINT('',(2.139110388363E-15,1.098615638815E-15,0.5));
#1182 = DIRECTION('',(1.110223024625E-16,0.,-1.));
#1183 = DIRECTION('',(1.,0.,1.110223024625E-16));
#1184 = DEFINITIONAL_REPRESENTATION('',(#1185),#1189);
#1185 = ELLIPSE('',#1186,10.2,5.7);
#1186 = AXIS2_PLACEMENT_2D('',#1187,#1188);
#1187 = CARTESIAN_POINT('',(5.254248707375E-16,6.));
#1188 = DIRECTION('',(1.,-1.110223024625E-16));
#1189 = ( GEOMETRIC_REPRESENTATION_CONTEXT(2) 
PARAMETRIC_REPRESENTATION_CONTEXT() REPRESENTATION_CONTEXT('2D SPACE',''
  ) );
#1190 = ORIENTED_EDGE('',*,*,#1191,.F.);
#1191 = EDGE_CURVE('',#1192,#1163,#1194,.T.);
#1192 = VERTEX_POINT('',#1193);
#1193 = CARTESIAN_POINT('',(3.330669073875E-15,-11.7,2.5));
#1194 = SURFACE_CURVE('',#1195,(#1199,#1206),.PCURVE_S1.);
#1195 = LINE('',#1196,#1197);
#1196 = CARTESIAN_POINT('',(1.7763568394E-15,-11.7,24.5));
#1197 = VECTOR('',#1198,1.);
#1198 = DIRECTION('',(1.110223024625E-16,0.,-1.));
#1199 = PCURVE('',#129,#1200);
#1200 = DEFINITIONAL_REPRESENTATION('',(#1201),#1205);
#1201 = LINE('',#1202,#1203);
#1202 = CARTESIAN_POINT('',(1.570796326795,0.));
#1203 = VECTOR('',#1204,1.);
#1204 = DIRECTION('',(0.,-1.));
#1205 = ( GEOMETRIC_REPRESENTATION_CONTEXT(2) 
PARAMETRIC_REPRESENTATION_CONTEXT() REPRESENTATION_CONTEXT('2D SPACE',''
  ) );
#1206 = PCURVE('',#240,#1207);
#1207 = DEFINITIONAL_REPRESENTATION('',(#1208),#1212);
#1208 = LINE('',#1209,#1210);
#1209 = CARTESIAN_POINT('',(72.,60.3));
#1210 = VECTOR('',#1211,1.);
#1211 = DIRECTION('',(1.,0.));
#1212 = ( GEOMETRIC_REPRESENTATION_CONTEXT(2) 
PARAMETRIC_REPRESENTATION_CONTEXT() REPRESENTATION_CONTEXT('2D SPACE',''
  ) );
#1213 = ORIENTED_EDGE('',*,*,#1214,.T.);
#1214 = EDGE_CURVE('',#1192,#1215,#1217,.T.);
#1215 = VERTEX_POINT('',#1216);
#1216 = CARTESIAN_POINT('',(1.553422912019,-11.63350876556,2.5));
#1217 = SURFACE_CURVE('',#1218,(#1226,#1237),.PCURVE_S1.);
#1218 = B_SPLINE_CURVE_WITH_KNOTS('',6,(#1219,#1220,#1221,#1222,#1223,
    #1224,#1225),.UNSPECIFIED.,.F.,.F.,(7,7),(0.,1.),
  .PIECEWISE_BEZIER_KNOTS.);
#1219 = CARTESIAN_POINT('',(3.699887645777E-15,-11.7,2.5));
#1220 = CARTESIAN_POINT('',(0.502423205248,-11.7,2.5));
#1221 = CARTESIAN_POINT('',(1.004817997588,-11.6834042037,2.5));
#1222 = CARTESIAN_POINT('',(1.506543443286,-11.65021685048,2.5));
#1223 = CARTESIAN_POINT('',(2.006872801256,-11.60021808213,2.5));
#1224 = CARTESIAN_POINT('',(2.504995225642,-11.53300860039,2.5));
#1225 = CARTESIAN_POINT('',(3.,-11.44788457722,2.5));
#1226 = PCURVE('',#129,#1227);
#1227 = DEFINITIONAL_REPRESENTATION('',(#1228),#1236);
#1228 = B_SPLINE_CURVE_WITH_KNOTS('',6,(#1229,#1230,#1231,#1232,#1233,
    #1234,#1235),.UNSPECIFIED.,.F.,.F.,(7,7),(0.,1.),
  .PIECEWISE_BEZIER_KNOTS.);
#1229 = CARTESIAN_POINT('',(1.570796326795,-22.));
#1230 = CARTESIAN_POINT('',(1.52153914981,-22.));
#1231 = CARTESIAN_POINT('',(1.472284747414,-22.));
#1232 = CARTESIAN_POINT('',(1.422880949013,-22.));
#1233 = CARTESIAN_POINT('',(1.373183447859,-22.));
#1234 = CARTESIAN_POINT('',(1.323039837087,-22.));
#1235 = CARTESIAN_POINT('',(1.272264107032,-22.));
#1236 = ( GEOMETRIC_REPRESENTATION_CONTEXT(2) 
PARAMETRIC_REPRESENTATION_CONTEXT() REPRESENTATION_CONTEXT('2D SPACE',''
  ) );
#1237 = PCURVE('',#1238,#1243);
#1238 = PLANE('',#1239);
#1239 = AXIS2_PLACEMENT_3D('',#1240,#1241,#1242);
#1240 = CARTESIAN_POINT('',(2.547932663017E-15,-14.2,2.5));
#1241 = DIRECTION('',(1.110223024625E-16,0.,-1.));
#1242 = DIRECTION('',(1.,0.,1.110223024625E-16));
#1243 = DEFINITIONAL_REPRESENTATION('',(#1244),#1252);
#1244 = B_SPLINE_CURVE_WITH_KNOTS('',6,(#1245,#1246,#1247,#1248,#1249,
    #1250,#1251),.UNSPECIFIED.,.F.,.F.,(7,7),(0.,1.),
  .PIECEWISE_BEZIER_KNOTS.);
#1245 = CARTESIAN_POINT('',(1.15195498276E-15,-2.5));
#1246 = CARTESIAN_POINT('',(0.502423205248,-2.5));
#1247 = CARTESIAN_POINT('',(1.004817997588,-2.516595796294));
#1248 = CARTESIAN_POINT('',(1.506543443286,-2.54978314952));
#1249 = CARTESIAN_POINT('',(2.006872801256,-2.599781917868));
#1250 = CARTESIAN_POINT('',(2.504995225642,-2.666991399601));
#1251 = CARTESIAN_POINT('',(3.,-2.752115422774));
#1252 = ( GEOMETRIC_REPRESENTATION_CONTEXT(2) 
PARAMETRIC_REPRESENTATION_CONTEXT() REPRESENTATION_CONTEXT('2D SPACE',''
  ) );
#1253 = ORIENTED_EDGE('',*,*,#1254,.T.);
#1254 = EDGE_CURVE('',#1215,#1255,#1257,.T.);
#1255 = VERTEX_POINT('',#1256);
#1256 = CARTESIAN_POINT('',(1.553422912019,-11.63350876556,6.1));
#1257 = SURFACE_CURVE('',#1258,(#1265,#1275),.PCURVE_S1.);
#1258 = B_SPLINE_CURVE_WITH_KNOTS('',5,(#1259,#1260,#1261,#1262,#1263,
    #1264),.UNSPECIFIED.,.F.,.F.,(6,6),(0.,1.),
  .PIECEWISE_BEZIER_KNOTS.);
#1259 = CARTESIAN_POINT('',(1.553422912019,-11.63350876556,2.4999994));
#1260 = CARTESIAN_POINT('',(1.553422912019,-11.63350876556,
    3.009730335462));
#1261 = CARTESIAN_POINT('',(1.553422912019,-11.63350876556,
    3.899935834376));
#1262 = CARTESIAN_POINT('',(1.553422912019,-11.63350876556,
    4.683022011615));
#1263 = CARTESIAN_POINT('',(1.553422912019,-11.63350876556,
    5.299514384135));
#1264 = CARTESIAN_POINT('',(1.553422912019,-11.63350876556,6.1000006));
#1265 = PCURVE('',#129,#1266);
#1266 = DEFINITIONAL_REPRESENTATION('',(#1267),#1274);
#1267 = B_SPLINE_CURVE_WITH_KNOTS('',5,(#1268,#1269,#1270,#1271,#1272,
    #1273),.UNSPECIFIED.,.F.,.F.,(6,6),(0.,1.),
  .PIECEWISE_BEZIER_KNOTS.);
#1268 = CARTESIAN_POINT('',(1.417905000248,-22.0000006));
#1269 = CARTESIAN_POINT('',(1.417905000248,-21.49026966453));
#1270 = CARTESIAN_POINT('',(1.417905000248,-20.60006416562));
#1271 = CARTESIAN_POINT('',(1.417905000248,-19.81697798838));
#1272 = CARTESIAN_POINT('',(1.417905000248,-19.20048561586));
#1273 = CARTESIAN_POINT('',(1.417905000248,-18.3999994));
#1274 = ( GEOMETRIC_REPRESENTATION_CONTEXT(2) 
PARAMETRIC_REPRESENTATION_CONTEXT() REPRESENTATION_CONTEXT('2D SPACE',''
  ) );
#1275 = PCURVE('',#1276,#1281);
#1276 = CYLINDRICAL_SURFACE('',#1277,3.);
#1277 = AXIS2_PLACEMENT_3D('',#1278,#1279,#1280);
#1278 = CARTESIAN_POINT('',(2.04281036531E-15,-14.2,6.1));
#1279 = DIRECTION('',(-1.110223024625E-16,-0.,1.));
#1280 = DIRECTION('',(0.,1.,0.));
#1281 = DEFINITIONAL_REPRESENTATION('',(#1282),#1289);
#1282 = B_SPLINE_CURVE_WITH_KNOTS('',5,(#1283,#1284,#1285,#1286,#1287,
    #1288),.UNSPECIFIED.,.F.,.F.,(6,6),(0.,1.),
  .PIECEWISE_BEZIER_KNOTS.);
#1283 = CARTESIAN_POINT('',(-0.54428628032,-3.6000006));
#1284 = CARTESIAN_POINT('',(-0.54428628032,-3.090269664538));
#1285 = CARTESIAN_POINT('',(-0.54428628032,-2.200064165624));
#1286 = CARTESIAN_POINT('',(-0.54428628032,-1.416977988385));
#1287 = CARTESIAN_POINT('',(-0.54428628032,-0.800485615865));
#1288 = CARTESIAN_POINT('',(-0.54428628032,5.999999999062E-07));
#1289 = ( GEOMETRIC_REPRESENTATION_CONTEXT(2) 
PARAMETRIC_REPRESENTATION_CONTEXT() REPRESENTATION_CONTEXT('2D SPACE',''
  ) );
#1290 = ORIENTED_EDGE('',*,*,#1291,.F.);
#1291 = EDGE_CURVE('',#1292,#1255,#1294,.T.);
#1292 = VERTEX_POINT('',#1293);
#1293 = CARTESIAN_POINT('',(2.93098878501E-15,-11.7,6.1));
#1294 = SURFACE_CURVE('',#1295,(#1303,#1314),.PCURVE_S1.);
#1295 = B_SPLINE_CURVE_WITH_KNOTS('',6,(#1296,#1297,#1298,#1299,#1300,
    #1301,#1302),.UNSPECIFIED.,.F.,.F.,(7,7),(0.,1.),
  .PIECEWISE_BEZIER_KNOTS.);
#1296 = CARTESIAN_POINT('',(3.300207356912E-15,-11.7,6.1));
#1297 = CARTESIAN_POINT('',(0.502423205248,-11.7,6.1));
#1298 = CARTESIAN_POINT('',(1.004817997588,-11.6834042037,6.1));
#1299 = CARTESIAN_POINT('',(1.506543443286,-11.65021685048,6.1));
#1300 = CARTESIAN_POINT('',(2.006872801256,-11.60021808213,6.1));
#1301 = CARTESIAN_POINT('',(2.504995225642,-11.53300860039,6.1));
#1302 = CARTESIAN_POINT('',(3.,-11.44788457722,6.1));
#1303 = PCURVE('',#129,#1304);
#1304 = DEFINITIONAL_REPRESENTATION('',(#1305),#1313);
#1305 = B_SPLINE_CURVE_WITH_KNOTS('',6,(#1306,#1307,#1308,#1309,#1310,
    #1311,#1312),.UNSPECIFIED.,.F.,.F.,(7,7),(0.,1.),
  .PIECEWISE_BEZIER_KNOTS.);
#1306 = CARTESIAN_POINT('',(1.570796326795,-18.4));
#1307 = CARTESIAN_POINT('',(1.52153914981,-18.4));
#1308 = CARTESIAN_POINT('',(1.472284747414,-18.4));
#1309 = CARTESIAN_POINT('',(1.422880949013,-18.4));
#1310 = CARTESIAN_POINT('',(1.373183447859,-18.4));
#1311 = CARTESIAN_POINT('',(1.323039837087,-18.4));
#1312 = CARTESIAN_POINT('',(1.272264107032,-18.4));
#1313 = ( GEOMETRIC_REPRESENTATION_CONTEXT(2) 
PARAMETRIC_REPRESENTATION_CONTEXT() REPRESENTATION_CONTEXT('2D SPACE',''
  ) );
#1314 = PCURVE('',#1315,#1320);
#1315 = PLANE('',#1316);
#1316 = AXIS2_PLACEMENT_3D('',#1317,#1318,#1319);
#1317 = CARTESIAN_POINT('',(2.148252374152E-15,-14.2,6.1));
#1318 = DIRECTION('',(1.110223024625E-16,0.,-1.));
#1319 = DIRECTION('',(1.,0.,1.110223024625E-16));
#1320 = DEFINITIONAL_REPRESENTATION('',(#1321),#1329);
#1321 = B_SPLINE_CURVE_WITH_KNOTS('',6,(#1322,#1323,#1324,#1325,#1326,
    #1327,#1328),.UNSPECIFIED.,.F.,.F.,(7,7),(0.,1.),
  .PIECEWISE_BEZIER_KNOTS.);
#1322 = CARTESIAN_POINT('',(1.15195498276E-15,-2.5));
#1323 = CARTESIAN_POINT('',(0.502423205248,-2.5));
#1324 = CARTESIAN_POINT('',(1.004817997588,-2.516595796294));
#1325 = CARTESIAN_POINT('',(1.506543443286,-2.54978314952));
#1326 = CARTESIAN_POINT('',(2.006872801256,-2.599781917868));
#1327 = CARTESIAN_POINT('',(2.504995225642,-2.666991399601));
#1328 = CARTESIAN_POINT('',(3.,-2.752115422774));
#1329 = ( GEOMETRIC_REPRESENTATION_CONTEXT(2) 
PARAMETRIC_REPRESENTATION_CONTEXT() REPRESENTATION_CONTEXT('2D SPACE',''
  ) );
#1330 = ORIENTED_EDGE('',*,*,#1331,.F.);
#1331 = EDGE_CURVE('',#1332,#1292,#1334,.T.);
#1332 = VERTEX_POINT('',#1333);
#1333 = CARTESIAN_POINT('',(2.420286193683E-15,-11.7,10.7));
#1334 = SURFACE_CURVE('',#1335,(#1339,#1346),.PCURVE_S1.);
#1335 = LINE('',#1336,#1337);
#1336 = CARTESIAN_POINT('',(1.7763568394E-15,-11.7,24.5));
#1337 = VECTOR('',#1338,1.);
#1338 = DIRECTION('',(1.110223024625E-16,0.,-1.));
#1339 = PCURVE('',#129,#1340);
#1340 = DEFINITIONAL_REPRESENTATION('',(#1341),#1345);
#1341 = LINE('',#1342,#1343);
#1342 = CARTESIAN_POINT('',(1.570796326795,0.));
#1343 = VECTOR('',#1344,1.);
#1344 = DIRECTION('',(0.,-1.));
#1345 = ( GEOMETRIC_REPRESENTATION_CONTEXT(2) 
PARAMETRIC_REPRESENTATION_CONTEXT() REPRESENTATION_CONTEXT('2D SPACE',''
  ) );
#1346 = PCURVE('',#240,#1347);
#1347 = DEFINITIONAL_REPRESENTATION('',(#1348),#1352);
#1348 = LINE('',#1349,#1350);
#1349 = CARTESIAN_POINT('',(72.,60.3));
#1350 = VECTOR('',#1351,1.);
#1351 = DIRECTION('',(1.,0.));
#1352 = ( GEOMETRIC_REPRESENTATION_CONTEXT(2) 
PARAMETRIC_REPRESENTATION_CONTEXT() REPRESENTATION_CONTEXT('2D SPACE',''
  ) );
#1353 = ORIENTED_EDGE('',*,*,#1354,.T.);
#1354 = EDGE_CURVE('',#1332,#1355,#1357,.T.);
#1355 = VERTEX_POINT('',#1356);
#1356 = CARTESIAN_POINT('',(1.553422912019,-11.63350876556,10.7));
#1357 = SURFACE_CURVE('',#1358,(#1366,#1377),.PCURVE_S1.);
#1358 = B_SPLINE_CURVE_WITH_KNOTS('',6,(#1359,#1360,#1361,#1362,#1363,
    #1364,#1365),.UNSPECIFIED.,.F.,.F.,(7,7),(0.,1.),
  .PIECEWISE_BEZIER_KNOTS.);
#1359 = CARTESIAN_POINT('',(2.789504765584E-15,-11.7,10.7));
#1360 = CARTESIAN_POINT('',(0.502423205248,-11.7,10.7));
#1361 = CARTESIAN_POINT('',(1.004817997588,-11.6834042037,10.7));
#1362 = CARTESIAN_POINT('',(1.506543443286,-11.65021685048,10.7));
#1363 = CARTESIAN_POINT('',(2.006872801256,-11.60021808213,10.7));
#1364 = CARTESIAN_POINT('',(2.504995225642,-11.53300860039,10.7));
#1365 = CARTESIAN_POINT('',(3.,-11.44788457722,10.7));
#1366 = PCURVE('',#129,#1367);
#1367 = DEFINITIONAL_REPRESENTATION('',(#1368),#1376);
#1368 = B_SPLINE_CURVE_WITH_KNOTS('',6,(#1369,#1370,#1371,#1372,#1373,
    #1374,#1375),.UNSPECIFIED.,.F.,.F.,(7,7),(0.,1.),
  .PIECEWISE_BEZIER_KNOTS.);
#1369 = CARTESIAN_POINT('',(1.570796326795,-13.8));
#1370 = CARTESIAN_POINT('',(1.52153914981,-13.8));
#1371 = CARTESIAN_POINT('',(1.472284747414,-13.8));
#1372 = CARTESIAN_POINT('',(1.422880949013,-13.8));
#1373 = CARTESIAN_POINT('',(1.373183447859,-13.8));
#1374 = CARTESIAN_POINT('',(1.323039837087,-13.8));
#1375 = CARTESIAN_POINT('',(1.272264107032,-13.8));
#1376 = ( GEOMETRIC_REPRESENTATION_CONTEXT(2) 
PARAMETRIC_REPRESENTATION_CONTEXT() REPRESENTATION_CONTEXT('2D SPACE',''
  ) );
#1377 = PCURVE('',#1378,#1383);
#1378 = PLANE('',#1379);
#1379 = AXIS2_PLACEMENT_3D('',#1380,#1381,#1382);
#1380 = CARTESIAN_POINT('',(1.637549782825E-15,-14.2,10.7));
#1381 = DIRECTION('',(1.110223024625E-16,0.,-1.));
#1382 = DIRECTION('',(1.,0.,1.110223024625E-16));
#1383 = DEFINITIONAL_REPRESENTATION('',(#1384),#1392);
#1384 = B_SPLINE_CURVE_WITH_KNOTS('',6,(#1385,#1386,#1387,#1388,#1389,
    #1390,#1391),.UNSPECIFIED.,.F.,.F.,(7,7),(0.,1.),
  .PIECEWISE_BEZIER_KNOTS.);
#1385 = CARTESIAN_POINT('',(1.15195498276E-15,-2.5));
#1386 = CARTESIAN_POINT('',(0.502423205248,-2.5));
#1387 = CARTESIAN_POINT('',(1.004817997588,-2.516595796294));
#1388 = CARTESIAN_POINT('',(1.506543443286,-2.54978314952));
#1389 = CARTESIAN_POINT('',(2.006872801256,-2.599781917868));
#1390 = CARTESIAN_POINT('',(2.504995225642,-2.666991399601));
#1391 = CARTESIAN_POINT('',(3.,-2.752115422774));
#1392 = ( GEOMETRIC_REPRESENTATION_CONTEXT(2) 
PARAMETRIC_REPRESENTATION_CONTEXT() REPRESENTATION_CONTEXT('2D SPACE',''
  ) );
#1393 = ORIENTED_EDGE('',*,*,#1394,.T.);
#1394 = EDGE_CURVE('',#1355,#1395,#1397,.T.);
#1395 = VERTEX_POINT('',#1396);
#1396 = CARTESIAN_POINT('',(1.553422912019,-11.63350876556,14.3));
#1397 = SURFACE_CURVE('',#1398,(#1405,#1415),.PCURVE_S1.);
#1398 = B_SPLINE_CURVE_WITH_KNOTS('',5,(#1399,#1400,#1401,#1402,#1403,
    #1404),.UNSPECIFIED.,.F.,.F.,(6,6),(0.,1.),
  .PIECEWISE_BEZIER_KNOTS.);
#1399 = CARTESIAN_POINT('',(1.553422912019,-11.63350876556,10.6999994));
#1400 = CARTESIAN_POINT('',(1.553422912019,-11.63350876556,
    10.925193195744));
#1401 = CARTESIAN_POINT('',(1.553422912019,-11.63350876556,
    11.976976614513));
#1402 = CARTESIAN_POINT('',(1.553422912019,-11.63350876556,
    12.910410229984));
#1403 = CARTESIAN_POINT('',(1.553422912019,-11.63350876556,
    13.518375244174));
#1404 = CARTESIAN_POINT('',(1.553422912019,-11.63350876556,14.3000006));
#1405 = PCURVE('',#129,#1406);
#1406 = DEFINITIONAL_REPRESENTATION('',(#1407),#1414);
#1407 = B_SPLINE_CURVE_WITH_KNOTS('',5,(#1408,#1409,#1410,#1411,#1412,
    #1413),.UNSPECIFIED.,.F.,.F.,(6,6),(0.,1.),
  .PIECEWISE_BEZIER_KNOTS.);
#1408 = CARTESIAN_POINT('',(1.417905000248,-13.8000006));
#1409 = CARTESIAN_POINT('',(1.417905000248,-13.57480680425));
#1410 = CARTESIAN_POINT('',(1.417905000248,-12.52302338548));
#1411 = CARTESIAN_POINT('',(1.417905000248,-11.58958977001));
#1412 = CARTESIAN_POINT('',(1.417905000248,-10.98162475582));
#1413 = CARTESIAN_POINT('',(1.417905000248,-10.1999994));
#1414 = ( GEOMETRIC_REPRESENTATION_CONTEXT(2) 
PARAMETRIC_REPRESENTATION_CONTEXT() REPRESENTATION_CONTEXT('2D SPACE',''
  ) );
#1415 = PCURVE('',#1416,#1421);
#1416 = CYLINDRICAL_SURFACE('',#1417,3.);
#1417 = AXIS2_PLACEMENT_3D('',#1418,#1419,#1420);
#1418 = CARTESIAN_POINT('',(1.132427485118E-15,-14.2,14.3));
#1419 = DIRECTION('',(-1.110223024625E-16,-0.,1.));
#1420 = DIRECTION('',(0.,1.,0.));
#1421 = DEFINITIONAL_REPRESENTATION('',(#1422),#1429);
#1422 = B_SPLINE_CURVE_WITH_KNOTS('',5,(#1423,#1424,#1425,#1426,#1427,
    #1428),.UNSPECIFIED.,.F.,.F.,(6,6),(0.,1.),
  .PIECEWISE_BEZIER_KNOTS.);
#1423 = CARTESIAN_POINT('',(-0.54428628032,-3.6000006));
#1424 = CARTESIAN_POINT('',(-0.54428628032,-3.374806804256));
#1425 = CARTESIAN_POINT('',(-0.54428628032,-2.323023385487));
#1426 = CARTESIAN_POINT('',(-0.54428628032,-1.389589770016));
#1427 = CARTESIAN_POINT('',(-0.54428628032,-0.781624755826));
#1428 = CARTESIAN_POINT('',(-0.54428628032,5.999999999062E-07));
#1429 = ( GEOMETRIC_REPRESENTATION_CONTEXT(2) 
PARAMETRIC_REPRESENTATION_CONTEXT() REPRESENTATION_CONTEXT('2D SPACE',''
  ) );
#1430 = ORIENTED_EDGE('',*,*,#1431,.F.);
#1431 = EDGE_CURVE('',#1432,#1395,#1434,.T.);
#1432 = VERTEX_POINT('',#1433);
#1433 = CARTESIAN_POINT('',(2.020605904818E-15,-11.7,14.3));
#1434 = SURFACE_CURVE('',#1435,(#1443,#1454),.PCURVE_S1.);
#1435 = B_SPLINE_CURVE_WITH_KNOTS('',6,(#1436,#1437,#1438,#1439,#1440,
    #1441,#1442),.UNSPECIFIED.,.F.,.F.,(7,7),(0.,1.),
  .PIECEWISE_BEZIER_KNOTS.);
#1436 = CARTESIAN_POINT('',(2.389824476719E-15,-11.7,14.3));
#1437 = CARTESIAN_POINT('',(0.502423205248,-11.7,14.3));
#1438 = CARTESIAN_POINT('',(1.004817997588,-11.6834042037,14.3));
#1439 = CARTESIAN_POINT('',(1.506543443286,-11.65021685048,14.3));
#1440 = CARTESIAN_POINT('',(2.006872801256,-11.60021808213,14.3));
#1441 = CARTESIAN_POINT('',(2.504995225642,-11.53300860039,14.3));
#1442 = CARTESIAN_POINT('',(3.,-11.44788457722,14.3));
#1443 = PCURVE('',#129,#1444);
#1444 = DEFINITIONAL_REPRESENTATION('',(#1445),#1453);
#1445 = B_SPLINE_CURVE_WITH_KNOTS('',6,(#1446,#1447,#1448,#1449,#1450,
    #1451,#1452),.UNSPECIFIED.,.F.,.F.,(7,7),(0.,1.),
  .PIECEWISE_BEZIER_KNOTS.);
#1446 = CARTESIAN_POINT('',(1.570796326795,-10.2));
#1447 = CARTESIAN_POINT('',(1.52153914981,-10.2));
#1448 = CARTESIAN_POINT('',(1.472284747414,-10.2));
#1449 = CARTESIAN_POINT('',(1.422880949013,-10.2));
#1450 = CARTESIAN_POINT('',(1.373183447859,-10.2));
#1451 = CARTESIAN_POINT('',(1.323039837087,-10.2));
#1452 = CARTESIAN_POINT('',(1.272264107032,-10.2));
#1453 = ( GEOMETRIC_REPRESENTATION_CONTEXT(2) 
PARAMETRIC_REPRESENTATION_CONTEXT() REPRESENTATION_CONTEXT('2D SPACE',''
  ) );
#1454 = PCURVE('',#1455,#1460);
#1455 = PLANE('',#1456);
#1456 = AXIS2_PLACEMENT_3D('',#1457,#1458,#1459);
#1457 = CARTESIAN_POINT('',(1.237869493959E-15,-14.2,14.3));
#1458 = DIRECTION('',(1.110223024625E-16,0.,-1.));
#1459 = DIRECTION('',(1.,0.,1.110223024625E-16));
#1460 = DEFINITIONAL_REPRESENTATION('',(#1461),#1469);
#1461 = B_SPLINE_CURVE_WITH_KNOTS('',6,(#1462,#1463,#1464,#1465,#1466,
    #1467,#1468),.UNSPECIFIED.,.F.,.F.,(7,7),(0.,1.),
  .PIECEWISE_BEZIER_KNOTS.);
#1462 = CARTESIAN_POINT('',(1.15195498276E-15,-2.5));
#1463 = CARTESIAN_POINT('',(0.502423205248,-2.5));
#1464 = CARTESIAN_POINT('',(1.004817997588,-2.516595796294));
#1465 = CARTESIAN_POINT('',(1.506543443286,-2.54978314952));
#1466 = CARTESIAN_POINT('',(2.006872801256,-2.599781917868));
#1467 = CARTESIAN_POINT('',(2.504995225642,-2.666991399601));
#1468 = CARTESIAN_POINT('',(3.,-2.752115422774));
#1469 = ( GEOMETRIC_REPRESENTATION_CONTEXT(2) 
PARAMETRIC_REPRESENTATION_CONTEXT() REPRESENTATION_CONTEXT('2D SPACE',''
  ) );
#1470 = ORIENTED_EDGE('',*,*,#1471,.F.);
#1471 = EDGE_CURVE('',#1472,#1432,#1474,.T.);
#1472 = VERTEX_POINT('',#1473);
#1473 = CARTESIAN_POINT('',(1.50990331349E-15,-11.7,18.9));
#1474 = SURFACE_CURVE('',#1475,(#1479,#1486),.PCURVE_S1.);
#1475 = LINE('',#1476,#1477);
#1476 = CARTESIAN_POINT('',(1.7763568394E-15,-11.7,24.5));
#1477 = VECTOR('',#1478,1.);
#1478 = DIRECTION('',(1.110223024625E-16,0.,-1.));
#1479 = PCURVE('',#129,#1480);
#1480 = DEFINITIONAL_REPRESENTATION('',(#1481),#1485);
#1481 = LINE('',#1482,#1483);
#1482 = CARTESIAN_POINT('',(1.570796326795,0.));
#1483 = VECTOR('',#1484,1.);
#1484 = DIRECTION('',(0.,-1.));
#1485 = ( GEOMETRIC_REPRESENTATION_CONTEXT(2) 
PARAMETRIC_REPRESENTATION_CONTEXT() REPRESENTATION_CONTEXT('2D SPACE',''
  ) );
#1486 = PCURVE('',#240,#1487);
#1487 = DEFINITIONAL_REPRESENTATION('',(#1488),#1492);
#1488 = LINE('',#1489,#1490);
#1489 = CARTESIAN_POINT('',(72.,60.3));
#1490 = VECTOR('',#1491,1.);
#1491 = DIRECTION('',(1.,0.));
#1492 = ( GEOMETRIC_REPRESENTATION_CONTEXT(2) 
PARAMETRIC_REPRESENTATION_CONTEXT() REPRESENTATION_CONTEXT('2D SPACE',''
  ) );
#1493 = ORIENTED_EDGE('',*,*,#1494,.T.);
#1494 = EDGE_CURVE('',#1472,#1495,#1497,.T.);
#1495 = VERTEX_POINT('',#1496);
#1496 = CARTESIAN_POINT('',(1.553422912019,-11.63350876556,18.9));
#1497 = SURFACE_CURVE('',#1498,(#1506,#1517),.PCURVE_S1.);
#1498 = B_SPLINE_CURVE_WITH_KNOTS('',6,(#1499,#1500,#1501,#1502,#1503,
    #1504,#1505),.UNSPECIFIED.,.F.,.F.,(7,7),(0.,1.),
  .PIECEWISE_BEZIER_KNOTS.);
#1499 = CARTESIAN_POINT('',(1.879121885392E-15,-11.7,18.9));
#1500 = CARTESIAN_POINT('',(0.502423205248,-11.7,18.9));
#1501 = CARTESIAN_POINT('',(1.004817997588,-11.6834042037,18.9));
#1502 = CARTESIAN_POINT('',(1.506543443286,-11.65021685048,18.9));
#1503 = CARTESIAN_POINT('',(2.006872801256,-11.60021808213,18.9));
#1504 = CARTESIAN_POINT('',(2.504995225642,-11.53300860039,18.9));
#1505 = CARTESIAN_POINT('',(3.,-11.44788457722,18.9));
#1506 = PCURVE('',#129,#1507);
#1507 = DEFINITIONAL_REPRESENTATION('',(#1508),#1516);
#1508 = B_SPLINE_CURVE_WITH_KNOTS('',6,(#1509,#1510,#1511,#1512,#1513,
    #1514,#1515),.UNSPECIFIED.,.F.,.F.,(7,7),(0.,1.),
  .PIECEWISE_BEZIER_KNOTS.);
#1509 = CARTESIAN_POINT('',(1.570796326795,-5.6));
#1510 = CARTESIAN_POINT('',(1.52153914981,-5.6));
#1511 = CARTESIAN_POINT('',(1.472284747414,-5.6));
#1512 = CARTESIAN_POINT('',(1.422880949013,-5.6));
#1513 = CARTESIAN_POINT('',(1.373183447859,-5.6));
#1514 = CARTESIAN_POINT('',(1.323039837087,-5.6));
#1515 = CARTESIAN_POINT('',(1.272264107032,-5.6));
#1516 = ( GEOMETRIC_REPRESENTATION_CONTEXT(2) 
PARAMETRIC_REPRESENTATION_CONTEXT() REPRESENTATION_CONTEXT('2D SPACE',''
  ) );
#1517 = PCURVE('',#1518,#1523);
#1518 = PLANE('',#1519);
#1519 = AXIS2_PLACEMENT_3D('',#1520,#1521,#1522);
#1520 = CARTESIAN_POINT('',(7.271669026319E-16,-14.2,18.9));
#1521 = DIRECTION('',(1.110223024625E-16,0.,-1.));
#1522 = DIRECTION('',(1.,0.,1.110223024625E-16));
#1523 = DEFINITIONAL_REPRESENTATION('',(#1524),#1532);
#1524 = B_SPLINE_CURVE_WITH_KNOTS('',6,(#1525,#1526,#1527,#1528,#1529,
    #1530,#1531),.UNSPECIFIED.,.F.,.F.,(7,7),(0.,1.),
  .PIECEWISE_BEZIER_KNOTS.);
#1525 = CARTESIAN_POINT('',(1.15195498276E-15,-2.5));
#1526 = CARTESIAN_POINT('',(0.502423205248,-2.5));
#1527 = CARTESIAN_POINT('',(1.004817997588,-2.516595796294));
#1528 = CARTESIAN_POINT('',(1.506543443286,-2.54978314952));
#1529 = CARTESIAN_POINT('',(2.006872801256,-2.599781917868));
#1530 = CARTESIAN_POINT('',(2.504995225642,-2.666991399601));
#1531 = CARTESIAN_POINT('',(3.,-2.752115422774));
#1532 = ( GEOMETRIC_REPRESENTATION_CONTEXT(2) 
PARAMETRIC_REPRESENTATION_CONTEXT() REPRESENTATION_CONTEXT('2D SPACE',''
  ) );
#1533 = ORIENTED_EDGE('',*,*,#1534,.T.);
#1534 = EDGE_CURVE('',#1495,#1535,#1537,.T.);
#1535 = VERTEX_POINT('',#1536);
#1536 = CARTESIAN_POINT('',(1.553422912019,-11.63350876556,22.5));
#1537 = SURFACE_CURVE('',#1538,(#1544,#1553),.PCURVE_S1.);
#1538 = B_SPLINE_CURVE_WITH_KNOTS('',4,(#1539,#1540,#1541,#1542,#1543),
  .UNSPECIFIED.,.F.,.F.,(5,5),(0.,1.),.PIECEWISE_BEZIER_KNOTS.);
#1539 = CARTESIAN_POINT('',(1.553422912019,-11.63350876556,18.8999994));
#1540 = CARTESIAN_POINT('',(1.553422912019,-11.63350876556,19.7999997));
#1541 = CARTESIAN_POINT('',(1.553422912019,-11.63350876556,20.7));
#1542 = CARTESIAN_POINT('',(1.553422912019,-11.63350876556,21.6000003));
#1543 = CARTESIAN_POINT('',(1.553422912019,-11.63350876556,22.5000006));
#1544 = PCURVE('',#129,#1545);
#1545 = DEFINITIONAL_REPRESENTATION('',(#1546),#1552);
#1546 = B_SPLINE_CURVE_WITH_KNOTS('',4,(#1547,#1548,#1549,#1550,#1551),
  .UNSPECIFIED.,.F.,.F.,(5,5),(0.,1.),.PIECEWISE_BEZIER_KNOTS.);
#1547 = CARTESIAN_POINT('',(1.417905000248,-5.6000006));
#1548 = CARTESIAN_POINT('',(1.417905000248,-4.7000003));
#1549 = CARTESIAN_POINT('',(1.417905000248,-3.8));
#1550 = CARTESIAN_POINT('',(1.417905000248,-2.8999997));
#1551 = CARTESIAN_POINT('',(1.417905000248,-1.9999994));
#1552 = ( GEOMETRIC_REPRESENTATION_CONTEXT(2) 
PARAMETRIC_REPRESENTATION_CONTEXT() REPRESENTATION_CONTEXT('2D SPACE',''
  ) );
#1553 = PCURVE('',#1554,#1559);
#1554 = CYLINDRICAL_SURFACE('',#1555,3.);
#1555 = AXIS2_PLACEMENT_3D('',#1556,#1557,#1558);
#1556 = CARTESIAN_POINT('',(2.22044604925E-16,-14.2,22.5));
#1557 = DIRECTION('',(-1.110223024625E-16,-0.,1.));
#1558 = DIRECTION('',(0.,1.,0.));
#1559 = DEFINITIONAL_REPRESENTATION('',(#1560),#1566);
#1560 = B_SPLINE_CURVE_WITH_KNOTS('',4,(#1561,#1562,#1563,#1564,#1565),
  .UNSPECIFIED.,.F.,.F.,(5,5),(0.,1.),.PIECEWISE_BEZIER_KNOTS.);
#1561 = CARTESIAN_POINT('',(-0.54428628032,-3.6000006));
#1562 = CARTESIAN_POINT('',(-0.54428628032,-2.7000003));
#1563 = CARTESIAN_POINT('',(-0.54428628032,-1.8));
#1564 = CARTESIAN_POINT('',(-0.54428628032,-0.8999997));
#1565 = CARTESIAN_POINT('',(-0.54428628032,5.999999999062E-07));
#1566 = ( GEOMETRIC_REPRESENTATION_CONTEXT(2) 
PARAMETRIC_REPRESENTATION_CONTEXT() REPRESENTATION_CONTEXT('2D SPACE',''
  ) );
#1567 = ORIENTED_EDGE('',*,*,#1568,.F.);
#1568 = EDGE_CURVE('',#1569,#1535,#1571,.T.);
#1569 = VERTEX_POINT('',#1570);
#1570 = CARTESIAN_POINT('',(1.110223024625E-15,-11.7,22.5));
#1571 = SURFACE_CURVE('',#1572,(#1580,#1591),.PCURVE_S1.);
#1572 = B_SPLINE_CURVE_WITH_KNOTS('',6,(#1573,#1574,#1575,#1576,#1577,
    #1578,#1579),.UNSPECIFIED.,.F.,.F.,(7,7),(0.,1.),
  .PIECEWISE_BEZIER_KNOTS.);
#1573 = CARTESIAN_POINT('',(1.479441596527E-15,-11.7,22.5));
#1574 = CARTESIAN_POINT('',(0.502423205248,-11.7,22.5));
#1575 = CARTESIAN_POINT('',(1.004817997588,-11.6834042037,22.5));
#1576 = CARTESIAN_POINT('',(1.506543443286,-11.65021685048,22.5));
#1577 = CARTESIAN_POINT('',(2.006872801256,-11.60021808213,22.5));
#1578 = CARTESIAN_POINT('',(2.504995225642,-11.53300860039,22.5));
#1579 = CARTESIAN_POINT('',(3.,-11.44788457722,22.5));
#1580 = PCURVE('',#129,#1581);
#1581 = DEFINITIONAL_REPRESENTATION('',(#1582),#1590);
#1582 = B_SPLINE_CURVE_WITH_KNOTS('',6,(#1583,#1584,#1585,#1586,#1587,
    #1588,#1589),.UNSPECIFIED.,.F.,.F.,(7,7),(0.,1.),
  .PIECEWISE_BEZIER_KNOTS.);
#1583 = CARTESIAN_POINT('',(1.570796326795,-2.));
#1584 = CARTESIAN_POINT('',(1.52153914981,-2.));
#1585 = CARTESIAN_POINT('',(1.472284747414,-2.));
#1586 = CARTESIAN_POINT('',(1.422880949013,-2.));
#1587 = CARTESIAN_POINT('',(1.373183447859,-2.));
#1588 = CARTESIAN_POINT('',(1.323039837087,-2.));
#1589 = CARTESIAN_POINT('',(1.272264107032,-2.));
#1590 = ( GEOMETRIC_REPRESENTATION_CONTEXT(2) 
PARAMETRIC_REPRESENTATION_CONTEXT() REPRESENTATION_CONTEXT('2D SPACE',''
  ) );
#1591 = PCURVE('',#1592,#1597);
#1592 = PLANE('',#1593);
#1593 = AXIS2_PLACEMENT_3D('',#1594,#1595,#1596);
#1594 = CARTESIAN_POINT('',(3.274866137669E-16,-14.2,22.5));
#1595 = DIRECTION('',(1.110223024625E-16,0.,-1.));
#1596 = DIRECTION('',(1.,0.,1.110223024625E-16));
#1597 = DEFINITIONAL_REPRESENTATION('',(#1598),#1606);
#1598 = B_SPLINE_CURVE_WITH_KNOTS('',6,(#1599,#1600,#1601,#1602,#1603,
    #1604,#1605),.UNSPECIFIED.,.F.,.F.,(7,7),(0.,1.),
  .PIECEWISE_BEZIER_KNOTS.);
#1599 = CARTESIAN_POINT('',(1.15195498276E-15,-2.5));
#1600 = CARTESIAN_POINT('',(0.502423205248,-2.5));
#1601 = CARTESIAN_POINT('',(1.004817997588,-2.516595796294));
#1602 = CARTESIAN_POINT('',(1.506543443286,-2.54978314952));
#1603 = CARTESIAN_POINT('',(2.006872801256,-2.599781917868));
#1604 = CARTESIAN_POINT('',(2.504995225642,-2.666991399601));
#1605 = CARTESIAN_POINT('',(3.,-2.752115422774));
#1606 = ( GEOMETRIC_REPRESENTATION_CONTEXT(2) 
PARAMETRIC_REPRESENTATION_CONTEXT() REPRESENTATION_CONTEXT('2D SPACE',''
  ) );
#1607 = ORIENTED_EDGE('',*,*,#1608,.F.);
#1608 = EDGE_CURVE('',#201,#1569,#1609,.T.);
#1609 = SURFACE_CURVE('',#1610,(#1614,#1621),.PCURVE_S1.);
#1610 = LINE('',#1611,#1612);
#1611 = CARTESIAN_POINT('',(1.7763568394E-15,-11.7,24.5));
#1612 = VECTOR('',#1613,1.);
#1613 = DIRECTION('',(1.110223024625E-16,0.,-1.));
#1614 = PCURVE('',#129,#1615);
#1615 = DEFINITIONAL_REPRESENTATION('',(#1616),#1620);
#1616 = LINE('',#1617,#1618);
#1617 = CARTESIAN_POINT('',(1.570796326795,0.));
#1618 = VECTOR('',#1619,1.);
#1619 = DIRECTION('',(0.,-1.));
#1620 = ( GEOMETRIC_REPRESENTATION_CONTEXT(2) 
PARAMETRIC_REPRESENTATION_CONTEXT() REPRESENTATION_CONTEXT('2D SPACE',''
  ) );
#1621 = PCURVE('',#240,#1622);
#1622 = DEFINITIONAL_REPRESENTATION('',(#1623),#1627);
#1623 = LINE('',#1624,#1625);
#1624 = CARTESIAN_POINT('',(72.,60.3));
#1625 = VECTOR('',#1626,1.);
#1626 = DIRECTION('',(1.,0.));
#1627 = ( GEOMETRIC_REPRESENTATION_CONTEXT(2) 
PARAMETRIC_REPRESENTATION_CONTEXT() REPRESENTATION_CONTEXT('2D SPACE',''
  ) );
#1628 = ADVANCED_FACE('',(#1629),#103,.T.);
#1629 = FACE_BOUND('',#1630,.T.);
#1630 = EDGE_LOOP('',(#1631,#1654,#1682,#1762,#1785,#1808,#1831,#1854,
    #1877,#1972,#2000,#2028,#2109,#2110));
#1631 = ORIENTED_EDGE('',*,*,#1632,.T.);
#1632 = EDGE_CURVE('',#686,#1633,#1635,.T.);
#1633 = VERTEX_POINT('',#1634);
#1634 = CARTESIAN_POINT('',(5.,-10.53,22.6));
#1635 = SURFACE_CURVE('',#1636,(#1640,#1647),.PCURVE_S1.);
#1636 = LINE('',#1637,#1638);
#1637 = CARTESIAN_POINT('',(11.,-10.53,22.6));
#1638 = VECTOR('',#1639,1.);
#1639 = DIRECTION('',(-1.,0.,-1.110223024625E-16));
#1640 = PCURVE('',#103,#1641);
#1641 = DEFINITIONAL_REPRESENTATION('',(#1642),#1646);
#1642 = LINE('',#1643,#1644);
#1643 = CARTESIAN_POINT('',(3.,10.53));
#1644 = VECTOR('',#1645,1.);
#1645 = DIRECTION('',(-1.,-0.));
#1646 = ( GEOMETRIC_REPRESENTATION_CONTEXT(2) 
PARAMETRIC_REPRESENTATION_CONTEXT() REPRESENTATION_CONTEXT('2D SPACE',''
  ) );
#1647 = PCURVE('',#790,#1648);
#1648 = DEFINITIONAL_REPRESENTATION('',(#1649),#1653);
#1649 = LINE('',#1650,#1651);
#1650 = CARTESIAN_POINT('',(0.,0.));
#1651 = VECTOR('',#1652,1.);
#1652 = DIRECTION('',(1.,0.));
#1653 = ( GEOMETRIC_REPRESENTATION_CONTEXT(2) 
PARAMETRIC_REPRESENTATION_CONTEXT() REPRESENTATION_CONTEXT('2D SPACE',''
  ) );
#1654 = ORIENTED_EDGE('',*,*,#1655,.T.);
#1655 = EDGE_CURVE('',#1633,#1656,#1658,.T.);
#1656 = VERTEX_POINT('',#1657);
#1657 = CARTESIAN_POINT('',(5.,-8.732186624299,22.6));
#1658 = SURFACE_CURVE('',#1659,(#1663,#1670),.PCURVE_S1.);
#1659 = LINE('',#1660,#1661);
#1660 = CARTESIAN_POINT('',(5.,-10.53,22.6));
#1661 = VECTOR('',#1662,1.);
#1662 = DIRECTION('',(0.,1.,0.));
#1663 = PCURVE('',#103,#1664);
#1664 = DEFINITIONAL_REPRESENTATION('',(#1665),#1669);
#1665 = LINE('',#1666,#1667);
#1666 = CARTESIAN_POINT('',(-3.,10.53));
#1667 = VECTOR('',#1668,1.);
#1668 = DIRECTION('',(0.,-1.));
#1669 = ( GEOMETRIC_REPRESENTATION_CONTEXT(2) 
PARAMETRIC_REPRESENTATION_CONTEXT() REPRESENTATION_CONTEXT('2D SPACE',''
  ) );
#1670 = PCURVE('',#1671,#1676);
#1671 = PLANE('',#1672);
#1672 = AXIS2_PLACEMENT_3D('',#1673,#1674,#1675);
#1673 = CARTESIAN_POINT('',(5.,-10.53,22.6));
#1674 = DIRECTION('',(1.,0.,1.110223024625E-16));
#1675 = DIRECTION('',(0.,1.,0.));
#1676 = DEFINITIONAL_REPRESENTATION('',(#1677),#1681);
#1677 = LINE('',#1678,#1679);
#1678 = CARTESIAN_POINT('',(0.,0.));
#1679 = VECTOR('',#1680,1.);
#1680 = DIRECTION('',(1.,0.));
#1681 = ( GEOMETRIC_REPRESENTATION_CONTEXT(2) 
PARAMETRIC_REPRESENTATION_CONTEXT() REPRESENTATION_CONTEXT('2D SPACE',''
  ) );
#1682 = ORIENTED_EDGE('',*,*,#1683,.T.);
#1683 = EDGE_CURVE('',#1656,#1684,#1686,.T.);
#1684 = VERTEX_POINT('',#1685);
#1685 = CARTESIAN_POINT('',(8.,-6.,22.6));
#1686 = SURFACE_CURVE('',#1687,(#1710,#1736),.PCURVE_S1.);
#1687 = B_SPLINE_CURVE_WITH_KNOTS('',6,(#1688,#1689,#1690,#1691,#1692,
    #1693,#1694,#1695,#1696,#1697,#1698,#1699,#1700,#1701,#1702,#1703,
    #1704,#1705,#1706,#1707,#1708,#1709),.UNSPECIFIED.,.F.,.F.,(7,5,5,5,
    7),(0.,0.337782905588,0.620842547573,0.792498210746,1.),
  .UNSPECIFIED.);
#1688 = CARTESIAN_POINT('',(5.,-8.732186624299,22.6));
#1689 = CARTESIAN_POINT('',(5.230932522389,-8.65129550266,22.6));
#1690 = CARTESIAN_POINT('',(5.459389177269,-8.563913746089,22.6));
#1691 = CARTESIAN_POINT('',(5.684992151005,-8.469493739306,22.6));
#1692 = CARTESIAN_POINT('',(5.907085334031,-8.367366206713,22.6));
#1693 = CARTESIAN_POINT('',(6.124742967621,-8.256753479127,22.6));
#1694 = CARTESIAN_POINT('',(6.514158403062,-8.035684169582,22.6));
#1695 = CARTESIAN_POINT('',(6.687509620489,-7.928177565889,22.6));
#1696 = CARTESIAN_POINT('',(6.856012684967,-7.813208735281,22.6));
#1697 = CARTESIAN_POINT('',(7.018412164347,-7.68997405562,22.6));
#1698 = CARTESIAN_POINT('',(7.172897506504,-7.55766596154,22.6));
#1699 = CARTESIAN_POINT('',(7.404158703416,-7.328808616925,22.6));
#1700 = CARTESIAN_POINT('',(7.487541173801,-7.238727148118,22.6));
#1701 = CARTESIAN_POINT('',(7.566417728696,-7.144733091486,22.6));
#1702 = CARTESIAN_POINT('',(7.639980951399,-7.046682538392,22.6));
#1703 = CARTESIAN_POINT('',(7.707229917929,-6.944535177464,22.6));
#1704 = CARTESIAN_POINT('',(7.839409870243,-6.710158571663,22.6));
#1705 = CARTESIAN_POINT('',(7.901008356469,-6.575954294845,22.6));
#1706 = CARTESIAN_POINT('',(7.949674433473,-6.436404061581,22.6));
#1707 = CARTESIAN_POINT('',(7.983235323564,-6.292599967653,22.6));
#1708 = CARTESIAN_POINT('',(8.,-6.146259140703,22.6));
#1709 = CARTESIAN_POINT('',(8.,-6.,22.6));
#1710 = PCURVE('',#103,#1711);
#1711 = DEFINITIONAL_REPRESENTATION('',(#1712),#1735);
#1712 = B_SPLINE_CURVE_WITH_KNOTS('',6,(#1713,#1714,#1715,#1716,#1717,
    #1718,#1719,#1720,#1721,#1722,#1723,#1724,#1725,#1726,#1727,#1728,
    #1729,#1730,#1731,#1732,#1733,#1734),.UNSPECIFIED.,.F.,.F.,(7,5,5,5,
    7),(0.,0.337782905588,0.620842547573,0.792498210746,1.),
  .UNSPECIFIED.);
#1713 = CARTESIAN_POINT('',(-3.,8.732186624299));
#1714 = CARTESIAN_POINT('',(-2.769067477611,8.65129550266));
#1715 = CARTESIAN_POINT('',(-2.540610822731,8.563913746089));
#1716 = CARTESIAN_POINT('',(-2.315007848995,8.469493739306));
#1717 = CARTESIAN_POINT('',(-2.092914665969,8.367366206713));
#1718 = CARTESIAN_POINT('',(-1.875257032379,8.256753479127));
#1719 = CARTESIAN_POINT('',(-1.485841596938,8.035684169582));
#1720 = CARTESIAN_POINT('',(-1.312490379511,7.928177565889));
#1721 = CARTESIAN_POINT('',(-1.143987315033,7.813208735281));
#1722 = CARTESIAN_POINT('',(-0.981587835653,7.68997405562));
#1723 = CARTESIAN_POINT('',(-0.827102493496,7.55766596154));
#1724 = CARTESIAN_POINT('',(-0.595841296584,7.328808616925));
#1725 = CARTESIAN_POINT('',(-0.512458826199,7.238727148118));
#1726 = CARTESIAN_POINT('',(-0.433582271304,7.144733091486));
#1727 = CARTESIAN_POINT('',(-0.360019048601,7.046682538392));
#1728 = CARTESIAN_POINT('',(-0.292770082071,6.944535177464));
#1729 = CARTESIAN_POINT('',(-0.160590129757,6.710158571663));
#1730 = CARTESIAN_POINT('',(-9.899164353072E-02,6.575954294845));
#1731 = CARTESIAN_POINT('',(-5.032556652749E-02,6.436404061581));
#1732 = CARTESIAN_POINT('',(-1.676467643584E-02,6.292599967653));
#1733 = CARTESIAN_POINT('',(0.,6.146259140703));
#1734 = CARTESIAN_POINT('',(0.,6.));
#1735 = ( GEOMETRIC_REPRESENTATION_CONTEXT(2) 
PARAMETRIC_REPRESENTATION_CONTEXT() REPRESENTATION_CONTEXT('2D SPACE',''
  ) );
#1736 = PCURVE('',#338,#1737);
#1737 = DEFINITIONAL_REPRESENTATION('',(#1738),#1761);
#1738 = B_SPLINE_CURVE_WITH_KNOTS('',6,(#1739,#1740,#1741,#1742,#1743,
    #1744,#1745,#1746,#1747,#1748,#1749,#1750,#1751,#1752,#1753,#1754,
    #1755,#1756,#1757,#1758,#1759,#1760),.UNSPECIFIED.,.F.,.F.,(7,5,5,5,
    7),(0.,0.337782905588,0.620842547573,0.792498210746,1.),
  .UNSPECIFIED.);
#1739 = CARTESIAN_POINT('',(0.895664793858,-3.9));
#1740 = CARTESIAN_POINT('',(0.858685995394,-3.9));
#1741 = CARTESIAN_POINT('',(0.820789651891,-3.9));
#1742 = CARTESIAN_POINT('',(0.781824438509,-3.9));
#1743 = CARTESIAN_POINT('',(0.741619289198,-3.9));
#1744 = CARTESIAN_POINT('',(0.699978844848,-3.9));
#1745 = CARTESIAN_POINT('',(0.620235725643,-3.9));
#1746 = CARTESIAN_POINT('',(0.582678894165,-3.9));
#1747 = CARTESIAN_POINT('',(0.543717291512,-3.9));
#1748 = CARTESIAN_POINT('',(0.503147676005,-3.9));
#1749 = CARTESIAN_POINT('',(0.460765185155,-3.9));
#1750 = CARTESIAN_POINT('',(0.389272400469,-3.9));
#1751 = CARTESIAN_POINT('',(0.361518255953,-3.9));
#1752 = CARTESIAN_POINT('',(0.332933987124,-3.9));
#1753 = CARTESIAN_POINT('',(0.303477601533,-3.9));
#1754 = CARTESIAN_POINT('',(0.273128711694,-3.9));
#1755 = CARTESIAN_POINT('',(0.204155747301,-3.9));
#1756 = CARTESIAN_POINT('',(0.165083706571,-3.9));
#1757 = CARTESIAN_POINT('',(0.124818562602,-3.9));
#1758 = CARTESIAN_POINT('',(8.359990535268E-02,-3.9));
#1759 = CARTESIAN_POINT('',(4.178832591514E-02,-3.9));
#1760 = CARTESIAN_POINT('',(0.,-3.9));
#1761 = ( GEOMETRIC_REPRESENTATION_CONTEXT(2) 
PARAMETRIC_REPRESENTATION_CONTEXT() REPRESENTATION_CONTEXT('2D SPACE',''
  ) );
#1762 = ORIENTED_EDGE('',*,*,#1763,.F.);
#1763 = EDGE_CURVE('',#1764,#1684,#1766,.T.);
#1764 = VERTEX_POINT('',#1765);
#1765 = CARTESIAN_POINT('',(8.,-1.1,22.6));
#1766 = SURFACE_CURVE('',#1767,(#1771,#1778),.PCURVE_S1.);
#1767 = LINE('',#1768,#1769);
#1768 = CARTESIAN_POINT('',(8.,3.,22.6));
#1769 = VECTOR('',#1770,1.);
#1770 = DIRECTION('',(0.,-1.,0.));
#1771 = PCURVE('',#103,#1772);
#1772 = DEFINITIONAL_REPRESENTATION('',(#1773),#1777);
#1773 = LINE('',#1774,#1775);
#1774 = CARTESIAN_POINT('',(0.,-3.));
#1775 = VECTOR('',#1776,1.);
#1776 = DIRECTION('',(0.,1.));
#1777 = ( GEOMETRIC_REPRESENTATION_CONTEXT(2) 
PARAMETRIC_REPRESENTATION_CONTEXT() REPRESENTATION_CONTEXT('2D SPACE',''
  ) );
#1778 = PCURVE('',#404,#1779);
#1779 = DEFINITIONAL_REPRESENTATION('',(#1780),#1784);
#1780 = LINE('',#1781,#1782);
#1781 = CARTESIAN_POINT('',(3.,-3.9));
#1782 = VECTOR('',#1783,1.);
#1783 = DIRECTION('',(1.,0.));
#1784 = ( GEOMETRIC_REPRESENTATION_CONTEXT(2) 
PARAMETRIC_REPRESENTATION_CONTEXT() REPRESENTATION_CONTEXT('2D SPACE',''
  ) );
#1785 = ORIENTED_EDGE('',*,*,#1786,.F.);
#1786 = EDGE_CURVE('',#1787,#1764,#1789,.T.);
#1787 = VERTEX_POINT('',#1788);
#1788 = CARTESIAN_POINT('',(9.2,-1.1,22.6));
#1789 = SURFACE_CURVE('',#1790,(#1794,#1801),.PCURVE_S1.);
#1790 = LINE('',#1791,#1792);
#1791 = CARTESIAN_POINT('',(7.8,-1.1,22.6));
#1792 = VECTOR('',#1793,1.);
#1793 = DIRECTION('',(-1.,0.,-1.110223024625E-16));
#1794 = PCURVE('',#103,#1795);
#1795 = DEFINITIONAL_REPRESENTATION('',(#1796),#1800);
#1796 = LINE('',#1797,#1798);
#1797 = CARTESIAN_POINT('',(-0.2,1.1));
#1798 = VECTOR('',#1799,1.);
#1799 = DIRECTION('',(-1.,-0.));
#1800 = ( GEOMETRIC_REPRESENTATION_CONTEXT(2) 
PARAMETRIC_REPRESENTATION_CONTEXT() REPRESENTATION_CONTEXT('2D SPACE',''
  ) );
#1801 = PCURVE('',#432,#1802);
#1802 = DEFINITIONAL_REPRESENTATION('',(#1803),#1807);
#1803 = LINE('',#1804,#1805);
#1804 = CARTESIAN_POINT('',(0.2,1.9));
#1805 = VECTOR('',#1806,1.);
#1806 = DIRECTION('',(-1.,0.));
#1807 = ( GEOMETRIC_REPRESENTATION_CONTEXT(2) 
PARAMETRIC_REPRESENTATION_CONTEXT() REPRESENTATION_CONTEXT('2D SPACE',''
  ) );
#1808 = ORIENTED_EDGE('',*,*,#1809,.T.);
#1809 = EDGE_CURVE('',#1787,#1810,#1812,.T.);
#1810 = VERTEX_POINT('',#1811);
#1811 = CARTESIAN_POINT('',(9.2,1.1,22.6));
#1812 = SURFACE_CURVE('',#1813,(#1817,#1824),.PCURVE_S1.);
#1813 = LINE('',#1814,#1815);
#1814 = CARTESIAN_POINT('',(9.2,-0.55,22.6));
#1815 = VECTOR('',#1816,1.);
#1816 = DIRECTION('',(0.,1.,0.));
#1817 = PCURVE('',#103,#1818);
#1818 = DEFINITIONAL_REPRESENTATION('',(#1819),#1823);
#1819 = LINE('',#1820,#1821);
#1820 = CARTESIAN_POINT('',(1.2,0.55));
#1821 = VECTOR('',#1822,1.);
#1822 = DIRECTION('',(0.,-1.));
#1823 = ( GEOMETRIC_REPRESENTATION_CONTEXT(2) 
PARAMETRIC_REPRESENTATION_CONTEXT() REPRESENTATION_CONTEXT('2D SPACE',''
  ) );
#1824 = PCURVE('',#460,#1825);
#1825 = DEFINITIONAL_REPRESENTATION('',(#1826),#1830);
#1826 = LINE('',#1827,#1828);
#1827 = CARTESIAN_POINT('',(1.9,0.55));
#1828 = VECTOR('',#1829,1.);
#1829 = DIRECTION('',(0.,1.));
#1830 = ( GEOMETRIC_REPRESENTATION_CONTEXT(2) 
PARAMETRIC_REPRESENTATION_CONTEXT() REPRESENTATION_CONTEXT('2D SPACE',''
  ) );
#1831 = ORIENTED_EDGE('',*,*,#1832,.T.);
#1832 = EDGE_CURVE('',#1810,#1833,#1835,.T.);
#1833 = VERTEX_POINT('',#1834);
#1834 = CARTESIAN_POINT('',(8.,1.1,22.6));
#1835 = SURFACE_CURVE('',#1836,(#1840,#1847),.PCURVE_S1.);
#1836 = LINE('',#1837,#1838);
#1837 = CARTESIAN_POINT('',(7.8,1.1,22.6));
#1838 = VECTOR('',#1839,1.);
#1839 = DIRECTION('',(-1.,0.,-1.110223024625E-16));
#1840 = PCURVE('',#103,#1841);
#1841 = DEFINITIONAL_REPRESENTATION('',(#1842),#1846);
#1842 = LINE('',#1843,#1844);
#1843 = CARTESIAN_POINT('',(-0.2,-1.1));
#1844 = VECTOR('',#1845,1.);
#1845 = DIRECTION('',(-1.,-0.));
#1846 = ( GEOMETRIC_REPRESENTATION_CONTEXT(2) 
PARAMETRIC_REPRESENTATION_CONTEXT() REPRESENTATION_CONTEXT('2D SPACE',''
  ) );
#1847 = PCURVE('',#488,#1848);
#1848 = DEFINITIONAL_REPRESENTATION('',(#1849),#1853);
#1849 = LINE('',#1850,#1851);
#1850 = CARTESIAN_POINT('',(0.2,1.9));
#1851 = VECTOR('',#1852,1.);
#1852 = DIRECTION('',(-1.,0.));
#1853 = ( GEOMETRIC_REPRESENTATION_CONTEXT(2) 
PARAMETRIC_REPRESENTATION_CONTEXT() REPRESENTATION_CONTEXT('2D SPACE',''
  ) );
#1854 = ORIENTED_EDGE('',*,*,#1855,.F.);
#1855 = EDGE_CURVE('',#1856,#1833,#1858,.T.);
#1856 = VERTEX_POINT('',#1857);
#1857 = CARTESIAN_POINT('',(8.,6.,22.6));
#1858 = SURFACE_CURVE('',#1859,(#1863,#1870),.PCURVE_S1.);
#1859 = LINE('',#1860,#1861);
#1860 = CARTESIAN_POINT('',(8.,3.,22.6));
#1861 = VECTOR('',#1862,1.);
#1862 = DIRECTION('',(0.,-1.,0.));
#1863 = PCURVE('',#103,#1864);
#1864 = DEFINITIONAL_REPRESENTATION('',(#1865),#1869);
#1865 = LINE('',#1866,#1867);
#1866 = CARTESIAN_POINT('',(0.,-3.));
#1867 = VECTOR('',#1868,1.);
#1868 = DIRECTION('',(0.,1.));
#1869 = ( GEOMETRIC_REPRESENTATION_CONTEXT(2) 
PARAMETRIC_REPRESENTATION_CONTEXT() REPRESENTATION_CONTEXT('2D SPACE',''
  ) );
#1870 = PCURVE('',#516,#1871);
#1871 = DEFINITIONAL_REPRESENTATION('',(#1872),#1876);
#1872 = LINE('',#1873,#1874);
#1873 = CARTESIAN_POINT('',(3.,-3.9));
#1874 = VECTOR('',#1875,1.);
#1875 = DIRECTION('',(1.,0.));
#1876 = ( GEOMETRIC_REPRESENTATION_CONTEXT(2) 
PARAMETRIC_REPRESENTATION_CONTEXT() REPRESENTATION_CONTEXT('2D SPACE',''
  ) );
#1877 = ORIENTED_EDGE('',*,*,#1878,.T.);
#1878 = EDGE_CURVE('',#1856,#1879,#1881,.T.);
#1879 = VERTEX_POINT('',#1880);
#1880 = CARTESIAN_POINT('',(5.,8.732186624299,22.6));
#1881 = SURFACE_CURVE('',#1882,(#1910,#1941),.PCURVE_S1.);
#1882 = B_SPLINE_CURVE_WITH_KNOTS('',6,(#1883,#1884,#1885,#1886,#1887,
    #1888,#1889,#1890,#1891,#1892,#1893,#1894,#1895,#1896,#1897,#1898,
    #1899,#1900,#1901,#1902,#1903,#1904,#1905,#1906,#1907,#1908,#1909),
  .UNSPECIFIED.,.F.,.F.,(7,5,5,5,5,7),(0.,0.179093933348,0.301853997552,
    0.546282957023,0.8420071473,1.),.UNSPECIFIED.);
#1883 = CARTESIAN_POINT('',(8.,6.,22.6));
#1884 = CARTESIAN_POINT('',(8.,6.126203025231,22.6));
#1885 = CARTESIAN_POINT('',(7.987518143031,6.252466429234,22.6));
#1886 = CARTESIAN_POINT('',(7.962532875084,6.377131822344,22.6));
#1887 = CARTESIAN_POINT('',(7.925966710094,6.499002687632,22.6));
#1888 = CARTESIAN_POINT('',(7.879126187575,6.617234579295,22.6));
#1889 = CARTESIAN_POINT('',(7.785260961592,6.809445126544,22.6));
#1890 = CARTESIAN_POINT('',(7.742906407891,6.885690017448,22.6));
#1891 = CARTESIAN_POINT('',(7.696790224158,6.959894461159,22.6));
#1892 = CARTESIAN_POINT('',(7.647320252622,7.032011841132,22.6));
#1893 = CARTESIAN_POINT('',(7.594866170301,7.102049140086,22.6));
#1894 = CARTESIAN_POINT('',(7.429955665475,7.305451256994,22.6));
#1895 = CARTESIAN_POINT('',(7.30963432863,7.432689141802,22.6));
#1896 = CARTESIAN_POINT('',(7.181103147475,7.552280058075,22.6));
#1897 = CARTESIAN_POINT('',(7.046127966971,7.664753354284,22.6));
#1898 = CARTESIAN_POINT('',(6.905969065648,7.770702564278,22.6));
#1899 = CARTESIAN_POINT('',(6.586378160779,7.991792105865,22.6));
#1900 = CARTESIAN_POINT('',(6.405030161431,8.10409062556,22.6));
#1901 = CARTESIAN_POINT('',(6.218760964953,8.208663368052,22.6));
#1902 = CARTESIAN_POINT('',(6.0285800284,8.306211281334,22.6));
#1903 = CARTESIAN_POINT('',(5.835205640127,8.397358085571,22.6));
#1904 = CARTESIAN_POINT('',(5.534259800131,8.528197210579,22.6));
#1905 = CARTESIAN_POINT('',(5.428687073176,8.572076651273,22.6));
#1906 = CARTESIAN_POINT('',(5.322413651149,8.614351764713,22.6));
#1907 = CARTESIAN_POINT('',(5.215505505778,8.655089638338,22.6));
#1908 = CARTESIAN_POINT('',(5.108018615351,8.694349827372,22.6));
#1909 = CARTESIAN_POINT('',(5.,8.732186624299,22.6));
#1910 = PCURVE('',#103,#1911);
#1911 = DEFINITIONAL_REPRESENTATION('',(#1912),#1940);
#1912 = B_SPLINE_CURVE_WITH_KNOTS('',6,(#1913,#1914,#1915,#1916,#1917,
    #1918,#1919,#1920,#1921,#1922,#1923,#1924,#1925,#1926,#1927,#1928,
    #1929,#1930,#1931,#1932,#1933,#1934,#1935,#1936,#1937,#1938,#1939),
  .UNSPECIFIED.,.F.,.F.,(7,5,5,5,5,7),(0.,0.179093933348,0.301853997552,
    0.546282957023,0.8420071473,1.),.UNSPECIFIED.);
#1913 = CARTESIAN_POINT('',(0.,-6.));
#1914 = CARTESIAN_POINT('',(0.,-6.126203025231));
#1915 = CARTESIAN_POINT('',(-1.248185696865E-02,-6.252466429234));
#1916 = CARTESIAN_POINT('',(-3.746712491584E-02,-6.377131822344));
#1917 = CARTESIAN_POINT('',(-7.403328990581E-02,-6.499002687632));
#1918 = CARTESIAN_POINT('',(-0.120873812425,-6.617234579295));
#1919 = CARTESIAN_POINT('',(-0.214739038408,-6.809445126544));
#1920 = CARTESIAN_POINT('',(-0.257093592109,-6.885690017448));
#1921 = CARTESIAN_POINT('',(-0.303209775842,-6.959894461159));
#1922 = CARTESIAN_POINT('',(-0.352679747378,-7.032011841132));
#1923 = CARTESIAN_POINT('',(-0.405133829699,-7.102049140086));
#1924 = CARTESIAN_POINT('',(-0.570044334525,-7.305451256994));
#1925 = CARTESIAN_POINT('',(-0.69036567137,-7.432689141802));
#1926 = CARTESIAN_POINT('',(-0.818896852525,-7.552280058075));
#1927 = CARTESIAN_POINT('',(-0.953872033029,-7.664753354284));
#1928 = CARTESIAN_POINT('',(-1.094030934352,-7.770702564278));
#1929 = CARTESIAN_POINT('',(-1.413621839221,-7.991792105865));
#1930 = CARTESIAN_POINT('',(-1.594969838569,-8.10409062556));
#1931 = CARTESIAN_POINT('',(-1.781239035047,-8.208663368052));
#1932 = CARTESIAN_POINT('',(-1.9714199716,-8.306211281334));
#1933 = CARTESIAN_POINT('',(-2.164794359873,-8.397358085571));
#1934 = CARTESIAN_POINT('',(-2.465740199869,-8.528197210579));
#1935 = CARTESIAN_POINT('',(-2.571312926824,-8.572076651273));
#1936 = CARTESIAN_POINT('',(-2.677586348851,-8.614351764713));
#1937 = CARTESIAN_POINT('',(-2.784494494222,-8.655089638338));
#1938 = CARTESIAN_POINT('',(-2.891981384649,-8.694349827372));
#1939 = CARTESIAN_POINT('',(-3.,-8.732186624299));
#1940 = ( GEOMETRIC_REPRESENTATION_CONTEXT(2) 
PARAMETRIC_REPRESENTATION_CONTEXT() REPRESENTATION_CONTEXT('2D SPACE',''
  ) );
#1941 = PCURVE('',#624,#1942);
#1942 = DEFINITIONAL_REPRESENTATION('',(#1943),#1971);
#1943 = B_SPLINE_CURVE_WITH_KNOTS('',6,(#1944,#1945,#1946,#1947,#1948,
    #1949,#1950,#1951,#1952,#1953,#1954,#1955,#1956,#1957,#1958,#1959,
    #1960,#1961,#1962,#1963,#1964,#1965,#1966,#1967,#1968,#1969,#1970),
  .UNSPECIFIED.,.F.,.F.,(7,5,5,5,5,7),(0.,0.179093933348,0.301853997552,
    0.546282957023,0.8420071473,1.),.UNSPECIFIED.);
#1944 = CARTESIAN_POINT('',(6.28318530718,-3.9));
#1945 = CARTESIAN_POINT('',(6.247127299971,-3.9));
#1946 = CARTESIAN_POINT('',(6.211052068261,-3.9));
#1947 = CARTESIAN_POINT('',(6.175348867505,-3.9));
#1948 = CARTESIAN_POINT('',(6.140275398152,-3.9));
#1949 = CARTESIAN_POINT('',(6.106017114474,-3.9));
#1950 = CARTESIAN_POINT('',(6.049860399487,-3.9));
#1951 = CARTESIAN_POINT('',(6.027450787239,-3.9));
#1952 = CARTESIAN_POINT('',(6.005491517939,-3.9));
#1953 = CARTESIAN_POINT('',(5.983989096498,-3.9));
#1954 = CARTESIAN_POINT('',(5.962937767335,-3.9));
#1955 = CARTESIAN_POINT('',(5.901275219596,-3.9));
#1956 = CARTESIAN_POINT('',(5.86198513286,-3.9));
#1957 = CARTESIAN_POINT('',(5.82428678278,-3.9));
#1958 = CARTESIAN_POINT('',(5.788039564505,-3.9));
#1959 = CARTESIAN_POINT('',(5.753090902802,-3.9));
#1960 = CARTESIAN_POINT('',(5.678350261027,-3.9));
#1961 = CARTESIAN_POINT('',(5.639116413692,-3.9));
#1962 = CARTESIAN_POINT('',(5.601296403143,-3.9));
#1963 = CARTESIAN_POINT('',(5.564714239685,-3.9));
#1964 = CARTESIAN_POINT('',(5.529212019844,-3.9));
#1965 = CARTESIAN_POINT('',(5.476178157592,-3.9));
#1966 = CARTESIAN_POINT('',(5.457980393544,-3.9));
#1967 = CARTESIAN_POINT('',(5.440032283947,-3.9));
#1968 = CARTESIAN_POINT('',(5.422316444369,-3.9));
#1969 = CARTESIAN_POINT('',(5.404817334774,-3.9));
#1970 = CARTESIAN_POINT('',(5.387520513322,-3.9));
#1971 = ( GEOMETRIC_REPRESENTATION_CONTEXT(2) 
PARAMETRIC_REPRESENTATION_CONTEXT() REPRESENTATION_CONTEXT('2D SPACE',''
  ) );
#1972 = ORIENTED_EDGE('',*,*,#1973,.T.);
#1973 = EDGE_CURVE('',#1879,#1974,#1976,.T.);
#1974 = VERTEX_POINT('',#1975);
#1975 = CARTESIAN_POINT('',(5.,10.53,22.6));
#1976 = SURFACE_CURVE('',#1977,(#1981,#1988),.PCURVE_S1.);
#1977 = LINE('',#1978,#1979);
#1978 = CARTESIAN_POINT('',(5.,-10.53,22.6));
#1979 = VECTOR('',#1980,1.);
#1980 = DIRECTION('',(0.,1.,0.));
#1981 = PCURVE('',#103,#1982);
#1982 = DEFINITIONAL_REPRESENTATION('',(#1983),#1987);
#1983 = LINE('',#1984,#1985);
#1984 = CARTESIAN_POINT('',(-3.,10.53));
#1985 = VECTOR('',#1986,1.);
#1986 = DIRECTION('',(0.,-1.));
#1987 = ( GEOMETRIC_REPRESENTATION_CONTEXT(2) 
PARAMETRIC_REPRESENTATION_CONTEXT() REPRESENTATION_CONTEXT('2D SPACE',''
  ) );
#1988 = PCURVE('',#1989,#1994);
#1989 = PLANE('',#1990);
#1990 = AXIS2_PLACEMENT_3D('',#1991,#1992,#1993);
#1991 = CARTESIAN_POINT('',(5.,-10.53,22.6));
#1992 = DIRECTION('',(1.,0.,1.110223024625E-16));
#1993 = DIRECTION('',(0.,1.,0.));
#1994 = DEFINITIONAL_REPRESENTATION('',(#1995),#1999);
#1995 = LINE('',#1996,#1997);
#1996 = CARTESIAN_POINT('',(0.,0.));
#1997 = VECTOR('',#1998,1.);
#1998 = DIRECTION('',(1.,0.));
#1999 = ( GEOMETRIC_REPRESENTATION_CONTEXT(2) 
PARAMETRIC_REPRESENTATION_CONTEXT() REPRESENTATION_CONTEXT('2D SPACE',''
  ) );
#2000 = ORIENTED_EDGE('',*,*,#2001,.T.);
#2001 = EDGE_CURVE('',#1974,#2002,#2004,.T.);
#2002 = VERTEX_POINT('',#2003);
#2003 = CARTESIAN_POINT('',(6.190932427456,10.53,22.6));
#2004 = SURFACE_CURVE('',#2005,(#2009,#2016),.PCURVE_S1.);
#2005 = LINE('',#2006,#2007);
#2006 = CARTESIAN_POINT('',(5.,10.53,22.6));
#2007 = VECTOR('',#2008,1.);
#2008 = DIRECTION('',(1.,0.,1.110223024625E-16));
#2009 = PCURVE('',#103,#2010);
#2010 = DEFINITIONAL_REPRESENTATION('',(#2011),#2015);
#2011 = LINE('',#2012,#2013);
#2012 = CARTESIAN_POINT('',(-3.,-10.53));
#2013 = VECTOR('',#2014,1.);
#2014 = DIRECTION('',(1.,0.));
#2015 = ( GEOMETRIC_REPRESENTATION_CONTEXT(2) 
PARAMETRIC_REPRESENTATION_CONTEXT() REPRESENTATION_CONTEXT('2D SPACE',''
  ) );
#2016 = PCURVE('',#2017,#2022);
#2017 = PLANE('',#2018);
#2018 = AXIS2_PLACEMENT_3D('',#2019,#2020,#2021);
#2019 = CARTESIAN_POINT('',(5.,10.53,22.6));
#2020 = DIRECTION('',(0.,-1.,0.));
#2021 = DIRECTION('',(1.,0.,1.110223024625E-16));
#2022 = DEFINITIONAL_REPRESENTATION('',(#2023),#2027);
#2023 = LINE('',#2024,#2025);
#2024 = CARTESIAN_POINT('',(0.,0.));
#2025 = VECTOR('',#2026,1.);
#2026 = DIRECTION('',(1.,0.));
#2027 = ( GEOMETRIC_REPRESENTATION_CONTEXT(2) 
PARAMETRIC_REPRESENTATION_CONTEXT() REPRESENTATION_CONTEXT('2D SPACE',''
  ) );
#2028 = ORIENTED_EDGE('',*,*,#2029,.F.);
#2029 = EDGE_CURVE('',#57,#2002,#2030,.T.);
#2030 = SURFACE_CURVE('',#2031,(#2055,#2082),.PCURVE_S1.);
#2031 = B_SPLINE_CURVE_WITH_KNOTS('',8,(#2032,#2033,#2034,#2035,#2036,
    #2037,#2038,#2039,#2040,#2041,#2042,#2043,#2044,#2045,#2046,#2047,
    #2048,#2049,#2050,#2051,#2052,#2053,#2054),.UNSPECIFIED.,.F.,.F.,(9,
    7,7,9),(0.,0.238681335227,0.391873452569,1.),.UNSPECIFIED.);
#2032 = CARTESIAN_POINT('',(10.2,6.,22.6));
#2033 = CARTESIAN_POINT('',(10.2,6.190121167121,22.6));
#2034 = CARTESIAN_POINT('',(10.187030838377,6.380305005,22.6));
#2035 = CARTESIAN_POINT('',(10.161078714235,6.569406563087,22.6));
#2036 = CARTESIAN_POINT('',(10.122471793837,6.756450286824,22.6));
#2037 = CARTESIAN_POINT('',(10.071784860051,6.94061126145,22.6));
#2038 = CARTESIAN_POINT('',(10.009762314808,7.121199593404,22.6));
#2039 = CARTESIAN_POINT('',(9.937259534613,7.297647929353,22.6));
#2040 = CARTESIAN_POINT('',(9.802536212222,7.57980276207,22.6));
#2041 = CARTESIAN_POINT('',(9.74591518724,7.688249595778,22.6));
#2042 = CARTESIAN_POINT('',(9.685564009353,7.794754001194,22.6));
#2043 = CARTESIAN_POINT('',(9.621706906205,7.899251182115,22.6));
#2044 = CARTESIAN_POINT('',(9.55456364718,8.001697683307,22.6));
#2045 = CARTESIAN_POINT('',(9.484345362736,8.102068914925,22.6));
#2046 = CARTESIAN_POINT('',(9.411250363727,8.200356676943,22.6));
#2047 = CARTESIAN_POINT('',(9.034594897305,8.678491420769,22.6));
#2048 = CARTESIAN_POINT('',(8.692280956786,9.026379189731,22.6));
#2049 = CARTESIAN_POINT('',(8.318790020113,9.343027009367,22.6));
#2050 = CARTESIAN_POINT('',(7.921720930199,9.630322927408,22.6));
#2051 = CARTESIAN_POINT('',(7.507127588458,9.890504988754,22.6));
#2052 = CARTESIAN_POINT('',(7.079158519074,10.125735409721,22.6));
#2053 = CARTESIAN_POINT('',(6.640256989967,10.338235863252,22.6));
#2054 = CARTESIAN_POINT('',(6.190932427456,10.53,22.6));
#2055 = PCURVE('',#103,#2056);
#2056 = DEFINITIONAL_REPRESENTATION('',(#2057),#2081);
#2057 = B_SPLINE_CURVE_WITH_KNOTS('',8,(#2058,#2059,#2060,#2061,#2062,
    #2063,#2064,#2065,#2066,#2067,#2068,#2069,#2070,#2071,#2072,#2073,
    #2074,#2075,#2076,#2077,#2078,#2079,#2080),.UNSPECIFIED.,.F.,.F.,(9,
    7,7,9),(0.,0.238681335227,0.391873452569,1.),.UNSPECIFIED.);
#2058 = CARTESIAN_POINT('',(2.2,-6.));
#2059 = CARTESIAN_POINT('',(2.2,-6.190121167121));
#2060 = CARTESIAN_POINT('',(2.187030838377,-6.380305005));
#2061 = CARTESIAN_POINT('',(2.161078714235,-6.569406563087));
#2062 = CARTESIAN_POINT('',(2.122471793837,-6.756450286824));
#2063 = CARTESIAN_POINT('',(2.071784860051,-6.94061126145));
#2064 = CARTESIAN_POINT('',(2.009762314808,-7.121199593404));
#2065 = CARTESIAN_POINT('',(1.937259534613,-7.297647929353));
#2066 = CARTESIAN_POINT('',(1.802536212222,-7.57980276207));
#2067 = CARTESIAN_POINT('',(1.74591518724,-7.688249595778));
#2068 = CARTESIAN_POINT('',(1.685564009353,-7.794754001194));
#2069 = CARTESIAN_POINT('',(1.621706906205,-7.899251182115));
#2070 = CARTESIAN_POINT('',(1.55456364718,-8.001697683307));
#2071 = CARTESIAN_POINT('',(1.484345362736,-8.102068914925));
#2072 = CARTESIAN_POINT('',(1.411250363727,-8.200356676943));
#2073 = CARTESIAN_POINT('',(1.034594897305,-8.678491420769));
#2074 = CARTESIAN_POINT('',(0.692280956786,-9.026379189731));
#2075 = CARTESIAN_POINT('',(0.318790020113,-9.343027009367));
#2076 = CARTESIAN_POINT('',(-7.827906980099E-02,-9.630322927408));
#2077 = CARTESIAN_POINT('',(-0.492872411542,-9.890504988754));
#2078 = CARTESIAN_POINT('',(-0.920841480926,-10.12573540972));
#2079 = CARTESIAN_POINT('',(-1.359743010033,-10.33823586325));
#2080 = CARTESIAN_POINT('',(-1.809067572544,-10.53));
#2081 = ( GEOMETRIC_REPRESENTATION_CONTEXT(2) 
PARAMETRIC_REPRESENTATION_CONTEXT() REPRESENTATION_CONTEXT('2D SPACE',''
  ) );
#2082 = PCURVE('',#72,#2083);
#2083 = DEFINITIONAL_REPRESENTATION('',(#2084),#2108);
#2084 = B_SPLINE_CURVE_WITH_KNOTS('',8,(#2085,#2086,#2087,#2088,#2089,
    #2090,#2091,#2092,#2093,#2094,#2095,#2096,#2097,#2098,#2099,#2100,
    #2101,#2102,#2103,#2104,#2105,#2106,#2107),.UNSPECIFIED.,.F.,.F.,(9,
    7,7,9),(0.,0.238681335227,0.391873452569,1.),.UNSPECIFIED.);
#2085 = CARTESIAN_POINT('',(6.28318530718,-1.9));
#2086 = CARTESIAN_POINT('',(6.249830716457,-1.9));
#2087 = CARTESIAN_POINT('',(6.216465154686,-1.9));
#2088 = CARTESIAN_POINT('',(6.183232833922,-1.9));
#2089 = CARTESIAN_POINT('',(6.150248395308,-1.9));
#2090 = CARTESIAN_POINT('',(6.117604928097,-1.9));
#2091 = CARTESIAN_POINT('',(6.085379729687,-1.9));
#2092 = CARTESIAN_POINT('',(6.053637806675,-1.9));
#2093 = CARTESIAN_POINT('',(6.002405105574,-1.9));
#2094 = CARTESIAN_POINT('',(5.982591392502,-1.9));
#2095 = CARTESIAN_POINT('',(5.96300037672,-1.9));
#2096 = CARTESIAN_POINT('',(5.943637614918,-1.9));
#2097 = CARTESIAN_POINT('',(5.924506077122,-1.9));
#2098 = CARTESIAN_POINT('',(5.905606402355,-1.9));
#2099 = CARTESIAN_POINT('',(5.88693715429,-1.9));
#2100 = CARTESIAN_POINT('',(5.795285586485,-1.9));
#2101 = CARTESIAN_POINT('',(5.725904016221,-1.9));
#2102 = CARTESIAN_POINT('',(5.659709888732,-1.9));
#2103 = CARTESIAN_POINT('',(5.596361353701,-1.9));
#2104 = CARTESIAN_POINT('',(5.535517594536,-1.9));
#2105 = CARTESIAN_POINT('',(5.476865412989,-1.9));
#2106 = CARTESIAN_POINT('',(5.420040370876,-1.9));
#2107 = CARTESIAN_POINT('',(5.364611422118,-1.9));
#2108 = ( GEOMETRIC_REPRESENTATION_CONTEXT(2) 
PARAMETRIC_REPRESENTATION_CONTEXT() REPRESENTATION_CONTEXT('2D SPACE',''
  ) );
#2109 = ORIENTED_EDGE('',*,*,#87,.T.);
#2110 = ORIENTED_EDGE('',*,*,#685,.F.);
#2111 = ADVANCED_FACE('',(#2112,#2526),#72,.F.);
#2112 = FACE_BOUND('',#2113,.F.);
#2113 = EDGE_LOOP('',(#2114,#2115,#2138,#2162,#2185,#2268,#2305,#2388,
    #2411,#2494,#2524,#2525));
#2114 = ORIENTED_EDGE('',*,*,#177,.F.);
#2115 = ORIENTED_EDGE('',*,*,#2116,.T.);
#2116 = EDGE_CURVE('',#148,#2117,#2119,.T.);
#2117 = VERTEX_POINT('',#2118);
#2118 = CARTESIAN_POINT('',(8.881784197001E-16,11.7,0.5));
#2119 = SURFACE_CURVE('',#2120,(#2124,#2131),.PCURVE_S1.);
#2120 = LINE('',#2121,#2122);
#2121 = CARTESIAN_POINT('',(-1.7763568394E-15,11.7,24.5));
#2122 = VECTOR('',#2123,1.);
#2123 = DIRECTION('',(1.110223024625E-16,0.,-1.));
#2124 = PCURVE('',#72,#2125);
#2125 = DEFINITIONAL_REPRESENTATION('',(#2126),#2130);
#2126 = LINE('',#2127,#2128);
#2127 = CARTESIAN_POINT('',(4.712388980385,0.));
#2128 = VECTOR('',#2129,1.);
#2129 = DIRECTION('',(0.,-1.));
#2130 = ( GEOMETRIC_REPRESENTATION_CONTEXT(2) 
PARAMETRIC_REPRESENTATION_CONTEXT() REPRESENTATION_CONTEXT('2D SPACE',''
  ) );
#2131 = PCURVE('',#165,#2132);
#2132 = DEFINITIONAL_REPRESENTATION('',(#2133),#2137);
#2133 = LINE('',#2134,#2135);
#2134 = CARTESIAN_POINT('',(72.,83.7));
#2135 = VECTOR('',#2136,1.);
#2136 = DIRECTION('',(1.,0.));
#2137 = ( GEOMETRIC_REPRESENTATION_CONTEXT(2) 
PARAMETRIC_REPRESENTATION_CONTEXT() REPRESENTATION_CONTEXT('2D SPACE',''
  ) );
#2138 = ORIENTED_EDGE('',*,*,#2139,.T.);
#2139 = EDGE_CURVE('',#2117,#2140,#2142,.T.);
#2140 = VERTEX_POINT('',#2141);
#2141 = CARTESIAN_POINT('',(10.2,6.,0.5));
#2142 = SURFACE_CURVE('',#2143,(#2148,#2155),.PCURVE_S1.);
#2143 = ELLIPSE('',#2144,10.2,5.7);
#2144 = AXIS2_PLACEMENT_3D('',#2145,#2146,#2147);
#2145 = CARTESIAN_POINT('',(3.394715146432E-15,6.,0.5));
#2146 = DIRECTION('',(1.110223024625E-16,0.,-1.));
#2147 = DIRECTION('',(1.,1.110223024625E-16,1.110223024625E-16));
#2148 = PCURVE('',#72,#2149);
#2149 = DEFINITIONAL_REPRESENTATION('',(#2150),#2154);
#2150 = LINE('',#2151,#2152);
#2151 = CARTESIAN_POINT('',(0.,-24.));
#2152 = VECTOR('',#2153,1.);
#2153 = DIRECTION('',(1.,0.));
#2154 = ( GEOMETRIC_REPRESENTATION_CONTEXT(2) 
PARAMETRIC_REPRESENTATION_CONTEXT() REPRESENTATION_CONTEXT('2D SPACE',''
  ) );
#2155 = PCURVE('',#1179,#2156);
#2156 = DEFINITIONAL_REPRESENTATION('',(#2157),#2161);
#2157 = ELLIPSE('',#2158,10.2,5.7);
#2158 = AXIS2_PLACEMENT_2D('',#2159,#2160);
#2159 = CARTESIAN_POINT('',(1.255604758069E-15,-6.));
#2160 = DIRECTION('',(1.,-1.110223024625E-16));
#2161 = ( GEOMETRIC_REPRESENTATION_CONTEXT(2) 
PARAMETRIC_REPRESENTATION_CONTEXT() REPRESENTATION_CONTEXT('2D SPACE',''
  ) );
#2162 = ORIENTED_EDGE('',*,*,#2163,.F.);
#2163 = EDGE_CURVE('',#2164,#2140,#2166,.T.);
#2164 = VERTEX_POINT('',#2165);
#2165 = CARTESIAN_POINT('',(10.2,6.,2.4));
#2166 = SURFACE_CURVE('',#2167,(#2171,#2178),.PCURVE_S1.);
#2167 = LINE('',#2168,#2169);
#2168 = CARTESIAN_POINT('',(10.2,6.,24.5));
#2169 = VECTOR('',#2170,1.);
#2170 = DIRECTION('',(1.110223024625E-16,0.,-1.));
#2171 = PCURVE('',#72,#2172);
#2172 = DEFINITIONAL_REPRESENTATION('',(#2173),#2177);
#2173 = LINE('',#2174,#2175);
#2174 = CARTESIAN_POINT('',(6.28318530718,0.));
#2175 = VECTOR('',#2176,1.);
#2176 = DIRECTION('',(0.,-1.));
#2177 = ( GEOMETRIC_REPRESENTATION_CONTEXT(2) 
PARAMETRIC_REPRESENTATION_CONTEXT() REPRESENTATION_CONTEXT('2D SPACE',''
  ) );
#2178 = PCURVE('',#1150,#2179);
#2179 = DEFINITIONAL_REPRESENTATION('',(#2180),#2184);
#2180 = LINE('',#2181,#2182);
#2181 = CARTESIAN_POINT('',(-2.6645352591E-15,0.));
#2182 = VECTOR('',#2183,1.);
#2183 = DIRECTION('',(0.,-1.));
#2184 = ( GEOMETRIC_REPRESENTATION_CONTEXT(2) 
PARAMETRIC_REPRESENTATION_CONTEXT() REPRESENTATION_CONTEXT('2D SPACE',''
  ) );
#2185 = ORIENTED_EDGE('',*,*,#2186,.T.);
#2186 = EDGE_CURVE('',#2164,#2187,#2189,.T.);
#2187 = VERTEX_POINT('',#2188);
#2188 = CARTESIAN_POINT('',(6.190932427456,10.53,2.4));
#2189 = SURFACE_CURVE('',#2190,(#2214,#2241),.PCURVE_S1.);
#2190 = B_SPLINE_CURVE_WITH_KNOTS('',8,(#2191,#2192,#2193,#2194,#2195,
    #2196,#2197,#2198,#2199,#2200,#2201,#2202,#2203,#2204,#2205,#2206,
    #2207,#2208,#2209,#2210,#2211,#2212,#2213),.UNSPECIFIED.,.F.,.F.,(9,
    7,7,9),(0.,0.238681335227,0.391873452569,1.),.UNSPECIFIED.);
#2191 = CARTESIAN_POINT('',(10.2,6.,2.4));
#2192 = CARTESIAN_POINT('',(10.2,6.190121167121,2.4));
#2193 = CARTESIAN_POINT('',(10.187030838377,6.380305005,2.4));
#2194 = CARTESIAN_POINT('',(10.161078714235,6.569406563087,2.4));
#2195 = CARTESIAN_POINT('',(10.122471793837,6.756450286824,2.4));
#2196 = CARTESIAN_POINT('',(10.071784860051,6.94061126145,2.4));
#2197 = CARTESIAN_POINT('',(10.009762314808,7.121199593404,2.4));
#2198 = CARTESIAN_POINT('',(9.937259534613,7.297647929353,2.4));
#2199 = CARTESIAN_POINT('',(9.802536212222,7.57980276207,2.4));
#2200 = CARTESIAN_POINT('',(9.74591518724,7.688249595778,2.4));
#2201 = CARTESIAN_POINT('',(9.685564009353,7.794754001194,2.4));
#2202 = CARTESIAN_POINT('',(9.621706906205,7.899251182115,2.4));
#2203 = CARTESIAN_POINT('',(9.55456364718,8.001697683307,2.4));
#2204 = CARTESIAN_POINT('',(9.484345362736,8.102068914925,2.4));
#2205 = CARTESIAN_POINT('',(9.411250363727,8.200356676943,2.4));
#2206 = CARTESIAN_POINT('',(9.034594897305,8.678491420769,2.4));
#2207 = CARTESIAN_POINT('',(8.692280956786,9.026379189731,2.4));
#2208 = CARTESIAN_POINT('',(8.318790020113,9.343027009367,2.4));
#2209 = CARTESIAN_POINT('',(7.921720930199,9.630322927408,2.4));
#2210 = CARTESIAN_POINT('',(7.507127588458,9.890504988754,2.4));
#2211 = CARTESIAN_POINT('',(7.079158519074,10.125735409721,2.4));
#2212 = CARTESIAN_POINT('',(6.640256989967,10.338235863252,2.4));
#2213 = CARTESIAN_POINT('',(6.190932427456,10.53,2.4));
#2214 = PCURVE('',#72,#2215);
#2215 = DEFINITIONAL_REPRESENTATION('',(#2216),#2240);
#2216 = B_SPLINE_CURVE_WITH_KNOTS('',8,(#2217,#2218,#2219,#2220,#2221,
    #2222,#2223,#2224,#2225,#2226,#2227,#2228,#2229,#2230,#2231,#2232,
    #2233,#2234,#2235,#2236,#2237,#2238,#2239),.UNSPECIFIED.,.F.,.F.,(9,
    7,7,9),(0.,0.238681335227,0.391873452569,1.),.UNSPECIFIED.);
#2217 = CARTESIAN_POINT('',(6.28318530718,-22.1));
#2218 = CARTESIAN_POINT('',(6.249830716457,-22.1));
#2219 = CARTESIAN_POINT('',(6.216465154686,-22.1));
#2220 = CARTESIAN_POINT('',(6.183232833922,-22.1));
#2221 = CARTESIAN_POINT('',(6.150248395308,-22.1));
#2222 = CARTESIAN_POINT('',(6.117604928097,-22.1));
#2223 = CARTESIAN_POINT('',(6.085379729687,-22.1));
#2224 = CARTESIAN_POINT('',(6.053637806675,-22.1));
#2225 = CARTESIAN_POINT('',(6.002405105574,-22.1));
#2226 = CARTESIAN_POINT('',(5.982591392502,-22.1));
#2227 = CARTESIAN_POINT('',(5.96300037672,-22.1));
#2228 = CARTESIAN_POINT('',(5.943637614918,-22.1));
#2229 = CARTESIAN_POINT('',(5.924506077122,-22.1));
#2230 = CARTESIAN_POINT('',(5.905606402355,-22.1));
#2231 = CARTESIAN_POINT('',(5.88693715429,-22.1));
#2232 = CARTESIAN_POINT('',(5.795285586485,-22.1));
#2233 = CARTESIAN_POINT('',(5.725904016221,-22.1));
#2234 = CARTESIAN_POINT('',(5.659709888732,-22.1));
#2235 = CARTESIAN_POINT('',(5.596361353701,-22.1));
#2236 = CARTESIAN_POINT('',(5.535517594536,-22.1));
#2237 = CARTESIAN_POINT('',(5.476865412989,-22.1));
#2238 = CARTESIAN_POINT('',(5.420040370876,-22.1));
#2239 = CARTESIAN_POINT('',(5.364611422118,-22.1));
#2240 = ( GEOMETRIC_REPRESENTATION_CONTEXT(2) 
PARAMETRIC_REPRESENTATION_CONTEXT() REPRESENTATION_CONTEXT('2D SPACE',''
  ) );
#2241 = PCURVE('',#1102,#2242);
#2242 = DEFINITIONAL_REPRESENTATION('',(#2243),#2267);
#2243 = B_SPLINE_CURVE_WITH_KNOTS('',8,(#2244,#2245,#2246,#2247,#2248,
    #2249,#2250,#2251,#2252,#2253,#2254,#2255,#2256,#2257,#2258,#2259,
    #2260,#2261,#2262,#2263,#2264,#2265,#2266),.UNSPECIFIED.,.F.,.F.,(9,
    7,7,9),(0.,0.238681335227,0.391873452569,1.),.UNSPECIFIED.);
#2244 = CARTESIAN_POINT('',(2.2,-6.));
#2245 = CARTESIAN_POINT('',(2.2,-6.190121167121));
#2246 = CARTESIAN_POINT('',(2.187030838377,-6.380305005));
#2247 = CARTESIAN_POINT('',(2.161078714235,-6.569406563087));
#2248 = CARTESIAN_POINT('',(2.122471793837,-6.756450286824));
#2249 = CARTESIAN_POINT('',(2.071784860051,-6.94061126145));
#2250 = CARTESIAN_POINT('',(2.009762314808,-7.121199593404));
#2251 = CARTESIAN_POINT('',(1.937259534613,-7.297647929353));
#2252 = CARTESIAN_POINT('',(1.802536212222,-7.57980276207));
#2253 = CARTESIAN_POINT('',(1.74591518724,-7.688249595778));
#2254 = CARTESIAN_POINT('',(1.685564009353,-7.794754001194));
#2255 = CARTESIAN_POINT('',(1.621706906205,-7.899251182115));
#2256 = CARTESIAN_POINT('',(1.55456364718,-8.001697683307));
#2257 = CARTESIAN_POINT('',(1.484345362736,-8.102068914925));
#2258 = CARTESIAN_POINT('',(1.411250363727,-8.200356676943));
#2259 = CARTESIAN_POINT('',(1.034594897305,-8.678491420769));
#2260 = CARTESIAN_POINT('',(0.692280956786,-9.026379189731));
#2261 = CARTESIAN_POINT('',(0.318790020113,-9.343027009367));
#2262 = CARTESIAN_POINT('',(-7.827906980099E-02,-9.630322927408));
#2263 = CARTESIAN_POINT('',(-0.492872411542,-9.890504988754));
#2264 = CARTESIAN_POINT('',(-0.920841480926,-10.12573540972));
#2265 = CARTESIAN_POINT('',(-1.359743010033,-10.33823586325));
#2266 = CARTESIAN_POINT('',(-1.809067572544,-10.53));
#2267 = ( GEOMETRIC_REPRESENTATION_CONTEXT(2) 
PARAMETRIC_REPRESENTATION_CONTEXT() REPRESENTATION_CONTEXT('2D SPACE',''
  ) );
#2268 = ORIENTED_EDGE('',*,*,#2269,.T.);
#2269 = EDGE_CURVE('',#2187,#2270,#2272,.T.);
#2270 = VERTEX_POINT('',#2271);
#2271 = CARTESIAN_POINT('',(6.190932427456,10.53,5.6));
#2272 = SURFACE_CURVE('',#2273,(#2280,#2290),.PCURVE_S1.);
#2273 = B_SPLINE_CURVE_WITH_KNOTS('',5,(#2274,#2275,#2276,#2277,#2278,
    #2279),.UNSPECIFIED.,.F.,.F.,(6,6),(0.,1.),
  .PIECEWISE_BEZIER_KNOTS.);
#2274 = CARTESIAN_POINT('',(6.190932427456,10.53,2.4));
#2275 = CARTESIAN_POINT('',(6.190932427456,10.53,3.004575136939));
#2276 = CARTESIAN_POINT('',(6.190932427456,10.53,3.632603755795));
#2277 = CARTESIAN_POINT('',(6.190932427456,10.53,4.377333058319));
#2278 = CARTESIAN_POINT('',(6.190932427456,10.53,5.138901211237));
#2279 = CARTESIAN_POINT('',(6.190932427456,10.53,5.6));
#2280 = PCURVE('',#72,#2281);
#2281 = DEFINITIONAL_REPRESENTATION('',(#2282),#2289);
#2282 = B_SPLINE_CURVE_WITH_KNOTS('',5,(#2283,#2284,#2285,#2286,#2287,
    #2288),.UNSPECIFIED.,.F.,.F.,(6,6),(0.,1.),
  .PIECEWISE_BEZIER_KNOTS.);
#2283 = CARTESIAN_POINT('',(5.364611422118,-22.1));
#2284 = CARTESIAN_POINT('',(5.364611422118,-21.49542486306));
#2285 = CARTESIAN_POINT('',(5.364611422118,-20.8673962442));
#2286 = CARTESIAN_POINT('',(5.364611422118,-20.12266694168));
#2287 = CARTESIAN_POINT('',(5.364611422118,-19.36109878876));
#2288 = CARTESIAN_POINT('',(5.364611422118,-18.9));
#2289 = ( GEOMETRIC_REPRESENTATION_CONTEXT(2) 
PARAMETRIC_REPRESENTATION_CONTEXT() REPRESENTATION_CONTEXT('2D SPACE',''
  ) );
#2290 = PCURVE('',#2291,#2296);
#2291 = PLANE('',#2292);
#2292 = AXIS2_PLACEMENT_3D('',#2293,#2294,#2295);
#2293 = CARTESIAN_POINT('',(5.,10.53,5.6));
#2294 = DIRECTION('',(0.,-1.,0.));
#2295 = DIRECTION('',(1.,0.,1.110223024625E-16));
#2296 = DEFINITIONAL_REPRESENTATION('',(#2297),#2304);
#2297 = B_SPLINE_CURVE_WITH_KNOTS('',5,(#2298,#2299,#2300,#2301,#2302,
    #2303),.UNSPECIFIED.,.F.,.F.,(6,6),(0.,1.),
  .PIECEWISE_BEZIER_KNOTS.);
#2298 = CARTESIAN_POINT('',(1.190932427456,-3.2));
#2299 = CARTESIAN_POINT('',(1.190932427456,-2.595424863061));
#2300 = CARTESIAN_POINT('',(1.190932427456,-1.967396244205));
#2301 = CARTESIAN_POINT('',(1.190932427456,-1.222666941681));
#2302 = CARTESIAN_POINT('',(1.190932427456,-0.461098788763));
#2303 = CARTESIAN_POINT('',(1.190932427456,0.));
#2304 = ( GEOMETRIC_REPRESENTATION_CONTEXT(2) 
PARAMETRIC_REPRESENTATION_CONTEXT() REPRESENTATION_CONTEXT('2D SPACE',''
  ) );
#2305 = ORIENTED_EDGE('',*,*,#2306,.F.);
#2306 = EDGE_CURVE('',#2307,#2270,#2309,.T.);
#2307 = VERTEX_POINT('',#2308);
#2308 = CARTESIAN_POINT('',(10.2,6.,5.6));
#2309 = SURFACE_CURVE('',#2310,(#2334,#2361),.PCURVE_S1.);
#2310 = B_SPLINE_CURVE_WITH_KNOTS('',8,(#2311,#2312,#2313,#2314,#2315,
    #2316,#2317,#2318,#2319,#2320,#2321,#2322,#2323,#2324,#2325,#2326,
    #2327,#2328,#2329,#2330,#2331,#2332,#2333),.UNSPECIFIED.,.F.,.F.,(9,
    7,7,9),(0.,0.238681335227,0.391873452569,1.),.UNSPECIFIED.);
#2311 = CARTESIAN_POINT('',(10.2,6.,5.6));
#2312 = CARTESIAN_POINT('',(10.2,6.190121167121,5.6));
#2313 = CARTESIAN_POINT('',(10.187030838377,6.380305005,5.6));
#2314 = CARTESIAN_POINT('',(10.161078714235,6.569406563087,5.6));
#2315 = CARTESIAN_POINT('',(10.122471793837,6.756450286824,5.6));
#2316 = CARTESIAN_POINT('',(10.071784860051,6.94061126145,5.6));
#2317 = CARTESIAN_POINT('',(10.009762314808,7.121199593404,5.6));
#2318 = CARTESIAN_POINT('',(9.937259534613,7.297647929353,5.6));
#2319 = CARTESIAN_POINT('',(9.802536212222,7.57980276207,5.6));
#2320 = CARTESIAN_POINT('',(9.74591518724,7.688249595778,5.6));
#2321 = CARTESIAN_POINT('',(9.685564009353,7.794754001194,5.6));
#2322 = CARTESIAN_POINT('',(9.621706906205,7.899251182115,5.6));
#2323 = CARTESIAN_POINT('',(9.55456364718,8.001697683307,5.6));
#2324 = CARTESIAN_POINT('',(9.484345362736,8.102068914925,5.6));
#2325 = CARTESIAN_POINT('',(9.411250363727,8.200356676943,5.6));
#2326 = CARTESIAN_POINT('',(9.034594897305,8.678491420769,5.6));
#2327 = CARTESIAN_POINT('',(8.692280956786,9.026379189731,5.6));
#2328 = CARTESIAN_POINT('',(8.318790020113,9.343027009367,5.6));
#2329 = CARTESIAN_POINT('',(7.921720930199,9.630322927408,5.6));
#2330 = CARTESIAN_POINT('',(7.507127588458,9.890504988754,5.6));
#2331 = CARTESIAN_POINT('',(7.079158519074,10.125735409721,5.6));
#2332 = CARTESIAN_POINT('',(6.640256989967,10.338235863252,5.6));
#2333 = CARTESIAN_POINT('',(6.190932427456,10.53,5.6));
#2334 = PCURVE('',#72,#2335);
#2335 = DEFINITIONAL_REPRESENTATION('',(#2336),#2360);
#2336 = B_SPLINE_CURVE_WITH_KNOTS('',8,(#2337,#2338,#2339,#2340,#2341,
    #2342,#2343,#2344,#2345,#2346,#2347,#2348,#2349,#2350,#2351,#2352,
    #2353,#2354,#2355,#2356,#2357,#2358,#2359),.UNSPECIFIED.,.F.,.F.,(9,
    7,7,9),(0.,0.238681335227,0.391873452569,1.),.UNSPECIFIED.);
#2337 = CARTESIAN_POINT('',(6.28318530718,-18.9));
#2338 = CARTESIAN_POINT('',(6.249830716457,-18.9));
#2339 = CARTESIAN_POINT('',(6.216465154686,-18.9));
#2340 = CARTESIAN_POINT('',(6.183232833922,-18.9));
#2341 = CARTESIAN_POINT('',(6.150248395308,-18.9));
#2342 = CARTESIAN_POINT('',(6.117604928097,-18.9));
#2343 = CARTESIAN_POINT('',(6.085379729687,-18.9));
#2344 = CARTESIAN_POINT('',(6.053637806675,-18.9));
#2345 = CARTESIAN_POINT('',(6.002405105574,-18.9));
#2346 = CARTESIAN_POINT('',(5.982591392502,-18.9));
#2347 = CARTESIAN_POINT('',(5.96300037672,-18.9));
#2348 = CARTESIAN_POINT('',(5.943637614918,-18.9));
#2349 = CARTESIAN_POINT('',(5.924506077122,-18.9));
#2350 = CARTESIAN_POINT('',(5.905606402355,-18.9));
#2351 = CARTESIAN_POINT('',(5.88693715429,-18.9));
#2352 = CARTESIAN_POINT('',(5.795285586485,-18.9));
#2353 = CARTESIAN_POINT('',(5.725904016221,-18.9));
#2354 = CARTESIAN_POINT('',(5.659709888732,-18.9));
#2355 = CARTESIAN_POINT('',(5.596361353701,-18.9));
#2356 = CARTESIAN_POINT('',(5.535517594536,-18.9));
#2357 = CARTESIAN_POINT('',(5.476865412989,-18.9));
#2358 = CARTESIAN_POINT('',(5.420040370876,-18.9));
#2359 = CARTESIAN_POINT('',(5.364611422118,-18.9));
#2360 = ( GEOMETRIC_REPRESENTATION_CONTEXT(2) 
PARAMETRIC_REPRESENTATION_CONTEXT() REPRESENTATION_CONTEXT('2D SPACE',''
  ) );
#2361 = PCURVE('',#977,#2362);
#2362 = DEFINITIONAL_REPRESENTATION('',(#2363),#2387);
#2363 = B_SPLINE_CURVE_WITH_KNOTS('',8,(#2364,#2365,#2366,#2367,#2368,
    #2369,#2370,#2371,#2372,#2373,#2374,#2375,#2376,#2377,#2378,#2379,
    #2380,#2381,#2382,#2383,#2384,#2385,#2386),.UNSPECIFIED.,.F.,.F.,(9,
    7,7,9),(0.,0.238681335227,0.391873452569,1.),.UNSPECIFIED.);
#2364 = CARTESIAN_POINT('',(2.2,-6.));
#2365 = CARTESIAN_POINT('',(2.2,-6.190121167121));
#2366 = CARTESIAN_POINT('',(2.187030838377,-6.380305005));
#2367 = CARTESIAN_POINT('',(2.161078714235,-6.569406563087));
#2368 = CARTESIAN_POINT('',(2.122471793837,-6.756450286824));
#2369 = CARTESIAN_POINT('',(2.071784860051,-6.94061126145));
#2370 = CARTESIAN_POINT('',(2.009762314808,-7.121199593404));
#2371 = CARTESIAN_POINT('',(1.937259534613,-7.297647929353));
#2372 = CARTESIAN_POINT('',(1.802536212222,-7.57980276207));
#2373 = CARTESIAN_POINT('',(1.74591518724,-7.688249595778));
#2374 = CARTESIAN_POINT('',(1.685564009353,-7.794754001194));
#2375 = CARTESIAN_POINT('',(1.621706906205,-7.899251182115));
#2376 = CARTESIAN_POINT('',(1.55456364718,-8.001697683307));
#2377 = CARTESIAN_POINT('',(1.484345362736,-8.102068914925));
#2378 = CARTESIAN_POINT('',(1.411250363727,-8.200356676943));
#2379 = CARTESIAN_POINT('',(1.034594897305,-8.678491420769));
#2380 = CARTESIAN_POINT('',(0.692280956786,-9.026379189731));
#2381 = CARTESIAN_POINT('',(0.318790020113,-9.343027009367));
#2382 = CARTESIAN_POINT('',(-7.827906980099E-02,-9.630322927408));
#2383 = CARTESIAN_POINT('',(-0.492872411542,-9.890504988754));
#2384 = CARTESIAN_POINT('',(-0.920841480926,-10.12573540972));
#2385 = CARTESIAN_POINT('',(-1.359743010033,-10.33823586325));
#2386 = CARTESIAN_POINT('',(-1.809067572544,-10.53));
#2387 = ( GEOMETRIC_REPRESENTATION_CONTEXT(2) 
PARAMETRIC_REPRESENTATION_CONTEXT() REPRESENTATION_CONTEXT('2D SPACE',''
  ) );
#2388 = ORIENTED_EDGE('',*,*,#2389,.F.);
#2389 = EDGE_CURVE('',#2390,#2307,#2392,.T.);
#2390 = VERTEX_POINT('',#2391);
#2391 = CARTESIAN_POINT('',(10.2,6.,19.4));
#2392 = SURFACE_CURVE('',#2393,(#2397,#2404),.PCURVE_S1.);
#2393 = LINE('',#2394,#2395);
#2394 = CARTESIAN_POINT('',(10.2,6.,24.5));
#2395 = VECTOR('',#2396,1.);
#2396 = DIRECTION('',(1.110223024625E-16,0.,-1.));
#2397 = PCURVE('',#72,#2398);
#2398 = DEFINITIONAL_REPRESENTATION('',(#2399),#2403);
#2399 = LINE('',#2400,#2401);
#2400 = CARTESIAN_POINT('',(6.28318530718,0.));
#2401 = VECTOR('',#2402,1.);
#2402 = DIRECTION('',(0.,-1.));
#2403 = ( GEOMETRIC_REPRESENTATION_CONTEXT(2) 
PARAMETRIC_REPRESENTATION_CONTEXT() REPRESENTATION_CONTEXT('2D SPACE',''
  ) );
#2404 = PCURVE('',#909,#2405);
#2405 = DEFINITIONAL_REPRESENTATION('',(#2406),#2410);
#2406 = LINE('',#2407,#2408);
#2407 = CARTESIAN_POINT('',(-2.6645352591E-15,0.));
#2408 = VECTOR('',#2409,1.);
#2409 = DIRECTION('',(0.,-1.));
#2410 = ( GEOMETRIC_REPRESENTATION_CONTEXT(2) 
PARAMETRIC_REPRESENTATION_CONTEXT() REPRESENTATION_CONTEXT('2D SPACE',''
  ) );
#2411 = ORIENTED_EDGE('',*,*,#2412,.T.);
#2412 = EDGE_CURVE('',#2390,#2413,#2415,.T.);
#2413 = VERTEX_POINT('',#2414);
#2414 = CARTESIAN_POINT('',(6.190932427456,10.53,19.4));
#2415 = SURFACE_CURVE('',#2416,(#2440,#2467),.PCURVE_S1.);
#2416 = B_SPLINE_CURVE_WITH_KNOTS('',8,(#2417,#2418,#2419,#2420,#2421,
    #2422,#2423,#2424,#2425,#2426,#2427,#2428,#2429,#2430,#2431,#2432,
    #2433,#2434,#2435,#2436,#2437,#2438,#2439),.UNSPECIFIED.,.F.,.F.,(9,
    7,7,9),(0.,0.238681335227,0.391873452569,1.),.UNSPECIFIED.);
#2417 = CARTESIAN_POINT('',(10.2,6.,19.4));
#2418 = CARTESIAN_POINT('',(10.2,6.190121167121,19.4));
#2419 = CARTESIAN_POINT('',(10.187030838377,6.380305005,19.4));
#2420 = CARTESIAN_POINT('',(10.161078714235,6.569406563087,19.4));
#2421 = CARTESIAN_POINT('',(10.122471793837,6.756450286824,19.4));
#2422 = CARTESIAN_POINT('',(10.071784860051,6.94061126145,19.4));
#2423 = CARTESIAN_POINT('',(10.009762314808,7.121199593404,19.4));
#2424 = CARTESIAN_POINT('',(9.937259534613,7.297647929353,19.4));
#2425 = CARTESIAN_POINT('',(9.802536212222,7.57980276207,19.4));
#2426 = CARTESIAN_POINT('',(9.74591518724,7.688249595778,19.4));
#2427 = CARTESIAN_POINT('',(9.685564009353,7.794754001194,19.4));
#2428 = CARTESIAN_POINT('',(9.621706906205,7.899251182115,19.4));
#2429 = CARTESIAN_POINT('',(9.55456364718,8.001697683307,19.4));
#2430 = CARTESIAN_POINT('',(9.484345362736,8.102068914925,19.4));
#2431 = CARTESIAN_POINT('',(9.411250363727,8.200356676943,19.4));
#2432 = CARTESIAN_POINT('',(9.034594897305,8.678491420769,19.4));
#2433 = CARTESIAN_POINT('',(8.692280956786,9.026379189731,19.4));
#2434 = CARTESIAN_POINT('',(8.318790020113,9.343027009367,19.4));
#2435 = CARTESIAN_POINT('',(7.921720930199,9.630322927408,19.4));
#2436 = CARTESIAN_POINT('',(7.507127588458,9.890504988754,19.4));
#2437 = CARTESIAN_POINT('',(7.079158519074,10.125735409721,19.4));
#2438 = CARTESIAN_POINT('',(6.640256989967,10.338235863252,19.4));
#2439 = CARTESIAN_POINT('',(6.190932427456,10.53,19.4));
#2440 = PCURVE('',#72,#2441);
#2441 = DEFINITIONAL_REPRESENTATION('',(#2442),#2466);
#2442 = B_SPLINE_CURVE_WITH_KNOTS('',8,(#2443,#2444,#2445,#2446,#2447,
    #2448,#2449,#2450,#2451,#2452,#2453,#2454,#2455,#2456,#2457,#2458,
    #2459,#2460,#2461,#2462,#2463,#2464,#2465),.UNSPECIFIED.,.F.,.F.,(9,
    7,7,9),(0.,0.238681335227,0.391873452569,1.),.UNSPECIFIED.);
#2443 = CARTESIAN_POINT('',(6.28318530718,-5.1));
#2444 = CARTESIAN_POINT('',(6.249830716457,-5.1));
#2445 = CARTESIAN_POINT('',(6.216465154686,-5.1));
#2446 = CARTESIAN_POINT('',(6.183232833922,-5.1));
#2447 = CARTESIAN_POINT('',(6.150248395308,-5.1));
#2448 = CARTESIAN_POINT('',(6.117604928097,-5.1));
#2449 = CARTESIAN_POINT('',(6.085379729687,-5.1));
#2450 = CARTESIAN_POINT('',(6.053637806675,-5.1));
#2451 = CARTESIAN_POINT('',(6.002405105574,-5.1));
#2452 = CARTESIAN_POINT('',(5.982591392502,-5.1));
#2453 = CARTESIAN_POINT('',(5.96300037672,-5.1));
#2454 = CARTESIAN_POINT('',(5.943637614918,-5.1));
#2455 = CARTESIAN_POINT('',(5.924506077122,-5.1));
#2456 = CARTESIAN_POINT('',(5.905606402355,-5.1));
#2457 = CARTESIAN_POINT('',(5.88693715429,-5.1));
#2458 = CARTESIAN_POINT('',(5.795285586485,-5.1));
#2459 = CARTESIAN_POINT('',(5.725904016221,-5.1));
#2460 = CARTESIAN_POINT('',(5.659709888732,-5.1));
#2461 = CARTESIAN_POINT('',(5.596361353701,-5.1));
#2462 = CARTESIAN_POINT('',(5.535517594536,-5.1));
#2463 = CARTESIAN_POINT('',(5.476865412989,-5.1));
#2464 = CARTESIAN_POINT('',(5.420040370876,-5.1));
#2465 = CARTESIAN_POINT('',(5.364611422118,-5.1));
#2466 = ( GEOMETRIC_REPRESENTATION_CONTEXT(2) 
PARAMETRIC_REPRESENTATION_CONTEXT() REPRESENTATION_CONTEXT('2D SPACE',''
  ) );
#2467 = PCURVE('',#861,#2468);
#2468 = DEFINITIONAL_REPRESENTATION('',(#2469),#2493);
#2469 = B_SPLINE_CURVE_WITH_KNOTS('',8,(#2470,#2471,#2472,#2473,#2474,
    #2475,#2476,#2477,#2478,#2479,#2480,#2481,#2482,#2483,#2484,#2485,
    #2486,#2487,#2488,#2489,#2490,#2491,#2492),.UNSPECIFIED.,.F.,.F.,(9,
    7,7,9),(0.,0.238681335227,0.391873452569,1.),.UNSPECIFIED.);
#2470 = CARTESIAN_POINT('',(2.2,-6.));
#2471 = CARTESIAN_POINT('',(2.2,-6.190121167121));
#2472 = CARTESIAN_POINT('',(2.187030838377,-6.380305005));
#2473 = CARTESIAN_POINT('',(2.161078714235,-6.569406563087));
#2474 = CARTESIAN_POINT('',(2.122471793837,-6.756450286824));
#2475 = CARTESIAN_POINT('',(2.071784860051,-6.94061126145));
#2476 = CARTESIAN_POINT('',(2.009762314808,-7.121199593404));
#2477 = CARTESIAN_POINT('',(1.937259534613,-7.297647929353));
#2478 = CARTESIAN_POINT('',(1.802536212222,-7.57980276207));
#2479 = CARTESIAN_POINT('',(1.74591518724,-7.688249595778));
#2480 = CARTESIAN_POINT('',(1.685564009353,-7.794754001194));
#2481 = CARTESIAN_POINT('',(1.621706906205,-7.899251182115));
#2482 = CARTESIAN_POINT('',(1.55456364718,-8.001697683307));
#2483 = CARTESIAN_POINT('',(1.484345362736,-8.102068914925));
#2484 = CARTESIAN_POINT('',(1.411250363727,-8.200356676943));
#2485 = CARTESIAN_POINT('',(1.034594897305,-8.678491420769));
#2486 = CARTESIAN_POINT('',(0.692280956786,-9.026379189731));
#2487 = CARTESIAN_POINT('',(0.318790020113,-9.343027009367));
#2488 = CARTESIAN_POINT('',(-7.827906980099E-02,-9.630322927408));
#2489 = CARTESIAN_POINT('',(-0.492872411542,-9.890504988754));
#2490 = CARTESIAN_POINT('',(-0.920841480926,-10.12573540972));
#2491 = CARTESIAN_POINT('',(-1.359743010033,-10.33823586325));
#2492 = CARTESIAN_POINT('',(-1.809067572544,-10.53));
#2493 = ( GEOMETRIC_REPRESENTATION_CONTEXT(2) 
PARAMETRIC_REPRESENTATION_CONTEXT() REPRESENTATION_CONTEXT('2D SPACE',''
  ) );
#2494 = ORIENTED_EDGE('',*,*,#2495,.T.);
#2495 = EDGE_CURVE('',#2413,#2002,#2496,.T.);
#2496 = SURFACE_CURVE('',#2497,(#2504,#2514),.PCURVE_S1.);
#2497 = B_SPLINE_CURVE_WITH_KNOTS('',5,(#2498,#2499,#2500,#2501,#2502,
    #2503),.UNSPECIFIED.,.F.,.F.,(6,6),(0.,1.),
  .PIECEWISE_BEZIER_KNOTS.);
#2498 = CARTESIAN_POINT('',(6.190932427456,10.53,19.4));
#2499 = CARTESIAN_POINT('',(6.190932427456,10.53,19.737024664168));
#2500 = CARTESIAN_POINT('',(6.190932427456,10.53,20.616111229778));
#2501 = CARTESIAN_POINT('',(6.190932427456,10.53,21.357145940192));
#2502 = CARTESIAN_POINT('',(6.190932427456,10.53,21.873199294931));
#2503 = CARTESIAN_POINT('',(6.190932427456,10.53,22.6));
#2504 = PCURVE('',#72,#2505);
#2505 = DEFINITIONAL_REPRESENTATION('',(#2506),#2513);
#2506 = B_SPLINE_CURVE_WITH_KNOTS('',5,(#2507,#2508,#2509,#2510,#2511,
    #2512),.UNSPECIFIED.,.F.,.F.,(6,6),(0.,1.),
  .PIECEWISE_BEZIER_KNOTS.);
#2507 = CARTESIAN_POINT('',(5.364611422118,-5.1));
#2508 = CARTESIAN_POINT('',(5.364611422118,-4.762975335832));
#2509 = CARTESIAN_POINT('',(5.364611422118,-3.883888770222));
#2510 = CARTESIAN_POINT('',(5.364611422118,-3.142854059808));
#2511 = CARTESIAN_POINT('',(5.364611422118,-2.626800705069));
#2512 = CARTESIAN_POINT('',(5.364611422118,-1.9));
#2513 = ( GEOMETRIC_REPRESENTATION_CONTEXT(2) 
PARAMETRIC_REPRESENTATION_CONTEXT() REPRESENTATION_CONTEXT('2D SPACE',''
  ) );
#2514 = PCURVE('',#2017,#2515);
#2515 = DEFINITIONAL_REPRESENTATION('',(#2516),#2523);
#2516 = B_SPLINE_CURVE_WITH_KNOTS('',5,(#2517,#2518,#2519,#2520,#2521,
    #2522),.UNSPECIFIED.,.F.,.F.,(6,6),(0.,1.),
  .PIECEWISE_BEZIER_KNOTS.);
#2517 = CARTESIAN_POINT('',(1.190932427456,-3.2));
#2518 = CARTESIAN_POINT('',(1.190932427456,-2.862975335832));
#2519 = CARTESIAN_POINT('',(1.190932427456,-1.983888770222));
#2520 = CARTESIAN_POINT('',(1.190932427456,-1.242854059808));
#2521 = CARTESIAN_POINT('',(1.190932427456,-0.726800705069));
#2522 = CARTESIAN_POINT('',(1.190932427456,0.));
#2523 = ( GEOMETRIC_REPRESENTATION_CONTEXT(2) 
PARAMETRIC_REPRESENTATION_CONTEXT() REPRESENTATION_CONTEXT('2D SPACE',''
  ) );
#2524 = ORIENTED_EDGE('',*,*,#2029,.F.);
#2525 = ORIENTED_EDGE('',*,*,#56,.F.);
#2526 = FACE_BOUND('',#2527,.F.);
#2527 = EDGE_LOOP('',(#2528,#2570,#2604,#2644));
#2528 = ORIENTED_EDGE('',*,*,#2529,.F.);
#2529 = EDGE_CURVE('',#2530,#2532,#2534,.T.);
#2530 = VERTEX_POINT('',#2531);
#2531 = CARTESIAN_POINT('',(3.265483042581,11.4,22.5));
#2532 = VERTEX_POINT('',#2533);
#2533 = CARTESIAN_POINT('',(0.176181979537,11.699149645756,22.5));
#2534 = SURFACE_CURVE('',#2535,(#2543,#2554),.PCURVE_S1.);
#2535 = B_SPLINE_CURVE_WITH_KNOTS('',6,(#2536,#2537,#2538,#2539,#2540,
    #2541,#2542),.UNSPECIFIED.,.F.,.F.,(7,7),(0.,1.),
  .PIECEWISE_BEZIER_KNOTS.);
#2536 = CARTESIAN_POINT('',(3.265483042581,11.4,22.5));
#2537 = CARTESIAN_POINT('',(2.727782014946,11.501541577785,22.5));
#2538 = CARTESIAN_POINT('',(2.185964496739,11.581505544541,22.5));
#2539 = CARTESIAN_POINT('',(1.641266420886,11.640905937213,22.5));
#2540 = CARTESIAN_POINT('',(1.094764297775,11.680299478955,22.5));
#2541 = CARTESIAN_POINT('',(0.547404742626,11.7,22.5));
#2542 = CARTESIAN_POINT('',(-1.554312234475E-15,11.7,22.5));
#2543 = PCURVE('',#72,#2544);
#2544 = DEFINITIONAL_REPRESENTATION('',(#2545),#2553);
#2545 = B_SPLINE_CURVE_WITH_KNOTS('',6,(#2546,#2547,#2548,#2549,#2550,
    #2551,#2552),.UNSPECIFIED.,.F.,.F.,(7,7),(0.,1.),
  .PIECEWISE_BEZIER_KNOTS.);
#2546 = CARTESIAN_POINT('',(5.038271937606,-2.));
#2547 = CARTESIAN_POINT('',(4.982627495748,-2.));
#2548 = CARTESIAN_POINT('',(4.927812570399,-2.));
#2549 = CARTESIAN_POINT('',(4.873575382837,-2.));
#2550 = CARTESIAN_POINT('',(4.819718892159,-2.));
#2551 = CARTESIAN_POINT('',(4.766056112015,-2.));
#2552 = CARTESIAN_POINT('',(4.712388980385,-2.));
#2553 = ( GEOMETRIC_REPRESENTATION_CONTEXT(2) 
PARAMETRIC_REPRESENTATION_CONTEXT() REPRESENTATION_CONTEXT('2D SPACE',''
  ) );
#2554 = PCURVE('',#2555,#2560);
#2555 = PLANE('',#2556);
#2556 = AXIS2_PLACEMENT_3D('',#2557,#2558,#2559);
#2557 = CARTESIAN_POINT('',(2.22044604925E-16,11.4,22.5));
#2558 = DIRECTION('',(1.110223024625E-16,0.,-1.));
#2559 = DIRECTION('',(1.,0.,1.110223024625E-16));
#2560 = DEFINITIONAL_REPRESENTATION('',(#2561),#2569);
#2561 = B_SPLINE_CURVE_WITH_KNOTS('',6,(#2562,#2563,#2564,#2565,#2566,
    #2567,#2568),.UNSPECIFIED.,.F.,.F.,(7,7),(0.,1.),
  .PIECEWISE_BEZIER_KNOTS.);
#2562 = CARTESIAN_POINT('',(3.265483042581,1.7763568394E-15));
#2563 = CARTESIAN_POINT('',(2.727782014946,-0.101541577785));
#2564 = CARTESIAN_POINT('',(2.185964496739,-0.181505544541));
#2565 = CARTESIAN_POINT('',(1.641266420886,-0.240905937213));
#2566 = CARTESIAN_POINT('',(1.094764297775,-0.280299478955));
#2567 = CARTESIAN_POINT('',(0.547404742626,-0.3));
#2568 = CARTESIAN_POINT('',(-1.7763568394E-15,-0.3));
#2569 = ( GEOMETRIC_REPRESENTATION_CONTEXT(2) 
PARAMETRIC_REPRESENTATION_CONTEXT() REPRESENTATION_CONTEXT('2D SPACE',''
  ) );
#2570 = ORIENTED_EDGE('',*,*,#2571,.F.);
#2571 = EDGE_CURVE('',#2572,#2530,#2574,.T.);
#2572 = VERTEX_POINT('',#2573);
#2573 = CARTESIAN_POINT('',(3.265483042581,11.4,2.5));
#2574 = SURFACE_CURVE('',#2575,(#2581,#2590),.PCURVE_S1.);
#2575 = B_SPLINE_CURVE_WITH_KNOTS('',4,(#2576,#2577,#2578,#2579,#2580),
  .UNSPECIFIED.,.F.,.F.,(5,5),(0.,1.),.PIECEWISE_BEZIER_KNOTS.);
#2576 = CARTESIAN_POINT('',(3.265483042581,11.4,2.5));
#2577 = CARTESIAN_POINT('',(3.265483042581,11.4,7.5));
#2578 = CARTESIAN_POINT('',(3.265483042581,11.4,12.5));
#2579 = CARTESIAN_POINT('',(3.265483042581,11.4,17.5));
#2580 = CARTESIAN_POINT('',(3.265483042581,11.4,22.5));
#2581 = PCURVE('',#72,#2582);
#2582 = DEFINITIONAL_REPRESENTATION('',(#2583),#2589);
#2583 = B_SPLINE_CURVE_WITH_KNOTS('',4,(#2584,#2585,#2586,#2587,#2588),
  .UNSPECIFIED.,.F.,.F.,(5,5),(0.,1.),.PIECEWISE_BEZIER_KNOTS.);
#2584 = CARTESIAN_POINT('',(5.038271937606,-22.));
#2585 = CARTESIAN_POINT('',(5.038271937606,-17.));
#2586 = CARTESIAN_POINT('',(5.038271937606,-12.));
#2587 = CARTESIAN_POINT('',(5.038271937606,-7.));
#2588 = CARTESIAN_POINT('',(5.038271937606,-2.));
#2589 = ( GEOMETRIC_REPRESENTATION_CONTEXT(2) 
PARAMETRIC_REPRESENTATION_CONTEXT() REPRESENTATION_CONTEXT('2D SPACE',''
  ) );
#2590 = PCURVE('',#2591,#2596);
#2591 = PLANE('',#2592);
#2592 = AXIS2_PLACEMENT_3D('',#2593,#2594,#2595);
#2593 = CARTESIAN_POINT('',(2.22044604925E-16,11.4,22.5));
#2594 = DIRECTION('',(0.,1.,0.));
#2595 = DIRECTION('',(1.,0.,1.110223024625E-16));
#2596 = DEFINITIONAL_REPRESENTATION('',(#2597),#2603);
#2597 = B_SPLINE_CURVE_WITH_KNOTS('',4,(#2598,#2599,#2600,#2601,#2602),
  .UNSPECIFIED.,.F.,.F.,(5,5),(0.,1.),.PIECEWISE_BEZIER_KNOTS.);
#2598 = CARTESIAN_POINT('',(3.265483042581,20.));
#2599 = CARTESIAN_POINT('',(3.265483042581,15.));
#2600 = CARTESIAN_POINT('',(3.265483042581,10.));
#2601 = CARTESIAN_POINT('',(3.265483042581,5.));
#2602 = CARTESIAN_POINT('',(3.265483042581,0.));
#2603 = ( GEOMETRIC_REPRESENTATION_CONTEXT(2) 
PARAMETRIC_REPRESENTATION_CONTEXT() REPRESENTATION_CONTEXT('2D SPACE',''
  ) );
#2604 = ORIENTED_EDGE('',*,*,#2605,.T.);
#2605 = EDGE_CURVE('',#2572,#2606,#2608,.T.);
#2606 = VERTEX_POINT('',#2607);
#2607 = CARTESIAN_POINT('',(0.176181979537,11.699149645756,2.5));
#2608 = SURFACE_CURVE('',#2609,(#2617,#2628),.PCURVE_S1.);
#2609 = B_SPLINE_CURVE_WITH_KNOTS('',6,(#2610,#2611,#2612,#2613,#2614,
    #2615,#2616),.UNSPECIFIED.,.F.,.F.,(7,7),(0.,1.),
  .PIECEWISE_BEZIER_KNOTS.);
#2610 = CARTESIAN_POINT('',(3.265483042581,11.4,2.5));
#2611 = CARTESIAN_POINT('',(2.727782014946,11.501541577785,2.5));
#2612 = CARTESIAN_POINT('',(2.185964496739,11.581505544541,2.5));
#2613 = CARTESIAN_POINT('',(1.641266420886,11.640905937213,2.5));
#2614 = CARTESIAN_POINT('',(1.094764297775,11.680299478955,2.5));
#2615 = CARTESIAN_POINT('',(0.547404742626,11.7,2.5));
#2616 = CARTESIAN_POINT('',(6.661338147751E-16,11.7,2.5));
#2617 = PCURVE('',#72,#2618);
#2618 = DEFINITIONAL_REPRESENTATION('',(#2619),#2627);
#2619 = B_SPLINE_CURVE_WITH_KNOTS('',6,(#2620,#2621,#2622,#2623,#2624,
    #2625,#2626),.UNSPECIFIED.,.F.,.F.,(7,7),(0.,1.),
  .PIECEWISE_BEZIER_KNOTS.);
#2620 = CARTESIAN_POINT('',(5.038271937606,-22.));
#2621 = CARTESIAN_POINT('',(4.982627495748,-22.));
#2622 = CARTESIAN_POINT('',(4.927812570399,-22.));
#2623 = CARTESIAN_POINT('',(4.873575382837,-22.));
#2624 = CARTESIAN_POINT('',(4.819718892159,-22.));
#2625 = CARTESIAN_POINT('',(4.766056112015,-22.));
#2626 = CARTESIAN_POINT('',(4.712388980385,-22.));
#2627 = ( GEOMETRIC_REPRESENTATION_CONTEXT(2) 
PARAMETRIC_REPRESENTATION_CONTEXT() REPRESENTATION_CONTEXT('2D SPACE',''
  ) );
#2628 = PCURVE('',#2629,#2634);
#2629 = PLANE('',#2630);
#2630 = AXIS2_PLACEMENT_3D('',#2631,#2632,#2633);
#2631 = CARTESIAN_POINT('',(2.442490654175E-15,11.4,2.5));
#2632 = DIRECTION('',(1.110223024625E-16,0.,-1.));
#2633 = DIRECTION('',(1.,0.,1.110223024625E-16));
#2634 = DEFINITIONAL_REPRESENTATION('',(#2635),#2643);
#2635 = B_SPLINE_CURVE_WITH_KNOTS('',6,(#2636,#2637,#2638,#2639,#2640,
    #2641,#2642),.UNSPECIFIED.,.F.,.F.,(7,7),(0.,1.),
  .PIECEWISE_BEZIER_KNOTS.);
#2636 = CARTESIAN_POINT('',(3.265483042581,1.7763568394E-15));
#2637 = CARTESIAN_POINT('',(2.727782014946,-0.101541577785));
#2638 = CARTESIAN_POINT('',(2.185964496739,-0.181505544541));
#2639 = CARTESIAN_POINT('',(1.641266420886,-0.240905937213));
#2640 = CARTESIAN_POINT('',(1.094764297775,-0.280299478955));
#2641 = CARTESIAN_POINT('',(0.547404742626,-0.3));
#2642 = CARTESIAN_POINT('',(-1.7763568394E-15,-0.3));
#2643 = ( GEOMETRIC_REPRESENTATION_CONTEXT(2) 
PARAMETRIC_REPRESENTATION_CONTEXT() REPRESENTATION_CONTEXT('2D SPACE',''
  ) );
#2644 = ORIENTED_EDGE('',*,*,#2645,.T.);
#2645 = EDGE_CURVE('',#2606,#2532,#2646,.T.);
#2646 = SURFACE_CURVE('',#2647,(#2653,#2662),.PCURVE_S1.);
#2647 = B_SPLINE_CURVE_WITH_KNOTS('',4,(#2648,#2649,#2650,#2651,#2652),
  .UNSPECIFIED.,.F.,.F.,(5,5),(0.,1.),.PIECEWISE_BEZIER_KNOTS.);
#2648 = CARTESIAN_POINT('',(0.176181979537,11.699149645756,2.4999994));
#2649 = CARTESIAN_POINT('',(0.176181979537,11.699149645756,7.4999997));
#2650 = CARTESIAN_POINT('',(0.176181979537,11.699149645756,12.5));
#2651 = CARTESIAN_POINT('',(0.176181979537,11.699149645756,17.5000003));
#2652 = CARTESIAN_POINT('',(0.176181979537,11.699149645756,22.5000006));
#2653 = PCURVE('',#72,#2654);
#2654 = DEFINITIONAL_REPRESENTATION('',(#2655),#2661);
#2655 = B_SPLINE_CURVE_WITH_KNOTS('',4,(#2656,#2657,#2658,#2659,#2660),
  .UNSPECIFIED.,.F.,.F.,(5,5),(0.,1.),.PIECEWISE_BEZIER_KNOTS.);
#2656 = CARTESIAN_POINT('',(4.729662582472,-22.0000006));
#2657 = CARTESIAN_POINT('',(4.729662582472,-17.0000003));
#2658 = CARTESIAN_POINT('',(4.729662582472,-12.));
#2659 = CARTESIAN_POINT('',(4.729662582472,-6.9999997));
#2660 = CARTESIAN_POINT('',(4.729662582472,-1.9999994));
#2661 = ( GEOMETRIC_REPRESENTATION_CONTEXT(2) 
PARAMETRIC_REPRESENTATION_CONTEXT() REPRESENTATION_CONTEXT('2D SPACE',''
  ) );
#2662 = PCURVE('',#2663,#2668);
#2663 = CYLINDRICAL_SURFACE('',#2664,0.8);
#2664 = AXIS2_PLACEMENT_3D('',#2665,#2666,#2667);
#2665 = CARTESIAN_POINT('',(0.8,12.2,22.5));
#2666 = DIRECTION('',(1.110223024625E-16,0.,-1.));
#2667 = DIRECTION('',(0.,-1.,0.));
#2668 = DEFINITIONAL_REPRESENTATION('',(#2669),#2675);
#2669 = B_SPLINE_CURVE_WITH_KNOTS('',4,(#2670,#2671,#2672,#2673,#2674),
  .UNSPECIFIED.,.F.,.F.,(5,5),(0.,1.),.PIECEWISE_BEZIER_KNOTS.);
#2670 = CARTESIAN_POINT('',(0.894302393837,20.0000006));
#2671 = CARTESIAN_POINT('',(0.894302393837,15.0000003));
#2672 = CARTESIAN_POINT('',(0.894302393837,10.));
#2673 = CARTESIAN_POINT('',(0.894302393837,4.9999997));
#2674 = CARTESIAN_POINT('',(0.894302393837,-6.E-07));
#2675 = ( GEOMETRIC_REPRESENTATION_CONTEXT(2) 
PARAMETRIC_REPRESENTATION_CONTEXT() REPRESENTATION_CONTEXT('2D SPACE',''
  ) );
#2676 = ADVANCED_FACE('',(#2677),#165,.F.);
#2677 = FACE_BOUND('',#2678,.F.);
#2678 = EDGE_LOOP('',(#2679,#2680,#2681,#2704));
#2679 = ORIENTED_EDGE('',*,*,#2116,.F.);
#2680 = ORIENTED_EDGE('',*,*,#147,.T.);
#2681 = ORIENTED_EDGE('',*,*,#2682,.T.);
#2682 = EDGE_CURVE('',#150,#2683,#2685,.T.);
#2683 = VERTEX_POINT('',#2684);
#2684 = CARTESIAN_POINT('',(8.881784197001E-16,9.5,0.5));
#2685 = SURFACE_CURVE('',#2686,(#2690,#2697),.PCURVE_S1.);
#2686 = LINE('',#2687,#2688);
#2687 = CARTESIAN_POINT('',(-1.998401444325E-15,9.5,26.5));
#2688 = VECTOR('',#2689,1.);
#2689 = DIRECTION('',(1.110223024625E-16,0.,-1.));
#2690 = PCURVE('',#165,#2691);
#2691 = DEFINITIONAL_REPRESENTATION('',(#2692),#2696);
#2692 = LINE('',#2693,#2694);
#2693 = CARTESIAN_POINT('',(70.,81.5));
#2694 = VECTOR('',#2695,1.);
#2695 = DIRECTION('',(1.,0.));
#2696 = ( GEOMETRIC_REPRESENTATION_CONTEXT(2) 
PARAMETRIC_REPRESENTATION_CONTEXT() REPRESENTATION_CONTEXT('2D SPACE',''
  ) );
#2697 = PCURVE('',#624,#2698);
#2698 = DEFINITIONAL_REPRESENTATION('',(#2699),#2703);
#2699 = LINE('',#2700,#2701);
#2700 = CARTESIAN_POINT('',(4.712388980385,0.));
#2701 = VECTOR('',#2702,1.);
#2702 = DIRECTION('',(0.,-1.));
#2703 = ( GEOMETRIC_REPRESENTATION_CONTEXT(2) 
PARAMETRIC_REPRESENTATION_CONTEXT() REPRESENTATION_CONTEXT('2D SPACE',''
  ) );
#2704 = ORIENTED_EDGE('',*,*,#2705,.F.);
#2705 = EDGE_CURVE('',#2117,#2683,#2706,.T.);
#2706 = SURFACE_CURVE('',#2707,(#2711,#2718),.PCURVE_S1.);
#2707 = LINE('',#2708,#2709);
#2708 = CARTESIAN_POINT('',(2.6645352591E-15,-36.,0.5));
#2709 = VECTOR('',#2710,1.);
#2710 = DIRECTION('',(0.,-1.,0.));
#2711 = PCURVE('',#165,#2712);
#2712 = DEFINITIONAL_REPRESENTATION('',(#2713),#2717);
#2713 = LINE('',#2714,#2715);
#2714 = CARTESIAN_POINT('',(96.,36.));
#2715 = VECTOR('',#2716,1.);
#2716 = DIRECTION('',(0.,-1.));
#2717 = ( GEOMETRIC_REPRESENTATION_CONTEXT(2) 
PARAMETRIC_REPRESENTATION_CONTEXT() REPRESENTATION_CONTEXT('2D SPACE',''
  ) );
#2718 = PCURVE('',#1179,#2719);
#2719 = DEFINITIONAL_REPRESENTATION('',(#2720),#2724);
#2720 = LINE('',#2721,#2722);
#2721 = CARTESIAN_POINT('',(5.254248707375E-16,36.));
#2722 = VECTOR('',#2723,1.);
#2723 = DIRECTION('',(0.,1.));
#2724 = ( GEOMETRIC_REPRESENTATION_CONTEXT(2) 
PARAMETRIC_REPRESENTATION_CONTEXT() REPRESENTATION_CONTEXT('2D SPACE',''
  ) );
#2725 = ADVANCED_FACE('',(#2726),#624,.T.);
#2726 = FACE_BOUND('',#2727,.T.);
#2727 = EDGE_LOOP('',(#2728,#2749,#2750,#2751,#2897,#2925,#3020,#3057,
    #3152,#3180,#3275,#3305));
#2728 = ORIENTED_EDGE('',*,*,#2729,.F.);
#2729 = EDGE_CURVE('',#501,#1856,#2730,.T.);
#2730 = SURFACE_CURVE('',#2731,(#2735,#2742),.PCURVE_S1.);
#2731 = LINE('',#2732,#2733);
#2732 = CARTESIAN_POINT('',(8.,6.,26.5));
#2733 = VECTOR('',#2734,1.);
#2734 = DIRECTION('',(1.110223024625E-16,0.,-1.));
#2735 = PCURVE('',#624,#2736);
#2736 = DEFINITIONAL_REPRESENTATION('',(#2737),#2741);
#2737 = LINE('',#2738,#2739);
#2738 = CARTESIAN_POINT('',(6.28318530718,0.));
#2739 = VECTOR('',#2740,1.);
#2740 = DIRECTION('',(0.,-1.));
#2741 = ( GEOMETRIC_REPRESENTATION_CONTEXT(2) 
PARAMETRIC_REPRESENTATION_CONTEXT() REPRESENTATION_CONTEXT('2D SPACE',''
  ) );
#2742 = PCURVE('',#516,#2743);
#2743 = DEFINITIONAL_REPRESENTATION('',(#2744),#2748);
#2744 = LINE('',#2745,#2746);
#2745 = CARTESIAN_POINT('',(-8.881784197001E-16,0.));
#2746 = VECTOR('',#2747,1.);
#2747 = DIRECTION('',(0.,-1.));
#2748 = ( GEOMETRIC_REPRESENTATION_CONTEXT(2) 
PARAMETRIC_REPRESENTATION_CONTEXT() REPRESENTATION_CONTEXT('2D SPACE',''
  ) );
#2749 = ORIENTED_EDGE('',*,*,#528,.T.);
#2750 = ORIENTED_EDGE('',*,*,#2682,.T.);
#2751 = ORIENTED_EDGE('',*,*,#2752,.F.);
#2752 = EDGE_CURVE('',#2753,#2683,#2755,.T.);
#2753 = VERTEX_POINT('',#2754);
#2754 = CARTESIAN_POINT('',(8.,6.,0.5));
#2755 = SURFACE_CURVE('',#2756,(#2801,#2849),.PCURVE_S1.);
#2756 = B_SPLINE_CURVE_WITH_KNOTS('',8,(#2757,#2758,#2759,#2760,#2761,
    #2762,#2763,#2764,#2765,#2766,#2767,#2768,#2769,#2770,#2771,#2772,
    #2773,#2774,#2775,#2776,#2777,#2778,#2779,#2780,#2781,#2782,#2783,
    #2784,#2785,#2786,#2787,#2788,#2789,#2790,#2791,#2792,#2793,#2794,
    #2795,#2796,#2797,#2798,#2799,#2800),.UNSPECIFIED.,.F.,.F.,(9,7,7,7,
    7,7,9),(0.,8.658279662528E-02,0.150251277784,0.255683647933,
    0.372291782785,0.665519617111,1.),.UNSPECIFIED.);
#2757 = CARTESIAN_POINT('',(8.,6.,0.5));
#2758 = CARTESIAN_POINT('',(8.,6.099128819857,0.5));
#2759 = CARTESIAN_POINT('',(7.992665807984,6.198293937355,0.5));
#2760 = CARTESIAN_POINT('',(7.977988505677,6.296811556493,0.5));
#2761 = CARTESIAN_POINT('',(7.956203668491,6.394120147784,0.5));
#2762 = CARTESIAN_POINT('',(7.92771415796,6.489764673928,0.5));
#2763 = CARTESIAN_POINT('',(7.893027198491,6.583383377432,0.5));
#2764 = CARTESIAN_POINT('',(7.852705738441,6.674697130171,0.5));
#2765 = CARTESIAN_POINT('',(7.773970151336,6.828803341265,0.5));
#2766 = CARTESIAN_POINT('',(7.737859023831,6.89278015243,0.5));
#2767 = CARTESIAN_POINT('',(7.699210314761,6.955383298478,0.5));
#2768 = CARTESIAN_POINT('',(7.658229285382,7.016586233437,0.5));
#2769 = CARTESIAN_POINT('',(7.615110763004,7.076380536856,0.5));
#2770 = CARTESIAN_POINT('',(7.57003438684,7.134772898817,0.5));
#2771 = CARTESIAN_POINT('',(7.52316119315,7.191782898386,0.5));
#2772 = CARTESIAN_POINT('',(7.394268441656,7.339610041592,0.5));
#2773 = CARTESIAN_POINT('',(7.309394005582,7.428037444472,0.5));
#2774 = CARTESIAN_POINT('',(7.220632097442,7.512890454867,0.5));
#2775 = CARTESIAN_POINT('',(7.128517004844,7.594331268062,0.5));
#2776 = CARTESIAN_POINT('',(7.033499667228,7.672523159483,0.5));
#2777 = CARTESIAN_POINT('',(6.935951195208,7.747633461244,0.5));
#2778 = CARTESIAN_POINT('',(6.836163679009,7.819833959625,0.5));
#2779 = CARTESIAN_POINT('',(6.621740525587,7.966126687444,0.5));
#2780 = CARTESIAN_POINT('',(6.506696360956,8.039578388048,0.5));
#2781 = CARTESIAN_POINT('',(6.389534602291,8.109873516676,0.5));
#2782 = CARTESIAN_POINT('',(6.27052276615,8.177197924045,0.5));
#2783 = CARTESIAN_POINT('',(6.149884506217,8.241715020477,0.5));
#2784 = CARTESIAN_POINT('',(6.027804591189,8.303573430244,0.5));
#2785 = CARTESIAN_POINT('',(5.904431429776,8.362910890006,0.5));
#2786 = CARTESIAN_POINT('',(5.466667572461,8.563046970465,0.5));
#2787 = CARTESIAN_POINT('',(5.146218530993,8.690997818884,0.5));
#2788 = CARTESIAN_POINT('',(4.820295577962,8.805786994558,0.5));
#2789 = CARTESIAN_POINT('',(4.490152664732,8.908675576542,0.5));
#2790 = CARTESIAN_POINT('',(4.156755394486,9.000689531356,0.5));
#2791 = CARTESIAN_POINT('',(3.820777235062,9.082612659509,0.5));
#2792 = CARTESIAN_POINT('',(3.482648047799,9.155098048944,0.5));
#2793 = CARTESIAN_POINT('',(2.754604305937,9.291155136534,0.5));
#2794 = CARTESIAN_POINT('',(2.364379794939,9.351985752743,0.5));
#2795 = CARTESIAN_POINT('',(1.972400674496,9.40188941271,0.5));
#2796 = CARTESIAN_POINT('',(1.579117685881,9.441358215425,0.5));
#2797 = CARTESIAN_POINT('',(1.184922817815,9.470733998979,0.5));
#2798 = CARTESIAN_POINT('',(0.790154944446,9.490243578081,0.5));
#2799 = CARTESIAN_POINT('',(0.3951012674,9.5,0.5));
#2800 = CARTESIAN_POINT('',(8.881784197001E-16,9.5,0.5));
#2801 = PCURVE('',#624,#2802);
#2802 = DEFINITIONAL_REPRESENTATION('',(#2803),#2848);
#2803 = B_SPLINE_CURVE_WITH_KNOTS('',8,(#2804,#2805,#2806,#2807,#2808,
    #2809,#2810,#2811,#2812,#2813,#2814,#2815,#2816,#2817,#2818,#2819,
    #2820,#2821,#2822,#2823,#2824,#2825,#2826,#2827,#2828,#2829,#2830,
    #2831,#2832,#2833,#2834,#2835,#2836,#2837,#2838,#2839,#2840,#2841,
    #2842,#2843,#2844,#2845,#2846,#2847),.UNSPECIFIED.,.F.,.F.,(9,7,7,7,
    7,7,9),(0.,8.658279662528E-02,0.150251277784,0.255683647933,
    0.372291782785,0.665519617111,1.),.UNSPECIFIED.);
#2804 = CARTESIAN_POINT('',(6.28318530718,-26.));
#2805 = CARTESIAN_POINT('',(6.25486278722,-26.));
#2806 = CARTESIAN_POINT('',(6.226529917182,-26.));
#2807 = CARTESIAN_POINT('',(6.198347352404,-26.));
#2808 = CARTESIAN_POINT('',(6.170440962706,-26.));
#2809 = CARTESIAN_POINT('',(6.142910066436,-26.));
#2810 = CARTESIAN_POINT('',(6.115833366548,-26.));
#2811 = CARTESIAN_POINT('',(6.089272588706,-26.));
#2812 = CARTESIAN_POINT('',(6.044155681462,-26.));
#2813 = CARTESIAN_POINT('',(6.025332139291,-26.));
#2814 = CARTESIAN_POINT('',(6.006811771188,-26.));
#2815 = CARTESIAN_POINT('',(5.988598322693,-26.));
#2816 = CARTESIAN_POINT('',(5.970691570746,-26.));
#2817 = CARTESIAN_POINT('',(5.953087925814,-26.));
#2818 = CARTESIAN_POINT('',(5.935780774035,-26.));
#2819 = CARTESIAN_POINT('',(5.890575788177,-26.));
#2820 = CARTESIAN_POINT('',(5.863188702091,-26.));
#2821 = CARTESIAN_POINT('',(5.836548529304,-26.));
#2822 = CARTESIAN_POINT('',(5.810609684208,-26.));
#2823 = CARTESIAN_POINT('',(5.785328638988,-26.));
#2824 = CARTESIAN_POINT('',(5.760661653992,-26.));
#2825 = CARTESIAN_POINT('',(5.736563366882,-26.));
#2826 = CARTESIAN_POINT('',(5.686909953712,-26.));
#2827 = CARTESIAN_POINT('',(5.661481295229,-26.));
#2828 = CARTESIAN_POINT('',(5.636641970699,-26.));
#2829 = CARTESIAN_POINT('',(5.612343847361,-26.));
#2830 = CARTESIAN_POINT('',(5.588545232231,-26.));
#2831 = CARTESIAN_POINT('',(5.565208234114,-26.));
#2832 = CARTESIAN_POINT('',(5.542297209502,-26.));
#2833 = CARTESIAN_POINT('',(5.463151254166,-26.));
#2834 = CARTESIAN_POINT('',(5.40904478446,-26.));
#2835 = CARTESIAN_POINT('',(5.356905687775,-26.));
#2836 = CARTESIAN_POINT('',(5.306407511916,-26.));
#2837 = CARTESIAN_POINT('',(5.257282161062,-26.));
#2838 = CARTESIAN_POINT('',(5.209315973965,-26.));
#2839 = CARTESIAN_POINT('',(5.162311984239,-26.));
#2840 = CARTESIAN_POINT('',(5.063351686382,-26.));
#2841 = CARTESIAN_POINT('',(5.011667319002,-26.));
#2842 = CARTESIAN_POINT('',(4.96078433184,-26.));
#2843 = CARTESIAN_POINT('',(4.910512659542,-26.));
#2844 = CARTESIAN_POINT('',(4.860687989127,-26.));
#2845 = CARTESIAN_POINT('',(4.81115831639,-26.));
#2846 = CARTESIAN_POINT('',(4.76177663881,-26.));
#2847 = CARTESIAN_POINT('',(4.712388980385,-26.));
#2848 = ( GEOMETRIC_REPRESENTATION_CONTEXT(2) 
PARAMETRIC_REPRESENTATION_CONTEXT() REPRESENTATION_CONTEXT('2D SPACE',''
  ) );
#2849 = PCURVE('',#1179,#2850);
#2850 = DEFINITIONAL_REPRESENTATION('',(#2851),#2896);
#2851 = B_SPLINE_CURVE_WITH_KNOTS('',8,(#2852,#2853,#2854,#2855,#2856,
    #2857,#2858,#2859,#2860,#2861,#2862,#2863,#2864,#2865,#2866,#2867,
    #2868,#2869,#2870,#2871,#2872,#2873,#2874,#2875,#2876,#2877,#2878,
    #2879,#2880,#2881,#2882,#2883,#2884,#2885,#2886,#2887,#2888,#2889,
    #2890,#2891,#2892,#2893,#2894,#2895),.UNSPECIFIED.,.F.,.F.,(9,7,7,7,
    7,7,9),(0.,8.658279662528E-02,0.150251277784,0.255683647933,
    0.372291782785,0.665519617111,1.),.UNSPECIFIED.);
#2852 = CARTESIAN_POINT('',(8.,-6.));
#2853 = CARTESIAN_POINT('',(8.,-6.099128819857));
#2854 = CARTESIAN_POINT('',(7.992665807984,-6.198293937355));
#2855 = CARTESIAN_POINT('',(7.977988505677,-6.296811556493));
#2856 = CARTESIAN_POINT('',(7.956203668491,-6.394120147784));
#2857 = CARTESIAN_POINT('',(7.92771415796,-6.489764673928));
#2858 = CARTESIAN_POINT('',(7.893027198491,-6.583383377432));
#2859 = CARTESIAN_POINT('',(7.852705738441,-6.674697130171));
#2860 = CARTESIAN_POINT('',(7.773970151336,-6.828803341265));
#2861 = CARTESIAN_POINT('',(7.737859023831,-6.89278015243));
#2862 = CARTESIAN_POINT('',(7.699210314761,-6.955383298478));
#2863 = CARTESIAN_POINT('',(7.658229285382,-7.016586233437));
#2864 = CARTESIAN_POINT('',(7.615110763004,-7.076380536856));
#2865 = CARTESIAN_POINT('',(7.57003438684,-7.134772898817));
#2866 = CARTESIAN_POINT('',(7.52316119315,-7.191782898386));
#2867 = CARTESIAN_POINT('',(7.394268441656,-7.339610041592));
#2868 = CARTESIAN_POINT('',(7.309394005582,-7.428037444472));
#2869 = CARTESIAN_POINT('',(7.220632097442,-7.512890454867));
#2870 = CARTESIAN_POINT('',(7.128517004844,-7.594331268062));
#2871 = CARTESIAN_POINT('',(7.033499667228,-7.672523159483));
#2872 = CARTESIAN_POINT('',(6.935951195208,-7.747633461244));
#2873 = CARTESIAN_POINT('',(6.836163679009,-7.819833959625));
#2874 = CARTESIAN_POINT('',(6.621740525587,-7.966126687444));
#2875 = CARTESIAN_POINT('',(6.506696360956,-8.039578388048));
#2876 = CARTESIAN_POINT('',(6.389534602291,-8.109873516676));
#2877 = CARTESIAN_POINT('',(6.27052276615,-8.177197924045));
#2878 = CARTESIAN_POINT('',(6.149884506217,-8.241715020477));
#2879 = CARTESIAN_POINT('',(6.027804591189,-8.303573430244));
#2880 = CARTESIAN_POINT('',(5.904431429776,-8.362910890006));
#2881 = CARTESIAN_POINT('',(5.466667572461,-8.563046970465));
#2882 = CARTESIAN_POINT('',(5.146218530993,-8.690997818884));
#2883 = CARTESIAN_POINT('',(4.820295577962,-8.805786994558));
#2884 = CARTESIAN_POINT('',(4.490152664732,-8.908675576542));
#2885 = CARTESIAN_POINT('',(4.156755394486,-9.000689531356));
#2886 = CARTESIAN_POINT('',(3.820777235062,-9.082612659509));
#2887 = CARTESIAN_POINT('',(3.482648047799,-9.155098048944));
#2888 = CARTESIAN_POINT('',(2.754604305937,-9.291155136534));
#2889 = CARTESIAN_POINT('',(2.364379794939,-9.351985752743));
#2890 = CARTESIAN_POINT('',(1.972400674496,-9.40188941271));
#2891 = CARTESIAN_POINT('',(1.579117685881,-9.441358215425));
#2892 = CARTESIAN_POINT('',(1.184922817815,-9.470733998979));
#2893 = CARTESIAN_POINT('',(0.790154944446,-9.490243578081));
#2894 = CARTESIAN_POINT('',(0.3951012674,-9.5));
#2895 = CARTESIAN_POINT('',(-1.250931968663E-15,-9.5));
#2896 = ( GEOMETRIC_REPRESENTATION_CONTEXT(2) 
PARAMETRIC_REPRESENTATION_CONTEXT() REPRESENTATION_CONTEXT('2D SPACE',''
  ) );
#2897 = ORIENTED_EDGE('',*,*,#2898,.F.);
#2898 = EDGE_CURVE('',#2899,#2753,#2901,.T.);
#2899 = VERTEX_POINT('',#2900);
#2900 = CARTESIAN_POINT('',(8.,6.,2.4));
#2901 = SURFACE_CURVE('',#2902,(#2906,#2913),.PCURVE_S1.);
#2902 = LINE('',#2903,#2904);
#2903 = CARTESIAN_POINT('',(8.,6.,26.5));
#2904 = VECTOR('',#2905,1.);
#2905 = DIRECTION('',(1.110223024625E-16,0.,-1.));
#2906 = PCURVE('',#624,#2907);
#2907 = DEFINITIONAL_REPRESENTATION('',(#2908),#2912);
#2908 = LINE('',#2909,#2910);
#2909 = CARTESIAN_POINT('',(6.28318530718,0.));
#2910 = VECTOR('',#2911,1.);
#2911 = DIRECTION('',(0.,-1.));
#2912 = ( GEOMETRIC_REPRESENTATION_CONTEXT(2) 
PARAMETRIC_REPRESENTATION_CONTEXT() REPRESENTATION_CONTEXT('2D SPACE',''
  ) );
#2913 = PCURVE('',#2914,#2919);
#2914 = PLANE('',#2915);
#2915 = AXIS2_PLACEMENT_3D('',#2916,#2917,#2918);
#2916 = CARTESIAN_POINT('',(8.,6.,26.5));
#2917 = DIRECTION('',(-1.,0.,-1.110223024625E-16));
#2918 = DIRECTION('',(0.,-1.,0.));
#2919 = DEFINITIONAL_REPRESENTATION('',(#2920),#2924);
#2920 = LINE('',#2921,#2922);
#2921 = CARTESIAN_POINT('',(-8.881784197001E-16,0.));
#2922 = VECTOR('',#2923,1.);
#2923 = DIRECTION('',(0.,-1.));
#2924 = ( GEOMETRIC_REPRESENTATION_CONTEXT(2) 
PARAMETRIC_REPRESENTATION_CONTEXT() REPRESENTATION_CONTEXT('2D SPACE',''
  ) );
#2925 = ORIENTED_EDGE('',*,*,#2926,.T.);
#2926 = EDGE_CURVE('',#2899,#2927,#2929,.T.);
#2927 = VERTEX_POINT('',#2928);
#2928 = CARTESIAN_POINT('',(5.,8.732186624299,2.4));
#2929 = SURFACE_CURVE('',#2930,(#2958,#2989),.PCURVE_S1.);
#2930 = B_SPLINE_CURVE_WITH_KNOTS('',6,(#2931,#2932,#2933,#2934,#2935,
    #2936,#2937,#2938,#2939,#2940,#2941,#2942,#2943,#2944,#2945,#2946,
    #2947,#2948,#2949,#2950,#2951,#2952,#2953,#2954,#2955,#2956,#2957),
  .UNSPECIFIED.,.F.,.F.,(7,5,5,5,5,7),(0.,0.179093933348,0.301853997552,
    0.546282957023,0.8420071473,1.),.UNSPECIFIED.);
#2931 = CARTESIAN_POINT('',(8.,6.,2.4));
#2932 = CARTESIAN_POINT('',(8.,6.126203025231,2.4));
#2933 = CARTESIAN_POINT('',(7.987518143031,6.252466429234,2.4));
#2934 = CARTESIAN_POINT('',(7.962532875084,6.377131822344,2.4));
#2935 = CARTESIAN_POINT('',(7.925966710094,6.499002687632,2.4));
#2936 = CARTESIAN_POINT('',(7.879126187575,6.617234579295,2.4));
#2937 = CARTESIAN_POINT('',(7.785260961592,6.809445126544,2.4));
#2938 = CARTESIAN_POINT('',(7.742906407891,6.885690017448,2.4));
#2939 = CARTESIAN_POINT('',(7.696790224158,6.959894461159,2.4));
#2940 = CARTESIAN_POINT('',(7.647320252622,7.032011841132,2.4));
#2941 = CARTESIAN_POINT('',(7.594866170301,7.102049140086,2.4));
#2942 = CARTESIAN_POINT('',(7.429955665475,7.305451256994,2.4));
#2943 = CARTESIAN_POINT('',(7.30963432863,7.432689141802,2.4));
#2944 = CARTESIAN_POINT('',(7.181103147475,7.552280058075,2.4));
#2945 = CARTESIAN_POINT('',(7.046127966971,7.664753354284,2.4));
#2946 = CARTESIAN_POINT('',(6.905969065648,7.770702564278,2.4));
#2947 = CARTESIAN_POINT('',(6.586378160779,7.991792105865,2.4));
#2948 = CARTESIAN_POINT('',(6.405030161431,8.10409062556,2.4));
#2949 = CARTESIAN_POINT('',(6.218760964953,8.208663368052,2.4));
#2950 = CARTESIAN_POINT('',(6.0285800284,8.306211281334,2.4));
#2951 = CARTESIAN_POINT('',(5.835205640127,8.397358085571,2.4));
#2952 = CARTESIAN_POINT('',(5.534259800131,8.528197210579,2.4));
#2953 = CARTESIAN_POINT('',(5.428687073176,8.572076651273,2.4));
#2954 = CARTESIAN_POINT('',(5.322413651149,8.614351764713,2.4));
#2955 = CARTESIAN_POINT('',(5.215505505778,8.655089638338,2.4));
#2956 = CARTESIAN_POINT('',(5.108018615351,8.694349827372,2.4));
#2957 = CARTESIAN_POINT('',(5.,8.732186624299,2.4));
#2958 = PCURVE('',#624,#2959);
#2959 = DEFINITIONAL_REPRESENTATION('',(#2960),#2988);
#2960 = B_SPLINE_CURVE_WITH_KNOTS('',6,(#2961,#2962,#2963,#2964,#2965,
    #2966,#2967,#2968,#2969,#2970,#2971,#2972,#2973,#2974,#2975,#2976,
    #2977,#2978,#2979,#2980,#2981,#2982,#2983,#2984,#2985,#2986,#2987),
  .UNSPECIFIED.,.F.,.F.,(7,5,5,5,5,7),(0.,0.179093933348,0.301853997552,
    0.546282957023,0.8420071473,1.),.UNSPECIFIED.);
#2961 = CARTESIAN_POINT('',(6.28318530718,-24.1));
#2962 = CARTESIAN_POINT('',(6.247127299971,-24.1));
#2963 = CARTESIAN_POINT('',(6.211052068261,-24.1));
#2964 = CARTESIAN_POINT('',(6.175348867505,-24.1));
#2965 = CARTESIAN_POINT('',(6.140275398152,-24.1));
#2966 = CARTESIAN_POINT('',(6.106017114474,-24.1));
#2967 = CARTESIAN_POINT('',(6.049860399487,-24.1));
#2968 = CARTESIAN_POINT('',(6.027450787239,-24.1));
#2969 = CARTESIAN_POINT('',(6.005491517939,-24.1));
#2970 = CARTESIAN_POINT('',(5.983989096498,-24.1));
#2971 = CARTESIAN_POINT('',(5.962937767335,-24.1));
#2972 = CARTESIAN_POINT('',(5.901275219596,-24.1));
#2973 = CARTESIAN_POINT('',(5.86198513286,-24.1));
#2974 = CARTESIAN_POINT('',(5.82428678278,-24.1));
#2975 = CARTESIAN_POINT('',(5.788039564505,-24.1));
#2976 = CARTESIAN_POINT('',(5.753090902802,-24.1));
#2977 = CARTESIAN_POINT('',(5.678350261027,-24.1));
#2978 = CARTESIAN_POINT('',(5.639116413692,-24.1));
#2979 = CARTESIAN_POINT('',(5.601296403143,-24.1));
#2980 = CARTESIAN_POINT('',(5.564714239685,-24.1));
#2981 = CARTESIAN_POINT('',(5.529212019844,-24.1));
#2982 = CARTESIAN_POINT('',(5.476178157592,-24.1));
#2983 = CARTESIAN_POINT('',(5.457980393544,-24.1));
#2984 = CARTESIAN_POINT('',(5.440032283947,-24.1));
#2985 = CARTESIAN_POINT('',(5.422316444369,-24.1));
#2986 = CARTESIAN_POINT('',(5.404817334774,-24.1));
#2987 = CARTESIAN_POINT('',(5.387520513322,-24.1));
#2988 = ( GEOMETRIC_REPRESENTATION_CONTEXT(2) 
PARAMETRIC_REPRESENTATION_CONTEXT() REPRESENTATION_CONTEXT('2D SPACE',''
  ) );
#2989 = PCURVE('',#1102,#2990);
#2990 = DEFINITIONAL_REPRESENTATION('',(#2991),#3019);
#2991 = B_SPLINE_CURVE_WITH_KNOTS('',6,(#2992,#2993,#2994,#2995,#2996,
    #2997,#2998,#2999,#3000,#3001,#3002,#3003,#3004,#3005,#3006,#3007,
    #3008,#3009,#3010,#3011,#3012,#3013,#3014,#3015,#3016,#3017,#3018),
  .UNSPECIFIED.,.F.,.F.,(7,5,5,5,5,7),(0.,0.179093933348,0.301853997552,
    0.546282957023,0.8420071473,1.),.UNSPECIFIED.);
#2992 = CARTESIAN_POINT('',(0.,-6.));
#2993 = CARTESIAN_POINT('',(0.,-6.126203025231));
#2994 = CARTESIAN_POINT('',(-1.248185696865E-02,-6.252466429234));
#2995 = CARTESIAN_POINT('',(-3.746712491584E-02,-6.377131822344));
#2996 = CARTESIAN_POINT('',(-7.403328990581E-02,-6.499002687632));
#2997 = CARTESIAN_POINT('',(-0.120873812425,-6.617234579295));
#2998 = CARTESIAN_POINT('',(-0.214739038408,-6.809445126544));
#2999 = CARTESIAN_POINT('',(-0.257093592109,-6.885690017448));
#3000 = CARTESIAN_POINT('',(-0.303209775842,-6.959894461159));
#3001 = CARTESIAN_POINT('',(-0.352679747378,-7.032011841132));
#3002 = CARTESIAN_POINT('',(-0.405133829699,-7.102049140086));
#3003 = CARTESIAN_POINT('',(-0.570044334525,-7.305451256994));
#3004 = CARTESIAN_POINT('',(-0.69036567137,-7.432689141802));
#3005 = CARTESIAN_POINT('',(-0.818896852525,-7.552280058075));
#3006 = CARTESIAN_POINT('',(-0.953872033029,-7.664753354284));
#3007 = CARTESIAN_POINT('',(-1.094030934352,-7.770702564278));
#3008 = CARTESIAN_POINT('',(-1.413621839221,-7.991792105865));
#3009 = CARTESIAN_POINT('',(-1.594969838569,-8.10409062556));
#3010 = CARTESIAN_POINT('',(-1.781239035047,-8.208663368052));
#3011 = CARTESIAN_POINT('',(-1.9714199716,-8.306211281334));
#3012 = CARTESIAN_POINT('',(-2.164794359873,-8.397358085571));
#3013 = CARTESIAN_POINT('',(-2.465740199869,-8.528197210579));
#3014 = CARTESIAN_POINT('',(-2.571312926824,-8.572076651273));
#3015 = CARTESIAN_POINT('',(-2.677586348851,-8.614351764713));
#3016 = CARTESIAN_POINT('',(-2.784494494222,-8.655089638338));
#3017 = CARTESIAN_POINT('',(-2.891981384649,-8.694349827372));
#3018 = CARTESIAN_POINT('',(-3.,-8.732186624299));
#3019 = ( GEOMETRIC_REPRESENTATION_CONTEXT(2) 
PARAMETRIC_REPRESENTATION_CONTEXT() REPRESENTATION_CONTEXT('2D SPACE',''
  ) );
#3020 = ORIENTED_EDGE('',*,*,#3021,.T.);
#3021 = EDGE_CURVE('',#2927,#3022,#3024,.T.);
#3022 = VERTEX_POINT('',#3023);
#3023 = CARTESIAN_POINT('',(5.,8.732186624299,5.6));
#3024 = SURFACE_CURVE('',#3025,(#3032,#3042),.PCURVE_S1.);
#3025 = B_SPLINE_CURVE_WITH_KNOTS('',5,(#3026,#3027,#3028,#3029,#3030,
    #3031),.UNSPECIFIED.,.F.,.F.,(6,6),(0.,1.),
  .PIECEWISE_BEZIER_KNOTS.);
#3026 = CARTESIAN_POINT('',(5.,8.732186624299,2.4));
#3027 = CARTESIAN_POINT('',(5.,8.732186624299,3.004575136939));
#3028 = CARTESIAN_POINT('',(5.,8.732186624299,3.632603755795));
#3029 = CARTESIAN_POINT('',(5.,8.732186624299,4.377333058319));
#3030 = CARTESIAN_POINT('',(5.,8.732186624299,5.138901211237));
#3031 = CARTESIAN_POINT('',(5.,8.732186624299,5.6));
#3032 = PCURVE('',#624,#3033);
#3033 = DEFINITIONAL_REPRESENTATION('',(#3034),#3041);
#3034 = B_SPLINE_CURVE_WITH_KNOTS('',5,(#3035,#3036,#3037,#3038,#3039,
    #3040),.UNSPECIFIED.,.F.,.F.,(6,6),(0.,1.),
  .PIECEWISE_BEZIER_KNOTS.);
#3035 = CARTESIAN_POINT('',(5.387520513322,-24.1));
#3036 = CARTESIAN_POINT('',(5.387520513322,-23.49542486306));
#3037 = CARTESIAN_POINT('',(5.387520513322,-22.8673962442));
#3038 = CARTESIAN_POINT('',(5.387520513322,-22.12266694168));
#3039 = CARTESIAN_POINT('',(5.387520513322,-21.36109878876));
#3040 = CARTESIAN_POINT('',(5.387520513322,-20.9));
#3041 = ( GEOMETRIC_REPRESENTATION_CONTEXT(2) 
PARAMETRIC_REPRESENTATION_CONTEXT() REPRESENTATION_CONTEXT('2D SPACE',''
  ) );
#3042 = PCURVE('',#3043,#3048);
#3043 = PLANE('',#3044);
#3044 = AXIS2_PLACEMENT_3D('',#3045,#3046,#3047);
#3045 = CARTESIAN_POINT('',(5.,-10.53,5.6));
#3046 = DIRECTION('',(1.,0.,1.110223024625E-16));
#3047 = DIRECTION('',(0.,1.,0.));
#3048 = DEFINITIONAL_REPRESENTATION('',(#3049),#3056);
#3049 = B_SPLINE_CURVE_WITH_KNOTS('',5,(#3050,#3051,#3052,#3053,#3054,
    #3055),.UNSPECIFIED.,.F.,.F.,(6,6),(0.,1.),
  .PIECEWISE_BEZIER_KNOTS.);
#3050 = CARTESIAN_POINT('',(19.262186624299,-3.2));
#3051 = CARTESIAN_POINT('',(19.262186624299,-2.595424863061));
#3052 = CARTESIAN_POINT('',(19.262186624299,-1.967396244205));
#3053 = CARTESIAN_POINT('',(19.262186624299,-1.222666941681));
#3054 = CARTESIAN_POINT('',(19.262186624299,-0.461098788763));
#3055 = CARTESIAN_POINT('',(19.262186624299,0.));
#3056 = ( GEOMETRIC_REPRESENTATION_CONTEXT(2) 
PARAMETRIC_REPRESENTATION_CONTEXT() REPRESENTATION_CONTEXT('2D SPACE',''
  ) );
#3057 = ORIENTED_EDGE('',*,*,#3058,.F.);
#3058 = EDGE_CURVE('',#3059,#3022,#3061,.T.);
#3059 = VERTEX_POINT('',#3060);
#3060 = CARTESIAN_POINT('',(8.,6.,5.6));
#3061 = SURFACE_CURVE('',#3062,(#3090,#3121),.PCURVE_S1.);
#3062 = B_SPLINE_CURVE_WITH_KNOTS('',6,(#3063,#3064,#3065,#3066,#3067,
    #3068,#3069,#3070,#3071,#3072,#3073,#3074,#3075,#3076,#3077,#3078,
    #3079,#3080,#3081,#3082,#3083,#3084,#3085,#3086,#3087,#3088,#3089),
  .UNSPECIFIED.,.F.,.F.,(7,5,5,5,5,7),(0.,0.179093933348,0.301853997552,
    0.546282957023,0.8420071473,1.),.UNSPECIFIED.);
#3063 = CARTESIAN_POINT('',(8.,6.,5.6));
#3064 = CARTESIAN_POINT('',(8.,6.126203025231,5.6));
#3065 = CARTESIAN_POINT('',(7.987518143031,6.252466429234,5.6));
#3066 = CARTESIAN_POINT('',(7.962532875084,6.377131822344,5.6));
#3067 = CARTESIAN_POINT('',(7.925966710094,6.499002687632,5.6));
#3068 = CARTESIAN_POINT('',(7.879126187575,6.617234579295,5.6));
#3069 = CARTESIAN_POINT('',(7.785260961592,6.809445126544,5.6));
#3070 = CARTESIAN_POINT('',(7.742906407891,6.885690017448,5.6));
#3071 = CARTESIAN_POINT('',(7.696790224158,6.959894461159,5.6));
#3072 = CARTESIAN_POINT('',(7.647320252622,7.032011841132,5.6));
#3073 = CARTESIAN_POINT('',(7.594866170301,7.102049140086,5.6));
#3074 = CARTESIAN_POINT('',(7.429955665475,7.305451256994,5.6));
#3075 = CARTESIAN_POINT('',(7.30963432863,7.432689141802,5.6));
#3076 = CARTESIAN_POINT('',(7.181103147475,7.552280058075,5.6));
#3077 = CARTESIAN_POINT('',(7.046127966971,7.664753354284,5.6));
#3078 = CARTESIAN_POINT('',(6.905969065648,7.770702564278,5.6));
#3079 = CARTESIAN_POINT('',(6.586378160779,7.991792105865,5.6));
#3080 = CARTESIAN_POINT('',(6.405030161431,8.10409062556,5.6));
#3081 = CARTESIAN_POINT('',(6.218760964953,8.208663368052,5.6));
#3082 = CARTESIAN_POINT('',(6.0285800284,8.306211281334,5.6));
#3083 = CARTESIAN_POINT('',(5.835205640127,8.397358085571,5.6));
#3084 = CARTESIAN_POINT('',(5.534259800131,8.528197210579,5.6));
#3085 = CARTESIAN_POINT('',(5.428687073176,8.572076651273,5.6));
#3086 = CARTESIAN_POINT('',(5.322413651149,8.614351764713,5.6));
#3087 = CARTESIAN_POINT('',(5.215505505778,8.655089638338,5.6));
#3088 = CARTESIAN_POINT('',(5.108018615351,8.694349827372,5.6));
#3089 = CARTESIAN_POINT('',(5.,8.732186624299,5.6));
#3090 = PCURVE('',#624,#3091);
#3091 = DEFINITIONAL_REPRESENTATION('',(#3092),#3120);
#3092 = B_SPLINE_CURVE_WITH_KNOTS('',6,(#3093,#3094,#3095,#3096,#3097,
    #3098,#3099,#3100,#3101,#3102,#3103,#3104,#3105,#3106,#3107,#3108,
    #3109,#3110,#3111,#3112,#3113,#3114,#3115,#3116,#3117,#3118,#3119),
  .UNSPECIFIED.,.F.,.F.,(7,5,5,5,5,7),(0.,0.179093933348,0.301853997552,
    0.546282957023,0.8420071473,1.),.UNSPECIFIED.);
#3093 = CARTESIAN_POINT('',(6.28318530718,-20.9));
#3094 = CARTESIAN_POINT('',(6.247127299971,-20.9));
#3095 = CARTESIAN_POINT('',(6.211052068261,-20.9));
#3096 = CARTESIAN_POINT('',(6.175348867505,-20.9));
#3097 = CARTESIAN_POINT('',(6.140275398152,-20.9));
#3098 = CARTESIAN_POINT('',(6.106017114474,-20.9));
#3099 = CARTESIAN_POINT('',(6.049860399487,-20.9));
#3100 = CARTESIAN_POINT('',(6.027450787239,-20.9));
#3101 = CARTESIAN_POINT('',(6.005491517939,-20.9));
#3102 = CARTESIAN_POINT('',(5.983989096498,-20.9));
#3103 = CARTESIAN_POINT('',(5.962937767335,-20.9));
#3104 = CARTESIAN_POINT('',(5.901275219596,-20.9));
#3105 = CARTESIAN_POINT('',(5.86198513286,-20.9));
#3106 = CARTESIAN_POINT('',(5.82428678278,-20.9));
#3107 = CARTESIAN_POINT('',(5.788039564505,-20.9));
#3108 = CARTESIAN_POINT('',(5.753090902802,-20.9));
#3109 = CARTESIAN_POINT('',(5.678350261027,-20.9));
#3110 = CARTESIAN_POINT('',(5.639116413692,-20.9));
#3111 = CARTESIAN_POINT('',(5.601296403143,-20.9));
#3112 = CARTESIAN_POINT('',(5.564714239685,-20.9));
#3113 = CARTESIAN_POINT('',(5.529212019844,-20.9));
#3114 = CARTESIAN_POINT('',(5.476178157592,-20.9));
#3115 = CARTESIAN_POINT('',(5.457980393544,-20.9));
#3116 = CARTESIAN_POINT('',(5.440032283947,-20.9));
#3117 = CARTESIAN_POINT('',(5.422316444369,-20.9));
#3118 = CARTESIAN_POINT('',(5.404817334774,-20.9));
#3119 = CARTESIAN_POINT('',(5.387520513322,-20.9));
#3120 = ( GEOMETRIC_REPRESENTATION_CONTEXT(2) 
PARAMETRIC_REPRESENTATION_CONTEXT() REPRESENTATION_CONTEXT('2D SPACE',''
  ) );
#3121 = PCURVE('',#977,#3122);
#3122 = DEFINITIONAL_REPRESENTATION('',(#3123),#3151);
#3123 = B_SPLINE_CURVE_WITH_KNOTS('',6,(#3124,#3125,#3126,#3127,#3128,
    #3129,#3130,#3131,#3132,#3133,#3134,#3135,#3136,#3137,#3138,#3139,
    #3140,#3141,#3142,#3143,#3144,#3145,#3146,#3147,#3148,#3149,#3150),
  .UNSPECIFIED.,.F.,.F.,(7,5,5,5,5,7),(0.,0.179093933348,0.301853997552,
    0.546282957023,0.8420071473,1.),.UNSPECIFIED.);
#3124 = CARTESIAN_POINT('',(0.,-6.));
#3125 = CARTESIAN_POINT('',(0.,-6.126203025231));
#3126 = CARTESIAN_POINT('',(-1.248185696865E-02,-6.252466429234));
#3127 = CARTESIAN_POINT('',(-3.746712491584E-02,-6.377131822344));
#3128 = CARTESIAN_POINT('',(-7.403328990581E-02,-6.499002687632));
#3129 = CARTESIAN_POINT('',(-0.120873812425,-6.617234579295));
#3130 = CARTESIAN_POINT('',(-0.214739038408,-6.809445126544));
#3131 = CARTESIAN_POINT('',(-0.257093592109,-6.885690017448));
#3132 = CARTESIAN_POINT('',(-0.303209775842,-6.959894461159));
#3133 = CARTESIAN_POINT('',(-0.352679747378,-7.032011841132));
#3134 = CARTESIAN_POINT('',(-0.405133829699,-7.102049140086));
#3135 = CARTESIAN_POINT('',(-0.570044334525,-7.305451256994));
#3136 = CARTESIAN_POINT('',(-0.69036567137,-7.432689141802));
#3137 = CARTESIAN_POINT('',(-0.818896852525,-7.552280058075));
#3138 = CARTESIAN_POINT('',(-0.953872033029,-7.664753354284));
#3139 = CARTESIAN_POINT('',(-1.094030934352,-7.770702564278));
#3140 = CARTESIAN_POINT('',(-1.413621839221,-7.991792105865));
#3141 = CARTESIAN_POINT('',(-1.594969838569,-8.10409062556));
#3142 = CARTESIAN_POINT('',(-1.781239035047,-8.208663368052));
#3143 = CARTESIAN_POINT('',(-1.9714199716,-8.306211281334));
#3144 = CARTESIAN_POINT('',(-2.164794359873,-8.397358085571));
#3145 = CARTESIAN_POINT('',(-2.465740199869,-8.528197210579));
#3146 = CARTESIAN_POINT('',(-2.571312926824,-8.572076651273));
#3147 = CARTESIAN_POINT('',(-2.677586348851,-8.614351764713));
#3148 = CARTESIAN_POINT('',(-2.784494494222,-8.655089638338));
#3149 = CARTESIAN_POINT('',(-2.891981384649,-8.694349827372));
#3150 = CARTESIAN_POINT('',(-3.,-8.732186624299));
#3151 = ( GEOMETRIC_REPRESENTATION_CONTEXT(2) 
PARAMETRIC_REPRESENTATION_CONTEXT() REPRESENTATION_CONTEXT('2D SPACE',''
  ) );
#3152 = ORIENTED_EDGE('',*,*,#3153,.F.);
#3153 = EDGE_CURVE('',#3154,#3059,#3156,.T.);
#3154 = VERTEX_POINT('',#3155);
#3155 = CARTESIAN_POINT('',(8.,6.,19.4));
#3156 = SURFACE_CURVE('',#3157,(#3161,#3168),.PCURVE_S1.);
#3157 = LINE('',#3158,#3159);
#3158 = CARTESIAN_POINT('',(8.,6.,26.5));
#3159 = VECTOR('',#3160,1.);
#3160 = DIRECTION('',(1.110223024625E-16,0.,-1.));
#3161 = PCURVE('',#624,#3162);
#3162 = DEFINITIONAL_REPRESENTATION('',(#3163),#3167);
#3163 = LINE('',#3164,#3165);
#3164 = CARTESIAN_POINT('',(6.28318530718,0.));
#3165 = VECTOR('',#3166,1.);
#3166 = DIRECTION('',(0.,-1.));
#3167 = ( GEOMETRIC_REPRESENTATION_CONTEXT(2) 
PARAMETRIC_REPRESENTATION_CONTEXT() REPRESENTATION_CONTEXT('2D SPACE',''
  ) );
#3168 = PCURVE('',#3169,#3174);
#3169 = PLANE('',#3170);
#3170 = AXIS2_PLACEMENT_3D('',#3171,#3172,#3173);
#3171 = CARTESIAN_POINT('',(8.,6.,26.5));
#3172 = DIRECTION('',(-1.,0.,-1.110223024625E-16));
#3173 = DIRECTION('',(0.,-1.,0.));
#3174 = DEFINITIONAL_REPRESENTATION('',(#3175),#3179);
#3175 = LINE('',#3176,#3177);
#3176 = CARTESIAN_POINT('',(-8.881784197001E-16,0.));
#3177 = VECTOR('',#3178,1.);
#3178 = DIRECTION('',(0.,-1.));
#3179 = ( GEOMETRIC_REPRESENTATION_CONTEXT(2) 
PARAMETRIC_REPRESENTATION_CONTEXT() REPRESENTATION_CONTEXT('2D SPACE',''
  ) );
#3180 = ORIENTED_EDGE('',*,*,#3181,.T.);
#3181 = EDGE_CURVE('',#3154,#3182,#3184,.T.);
#3182 = VERTEX_POINT('',#3183);
#3183 = CARTESIAN_POINT('',(5.,8.732186624299,19.4));
#3184 = SURFACE_CURVE('',#3185,(#3213,#3244),.PCURVE_S1.);
#3185 = B_SPLINE_CURVE_WITH_KNOTS('',6,(#3186,#3187,#3188,#3189,#3190,
    #3191,#3192,#3193,#3194,#3195,#3196,#3197,#3198,#3199,#3200,#3201,
    #3202,#3203,#3204,#3205,#3206,#3207,#3208,#3209,#3210,#3211,#3212),
  .UNSPECIFIED.,.F.,.F.,(7,5,5,5,5,7),(0.,0.179093933348,0.301853997552,
    0.546282957023,0.8420071473,1.),.UNSPECIFIED.);
#3186 = CARTESIAN_POINT('',(8.,6.,19.4));
#3187 = CARTESIAN_POINT('',(8.,6.126203025231,19.4));
#3188 = CARTESIAN_POINT('',(7.987518143031,6.252466429234,19.4));
#3189 = CARTESIAN_POINT('',(7.962532875084,6.377131822344,19.4));
#3190 = CARTESIAN_POINT('',(7.925966710094,6.499002687632,19.4));
#3191 = CARTESIAN_POINT('',(7.879126187575,6.617234579295,19.4));
#3192 = CARTESIAN_POINT('',(7.785260961592,6.809445126544,19.4));
#3193 = CARTESIAN_POINT('',(7.742906407891,6.885690017448,19.4));
#3194 = CARTESIAN_POINT('',(7.696790224158,6.959894461159,19.4));
#3195 = CARTESIAN_POINT('',(7.647320252622,7.032011841132,19.4));
#3196 = CARTESIAN_POINT('',(7.594866170301,7.102049140086,19.4));
#3197 = CARTESIAN_POINT('',(7.429955665475,7.305451256994,19.4));
#3198 = CARTESIAN_POINT('',(7.30963432863,7.432689141802,19.4));
#3199 = CARTESIAN_POINT('',(7.181103147475,7.552280058075,19.4));
#3200 = CARTESIAN_POINT('',(7.046127966971,7.664753354284,19.4));
#3201 = CARTESIAN_POINT('',(6.905969065648,7.770702564278,19.4));
#3202 = CARTESIAN_POINT('',(6.586378160779,7.991792105865,19.4));
#3203 = CARTESIAN_POINT('',(6.405030161431,8.10409062556,19.4));
#3204 = CARTESIAN_POINT('',(6.218760964953,8.208663368052,19.4));
#3205 = CARTESIAN_POINT('',(6.0285800284,8.306211281334,19.4));
#3206 = CARTESIAN_POINT('',(5.835205640127,8.397358085571,19.4));
#3207 = CARTESIAN_POINT('',(5.534259800131,8.528197210579,19.4));
#3208 = CARTESIAN_POINT('',(5.428687073176,8.572076651273,19.4));
#3209 = CARTESIAN_POINT('',(5.322413651149,8.614351764713,19.4));
#3210 = CARTESIAN_POINT('',(5.215505505778,8.655089638338,19.4));
#3211 = CARTESIAN_POINT('',(5.108018615351,8.694349827372,19.4));
#3212 = CARTESIAN_POINT('',(5.,8.732186624299,19.4));
#3213 = PCURVE('',#624,#3214);
#3214 = DEFINITIONAL_REPRESENTATION('',(#3215),#3243);
#3215 = B_SPLINE_CURVE_WITH_KNOTS('',6,(#3216,#3217,#3218,#3219,#3220,
    #3221,#3222,#3223,#3224,#3225,#3226,#3227,#3228,#3229,#3230,#3231,
    #3232,#3233,#3234,#3235,#3236,#3237,#3238,#3239,#3240,#3241,#3242),
  .UNSPECIFIED.,.F.,.F.,(7,5,5,5,5,7),(0.,0.179093933348,0.301853997552,
    0.546282957023,0.8420071473,1.),.UNSPECIFIED.);
#3216 = CARTESIAN_POINT('',(6.28318530718,-7.1));
#3217 = CARTESIAN_POINT('',(6.247127299971,-7.1));
#3218 = CARTESIAN_POINT('',(6.211052068261,-7.1));
#3219 = CARTESIAN_POINT('',(6.175348867505,-7.1));
#3220 = CARTESIAN_POINT('',(6.140275398152,-7.1));
#3221 = CARTESIAN_POINT('',(6.106017114474,-7.1));
#3222 = CARTESIAN_POINT('',(6.049860399487,-7.1));
#3223 = CARTESIAN_POINT('',(6.027450787239,-7.1));
#3224 = CARTESIAN_POINT('',(6.005491517939,-7.1));
#3225 = CARTESIAN_POINT('',(5.983989096498,-7.1));
#3226 = CARTESIAN_POINT('',(5.962937767335,-7.1));
#3227 = CARTESIAN_POINT('',(5.901275219596,-7.1));
#3228 = CARTESIAN_POINT('',(5.86198513286,-7.1));
#3229 = CARTESIAN_POINT('',(5.82428678278,-7.1));
#3230 = CARTESIAN_POINT('',(5.788039564505,-7.1));
#3231 = CARTESIAN_POINT('',(5.753090902802,-7.1));
#3232 = CARTESIAN_POINT('',(5.678350261027,-7.1));
#3233 = CARTESIAN_POINT('',(5.639116413692,-7.1));
#3234 = CARTESIAN_POINT('',(5.601296403143,-7.1));
#3235 = CARTESIAN_POINT('',(5.564714239685,-7.1));
#3236 = CARTESIAN_POINT('',(5.529212019844,-7.1));
#3237 = CARTESIAN_POINT('',(5.476178157592,-7.1));
#3238 = CARTESIAN_POINT('',(5.457980393544,-7.1));
#3239 = CARTESIAN_POINT('',(5.440032283947,-7.1));
#3240 = CARTESIAN_POINT('',(5.422316444369,-7.1));
#3241 = CARTESIAN_POINT('',(5.404817334774,-7.1));
#3242 = CARTESIAN_POINT('',(5.387520513322,-7.1));
#3243 = ( GEOMETRIC_REPRESENTATION_CONTEXT(2) 
PARAMETRIC_REPRESENTATION_CONTEXT() REPRESENTATION_CONTEXT('2D SPACE',''
  ) );
#3244 = PCURVE('',#861,#3245);
#3245 = DEFINITIONAL_REPRESENTATION('',(#3246),#3274);
#3246 = B_SPLINE_CURVE_WITH_KNOTS('',6,(#3247,#3248,#3249,#3250,#3251,
    #3252,#3253,#3254,#3255,#3256,#3257,#3258,#3259,#3260,#3261,#3262,
    #3263,#3264,#3265,#3266,#3267,#3268,#3269,#3270,#3271,#3272,#3273),
  .UNSPECIFIED.,.F.,.F.,(7,5,5,5,5,7),(0.,0.179093933348,0.301853997552,
    0.546282957023,0.8420071473,1.),.UNSPECIFIED.);
#3247 = CARTESIAN_POINT('',(0.,-6.));
#3248 = CARTESIAN_POINT('',(0.,-6.126203025231));
#3249 = CARTESIAN_POINT('',(-1.248185696865E-02,-6.252466429234));
#3250 = CARTESIAN_POINT('',(-3.746712491584E-02,-6.377131822344));
#3251 = CARTESIAN_POINT('',(-7.403328990581E-02,-6.499002687632));
#3252 = CARTESIAN_POINT('',(-0.120873812425,-6.617234579295));
#3253 = CARTESIAN_POINT('',(-0.214739038408,-6.809445126544));
#3254 = CARTESIAN_POINT('',(-0.257093592109,-6.885690017448));
#3255 = CARTESIAN_POINT('',(-0.303209775842,-6.959894461159));
#3256 = CARTESIAN_POINT('',(-0.352679747378,-7.032011841132));
#3257 = CARTESIAN_POINT('',(-0.405133829699,-7.102049140086));
#3258 = CARTESIAN_POINT('',(-0.570044334525,-7.305451256994));
#3259 = CARTESIAN_POINT('',(-0.69036567137,-7.432689141802));
#3260 = CARTESIAN_POINT('',(-0.818896852525,-7.552280058075));
#3261 = CARTESIAN_POINT('',(-0.953872033029,-7.664753354284));
#3262 = CARTESIAN_POINT('',(-1.094030934352,-7.770702564278));
#3263 = CARTESIAN_POINT('',(-1.413621839221,-7.991792105865));
#3264 = CARTESIAN_POINT('',(-1.594969838569,-8.10409062556));
#3265 = CARTESIAN_POINT('',(-1.781239035047,-8.208663368052));
#3266 = CARTESIAN_POINT('',(-1.9714199716,-8.306211281334));
#3267 = CARTESIAN_POINT('',(-2.164794359873,-8.397358085571));
#3268 = CARTESIAN_POINT('',(-2.465740199869,-8.528197210579));
#3269 = CARTESIAN_POINT('',(-2.571312926824,-8.572076651273));
#3270 = CARTESIAN_POINT('',(-2.677586348851,-8.614351764713));
#3271 = CARTESIAN_POINT('',(-2.784494494222,-8.655089638338));
#3272 = CARTESIAN_POINT('',(-2.891981384649,-8.694349827372));
#3273 = CARTESIAN_POINT('',(-3.,-8.732186624299));
#3274 = ( GEOMETRIC_REPRESENTATION_CONTEXT(2) 
PARAMETRIC_REPRESENTATION_CONTEXT() REPRESENTATION_CONTEXT('2D SPACE',''
  ) );
#3275 = ORIENTED_EDGE('',*,*,#3276,.T.);
#3276 = EDGE_CURVE('',#3182,#1879,#3277,.T.);
#3277 = SURFACE_CURVE('',#3278,(#3285,#3295),.PCURVE_S1.);
#3278 = B_SPLINE_CURVE_WITH_KNOTS('',5,(#3279,#3280,#3281,#3282,#3283,
    #3284),.UNSPECIFIED.,.F.,.F.,(6,6),(0.,1.),
  .PIECEWISE_BEZIER_KNOTS.);
#3279 = CARTESIAN_POINT('',(5.,8.732186624299,19.4));
#3280 = CARTESIAN_POINT('',(5.,8.732186624299,19.737024664169));
#3281 = CARTESIAN_POINT('',(5.,8.732186624299,20.616111229778));
#3282 = CARTESIAN_POINT('',(5.,8.732186624299,21.357145940193));
#3283 = CARTESIAN_POINT('',(5.,8.732186624299,21.873199294931));
#3284 = CARTESIAN_POINT('',(5.,8.732186624299,22.6));
#3285 = PCURVE('',#624,#3286);
#3286 = DEFINITIONAL_REPRESENTATION('',(#3287),#3294);
#3287 = B_SPLINE_CURVE_WITH_KNOTS('',5,(#3288,#3289,#3290,#3291,#3292,
    #3293),.UNSPECIFIED.,.F.,.F.,(6,6),(0.,1.),
  .PIECEWISE_BEZIER_KNOTS.);
#3288 = CARTESIAN_POINT('',(5.387520513322,-7.1));
#3289 = CARTESIAN_POINT('',(5.387520513322,-6.762975335831));
#3290 = CARTESIAN_POINT('',(5.387520513322,-5.883888770222));
#3291 = CARTESIAN_POINT('',(5.387520513322,-5.142854059807));
#3292 = CARTESIAN_POINT('',(5.387520513322,-4.626800705069));
#3293 = CARTESIAN_POINT('',(5.387520513322,-3.9));
#3294 = ( GEOMETRIC_REPRESENTATION_CONTEXT(2) 
PARAMETRIC_REPRESENTATION_CONTEXT() REPRESENTATION_CONTEXT('2D SPACE',''
  ) );
#3295 = PCURVE('',#1989,#3296);
#3296 = DEFINITIONAL_REPRESENTATION('',(#3297),#3304);
#3297 = B_SPLINE_CURVE_WITH_KNOTS('',5,(#3298,#3299,#3300,#3301,#3302,
    #3303),.UNSPECIFIED.,.F.,.F.,(6,6),(0.,1.),
  .PIECEWISE_BEZIER_KNOTS.);
#3298 = CARTESIAN_POINT('',(19.262186624299,-3.2));
#3299 = CARTESIAN_POINT('',(19.262186624299,-2.862975335831));
#3300 = CARTESIAN_POINT('',(19.262186624299,-1.983888770222));
#3301 = CARTESIAN_POINT('',(19.262186624299,-1.242854059807));
#3302 = CARTESIAN_POINT('',(19.262186624299,-0.726800705069));
#3303 = CARTESIAN_POINT('',(19.262186624299,0.));
#3304 = ( GEOMETRIC_REPRESENTATION_CONTEXT(2) 
PARAMETRIC_REPRESENTATION_CONTEXT() REPRESENTATION_CONTEXT('2D SPACE',''
  ) );
#3305 = ORIENTED_EDGE('',*,*,#1878,.F.);
#3306 = ADVANCED_FACE('',(#3307),#516,.T.);
#3307 = FACE_BOUND('',#3308,.T.);
#3308 = EDGE_LOOP('',(#3309,#3310,#3311,#3332));
#3309 = ORIENTED_EDGE('',*,*,#2729,.T.);
#3310 = ORIENTED_EDGE('',*,*,#1855,.T.);
#3311 = ORIENTED_EDGE('',*,*,#3312,.F.);
#3312 = EDGE_CURVE('',#473,#1833,#3313,.T.);
#3313 = SURFACE_CURVE('',#3314,(#3318,#3325),.PCURVE_S1.);
#3314 = LINE('',#3315,#3316);
#3315 = CARTESIAN_POINT('',(8.,1.1,25.5));
#3316 = VECTOR('',#3317,1.);
#3317 = DIRECTION('',(1.110223024625E-16,0.,-1.));
#3318 = PCURVE('',#516,#3319);
#3319 = DEFINITIONAL_REPRESENTATION('',(#3320),#3324);
#3320 = LINE('',#3321,#3322);
#3321 = CARTESIAN_POINT('',(4.9,-1.));
#3322 = VECTOR('',#3323,1.);
#3323 = DIRECTION('',(0.,-1.));
#3324 = ( GEOMETRIC_REPRESENTATION_CONTEXT(2) 
PARAMETRIC_REPRESENTATION_CONTEXT() REPRESENTATION_CONTEXT('2D SPACE',''
  ) );
#3325 = PCURVE('',#488,#3326);
#3326 = DEFINITIONAL_REPRESENTATION('',(#3327),#3331);
#3327 = LINE('',#3328,#3329);
#3328 = CARTESIAN_POINT('',(0.4,-1.));
#3329 = VECTOR('',#3330,1.);
#3330 = DIRECTION('',(0.,1.));
#3331 = ( GEOMETRIC_REPRESENTATION_CONTEXT(2) 
PARAMETRIC_REPRESENTATION_CONTEXT() REPRESENTATION_CONTEXT('2D SPACE',''
  ) );
#3332 = ORIENTED_EDGE('',*,*,#500,.T.);
#3333 = ADVANCED_FACE('',(#3334),#488,.F.);
#3334 = FACE_BOUND('',#3335,.F.);
#3335 = EDGE_LOOP('',(#3336,#3337,#3338,#3359));
#3336 = ORIENTED_EDGE('',*,*,#3312,.F.);
#3337 = ORIENTED_EDGE('',*,*,#472,.T.);
#3338 = ORIENTED_EDGE('',*,*,#3339,.T.);
#3339 = EDGE_CURVE('',#445,#1810,#3340,.T.);
#3340 = SURFACE_CURVE('',#3341,(#3345,#3352),.PCURVE_S1.);
#3341 = LINE('',#3342,#3343);
#3342 = CARTESIAN_POINT('',(9.2,1.1,24.5));
#3343 = VECTOR('',#3344,1.);
#3344 = DIRECTION('',(1.110223024625E-16,0.,-1.));
#3345 = PCURVE('',#488,#3346);
#3346 = DEFINITIONAL_REPRESENTATION('',(#3347),#3351);
#3347 = LINE('',#3348,#3349);
#3348 = CARTESIAN_POINT('',(1.6,1.7763568394E-16));
#3349 = VECTOR('',#3350,1.);
#3350 = DIRECTION('',(0.,1.));
#3351 = ( GEOMETRIC_REPRESENTATION_CONTEXT(2) 
PARAMETRIC_REPRESENTATION_CONTEXT() REPRESENTATION_CONTEXT('2D SPACE',''
  ) );
#3352 = PCURVE('',#460,#3353);
#3353 = DEFINITIONAL_REPRESENTATION('',(#3354),#3358);
#3354 = LINE('',#3355,#3356);
#3355 = CARTESIAN_POINT('',(0.,2.2));
#3356 = VECTOR('',#3357,1.);
#3357 = DIRECTION('',(1.,0.));
#3358 = ( GEOMETRIC_REPRESENTATION_CONTEXT(2) 
PARAMETRIC_REPRESENTATION_CONTEXT() REPRESENTATION_CONTEXT('2D SPACE',''
  ) );
#3359 = ORIENTED_EDGE('',*,*,#1832,.T.);
#3360 = ADVANCED_FACE('',(#3361),#460,.F.);
#3361 = FACE_BOUND('',#3362,.F.);
#3362 = EDGE_LOOP('',(#3363,#3364,#3365,#3386));
#3363 = ORIENTED_EDGE('',*,*,#3339,.F.);
#3364 = ORIENTED_EDGE('',*,*,#444,.F.);
#3365 = ORIENTED_EDGE('',*,*,#3366,.T.);
#3366 = EDGE_CURVE('',#417,#1787,#3367,.T.);
#3367 = SURFACE_CURVE('',#3368,(#3372,#3379),.PCURVE_S1.);
#3368 = LINE('',#3369,#3370);
#3369 = CARTESIAN_POINT('',(9.2,-1.1,24.5));
#3370 = VECTOR('',#3371,1.);
#3371 = DIRECTION('',(1.110223024625E-16,0.,-1.));
#3372 = PCURVE('',#460,#3373);
#3373 = DEFINITIONAL_REPRESENTATION('',(#3374),#3378);
#3374 = LINE('',#3375,#3376);
#3375 = CARTESIAN_POINT('',(0.,0.));
#3376 = VECTOR('',#3377,1.);
#3377 = DIRECTION('',(1.,0.));
#3378 = ( GEOMETRIC_REPRESENTATION_CONTEXT(2) 
PARAMETRIC_REPRESENTATION_CONTEXT() REPRESENTATION_CONTEXT('2D SPACE',''
  ) );
#3379 = PCURVE('',#432,#3380);
#3380 = DEFINITIONAL_REPRESENTATION('',(#3381),#3385);
#3381 = LINE('',#3382,#3383);
#3382 = CARTESIAN_POINT('',(1.6,1.7763568394E-16));
#3383 = VECTOR('',#3384,1.);
#3384 = DIRECTION('',(0.,1.));
#3385 = ( GEOMETRIC_REPRESENTATION_CONTEXT(2) 
PARAMETRIC_REPRESENTATION_CONTEXT() REPRESENTATION_CONTEXT('2D SPACE',''
  ) );
#3386 = ORIENTED_EDGE('',*,*,#1809,.T.);
#3387 = ADVANCED_FACE('',(#3388),#432,.T.);
#3388 = FACE_BOUND('',#3389,.T.);
#3389 = EDGE_LOOP('',(#3390,#3411,#3412,#3413));
#3390 = ORIENTED_EDGE('',*,*,#3391,.F.);
#3391 = EDGE_CURVE('',#389,#1764,#3392,.T.);
#3392 = SURFACE_CURVE('',#3393,(#3397,#3404),.PCURVE_S1.);
#3393 = LINE('',#3394,#3395);
#3394 = CARTESIAN_POINT('',(8.,-1.1,25.5));
#3395 = VECTOR('',#3396,1.);
#3396 = DIRECTION('',(1.110223024625E-16,0.,-1.));
#3397 = PCURVE('',#432,#3398);
#3398 = DEFINITIONAL_REPRESENTATION('',(#3399),#3403);
#3399 = LINE('',#3400,#3401);
#3400 = CARTESIAN_POINT('',(0.4,-1.));
#3401 = VECTOR('',#3402,1.);
#3402 = DIRECTION('',(0.,1.));
#3403 = ( GEOMETRIC_REPRESENTATION_CONTEXT(2) 
PARAMETRIC_REPRESENTATION_CONTEXT() REPRESENTATION_CONTEXT('2D SPACE',''
  ) );
#3404 = PCURVE('',#404,#3405);
#3405 = DEFINITIONAL_REPRESENTATION('',(#3406),#3410);
#3406 = LINE('',#3407,#3408);
#3407 = CARTESIAN_POINT('',(7.1,-1.));
#3408 = VECTOR('',#3409,1.);
#3409 = DIRECTION('',(0.,-1.));
#3410 = ( GEOMETRIC_REPRESENTATION_CONTEXT(2) 
PARAMETRIC_REPRESENTATION_CONTEXT() REPRESENTATION_CONTEXT('2D SPACE',''
  ) );
#3411 = ORIENTED_EDGE('',*,*,#416,.T.);
#3412 = ORIENTED_EDGE('',*,*,#3366,.T.);
#3413 = ORIENTED_EDGE('',*,*,#1786,.T.);
#3414 = ADVANCED_FACE('',(#3415),#404,.T.);
#3415 = FACE_BOUND('',#3416,.T.);
#3416 = EDGE_LOOP('',(#3417,#3438,#3439,#3440));
#3417 = ORIENTED_EDGE('',*,*,#3418,.F.);
#3418 = EDGE_CURVE('',#253,#1684,#3419,.T.);
#3419 = SURFACE_CURVE('',#3420,(#3424,#3431),.PCURVE_S1.);
#3420 = LINE('',#3421,#3422);
#3421 = CARTESIAN_POINT('',(8.,-6.,26.5));
#3422 = VECTOR('',#3423,1.);
#3423 = DIRECTION('',(1.110223024625E-16,0.,-1.));
#3424 = PCURVE('',#404,#3425);
#3425 = DEFINITIONAL_REPRESENTATION('',(#3426),#3430);
#3426 = LINE('',#3427,#3428);
#3427 = CARTESIAN_POINT('',(12.,0.));
#3428 = VECTOR('',#3429,1.);
#3429 = DIRECTION('',(0.,-1.));
#3430 = ( GEOMETRIC_REPRESENTATION_CONTEXT(2) 
PARAMETRIC_REPRESENTATION_CONTEXT() REPRESENTATION_CONTEXT('2D SPACE',''
  ) );
#3431 = PCURVE('',#338,#3432);
#3432 = DEFINITIONAL_REPRESENTATION('',(#3433),#3437);
#3433 = LINE('',#3434,#3435);
#3434 = CARTESIAN_POINT('',(0.,0.));
#3435 = VECTOR('',#3436,1.);
#3436 = DIRECTION('',(0.,-1.));
#3437 = ( GEOMETRIC_REPRESENTATION_CONTEXT(2) 
PARAMETRIC_REPRESENTATION_CONTEXT() REPRESENTATION_CONTEXT('2D SPACE',''
  ) );
#3438 = ORIENTED_EDGE('',*,*,#388,.T.);
#3439 = ORIENTED_EDGE('',*,*,#3391,.T.);
#3440 = ORIENTED_EDGE('',*,*,#1763,.T.);
#3441 = ADVANCED_FACE('',(#3442),#338,.T.);
#3442 = FACE_BOUND('',#3443,.T.);
#3443 = EDGE_LOOP('',(#3444,#3467,#3468,#3469,#3470,#3502,#3582,#3610,
    #3690,#3727,#3807,#3830));
#3444 = ORIENTED_EDGE('',*,*,#3445,.F.);
#3445 = EDGE_CURVE('',#225,#3446,#3448,.T.);
#3446 = VERTEX_POINT('',#3447);
#3447 = CARTESIAN_POINT('',(2.6645352591E-15,-9.5,0.5));
#3448 = SURFACE_CURVE('',#3449,(#3453,#3460),.PCURVE_S1.);
#3449 = LINE('',#3450,#3451);
#3450 = CARTESIAN_POINT('',(-2.22044604925E-16,-9.5,26.5));
#3451 = VECTOR('',#3452,1.);
#3452 = DIRECTION('',(1.110223024625E-16,0.,-1.));
#3453 = PCURVE('',#338,#3454);
#3454 = DEFINITIONAL_REPRESENTATION('',(#3455),#3459);
#3455 = LINE('',#3456,#3457);
#3456 = CARTESIAN_POINT('',(1.570796326795,0.));
#3457 = VECTOR('',#3458,1.);
#3458 = DIRECTION('',(0.,-1.));
#3459 = ( GEOMETRIC_REPRESENTATION_CONTEXT(2) 
PARAMETRIC_REPRESENTATION_CONTEXT() REPRESENTATION_CONTEXT('2D SPACE',''
  ) );
#3460 = PCURVE('',#240,#3461);
#3461 = DEFINITIONAL_REPRESENTATION('',(#3462),#3466);
#3462 = LINE('',#3463,#3464);
#3463 = CARTESIAN_POINT('',(70.,62.5));
#3464 = VECTOR('',#3465,1.);
#3465 = DIRECTION('',(1.,0.));
#3466 = ( GEOMETRIC_REPRESENTATION_CONTEXT(2) 
PARAMETRIC_REPRESENTATION_CONTEXT() REPRESENTATION_CONTEXT('2D SPACE',''
  ) );
#3467 = ORIENTED_EDGE('',*,*,#252,.T.);
#3468 = ORIENTED_EDGE('',*,*,#3418,.T.);
#3469 = ORIENTED_EDGE('',*,*,#1683,.F.);
#3470 = ORIENTED_EDGE('',*,*,#3471,.F.);
#3471 = EDGE_CURVE('',#3472,#1656,#3474,.T.);
#3472 = VERTEX_POINT('',#3473);
#3473 = CARTESIAN_POINT('',(5.,-8.732186624299,19.4));
#3474 = SURFACE_CURVE('',#3475,(#3482,#3492),.PCURVE_S1.);
#3475 = B_SPLINE_CURVE_WITH_KNOTS('',5,(#3476,#3477,#3478,#3479,#3480,
    #3481),.UNSPECIFIED.,.F.,.F.,(6,6),(0.,1.),
  .PIECEWISE_BEZIER_KNOTS.);
#3476 = CARTESIAN_POINT('',(5.,-8.732186624299,19.4));
#3477 = CARTESIAN_POINT('',(5.,-8.732186624299,19.737024664169));
#3478 = CARTESIAN_POINT('',(5.,-8.732186624299,20.616111229778));
#3479 = CARTESIAN_POINT('',(5.,-8.732186624299,21.357145940193));
#3480 = CARTESIAN_POINT('',(5.,-8.732186624299,21.873199294931));
#3481 = CARTESIAN_POINT('',(5.,-8.732186624299,22.6));
#3482 = PCURVE('',#338,#3483);
#3483 = DEFINITIONAL_REPRESENTATION('',(#3484),#3491);
#3484 = B_SPLINE_CURVE_WITH_KNOTS('',5,(#3485,#3486,#3487,#3488,#3489,
    #3490),.UNSPECIFIED.,.F.,.F.,(6,6),(0.,1.),
  .PIECEWISE_BEZIER_KNOTS.);
#3485 = CARTESIAN_POINT('',(0.895664793858,-7.1));
#3486 = CARTESIAN_POINT('',(0.895664793858,-6.762975335831));
#3487 = CARTESIAN_POINT('',(0.895664793858,-5.883888770222));
#3488 = CARTESIAN_POINT('',(0.895664793858,-5.142854059807));
#3489 = CARTESIAN_POINT('',(0.895664793858,-4.626800705069));
#3490 = CARTESIAN_POINT('',(0.895664793858,-3.9));
#3491 = ( GEOMETRIC_REPRESENTATION_CONTEXT(2) 
PARAMETRIC_REPRESENTATION_CONTEXT() REPRESENTATION_CONTEXT('2D SPACE',''
  ) );
#3492 = PCURVE('',#1671,#3493);
#3493 = DEFINITIONAL_REPRESENTATION('',(#3494),#3501);
#3494 = B_SPLINE_CURVE_WITH_KNOTS('',5,(#3495,#3496,#3497,#3498,#3499,
    #3500),.UNSPECIFIED.,.F.,.F.,(6,6),(0.,1.),
  .PIECEWISE_BEZIER_KNOTS.);
#3495 = CARTESIAN_POINT('',(1.797813375701,-3.2));
#3496 = CARTESIAN_POINT('',(1.797813375701,-2.862975335831));
#3497 = CARTESIAN_POINT('',(1.797813375701,-1.983888770222));
#3498 = CARTESIAN_POINT('',(1.797813375701,-1.242854059807));
#3499 = CARTESIAN_POINT('',(1.797813375701,-0.726800705069));
#3500 = CARTESIAN_POINT('',(1.797813375701,0.));
#3501 = ( GEOMETRIC_REPRESENTATION_CONTEXT(2) 
PARAMETRIC_REPRESENTATION_CONTEXT() REPRESENTATION_CONTEXT('2D SPACE',''
  ) );
#3502 = ORIENTED_EDGE('',*,*,#3503,.T.);
#3503 = EDGE_CURVE('',#3472,#3504,#3506,.T.);
#3504 = VERTEX_POINT('',#3505);
#3505 = CARTESIAN_POINT('',(8.,-6.,19.4));
#3506 = SURFACE_CURVE('',#3507,(#3530,#3556),.PCURVE_S1.);
#3507 = B_SPLINE_CURVE_WITH_KNOTS('',6,(#3508,#3509,#3510,#3511,#3512,
    #3513,#3514,#3515,#3516,#3517,#3518,#3519,#3520,#3521,#3522,#3523,
    #3524,#3525,#3526,#3527,#3528,#3529),.UNSPECIFIED.,.F.,.F.,(7,5,5,5,
    7),(0.,0.337782905588,0.620842547573,0.792498210746,1.),
  .UNSPECIFIED.);
#3508 = CARTESIAN_POINT('',(5.,-8.732186624299,19.4));
#3509 = CARTESIAN_POINT('',(5.230932522389,-8.65129550266,19.4));
#3510 = CARTESIAN_POINT('',(5.459389177269,-8.563913746089,19.4));
#3511 = CARTESIAN_POINT('',(5.684992151005,-8.469493739306,19.4));
#3512 = CARTESIAN_POINT('',(5.907085334031,-8.367366206713,19.4));
#3513 = CARTESIAN_POINT('',(6.124742967621,-8.256753479127,19.4));
#3514 = CARTESIAN_POINT('',(6.514158403062,-8.035684169582,19.4));
#3515 = CARTESIAN_POINT('',(6.687509620489,-7.928177565889,19.4));
#3516 = CARTESIAN_POINT('',(6.856012684967,-7.813208735281,19.4));
#3517 = CARTESIAN_POINT('',(7.018412164347,-7.68997405562,19.4));
#3518 = CARTESIAN_POINT('',(7.172897506504,-7.55766596154,19.4));
#3519 = CARTESIAN_POINT('',(7.404158703416,-7.328808616925,19.4));
#3520 = CARTESIAN_POINT('',(7.487541173801,-7.238727148118,19.4));
#3521 = CARTESIAN_POINT('',(7.566417728696,-7.144733091486,19.4));
#3522 = CARTESIAN_POINT('',(7.639980951399,-7.046682538392,19.4));
#3523 = CARTESIAN_POINT('',(7.707229917929,-6.944535177464,19.4));
#3524 = CARTESIAN_POINT('',(7.839409870243,-6.710158571663,19.4));
#3525 = CARTESIAN_POINT('',(7.901008356469,-6.575954294845,19.4));
#3526 = CARTESIAN_POINT('',(7.949674433473,-6.436404061581,19.4));
#3527 = CARTESIAN_POINT('',(7.983235323564,-6.292599967653,19.4));
#3528 = CARTESIAN_POINT('',(8.,-6.146259140703,19.4));
#3529 = CARTESIAN_POINT('',(8.,-6.,19.4));
#3530 = PCURVE('',#338,#3531);
#3531 = DEFINITIONAL_REPRESENTATION('',(#3532),#3555);
#3532 = B_SPLINE_CURVE_WITH_KNOTS('',6,(#3533,#3534,#3535,#3536,#3537,
    #3538,#3539,#3540,#3541,#3542,#3543,#3544,#3545,#3546,#3547,#3548,
    #3549,#3550,#3551,#3552,#3553,#3554),.UNSPECIFIED.,.F.,.F.,(7,5,5,5,
    7),(0.,0.337782905588,0.620842547573,0.792498210746,1.),
  .UNSPECIFIED.);
#3533 = CARTESIAN_POINT('',(0.895664793858,-7.1));
#3534 = CARTESIAN_POINT('',(0.858685995394,-7.1));
#3535 = CARTESIAN_POINT('',(0.820789651891,-7.1));
#3536 = CARTESIAN_POINT('',(0.781824438509,-7.1));
#3537 = CARTESIAN_POINT('',(0.741619289198,-7.1));
#3538 = CARTESIAN_POINT('',(0.699978844848,-7.1));
#3539 = CARTESIAN_POINT('',(0.620235725643,-7.1));
#3540 = CARTESIAN_POINT('',(0.582678894165,-7.1));
#3541 = CARTESIAN_POINT('',(0.543717291512,-7.1));
#3542 = CARTESIAN_POINT('',(0.503147676005,-7.1));
#3543 = CARTESIAN_POINT('',(0.460765185155,-7.1));
#3544 = CARTESIAN_POINT('',(0.389272400469,-7.1));
#3545 = CARTESIAN_POINT('',(0.361518255953,-7.1));
#3546 = CARTESIAN_POINT('',(0.332933987124,-7.1));
#3547 = CARTESIAN_POINT('',(0.303477601533,-7.1));
#3548 = CARTESIAN_POINT('',(0.273128711694,-7.1));
#3549 = CARTESIAN_POINT('',(0.204155747301,-7.1));
#3550 = CARTESIAN_POINT('',(0.165083706571,-7.1));
#3551 = CARTESIAN_POINT('',(0.124818562602,-7.1));
#3552 = CARTESIAN_POINT('',(8.359990535268E-02,-7.1));
#3553 = CARTESIAN_POINT('',(4.178832591514E-02,-7.1));
#3554 = CARTESIAN_POINT('',(0.,-7.1));
#3555 = ( GEOMETRIC_REPRESENTATION_CONTEXT(2) 
PARAMETRIC_REPRESENTATION_CONTEXT() REPRESENTATION_CONTEXT('2D SPACE',''
  ) );
#3556 = PCURVE('',#861,#3557);
#3557 = DEFINITIONAL_REPRESENTATION('',(#3558),#3581);
#3558 = B_SPLINE_CURVE_WITH_KNOTS('',6,(#3559,#3560,#3561,#3562,#3563,
    #3564,#3565,#3566,#3567,#3568,#3569,#3570,#3571,#3572,#3573,#3574,
    #3575,#3576,#3577,#3578,#3579,#3580),.UNSPECIFIED.,.F.,.F.,(7,5,5,5,
    7),(0.,0.337782905588,0.620842547573,0.792498210746,1.),
  .UNSPECIFIED.);
#3559 = CARTESIAN_POINT('',(-3.,8.732186624299));
#3560 = CARTESIAN_POINT('',(-2.769067477611,8.65129550266));
#3561 = CARTESIAN_POINT('',(-2.540610822731,8.563913746089));
#3562 = CARTESIAN_POINT('',(-2.315007848995,8.469493739306));
#3563 = CARTESIAN_POINT('',(-2.092914665969,8.367366206713));
#3564 = CARTESIAN_POINT('',(-1.875257032379,8.256753479127));
#3565 = CARTESIAN_POINT('',(-1.485841596938,8.035684169582));
#3566 = CARTESIAN_POINT('',(-1.312490379511,7.928177565889));
#3567 = CARTESIAN_POINT('',(-1.143987315033,7.813208735281));
#3568 = CARTESIAN_POINT('',(-0.981587835653,7.68997405562));
#3569 = CARTESIAN_POINT('',(-0.827102493496,7.55766596154));
#3570 = CARTESIAN_POINT('',(-0.595841296584,7.328808616925));
#3571 = CARTESIAN_POINT('',(-0.512458826199,7.238727148118));
#3572 = CARTESIAN_POINT('',(-0.433582271304,7.144733091486));
#3573 = CARTESIAN_POINT('',(-0.360019048601,7.046682538392));
#3574 = CARTESIAN_POINT('',(-0.292770082071,6.944535177464));
#3575 = CARTESIAN_POINT('',(-0.160590129757,6.710158571663));
#3576 = CARTESIAN_POINT('',(-9.899164353072E-02,6.575954294845));
#3577 = CARTESIAN_POINT('',(-5.032556652749E-02,6.436404061581));
#3578 = CARTESIAN_POINT('',(-1.676467643584E-02,6.292599967653));
#3579 = CARTESIAN_POINT('',(0.,6.146259140703));
#3580 = CARTESIAN_POINT('',(0.,6.));
#3581 = ( GEOMETRIC_REPRESENTATION_CONTEXT(2) 
PARAMETRIC_REPRESENTATION_CONTEXT() REPRESENTATION_CONTEXT('2D SPACE',''
  ) );
#3582 = ORIENTED_EDGE('',*,*,#3583,.T.);
#3583 = EDGE_CURVE('',#3504,#3584,#3586,.T.);
#3584 = VERTEX_POINT('',#3585);
#3585 = CARTESIAN_POINT('',(8.,-6.,5.6));
#3586 = SURFACE_CURVE('',#3587,(#3591,#3598),.PCURVE_S1.);
#3587 = LINE('',#3588,#3589);
#3588 = CARTESIAN_POINT('',(8.,-6.,26.5));
#3589 = VECTOR('',#3590,1.);
#3590 = DIRECTION('',(1.110223024625E-16,0.,-1.));
#3591 = PCURVE('',#338,#3592);
#3592 = DEFINITIONAL_REPRESENTATION('',(#3593),#3597);
#3593 = LINE('',#3594,#3595);
#3594 = CARTESIAN_POINT('',(0.,0.));
#3595 = VECTOR('',#3596,1.);
#3596 = DIRECTION('',(0.,-1.));
#3597 = ( GEOMETRIC_REPRESENTATION_CONTEXT(2) 
PARAMETRIC_REPRESENTATION_CONTEXT() REPRESENTATION_CONTEXT('2D SPACE',''
  ) );
#3598 = PCURVE('',#3599,#3604);
#3599 = PLANE('',#3600);
#3600 = AXIS2_PLACEMENT_3D('',#3601,#3602,#3603);
#3601 = CARTESIAN_POINT('',(8.,6.,26.5));
#3602 = DIRECTION('',(-1.,0.,-1.110223024625E-16));
#3603 = DIRECTION('',(0.,-1.,0.));
#3604 = DEFINITIONAL_REPRESENTATION('',(#3605),#3609);
#3605 = LINE('',#3606,#3607);
#3606 = CARTESIAN_POINT('',(12.,0.));
#3607 = VECTOR('',#3608,1.);
#3608 = DIRECTION('',(0.,-1.));
#3609 = ( GEOMETRIC_REPRESENTATION_CONTEXT(2) 
PARAMETRIC_REPRESENTATION_CONTEXT() REPRESENTATION_CONTEXT('2D SPACE',''
  ) );
#3610 = ORIENTED_EDGE('',*,*,#3611,.F.);
#3611 = EDGE_CURVE('',#3612,#3584,#3614,.T.);
#3612 = VERTEX_POINT('',#3613);
#3613 = CARTESIAN_POINT('',(5.,-8.732186624299,5.6));
#3614 = SURFACE_CURVE('',#3615,(#3638,#3664),.PCURVE_S1.);
#3615 = B_SPLINE_CURVE_WITH_KNOTS('',6,(#3616,#3617,#3618,#3619,#3620,
    #3621,#3622,#3623,#3624,#3625,#3626,#3627,#3628,#3629,#3630,#3631,
    #3632,#3633,#3634,#3635,#3636,#3637),.UNSPECIFIED.,.F.,.F.,(7,5,5,5,
    7),(0.,0.337782905588,0.620842547573,0.792498210746,1.),
  .UNSPECIFIED.);
#3616 = CARTESIAN_POINT('',(5.,-8.732186624299,5.6));
#3617 = CARTESIAN_POINT('',(5.230932522389,-8.65129550266,5.6));
#3618 = CARTESIAN_POINT('',(5.459389177269,-8.563913746089,5.6));
#3619 = CARTESIAN_POINT('',(5.684992151005,-8.469493739306,5.6));
#3620 = CARTESIAN_POINT('',(5.907085334031,-8.367366206713,5.6));
#3621 = CARTESIAN_POINT('',(6.124742967621,-8.256753479127,5.6));
#3622 = CARTESIAN_POINT('',(6.514158403062,-8.035684169582,5.6));
#3623 = CARTESIAN_POINT('',(6.687509620489,-7.928177565889,5.6));
#3624 = CARTESIAN_POINT('',(6.856012684967,-7.813208735281,5.6));
#3625 = CARTESIAN_POINT('',(7.018412164347,-7.68997405562,5.6));
#3626 = CARTESIAN_POINT('',(7.172897506504,-7.55766596154,5.6));
#3627 = CARTESIAN_POINT('',(7.404158703416,-7.328808616925,5.6));
#3628 = CARTESIAN_POINT('',(7.487541173801,-7.238727148118,5.6));
#3629 = CARTESIAN_POINT('',(7.566417728696,-7.144733091486,5.6));
#3630 = CARTESIAN_POINT('',(7.639980951399,-7.046682538392,5.6));
#3631 = CARTESIAN_POINT('',(7.707229917929,-6.944535177464,5.6));
#3632 = CARTESIAN_POINT('',(7.839409870243,-6.710158571663,5.6));
#3633 = CARTESIAN_POINT('',(7.901008356469,-6.575954294845,5.6));
#3634 = CARTESIAN_POINT('',(7.949674433473,-6.436404061581,5.6));
#3635 = CARTESIAN_POINT('',(7.983235323564,-6.292599967653,5.6));
#3636 = CARTESIAN_POINT('',(8.,-6.146259140703,5.6));
#3637 = CARTESIAN_POINT('',(8.,-6.,5.6));
#3638 = PCURVE('',#338,#3639);
#3639 = DEFINITIONAL_REPRESENTATION('',(#3640),#3663);
#3640 = B_SPLINE_CURVE_WITH_KNOTS('',6,(#3641,#3642,#3643,#3644,#3645,
    #3646,#3647,#3648,#3649,#3650,#3651,#3652,#3653,#3654,#3655,#3656,
    #3657,#3658,#3659,#3660,#3661,#3662),.UNSPECIFIED.,.F.,.F.,(7,5,5,5,
    7),(0.,0.337782905588,0.620842547573,0.792498210746,1.),
  .UNSPECIFIED.);
#3641 = CARTESIAN_POINT('',(0.895664793858,-20.9));
#3642 = CARTESIAN_POINT('',(0.858685995394,-20.9));
#3643 = CARTESIAN_POINT('',(0.820789651891,-20.9));
#3644 = CARTESIAN_POINT('',(0.781824438509,-20.9));
#3645 = CARTESIAN_POINT('',(0.741619289198,-20.9));
#3646 = CARTESIAN_POINT('',(0.699978844848,-20.9));
#3647 = CARTESIAN_POINT('',(0.620235725643,-20.9));
#3648 = CARTESIAN_POINT('',(0.582678894165,-20.9));
#3649 = CARTESIAN_POINT('',(0.543717291512,-20.9));
#3650 = CARTESIAN_POINT('',(0.503147676005,-20.9));
#3651 = CARTESIAN_POINT('',(0.460765185155,-20.9));
#3652 = CARTESIAN_POINT('',(0.389272400469,-20.9));
#3653 = CARTESIAN_POINT('',(0.361518255953,-20.9));
#3654 = CARTESIAN_POINT('',(0.332933987124,-20.9));
#3655 = CARTESIAN_POINT('',(0.303477601533,-20.9));
#3656 = CARTESIAN_POINT('',(0.273128711694,-20.9));
#3657 = CARTESIAN_POINT('',(0.204155747301,-20.9));
#3658 = CARTESIAN_POINT('',(0.165083706571,-20.9));
#3659 = CARTESIAN_POINT('',(0.124818562602,-20.9));
#3660 = CARTESIAN_POINT('',(8.359990535268E-02,-20.9));
#3661 = CARTESIAN_POINT('',(4.178832591514E-02,-20.9));
#3662 = CARTESIAN_POINT('',(0.,-20.9));
#3663 = ( GEOMETRIC_REPRESENTATION_CONTEXT(2) 
PARAMETRIC_REPRESENTATION_CONTEXT() REPRESENTATION_CONTEXT('2D SPACE',''
  ) );
#3664 = PCURVE('',#977,#3665);
#3665 = DEFINITIONAL_REPRESENTATION('',(#3666),#3689);
#3666 = B_SPLINE_CURVE_WITH_KNOTS('',6,(#3667,#3668,#3669,#3670,#3671,
    #3672,#3673,#3674,#3675,#3676,#3677,#3678,#3679,#3680,#3681,#3682,
    #3683,#3684,#3685,#3686,#3687,#3688),.UNSPECIFIED.,.F.,.F.,(7,5,5,5,
    7),(0.,0.337782905588,0.620842547573,0.792498210746,1.),
  .UNSPECIFIED.);
#3667 = CARTESIAN_POINT('',(-3.,8.732186624299));
#3668 = CARTESIAN_POINT('',(-2.769067477611,8.65129550266));
#3669 = CARTESIAN_POINT('',(-2.540610822731,8.563913746089));
#3670 = CARTESIAN_POINT('',(-2.315007848995,8.469493739306));
#3671 = CARTESIAN_POINT('',(-2.092914665969,8.367366206713));
#3672 = CARTESIAN_POINT('',(-1.875257032379,8.256753479127));
#3673 = CARTESIAN_POINT('',(-1.485841596938,8.035684169582));
#3674 = CARTESIAN_POINT('',(-1.312490379511,7.928177565889));
#3675 = CARTESIAN_POINT('',(-1.143987315033,7.813208735281));
#3676 = CARTESIAN_POINT('',(-0.981587835653,7.68997405562));
#3677 = CARTESIAN_POINT('',(-0.827102493496,7.55766596154));
#3678 = CARTESIAN_POINT('',(-0.595841296584,7.328808616925));
#3679 = CARTESIAN_POINT('',(-0.512458826199,7.238727148118));
#3680 = CARTESIAN_POINT('',(-0.433582271304,7.144733091486));
#3681 = CARTESIAN_POINT('',(-0.360019048601,7.046682538392));
#3682 = CARTESIAN_POINT('',(-0.292770082071,6.944535177464));
#3683 = CARTESIAN_POINT('',(-0.160590129757,6.710158571663));
#3684 = CARTESIAN_POINT('',(-9.899164353072E-02,6.575954294845));
#3685 = CARTESIAN_POINT('',(-5.032556652749E-02,6.436404061581));
#3686 = CARTESIAN_POINT('',(-1.676467643584E-02,6.292599967653));
#3687 = CARTESIAN_POINT('',(0.,6.146259140703));
#3688 = CARTESIAN_POINT('',(0.,6.));
#3689 = ( GEOMETRIC_REPRESENTATION_CONTEXT(2) 
PARAMETRIC_REPRESENTATION_CONTEXT() REPRESENTATION_CONTEXT('2D SPACE',''
  ) );
#3690 = ORIENTED_EDGE('',*,*,#3691,.F.);
#3691 = EDGE_CURVE('',#3692,#3612,#3694,.T.);
#3692 = VERTEX_POINT('',#3693);
#3693 = CARTESIAN_POINT('',(5.,-8.732186624299,2.4));
#3694 = SURFACE_CURVE('',#3695,(#3702,#3712),.PCURVE_S1.);
#3695 = B_SPLINE_CURVE_WITH_KNOTS('',5,(#3696,#3697,#3698,#3699,#3700,
    #3701),.UNSPECIFIED.,.F.,.F.,(6,6),(0.,1.),
  .PIECEWISE_BEZIER_KNOTS.);
#3696 = CARTESIAN_POINT('',(5.,-8.732186624299,2.4));
#3697 = CARTESIAN_POINT('',(5.,-8.732186624299,3.004575136939));
#3698 = CARTESIAN_POINT('',(5.,-8.732186624299,3.632603755795));
#3699 = CARTESIAN_POINT('',(5.,-8.732186624299,4.377333058319));
#3700 = CARTESIAN_POINT('',(5.,-8.732186624299,5.138901211237));
#3701 = CARTESIAN_POINT('',(5.,-8.732186624299,5.6));
#3702 = PCURVE('',#338,#3703);
#3703 = DEFINITIONAL_REPRESENTATION('',(#3704),#3711);
#3704 = B_SPLINE_CURVE_WITH_KNOTS('',5,(#3705,#3706,#3707,#3708,#3709,
    #3710),.UNSPECIFIED.,.F.,.F.,(6,6),(0.,1.),
  .PIECEWISE_BEZIER_KNOTS.);
#3705 = CARTESIAN_POINT('',(0.895664793858,-24.1));
#3706 = CARTESIAN_POINT('',(0.895664793858,-23.49542486306));
#3707 = CARTESIAN_POINT('',(0.895664793858,-22.8673962442));
#3708 = CARTESIAN_POINT('',(0.895664793858,-22.12266694168));
#3709 = CARTESIAN_POINT('',(0.895664793858,-21.36109878876));
#3710 = CARTESIAN_POINT('',(0.895664793858,-20.9));
#3711 = ( GEOMETRIC_REPRESENTATION_CONTEXT(2) 
PARAMETRIC_REPRESENTATION_CONTEXT() REPRESENTATION_CONTEXT('2D SPACE',''
  ) );
#3712 = PCURVE('',#3713,#3718);
#3713 = PLANE('',#3714);
#3714 = AXIS2_PLACEMENT_3D('',#3715,#3716,#3717);
#3715 = CARTESIAN_POINT('',(5.,-10.53,5.6));
#3716 = DIRECTION('',(1.,0.,1.110223024625E-16));
#3717 = DIRECTION('',(0.,1.,0.));
#3718 = DEFINITIONAL_REPRESENTATION('',(#3719),#3726);
#3719 = B_SPLINE_CURVE_WITH_KNOTS('',5,(#3720,#3721,#3722,#3723,#3724,
    #3725),.UNSPECIFIED.,.F.,.F.,(6,6),(0.,1.),
  .PIECEWISE_BEZIER_KNOTS.);
#3720 = CARTESIAN_POINT('',(1.797813375701,-3.2));
#3721 = CARTESIAN_POINT('',(1.797813375701,-2.595424863061));
#3722 = CARTESIAN_POINT('',(1.797813375701,-1.967396244205));
#3723 = CARTESIAN_POINT('',(1.797813375701,-1.222666941681));
#3724 = CARTESIAN_POINT('',(1.797813375701,-0.461098788763));
#3725 = CARTESIAN_POINT('',(1.797813375701,0.));
#3726 = ( GEOMETRIC_REPRESENTATION_CONTEXT(2) 
PARAMETRIC_REPRESENTATION_CONTEXT() REPRESENTATION_CONTEXT('2D SPACE',''
  ) );
#3727 = ORIENTED_EDGE('',*,*,#3728,.T.);
#3728 = EDGE_CURVE('',#3692,#3729,#3731,.T.);
#3729 = VERTEX_POINT('',#3730);
#3730 = CARTESIAN_POINT('',(8.,-6.,2.4));
#3731 = SURFACE_CURVE('',#3732,(#3755,#3781),.PCURVE_S1.);
#3732 = B_SPLINE_CURVE_WITH_KNOTS('',6,(#3733,#3734,#3735,#3736,#3737,
    #3738,#3739,#3740,#3741,#3742,#3743,#3744,#3745,#3746,#3747,#3748,
    #3749,#3750,#3751,#3752,#3753,#3754),.UNSPECIFIED.,.F.,.F.,(7,5,5,5,
    7),(0.,0.337782905588,0.620842547573,0.792498210746,1.),
  .UNSPECIFIED.);
#3733 = CARTESIAN_POINT('',(5.,-8.732186624299,2.4));
#3734 = CARTESIAN_POINT('',(5.230932522389,-8.65129550266,2.4));
#3735 = CARTESIAN_POINT('',(5.459389177269,-8.563913746089,2.4));
#3736 = CARTESIAN_POINT('',(5.684992151005,-8.469493739306,2.4));
#3737 = CARTESIAN_POINT('',(5.907085334031,-8.367366206713,2.4));
#3738 = CARTESIAN_POINT('',(6.124742967621,-8.256753479127,2.4));
#3739 = CARTESIAN_POINT('',(6.514158403062,-8.035684169582,2.4));
#3740 = CARTESIAN_POINT('',(6.687509620489,-7.928177565889,2.4));
#3741 = CARTESIAN_POINT('',(6.856012684967,-7.813208735281,2.4));
#3742 = CARTESIAN_POINT('',(7.018412164347,-7.68997405562,2.4));
#3743 = CARTESIAN_POINT('',(7.172897506504,-7.55766596154,2.4));
#3744 = CARTESIAN_POINT('',(7.404158703416,-7.328808616925,2.4));
#3745 = CARTESIAN_POINT('',(7.487541173801,-7.238727148118,2.4));
#3746 = CARTESIAN_POINT('',(7.566417728696,-7.144733091486,2.4));
#3747 = CARTESIAN_POINT('',(7.639980951399,-7.046682538392,2.4));
#3748 = CARTESIAN_POINT('',(7.707229917929,-6.944535177464,2.4));
#3749 = CARTESIAN_POINT('',(7.839409870243,-6.710158571663,2.4));
#3750 = CARTESIAN_POINT('',(7.901008356469,-6.575954294845,2.4));
#3751 = CARTESIAN_POINT('',(7.949674433473,-6.436404061581,2.4));
#3752 = CARTESIAN_POINT('',(7.983235323564,-6.292599967653,2.4));
#3753 = CARTESIAN_POINT('',(8.,-6.146259140703,2.4));
#3754 = CARTESIAN_POINT('',(8.,-6.,2.4));
#3755 = PCURVE('',#338,#3756);
#3756 = DEFINITIONAL_REPRESENTATION('',(#3757),#3780);
#3757 = B_SPLINE_CURVE_WITH_KNOTS('',6,(#3758,#3759,#3760,#3761,#3762,
    #3763,#3764,#3765,#3766,#3767,#3768,#3769,#3770,#3771,#3772,#3773,
    #3774,#3775,#3776,#3777,#3778,#3779),.UNSPECIFIED.,.F.,.F.,(7,5,5,5,
    7),(0.,0.337782905588,0.620842547573,0.792498210746,1.),
  .UNSPECIFIED.);
#3758 = CARTESIAN_POINT('',(0.895664793858,-24.1));
#3759 = CARTESIAN_POINT('',(0.858685995394,-24.1));
#3760 = CARTESIAN_POINT('',(0.820789651891,-24.1));
#3761 = CARTESIAN_POINT('',(0.781824438509,-24.1));
#3762 = CARTESIAN_POINT('',(0.741619289198,-24.1));
#3763 = CARTESIAN_POINT('',(0.699978844848,-24.1));
#3764 = CARTESIAN_POINT('',(0.620235725643,-24.1));
#3765 = CARTESIAN_POINT('',(0.582678894165,-24.1));
#3766 = CARTESIAN_POINT('',(0.543717291512,-24.1));
#3767 = CARTESIAN_POINT('',(0.503147676005,-24.1));
#3768 = CARTESIAN_POINT('',(0.460765185155,-24.1));
#3769 = CARTESIAN_POINT('',(0.389272400469,-24.1));
#3770 = CARTESIAN_POINT('',(0.361518255953,-24.1));
#3771 = CARTESIAN_POINT('',(0.332933987124,-24.1));
#3772 = CARTESIAN_POINT('',(0.303477601533,-24.1));
#3773 = CARTESIAN_POINT('',(0.273128711694,-24.1));
#3774 = CARTESIAN_POINT('',(0.204155747301,-24.1));
#3775 = CARTESIAN_POINT('',(0.165083706571,-24.1));
#3776 = CARTESIAN_POINT('',(0.124818562602,-24.1));
#3777 = CARTESIAN_POINT('',(8.359990535268E-02,-24.1));
#3778 = CARTESIAN_POINT('',(4.178832591514E-02,-24.1));
#3779 = CARTESIAN_POINT('',(0.,-24.1));
#3780 = ( GEOMETRIC_REPRESENTATION_CONTEXT(2) 
PARAMETRIC_REPRESENTATION_CONTEXT() REPRESENTATION_CONTEXT('2D SPACE',''
  ) );
#3781 = PCURVE('',#1102,#3782);
#3782 = DEFINITIONAL_REPRESENTATION('',(#3783),#3806);
#3783 = B_SPLINE_CURVE_WITH_KNOTS('',6,(#3784,#3785,#3786,#3787,#3788,
    #3789,#3790,#3791,#3792,#3793,#3794,#3795,#3796,#3797,#3798,#3799,
    #3800,#3801,#3802,#3803,#3804,#3805),.UNSPECIFIED.,.F.,.F.,(7,5,5,5,
    7),(0.,0.337782905588,0.620842547573,0.792498210746,1.),
  .UNSPECIFIED.);
#3784 = CARTESIAN_POINT('',(-3.,8.732186624299));
#3785 = CARTESIAN_POINT('',(-2.769067477611,8.65129550266));
#3786 = CARTESIAN_POINT('',(-2.540610822731,8.563913746089));
#3787 = CARTESIAN_POINT('',(-2.315007848995,8.469493739306));
#3788 = CARTESIAN_POINT('',(-2.092914665969,8.367366206713));
#3789 = CARTESIAN_POINT('',(-1.875257032379,8.256753479127));
#3790 = CARTESIAN_POINT('',(-1.485841596938,8.035684169582));
#3791 = CARTESIAN_POINT('',(-1.312490379511,7.928177565889));
#3792 = CARTESIAN_POINT('',(-1.143987315033,7.813208735281));
#3793 = CARTESIAN_POINT('',(-0.981587835653,7.68997405562));
#3794 = CARTESIAN_POINT('',(-0.827102493496,7.55766596154));
#3795 = CARTESIAN_POINT('',(-0.595841296584,7.328808616925));
#3796 = CARTESIAN_POINT('',(-0.512458826199,7.238727148118));
#3797 = CARTESIAN_POINT('',(-0.433582271304,7.144733091486));
#3798 = CARTESIAN_POINT('',(-0.360019048601,7.046682538392));
#3799 = CARTESIAN_POINT('',(-0.292770082071,6.944535177464));
#3800 = CARTESIAN_POINT('',(-0.160590129757,6.710158571663));
#3801 = CARTESIAN_POINT('',(-9.899164353072E-02,6.575954294845));
#3802 = CARTESIAN_POINT('',(-5.032556652749E-02,6.436404061581));
#3803 = CARTESIAN_POINT('',(-1.676467643584E-02,6.292599967653));
#3804 = CARTESIAN_POINT('',(0.,6.146259140703));
#3805 = CARTESIAN_POINT('',(0.,6.));
#3806 = ( GEOMETRIC_REPRESENTATION_CONTEXT(2) 
PARAMETRIC_REPRESENTATION_CONTEXT() REPRESENTATION_CONTEXT('2D SPACE',''
  ) );
#3807 = ORIENTED_EDGE('',*,*,#3808,.T.);
#3808 = EDGE_CURVE('',#3729,#3809,#3811,.T.);
#3809 = VERTEX_POINT('',#3810);
#3810 = CARTESIAN_POINT('',(8.,-6.,0.5));
#3811 = SURFACE_CURVE('',#3812,(#3816,#3823),.PCURVE_S1.);
#3812 = LINE('',#3813,#3814);
#3813 = CARTESIAN_POINT('',(8.,-6.,26.5));
#3814 = VECTOR('',#3815,1.);
#3815 = DIRECTION('',(1.110223024625E-16,0.,-1.));
#3816 = PCURVE('',#338,#3817);
#3817 = DEFINITIONAL_REPRESENTATION('',(#3818),#3822);
#3818 = LINE('',#3819,#3820);
#3819 = CARTESIAN_POINT('',(0.,0.));
#3820 = VECTOR('',#3821,1.);
#3821 = DIRECTION('',(0.,-1.));
#3822 = ( GEOMETRIC_REPRESENTATION_CONTEXT(2) 
PARAMETRIC_REPRESENTATION_CONTEXT() REPRESENTATION_CONTEXT('2D SPACE',''
  ) );
#3823 = PCURVE('',#2914,#3824);
#3824 = DEFINITIONAL_REPRESENTATION('',(#3825),#3829);
#3825 = LINE('',#3826,#3827);
#3826 = CARTESIAN_POINT('',(12.,0.));
#3827 = VECTOR('',#3828,1.);
#3828 = DIRECTION('',(0.,-1.));
#3829 = ( GEOMETRIC_REPRESENTATION_CONTEXT(2) 
PARAMETRIC_REPRESENTATION_CONTEXT() REPRESENTATION_CONTEXT('2D SPACE',''
  ) );
#3830 = ORIENTED_EDGE('',*,*,#3831,.F.);
#3831 = EDGE_CURVE('',#3446,#3809,#3832,.T.);
#3832 = SURFACE_CURVE('',#3833,(#3872,#3914),.PCURVE_S1.);
#3833 = B_SPLINE_CURVE_WITH_KNOTS('',7,(#3834,#3835,#3836,#3837,#3838,
    #3839,#3840,#3841,#3842,#3843,#3844,#3845,#3846,#3847,#3848,#3849,
    #3850,#3851,#3852,#3853,#3854,#3855,#3856,#3857,#3858,#3859,#3860,
    #3861,#3862,#3863,#3864,#3865,#3866,#3867,#3868,#3869,#3870,#3871),
  .UNSPECIFIED.,.F.,.F.,(8,6,6,6,6,6,8),(0.,0.383761525915,
    0.554960586812,0.704488106854,0.876959334464,0.924427095897,1.),
  .UNSPECIFIED.);
#3834 = CARTESIAN_POINT('',(3.542972037378E-15,-9.5,0.5));
#3835 = CARTESIAN_POINT('',(0.518103695271,-9.5,0.5));
#3836 = CARTESIAN_POINT('',(1.036063454374,-9.482874192842,0.5));
#3837 = CARTESIAN_POINT('',(1.553370556981,-9.44863486237,0.5));
#3838 = CARTESIAN_POINT('',(2.06931144097,-9.396888762692,0.5));
#3839 = CARTESIAN_POINT('',(2.582944567508,-9.326830291823,0.5));
#3840 = CARTESIAN_POINT('',(3.093108174825,-9.237281843264,0.5));
#3841 = CARTESIAN_POINT('',(3.823660885338,-9.076321595569,0.5));
#3842 = CARTESIAN_POINT('',(4.047999554211,-9.022345188348,0.5));
#3843 = CARTESIAN_POINT('',(4.271173596468,-8.963848906088,0.5));
#3844 = CARTESIAN_POINT('',(4.492995644214,-8.900596459023,0.5));
#3845 = CARTESIAN_POINT('',(4.713226441409,-8.832311378322,0.5));
#3846 = CARTESIAN_POINT('',(4.931567490561,-8.758656006062,0.5));
#3847 = CARTESIAN_POINT('',(5.336373542469,-8.609785677725,0.5));
#3848 = CARTESIAN_POINT('',(5.52333341464,-8.535963071619,0.5));
#3849 = CARTESIAN_POINT('',(5.708312692407,-8.45742384774,0.5));
#3850 = CARTESIAN_POINT('',(5.890983370624,-8.373821540918,0.5));
#3851 = CARTESIAN_POINT('',(6.070905306522,-8.284765771955,0.5));
#3852 = CARTESIAN_POINT('',(6.247506475956,-8.189786279834,0.5));
#3853 = CARTESIAN_POINT('',(6.619050449145,-7.971151116511,0.5));
#3854 = CARTESIAN_POINT('',(6.812217673526,-7.845585837035,0.5));
#3855 = CARTESIAN_POINT('',(6.998955477139,-7.710357050197,0.5));
#3856 = CARTESIAN_POINT('',(7.177588803971,-7.564293888284,0.5));
#3857 = CARTESIAN_POINT('',(7.345311971587,-7.406256080281,0.5));
#3858 = CARTESIAN_POINT('',(7.49832233588,-7.235263481095,0.5));
#3859 = CARTESIAN_POINT('',(7.668042651027,-6.999189650007,0.5));
#3860 = CARTESIAN_POINT('',(7.703137537297,-6.947204661872,0.5));
#3861 = CARTESIAN_POINT('',(7.73658077772,-6.894180496138,0.5));
#3862 = CARTESIAN_POINT('',(7.768242726856,-6.840123597767,0.5));
#3863 = CARTESIAN_POINT('',(7.79798549826,-6.785053338338,0.5));
#3864 = CARTESIAN_POINT('',(7.825667283292,-6.7290042864,0.5));
#3865 = CARTESIAN_POINT('',(7.891712122855,-6.581317915802,0.5));
#3866 = CARTESIAN_POINT('',(7.926717376687,-6.488209302602,0.5));
#3867 = CARTESIAN_POINT('',(7.955547603188,-6.392987162781,0.5));
#3868 = CARTESIAN_POINT('',(7.977642899118,-6.296024621904,0.5));
#3869 = CARTESIAN_POINT('',(7.992550575138,-6.197793901624,0.5));
#3870 = CARTESIAN_POINT('',(8.,-6.098880348993,0.5));
#3871 = CARTESIAN_POINT('',(8.,-6.,0.5));
#3872 = PCURVE('',#338,#3873);
#3873 = DEFINITIONAL_REPRESENTATION('',(#3874),#3913);
#3874 = B_SPLINE_CURVE_WITH_KNOTS('',7,(#3875,#3876,#3877,#3878,#3879,
    #3880,#3881,#3882,#3883,#3884,#3885,#3886,#3887,#3888,#3889,#3890,
    #3891,#3892,#3893,#3894,#3895,#3896,#3897,#3898,#3899,#3900,#3901,
    #3902,#3903,#3904,#3905,#3906,#3907,#3908,#3909,#3910,#3911,#3912),
  .UNSPECIFIED.,.F.,.F.,(8,6,6,6,6,6,8),(0.,0.383761525915,
    0.554960586812,0.704488106854,0.876959334464,0.924427095897,1.),
  .UNSPECIFIED.);
#3875 = CARTESIAN_POINT('',(1.570796326795,-26.));
#3876 = CARTESIAN_POINT('',(1.506033364886,-26.));
#3877 = CARTESIAN_POINT('',(1.441288561384,-26.));
#3878 = CARTESIAN_POINT('',(1.37618066756,-26.));
#3879 = CARTESIAN_POINT('',(1.310360269801,-26.));
#3880 = CARTESIAN_POINT('',(1.243437423182,-26.));
#3881 = CARTESIAN_POINT('',(1.174973700575,-26.));
#3882 = CARTESIAN_POINT('',(1.072728254745,-26.));
#3883 = CARTESIAN_POINT('',(1.040746073197,-26.));
#3884 = CARTESIAN_POINT('',(1.00826193471,-26.));
#3885 = CARTESIAN_POINT('',(0.975208353046,-26.));
#3886 = CARTESIAN_POINT('',(0.941509982832,-26.));
#3887 = CARTESIAN_POINT('',(0.90707676963,-26.));
#3888 = CARTESIAN_POINT('',(0.84097374399,-26.));
#3889 = CARTESIAN_POINT('',(0.809512473632,-26.));
#3890 = CARTESIAN_POINT('',(0.77732603029,-26.));
#3891 = CARTESIAN_POINT('',(0.744324666781,-26.));
#3892 = CARTESIAN_POINT('',(0.710409662552,-26.));
#3893 = CARTESIAN_POINT('',(0.675461005956,-26.));
#3894 = CARTESIAN_POINT('',(0.597620774042,-26.));
#3895 = CARTESIAN_POINT('',(0.554423814437,-26.));
#3896 = CARTESIAN_POINT('',(0.509371744595,-26.));
#3897 = CARTESIAN_POINT('',(0.462166261098,-26.));
#3898 = CARTESIAN_POINT('',(0.412524466485,-26.));
#3899 = CARTESIAN_POINT('',(0.360181640381,-26.));
#3900 = CARTESIAN_POINT('',(0.289474247958,-26.));
#3901 = CARTESIAN_POINT('',(0.273989472643,-26.));
#3902 = CARTESIAN_POINT('',(0.258277634006,-26.));
#3903 = CARTESIAN_POINT('',(0.242338740757,-26.));
#3904 = CARTESIAN_POINT('',(0.226175818022,-26.));
#3905 = CARTESIAN_POINT('',(0.209795387595,-26.));
#3906 = CARTESIAN_POINT('',(0.166799267248,-26.));
#3907 = CARTESIAN_POINT('',(0.139851638258,-26.));
#3908 = CARTESIAN_POINT('',(0.112429457321,-26.));
#3909 = CARTESIAN_POINT('',(8.461531564908E-02,-26.));
#3910 = CARTESIAN_POINT('',(5.651253430258E-02,-26.));
#3911 = CARTESIAN_POINT('',(2.825152828368E-02,-26.));
#3912 = CARTESIAN_POINT('',(0.,-26.));
#3913 = ( GEOMETRIC_REPRESENTATION_CONTEXT(2) 
PARAMETRIC_REPRESENTATION_CONTEXT() REPRESENTATION_CONTEXT('2D SPACE',''
  ) );
#3914 = PCURVE('',#1179,#3915);
#3915 = DEFINITIONAL_REPRESENTATION('',(#3916),#3955);
#3916 = B_SPLINE_CURVE_WITH_KNOTS('',7,(#3917,#3918,#3919,#3920,#3921,
    #3922,#3923,#3924,#3925,#3926,#3927,#3928,#3929,#3930,#3931,#3932,
    #3933,#3934,#3935,#3936,#3937,#3938,#3939,#3940,#3941,#3942,#3943,
    #3944,#3945,#3946,#3947,#3948,#3949,#3950,#3951,#3952,#3953,#3954),
  .UNSPECIFIED.,.F.,.F.,(8,6,6,6,6,6,8),(0.,0.383761525915,
    0.554960586812,0.704488106854,0.876959334464,0.924427095897,1.),
  .UNSPECIFIED.);
#3917 = CARTESIAN_POINT('',(1.403861649015E-15,9.5));
#3918 = CARTESIAN_POINT('',(0.518103695271,9.5));
#3919 = CARTESIAN_POINT('',(1.036063454374,9.482874192842));
#3920 = CARTESIAN_POINT('',(1.553370556981,9.44863486237));
#3921 = CARTESIAN_POINT('',(2.06931144097,9.396888762692));
#3922 = CARTESIAN_POINT('',(2.582944567508,9.326830291823));
#3923 = CARTESIAN_POINT('',(3.093108174825,9.237281843264));
#3924 = CARTESIAN_POINT('',(3.823660885338,9.076321595569));
#3925 = CARTESIAN_POINT('',(4.047999554211,9.022345188348));
#3926 = CARTESIAN_POINT('',(4.271173596468,8.963848906088));
#3927 = CARTESIAN_POINT('',(4.492995644214,8.900596459023));
#3928 = CARTESIAN_POINT('',(4.713226441409,8.832311378322));
#3929 = CARTESIAN_POINT('',(4.931567490561,8.758656006062));
#3930 = CARTESIAN_POINT('',(5.336373542469,8.609785677725));
#3931 = CARTESIAN_POINT('',(5.52333341464,8.535963071619));
#3932 = CARTESIAN_POINT('',(5.708312692407,8.45742384774));
#3933 = CARTESIAN_POINT('',(5.890983370624,8.373821540918));
#3934 = CARTESIAN_POINT('',(6.070905306522,8.284765771955));
#3935 = CARTESIAN_POINT('',(6.247506475956,8.189786279834));
#3936 = CARTESIAN_POINT('',(6.619050449145,7.971151116511));
#3937 = CARTESIAN_POINT('',(6.812217673526,7.845585837035));
#3938 = CARTESIAN_POINT('',(6.998955477139,7.710357050197));
#3939 = CARTESIAN_POINT('',(7.177588803971,7.564293888284));
#3940 = CARTESIAN_POINT('',(7.345311971587,7.406256080281));
#3941 = CARTESIAN_POINT('',(7.49832233588,7.235263481095));
#3942 = CARTESIAN_POINT('',(7.668042651027,6.999189650007));
#3943 = CARTESIAN_POINT('',(7.703137537297,6.947204661872));
#3944 = CARTESIAN_POINT('',(7.73658077772,6.894180496138));
#3945 = CARTESIAN_POINT('',(7.768242726856,6.840123597767));
#3946 = CARTESIAN_POINT('',(7.79798549826,6.785053338338));
#3947 = CARTESIAN_POINT('',(7.825667283292,6.7290042864));
#3948 = CARTESIAN_POINT('',(7.891712122855,6.581317915802));
#3949 = CARTESIAN_POINT('',(7.926717376687,6.488209302602));
#3950 = CARTESIAN_POINT('',(7.955547603188,6.392987162781));
#3951 = CARTESIAN_POINT('',(7.977642899118,6.296024621904));
#3952 = CARTESIAN_POINT('',(7.992550575138,6.197793901624));
#3953 = CARTESIAN_POINT('',(8.,6.098880348993));
#3954 = CARTESIAN_POINT('',(8.,6.));
#3955 = ( GEOMETRIC_REPRESENTATION_CONTEXT(2) 
PARAMETRIC_REPRESENTATION_CONTEXT() REPRESENTATION_CONTEXT('2D SPACE',''
  ) );
#3956 = ADVANCED_FACE('',(#3957),#240,.F.);
#3957 = FACE_BOUND('',#3958,.F.);
#3958 = EDGE_LOOP('',(#3959,#3960,#3961,#3962,#3985,#4013,#4041,#4069,
    #4097,#4125,#4146,#4147,#4170,#4193,#4214,#4215,#4238,#4261,#4289,
    #4317,#4345,#4373,#4394,#4395));
#3959 = ORIENTED_EDGE('',*,*,#3445,.F.);
#3960 = ORIENTED_EDGE('',*,*,#224,.T.);
#3961 = ORIENTED_EDGE('',*,*,#1608,.T.);
#3962 = ORIENTED_EDGE('',*,*,#3963,.T.);
#3963 = EDGE_CURVE('',#1569,#3964,#3966,.T.);
#3964 = VERTEX_POINT('',#3965);
#3965 = CARTESIAN_POINT('',(2.22044604925E-16,-13.2,22.5));
#3966 = SURFACE_CURVE('',#3967,(#3971,#3978),.PCURVE_S1.);
#3967 = LINE('',#3968,#3969);
#3968 = CARTESIAN_POINT('',(2.22044604925E-16,-43.1,22.5));
#3969 = VECTOR('',#3970,1.);
#3970 = DIRECTION('',(0.,-1.,0.));
#3971 = PCURVE('',#240,#3972);
#3972 = DEFINITIONAL_REPRESENTATION('',(#3973),#3977);
#3973 = LINE('',#3974,#3975);
#3974 = CARTESIAN_POINT('',(74.,28.9));
#3975 = VECTOR('',#3976,1.);
#3976 = DIRECTION('',(0.,-1.));
#3977 = ( GEOMETRIC_REPRESENTATION_CONTEXT(2) 
PARAMETRIC_REPRESENTATION_CONTEXT() REPRESENTATION_CONTEXT('2D SPACE',''
  ) );
#3978 = PCURVE('',#1592,#3979);
#3979 = DEFINITIONAL_REPRESENTATION('',(#3980),#3984);
#3980 = LINE('',#3981,#3982);
#3981 = CARTESIAN_POINT('',(-1.054420088418E-16,28.9));
#3982 = VECTOR('',#3983,1.);
#3983 = DIRECTION('',(0.,1.));
#3984 = ( GEOMETRIC_REPRESENTATION_CONTEXT(2) 
PARAMETRIC_REPRESENTATION_CONTEXT() REPRESENTATION_CONTEXT('2D SPACE',''
  ) );
#3985 = ORIENTED_EDGE('',*,*,#3986,.T.);
#3986 = EDGE_CURVE('',#3964,#3987,#3989,.T.);
#3987 = VERTEX_POINT('',#3988);
#3988 = CARTESIAN_POINT('',(3.10862446895E-16,-13.2,21.7));
#3989 = SURFACE_CURVE('',#3990,(#3994,#4001),.PCURVE_S1.);
#3990 = LINE('',#3991,#3992);
#3991 = CARTESIAN_POINT('',(-5.551115123126E-17,-13.2,25.));
#3992 = VECTOR('',#3993,1.);
#3993 = DIRECTION('',(1.110223024625E-16,0.,-1.));
#3994 = PCURVE('',#240,#3995);
#3995 = DEFINITIONAL_REPRESENTATION('',(#3996),#4000);
#3996 = LINE('',#3997,#3998);
#3997 = CARTESIAN_POINT('',(71.5,58.8));
#3998 = VECTOR('',#3999,1.);
#3999 = DIRECTION('',(1.,0.));
#4000 = ( GEOMETRIC_REPRESENTATION_CONTEXT(2) 
PARAMETRIC_REPRESENTATION_CONTEXT() REPRESENTATION_CONTEXT('2D SPACE',''
  ) );
#4001 = PCURVE('',#4002,#4007);
#4002 = CYLINDRICAL_SURFACE('',#4003,1.);
#4003 = AXIS2_PLACEMENT_3D('',#4004,#4005,#4006);
#4004 = CARTESIAN_POINT('',(-5.551115123126E-17,-14.2,25.));
#4005 = DIRECTION('',(-1.110223024625E-16,-0.,1.));
#4006 = DIRECTION('',(0.,1.,0.));
#4007 = DEFINITIONAL_REPRESENTATION('',(#4008),#4012);
#4008 = LINE('',#4009,#4010);
#4009 = CARTESIAN_POINT('',(-6.28318530718,0.));
#4010 = VECTOR('',#4011,1.);
#4011 = DIRECTION('',(-0.,-1.));
#4012 = ( GEOMETRIC_REPRESENTATION_CONTEXT(2) 
PARAMETRIC_REPRESENTATION_CONTEXT() REPRESENTATION_CONTEXT('2D SPACE',''
  ) );
#4013 = ORIENTED_EDGE('',*,*,#4014,.T.);
#4014 = EDGE_CURVE('',#3987,#4015,#4017,.T.);
#4015 = VERTEX_POINT('',#4016);
#4016 = CARTESIAN_POINT('',(3.10862446895E-16,-12.,21.7));
#4017 = SURFACE_CURVE('',#4018,(#4022,#4029),.PCURVE_S1.);
#4018 = LINE('',#4019,#4020);
#4019 = CARTESIAN_POINT('',(3.10862446895E-16,-43.1,21.7));
#4020 = VECTOR('',#4021,1.);
#4021 = DIRECTION('',(0.,1.,0.));
#4022 = PCURVE('',#240,#4023);
#4023 = DEFINITIONAL_REPRESENTATION('',(#4024),#4028);
#4024 = LINE('',#4025,#4026);
#4025 = CARTESIAN_POINT('',(74.8,28.9));
#4026 = VECTOR('',#4027,1.);
#4027 = DIRECTION('',(0.,1.));
#4028 = ( GEOMETRIC_REPRESENTATION_CONTEXT(2) 
PARAMETRIC_REPRESENTATION_CONTEXT() REPRESENTATION_CONTEXT('2D SPACE',''
  ) );
#4029 = PCURVE('',#4030,#4035);
#4030 = PLANE('',#4031);
#4031 = AXIS2_PLACEMENT_3D('',#4032,#4033,#4034);
#4032 = CARTESIAN_POINT('',(3.764459391098E-16,-14.2,21.7));
#4033 = DIRECTION('',(1.110223024625E-16,0.,-1.));
#4034 = DIRECTION('',(1.,0.,1.110223024625E-16));
#4035 = DEFINITIONAL_REPRESENTATION('',(#4036),#4040);
#4036 = LINE('',#4037,#4038);
#4037 = CARTESIAN_POINT('',(-6.558349221473E-17,28.9));
#4038 = VECTOR('',#4039,1.);
#4039 = DIRECTION('',(0.,-1.));
#4040 = ( GEOMETRIC_REPRESENTATION_CONTEXT(2) 
PARAMETRIC_REPRESENTATION_CONTEXT() REPRESENTATION_CONTEXT('2D SPACE',''
  ) );
#4041 = ORIENTED_EDGE('',*,*,#4042,.T.);
#4042 = EDGE_CURVE('',#4015,#4043,#4045,.T.);
#4043 = VERTEX_POINT('',#4044);
#4044 = CARTESIAN_POINT('',(5.329070518201E-16,-12.,19.7));
#4045 = SURFACE_CURVE('',#4046,(#4050,#4057),.PCURVE_S1.);
#4046 = LINE('',#4047,#4048);
#4047 = CARTESIAN_POINT('',(3.10862446895E-16,-12.,21.7));
#4048 = VECTOR('',#4049,1.);
#4049 = DIRECTION('',(1.110223024625E-16,0.,-1.));
#4050 = PCURVE('',#240,#4051);
#4051 = DEFINITIONAL_REPRESENTATION('',(#4052),#4056);
#4052 = LINE('',#4053,#4054);
#4053 = CARTESIAN_POINT('',(74.8,60.));
#4054 = VECTOR('',#4055,1.);
#4055 = DIRECTION('',(1.,0.));
#4056 = ( GEOMETRIC_REPRESENTATION_CONTEXT(2) 
PARAMETRIC_REPRESENTATION_CONTEXT() REPRESENTATION_CONTEXT('2D SPACE',''
  ) );
#4057 = PCURVE('',#4058,#4063);
#4058 = CYLINDRICAL_SURFACE('',#4059,2.2);
#4059 = AXIS2_PLACEMENT_3D('',#4060,#4061,#4062);
#4060 = CARTESIAN_POINT('',(3.10862446895E-16,-14.2,21.7));
#4061 = DIRECTION('',(-1.110223024625E-16,-0.,1.));
#4062 = DIRECTION('',(0.,1.,0.));
#4063 = DEFINITIONAL_REPRESENTATION('',(#4064),#4068);
#4064 = LINE('',#4065,#4066);
#4065 = CARTESIAN_POINT('',(-6.28318530718,0.));
#4066 = VECTOR('',#4067,1.);
#4067 = DIRECTION('',(-0.,-1.));
#4068 = ( GEOMETRIC_REPRESENTATION_CONTEXT(2) 
PARAMETRIC_REPRESENTATION_CONTEXT() REPRESENTATION_CONTEXT('2D SPACE',''
  ) );
#4069 = ORIENTED_EDGE('',*,*,#4070,.F.);
#4070 = EDGE_CURVE('',#4071,#4043,#4073,.T.);
#4071 = VERTEX_POINT('',#4072);
#4072 = CARTESIAN_POINT('',(5.329070518201E-16,-13.2,19.7));
#4073 = SURFACE_CURVE('',#4074,(#4078,#4085),.PCURVE_S1.);
#4074 = LINE('',#4075,#4076);
#4075 = CARTESIAN_POINT('',(5.329070518201E-16,-43.1,19.7));
#4076 = VECTOR('',#4077,1.);
#4077 = DIRECTION('',(0.,1.,0.));
#4078 = PCURVE('',#240,#4079);
#4079 = DEFINITIONAL_REPRESENTATION('',(#4080),#4084);
#4080 = LINE('',#4081,#4082);
#4081 = CARTESIAN_POINT('',(76.8,28.9));
#4082 = VECTOR('',#4083,1.);
#4083 = DIRECTION('',(0.,1.));
#4084 = ( GEOMETRIC_REPRESENTATION_CONTEXT(2) 
PARAMETRIC_REPRESENTATION_CONTEXT() REPRESENTATION_CONTEXT('2D SPACE',''
  ) );
#4085 = PCURVE('',#4086,#4091);
#4086 = PLANE('',#4087);
#4087 = AXIS2_PLACEMENT_3D('',#4088,#4089,#4090);
#4088 = CARTESIAN_POINT('',(5.984905440348E-16,-14.2,19.7));
#4089 = DIRECTION('',(1.110223024625E-16,0.,-1.));
#4090 = DIRECTION('',(1.,0.,1.110223024625E-16));
#4091 = DEFINITIONAL_REPRESENTATION('',(#4092),#4096);
#4092 = LINE('',#4093,#4094);
#4093 = CARTESIAN_POINT('',(-6.558349221473E-17,28.9));
#4094 = VECTOR('',#4095,1.);
#4095 = DIRECTION('',(0.,-1.));
#4096 = ( GEOMETRIC_REPRESENTATION_CONTEXT(2) 
PARAMETRIC_REPRESENTATION_CONTEXT() REPRESENTATION_CONTEXT('2D SPACE',''
  ) );
#4097 = ORIENTED_EDGE('',*,*,#4098,.T.);
#4098 = EDGE_CURVE('',#4071,#4099,#4101,.T.);
#4099 = VERTEX_POINT('',#4100);
#4100 = CARTESIAN_POINT('',(6.217248937901E-16,-13.2,18.9));
#4101 = SURFACE_CURVE('',#4102,(#4106,#4113),.PCURVE_S1.);
#4102 = LINE('',#4103,#4104);
#4103 = CARTESIAN_POINT('',(-5.551115123126E-17,-13.2,25.));
#4104 = VECTOR('',#4105,1.);
#4105 = DIRECTION('',(1.110223024625E-16,0.,-1.));
#4106 = PCURVE('',#240,#4107);
#4107 = DEFINITIONAL_REPRESENTATION('',(#4108),#4112);
#4108 = LINE('',#4109,#4110);
#4109 = CARTESIAN_POINT('',(71.5,58.8));
#4110 = VECTOR('',#4111,1.);
#4111 = DIRECTION('',(1.,0.));
#4112 = ( GEOMETRIC_REPRESENTATION_CONTEXT(2) 
PARAMETRIC_REPRESENTATION_CONTEXT() REPRESENTATION_CONTEXT('2D SPACE',''
  ) );
#4113 = PCURVE('',#4114,#4119);
#4114 = CYLINDRICAL_SURFACE('',#4115,1.);
#4115 = AXIS2_PLACEMENT_3D('',#4116,#4117,#4118);
#4116 = CARTESIAN_POINT('',(-5.551115123126E-17,-14.2,25.));
#4117 = DIRECTION('',(-1.110223024625E-16,-0.,1.));
#4118 = DIRECTION('',(0.,1.,0.));
#4119 = DEFINITIONAL_REPRESENTATION('',(#4120),#4124);
#4120 = LINE('',#4121,#4122);
#4121 = CARTESIAN_POINT('',(-6.28318530718,0.));
#4122 = VECTOR('',#4123,1.);
#4123 = DIRECTION('',(-0.,-1.));
#4124 = ( GEOMETRIC_REPRESENTATION_CONTEXT(2) 
PARAMETRIC_REPRESENTATION_CONTEXT() REPRESENTATION_CONTEXT('2D SPACE',''
  ) );
#4125 = ORIENTED_EDGE('',*,*,#4126,.F.);
#4126 = EDGE_CURVE('',#1472,#4099,#4127,.T.);
#4127 = SURFACE_CURVE('',#4128,(#4132,#4139),.PCURVE_S1.);
#4128 = LINE('',#4129,#4130);
#4129 = CARTESIAN_POINT('',(6.217248937901E-16,-43.1,18.9));
#4130 = VECTOR('',#4131,1.);
#4131 = DIRECTION('',(0.,-1.,0.));
#4132 = PCURVE('',#240,#4133);
#4133 = DEFINITIONAL_REPRESENTATION('',(#4134),#4138);
#4134 = LINE('',#4135,#4136);
#4135 = CARTESIAN_POINT('',(77.6,28.9));
#4136 = VECTOR('',#4137,1.);
#4137 = DIRECTION('',(0.,-1.));
#4138 = ( GEOMETRIC_REPRESENTATION_CONTEXT(2) 
PARAMETRIC_REPRESENTATION_CONTEXT() REPRESENTATION_CONTEXT('2D SPACE',''
  ) );
#4139 = PCURVE('',#1518,#4140);
#4140 = DEFINITIONAL_REPRESENTATION('',(#4141),#4145);
#4141 = LINE('',#4142,#4143);
#4142 = CARTESIAN_POINT('',(-1.054420088418E-16,28.9));
#4143 = VECTOR('',#4144,1.);
#4144 = DIRECTION('',(0.,1.));
#4145 = ( GEOMETRIC_REPRESENTATION_CONTEXT(2) 
PARAMETRIC_REPRESENTATION_CONTEXT() REPRESENTATION_CONTEXT('2D SPACE',''
  ) );
#4146 = ORIENTED_EDGE('',*,*,#1471,.T.);
#4147 = ORIENTED_EDGE('',*,*,#4148,.T.);
#4148 = EDGE_CURVE('',#1432,#4149,#4151,.T.);
#4149 = VERTEX_POINT('',#4150);
#4150 = CARTESIAN_POINT('',(1.132427485118E-15,-13.2,14.3));
#4151 = SURFACE_CURVE('',#4152,(#4156,#4163),.PCURVE_S1.);
#4152 = LINE('',#4153,#4154);
#4153 = CARTESIAN_POINT('',(1.132427485118E-15,-43.1,14.3));
#4154 = VECTOR('',#4155,1.);
#4155 = DIRECTION('',(0.,-1.,0.));
#4156 = PCURVE('',#240,#4157);
#4157 = DEFINITIONAL_REPRESENTATION('',(#4158),#4162);
#4158 = LINE('',#4159,#4160);
#4159 = CARTESIAN_POINT('',(82.2,28.9));
#4160 = VECTOR('',#4161,1.);
#4161 = DIRECTION('',(0.,-1.));
#4162 = ( GEOMETRIC_REPRESENTATION_CONTEXT(2) 
PARAMETRIC_REPRESENTATION_CONTEXT() REPRESENTATION_CONTEXT('2D SPACE',''
  ) );
#4163 = PCURVE('',#1455,#4164);
#4164 = DEFINITIONAL_REPRESENTATION('',(#4165),#4169);
#4165 = LINE('',#4166,#4167);
#4166 = CARTESIAN_POINT('',(-1.054420088418E-16,28.9));
#4167 = VECTOR('',#4168,1.);
#4168 = DIRECTION('',(0.,1.));
#4169 = ( GEOMETRIC_REPRESENTATION_CONTEXT(2) 
PARAMETRIC_REPRESENTATION_CONTEXT() REPRESENTATION_CONTEXT('2D SPACE',''
  ) );
#4170 = ORIENTED_EDGE('',*,*,#4171,.T.);
#4171 = EDGE_CURVE('',#4149,#4172,#4174,.T.);
#4172 = VERTEX_POINT('',#4173);
#4173 = CARTESIAN_POINT('',(1.532107773983E-15,-13.2,10.7));
#4174 = SURFACE_CURVE('',#4175,(#4179,#4186),.PCURVE_S1.);
#4175 = LINE('',#4176,#4177);
#4176 = CARTESIAN_POINT('',(-5.551115123126E-17,-13.2,25.));
#4177 = VECTOR('',#4178,1.);
#4178 = DIRECTION('',(1.110223024625E-16,0.,-1.));
#4179 = PCURVE('',#240,#4180);
#4180 = DEFINITIONAL_REPRESENTATION('',(#4181),#4185);
#4181 = LINE('',#4182,#4183);
#4182 = CARTESIAN_POINT('',(71.5,58.8));
#4183 = VECTOR('',#4184,1.);
#4184 = DIRECTION('',(1.,0.));
#4185 = ( GEOMETRIC_REPRESENTATION_CONTEXT(2) 
PARAMETRIC_REPRESENTATION_CONTEXT() REPRESENTATION_CONTEXT('2D SPACE',''
  ) );
#4186 = PCURVE('',#4114,#4187);
#4187 = DEFINITIONAL_REPRESENTATION('',(#4188),#4192);
#4188 = LINE('',#4189,#4190);
#4189 = CARTESIAN_POINT('',(-6.28318530718,0.));
#4190 = VECTOR('',#4191,1.);
#4191 = DIRECTION('',(-0.,-1.));
#4192 = ( GEOMETRIC_REPRESENTATION_CONTEXT(2) 
PARAMETRIC_REPRESENTATION_CONTEXT() REPRESENTATION_CONTEXT('2D SPACE',''
  ) );
#4193 = ORIENTED_EDGE('',*,*,#4194,.F.);
#4194 = EDGE_CURVE('',#1332,#4172,#4195,.T.);
#4195 = SURFACE_CURVE('',#4196,(#4200,#4207),.PCURVE_S1.);
#4196 = LINE('',#4197,#4198);
#4197 = CARTESIAN_POINT('',(1.532107773983E-15,-43.1,10.7));
#4198 = VECTOR('',#4199,1.);
#4199 = DIRECTION('',(0.,-1.,0.));
#4200 = PCURVE('',#240,#4201);
#4201 = DEFINITIONAL_REPRESENTATION('',(#4202),#4206);
#4202 = LINE('',#4203,#4204);
#4203 = CARTESIAN_POINT('',(85.8,28.9));
#4204 = VECTOR('',#4205,1.);
#4205 = DIRECTION('',(0.,-1.));
#4206 = ( GEOMETRIC_REPRESENTATION_CONTEXT(2) 
PARAMETRIC_REPRESENTATION_CONTEXT() REPRESENTATION_CONTEXT('2D SPACE',''
  ) );
#4207 = PCURVE('',#1378,#4208);
#4208 = DEFINITIONAL_REPRESENTATION('',(#4209),#4213);
#4209 = LINE('',#4210,#4211);
#4210 = CARTESIAN_POINT('',(-1.054420088418E-16,28.9));
#4211 = VECTOR('',#4212,1.);
#4212 = DIRECTION('',(0.,1.));
#4213 = ( GEOMETRIC_REPRESENTATION_CONTEXT(2) 
PARAMETRIC_REPRESENTATION_CONTEXT() REPRESENTATION_CONTEXT('2D SPACE',''
  ) );
#4214 = ORIENTED_EDGE('',*,*,#1331,.T.);
#4215 = ORIENTED_EDGE('',*,*,#4216,.T.);
#4216 = EDGE_CURVE('',#1292,#4217,#4219,.T.);
#4217 = VERTEX_POINT('',#4218);
#4218 = CARTESIAN_POINT('',(2.04281036531E-15,-13.2,6.1));
#4219 = SURFACE_CURVE('',#4220,(#4224,#4231),.PCURVE_S1.);
#4220 = LINE('',#4221,#4222);
#4221 = CARTESIAN_POINT('',(2.04281036531E-15,-43.1,6.1));
#4222 = VECTOR('',#4223,1.);
#4223 = DIRECTION('',(0.,-1.,0.));
#4224 = PCURVE('',#240,#4225);
#4225 = DEFINITIONAL_REPRESENTATION('',(#4226),#4230);
#4226 = LINE('',#4227,#4228);
#4227 = CARTESIAN_POINT('',(90.4,28.9));
#4228 = VECTOR('',#4229,1.);
#4229 = DIRECTION('',(0.,-1.));
#4230 = ( GEOMETRIC_REPRESENTATION_CONTEXT(2) 
PARAMETRIC_REPRESENTATION_CONTEXT() REPRESENTATION_CONTEXT('2D SPACE',''
  ) );
#4231 = PCURVE('',#1315,#4232);
#4232 = DEFINITIONAL_REPRESENTATION('',(#4233),#4237);
#4233 = LINE('',#4234,#4235);
#4234 = CARTESIAN_POINT('',(-1.054420088418E-16,28.9));
#4235 = VECTOR('',#4236,1.);
#4236 = DIRECTION('',(0.,1.));
#4237 = ( GEOMETRIC_REPRESENTATION_CONTEXT(2) 
PARAMETRIC_REPRESENTATION_CONTEXT() REPRESENTATION_CONTEXT('2D SPACE',''
  ) );
#4238 = ORIENTED_EDGE('',*,*,#4239,.T.);
#4239 = EDGE_CURVE('',#4217,#4240,#4242,.T.);
#4240 = VERTEX_POINT('',#4241);
#4241 = CARTESIAN_POINT('',(2.13162820728E-15,-13.2,5.3));
#4242 = SURFACE_CURVE('',#4243,(#4247,#4254),.PCURVE_S1.);
#4243 = LINE('',#4244,#4245);
#4244 = CARTESIAN_POINT('',(-5.551115123126E-17,-13.2,25.));
#4245 = VECTOR('',#4246,1.);
#4246 = DIRECTION('',(1.110223024625E-16,0.,-1.));
#4247 = PCURVE('',#240,#4248);
#4248 = DEFINITIONAL_REPRESENTATION('',(#4249),#4253);
#4249 = LINE('',#4250,#4251);
#4250 = CARTESIAN_POINT('',(71.5,58.8));
#4251 = VECTOR('',#4252,1.);
#4252 = DIRECTION('',(1.,0.));
#4253 = ( GEOMETRIC_REPRESENTATION_CONTEXT(2) 
PARAMETRIC_REPRESENTATION_CONTEXT() REPRESENTATION_CONTEXT('2D SPACE',''
  ) );
#4254 = PCURVE('',#4114,#4255);
#4255 = DEFINITIONAL_REPRESENTATION('',(#4256),#4260);
#4256 = LINE('',#4257,#4258);
#4257 = CARTESIAN_POINT('',(-6.28318530718,0.));
#4258 = VECTOR('',#4259,1.);
#4259 = DIRECTION('',(-0.,-1.));
#4260 = ( GEOMETRIC_REPRESENTATION_CONTEXT(2) 
PARAMETRIC_REPRESENTATION_CONTEXT() REPRESENTATION_CONTEXT('2D SPACE',''
  ) );
#4261 = ORIENTED_EDGE('',*,*,#4262,.T.);
#4262 = EDGE_CURVE('',#4240,#4263,#4265,.T.);
#4263 = VERTEX_POINT('',#4264);
#4264 = CARTESIAN_POINT('',(2.13162820728E-15,-12.,5.3));
#4265 = SURFACE_CURVE('',#4266,(#4270,#4277),.PCURVE_S1.);
#4266 = LINE('',#4267,#4268);
#4267 = CARTESIAN_POINT('',(2.13162820728E-15,-43.1,5.3));
#4268 = VECTOR('',#4269,1.);
#4269 = DIRECTION('',(0.,1.,0.));
#4270 = PCURVE('',#240,#4271);
#4271 = DEFINITIONAL_REPRESENTATION('',(#4272),#4276);
#4272 = LINE('',#4273,#4274);
#4273 = CARTESIAN_POINT('',(91.2,28.9));
#4274 = VECTOR('',#4275,1.);
#4275 = DIRECTION('',(0.,1.));
#4276 = ( GEOMETRIC_REPRESENTATION_CONTEXT(2) 
PARAMETRIC_REPRESENTATION_CONTEXT() REPRESENTATION_CONTEXT('2D SPACE',''
  ) );
#4277 = PCURVE('',#4278,#4283);
#4278 = PLANE('',#4279);
#4279 = AXIS2_PLACEMENT_3D('',#4280,#4281,#4282);
#4280 = CARTESIAN_POINT('',(2.197211699495E-15,-14.2,5.3));
#4281 = DIRECTION('',(1.110223024625E-16,0.,-1.));
#4282 = DIRECTION('',(1.,0.,1.110223024625E-16));
#4283 = DEFINITIONAL_REPRESENTATION('',(#4284),#4288);
#4284 = LINE('',#4285,#4286);
#4285 = CARTESIAN_POINT('',(-6.558349221473E-17,28.9));
#4286 = VECTOR('',#4287,1.);
#4287 = DIRECTION('',(0.,-1.));
#4288 = ( GEOMETRIC_REPRESENTATION_CONTEXT(2) 
PARAMETRIC_REPRESENTATION_CONTEXT() REPRESENTATION_CONTEXT('2D SPACE',''
  ) );
#4289 = ORIENTED_EDGE('',*,*,#4290,.T.);
#4290 = EDGE_CURVE('',#4263,#4291,#4293,.T.);
#4291 = VERTEX_POINT('',#4292);
#4292 = CARTESIAN_POINT('',(2.353672812205E-15,-12.,3.3));
#4293 = SURFACE_CURVE('',#4294,(#4298,#4305),.PCURVE_S1.);
#4294 = LINE('',#4295,#4296);
#4295 = CARTESIAN_POINT('',(2.13162820728E-15,-12.,5.3));
#4296 = VECTOR('',#4297,1.);
#4297 = DIRECTION('',(1.110223024625E-16,0.,-1.));
#4298 = PCURVE('',#240,#4299);
#4299 = DEFINITIONAL_REPRESENTATION('',(#4300),#4304);
#4300 = LINE('',#4301,#4302);
#4301 = CARTESIAN_POINT('',(91.2,60.));
#4302 = VECTOR('',#4303,1.);
#4303 = DIRECTION('',(1.,0.));
#4304 = ( GEOMETRIC_REPRESENTATION_CONTEXT(2) 
PARAMETRIC_REPRESENTATION_CONTEXT() REPRESENTATION_CONTEXT('2D SPACE',''
  ) );
#4305 = PCURVE('',#4306,#4311);
#4306 = CYLINDRICAL_SURFACE('',#4307,2.2);
#4307 = AXIS2_PLACEMENT_3D('',#4308,#4309,#4310);
#4308 = CARTESIAN_POINT('',(2.13162820728E-15,-14.2,5.3));
#4309 = DIRECTION('',(-1.110223024625E-16,-0.,1.));
#4310 = DIRECTION('',(0.,1.,0.));
#4311 = DEFINITIONAL_REPRESENTATION('',(#4312),#4316);
#4312 = LINE('',#4313,#4314);
#4313 = CARTESIAN_POINT('',(-6.28318530718,0.));
#4314 = VECTOR('',#4315,1.);
#4315 = DIRECTION('',(-0.,-1.));
#4316 = ( GEOMETRIC_REPRESENTATION_CONTEXT(2) 
PARAMETRIC_REPRESENTATION_CONTEXT() REPRESENTATION_CONTEXT('2D SPACE',''
  ) );
#4317 = ORIENTED_EDGE('',*,*,#4318,.F.);
#4318 = EDGE_CURVE('',#4319,#4291,#4321,.T.);
#4319 = VERTEX_POINT('',#4320);
#4320 = CARTESIAN_POINT('',(2.353672812205E-15,-13.2,3.3));
#4321 = SURFACE_CURVE('',#4322,(#4326,#4333),.PCURVE_S1.);
#4322 = LINE('',#4323,#4324);
#4323 = CARTESIAN_POINT('',(2.353672812205E-15,-43.1,3.3));
#4324 = VECTOR('',#4325,1.);
#4325 = DIRECTION('',(0.,1.,0.));
#4326 = PCURVE('',#240,#4327);
#4327 = DEFINITIONAL_REPRESENTATION('',(#4328),#4332);
#4328 = LINE('',#4329,#4330);
#4329 = CARTESIAN_POINT('',(93.2,28.9));
#4330 = VECTOR('',#4331,1.);
#4331 = DIRECTION('',(0.,1.));
#4332 = ( GEOMETRIC_REPRESENTATION_CONTEXT(2) 
PARAMETRIC_REPRESENTATION_CONTEXT() REPRESENTATION_CONTEXT('2D SPACE',''
  ) );
#4333 = PCURVE('',#4334,#4339);
#4334 = PLANE('',#4335);
#4335 = AXIS2_PLACEMENT_3D('',#4336,#4337,#4338);
#4336 = CARTESIAN_POINT('',(2.41925630442E-15,-14.2,3.3));
#4337 = DIRECTION('',(1.110223024625E-16,0.,-1.));
#4338 = DIRECTION('',(1.,0.,1.110223024625E-16));
#4339 = DEFINITIONAL_REPRESENTATION('',(#4340),#4344);
#4340 = LINE('',#4341,#4342);
#4341 = CARTESIAN_POINT('',(-6.558349221473E-17,28.9));
#4342 = VECTOR('',#4343,1.);
#4343 = DIRECTION('',(0.,-1.));
#4344 = ( GEOMETRIC_REPRESENTATION_CONTEXT(2) 
PARAMETRIC_REPRESENTATION_CONTEXT() REPRESENTATION_CONTEXT('2D SPACE',''
  ) );
#4345 = ORIENTED_EDGE('',*,*,#4346,.T.);
#4346 = EDGE_CURVE('',#4319,#4347,#4349,.T.);
#4347 = VERTEX_POINT('',#4348);
#4348 = CARTESIAN_POINT('',(2.442490654175E-15,-13.2,2.5));
#4349 = SURFACE_CURVE('',#4350,(#4354,#4361),.PCURVE_S1.);
#4350 = LINE('',#4351,#4352);
#4351 = CARTESIAN_POINT('',(-5.551115123126E-17,-13.2,25.));
#4352 = VECTOR('',#4353,1.);
#4353 = DIRECTION('',(1.110223024625E-16,0.,-1.));
#4354 = PCURVE('',#240,#4355);
#4355 = DEFINITIONAL_REPRESENTATION('',(#4356),#4360);
#4356 = LINE('',#4357,#4358);
#4357 = CARTESIAN_POINT('',(71.5,58.8));
#4358 = VECTOR('',#4359,1.);
#4359 = DIRECTION('',(1.,0.));
#4360 = ( GEOMETRIC_REPRESENTATION_CONTEXT(2) 
PARAMETRIC_REPRESENTATION_CONTEXT() REPRESENTATION_CONTEXT('2D SPACE',''
  ) );
#4361 = PCURVE('',#4362,#4367);
#4362 = CYLINDRICAL_SURFACE('',#4363,1.);
#4363 = AXIS2_PLACEMENT_3D('',#4364,#4365,#4366);
#4364 = CARTESIAN_POINT('',(-5.551115123126E-17,-14.2,25.));
#4365 = DIRECTION('',(-1.110223024625E-16,-0.,1.));
#4366 = DIRECTION('',(0.,1.,0.));
#4367 = DEFINITIONAL_REPRESENTATION('',(#4368),#4372);
#4368 = LINE('',#4369,#4370);
#4369 = CARTESIAN_POINT('',(-6.28318530718,0.));
#4370 = VECTOR('',#4371,1.);
#4371 = DIRECTION('',(-0.,-1.));
#4372 = ( GEOMETRIC_REPRESENTATION_CONTEXT(2) 
PARAMETRIC_REPRESENTATION_CONTEXT() REPRESENTATION_CONTEXT('2D SPACE',''
  ) );
#4373 = ORIENTED_EDGE('',*,*,#4374,.F.);
#4374 = EDGE_CURVE('',#1192,#4347,#4375,.T.);
#4375 = SURFACE_CURVE('',#4376,(#4380,#4387),.PCURVE_S1.);
#4376 = LINE('',#4377,#4378);
#4377 = CARTESIAN_POINT('',(2.442490654175E-15,-43.1,2.5));
#4378 = VECTOR('',#4379,1.);
#4379 = DIRECTION('',(0.,-1.,0.));
#4380 = PCURVE('',#240,#4381);
#4381 = DEFINITIONAL_REPRESENTATION('',(#4382),#4386);
#4382 = LINE('',#4383,#4384);
#4383 = CARTESIAN_POINT('',(94.,28.9));
#4384 = VECTOR('',#4385,1.);
#4385 = DIRECTION('',(0.,-1.));
#4386 = ( GEOMETRIC_REPRESENTATION_CONTEXT(2) 
PARAMETRIC_REPRESENTATION_CONTEXT() REPRESENTATION_CONTEXT('2D SPACE',''
  ) );
#4387 = PCURVE('',#1238,#4388);
#4388 = DEFINITIONAL_REPRESENTATION('',(#4389),#4393);
#4389 = LINE('',#4390,#4391);
#4390 = CARTESIAN_POINT('',(-1.054420088418E-16,28.9));
#4391 = VECTOR('',#4392,1.);
#4392 = DIRECTION('',(0.,1.));
#4393 = ( GEOMETRIC_REPRESENTATION_CONTEXT(2) 
PARAMETRIC_REPRESENTATION_CONTEXT() REPRESENTATION_CONTEXT('2D SPACE',''
  ) );
#4394 = ORIENTED_EDGE('',*,*,#1191,.T.);
#4395 = ORIENTED_EDGE('',*,*,#4396,.F.);
#4396 = EDGE_CURVE('',#3446,#1163,#4397,.T.);
#4397 = SURFACE_CURVE('',#4398,(#4402,#4409),.PCURVE_S1.);
#4398 = LINE('',#4399,#4400);
#4399 = CARTESIAN_POINT('',(2.6645352591E-15,-36.,0.5));
#4400 = VECTOR('',#4401,1.);
#4401 = DIRECTION('',(0.,-1.,0.));
#4402 = PCURVE('',#240,#4403);
#4403 = DEFINITIONAL_REPRESENTATION('',(#4404),#4408);
#4404 = LINE('',#4405,#4406);
#4405 = CARTESIAN_POINT('',(96.,36.));
#4406 = VECTOR('',#4407,1.);
#4407 = DIRECTION('',(0.,-1.));
#4408 = ( GEOMETRIC_REPRESENTATION_CONTEXT(2) 
PARAMETRIC_REPRESENTATION_CONTEXT() REPRESENTATION_CONTEXT('2D SPACE',''
  ) );
#4409 = PCURVE('',#1179,#4410);
#4410 = DEFINITIONAL_REPRESENTATION('',(#4411),#4415);
#4411 = LINE('',#4412,#4413);
#4412 = CARTESIAN_POINT('',(5.254248707375E-16,36.));
#4413 = VECTOR('',#4414,1.);
#4414 = DIRECTION('',(0.,1.));
#4415 = ( GEOMETRIC_REPRESENTATION_CONTEXT(2) 
PARAMETRIC_REPRESENTATION_CONTEXT() REPRESENTATION_CONTEXT('2D SPACE',''
  ) );
#4416 = ADVANCED_FACE('',(#4417),#1592,.F.);
#4417 = FACE_BOUND('',#4418,.F.);
#4418 = EDGE_LOOP('',(#4419,#4420,#4421,#4445,#4473));
#4419 = ORIENTED_EDGE('',*,*,#3963,.F.);
#4420 = ORIENTED_EDGE('',*,*,#1568,.T.);
#4421 = ORIENTED_EDGE('',*,*,#4422,.T.);
#4422 = EDGE_CURVE('',#1535,#4423,#4425,.T.);
#4423 = VERTEX_POINT('',#4424);
#4424 = CARTESIAN_POINT('',(5.894386446692E-16,-17.2,22.5));
#4425 = SURFACE_CURVE('',#4426,(#4431,#4438),.PCURVE_S1.);
#4426 = CIRCLE('',#4427,3.);
#4427 = AXIS2_PLACEMENT_3D('',#4428,#4429,#4430);
#4428 = CARTESIAN_POINT('',(2.22044604925E-16,-14.2,22.5));
#4429 = DIRECTION('',(1.110223024625E-16,0.,-1.));
#4430 = DIRECTION('',(0.,1.,0.));
#4431 = PCURVE('',#1592,#4432);
#4432 = DEFINITIONAL_REPRESENTATION('',(#4433),#4437);
#4433 = CIRCLE('',#4434,3.);
#4434 = AXIS2_PLACEMENT_2D('',#4435,#4436);
#4435 = CARTESIAN_POINT('',(-1.054420088418E-16,-1.7763568394E-15));
#4436 = DIRECTION('',(0.,-1.));
#4437 = ( GEOMETRIC_REPRESENTATION_CONTEXT(2) 
PARAMETRIC_REPRESENTATION_CONTEXT() REPRESENTATION_CONTEXT('2D SPACE',''
  ) );
#4438 = PCURVE('',#1554,#4439);
#4439 = DEFINITIONAL_REPRESENTATION('',(#4440),#4444);
#4440 = LINE('',#4441,#4442);
#4441 = CARTESIAN_POINT('',(-0.,0.));
#4442 = VECTOR('',#4443,1.);
#4443 = DIRECTION('',(-1.,0.));
#4444 = ( GEOMETRIC_REPRESENTATION_CONTEXT(2) 
PARAMETRIC_REPRESENTATION_CONTEXT() REPRESENTATION_CONTEXT('2D SPACE',''
  ) );
#4445 = ORIENTED_EDGE('',*,*,#4446,.F.);
#4446 = EDGE_CURVE('',#4447,#4423,#4449,.T.);
#4447 = VERTEX_POINT('',#4448);
#4448 = CARTESIAN_POINT('',(2.22044604925E-16,-15.2,22.5));
#4449 = SURFACE_CURVE('',#4450,(#4454,#4461),.PCURVE_S1.);
#4450 = LINE('',#4451,#4452);
#4451 = CARTESIAN_POINT('',(2.22044604925E-16,-43.1,22.5));
#4452 = VECTOR('',#4453,1.);
#4453 = DIRECTION('',(0.,-1.,0.));
#4454 = PCURVE('',#1592,#4455);
#4455 = DEFINITIONAL_REPRESENTATION('',(#4456),#4460);
#4456 = LINE('',#4457,#4458);
#4457 = CARTESIAN_POINT('',(-1.054420088418E-16,28.9));
#4458 = VECTOR('',#4459,1.);
#4459 = DIRECTION('',(0.,1.));
#4460 = ( GEOMETRIC_REPRESENTATION_CONTEXT(2) 
PARAMETRIC_REPRESENTATION_CONTEXT() REPRESENTATION_CONTEXT('2D SPACE',''
  ) );
#4461 = PCURVE('',#4462,#4467);
#4462 = PLANE('',#4463);
#4463 = AXIS2_PLACEMENT_3D('',#4464,#4465,#4466);
#4464 = CARTESIAN_POINT('',(-7.993605777301E-15,-72.,96.5));
#4465 = DIRECTION('',(1.,0.,1.110223024625E-16));
#4466 = DIRECTION('',(1.110223024625E-16,0.,-1.));
#4467 = DEFINITIONAL_REPRESENTATION('',(#4468),#4472);
#4468 = LINE('',#4469,#4470);
#4469 = CARTESIAN_POINT('',(74.,28.9));
#4470 = VECTOR('',#4471,1.);
#4471 = DIRECTION('',(0.,-1.));
#4472 = ( GEOMETRIC_REPRESENTATION_CONTEXT(2) 
PARAMETRIC_REPRESENTATION_CONTEXT() REPRESENTATION_CONTEXT('2D SPACE',''
  ) );
#4473 = ORIENTED_EDGE('',*,*,#4474,.T.);
#4474 = EDGE_CURVE('',#4447,#3964,#4475,.T.);
#4475 = SURFACE_CURVE('',#4476,(#4481,#4492),.PCURVE_S1.);
#4476 = CIRCLE('',#4477,1.);
#4477 = AXIS2_PLACEMENT_3D('',#4478,#4479,#4480);
#4478 = CARTESIAN_POINT('',(2.22044604925E-16,-14.2,22.5));
#4479 = DIRECTION('',(-1.110223024625E-16,0.,1.));
#4480 = DIRECTION('',(0.,1.,0.));
#4481 = PCURVE('',#1592,#4482);
#4482 = DEFINITIONAL_REPRESENTATION('',(#4483),#4491);
#4483 = ( BOUNDED_CURVE() B_SPLINE_CURVE(2,(#4484,#4485,#4486,#4487,
#4488,#4489,#4490),.UNSPECIFIED.,.T.,.F.) B_SPLINE_CURVE_WITH_KNOTS((1,2
    ,2,2,2,1),(-2.094395102393,0.,2.094395102393,4.188790204786,
6.28318530718,8.377580409573),.UNSPECIFIED.) CURVE() 
GEOMETRIC_REPRESENTATION_ITEM() RATIONAL_B_SPLINE_CURVE((1.,0.5,1.,0.5,
1.,0.5,1.)) REPRESENTATION_ITEM('') );
#4484 = CARTESIAN_POINT('',(-1.054420088418E-16,-1.));
#4485 = CARTESIAN_POINT('',(-1.732050807569,-1.));
#4486 = CARTESIAN_POINT('',(-0.866025403784,0.5));
#4487 = CARTESIAN_POINT('',(-3.503713686713E-16,2.));
#4488 = CARTESIAN_POINT('',(0.866025403784,0.5));
#4489 = CARTESIAN_POINT('',(1.732050807569,-1.));
#4490 = CARTESIAN_POINT('',(-1.054420088418E-16,-1.));
#4491 = ( GEOMETRIC_REPRESENTATION_CONTEXT(2) 
PARAMETRIC_REPRESENTATION_CONTEXT() REPRESENTATION_CONTEXT('2D SPACE',''
  ) );
#4492 = PCURVE('',#4002,#4493);
#4493 = DEFINITIONAL_REPRESENTATION('',(#4494),#4498);
#4494 = LINE('',#4495,#4496);
#4495 = CARTESIAN_POINT('',(-6.28318530718,-2.5));
#4496 = VECTOR('',#4497,1.);
#4497 = DIRECTION('',(1.,-0.));
#4498 = ( GEOMETRIC_REPRESENTATION_CONTEXT(2) 
PARAMETRIC_REPRESENTATION_CONTEXT() REPRESENTATION_CONTEXT('2D SPACE',''
  ) );
#4499 = ADVANCED_FACE('',(#4500),#1554,.T.);
#4500 = FACE_BOUND('',#4501,.F.);
#4501 = EDGE_LOOP('',(#4502,#4503,#4504,#4528));
#4502 = ORIENTED_EDGE('',*,*,#4422,.F.);
#4503 = ORIENTED_EDGE('',*,*,#1534,.F.);
#4504 = ORIENTED_EDGE('',*,*,#4505,.T.);
#4505 = EDGE_CURVE('',#1495,#4506,#4508,.T.);
#4506 = VERTEX_POINT('',#4507);
#4507 = CARTESIAN_POINT('',(9.891189335343E-16,-17.2,18.9));
#4508 = SURFACE_CURVE('',#4509,(#4514,#4521),.PCURVE_S1.);
#4509 = CIRCLE('',#4510,3.);
#4510 = AXIS2_PLACEMENT_3D('',#4511,#4512,#4513);
#4511 = CARTESIAN_POINT('',(6.217248937901E-16,-14.2,18.9));
#4512 = DIRECTION('',(1.110223024625E-16,0.,-1.));
#4513 = DIRECTION('',(0.,1.,0.));
#4514 = PCURVE('',#1554,#4515);
#4515 = DEFINITIONAL_REPRESENTATION('',(#4516),#4520);
#4516 = LINE('',#4517,#4518);
#4517 = CARTESIAN_POINT('',(-0.,-3.6));
#4518 = VECTOR('',#4519,1.);
#4519 = DIRECTION('',(-1.,0.));
#4520 = ( GEOMETRIC_REPRESENTATION_CONTEXT(2) 
PARAMETRIC_REPRESENTATION_CONTEXT() REPRESENTATION_CONTEXT('2D SPACE',''
  ) );
#4521 = PCURVE('',#1518,#4522);
#4522 = DEFINITIONAL_REPRESENTATION('',(#4523),#4527);
#4523 = CIRCLE('',#4524,3.);
#4524 = AXIS2_PLACEMENT_2D('',#4525,#4526);
#4525 = CARTESIAN_POINT('',(-1.054420088418E-16,-1.7763568394E-15));
#4526 = DIRECTION('',(0.,-1.));
#4527 = ( GEOMETRIC_REPRESENTATION_CONTEXT(2) 
PARAMETRIC_REPRESENTATION_CONTEXT() REPRESENTATION_CONTEXT('2D SPACE',''
  ) );
#4528 = ORIENTED_EDGE('',*,*,#4529,.T.);
#4529 = EDGE_CURVE('',#4506,#4423,#4530,.T.);
#4530 = SURFACE_CURVE('',#4531,(#4535,#4542),.PCURVE_S1.);
#4531 = LINE('',#4532,#4533);
#4532 = CARTESIAN_POINT('',(2.22044604925E-16,-17.2,22.5));
#4533 = VECTOR('',#4534,1.);
#4534 = DIRECTION('',(-1.110223024625E-16,-0.,1.));
#4535 = PCURVE('',#1554,#4536);
#4536 = DEFINITIONAL_REPRESENTATION('',(#4537),#4541);
#4537 = LINE('',#4538,#4539);
#4538 = CARTESIAN_POINT('',(-3.14159265359,0.));
#4539 = VECTOR('',#4540,1.);
#4540 = DIRECTION('',(-0.,1.));
#4541 = ( GEOMETRIC_REPRESENTATION_CONTEXT(2) 
PARAMETRIC_REPRESENTATION_CONTEXT() REPRESENTATION_CONTEXT('2D SPACE',''
  ) );
#4542 = PCURVE('',#4462,#4543);
#4543 = DEFINITIONAL_REPRESENTATION('',(#4544),#4548);
#4544 = LINE('',#4545,#4546);
#4545 = CARTESIAN_POINT('',(74.,54.8));
#4546 = VECTOR('',#4547,1.);
#4547 = DIRECTION('',(-1.,0.));
#4548 = ( GEOMETRIC_REPRESENTATION_CONTEXT(2) 
PARAMETRIC_REPRESENTATION_CONTEXT() REPRESENTATION_CONTEXT('2D SPACE',''
  ) );
#4549 = ADVANCED_FACE('',(#4550),#1518,.T.);
#4550 = FACE_BOUND('',#4551,.T.);
#4551 = EDGE_LOOP('',(#4552,#4553,#4554,#4555,#4578));
#4552 = ORIENTED_EDGE('',*,*,#4126,.F.);
#4553 = ORIENTED_EDGE('',*,*,#1494,.T.);
#4554 = ORIENTED_EDGE('',*,*,#4505,.T.);
#4555 = ORIENTED_EDGE('',*,*,#4556,.F.);
#4556 = EDGE_CURVE('',#4557,#4506,#4559,.T.);
#4557 = VERTEX_POINT('',#4558);
#4558 = CARTESIAN_POINT('',(6.217248937901E-16,-15.2,18.9));
#4559 = SURFACE_CURVE('',#4560,(#4564,#4571),.PCURVE_S1.);
#4560 = LINE('',#4561,#4562);
#4561 = CARTESIAN_POINT('',(6.217248937901E-16,-43.1,18.9));
#4562 = VECTOR('',#4563,1.);
#4563 = DIRECTION('',(0.,-1.,0.));
#4564 = PCURVE('',#1518,#4565);
#4565 = DEFINITIONAL_REPRESENTATION('',(#4566),#4570);
#4566 = LINE('',#4567,#4568);
#4567 = CARTESIAN_POINT('',(-1.054420088418E-16,28.9));
#4568 = VECTOR('',#4569,1.);
#4569 = DIRECTION('',(0.,1.));
#4570 = ( GEOMETRIC_REPRESENTATION_CONTEXT(2) 
PARAMETRIC_REPRESENTATION_CONTEXT() REPRESENTATION_CONTEXT('2D SPACE',''
  ) );
#4571 = PCURVE('',#4462,#4572);
#4572 = DEFINITIONAL_REPRESENTATION('',(#4573),#4577);
#4573 = LINE('',#4574,#4575);
#4574 = CARTESIAN_POINT('',(77.6,28.9));
#4575 = VECTOR('',#4576,1.);
#4576 = DIRECTION('',(0.,-1.));
#4577 = ( GEOMETRIC_REPRESENTATION_CONTEXT(2) 
PARAMETRIC_REPRESENTATION_CONTEXT() REPRESENTATION_CONTEXT('2D SPACE',''
  ) );
#4578 = ORIENTED_EDGE('',*,*,#4579,.T.);
#4579 = EDGE_CURVE('',#4557,#4099,#4580,.T.);
#4580 = SURFACE_CURVE('',#4581,(#4586,#4597),.PCURVE_S1.);
#4581 = CIRCLE('',#4582,1.);
#4582 = AXIS2_PLACEMENT_3D('',#4583,#4584,#4585);
#4583 = CARTESIAN_POINT('',(6.217248937901E-16,-14.2,18.9));
#4584 = DIRECTION('',(-1.110223024625E-16,0.,1.));
#4585 = DIRECTION('',(0.,1.,0.));
#4586 = PCURVE('',#1518,#4587);
#4587 = DEFINITIONAL_REPRESENTATION('',(#4588),#4596);
#4588 = ( BOUNDED_CURVE() B_SPLINE_CURVE(2,(#4589,#4590,#4591,#4592,
#4593,#4594,#4595),.UNSPECIFIED.,.T.,.F.) B_SPLINE_CURVE_WITH_KNOTS((1,2
    ,2,2,2,1),(-2.094395102393,0.,2.094395102393,4.188790204786,
6.28318530718,8.377580409573),.UNSPECIFIED.) CURVE() 
GEOMETRIC_REPRESENTATION_ITEM() RATIONAL_B_SPLINE_CURVE((1.,0.5,1.,0.5,
1.,0.5,1.)) REPRESENTATION_ITEM('') );
#4589 = CARTESIAN_POINT('',(-1.054420088418E-16,-1.));
#4590 = CARTESIAN_POINT('',(-1.732050807569,-1.));
#4591 = CARTESIAN_POINT('',(-0.866025403784,0.5));
#4592 = CARTESIAN_POINT('',(-3.503713686713E-16,2.));
#4593 = CARTESIAN_POINT('',(0.866025403784,0.5));
#4594 = CARTESIAN_POINT('',(1.732050807569,-1.));
#4595 = CARTESIAN_POINT('',(-1.054420088418E-16,-1.));
#4596 = ( GEOMETRIC_REPRESENTATION_CONTEXT(2) 
PARAMETRIC_REPRESENTATION_CONTEXT() REPRESENTATION_CONTEXT('2D SPACE',''
  ) );
#4597 = PCURVE('',#4114,#4598);
#4598 = DEFINITIONAL_REPRESENTATION('',(#4599),#4603);
#4599 = LINE('',#4600,#4601);
#4600 = CARTESIAN_POINT('',(-6.28318530718,-6.1));
#4601 = VECTOR('',#4602,1.);
#4602 = DIRECTION('',(1.,-0.));
#4603 = ( GEOMETRIC_REPRESENTATION_CONTEXT(2) 
PARAMETRIC_REPRESENTATION_CONTEXT() REPRESENTATION_CONTEXT('2D SPACE',''
  ) );
#4604 = ADVANCED_FACE('',(#4605),#1455,.F.);
#4605 = FACE_BOUND('',#4606,.F.);
#4606 = EDGE_LOOP('',(#4607,#4608,#4609,#4633,#4661));
#4607 = ORIENTED_EDGE('',*,*,#4148,.F.);
#4608 = ORIENTED_EDGE('',*,*,#1431,.T.);
#4609 = ORIENTED_EDGE('',*,*,#4610,.T.);
#4610 = EDGE_CURVE('',#1395,#4611,#4613,.T.);
#4611 = VERTEX_POINT('',#4612);
#4612 = CARTESIAN_POINT('',(1.499821524862E-15,-17.2,14.3));
#4613 = SURFACE_CURVE('',#4614,(#4619,#4626),.PCURVE_S1.);
#4614 = CIRCLE('',#4615,3.);
#4615 = AXIS2_PLACEMENT_3D('',#4616,#4617,#4618);
#4616 = CARTESIAN_POINT('',(1.132427485118E-15,-14.2,14.3));
#4617 = DIRECTION('',(1.110223024625E-16,0.,-1.));
#4618 = DIRECTION('',(0.,1.,0.));
#4619 = PCURVE('',#1455,#4620);
#4620 = DEFINITIONAL_REPRESENTATION('',(#4621),#4625);
#4621 = CIRCLE('',#4622,3.);
#4622 = AXIS2_PLACEMENT_2D('',#4623,#4624);
#4623 = CARTESIAN_POINT('',(-1.054420088418E-16,-1.7763568394E-15));
#4624 = DIRECTION('',(0.,-1.));
#4625 = ( GEOMETRIC_REPRESENTATION_CONTEXT(2) 
PARAMETRIC_REPRESENTATION_CONTEXT() REPRESENTATION_CONTEXT('2D SPACE',''
  ) );
#4626 = PCURVE('',#1416,#4627);
#4627 = DEFINITIONAL_REPRESENTATION('',(#4628),#4632);
#4628 = LINE('',#4629,#4630);
#4629 = CARTESIAN_POINT('',(-0.,0.));
#4630 = VECTOR('',#4631,1.);
#4631 = DIRECTION('',(-1.,0.));
#4632 = ( GEOMETRIC_REPRESENTATION_CONTEXT(2) 
PARAMETRIC_REPRESENTATION_CONTEXT() REPRESENTATION_CONTEXT('2D SPACE',''
  ) );
#4633 = ORIENTED_EDGE('',*,*,#4634,.F.);
#4634 = EDGE_CURVE('',#4635,#4611,#4637,.T.);
#4635 = VERTEX_POINT('',#4636);
#4636 = CARTESIAN_POINT('',(1.132427485118E-15,-15.2,14.3));
#4637 = SURFACE_CURVE('',#4638,(#4642,#4649),.PCURVE_S1.);
#4638 = LINE('',#4639,#4640);
#4639 = CARTESIAN_POINT('',(1.132427485118E-15,-43.1,14.3));
#4640 = VECTOR('',#4641,1.);
#4641 = DIRECTION('',(0.,-1.,0.));
#4642 = PCURVE('',#1455,#4643);
#4643 = DEFINITIONAL_REPRESENTATION('',(#4644),#4648);
#4644 = LINE('',#4645,#4646);
#4645 = CARTESIAN_POINT('',(-1.054420088418E-16,28.9));
#4646 = VECTOR('',#4647,1.);
#4647 = DIRECTION('',(0.,1.));
#4648 = ( GEOMETRIC_REPRESENTATION_CONTEXT(2) 
PARAMETRIC_REPRESENTATION_CONTEXT() REPRESENTATION_CONTEXT('2D SPACE',''
  ) );
#4649 = PCURVE('',#4650,#4655);
#4650 = PLANE('',#4651);
#4651 = AXIS2_PLACEMENT_3D('',#4652,#4653,#4654);
#4652 = CARTESIAN_POINT('',(-7.993605777301E-15,-72.,96.5));
#4653 = DIRECTION('',(1.,0.,1.110223024625E-16));
#4654 = DIRECTION('',(1.110223024625E-16,0.,-1.));
#4655 = DEFINITIONAL_REPRESENTATION('',(#4656),#4660);
#4656 = LINE('',#4657,#4658);
#4657 = CARTESIAN_POINT('',(82.2,28.9));
#4658 = VECTOR('',#4659,1.);
#4659 = DIRECTION('',(0.,-1.));
#4660 = ( GEOMETRIC_REPRESENTATION_CONTEXT(2) 
PARAMETRIC_REPRESENTATION_CONTEXT() REPRESENTATION_CONTEXT('2D SPACE',''
  ) );
#4661 = ORIENTED_EDGE('',*,*,#4662,.T.);
#4662 = EDGE_CURVE('',#4635,#4149,#4663,.T.);
#4663 = SURFACE_CURVE('',#4664,(#4669,#4680),.PCURVE_S1.);
#4664 = CIRCLE('',#4665,1.);
#4665 = AXIS2_PLACEMENT_3D('',#4666,#4667,#4668);
#4666 = CARTESIAN_POINT('',(1.132427485118E-15,-14.2,14.3));
#4667 = DIRECTION('',(-1.110223024625E-16,0.,1.));
#4668 = DIRECTION('',(0.,1.,0.));
#4669 = PCURVE('',#1455,#4670);
#4670 = DEFINITIONAL_REPRESENTATION('',(#4671),#4679);
#4671 = ( BOUNDED_CURVE() B_SPLINE_CURVE(2,(#4672,#4673,#4674,#4675,
#4676,#4677,#4678),.UNSPECIFIED.,.T.,.F.) B_SPLINE_CURVE_WITH_KNOTS((1,2
    ,2,2,2,1),(-2.094395102393,0.,2.094395102393,4.188790204786,
6.28318530718,8.377580409573),.UNSPECIFIED.) CURVE() 
GEOMETRIC_REPRESENTATION_ITEM() RATIONAL_B_SPLINE_CURVE((1.,0.5,1.,0.5,
1.,0.5,1.)) REPRESENTATION_ITEM('') );
#4672 = CARTESIAN_POINT('',(-1.054420088418E-16,-1.));
#4673 = CARTESIAN_POINT('',(-1.732050807569,-1.));
#4674 = CARTESIAN_POINT('',(-0.866025403784,0.5));
#4675 = CARTESIAN_POINT('',(-3.503713686713E-16,2.));
#4676 = CARTESIAN_POINT('',(0.866025403784,0.5));
#4677 = CARTESIAN_POINT('',(1.732050807569,-1.));
#4678 = CARTESIAN_POINT('',(-1.054420088418E-16,-1.));
#4679 = ( GEOMETRIC_REPRESENTATION_CONTEXT(2) 
PARAMETRIC_REPRESENTATION_CONTEXT() REPRESENTATION_CONTEXT('2D SPACE',''
  ) );
#4680 = PCURVE('',#4114,#4681);
#4681 = DEFINITIONAL_REPRESENTATION('',(#4682),#4686);
#4682 = LINE('',#4683,#4684);
#4683 = CARTESIAN_POINT('',(-6.28318530718,-10.7));
#4684 = VECTOR('',#4685,1.);
#4685 = DIRECTION('',(1.,-0.));
#4686 = ( GEOMETRIC_REPRESENTATION_CONTEXT(2) 
PARAMETRIC_REPRESENTATION_CONTEXT() REPRESENTATION_CONTEXT('2D SPACE',''
  ) );
#4687 = ADVANCED_FACE('',(#4688),#1416,.T.);
#4688 = FACE_BOUND('',#4689,.F.);
#4689 = EDGE_LOOP('',(#4690,#4691,#4692,#4716));
#4690 = ORIENTED_EDGE('',*,*,#4610,.F.);
#4691 = ORIENTED_EDGE('',*,*,#1394,.F.);
#4692 = ORIENTED_EDGE('',*,*,#4693,.T.);
#4693 = EDGE_CURVE('',#1355,#4694,#4696,.T.);
#4694 = VERTEX_POINT('',#4695);
#4695 = CARTESIAN_POINT('',(1.899501813727E-15,-17.2,10.7));
#4696 = SURFACE_CURVE('',#4697,(#4702,#4709),.PCURVE_S1.);
#4697 = CIRCLE('',#4698,3.);
#4698 = AXIS2_PLACEMENT_3D('',#4699,#4700,#4701);
#4699 = CARTESIAN_POINT('',(1.532107773983E-15,-14.2,10.7));
#4700 = DIRECTION('',(1.110223024625E-16,0.,-1.));
#4701 = DIRECTION('',(0.,1.,0.));
#4702 = PCURVE('',#1416,#4703);
#4703 = DEFINITIONAL_REPRESENTATION('',(#4704),#4708);
#4704 = LINE('',#4705,#4706);
#4705 = CARTESIAN_POINT('',(-0.,-3.6));
#4706 = VECTOR('',#4707,1.);
#4707 = DIRECTION('',(-1.,0.));
#4708 = ( GEOMETRIC_REPRESENTATION_CONTEXT(2) 
PARAMETRIC_REPRESENTATION_CONTEXT() REPRESENTATION_CONTEXT('2D SPACE',''
  ) );
#4709 = PCURVE('',#1378,#4710);
#4710 = DEFINITIONAL_REPRESENTATION('',(#4711),#4715);
#4711 = CIRCLE('',#4712,3.);
#4712 = AXIS2_PLACEMENT_2D('',#4713,#4714);
#4713 = CARTESIAN_POINT('',(-1.054420088418E-16,-1.7763568394E-15));
#4714 = DIRECTION('',(0.,-1.));
#4715 = ( GEOMETRIC_REPRESENTATION_CONTEXT(2) 
PARAMETRIC_REPRESENTATION_CONTEXT() REPRESENTATION_CONTEXT('2D SPACE',''
  ) );
#4716 = ORIENTED_EDGE('',*,*,#4717,.T.);
#4717 = EDGE_CURVE('',#4694,#4611,#4718,.T.);
#4718 = SURFACE_CURVE('',#4719,(#4723,#4730),.PCURVE_S1.);
#4719 = LINE('',#4720,#4721);
#4720 = CARTESIAN_POINT('',(1.132427485118E-15,-17.2,14.3));
#4721 = VECTOR('',#4722,1.);
#4722 = DIRECTION('',(-1.110223024625E-16,-0.,1.));
#4723 = PCURVE('',#1416,#4724);
#4724 = DEFINITIONAL_REPRESENTATION('',(#4725),#4729);
#4725 = LINE('',#4726,#4727);
#4726 = CARTESIAN_POINT('',(-3.14159265359,0.));
#4727 = VECTOR('',#4728,1.);
#4728 = DIRECTION('',(-0.,1.));
#4729 = ( GEOMETRIC_REPRESENTATION_CONTEXT(2) 
PARAMETRIC_REPRESENTATION_CONTEXT() REPRESENTATION_CONTEXT('2D SPACE',''
  ) );
#4730 = PCURVE('',#4650,#4731);
#4731 = DEFINITIONAL_REPRESENTATION('',(#4732),#4736);
#4732 = LINE('',#4733,#4734);
#4733 = CARTESIAN_POINT('',(82.2,54.8));
#4734 = VECTOR('',#4735,1.);
#4735 = DIRECTION('',(-1.,0.));
#4736 = ( GEOMETRIC_REPRESENTATION_CONTEXT(2) 
PARAMETRIC_REPRESENTATION_CONTEXT() REPRESENTATION_CONTEXT('2D SPACE',''
  ) );
#4737 = ADVANCED_FACE('',(#4738),#1378,.T.);
#4738 = FACE_BOUND('',#4739,.T.);
#4739 = EDGE_LOOP('',(#4740,#4741,#4742,#4743,#4766));
#4740 = ORIENTED_EDGE('',*,*,#4194,.F.);
#4741 = ORIENTED_EDGE('',*,*,#1354,.T.);
#4742 = ORIENTED_EDGE('',*,*,#4693,.T.);
#4743 = ORIENTED_EDGE('',*,*,#4744,.F.);
#4744 = EDGE_CURVE('',#4745,#4694,#4747,.T.);
#4745 = VERTEX_POINT('',#4746);
#4746 = CARTESIAN_POINT('',(1.532107773983E-15,-15.2,10.7));
#4747 = SURFACE_CURVE('',#4748,(#4752,#4759),.PCURVE_S1.);
#4748 = LINE('',#4749,#4750);
#4749 = CARTESIAN_POINT('',(1.532107773983E-15,-43.1,10.7));
#4750 = VECTOR('',#4751,1.);
#4751 = DIRECTION('',(0.,-1.,0.));
#4752 = PCURVE('',#1378,#4753);
#4753 = DEFINITIONAL_REPRESENTATION('',(#4754),#4758);
#4754 = LINE('',#4755,#4756);
#4755 = CARTESIAN_POINT('',(-1.054420088418E-16,28.9));
#4756 = VECTOR('',#4757,1.);
#4757 = DIRECTION('',(0.,1.));
#4758 = ( GEOMETRIC_REPRESENTATION_CONTEXT(2) 
PARAMETRIC_REPRESENTATION_CONTEXT() REPRESENTATION_CONTEXT('2D SPACE',''
  ) );
#4759 = PCURVE('',#4650,#4760);
#4760 = DEFINITIONAL_REPRESENTATION('',(#4761),#4765);
#4761 = LINE('',#4762,#4763);
#4762 = CARTESIAN_POINT('',(85.8,28.9));
#4763 = VECTOR('',#4764,1.);
#4764 = DIRECTION('',(0.,-1.));
#4765 = ( GEOMETRIC_REPRESENTATION_CONTEXT(2) 
PARAMETRIC_REPRESENTATION_CONTEXT() REPRESENTATION_CONTEXT('2D SPACE',''
  ) );
#4766 = ORIENTED_EDGE('',*,*,#4767,.T.);
#4767 = EDGE_CURVE('',#4745,#4172,#4768,.T.);
#4768 = SURFACE_CURVE('',#4769,(#4774,#4785),.PCURVE_S1.);
#4769 = CIRCLE('',#4770,1.);
#4770 = AXIS2_PLACEMENT_3D('',#4771,#4772,#4773);
#4771 = CARTESIAN_POINT('',(1.532107773983E-15,-14.2,10.7));
#4772 = DIRECTION('',(-1.110223024625E-16,0.,1.));
#4773 = DIRECTION('',(0.,1.,0.));
#4774 = PCURVE('',#1378,#4775);
#4775 = DEFINITIONAL_REPRESENTATION('',(#4776),#4784);
#4776 = ( BOUNDED_CURVE() B_SPLINE_CURVE(2,(#4777,#4778,#4779,#4780,
#4781,#4782,#4783),.UNSPECIFIED.,.T.,.F.) B_SPLINE_CURVE_WITH_KNOTS((1,2
    ,2,2,2,1),(-2.094395102393,0.,2.094395102393,4.188790204786,
6.28318530718,8.377580409573),.UNSPECIFIED.) CURVE() 
GEOMETRIC_REPRESENTATION_ITEM() RATIONAL_B_SPLINE_CURVE((1.,0.5,1.,0.5,
1.,0.5,1.)) REPRESENTATION_ITEM('') );
#4777 = CARTESIAN_POINT('',(-1.054420088418E-16,-1.));
#4778 = CARTESIAN_POINT('',(-1.732050807569,-1.));
#4779 = CARTESIAN_POINT('',(-0.866025403784,0.5));
#4780 = CARTESIAN_POINT('',(-3.503713686713E-16,2.));
#4781 = CARTESIAN_POINT('',(0.866025403784,0.5));
#4782 = CARTESIAN_POINT('',(1.732050807569,-1.));
#4783 = CARTESIAN_POINT('',(-1.054420088418E-16,-1.));
#4784 = ( GEOMETRIC_REPRESENTATION_CONTEXT(2) 
PARAMETRIC_REPRESENTATION_CONTEXT() REPRESENTATION_CONTEXT('2D SPACE',''
  ) );
#4785 = PCURVE('',#4114,#4786);
#4786 = DEFINITIONAL_REPRESENTATION('',(#4787),#4791);
#4787 = LINE('',#4788,#4789);
#4788 = CARTESIAN_POINT('',(-6.28318530718,-14.3));
#4789 = VECTOR('',#4790,1.);
#4790 = DIRECTION('',(1.,-0.));
#4791 = ( GEOMETRIC_REPRESENTATION_CONTEXT(2) 
PARAMETRIC_REPRESENTATION_CONTEXT() REPRESENTATION_CONTEXT('2D SPACE',''
  ) );
#4792 = ADVANCED_FACE('',(#4793),#1315,.F.);
#4793 = FACE_BOUND('',#4794,.F.);
#4794 = EDGE_LOOP('',(#4795,#4796,#4797,#4821,#4849));
#4795 = ORIENTED_EDGE('',*,*,#4216,.F.);
#4796 = ORIENTED_EDGE('',*,*,#1291,.T.);
#4797 = ORIENTED_EDGE('',*,*,#4798,.T.);
#4798 = EDGE_CURVE('',#1255,#4799,#4801,.T.);
#4799 = VERTEX_POINT('',#4800);
#4800 = CARTESIAN_POINT('',(2.410204405054E-15,-17.2,6.1));
#4801 = SURFACE_CURVE('',#4802,(#4807,#4814),.PCURVE_S1.);
#4802 = CIRCLE('',#4803,3.);
#4803 = AXIS2_PLACEMENT_3D('',#4804,#4805,#4806);
#4804 = CARTESIAN_POINT('',(2.04281036531E-15,-14.2,6.1));
#4805 = DIRECTION('',(1.110223024625E-16,0.,-1.));
#4806 = DIRECTION('',(0.,1.,0.));
#4807 = PCURVE('',#1315,#4808);
#4808 = DEFINITIONAL_REPRESENTATION('',(#4809),#4813);
#4809 = CIRCLE('',#4810,3.);
#4810 = AXIS2_PLACEMENT_2D('',#4811,#4812);
#4811 = CARTESIAN_POINT('',(-1.054420088418E-16,-1.7763568394E-15));
#4812 = DIRECTION('',(0.,-1.));
#4813 = ( GEOMETRIC_REPRESENTATION_CONTEXT(2) 
PARAMETRIC_REPRESENTATION_CONTEXT() REPRESENTATION_CONTEXT('2D SPACE',''
  ) );
#4814 = PCURVE('',#1276,#4815);
#4815 = DEFINITIONAL_REPRESENTATION('',(#4816),#4820);
#4816 = LINE('',#4817,#4818);
#4817 = CARTESIAN_POINT('',(-0.,0.));
#4818 = VECTOR('',#4819,1.);
#4819 = DIRECTION('',(-1.,0.));
#4820 = ( GEOMETRIC_REPRESENTATION_CONTEXT(2) 
PARAMETRIC_REPRESENTATION_CONTEXT() REPRESENTATION_CONTEXT('2D SPACE',''
  ) );
#4821 = ORIENTED_EDGE('',*,*,#4822,.F.);
#4822 = EDGE_CURVE('',#4823,#4799,#4825,.T.);
#4823 = VERTEX_POINT('',#4824);
#4824 = CARTESIAN_POINT('',(2.04281036531E-15,-15.2,6.1));
#4825 = SURFACE_CURVE('',#4826,(#4830,#4837),.PCURVE_S1.);
#4826 = LINE('',#4827,#4828);
#4827 = CARTESIAN_POINT('',(2.04281036531E-15,-43.1,6.1));
#4828 = VECTOR('',#4829,1.);
#4829 = DIRECTION('',(0.,-1.,0.));
#4830 = PCURVE('',#1315,#4831);
#4831 = DEFINITIONAL_REPRESENTATION('',(#4832),#4836);
#4832 = LINE('',#4833,#4834);
#4833 = CARTESIAN_POINT('',(-1.054420088418E-16,28.9));
#4834 = VECTOR('',#4835,1.);
#4835 = DIRECTION('',(0.,1.));
#4836 = ( GEOMETRIC_REPRESENTATION_CONTEXT(2) 
PARAMETRIC_REPRESENTATION_CONTEXT() REPRESENTATION_CONTEXT('2D SPACE',''
  ) );
#4837 = PCURVE('',#4838,#4843);
#4838 = PLANE('',#4839);
#4839 = AXIS2_PLACEMENT_3D('',#4840,#4841,#4842);
#4840 = CARTESIAN_POINT('',(-7.993605777301E-15,-72.,96.5));
#4841 = DIRECTION('',(1.,0.,1.110223024625E-16));
#4842 = DIRECTION('',(1.110223024625E-16,0.,-1.));
#4843 = DEFINITIONAL_REPRESENTATION('',(#4844),#4848);
#4844 = LINE('',#4845,#4846);
#4845 = CARTESIAN_POINT('',(90.4,28.9));
#4846 = VECTOR('',#4847,1.);
#4847 = DIRECTION('',(0.,-1.));
#4848 = ( GEOMETRIC_REPRESENTATION_CONTEXT(2) 
PARAMETRIC_REPRESENTATION_CONTEXT() REPRESENTATION_CONTEXT('2D SPACE',''
  ) );
#4849 = ORIENTED_EDGE('',*,*,#4850,.T.);
#4850 = EDGE_CURVE('',#4823,#4217,#4851,.T.);
#4851 = SURFACE_CURVE('',#4852,(#4857,#4868),.PCURVE_S1.);
#4852 = CIRCLE('',#4853,1.);
#4853 = AXIS2_PLACEMENT_3D('',#4854,#4855,#4856);
#4854 = CARTESIAN_POINT('',(2.04281036531E-15,-14.2,6.1));
#4855 = DIRECTION('',(-1.110223024625E-16,0.,1.));
#4856 = DIRECTION('',(0.,1.,0.));
#4857 = PCURVE('',#1315,#4858);
#4858 = DEFINITIONAL_REPRESENTATION('',(#4859),#4867);
#4859 = ( BOUNDED_CURVE() B_SPLINE_CURVE(2,(#4860,#4861,#4862,#4863,
#4864,#4865,#4866),.UNSPECIFIED.,.T.,.F.) B_SPLINE_CURVE_WITH_KNOTS((1,2
    ,2,2,2,1),(-2.094395102393,0.,2.094395102393,4.188790204786,
6.28318530718,8.377580409573),.UNSPECIFIED.) CURVE() 
GEOMETRIC_REPRESENTATION_ITEM() RATIONAL_B_SPLINE_CURVE((1.,0.5,1.,0.5,
1.,0.5,1.)) REPRESENTATION_ITEM('') );
#4860 = CARTESIAN_POINT('',(-1.054420088418E-16,-1.));
#4861 = CARTESIAN_POINT('',(-1.732050807569,-1.));
#4862 = CARTESIAN_POINT('',(-0.866025403784,0.5));
#4863 = CARTESIAN_POINT('',(-3.503713686713E-16,2.));
#4864 = CARTESIAN_POINT('',(0.866025403784,0.5));
#4865 = CARTESIAN_POINT('',(1.732050807569,-1.));
#4866 = CARTESIAN_POINT('',(-1.054420088418E-16,-1.));
#4867 = ( GEOMETRIC_REPRESENTATION_CONTEXT(2) 
PARAMETRIC_REPRESENTATION_CONTEXT() REPRESENTATION_CONTEXT('2D SPACE',''
  ) );
#4868 = PCURVE('',#4114,#4869);
#4869 = DEFINITIONAL_REPRESENTATION('',(#4870),#4874);
#4870 = LINE('',#4871,#4872);
#4871 = CARTESIAN_POINT('',(-6.28318530718,-18.9));
#4872 = VECTOR('',#4873,1.);
#4873 = DIRECTION('',(1.,-0.));
#4874 = ( GEOMETRIC_REPRESENTATION_CONTEXT(2) 
PARAMETRIC_REPRESENTATION_CONTEXT() REPRESENTATION_CONTEXT('2D SPACE',''
  ) );
#4875 = ADVANCED_FACE('',(#4876),#1276,.T.);
#4876 = FACE_BOUND('',#4877,.F.);
#4877 = EDGE_LOOP('',(#4878,#4879,#4880,#4904));
#4878 = ORIENTED_EDGE('',*,*,#4798,.F.);
#4879 = ORIENTED_EDGE('',*,*,#1254,.F.);
#4880 = ORIENTED_EDGE('',*,*,#4881,.T.);
#4881 = EDGE_CURVE('',#1215,#4882,#4884,.T.);
#4882 = VERTEX_POINT('',#4883);
#4883 = CARTESIAN_POINT('',(2.80988469392E-15,-17.2,2.5));
#4884 = SURFACE_CURVE('',#4885,(#4890,#4897),.PCURVE_S1.);
#4885 = CIRCLE('',#4886,3.);
#4886 = AXIS2_PLACEMENT_3D('',#4887,#4888,#4889);
#4887 = CARTESIAN_POINT('',(2.442490654175E-15,-14.2,2.5));
#4888 = DIRECTION('',(1.110223024625E-16,0.,-1.));
#4889 = DIRECTION('',(0.,1.,0.));
#4890 = PCURVE('',#1276,#4891);
#4891 = DEFINITIONAL_REPRESENTATION('',(#4892),#4896);
#4892 = LINE('',#4893,#4894);
#4893 = CARTESIAN_POINT('',(-0.,-3.6));
#4894 = VECTOR('',#4895,1.);
#4895 = DIRECTION('',(-1.,0.));
#4896 = ( GEOMETRIC_REPRESENTATION_CONTEXT(2) 
PARAMETRIC_REPRESENTATION_CONTEXT() REPRESENTATION_CONTEXT('2D SPACE',''
  ) );
#4897 = PCURVE('',#1238,#4898);
#4898 = DEFINITIONAL_REPRESENTATION('',(#4899),#4903);
#4899 = CIRCLE('',#4900,3.);
#4900 = AXIS2_PLACEMENT_2D('',#4901,#4902);
#4901 = CARTESIAN_POINT('',(-1.054420088418E-16,-1.7763568394E-15));
#4902 = DIRECTION('',(0.,-1.));
#4903 = ( GEOMETRIC_REPRESENTATION_CONTEXT(2) 
PARAMETRIC_REPRESENTATION_CONTEXT() REPRESENTATION_CONTEXT('2D SPACE',''
  ) );
#4904 = ORIENTED_EDGE('',*,*,#4905,.T.);
#4905 = EDGE_CURVE('',#4882,#4799,#4906,.T.);
#4906 = SURFACE_CURVE('',#4907,(#4911,#4918),.PCURVE_S1.);
#4907 = LINE('',#4908,#4909);
#4908 = CARTESIAN_POINT('',(2.04281036531E-15,-17.2,6.1));
#4909 = VECTOR('',#4910,1.);
#4910 = DIRECTION('',(-1.110223024625E-16,-0.,1.));
#4911 = PCURVE('',#1276,#4912);
#4912 = DEFINITIONAL_REPRESENTATION('',(#4913),#4917);
#4913 = LINE('',#4914,#4915);
#4914 = CARTESIAN_POINT('',(-3.14159265359,0.));
#4915 = VECTOR('',#4916,1.);
#4916 = DIRECTION('',(-0.,1.));
#4917 = ( GEOMETRIC_REPRESENTATION_CONTEXT(2) 
PARAMETRIC_REPRESENTATION_CONTEXT() REPRESENTATION_CONTEXT('2D SPACE',''
  ) );
#4918 = PCURVE('',#4838,#4919);
#4919 = DEFINITIONAL_REPRESENTATION('',(#4920),#4924);
#4920 = LINE('',#4921,#4922);
#4921 = CARTESIAN_POINT('',(90.4,54.8));
#4922 = VECTOR('',#4923,1.);
#4923 = DIRECTION('',(-1.,0.));
#4924 = ( GEOMETRIC_REPRESENTATION_CONTEXT(2) 
PARAMETRIC_REPRESENTATION_CONTEXT() REPRESENTATION_CONTEXT('2D SPACE',''
  ) );
#4925 = ADVANCED_FACE('',(#4926),#1238,.T.);
#4926 = FACE_BOUND('',#4927,.T.);
#4927 = EDGE_LOOP('',(#4928,#4929,#4930,#4931,#4954));
#4928 = ORIENTED_EDGE('',*,*,#4374,.F.);
#4929 = ORIENTED_EDGE('',*,*,#1214,.T.);
#4930 = ORIENTED_EDGE('',*,*,#4881,.T.);
#4931 = ORIENTED_EDGE('',*,*,#4932,.F.);
#4932 = EDGE_CURVE('',#4933,#4882,#4935,.T.);
#4933 = VERTEX_POINT('',#4934);
#4934 = CARTESIAN_POINT('',(2.442490654175E-15,-15.2,2.5));
#4935 = SURFACE_CURVE('',#4936,(#4940,#4947),.PCURVE_S1.);
#4936 = LINE('',#4937,#4938);
#4937 = CARTESIAN_POINT('',(2.442490654175E-15,-43.1,2.5));
#4938 = VECTOR('',#4939,1.);
#4939 = DIRECTION('',(0.,-1.,0.));
#4940 = PCURVE('',#1238,#4941);
#4941 = DEFINITIONAL_REPRESENTATION('',(#4942),#4946);
#4942 = LINE('',#4943,#4944);
#4943 = CARTESIAN_POINT('',(-1.054420088418E-16,28.9));
#4944 = VECTOR('',#4945,1.);
#4945 = DIRECTION('',(0.,1.));
#4946 = ( GEOMETRIC_REPRESENTATION_CONTEXT(2) 
PARAMETRIC_REPRESENTATION_CONTEXT() REPRESENTATION_CONTEXT('2D SPACE',''
  ) );
#4947 = PCURVE('',#4838,#4948);
#4948 = DEFINITIONAL_REPRESENTATION('',(#4949),#4953);
#4949 = LINE('',#4950,#4951);
#4950 = CARTESIAN_POINT('',(94.,28.9));
#4951 = VECTOR('',#4952,1.);
#4952 = DIRECTION('',(0.,-1.));
#4953 = ( GEOMETRIC_REPRESENTATION_CONTEXT(2) 
PARAMETRIC_REPRESENTATION_CONTEXT() REPRESENTATION_CONTEXT('2D SPACE',''
  ) );
#4954 = ORIENTED_EDGE('',*,*,#4955,.T.);
#4955 = EDGE_CURVE('',#4933,#4347,#4956,.T.);
#4956 = SURFACE_CURVE('',#4957,(#4962,#4973),.PCURVE_S1.);
#4957 = CIRCLE('',#4958,1.);
#4958 = AXIS2_PLACEMENT_3D('',#4959,#4960,#4961);
#4959 = CARTESIAN_POINT('',(2.442490654175E-15,-14.2,2.5));
#4960 = DIRECTION('',(-1.110223024625E-16,0.,1.));
#4961 = DIRECTION('',(0.,1.,0.));
#4962 = PCURVE('',#1238,#4963);
#4963 = DEFINITIONAL_REPRESENTATION('',(#4964),#4972);
#4964 = ( BOUNDED_CURVE() B_SPLINE_CURVE(2,(#4965,#4966,#4967,#4968,
#4969,#4970,#4971),.UNSPECIFIED.,.T.,.F.) B_SPLINE_CURVE_WITH_KNOTS((1,2
    ,2,2,2,1),(-2.094395102393,0.,2.094395102393,4.188790204786,
6.28318530718,8.377580409573),.UNSPECIFIED.) CURVE() 
GEOMETRIC_REPRESENTATION_ITEM() RATIONAL_B_SPLINE_CURVE((1.,0.5,1.,0.5,
1.,0.5,1.)) REPRESENTATION_ITEM('') );
#4965 = CARTESIAN_POINT('',(-1.054420088418E-16,-1.));
#4966 = CARTESIAN_POINT('',(-1.732050807569,-1.));
#4967 = CARTESIAN_POINT('',(-0.866025403784,0.5));
#4968 = CARTESIAN_POINT('',(-3.503713686713E-16,2.));
#4969 = CARTESIAN_POINT('',(0.866025403784,0.5));
#4970 = CARTESIAN_POINT('',(1.732050807569,-1.));
#4971 = CARTESIAN_POINT('',(-1.054420088418E-16,-1.));
#4972 = ( GEOMETRIC_REPRESENTATION_CONTEXT(2) 
PARAMETRIC_REPRESENTATION_CONTEXT() REPRESENTATION_CONTEXT('2D SPACE',''
  ) );
#4973 = PCURVE('',#4362,#4974);
#4974 = DEFINITIONAL_REPRESENTATION('',(#4975),#4979);
#4975 = LINE('',#4976,#4977);
#4976 = CARTESIAN_POINT('',(-6.28318530718,-22.5));
#4977 = VECTOR('',#4978,1.);
#4978 = DIRECTION('',(1.,-0.));
#4979 = ( GEOMETRIC_REPRESENTATION_CONTEXT(2) 
PARAMETRIC_REPRESENTATION_CONTEXT() REPRESENTATION_CONTEXT('2D SPACE',''
  ) );
#4980 = ADVANCED_FACE('',(#4981),#1179,.T.);
#4981 = FACE_BOUND('',#4982,.T.);
#4982 = EDGE_LOOP('',(#4983,#4984,#5005,#5006,#5007,#5008,#5029,#5030));
#4983 = ORIENTED_EDGE('',*,*,#2139,.T.);
#4984 = ORIENTED_EDGE('',*,*,#4985,.T.);
#4985 = EDGE_CURVE('',#2140,#1135,#4986,.T.);
#4986 = SURFACE_CURVE('',#4987,(#4991,#4998),.PCURVE_S1.);
#4987 = LINE('',#4988,#4989);
#4988 = CARTESIAN_POINT('',(10.2,6.,0.5));
#4989 = VECTOR('',#4990,1.);
#4990 = DIRECTION('',(0.,-1.,0.));
#4991 = PCURVE('',#1179,#4992);
#4992 = DEFINITIONAL_REPRESENTATION('',(#4993),#4997);
#4993 = LINE('',#4994,#4995);
#4994 = CARTESIAN_POINT('',(10.2,-6.));
#4995 = VECTOR('',#4996,1.);
#4996 = DIRECTION('',(0.,1.));
#4997 = ( GEOMETRIC_REPRESENTATION_CONTEXT(2) 
PARAMETRIC_REPRESENTATION_CONTEXT() REPRESENTATION_CONTEXT('2D SPACE',''
  ) );
#4998 = PCURVE('',#1150,#4999);
#4999 = DEFINITIONAL_REPRESENTATION('',(#5000),#5004);
#5000 = LINE('',#5001,#5002);
#5001 = CARTESIAN_POINT('',(0.,-24.));
#5002 = VECTOR('',#5003,1.);
#5003 = DIRECTION('',(1.,0.));
#5004 = ( GEOMETRIC_REPRESENTATION_CONTEXT(2) 
PARAMETRIC_REPRESENTATION_CONTEXT() REPRESENTATION_CONTEXT('2D SPACE',''
  ) );
#5005 = ORIENTED_EDGE('',*,*,#1162,.T.);
#5006 = ORIENTED_EDGE('',*,*,#4396,.F.);
#5007 = ORIENTED_EDGE('',*,*,#3831,.T.);
#5008 = ORIENTED_EDGE('',*,*,#5009,.T.);
#5009 = EDGE_CURVE('',#3809,#2753,#5010,.T.);
#5010 = SURFACE_CURVE('',#5011,(#5015,#5022),.PCURVE_S1.);
#5011 = LINE('',#5012,#5013);
#5012 = CARTESIAN_POINT('',(8.,3.,0.5));
#5013 = VECTOR('',#5014,1.);
#5014 = DIRECTION('',(0.,1.,0.));
#5015 = PCURVE('',#1179,#5016);
#5016 = DEFINITIONAL_REPRESENTATION('',(#5017),#5021);
#5017 = LINE('',#5018,#5019);
#5018 = CARTESIAN_POINT('',(8.,-3.));
#5019 = VECTOR('',#5020,1.);
#5020 = DIRECTION('',(0.,-1.));
#5021 = ( GEOMETRIC_REPRESENTATION_CONTEXT(2) 
PARAMETRIC_REPRESENTATION_CONTEXT() REPRESENTATION_CONTEXT('2D SPACE',''
  ) );
#5022 = PCURVE('',#2914,#5023);
#5023 = DEFINITIONAL_REPRESENTATION('',(#5024),#5028);
#5024 = LINE('',#5025,#5026);
#5025 = CARTESIAN_POINT('',(3.,-26.));
#5026 = VECTOR('',#5027,1.);
#5027 = DIRECTION('',(-1.,0.));
#5028 = ( GEOMETRIC_REPRESENTATION_CONTEXT(2) 
PARAMETRIC_REPRESENTATION_CONTEXT() REPRESENTATION_CONTEXT('2D SPACE',''
  ) );
#5029 = ORIENTED_EDGE('',*,*,#2752,.T.);
#5030 = ORIENTED_EDGE('',*,*,#2705,.F.);
#5031 = ADVANCED_FACE('',(#5032),#1150,.F.);
#5032 = FACE_BOUND('',#5033,.F.);
#5033 = EDGE_LOOP('',(#5034,#5055,#5056,#5057));
#5034 = ORIENTED_EDGE('',*,*,#5035,.F.);
#5035 = EDGE_CURVE('',#2164,#1047,#5036,.T.);
#5036 = SURFACE_CURVE('',#5037,(#5041,#5048),.PCURVE_S1.);
#5037 = LINE('',#5038,#5039);
#5038 = CARTESIAN_POINT('',(10.2,3.,2.4));
#5039 = VECTOR('',#5040,1.);
#5040 = DIRECTION('',(0.,-1.,0.));
#5041 = PCURVE('',#1150,#5042);
#5042 = DEFINITIONAL_REPRESENTATION('',(#5043),#5047);
#5043 = LINE('',#5044,#5045);
#5044 = CARTESIAN_POINT('',(3.,-22.1));
#5045 = VECTOR('',#5046,1.);
#5046 = DIRECTION('',(1.,0.));
#5047 = ( GEOMETRIC_REPRESENTATION_CONTEXT(2) 
PARAMETRIC_REPRESENTATION_CONTEXT() REPRESENTATION_CONTEXT('2D SPACE',''
  ) );
#5048 = PCURVE('',#1102,#5049);
#5049 = DEFINITIONAL_REPRESENTATION('',(#5050),#5054);
#5050 = LINE('',#5051,#5052);
#5051 = CARTESIAN_POINT('',(2.2,-3.));
#5052 = VECTOR('',#5053,1.);
#5053 = DIRECTION('',(0.,1.));
#5054 = ( GEOMETRIC_REPRESENTATION_CONTEXT(2) 
PARAMETRIC_REPRESENTATION_CONTEXT() REPRESENTATION_CONTEXT('2D SPACE',''
  ) );
#5055 = ORIENTED_EDGE('',*,*,#2163,.T.);
#5056 = ORIENTED_EDGE('',*,*,#4985,.T.);
#5057 = ORIENTED_EDGE('',*,*,#1134,.F.);
#5058 = ADVANCED_FACE('',(#5059),#1102,.F.);
#5059 = FACE_BOUND('',#5060,.F.);
#5060 = EDGE_LOOP('',(#5061,#5084,#5105,#5106,#5127,#5128,#5151,#5172,
    #5173,#5174));
#5061 = ORIENTED_EDGE('',*,*,#5062,.T.);
#5062 = EDGE_CURVE('',#1010,#5063,#5065,.T.);
#5063 = VERTEX_POINT('',#5064);
#5064 = CARTESIAN_POINT('',(5.,-10.53,2.4));
#5065 = SURFACE_CURVE('',#5066,(#5070,#5077),.PCURVE_S1.);
#5066 = LINE('',#5067,#5068);
#5067 = CARTESIAN_POINT('',(11.,-10.53,2.4));
#5068 = VECTOR('',#5069,1.);
#5069 = DIRECTION('',(-1.,0.,-1.110223024625E-16));
#5070 = PCURVE('',#1102,#5071);
#5071 = DEFINITIONAL_REPRESENTATION('',(#5072),#5076);
#5072 = LINE('',#5073,#5074);
#5073 = CARTESIAN_POINT('',(3.,10.53));
#5074 = VECTOR('',#5075,1.);
#5075 = DIRECTION('',(-1.,-0.));
#5076 = ( GEOMETRIC_REPRESENTATION_CONTEXT(2) 
PARAMETRIC_REPRESENTATION_CONTEXT() REPRESENTATION_CONTEXT('2D SPACE',''
  ) );
#5077 = PCURVE('',#1031,#5078);
#5078 = DEFINITIONAL_REPRESENTATION('',(#5079),#5083);
#5079 = LINE('',#5080,#5081);
#5080 = CARTESIAN_POINT('',(3.552713678801E-16,-3.2));
#5081 = VECTOR('',#5082,1.);
#5082 = DIRECTION('',(1.,0.));
#5083 = ( GEOMETRIC_REPRESENTATION_CONTEXT(2) 
PARAMETRIC_REPRESENTATION_CONTEXT() REPRESENTATION_CONTEXT('2D SPACE',''
  ) );
#5084 = ORIENTED_EDGE('',*,*,#5085,.T.);
#5085 = EDGE_CURVE('',#5063,#3692,#5086,.T.);
#5086 = SURFACE_CURVE('',#5087,(#5091,#5098),.PCURVE_S1.);
#5087 = LINE('',#5088,#5089);
#5088 = CARTESIAN_POINT('',(5.,-10.53,2.4));
#5089 = VECTOR('',#5090,1.);
#5090 = DIRECTION('',(0.,1.,0.));
#5091 = PCURVE('',#1102,#5092);
#5092 = DEFINITIONAL_REPRESENTATION('',(#5093),#5097);
#5093 = LINE('',#5094,#5095);
#5094 = CARTESIAN_POINT('',(-3.,10.53));
#5095 = VECTOR('',#5096,1.);
#5096 = DIRECTION('',(0.,-1.));
#5097 = ( GEOMETRIC_REPRESENTATION_CONTEXT(2) 
PARAMETRIC_REPRESENTATION_CONTEXT() REPRESENTATION_CONTEXT('2D SPACE',''
  ) );
#5098 = PCURVE('',#3713,#5099);
#5099 = DEFINITIONAL_REPRESENTATION('',(#5100),#5104);
#5100 = LINE('',#5101,#5102);
#5101 = CARTESIAN_POINT('',(0.,-3.2));
#5102 = VECTOR('',#5103,1.);
#5103 = DIRECTION('',(1.,0.));
#5104 = ( GEOMETRIC_REPRESENTATION_CONTEXT(2) 
PARAMETRIC_REPRESENTATION_CONTEXT() REPRESENTATION_CONTEXT('2D SPACE',''
  ) );
#5105 = ORIENTED_EDGE('',*,*,#3728,.T.);
#5106 = ORIENTED_EDGE('',*,*,#5107,.F.);
#5107 = EDGE_CURVE('',#2899,#3729,#5108,.T.);
#5108 = SURFACE_CURVE('',#5109,(#5113,#5120),.PCURVE_S1.);
#5109 = LINE('',#5110,#5111);
#5110 = CARTESIAN_POINT('',(8.,3.,2.4));
#5111 = VECTOR('',#5112,1.);
#5112 = DIRECTION('',(0.,-1.,0.));
#5113 = PCURVE('',#1102,#5114);
#5114 = DEFINITIONAL_REPRESENTATION('',(#5115),#5119);
#5115 = LINE('',#5116,#5117);
#5116 = CARTESIAN_POINT('',(0.,-3.));
#5117 = VECTOR('',#5118,1.);
#5118 = DIRECTION('',(0.,1.));
#5119 = ( GEOMETRIC_REPRESENTATION_CONTEXT(2) 
PARAMETRIC_REPRESENTATION_CONTEXT() REPRESENTATION_CONTEXT('2D SPACE',''
  ) );
#5120 = PCURVE('',#2914,#5121);
#5121 = DEFINITIONAL_REPRESENTATION('',(#5122),#5126);
#5122 = LINE('',#5123,#5124);
#5123 = CARTESIAN_POINT('',(3.,-24.1));
#5124 = VECTOR('',#5125,1.);
#5125 = DIRECTION('',(1.,0.));
#5126 = ( GEOMETRIC_REPRESENTATION_CONTEXT(2) 
PARAMETRIC_REPRESENTATION_CONTEXT() REPRESENTATION_CONTEXT('2D SPACE',''
  ) );
#5127 = ORIENTED_EDGE('',*,*,#2926,.T.);
#5128 = ORIENTED_EDGE('',*,*,#5129,.T.);
#5129 = EDGE_CURVE('',#2927,#5130,#5132,.T.);
#5130 = VERTEX_POINT('',#5131);
#5131 = CARTESIAN_POINT('',(5.,10.53,2.4));
#5132 = SURFACE_CURVE('',#5133,(#5137,#5144),.PCURVE_S1.);
#5133 = LINE('',#5134,#5135);
#5134 = CARTESIAN_POINT('',(5.,-10.53,2.4));
#5135 = VECTOR('',#5136,1.);
#5136 = DIRECTION('',(0.,1.,0.));
#5137 = PCURVE('',#1102,#5138);
#5138 = DEFINITIONAL_REPRESENTATION('',(#5139),#5143);
#5139 = LINE('',#5140,#5141);
#5140 = CARTESIAN_POINT('',(-3.,10.53));
#5141 = VECTOR('',#5142,1.);
#5142 = DIRECTION('',(0.,-1.));
#5143 = ( GEOMETRIC_REPRESENTATION_CONTEXT(2) 
PARAMETRIC_REPRESENTATION_CONTEXT() REPRESENTATION_CONTEXT('2D SPACE',''
  ) );
#5144 = PCURVE('',#3043,#5145);
#5145 = DEFINITIONAL_REPRESENTATION('',(#5146),#5150);
#5146 = LINE('',#5147,#5148);
#5147 = CARTESIAN_POINT('',(0.,-3.2));
#5148 = VECTOR('',#5149,1.);
#5149 = DIRECTION('',(1.,0.));
#5150 = ( GEOMETRIC_REPRESENTATION_CONTEXT(2) 
PARAMETRIC_REPRESENTATION_CONTEXT() REPRESENTATION_CONTEXT('2D SPACE',''
  ) );
#5151 = ORIENTED_EDGE('',*,*,#5152,.T.);
#5152 = EDGE_CURVE('',#5130,#2187,#5153,.T.);
#5153 = SURFACE_CURVE('',#5154,(#5158,#5165),.PCURVE_S1.);
#5154 = LINE('',#5155,#5156);
#5155 = CARTESIAN_POINT('',(5.,10.53,2.4));
#5156 = VECTOR('',#5157,1.);
#5157 = DIRECTION('',(1.,0.,1.110223024625E-16));
#5158 = PCURVE('',#1102,#5159);
#5159 = DEFINITIONAL_REPRESENTATION('',(#5160),#5164);
#5160 = LINE('',#5161,#5162);
#5161 = CARTESIAN_POINT('',(-3.,-10.53));
#5162 = VECTOR('',#5163,1.);
#5163 = DIRECTION('',(1.,0.));
#5164 = ( GEOMETRIC_REPRESENTATION_CONTEXT(2) 
PARAMETRIC_REPRESENTATION_CONTEXT() REPRESENTATION_CONTEXT('2D SPACE',''
  ) );
#5165 = PCURVE('',#2291,#5166);
#5166 = DEFINITIONAL_REPRESENTATION('',(#5167),#5171);
#5167 = LINE('',#5168,#5169);
#5168 = CARTESIAN_POINT('',(5.329070518201E-16,-3.2));
#5169 = VECTOR('',#5170,1.);
#5170 = DIRECTION('',(1.,0.));
#5171 = ( GEOMETRIC_REPRESENTATION_CONTEXT(2) 
PARAMETRIC_REPRESENTATION_CONTEXT() REPRESENTATION_CONTEXT('2D SPACE',''
  ) );
#5172 = ORIENTED_EDGE('',*,*,#2186,.F.);
#5173 = ORIENTED_EDGE('',*,*,#5035,.T.);
#5174 = ORIENTED_EDGE('',*,*,#1046,.F.);
#5175 = ADVANCED_FACE('',(#5176),#1031,.T.);
#5176 = FACE_BOUND('',#5177,.T.);
#5177 = EDGE_LOOP('',(#5178,#5201,#5202,#5203));
#5178 = ORIENTED_EDGE('',*,*,#5179,.F.);
#5179 = EDGE_CURVE('',#922,#5180,#5182,.T.);
#5180 = VERTEX_POINT('',#5181);
#5181 = CARTESIAN_POINT('',(5.,-10.53,5.6));
#5182 = SURFACE_CURVE('',#5183,(#5187,#5194),.PCURVE_S1.);
#5183 = LINE('',#5184,#5185);
#5184 = CARTESIAN_POINT('',(11.,-10.53,5.6));
#5185 = VECTOR('',#5186,1.);
#5186 = DIRECTION('',(-1.,0.,-1.110223024625E-16));
#5187 = PCURVE('',#1031,#5188);
#5188 = DEFINITIONAL_REPRESENTATION('',(#5189),#5193);
#5189 = LINE('',#5190,#5191);
#5190 = CARTESIAN_POINT('',(0.,0.));
#5191 = VECTOR('',#5192,1.);
#5192 = DIRECTION('',(1.,0.));
#5193 = ( GEOMETRIC_REPRESENTATION_CONTEXT(2) 
PARAMETRIC_REPRESENTATION_CONTEXT() REPRESENTATION_CONTEXT('2D SPACE',''
  ) );
#5194 = PCURVE('',#977,#5195);
#5195 = DEFINITIONAL_REPRESENTATION('',(#5196),#5200);
#5196 = LINE('',#5197,#5198);
#5197 = CARTESIAN_POINT('',(3.,10.53));
#5198 = VECTOR('',#5199,1.);
#5199 = DIRECTION('',(-1.,-0.));
#5200 = ( GEOMETRIC_REPRESENTATION_CONTEXT(2) 
PARAMETRIC_REPRESENTATION_CONTEXT() REPRESENTATION_CONTEXT('2D SPACE',''
  ) );
#5201 = ORIENTED_EDGE('',*,*,#1009,.F.);
#5202 = ORIENTED_EDGE('',*,*,#5062,.T.);
#5203 = ORIENTED_EDGE('',*,*,#5204,.F.);
#5204 = EDGE_CURVE('',#5180,#5063,#5205,.T.);
#5205 = SURFACE_CURVE('',#5206,(#5210,#5217),.PCURVE_S1.);
#5206 = LINE('',#5207,#5208);
#5207 = CARTESIAN_POINT('',(5.,-10.53,5.6));
#5208 = VECTOR('',#5209,1.);
#5209 = DIRECTION('',(1.110223024625E-16,0.,-1.));
#5210 = PCURVE('',#1031,#5211);
#5211 = DEFINITIONAL_REPRESENTATION('',(#5212),#5216);
#5212 = LINE('',#5213,#5214);
#5213 = CARTESIAN_POINT('',(6.,6.661338147751E-16));
#5214 = VECTOR('',#5215,1.);
#5215 = DIRECTION('',(0.,-1.));
#5216 = ( GEOMETRIC_REPRESENTATION_CONTEXT(2) 
PARAMETRIC_REPRESENTATION_CONTEXT() REPRESENTATION_CONTEXT('2D SPACE',''
  ) );
#5217 = PCURVE('',#3713,#5218);
#5218 = DEFINITIONAL_REPRESENTATION('',(#5219),#5223);
#5219 = LINE('',#5220,#5221);
#5220 = CARTESIAN_POINT('',(0.,0.));
#5221 = VECTOR('',#5222,1.);
#5222 = DIRECTION('',(0.,-1.));
#5223 = ( GEOMETRIC_REPRESENTATION_CONTEXT(2) 
PARAMETRIC_REPRESENTATION_CONTEXT() REPRESENTATION_CONTEXT('2D SPACE',''
  ) );
#5224 = ADVANCED_FACE('',(#5225),#977,.T.);
#5225 = FACE_BOUND('',#5226,.T.);
#5226 = EDGE_LOOP('',(#5227,#5228,#5249,#5250,#5273,#5301,#5329,#5357,
    #5378,#5379,#5402,#5423,#5424,#5445));
#5227 = ORIENTED_EDGE('',*,*,#5179,.T.);
#5228 = ORIENTED_EDGE('',*,*,#5229,.T.);
#5229 = EDGE_CURVE('',#5180,#3612,#5230,.T.);
#5230 = SURFACE_CURVE('',#5231,(#5235,#5242),.PCURVE_S1.);
#5231 = LINE('',#5232,#5233);
#5232 = CARTESIAN_POINT('',(5.,-10.53,5.6));
#5233 = VECTOR('',#5234,1.);
#5234 = DIRECTION('',(0.,1.,0.));
#5235 = PCURVE('',#977,#5236);
#5236 = DEFINITIONAL_REPRESENTATION('',(#5237),#5241);
#5237 = LINE('',#5238,#5239);
#5238 = CARTESIAN_POINT('',(-3.,10.53));
#5239 = VECTOR('',#5240,1.);
#5240 = DIRECTION('',(0.,-1.));
#5241 = ( GEOMETRIC_REPRESENTATION_CONTEXT(2) 
PARAMETRIC_REPRESENTATION_CONTEXT() REPRESENTATION_CONTEXT('2D SPACE',''
  ) );
#5242 = PCURVE('',#3713,#5243);
#5243 = DEFINITIONAL_REPRESENTATION('',(#5244),#5248);
#5244 = LINE('',#5245,#5246);
#5245 = CARTESIAN_POINT('',(0.,0.));
#5246 = VECTOR('',#5247,1.);
#5247 = DIRECTION('',(1.,0.));
#5248 = ( GEOMETRIC_REPRESENTATION_CONTEXT(2) 
PARAMETRIC_REPRESENTATION_CONTEXT() REPRESENTATION_CONTEXT('2D SPACE',''
  ) );
#5249 = ORIENTED_EDGE('',*,*,#3611,.T.);
#5250 = ORIENTED_EDGE('',*,*,#5251,.F.);
#5251 = EDGE_CURVE('',#5252,#3584,#5254,.T.);
#5252 = VERTEX_POINT('',#5253);
#5253 = CARTESIAN_POINT('',(8.,-4.,5.6));
#5254 = SURFACE_CURVE('',#5255,(#5259,#5266),.PCURVE_S1.);
#5255 = LINE('',#5256,#5257);
#5256 = CARTESIAN_POINT('',(8.,3.,5.6));
#5257 = VECTOR('',#5258,1.);
#5258 = DIRECTION('',(0.,-1.,0.));
#5259 = PCURVE('',#977,#5260);
#5260 = DEFINITIONAL_REPRESENTATION('',(#5261),#5265);
#5261 = LINE('',#5262,#5263);
#5262 = CARTESIAN_POINT('',(0.,-3.));
#5263 = VECTOR('',#5264,1.);
#5264 = DIRECTION('',(0.,1.));
#5265 = ( GEOMETRIC_REPRESENTATION_CONTEXT(2) 
PARAMETRIC_REPRESENTATION_CONTEXT() REPRESENTATION_CONTEXT('2D SPACE',''
  ) );
#5266 = PCURVE('',#3599,#5267);
#5267 = DEFINITIONAL_REPRESENTATION('',(#5268),#5272);
#5268 = LINE('',#5269,#5270);
#5269 = CARTESIAN_POINT('',(3.,-20.9));
#5270 = VECTOR('',#5271,1.);
#5271 = DIRECTION('',(1.,0.));
#5272 = ( GEOMETRIC_REPRESENTATION_CONTEXT(2) 
PARAMETRIC_REPRESENTATION_CONTEXT() REPRESENTATION_CONTEXT('2D SPACE',''
  ) );
#5273 = ORIENTED_EDGE('',*,*,#5274,.F.);
#5274 = EDGE_CURVE('',#5275,#5252,#5277,.T.);
#5275 = VERTEX_POINT('',#5276);
#5276 = CARTESIAN_POINT('',(9.3,-4.,5.6));
#5277 = SURFACE_CURVE('',#5278,(#5282,#5289),.PCURVE_S1.);
#5278 = LINE('',#5279,#5280);
#5279 = CARTESIAN_POINT('',(7.8,-4.,5.6));
#5280 = VECTOR('',#5281,1.);
#5281 = DIRECTION('',(-1.,0.,-1.110223024625E-16));
#5282 = PCURVE('',#977,#5283);
#5283 = DEFINITIONAL_REPRESENTATION('',(#5284),#5288);
#5284 = LINE('',#5285,#5286);
#5285 = CARTESIAN_POINT('',(-0.2,4.));
#5286 = VECTOR('',#5287,1.);
#5287 = DIRECTION('',(-1.,-0.));
#5288 = ( GEOMETRIC_REPRESENTATION_CONTEXT(2) 
PARAMETRIC_REPRESENTATION_CONTEXT() REPRESENTATION_CONTEXT('2D SPACE',''
  ) );
#5289 = PCURVE('',#5290,#5295);
#5290 = PLANE('',#5291);
#5291 = AXIS2_PLACEMENT_3D('',#5292,#5293,#5294);
#5292 = CARTESIAN_POINT('',(7.6,-4.,20.5));
#5293 = DIRECTION('',(0.,1.,0.));
#5294 = DIRECTION('',(1.,0.,1.110223024625E-16));
#5295 = DEFINITIONAL_REPRESENTATION('',(#5296),#5300);
#5296 = LINE('',#5297,#5298);
#5297 = CARTESIAN_POINT('',(0.2,14.9));
#5298 = VECTOR('',#5299,1.);
#5299 = DIRECTION('',(-1.,0.));
#5300 = ( GEOMETRIC_REPRESENTATION_CONTEXT(2) 
PARAMETRIC_REPRESENTATION_CONTEXT() REPRESENTATION_CONTEXT('2D SPACE',''
  ) );
#5301 = ORIENTED_EDGE('',*,*,#5302,.T.);
#5302 = EDGE_CURVE('',#5275,#5303,#5305,.T.);
#5303 = VERTEX_POINT('',#5304);
#5304 = CARTESIAN_POINT('',(9.3,4.,5.6));
#5305 = SURFACE_CURVE('',#5306,(#5310,#5317),.PCURVE_S1.);
#5306 = LINE('',#5307,#5308);
#5307 = CARTESIAN_POINT('',(9.3,-2.,5.6));
#5308 = VECTOR('',#5309,1.);
#5309 = DIRECTION('',(0.,1.,0.));
#5310 = PCURVE('',#977,#5311);
#5311 = DEFINITIONAL_REPRESENTATION('',(#5312),#5316);
#5312 = LINE('',#5313,#5314);
#5313 = CARTESIAN_POINT('',(1.3,2.));
#5314 = VECTOR('',#5315,1.);
#5315 = DIRECTION('',(0.,-1.));
#5316 = ( GEOMETRIC_REPRESENTATION_CONTEXT(2) 
PARAMETRIC_REPRESENTATION_CONTEXT() REPRESENTATION_CONTEXT('2D SPACE',''
  ) );
#5317 = PCURVE('',#5318,#5323);
#5318 = PLANE('',#5319);
#5319 = AXIS2_PLACEMENT_3D('',#5320,#5321,#5322);
#5320 = CARTESIAN_POINT('',(9.3,-4.,20.5));
#5321 = DIRECTION('',(1.,0.,1.110223024625E-16));
#5322 = DIRECTION('',(1.110223024625E-16,0.,-1.));
#5323 = DEFINITIONAL_REPRESENTATION('',(#5324),#5328);
#5324 = LINE('',#5325,#5326);
#5325 = CARTESIAN_POINT('',(14.9,2.));
#5326 = VECTOR('',#5327,1.);
#5327 = DIRECTION('',(0.,1.));
#5328 = ( GEOMETRIC_REPRESENTATION_CONTEXT(2) 
PARAMETRIC_REPRESENTATION_CONTEXT() REPRESENTATION_CONTEXT('2D SPACE',''
  ) );
#5329 = ORIENTED_EDGE('',*,*,#5330,.T.);
#5330 = EDGE_CURVE('',#5303,#5331,#5333,.T.);
#5331 = VERTEX_POINT('',#5332);
#5332 = CARTESIAN_POINT('',(8.,4.,5.6));
#5333 = SURFACE_CURVE('',#5334,(#5338,#5345),.PCURVE_S1.);
#5334 = LINE('',#5335,#5336);
#5335 = CARTESIAN_POINT('',(7.8,4.,5.6));
#5336 = VECTOR('',#5337,1.);
#5337 = DIRECTION('',(-1.,0.,-1.110223024625E-16));
#5338 = PCURVE('',#977,#5339);
#5339 = DEFINITIONAL_REPRESENTATION('',(#5340),#5344);
#5340 = LINE('',#5341,#5342);
#5341 = CARTESIAN_POINT('',(-0.2,-4.));
#5342 = VECTOR('',#5343,1.);
#5343 = DIRECTION('',(-1.,-0.));
#5344 = ( GEOMETRIC_REPRESENTATION_CONTEXT(2) 
PARAMETRIC_REPRESENTATION_CONTEXT() REPRESENTATION_CONTEXT('2D SPACE',''
  ) );
#5345 = PCURVE('',#5346,#5351);
#5346 = PLANE('',#5347);
#5347 = AXIS2_PLACEMENT_3D('',#5348,#5349,#5350);
#5348 = CARTESIAN_POINT('',(7.6,4.,20.5));
#5349 = DIRECTION('',(0.,1.,0.));
#5350 = DIRECTION('',(1.,0.,1.110223024625E-16));
#5351 = DEFINITIONAL_REPRESENTATION('',(#5352),#5356);
#5352 = LINE('',#5353,#5354);
#5353 = CARTESIAN_POINT('',(0.2,14.9));
#5354 = VECTOR('',#5355,1.);
#5355 = DIRECTION('',(-1.,0.));
#5356 = ( GEOMETRIC_REPRESENTATION_CONTEXT(2) 
PARAMETRIC_REPRESENTATION_CONTEXT() REPRESENTATION_CONTEXT('2D SPACE',''
  ) );
#5357 = ORIENTED_EDGE('',*,*,#5358,.F.);
#5358 = EDGE_CURVE('',#3059,#5331,#5359,.T.);
#5359 = SURFACE_CURVE('',#5360,(#5364,#5371),.PCURVE_S1.);
#5360 = LINE('',#5361,#5362);
#5361 = CARTESIAN_POINT('',(8.,3.,5.6));
#5362 = VECTOR('',#5363,1.);
#5363 = DIRECTION('',(0.,-1.,0.));
#5364 = PCURVE('',#977,#5365);
#5365 = DEFINITIONAL_REPRESENTATION('',(#5366),#5370);
#5366 = LINE('',#5367,#5368);
#5367 = CARTESIAN_POINT('',(0.,-3.));
#5368 = VECTOR('',#5369,1.);
#5369 = DIRECTION('',(0.,1.));
#5370 = ( GEOMETRIC_REPRESENTATION_CONTEXT(2) 
PARAMETRIC_REPRESENTATION_CONTEXT() REPRESENTATION_CONTEXT('2D SPACE',''
  ) );
#5371 = PCURVE('',#3169,#5372);
#5372 = DEFINITIONAL_REPRESENTATION('',(#5373),#5377);
#5373 = LINE('',#5374,#5375);
#5374 = CARTESIAN_POINT('',(3.,-20.9));
#5375 = VECTOR('',#5376,1.);
#5376 = DIRECTION('',(1.,0.));
#5377 = ( GEOMETRIC_REPRESENTATION_CONTEXT(2) 
PARAMETRIC_REPRESENTATION_CONTEXT() REPRESENTATION_CONTEXT('2D SPACE',''
  ) );
#5378 = ORIENTED_EDGE('',*,*,#3058,.T.);
#5379 = ORIENTED_EDGE('',*,*,#5380,.T.);
#5380 = EDGE_CURVE('',#3022,#5381,#5383,.T.);
#5381 = VERTEX_POINT('',#5382);
#5382 = CARTESIAN_POINT('',(5.,10.53,5.6));
#5383 = SURFACE_CURVE('',#5384,(#5388,#5395),.PCURVE_S1.);
#5384 = LINE('',#5385,#5386);
#5385 = CARTESIAN_POINT('',(5.,-10.53,5.6));
#5386 = VECTOR('',#5387,1.);
#5387 = DIRECTION('',(0.,1.,0.));
#5388 = PCURVE('',#977,#5389);
#5389 = DEFINITIONAL_REPRESENTATION('',(#5390),#5394);
#5390 = LINE('',#5391,#5392);
#5391 = CARTESIAN_POINT('',(-3.,10.53));
#5392 = VECTOR('',#5393,1.);
#5393 = DIRECTION('',(0.,-1.));
#5394 = ( GEOMETRIC_REPRESENTATION_CONTEXT(2) 
PARAMETRIC_REPRESENTATION_CONTEXT() REPRESENTATION_CONTEXT('2D SPACE',''
  ) );
#5395 = PCURVE('',#3043,#5396);
#5396 = DEFINITIONAL_REPRESENTATION('',(#5397),#5401);
#5397 = LINE('',#5398,#5399);
#5398 = CARTESIAN_POINT('',(0.,0.));
#5399 = VECTOR('',#5400,1.);
#5400 = DIRECTION('',(1.,0.));
#5401 = ( GEOMETRIC_REPRESENTATION_CONTEXT(2) 
PARAMETRIC_REPRESENTATION_CONTEXT() REPRESENTATION_CONTEXT('2D SPACE',''
  ) );
#5402 = ORIENTED_EDGE('',*,*,#5403,.T.);
#5403 = EDGE_CURVE('',#5381,#2270,#5404,.T.);
#5404 = SURFACE_CURVE('',#5405,(#5409,#5416),.PCURVE_S1.);
#5405 = LINE('',#5406,#5407);
#5406 = CARTESIAN_POINT('',(5.,10.53,5.6));
#5407 = VECTOR('',#5408,1.);
#5408 = DIRECTION('',(1.,0.,1.110223024625E-16));
#5409 = PCURVE('',#977,#5410);
#5410 = DEFINITIONAL_REPRESENTATION('',(#5411),#5415);
#5411 = LINE('',#5412,#5413);
#5412 = CARTESIAN_POINT('',(-3.,-10.53));
#5413 = VECTOR('',#5414,1.);
#5414 = DIRECTION('',(1.,0.));
#5415 = ( GEOMETRIC_REPRESENTATION_CONTEXT(2) 
PARAMETRIC_REPRESENTATION_CONTEXT() REPRESENTATION_CONTEXT('2D SPACE',''
  ) );
#5416 = PCURVE('',#2291,#5417);
#5417 = DEFINITIONAL_REPRESENTATION('',(#5418),#5422);
#5418 = LINE('',#5419,#5420);
#5419 = CARTESIAN_POINT('',(0.,0.));
#5420 = VECTOR('',#5421,1.);
#5421 = DIRECTION('',(1.,0.));
#5422 = ( GEOMETRIC_REPRESENTATION_CONTEXT(2) 
PARAMETRIC_REPRESENTATION_CONTEXT() REPRESENTATION_CONTEXT('2D SPACE',''
  ) );
#5423 = ORIENTED_EDGE('',*,*,#2306,.F.);
#5424 = ORIENTED_EDGE('',*,*,#5425,.T.);
#5425 = EDGE_CURVE('',#2307,#894,#5426,.T.);
#5426 = SURFACE_CURVE('',#5427,(#5431,#5438),.PCURVE_S1.);
#5427 = LINE('',#5428,#5429);
#5428 = CARTESIAN_POINT('',(10.2,3.,5.6));
#5429 = VECTOR('',#5430,1.);
#5430 = DIRECTION('',(0.,-1.,0.));
#5431 = PCURVE('',#977,#5432);
#5432 = DEFINITIONAL_REPRESENTATION('',(#5433),#5437);
#5433 = LINE('',#5434,#5435);
#5434 = CARTESIAN_POINT('',(2.2,-3.));
#5435 = VECTOR('',#5436,1.);
#5436 = DIRECTION('',(0.,1.));
#5437 = ( GEOMETRIC_REPRESENTATION_CONTEXT(2) 
PARAMETRIC_REPRESENTATION_CONTEXT() REPRESENTATION_CONTEXT('2D SPACE',''
  ) );
#5438 = PCURVE('',#909,#5439);
#5439 = DEFINITIONAL_REPRESENTATION('',(#5440),#5444);
#5440 = LINE('',#5441,#5442);
#5441 = CARTESIAN_POINT('',(3.,-18.9));
#5442 = VECTOR('',#5443,1.);
#5443 = DIRECTION('',(1.,0.));
#5444 = ( GEOMETRIC_REPRESENTATION_CONTEXT(2) 
PARAMETRIC_REPRESENTATION_CONTEXT() REPRESENTATION_CONTEXT('2D SPACE',''
  ) );
#5445 = ORIENTED_EDGE('',*,*,#921,.F.);
#5446 = ADVANCED_FACE('',(#5447),#909,.F.);
#5447 = FACE_BOUND('',#5448,.F.);
#5448 = EDGE_LOOP('',(#5449,#5470,#5471,#5472));
#5449 = ORIENTED_EDGE('',*,*,#5450,.F.);
#5450 = EDGE_CURVE('',#2390,#806,#5451,.T.);
#5451 = SURFACE_CURVE('',#5452,(#5456,#5463),.PCURVE_S1.);
#5452 = LINE('',#5453,#5454);
#5453 = CARTESIAN_POINT('',(10.2,3.,19.4));
#5454 = VECTOR('',#5455,1.);
#5455 = DIRECTION('',(0.,-1.,0.));
#5456 = PCURVE('',#909,#5457);
#5457 = DEFINITIONAL_REPRESENTATION('',(#5458),#5462);
#5458 = LINE('',#5459,#5460);
#5459 = CARTESIAN_POINT('',(3.,-5.1));
#5460 = VECTOR('',#5461,1.);
#5461 = DIRECTION('',(1.,0.));
#5462 = ( GEOMETRIC_REPRESENTATION_CONTEXT(2) 
PARAMETRIC_REPRESENTATION_CONTEXT() REPRESENTATION_CONTEXT('2D SPACE',''
  ) );
#5463 = PCURVE('',#861,#5464);
#5464 = DEFINITIONAL_REPRESENTATION('',(#5465),#5469);
#5465 = LINE('',#5466,#5467);
#5466 = CARTESIAN_POINT('',(2.2,-3.));
#5467 = VECTOR('',#5468,1.);
#5468 = DIRECTION('',(0.,1.));
#5469 = ( GEOMETRIC_REPRESENTATION_CONTEXT(2) 
PARAMETRIC_REPRESENTATION_CONTEXT() REPRESENTATION_CONTEXT('2D SPACE',''
  ) );
#5470 = ORIENTED_EDGE('',*,*,#2389,.T.);
#5471 = ORIENTED_EDGE('',*,*,#5425,.T.);
#5472 = ORIENTED_EDGE('',*,*,#893,.F.);
#5473 = ADVANCED_FACE('',(#5474),#861,.F.);
#5474 = FACE_BOUND('',#5475,.F.);
#5475 = EDGE_LOOP('',(#5476,#5499,#5520,#5521,#5544,#5567,#5590,#5613,
    #5634,#5635,#5658,#5679,#5680,#5681));
#5476 = ORIENTED_EDGE('',*,*,#5477,.T.);
#5477 = EDGE_CURVE('',#769,#5478,#5480,.T.);
#5478 = VERTEX_POINT('',#5479);
#5479 = CARTESIAN_POINT('',(5.,-10.53,19.4));
#5480 = SURFACE_CURVE('',#5481,(#5485,#5492),.PCURVE_S1.);
#5481 = LINE('',#5482,#5483);
#5482 = CARTESIAN_POINT('',(11.,-10.53,19.4));
#5483 = VECTOR('',#5484,1.);
#5484 = DIRECTION('',(-1.,0.,-1.110223024625E-16));
#5485 = PCURVE('',#861,#5486);
#5486 = DEFINITIONAL_REPRESENTATION('',(#5487),#5491);
#5487 = LINE('',#5488,#5489);
#5488 = CARTESIAN_POINT('',(3.,10.53));
#5489 = VECTOR('',#5490,1.);
#5490 = DIRECTION('',(-1.,-0.));
#5491 = ( GEOMETRIC_REPRESENTATION_CONTEXT(2) 
PARAMETRIC_REPRESENTATION_CONTEXT() REPRESENTATION_CONTEXT('2D SPACE',''
  ) );
#5492 = PCURVE('',#790,#5493);
#5493 = DEFINITIONAL_REPRESENTATION('',(#5494),#5498);
#5494 = LINE('',#5495,#5496);
#5495 = CARTESIAN_POINT('',(3.552713678801E-16,-3.2));
#5496 = VECTOR('',#5497,1.);
#5497 = DIRECTION('',(1.,0.));
#5498 = ( GEOMETRIC_REPRESENTATION_CONTEXT(2) 
PARAMETRIC_REPRESENTATION_CONTEXT() REPRESENTATION_CONTEXT('2D SPACE',''
  ) );
#5499 = ORIENTED_EDGE('',*,*,#5500,.T.);
#5500 = EDGE_CURVE('',#5478,#3472,#5501,.T.);
#5501 = SURFACE_CURVE('',#5502,(#5506,#5513),.PCURVE_S1.);
#5502 = LINE('',#5503,#5504);
#5503 = CARTESIAN_POINT('',(5.,-10.53,19.4));
#5504 = VECTOR('',#5505,1.);
#5505 = DIRECTION('',(0.,1.,0.));
#5506 = PCURVE('',#861,#5507);
#5507 = DEFINITIONAL_REPRESENTATION('',(#5508),#5512);
#5508 = LINE('',#5509,#5510);
#5509 = CARTESIAN_POINT('',(-3.,10.53));
#5510 = VECTOR('',#5511,1.);
#5511 = DIRECTION('',(0.,-1.));
#5512 = ( GEOMETRIC_REPRESENTATION_CONTEXT(2) 
PARAMETRIC_REPRESENTATION_CONTEXT() REPRESENTATION_CONTEXT('2D SPACE',''
  ) );
#5513 = PCURVE('',#1671,#5514);
#5514 = DEFINITIONAL_REPRESENTATION('',(#5515),#5519);
#5515 = LINE('',#5516,#5517);
#5516 = CARTESIAN_POINT('',(0.,-3.2));
#5517 = VECTOR('',#5518,1.);
#5518 = DIRECTION('',(1.,0.));
#5519 = ( GEOMETRIC_REPRESENTATION_CONTEXT(2) 
PARAMETRIC_REPRESENTATION_CONTEXT() REPRESENTATION_CONTEXT('2D SPACE',''
  ) );
#5520 = ORIENTED_EDGE('',*,*,#3503,.T.);
#5521 = ORIENTED_EDGE('',*,*,#5522,.F.);
#5522 = EDGE_CURVE('',#5523,#3504,#5525,.T.);
#5523 = VERTEX_POINT('',#5524);
#5524 = CARTESIAN_POINT('',(8.,-4.,19.4));
#5525 = SURFACE_CURVE('',#5526,(#5530,#5537),.PCURVE_S1.);
#5526 = LINE('',#5527,#5528);
#5527 = CARTESIAN_POINT('',(8.,3.,19.4));
#5528 = VECTOR('',#5529,1.);
#5529 = DIRECTION('',(0.,-1.,0.));
#5530 = PCURVE('',#861,#5531);
#5531 = DEFINITIONAL_REPRESENTATION('',(#5532),#5536);
#5532 = LINE('',#5533,#5534);
#5533 = CARTESIAN_POINT('',(0.,-3.));
#5534 = VECTOR('',#5535,1.);
#5535 = DIRECTION('',(0.,1.));
#5536 = ( GEOMETRIC_REPRESENTATION_CONTEXT(2) 
PARAMETRIC_REPRESENTATION_CONTEXT() REPRESENTATION_CONTEXT('2D SPACE',''
  ) );
#5537 = PCURVE('',#3599,#5538);
#5538 = DEFINITIONAL_REPRESENTATION('',(#5539),#5543);
#5539 = LINE('',#5540,#5541);
#5540 = CARTESIAN_POINT('',(3.,-7.1));
#5541 = VECTOR('',#5542,1.);
#5542 = DIRECTION('',(1.,0.));
#5543 = ( GEOMETRIC_REPRESENTATION_CONTEXT(2) 
PARAMETRIC_REPRESENTATION_CONTEXT() REPRESENTATION_CONTEXT('2D SPACE',''
  ) );
#5544 = ORIENTED_EDGE('',*,*,#5545,.F.);
#5545 = EDGE_CURVE('',#5546,#5523,#5548,.T.);
#5546 = VERTEX_POINT('',#5547);
#5547 = CARTESIAN_POINT('',(9.3,-4.,19.4));
#5548 = SURFACE_CURVE('',#5549,(#5553,#5560),.PCURVE_S1.);
#5549 = LINE('',#5550,#5551);
#5550 = CARTESIAN_POINT('',(7.8,-4.,19.4));
#5551 = VECTOR('',#5552,1.);
#5552 = DIRECTION('',(-1.,0.,-1.110223024625E-16));
#5553 = PCURVE('',#861,#5554);
#5554 = DEFINITIONAL_REPRESENTATION('',(#5555),#5559);
#5555 = LINE('',#5556,#5557);
#5556 = CARTESIAN_POINT('',(-0.2,4.));
#5557 = VECTOR('',#5558,1.);
#5558 = DIRECTION('',(-1.,-0.));
#5559 = ( GEOMETRIC_REPRESENTATION_CONTEXT(2) 
PARAMETRIC_REPRESENTATION_CONTEXT() REPRESENTATION_CONTEXT('2D SPACE',''
  ) );
#5560 = PCURVE('',#5290,#5561);
#5561 = DEFINITIONAL_REPRESENTATION('',(#5562),#5566);
#5562 = LINE('',#5563,#5564);
#5563 = CARTESIAN_POINT('',(0.2,1.1));
#5564 = VECTOR('',#5565,1.);
#5565 = DIRECTION('',(-1.,0.));
#5566 = ( GEOMETRIC_REPRESENTATION_CONTEXT(2) 
PARAMETRIC_REPRESENTATION_CONTEXT() REPRESENTATION_CONTEXT('2D SPACE',''
  ) );
#5567 = ORIENTED_EDGE('',*,*,#5568,.T.);
#5568 = EDGE_CURVE('',#5546,#5569,#5571,.T.);
#5569 = VERTEX_POINT('',#5570);
#5570 = CARTESIAN_POINT('',(9.3,4.,19.4));
#5571 = SURFACE_CURVE('',#5572,(#5576,#5583),.PCURVE_S1.);
#5572 = LINE('',#5573,#5574);
#5573 = CARTESIAN_POINT('',(9.3,-2.,19.4));
#5574 = VECTOR('',#5575,1.);
#5575 = DIRECTION('',(0.,1.,0.));
#5576 = PCURVE('',#861,#5577);
#5577 = DEFINITIONAL_REPRESENTATION('',(#5578),#5582);
#5578 = LINE('',#5579,#5580);
#5579 = CARTESIAN_POINT('',(1.3,2.));
#5580 = VECTOR('',#5581,1.);
#5581 = DIRECTION('',(0.,-1.));
#5582 = ( GEOMETRIC_REPRESENTATION_CONTEXT(2) 
PARAMETRIC_REPRESENTATION_CONTEXT() REPRESENTATION_CONTEXT('2D SPACE',''
  ) );
#5583 = PCURVE('',#5318,#5584);
#5584 = DEFINITIONAL_REPRESENTATION('',(#5585),#5589);
#5585 = LINE('',#5586,#5587);
#5586 = CARTESIAN_POINT('',(1.1,2.));
#5587 = VECTOR('',#5588,1.);
#5588 = DIRECTION('',(0.,1.));
#5589 = ( GEOMETRIC_REPRESENTATION_CONTEXT(2) 
PARAMETRIC_REPRESENTATION_CONTEXT() REPRESENTATION_CONTEXT('2D SPACE',''
  ) );
#5590 = ORIENTED_EDGE('',*,*,#5591,.T.);
#5591 = EDGE_CURVE('',#5569,#5592,#5594,.T.);
#5592 = VERTEX_POINT('',#5593);
#5593 = CARTESIAN_POINT('',(8.,4.,19.4));
#5594 = SURFACE_CURVE('',#5595,(#5599,#5606),.PCURVE_S1.);
#5595 = LINE('',#5596,#5597);
#5596 = CARTESIAN_POINT('',(7.8,4.,19.4));
#5597 = VECTOR('',#5598,1.);
#5598 = DIRECTION('',(-1.,0.,-1.110223024625E-16));
#5599 = PCURVE('',#861,#5600);
#5600 = DEFINITIONAL_REPRESENTATION('',(#5601),#5605);
#5601 = LINE('',#5602,#5603);
#5602 = CARTESIAN_POINT('',(-0.2,-4.));
#5603 = VECTOR('',#5604,1.);
#5604 = DIRECTION('',(-1.,-0.));
#5605 = ( GEOMETRIC_REPRESENTATION_CONTEXT(2) 
PARAMETRIC_REPRESENTATION_CONTEXT() REPRESENTATION_CONTEXT('2D SPACE',''
  ) );
#5606 = PCURVE('',#5346,#5607);
#5607 = DEFINITIONAL_REPRESENTATION('',(#5608),#5612);
#5608 = LINE('',#5609,#5610);
#5609 = CARTESIAN_POINT('',(0.2,1.1));
#5610 = VECTOR('',#5611,1.);
#5611 = DIRECTION('',(-1.,0.));
#5612 = ( GEOMETRIC_REPRESENTATION_CONTEXT(2) 
PARAMETRIC_REPRESENTATION_CONTEXT() REPRESENTATION_CONTEXT('2D SPACE',''
  ) );
#5613 = ORIENTED_EDGE('',*,*,#5614,.F.);
#5614 = EDGE_CURVE('',#3154,#5592,#5615,.T.);
#5615 = SURFACE_CURVE('',#5616,(#5620,#5627),.PCURVE_S1.);
#5616 = LINE('',#5617,#5618);
#5617 = CARTESIAN_POINT('',(8.,3.,19.4));
#5618 = VECTOR('',#5619,1.);
#5619 = DIRECTION('',(0.,-1.,0.));
#5620 = PCURVE('',#861,#5621);
#5621 = DEFINITIONAL_REPRESENTATION('',(#5622),#5626);
#5622 = LINE('',#5623,#5624);
#5623 = CARTESIAN_POINT('',(0.,-3.));
#5624 = VECTOR('',#5625,1.);
#5625 = DIRECTION('',(0.,1.));
#5626 = ( GEOMETRIC_REPRESENTATION_CONTEXT(2) 
PARAMETRIC_REPRESENTATION_CONTEXT() REPRESENTATION_CONTEXT('2D SPACE',''
  ) );
#5627 = PCURVE('',#3169,#5628);
#5628 = DEFINITIONAL_REPRESENTATION('',(#5629),#5633);
#5629 = LINE('',#5630,#5631);
#5630 = CARTESIAN_POINT('',(3.,-7.1));
#5631 = VECTOR('',#5632,1.);
#5632 = DIRECTION('',(1.,0.));
#5633 = ( GEOMETRIC_REPRESENTATION_CONTEXT(2) 
PARAMETRIC_REPRESENTATION_CONTEXT() REPRESENTATION_CONTEXT('2D SPACE',''
  ) );
#5634 = ORIENTED_EDGE('',*,*,#3181,.T.);
#5635 = ORIENTED_EDGE('',*,*,#5636,.T.);
#5636 = EDGE_CURVE('',#3182,#5637,#5639,.T.);
#5637 = VERTEX_POINT('',#5638);
#5638 = CARTESIAN_POINT('',(5.,10.53,19.4));
#5639 = SURFACE_CURVE('',#5640,(#5644,#5651),.PCURVE_S1.);
#5640 = LINE('',#5641,#5642);
#5641 = CARTESIAN_POINT('',(5.,-10.53,19.4));
#5642 = VECTOR('',#5643,1.);
#5643 = DIRECTION('',(0.,1.,0.));
#5644 = PCURVE('',#861,#5645);
#5645 = DEFINITIONAL_REPRESENTATION('',(#5646),#5650);
#5646 = LINE('',#5647,#5648);
#5647 = CARTESIAN_POINT('',(-3.,10.53));
#5648 = VECTOR('',#5649,1.);
#5649 = DIRECTION('',(0.,-1.));
#5650 = ( GEOMETRIC_REPRESENTATION_CONTEXT(2) 
PARAMETRIC_REPRESENTATION_CONTEXT() REPRESENTATION_CONTEXT('2D SPACE',''
  ) );
#5651 = PCURVE('',#1989,#5652);
#5652 = DEFINITIONAL_REPRESENTATION('',(#5653),#5657);
#5653 = LINE('',#5654,#5655);
#5654 = CARTESIAN_POINT('',(0.,-3.2));
#5655 = VECTOR('',#5656,1.);
#5656 = DIRECTION('',(1.,0.));
#5657 = ( GEOMETRIC_REPRESENTATION_CONTEXT(2) 
PARAMETRIC_REPRESENTATION_CONTEXT() REPRESENTATION_CONTEXT('2D SPACE',''
  ) );
#5658 = ORIENTED_EDGE('',*,*,#5659,.T.);
#5659 = EDGE_CURVE('',#5637,#2413,#5660,.T.);
#5660 = SURFACE_CURVE('',#5661,(#5665,#5672),.PCURVE_S1.);
#5661 = LINE('',#5662,#5663);
#5662 = CARTESIAN_POINT('',(5.,10.53,19.4));
#5663 = VECTOR('',#5664,1.);
#5664 = DIRECTION('',(1.,0.,1.110223024625E-16));
#5665 = PCURVE('',#861,#5666);
#5666 = DEFINITIONAL_REPRESENTATION('',(#5667),#5671);
#5667 = LINE('',#5668,#5669);
#5668 = CARTESIAN_POINT('',(-3.,-10.53));
#5669 = VECTOR('',#5670,1.);
#5670 = DIRECTION('',(1.,0.));
#5671 = ( GEOMETRIC_REPRESENTATION_CONTEXT(2) 
PARAMETRIC_REPRESENTATION_CONTEXT() REPRESENTATION_CONTEXT('2D SPACE',''
  ) );
#5672 = PCURVE('',#2017,#5673);
#5673 = DEFINITIONAL_REPRESENTATION('',(#5674),#5678);
#5674 = LINE('',#5675,#5676);
#5675 = CARTESIAN_POINT('',(5.329070518201E-16,-3.2));
#5676 = VECTOR('',#5677,1.);
#5677 = DIRECTION('',(1.,0.));
#5678 = ( GEOMETRIC_REPRESENTATION_CONTEXT(2) 
PARAMETRIC_REPRESENTATION_CONTEXT() REPRESENTATION_CONTEXT('2D SPACE',''
  ) );
#5679 = ORIENTED_EDGE('',*,*,#2412,.F.);
#5680 = ORIENTED_EDGE('',*,*,#5450,.T.);
#5681 = ORIENTED_EDGE('',*,*,#805,.F.);
#5682 = ADVANCED_FACE('',(#5683),#790,.T.);
#5683 = FACE_BOUND('',#5684,.T.);
#5684 = EDGE_LOOP('',(#5685,#5686,#5687,#5688));
#5685 = ORIENTED_EDGE('',*,*,#1632,.F.);
#5686 = ORIENTED_EDGE('',*,*,#768,.F.);
#5687 = ORIENTED_EDGE('',*,*,#5477,.T.);
#5688 = ORIENTED_EDGE('',*,*,#5689,.F.);
#5689 = EDGE_CURVE('',#1633,#5478,#5690,.T.);
#5690 = SURFACE_CURVE('',#5691,(#5695,#5702),.PCURVE_S1.);
#5691 = LINE('',#5692,#5693);
#5692 = CARTESIAN_POINT('',(5.,-10.53,22.6));
#5693 = VECTOR('',#5694,1.);
#5694 = DIRECTION('',(1.110223024625E-16,0.,-1.));
#5695 = PCURVE('',#790,#5696);
#5696 = DEFINITIONAL_REPRESENTATION('',(#5697),#5701);
#5697 = LINE('',#5698,#5699);
#5698 = CARTESIAN_POINT('',(6.,6.661338147751E-16));
#5699 = VECTOR('',#5700,1.);
#5700 = DIRECTION('',(0.,-1.));
#5701 = ( GEOMETRIC_REPRESENTATION_CONTEXT(2) 
PARAMETRIC_REPRESENTATION_CONTEXT() REPRESENTATION_CONTEXT('2D SPACE',''
  ) );
#5702 = PCURVE('',#1671,#5703);
#5703 = DEFINITIONAL_REPRESENTATION('',(#5704),#5708);
#5704 = LINE('',#5705,#5706);
#5705 = CARTESIAN_POINT('',(0.,0.));
#5706 = VECTOR('',#5707,1.);
#5707 = DIRECTION('',(0.,-1.));
#5708 = ( GEOMETRIC_REPRESENTATION_CONTEXT(2) 
PARAMETRIC_REPRESENTATION_CONTEXT() REPRESENTATION_CONTEXT('2D SPACE',''
  ) );
#5709 = ADVANCED_FACE('',(#5710),#2017,.T.);
#5710 = FACE_BOUND('',#5711,.T.);
#5711 = EDGE_LOOP('',(#5712,#5713,#5734,#5735));
#5712 = ORIENTED_EDGE('',*,*,#2001,.F.);
#5713 = ORIENTED_EDGE('',*,*,#5714,.T.);
#5714 = EDGE_CURVE('',#1974,#5637,#5715,.T.);
#5715 = SURFACE_CURVE('',#5716,(#5720,#5727),.PCURVE_S1.);
#5716 = LINE('',#5717,#5718);
#5717 = CARTESIAN_POINT('',(5.,10.53,22.6));
#5718 = VECTOR('',#5719,1.);
#5719 = DIRECTION('',(1.110223024625E-16,0.,-1.));
#5720 = PCURVE('',#2017,#5721);
#5721 = DEFINITIONAL_REPRESENTATION('',(#5722),#5726);
#5722 = LINE('',#5723,#5724);
#5723 = CARTESIAN_POINT('',(0.,0.));
#5724 = VECTOR('',#5725,1.);
#5725 = DIRECTION('',(0.,-1.));
#5726 = ( GEOMETRIC_REPRESENTATION_CONTEXT(2) 
PARAMETRIC_REPRESENTATION_CONTEXT() REPRESENTATION_CONTEXT('2D SPACE',''
  ) );
#5727 = PCURVE('',#1989,#5728);
#5728 = DEFINITIONAL_REPRESENTATION('',(#5729),#5733);
#5729 = LINE('',#5730,#5731);
#5730 = CARTESIAN_POINT('',(21.06,0.));
#5731 = VECTOR('',#5732,1.);
#5732 = DIRECTION('',(0.,-1.));
#5733 = ( GEOMETRIC_REPRESENTATION_CONTEXT(2) 
PARAMETRIC_REPRESENTATION_CONTEXT() REPRESENTATION_CONTEXT('2D SPACE',''
  ) );
#5734 = ORIENTED_EDGE('',*,*,#5659,.T.);
#5735 = ORIENTED_EDGE('',*,*,#2495,.T.);
#5736 = ADVANCED_FACE('',(#5737),#1989,.T.);
#5737 = FACE_BOUND('',#5738,.T.);
#5738 = EDGE_LOOP('',(#5739,#5740,#5741,#5742));
#5739 = ORIENTED_EDGE('',*,*,#1973,.F.);
#5740 = ORIENTED_EDGE('',*,*,#3276,.F.);
#5741 = ORIENTED_EDGE('',*,*,#5636,.T.);
#5742 = ORIENTED_EDGE('',*,*,#5714,.F.);
#5743 = ADVANCED_FACE('',(#5744),#1671,.T.);
#5744 = FACE_BOUND('',#5745,.T.);
#5745 = EDGE_LOOP('',(#5746,#5747,#5748,#5749));
#5746 = ORIENTED_EDGE('',*,*,#1655,.F.);
#5747 = ORIENTED_EDGE('',*,*,#5689,.T.);
#5748 = ORIENTED_EDGE('',*,*,#5500,.T.);
#5749 = ORIENTED_EDGE('',*,*,#3471,.T.);
#5750 = ADVANCED_FACE('',(#5751),#2291,.T.);
#5751 = FACE_BOUND('',#5752,.T.);
#5752 = EDGE_LOOP('',(#5753,#5754,#5775,#5776));
#5753 = ORIENTED_EDGE('',*,*,#5403,.F.);
#5754 = ORIENTED_EDGE('',*,*,#5755,.T.);
#5755 = EDGE_CURVE('',#5381,#5130,#5756,.T.);
#5756 = SURFACE_CURVE('',#5757,(#5761,#5768),.PCURVE_S1.);
#5757 = LINE('',#5758,#5759);
#5758 = CARTESIAN_POINT('',(5.,10.53,5.6));
#5759 = VECTOR('',#5760,1.);
#5760 = DIRECTION('',(1.110223024625E-16,0.,-1.));
#5761 = PCURVE('',#2291,#5762);
#5762 = DEFINITIONAL_REPRESENTATION('',(#5763),#5767);
#5763 = LINE('',#5764,#5765);
#5764 = CARTESIAN_POINT('',(0.,0.));
#5765 = VECTOR('',#5766,1.);
#5766 = DIRECTION('',(0.,-1.));
#5767 = ( GEOMETRIC_REPRESENTATION_CONTEXT(2) 
PARAMETRIC_REPRESENTATION_CONTEXT() REPRESENTATION_CONTEXT('2D SPACE',''
  ) );
#5768 = PCURVE('',#3043,#5769);
#5769 = DEFINITIONAL_REPRESENTATION('',(#5770),#5774);
#5770 = LINE('',#5771,#5772);
#5771 = CARTESIAN_POINT('',(21.06,0.));
#5772 = VECTOR('',#5773,1.);
#5773 = DIRECTION('',(0.,-1.));
#5774 = ( GEOMETRIC_REPRESENTATION_CONTEXT(2) 
PARAMETRIC_REPRESENTATION_CONTEXT() REPRESENTATION_CONTEXT('2D SPACE',''
  ) );
#5775 = ORIENTED_EDGE('',*,*,#5152,.T.);
#5776 = ORIENTED_EDGE('',*,*,#2269,.T.);
#5777 = ADVANCED_FACE('',(#5778),#2555,.F.);
#5778 = FACE_BOUND('',#5779,.F.);
#5779 = EDGE_LOOP('',(#5780,#5803,#5804,#5828,#5856,#5889,#5917,#5945,
    #5978,#6006,#6035,#6063,#6091,#6119,#6152,#6180,#6209,#6237,#6265,
    #6294,#6322));
#5780 = ORIENTED_EDGE('',*,*,#5781,.F.);
#5781 = EDGE_CURVE('',#2530,#5782,#5784,.T.);
#5782 = VERTEX_POINT('',#5783);
#5783 = CARTESIAN_POINT('',(13.2,11.4,22.5));
#5784 = SURFACE_CURVE('',#5785,(#5789,#5796),.PCURVE_S1.);
#5785 = LINE('',#5786,#5787);
#5786 = CARTESIAN_POINT('',(2.22044604925E-16,11.4,22.5));
#5787 = VECTOR('',#5788,1.);
#5788 = DIRECTION('',(1.,0.,1.110223024625E-16));
#5789 = PCURVE('',#2555,#5790);
#5790 = DEFINITIONAL_REPRESENTATION('',(#5791),#5795);
#5791 = LINE('',#5792,#5793);
#5792 = CARTESIAN_POINT('',(0.,0.));
#5793 = VECTOR('',#5794,1.);
#5794 = DIRECTION('',(1.,0.));
#5795 = ( GEOMETRIC_REPRESENTATION_CONTEXT(2) 
PARAMETRIC_REPRESENTATION_CONTEXT() REPRESENTATION_CONTEXT('2D SPACE',''
  ) );
#5796 = PCURVE('',#2591,#5797);
#5797 = DEFINITIONAL_REPRESENTATION('',(#5798),#5802);
#5798 = LINE('',#5799,#5800);
#5799 = CARTESIAN_POINT('',(0.,0.));
#5800 = VECTOR('',#5801,1.);
#5801 = DIRECTION('',(1.,0.));
#5802 = ( GEOMETRIC_REPRESENTATION_CONTEXT(2) 
PARAMETRIC_REPRESENTATION_CONTEXT() REPRESENTATION_CONTEXT('2D SPACE',''
  ) );
#5803 = ORIENTED_EDGE('',*,*,#2529,.T.);
#5804 = ORIENTED_EDGE('',*,*,#5805,.T.);
#5805 = EDGE_CURVE('',#2532,#5806,#5808,.T.);
#5806 = VERTEX_POINT('',#5807);
#5807 = CARTESIAN_POINT('',(2.22044604925E-16,12.2,22.5));
#5808 = SURFACE_CURVE('',#5809,(#5814,#5821),.PCURVE_S1.);
#5809 = CIRCLE('',#5810,0.8);
#5810 = AXIS2_PLACEMENT_3D('',#5811,#5812,#5813);
#5811 = CARTESIAN_POINT('',(0.8,12.2,22.5));
#5812 = DIRECTION('',(1.110223024625E-16,0.,-1.));
#5813 = DIRECTION('',(1.,0.,1.110223024625E-16));
#5814 = PCURVE('',#2555,#5815);
#5815 = DEFINITIONAL_REPRESENTATION('',(#5816),#5820);
#5816 = CIRCLE('',#5817,0.8);
#5817 = AXIS2_PLACEMENT_2D('',#5818,#5819);
#5818 = CARTESIAN_POINT('',(0.8,-0.8));
#5819 = DIRECTION('',(1.,0.));
#5820 = ( GEOMETRIC_REPRESENTATION_CONTEXT(2) 
PARAMETRIC_REPRESENTATION_CONTEXT() REPRESENTATION_CONTEXT('2D SPACE',''
  ) );
#5821 = PCURVE('',#2663,#5822);
#5822 = DEFINITIONAL_REPRESENTATION('',(#5823),#5827);
#5823 = LINE('',#5824,#5825);
#5824 = CARTESIAN_POINT('',(-1.570796326795,0.));
#5825 = VECTOR('',#5826,1.);
#5826 = DIRECTION('',(1.,0.));
#5827 = ( GEOMETRIC_REPRESENTATION_CONTEXT(2) 
PARAMETRIC_REPRESENTATION_CONTEXT() REPRESENTATION_CONTEXT('2D SPACE',''
  ) );
#5828 = ORIENTED_EDGE('',*,*,#5829,.T.);
#5829 = EDGE_CURVE('',#5806,#5830,#5832,.T.);
#5830 = VERTEX_POINT('',#5831);
#5831 = CARTESIAN_POINT('',(2.22044604925E-16,12.8,22.5));
#5832 = SURFACE_CURVE('',#5833,(#5837,#5844),.PCURVE_S1.);
#5833 = LINE('',#5834,#5835);
#5834 = CARTESIAN_POINT('',(2.22044604925E-16,11.4,22.5));
#5835 = VECTOR('',#5836,1.);
#5836 = DIRECTION('',(0.,1.,0.));
#5837 = PCURVE('',#2555,#5838);
#5838 = DEFINITIONAL_REPRESENTATION('',(#5839),#5843);
#5839 = LINE('',#5840,#5841);
#5840 = CARTESIAN_POINT('',(0.,0.));
#5841 = VECTOR('',#5842,1.);
#5842 = DIRECTION('',(0.,-1.));
#5843 = ( GEOMETRIC_REPRESENTATION_CONTEXT(2) 
PARAMETRIC_REPRESENTATION_CONTEXT() REPRESENTATION_CONTEXT('2D SPACE',''
  ) );
#5844 = PCURVE('',#5845,#5850);
#5845 = PLANE('',#5846);
#5846 = AXIS2_PLACEMENT_3D('',#5847,#5848,#5849);
#5847 = CARTESIAN_POINT('',(2.22044604925E-16,11.4,22.5));
#5848 = DIRECTION('',(1.,0.,1.110223024625E-16));
#5849 = DIRECTION('',(1.110223024625E-16,0.,-1.));
#5850 = DEFINITIONAL_REPRESENTATION('',(#5851),#5855);
#5851 = LINE('',#5852,#5853);
#5852 = CARTESIAN_POINT('',(0.,0.));
#5853 = VECTOR('',#5854,1.);
#5854 = DIRECTION('',(0.,1.));
#5855 = ( GEOMETRIC_REPRESENTATION_CONTEXT(2) 
PARAMETRIC_REPRESENTATION_CONTEXT() REPRESENTATION_CONTEXT('2D SPACE',''
  ) );
#5856 = ORIENTED_EDGE('',*,*,#5857,.F.);
#5857 = EDGE_CURVE('',#5858,#5830,#5860,.T.);
#5858 = VERTEX_POINT('',#5859);
#5859 = CARTESIAN_POINT('',(0.8,13.6,22.5));
#5860 = SURFACE_CURVE('',#5861,(#5866,#5877),.PCURVE_S1.);
#5861 = CIRCLE('',#5862,0.8);
#5862 = AXIS2_PLACEMENT_3D('',#5863,#5864,#5865);
#5863 = CARTESIAN_POINT('',(0.8,12.8,22.5));
#5864 = DIRECTION('',(-1.110223024625E-16,0.,1.));
#5865 = DIRECTION('',(1.,0.,1.110223024625E-16));
#5866 = PCURVE('',#2555,#5867);
#5867 = DEFINITIONAL_REPRESENTATION('',(#5868),#5876);
#5868 = ( BOUNDED_CURVE() B_SPLINE_CURVE(2,(#5869,#5870,#5871,#5872,
#5873,#5874,#5875),.UNSPECIFIED.,.T.,.F.) B_SPLINE_CURVE_WITH_KNOTS((1,2
    ,2,2,2,1),(-2.094395102393,0.,2.094395102393,4.188790204786,
6.28318530718,8.377580409573),.UNSPECIFIED.) CURVE() 
GEOMETRIC_REPRESENTATION_ITEM() RATIONAL_B_SPLINE_CURVE((1.,0.5,1.,0.5,
1.,0.5,1.)) REPRESENTATION_ITEM('') );
#5869 = CARTESIAN_POINT('',(1.6,-1.4));
#5870 = CARTESIAN_POINT('',(1.6,-2.785640646055));
#5871 = CARTESIAN_POINT('',(0.4,-2.092820323028));
#5872 = CARTESIAN_POINT('',(-0.8,-1.4));
#5873 = CARTESIAN_POINT('',(0.4,-0.707179676972));
#5874 = CARTESIAN_POINT('',(1.6,-1.43593539449E-02));
#5875 = CARTESIAN_POINT('',(1.6,-1.4));
#5876 = ( GEOMETRIC_REPRESENTATION_CONTEXT(2) 
PARAMETRIC_REPRESENTATION_CONTEXT() REPRESENTATION_CONTEXT('2D SPACE',''
  ) );
#5877 = PCURVE('',#5878,#5883);
#5878 = CYLINDRICAL_SURFACE('',#5879,0.8);
#5879 = AXIS2_PLACEMENT_3D('',#5880,#5881,#5882);
#5880 = CARTESIAN_POINT('',(0.8,12.8,22.5));
#5881 = DIRECTION('',(1.110223024625E-16,0.,-1.));
#5882 = DIRECTION('',(0.,1.,0.));
#5883 = DEFINITIONAL_REPRESENTATION('',(#5884),#5888);
#5884 = LINE('',#5885,#5886);
#5885 = CARTESIAN_POINT('',(1.570796326795,-0.));
#5886 = VECTOR('',#5887,1.);
#5887 = DIRECTION('',(-1.,0.));
#5888 = ( GEOMETRIC_REPRESENTATION_CONTEXT(2) 
PARAMETRIC_REPRESENTATION_CONTEXT() REPRESENTATION_CONTEXT('2D SPACE',''
  ) );
#5889 = ORIENTED_EDGE('',*,*,#5890,.T.);
#5890 = EDGE_CURVE('',#5858,#5891,#5893,.T.);
#5891 = VERTEX_POINT('',#5892);
#5892 = CARTESIAN_POINT('',(8.7,13.6,22.5));
#5893 = SURFACE_CURVE('',#5894,(#5898,#5905),.PCURVE_S1.);
#5894 = LINE('',#5895,#5896);
#5895 = CARTESIAN_POINT('',(2.22044604925E-16,13.6,22.5));
#5896 = VECTOR('',#5897,1.);
#5897 = DIRECTION('',(1.,0.,1.110223024625E-16));
#5898 = PCURVE('',#2555,#5899);
#5899 = DEFINITIONAL_REPRESENTATION('',(#5900),#5904);
#5900 = LINE('',#5901,#5902);
#5901 = CARTESIAN_POINT('',(0.,-2.2));
#5902 = VECTOR('',#5903,1.);
#5903 = DIRECTION('',(1.,0.));
#5904 = ( GEOMETRIC_REPRESENTATION_CONTEXT(2) 
PARAMETRIC_REPRESENTATION_CONTEXT() REPRESENTATION_CONTEXT('2D SPACE',''
  ) );
#5905 = PCURVE('',#5906,#5911);
#5906 = PLANE('',#5907);
#5907 = AXIS2_PLACEMENT_3D('',#5908,#5909,#5910);
#5908 = CARTESIAN_POINT('',(2.22044604925E-16,13.6,22.5));
#5909 = DIRECTION('',(0.,1.,0.));
#5910 = DIRECTION('',(1.,0.,1.110223024625E-16));
#5911 = DEFINITIONAL_REPRESENTATION('',(#5912),#5916);
#5912 = LINE('',#5913,#5914);
#5913 = CARTESIAN_POINT('',(0.,0.));
#5914 = VECTOR('',#5915,1.);
#5915 = DIRECTION('',(1.,0.));
#5916 = ( GEOMETRIC_REPRESENTATION_CONTEXT(2) 
PARAMETRIC_REPRESENTATION_CONTEXT() REPRESENTATION_CONTEXT('2D SPACE',''
  ) );
#5917 = ORIENTED_EDGE('',*,*,#5918,.T.);
#5918 = EDGE_CURVE('',#5891,#5919,#5921,.T.);
#5919 = VERTEX_POINT('',#5920);
#5920 = CARTESIAN_POINT('',(8.7,14.56,22.5));
#5921 = SURFACE_CURVE('',#5922,(#5926,#5933),.PCURVE_S1.);
#5922 = LINE('',#5923,#5924);
#5923 = CARTESIAN_POINT('',(8.7,13.06,22.5));
#5924 = VECTOR('',#5925,1.);
#5925 = DIRECTION('',(0.,1.,0.));
#5926 = PCURVE('',#2555,#5927);
#5927 = DEFINITIONAL_REPRESENTATION('',(#5928),#5932);
#5928 = LINE('',#5929,#5930);
#5929 = CARTESIAN_POINT('',(8.7,-1.66));
#5930 = VECTOR('',#5931,1.);
#5931 = DIRECTION('',(0.,-1.));
#5932 = ( GEOMETRIC_REPRESENTATION_CONTEXT(2) 
PARAMETRIC_REPRESENTATION_CONTEXT() REPRESENTATION_CONTEXT('2D SPACE',''
  ) );
#5933 = PCURVE('',#5934,#5939);
#5934 = PLANE('',#5935);
#5935 = AXIS2_PLACEMENT_3D('',#5936,#5937,#5938);
#5936 = CARTESIAN_POINT('',(8.7,13.06,22.5));
#5937 = DIRECTION('',(1.,0.,1.110223024625E-16));
#5938 = DIRECTION('',(1.110223024625E-16,0.,-1.));
#5939 = DEFINITIONAL_REPRESENTATION('',(#5940),#5944);
#5940 = LINE('',#5941,#5942);
#5941 = CARTESIAN_POINT('',(0.,0.));
#5942 = VECTOR('',#5943,1.);
#5943 = DIRECTION('',(0.,1.));
#5944 = ( GEOMETRIC_REPRESENTATION_CONTEXT(2) 
PARAMETRIC_REPRESENTATION_CONTEXT() REPRESENTATION_CONTEXT('2D SPACE',''
  ) );
#5945 = ORIENTED_EDGE('',*,*,#5946,.F.);
#5946 = EDGE_CURVE('',#5947,#5919,#5949,.T.);
#5947 = VERTEX_POINT('',#5948);
#5948 = CARTESIAN_POINT('',(9.,14.86,22.5));
#5949 = SURFACE_CURVE('',#5950,(#5955,#5966),.PCURVE_S1.);
#5950 = CIRCLE('',#5951,0.3);
#5951 = AXIS2_PLACEMENT_3D('',#5952,#5953,#5954);
#5952 = CARTESIAN_POINT('',(9.,14.56,22.5));
#5953 = DIRECTION('',(-1.110223024625E-16,0.,1.));
#5954 = DIRECTION('',(1.,0.,1.110223024625E-16));
#5955 = PCURVE('',#2555,#5956);
#5956 = DEFINITIONAL_REPRESENTATION('',(#5957),#5965);
#5957 = ( BOUNDED_CURVE() B_SPLINE_CURVE(2,(#5958,#5959,#5960,#5961,
#5962,#5963,#5964),.UNSPECIFIED.,.T.,.F.) B_SPLINE_CURVE_WITH_KNOTS((1,2
    ,2,2,2,1),(-2.094395102393,0.,2.094395102393,4.188790204786,
6.28318530718,8.377580409573),.UNSPECIFIED.) CURVE() 
GEOMETRIC_REPRESENTATION_ITEM() RATIONAL_B_SPLINE_CURVE((1.,0.5,1.,0.5,
1.,0.5,1.)) REPRESENTATION_ITEM('') );
#5958 = CARTESIAN_POINT('',(9.3,-3.16));
#5959 = CARTESIAN_POINT('',(9.3,-3.679615242271));
#5960 = CARTESIAN_POINT('',(8.85,-3.419807621135));
#5961 = CARTESIAN_POINT('',(8.4,-3.16));
#5962 = CARTESIAN_POINT('',(8.85,-2.900192378865));
#5963 = CARTESIAN_POINT('',(9.3,-2.640384757729));
#5964 = CARTESIAN_POINT('',(9.3,-3.16));
#5965 = ( GEOMETRIC_REPRESENTATION_CONTEXT(2) 
PARAMETRIC_REPRESENTATION_CONTEXT() REPRESENTATION_CONTEXT('2D SPACE',''
  ) );
#5966 = PCURVE('',#5967,#5972);
#5967 = CYLINDRICAL_SURFACE('',#5968,0.3);
#5968 = AXIS2_PLACEMENT_3D('',#5969,#5970,#5971);
#5969 = CARTESIAN_POINT('',(9.,14.56,22.5));
#5970 = DIRECTION('',(1.110223024625E-16,0.,-1.));
#5971 = DIRECTION('',(0.,1.,0.));
#5972 = DEFINITIONAL_REPRESENTATION('',(#5973),#5977);
#5973 = LINE('',#5974,#5975);
#5974 = CARTESIAN_POINT('',(1.570796326795,-0.));
#5975 = VECTOR('',#5976,1.);
#5976 = DIRECTION('',(-1.,0.));
#5977 = ( GEOMETRIC_REPRESENTATION_CONTEXT(2) 
PARAMETRIC_REPRESENTATION_CONTEXT() REPRESENTATION_CONTEXT('2D SPACE',''
  ) );
#5978 = ORIENTED_EDGE('',*,*,#5979,.T.);
#5979 = EDGE_CURVE('',#5947,#5980,#5982,.T.);
#5980 = VERTEX_POINT('',#5981);
#5981 = CARTESIAN_POINT('',(9.8,14.86,22.5));
#5982 = SURFACE_CURVE('',#5983,(#5987,#5994),.PCURVE_S1.);
#5983 = LINE('',#5984,#5985);
#5984 = CARTESIAN_POINT('',(8.7,14.86,22.5));
#5985 = VECTOR('',#5986,1.);
#5986 = DIRECTION('',(1.,0.,1.110223024625E-16));
#5987 = PCURVE('',#2555,#5988);
#5988 = DEFINITIONAL_REPRESENTATION('',(#5989),#5993);
#5989 = LINE('',#5990,#5991);
#5990 = CARTESIAN_POINT('',(8.7,-3.46));
#5991 = VECTOR('',#5992,1.);
#5992 = DIRECTION('',(1.,0.));
#5993 = ( GEOMETRIC_REPRESENTATION_CONTEXT(2) 
PARAMETRIC_REPRESENTATION_CONTEXT() REPRESENTATION_CONTEXT('2D SPACE',''
  ) );
#5994 = PCURVE('',#5995,#6000);
#5995 = PLANE('',#5996);
#5996 = AXIS2_PLACEMENT_3D('',#5997,#5998,#5999);
#5997 = CARTESIAN_POINT('',(8.7,14.86,22.5));
#5998 = DIRECTION('',(0.,1.,0.));
#5999 = DIRECTION('',(1.,0.,1.110223024625E-16));
#6000 = DEFINITIONAL_REPRESENTATION('',(#6001),#6005);
#6001 = LINE('',#6002,#6003);
#6002 = CARTESIAN_POINT('',(0.,0.));
#6003 = VECTOR('',#6004,1.);
#6004 = DIRECTION('',(1.,0.));
#6005 = ( GEOMETRIC_REPRESENTATION_CONTEXT(2) 
PARAMETRIC_REPRESENTATION_CONTEXT() REPRESENTATION_CONTEXT('2D SPACE',''
  ) );
#6006 = ORIENTED_EDGE('',*,*,#6007,.T.);
#6007 = EDGE_CURVE('',#5980,#6008,#6010,.T.);
#6008 = VERTEX_POINT('',#6009);
#6009 = CARTESIAN_POINT('',(10.1,14.56,22.5));
#6010 = SURFACE_CURVE('',#6011,(#6016,#6023),.PCURVE_S1.);
#6011 = CIRCLE('',#6012,0.3);
#6012 = AXIS2_PLACEMENT_3D('',#6013,#6014,#6015);
#6013 = CARTESIAN_POINT('',(9.8,14.56,22.5));
#6014 = DIRECTION('',(1.110223024625E-16,0.,-1.));
#6015 = DIRECTION('',(1.,0.,1.110223024625E-16));
#6016 = PCURVE('',#2555,#6017);
#6017 = DEFINITIONAL_REPRESENTATION('',(#6018),#6022);
#6018 = CIRCLE('',#6019,0.3);
#6019 = AXIS2_PLACEMENT_2D('',#6020,#6021);
#6020 = CARTESIAN_POINT('',(9.8,-3.16));
#6021 = DIRECTION('',(1.,0.));
#6022 = ( GEOMETRIC_REPRESENTATION_CONTEXT(2) 
PARAMETRIC_REPRESENTATION_CONTEXT() REPRESENTATION_CONTEXT('2D SPACE',''
  ) );
#6023 = PCURVE('',#6024,#6029);
#6024 = CYLINDRICAL_SURFACE('',#6025,0.3);
#6025 = AXIS2_PLACEMENT_3D('',#6026,#6027,#6028);
#6026 = CARTESIAN_POINT('',(9.8,14.56,22.5));
#6027 = DIRECTION('',(1.110223024625E-16,0.,-1.));
#6028 = DIRECTION('',(0.,1.,0.));
#6029 = DEFINITIONAL_REPRESENTATION('',(#6030),#6034);
#6030 = LINE('',#6031,#6032);
#6031 = CARTESIAN_POINT('',(-4.712388980385,0.));
#6032 = VECTOR('',#6033,1.);
#6033 = DIRECTION('',(1.,0.));
#6034 = ( GEOMETRIC_REPRESENTATION_CONTEXT(2) 
PARAMETRIC_REPRESENTATION_CONTEXT() REPRESENTATION_CONTEXT('2D SPACE',''
  ) );
#6035 = ORIENTED_EDGE('',*,*,#6036,.F.);
#6036 = EDGE_CURVE('',#6037,#6008,#6039,.T.);
#6037 = VERTEX_POINT('',#6038);
#6038 = CARTESIAN_POINT('',(10.1,13.6,22.5));
#6039 = SURFACE_CURVE('',#6040,(#6044,#6051),.PCURVE_S1.);
#6040 = LINE('',#6041,#6042);
#6041 = CARTESIAN_POINT('',(10.1,13.06,22.5));
#6042 = VECTOR('',#6043,1.);
#6043 = DIRECTION('',(0.,1.,0.));
#6044 = PCURVE('',#2555,#6045);
#6045 = DEFINITIONAL_REPRESENTATION('',(#6046),#6050);
#6046 = LINE('',#6047,#6048);
#6047 = CARTESIAN_POINT('',(10.1,-1.66));
#6048 = VECTOR('',#6049,1.);
#6049 = DIRECTION('',(0.,-1.));
#6050 = ( GEOMETRIC_REPRESENTATION_CONTEXT(2) 
PARAMETRIC_REPRESENTATION_CONTEXT() REPRESENTATION_CONTEXT('2D SPACE',''
  ) );
#6051 = PCURVE('',#6052,#6057);
#6052 = PLANE('',#6053);
#6053 = AXIS2_PLACEMENT_3D('',#6054,#6055,#6056);
#6054 = CARTESIAN_POINT('',(10.1,13.06,22.5));
#6055 = DIRECTION('',(1.,0.,1.110223024625E-16));
#6056 = DIRECTION('',(1.110223024625E-16,0.,-1.));
#6057 = DEFINITIONAL_REPRESENTATION('',(#6058),#6062);
#6058 = LINE('',#6059,#6060);
#6059 = CARTESIAN_POINT('',(0.,0.));
#6060 = VECTOR('',#6061,1.);
#6061 = DIRECTION('',(0.,1.));
#6062 = ( GEOMETRIC_REPRESENTATION_CONTEXT(2) 
PARAMETRIC_REPRESENTATION_CONTEXT() REPRESENTATION_CONTEXT('2D SPACE',''
  ) );
#6063 = ORIENTED_EDGE('',*,*,#6064,.T.);
#6064 = EDGE_CURVE('',#6037,#6065,#6067,.T.);
#6065 = VERTEX_POINT('',#6066);
#6066 = CARTESIAN_POINT('',(11.3,13.6,22.5));
#6067 = SURFACE_CURVE('',#6068,(#6072,#6079),.PCURVE_S1.);
#6068 = LINE('',#6069,#6070);
#6069 = CARTESIAN_POINT('',(2.22044604925E-16,13.6,22.5));
#6070 = VECTOR('',#6071,1.);
#6071 = DIRECTION('',(1.,0.,1.110223024625E-16));
#6072 = PCURVE('',#2555,#6073);
#6073 = DEFINITIONAL_REPRESENTATION('',(#6074),#6078);
#6074 = LINE('',#6075,#6076);
#6075 = CARTESIAN_POINT('',(0.,-2.2));
#6076 = VECTOR('',#6077,1.);
#6077 = DIRECTION('',(1.,0.));
#6078 = ( GEOMETRIC_REPRESENTATION_CONTEXT(2) 
PARAMETRIC_REPRESENTATION_CONTEXT() REPRESENTATION_CONTEXT('2D SPACE',''
  ) );
#6079 = PCURVE('',#6080,#6085);
#6080 = PLANE('',#6081);
#6081 = AXIS2_PLACEMENT_3D('',#6082,#6083,#6084);
#6082 = CARTESIAN_POINT('',(2.22044604925E-16,13.6,22.5));
#6083 = DIRECTION('',(0.,1.,0.));
#6084 = DIRECTION('',(1.,0.,1.110223024625E-16));
#6085 = DEFINITIONAL_REPRESENTATION('',(#6086),#6090);
#6086 = LINE('',#6087,#6088);
#6087 = CARTESIAN_POINT('',(0.,0.));
#6088 = VECTOR('',#6089,1.);
#6089 = DIRECTION('',(1.,0.));
#6090 = ( GEOMETRIC_REPRESENTATION_CONTEXT(2) 
PARAMETRIC_REPRESENTATION_CONTEXT() REPRESENTATION_CONTEXT('2D SPACE',''
  ) );
#6091 = ORIENTED_EDGE('',*,*,#6092,.T.);
#6092 = EDGE_CURVE('',#6065,#6093,#6095,.T.);
#6093 = VERTEX_POINT('',#6094);
#6094 = CARTESIAN_POINT('',(11.3,14.56,22.5));
#6095 = SURFACE_CURVE('',#6096,(#6100,#6107),.PCURVE_S1.);
#6096 = LINE('',#6097,#6098);
#6097 = CARTESIAN_POINT('',(11.3,13.06,22.5));
#6098 = VECTOR('',#6099,1.);
#6099 = DIRECTION('',(0.,1.,0.));
#6100 = PCURVE('',#2555,#6101);
#6101 = DEFINITIONAL_REPRESENTATION('',(#6102),#6106);
#6102 = LINE('',#6103,#6104);
#6103 = CARTESIAN_POINT('',(11.3,-1.66));
#6104 = VECTOR('',#6105,1.);
#6105 = DIRECTION('',(0.,-1.));
#6106 = ( GEOMETRIC_REPRESENTATION_CONTEXT(2) 
PARAMETRIC_REPRESENTATION_CONTEXT() REPRESENTATION_CONTEXT('2D SPACE',''
  ) );
#6107 = PCURVE('',#6108,#6113);
#6108 = PLANE('',#6109);
#6109 = AXIS2_PLACEMENT_3D('',#6110,#6111,#6112);
#6110 = CARTESIAN_POINT('',(11.3,13.06,22.5));
#6111 = DIRECTION('',(1.,0.,1.110223024625E-16));
#6112 = DIRECTION('',(1.110223024625E-16,0.,-1.));
#6113 = DEFINITIONAL_REPRESENTATION('',(#6114),#6118);
#6114 = LINE('',#6115,#6116);
#6115 = CARTESIAN_POINT('',(0.,0.));
#6116 = VECTOR('',#6117,1.);
#6117 = DIRECTION('',(0.,1.));
#6118 = ( GEOMETRIC_REPRESENTATION_CONTEXT(2) 
PARAMETRIC_REPRESENTATION_CONTEXT() REPRESENTATION_CONTEXT('2D SPACE',''
  ) );
#6119 = ORIENTED_EDGE('',*,*,#6120,.F.);
#6120 = EDGE_CURVE('',#6121,#6093,#6123,.T.);
#6121 = VERTEX_POINT('',#6122);
#6122 = CARTESIAN_POINT('',(11.6,14.86,22.5));
#6123 = SURFACE_CURVE('',#6124,(#6129,#6140),.PCURVE_S1.);
#6124 = CIRCLE('',#6125,0.3);
#6125 = AXIS2_PLACEMENT_3D('',#6126,#6127,#6128);
#6126 = CARTESIAN_POINT('',(11.6,14.56,22.5));
#6127 = DIRECTION('',(-1.110223024625E-16,0.,1.));
#6128 = DIRECTION('',(1.,0.,1.110223024625E-16));
#6129 = PCURVE('',#2555,#6130);
#6130 = DEFINITIONAL_REPRESENTATION('',(#6131),#6139);
#6131 = ( BOUNDED_CURVE() B_SPLINE_CURVE(2,(#6132,#6133,#6134,#6135,
#6136,#6137,#6138),.UNSPECIFIED.,.T.,.F.) B_SPLINE_CURVE_WITH_KNOTS((1,2
    ,2,2,2,1),(-2.094395102393,0.,2.094395102393,4.188790204786,
6.28318530718,8.377580409573),.UNSPECIFIED.) CURVE() 
GEOMETRIC_REPRESENTATION_ITEM() RATIONAL_B_SPLINE_CURVE((1.,0.5,1.,0.5,
1.,0.5,1.)) REPRESENTATION_ITEM('') );
#6132 = CARTESIAN_POINT('',(11.9,-3.16));
#6133 = CARTESIAN_POINT('',(11.9,-3.679615242271));
#6134 = CARTESIAN_POINT('',(11.45,-3.419807621135));
#6135 = CARTESIAN_POINT('',(11.,-3.16));
#6136 = CARTESIAN_POINT('',(11.45,-2.900192378865));
#6137 = CARTESIAN_POINT('',(11.9,-2.640384757729));
#6138 = CARTESIAN_POINT('',(11.9,-3.16));
#6139 = ( GEOMETRIC_REPRESENTATION_CONTEXT(2) 
PARAMETRIC_REPRESENTATION_CONTEXT() REPRESENTATION_CONTEXT('2D SPACE',''
  ) );
#6140 = PCURVE('',#6141,#6146);
#6141 = CYLINDRICAL_SURFACE('',#6142,0.3);
#6142 = AXIS2_PLACEMENT_3D('',#6143,#6144,#6145);
#6143 = CARTESIAN_POINT('',(11.6,14.56,22.5));
#6144 = DIRECTION('',(1.110223024625E-16,0.,-1.));
#6145 = DIRECTION('',(0.,1.,0.));
#6146 = DEFINITIONAL_REPRESENTATION('',(#6147),#6151);
#6147 = LINE('',#6148,#6149);
#6148 = CARTESIAN_POINT('',(1.570796326795,-0.));
#6149 = VECTOR('',#6150,1.);
#6150 = DIRECTION('',(-1.,0.));
#6151 = ( GEOMETRIC_REPRESENTATION_CONTEXT(2) 
PARAMETRIC_REPRESENTATION_CONTEXT() REPRESENTATION_CONTEXT('2D SPACE',''
  ) );
#6152 = ORIENTED_EDGE('',*,*,#6153,.T.);
#6153 = EDGE_CURVE('',#6121,#6154,#6156,.T.);
#6154 = VERTEX_POINT('',#6155);
#6155 = CARTESIAN_POINT('',(12.4,14.86,22.5));
#6156 = SURFACE_CURVE('',#6157,(#6161,#6168),.PCURVE_S1.);
#6157 = LINE('',#6158,#6159);
#6158 = CARTESIAN_POINT('',(11.3,14.86,22.5));
#6159 = VECTOR('',#6160,1.);
#6160 = DIRECTION('',(1.,0.,1.110223024625E-16));
#6161 = PCURVE('',#2555,#6162);
#6162 = DEFINITIONAL_REPRESENTATION('',(#6163),#6167);
#6163 = LINE('',#6164,#6165);
#6164 = CARTESIAN_POINT('',(11.3,-3.46));
#6165 = VECTOR('',#6166,1.);
#6166 = DIRECTION('',(1.,0.));
#6167 = ( GEOMETRIC_REPRESENTATION_CONTEXT(2) 
PARAMETRIC_REPRESENTATION_CONTEXT() REPRESENTATION_CONTEXT('2D SPACE',''
  ) );
#6168 = PCURVE('',#6169,#6174);
#6169 = PLANE('',#6170);
#6170 = AXIS2_PLACEMENT_3D('',#6171,#6172,#6173);
#6171 = CARTESIAN_POINT('',(11.3,14.86,22.5));
#6172 = DIRECTION('',(0.,1.,0.));
#6173 = DIRECTION('',(1.,0.,1.110223024625E-16));
#6174 = DEFINITIONAL_REPRESENTATION('',(#6175),#6179);
#6175 = LINE('',#6176,#6177);
#6176 = CARTESIAN_POINT('',(0.,0.));
#6177 = VECTOR('',#6178,1.);
#6178 = DIRECTION('',(1.,0.));
#6179 = ( GEOMETRIC_REPRESENTATION_CONTEXT(2) 
PARAMETRIC_REPRESENTATION_CONTEXT() REPRESENTATION_CONTEXT('2D SPACE',''
  ) );
#6180 = ORIENTED_EDGE('',*,*,#6181,.T.);
#6181 = EDGE_CURVE('',#6154,#6182,#6184,.T.);
#6182 = VERTEX_POINT('',#6183);
#6183 = CARTESIAN_POINT('',(12.7,14.56,22.5));
#6184 = SURFACE_CURVE('',#6185,(#6190,#6197),.PCURVE_S1.);
#6185 = CIRCLE('',#6186,0.3);
#6186 = AXIS2_PLACEMENT_3D('',#6187,#6188,#6189);
#6187 = CARTESIAN_POINT('',(12.4,14.56,22.5));
#6188 = DIRECTION('',(1.110223024625E-16,0.,-1.));
#6189 = DIRECTION('',(1.,0.,1.110223024625E-16));
#6190 = PCURVE('',#2555,#6191);
#6191 = DEFINITIONAL_REPRESENTATION('',(#6192),#6196);
#6192 = CIRCLE('',#6193,0.3);
#6193 = AXIS2_PLACEMENT_2D('',#6194,#6195);
#6194 = CARTESIAN_POINT('',(12.4,-3.16));
#6195 = DIRECTION('',(1.,0.));
#6196 = ( GEOMETRIC_REPRESENTATION_CONTEXT(2) 
PARAMETRIC_REPRESENTATION_CONTEXT() REPRESENTATION_CONTEXT('2D SPACE',''
  ) );
#6197 = PCURVE('',#6198,#6203);
#6198 = CYLINDRICAL_SURFACE('',#6199,0.3);
#6199 = AXIS2_PLACEMENT_3D('',#6200,#6201,#6202);
#6200 = CARTESIAN_POINT('',(12.4,14.56,22.5));
#6201 = DIRECTION('',(1.110223024625E-16,0.,-1.));
#6202 = DIRECTION('',(0.,1.,0.));
#6203 = DEFINITIONAL_REPRESENTATION('',(#6204),#6208);
#6204 = LINE('',#6205,#6206);
#6205 = CARTESIAN_POINT('',(-4.712388980385,0.));
#6206 = VECTOR('',#6207,1.);
#6207 = DIRECTION('',(1.,0.));
#6208 = ( GEOMETRIC_REPRESENTATION_CONTEXT(2) 
PARAMETRIC_REPRESENTATION_CONTEXT() REPRESENTATION_CONTEXT('2D SPACE',''
  ) );
#6209 = ORIENTED_EDGE('',*,*,#6210,.F.);
#6210 = EDGE_CURVE('',#6211,#6182,#6213,.T.);
#6211 = VERTEX_POINT('',#6212);
#6212 = CARTESIAN_POINT('',(12.7,13.6,22.5));
#6213 = SURFACE_CURVE('',#6214,(#6218,#6225),.PCURVE_S1.);
#6214 = LINE('',#6215,#6216);
#6215 = CARTESIAN_POINT('',(12.7,13.06,22.5));
#6216 = VECTOR('',#6217,1.);
#6217 = DIRECTION('',(0.,1.,0.));
#6218 = PCURVE('',#2555,#6219);
#6219 = DEFINITIONAL_REPRESENTATION('',(#6220),#6224);
#6220 = LINE('',#6221,#6222);
#6221 = CARTESIAN_POINT('',(12.7,-1.66));
#6222 = VECTOR('',#6223,1.);
#6223 = DIRECTION('',(0.,-1.));
#6224 = ( GEOMETRIC_REPRESENTATION_CONTEXT(2) 
PARAMETRIC_REPRESENTATION_CONTEXT() REPRESENTATION_CONTEXT('2D SPACE',''
  ) );
#6225 = PCURVE('',#6226,#6231);
#6226 = PLANE('',#6227);
#6227 = AXIS2_PLACEMENT_3D('',#6228,#6229,#6230);
#6228 = CARTESIAN_POINT('',(12.7,13.06,22.5));
#6229 = DIRECTION('',(1.,0.,1.110223024625E-16));
#6230 = DIRECTION('',(1.110223024625E-16,0.,-1.));
#6231 = DEFINITIONAL_REPRESENTATION('',(#6232),#6236);
#6232 = LINE('',#6233,#6234);
#6233 = CARTESIAN_POINT('',(0.,0.));
#6234 = VECTOR('',#6235,1.);
#6235 = DIRECTION('',(0.,1.));
#6236 = ( GEOMETRIC_REPRESENTATION_CONTEXT(2) 
PARAMETRIC_REPRESENTATION_CONTEXT() REPRESENTATION_CONTEXT('2D SPACE',''
  ) );
#6237 = ORIENTED_EDGE('',*,*,#6238,.T.);
#6238 = EDGE_CURVE('',#6211,#6239,#6241,.T.);
#6239 = VERTEX_POINT('',#6240);
#6240 = CARTESIAN_POINT('',(13.2,13.6,22.5));
#6241 = SURFACE_CURVE('',#6242,(#6246,#6253),.PCURVE_S1.);
#6242 = LINE('',#6243,#6244);
#6243 = CARTESIAN_POINT('',(2.22044604925E-16,13.6,22.5));
#6244 = VECTOR('',#6245,1.);
#6245 = DIRECTION('',(1.,0.,1.110223024625E-16));
#6246 = PCURVE('',#2555,#6247);
#6247 = DEFINITIONAL_REPRESENTATION('',(#6248),#6252);
#6248 = LINE('',#6249,#6250);
#6249 = CARTESIAN_POINT('',(0.,-2.2));
#6250 = VECTOR('',#6251,1.);
#6251 = DIRECTION('',(1.,0.));
#6252 = ( GEOMETRIC_REPRESENTATION_CONTEXT(2) 
PARAMETRIC_REPRESENTATION_CONTEXT() REPRESENTATION_CONTEXT('2D SPACE',''
  ) );
#6253 = PCURVE('',#6254,#6259);
#6254 = PLANE('',#6255);
#6255 = AXIS2_PLACEMENT_3D('',#6256,#6257,#6258);
#6256 = CARTESIAN_POINT('',(2.22044604925E-16,13.6,22.5));
#6257 = DIRECTION('',(0.,1.,0.));
#6258 = DIRECTION('',(1.,0.,1.110223024625E-16));
#6259 = DEFINITIONAL_REPRESENTATION('',(#6260),#6264);
#6260 = LINE('',#6261,#6262);
#6261 = CARTESIAN_POINT('',(0.,0.));
#6262 = VECTOR('',#6263,1.);
#6263 = DIRECTION('',(1.,0.));
#6264 = ( GEOMETRIC_REPRESENTATION_CONTEXT(2) 
PARAMETRIC_REPRESENTATION_CONTEXT() REPRESENTATION_CONTEXT('2D SPACE',''
  ) );
#6265 = ORIENTED_EDGE('',*,*,#6266,.T.);
#6266 = EDGE_CURVE('',#6239,#6267,#6269,.T.);
#6267 = VERTEX_POINT('',#6268);
#6268 = CARTESIAN_POINT('',(14.,12.8,22.5));
#6269 = SURFACE_CURVE('',#6270,(#6275,#6282),.PCURVE_S1.);
#6270 = CIRCLE('',#6271,0.8);
#6271 = AXIS2_PLACEMENT_3D('',#6272,#6273,#6274);
#6272 = CARTESIAN_POINT('',(13.2,12.8,22.5));
#6273 = DIRECTION('',(1.110223024625E-16,0.,-1.));
#6274 = DIRECTION('',(1.,0.,1.110223024625E-16));
#6275 = PCURVE('',#2555,#6276);
#6276 = DEFINITIONAL_REPRESENTATION('',(#6277),#6281);
#6277 = CIRCLE('',#6278,0.8);
#6278 = AXIS2_PLACEMENT_2D('',#6279,#6280);
#6279 = CARTESIAN_POINT('',(13.2,-1.4));
#6280 = DIRECTION('',(1.,0.));
#6281 = ( GEOMETRIC_REPRESENTATION_CONTEXT(2) 
PARAMETRIC_REPRESENTATION_CONTEXT() REPRESENTATION_CONTEXT('2D SPACE',''
  ) );
#6282 = PCURVE('',#6283,#6288);
#6283 = CYLINDRICAL_SURFACE('',#6284,0.8);
#6284 = AXIS2_PLACEMENT_3D('',#6285,#6286,#6287);
#6285 = CARTESIAN_POINT('',(13.2,12.8,22.5));
#6286 = DIRECTION('',(1.110223024625E-16,0.,-1.));
#6287 = DIRECTION('',(0.,1.,0.));
#6288 = DEFINITIONAL_REPRESENTATION('',(#6289),#6293);
#6289 = LINE('',#6290,#6291);
#6290 = CARTESIAN_POINT('',(-4.712388980385,0.));
#6291 = VECTOR('',#6292,1.);
#6292 = DIRECTION('',(1.,0.));
#6293 = ( GEOMETRIC_REPRESENTATION_CONTEXT(2) 
PARAMETRIC_REPRESENTATION_CONTEXT() REPRESENTATION_CONTEXT('2D SPACE',''
  ) );
#6294 = ORIENTED_EDGE('',*,*,#6295,.F.);
#6295 = EDGE_CURVE('',#6296,#6267,#6298,.T.);
#6296 = VERTEX_POINT('',#6297);
#6297 = CARTESIAN_POINT('',(14.,12.2,22.5));
#6298 = SURFACE_CURVE('',#6299,(#6303,#6310),.PCURVE_S1.);
#6299 = LINE('',#6300,#6301);
#6300 = CARTESIAN_POINT('',(14.,11.4,22.5));
#6301 = VECTOR('',#6302,1.);
#6302 = DIRECTION('',(0.,1.,0.));
#6303 = PCURVE('',#2555,#6304);
#6304 = DEFINITIONAL_REPRESENTATION('',(#6305),#6309);
#6305 = LINE('',#6306,#6307);
#6306 = CARTESIAN_POINT('',(14.,0.));
#6307 = VECTOR('',#6308,1.);
#6308 = DIRECTION('',(0.,-1.));
#6309 = ( GEOMETRIC_REPRESENTATION_CONTEXT(2) 
PARAMETRIC_REPRESENTATION_CONTEXT() REPRESENTATION_CONTEXT('2D SPACE',''
  ) );
#6310 = PCURVE('',#6311,#6316);
#6311 = PLANE('',#6312);
#6312 = AXIS2_PLACEMENT_3D('',#6313,#6314,#6315);
#6313 = CARTESIAN_POINT('',(14.,11.4,22.5));
#6314 = DIRECTION('',(1.,0.,1.110223024625E-16));
#6315 = DIRECTION('',(1.110223024625E-16,0.,-1.));
#6316 = DEFINITIONAL_REPRESENTATION('',(#6317),#6321);
#6317 = LINE('',#6318,#6319);
#6318 = CARTESIAN_POINT('',(0.,0.));
#6319 = VECTOR('',#6320,1.);
#6320 = DIRECTION('',(0.,1.));
#6321 = ( GEOMETRIC_REPRESENTATION_CONTEXT(2) 
PARAMETRIC_REPRESENTATION_CONTEXT() REPRESENTATION_CONTEXT('2D SPACE',''
  ) );
#6322 = ORIENTED_EDGE('',*,*,#6323,.F.);
#6323 = EDGE_CURVE('',#5782,#6296,#6324,.T.);
#6324 = SURFACE_CURVE('',#6325,(#6330,#6341),.PCURVE_S1.);
#6325 = CIRCLE('',#6326,0.8);
#6326 = AXIS2_PLACEMENT_3D('',#6327,#6328,#6329);
#6327 = CARTESIAN_POINT('',(13.2,12.2,22.5));
#6328 = DIRECTION('',(-1.110223024625E-16,0.,1.));
#6329 = DIRECTION('',(1.,0.,1.110223024625E-16));
#6330 = PCURVE('',#2555,#6331);
#6331 = DEFINITIONAL_REPRESENTATION('',(#6332),#6340);
#6332 = ( BOUNDED_CURVE() B_SPLINE_CURVE(2,(#6333,#6334,#6335,#6336,
#6337,#6338,#6339),.UNSPECIFIED.,.T.,.F.) B_SPLINE_CURVE_WITH_KNOTS((1,2
    ,2,2,2,1),(-2.094395102393,0.,2.094395102393,4.188790204786,
6.28318530718,8.377580409573),.UNSPECIFIED.) CURVE() 
GEOMETRIC_REPRESENTATION_ITEM() RATIONAL_B_SPLINE_CURVE((1.,0.5,1.,0.5,
1.,0.5,1.)) REPRESENTATION_ITEM('') );
#6333 = CARTESIAN_POINT('',(14.,-0.8));
#6334 = CARTESIAN_POINT('',(14.,-2.185640646055));
#6335 = CARTESIAN_POINT('',(12.8,-1.492820323028));
#6336 = CARTESIAN_POINT('',(11.6,-0.8));
#6337 = CARTESIAN_POINT('',(12.8,-0.107179676972));
#6338 = CARTESIAN_POINT('',(14.,0.585640646055));
#6339 = CARTESIAN_POINT('',(14.,-0.8));
#6340 = ( GEOMETRIC_REPRESENTATION_CONTEXT(2) 
PARAMETRIC_REPRESENTATION_CONTEXT() REPRESENTATION_CONTEXT('2D SPACE',''
  ) );
#6341 = PCURVE('',#6342,#6347);
#6342 = CYLINDRICAL_SURFACE('',#6343,0.8);
#6343 = AXIS2_PLACEMENT_3D('',#6344,#6345,#6346);
#6344 = CARTESIAN_POINT('',(13.2,12.2,22.5));
#6345 = DIRECTION('',(1.110223024625E-16,0.,-1.));
#6346 = DIRECTION('',(0.,-1.,0.));
#6347 = DEFINITIONAL_REPRESENTATION('',(#6348),#6352);
#6348 = LINE('',#6349,#6350);
#6349 = CARTESIAN_POINT('',(4.712388980385,-0.));
#6350 = VECTOR('',#6351,1.);
#6351 = DIRECTION('',(-1.,0.));
#6352 = ( GEOMETRIC_REPRESENTATION_CONTEXT(2) 
PARAMETRIC_REPRESENTATION_CONTEXT() REPRESENTATION_CONTEXT('2D SPACE',''
  ) );
#6353 = ADVANCED_FACE('',(#6354),#2591,.F.);
#6354 = FACE_BOUND('',#6355,.F.);
#6355 = EDGE_LOOP('',(#6356,#6379,#6380,#6381));
#6356 = ORIENTED_EDGE('',*,*,#6357,.F.);
#6357 = EDGE_CURVE('',#2572,#6358,#6360,.T.);
#6358 = VERTEX_POINT('',#6359);
#6359 = CARTESIAN_POINT('',(13.2,11.4,2.5));
#6360 = SURFACE_CURVE('',#6361,(#6365,#6372),.PCURVE_S1.);
#6361 = LINE('',#6362,#6363);
#6362 = CARTESIAN_POINT('',(2.442490654175E-15,11.4,2.5));
#6363 = VECTOR('',#6364,1.);
#6364 = DIRECTION('',(1.,0.,1.110223024625E-16));
#6365 = PCURVE('',#2591,#6366);
#6366 = DEFINITIONAL_REPRESENTATION('',(#6367),#6371);
#6367 = LINE('',#6368,#6369);
#6368 = CARTESIAN_POINT('',(0.,20.));
#6369 = VECTOR('',#6370,1.);
#6370 = DIRECTION('',(1.,0.));
#6371 = ( GEOMETRIC_REPRESENTATION_CONTEXT(2) 
PARAMETRIC_REPRESENTATION_CONTEXT() REPRESENTATION_CONTEXT('2D SPACE',''
  ) );
#6372 = PCURVE('',#2629,#6373);
#6373 = DEFINITIONAL_REPRESENTATION('',(#6374),#6378);
#6374 = LINE('',#6375,#6376);
#6375 = CARTESIAN_POINT('',(0.,0.));
#6376 = VECTOR('',#6377,1.);
#6377 = DIRECTION('',(1.,0.));
#6378 = ( GEOMETRIC_REPRESENTATION_CONTEXT(2) 
PARAMETRIC_REPRESENTATION_CONTEXT() REPRESENTATION_CONTEXT('2D SPACE',''
  ) );
#6379 = ORIENTED_EDGE('',*,*,#2571,.T.);
#6380 = ORIENTED_EDGE('',*,*,#5781,.T.);
#6381 = ORIENTED_EDGE('',*,*,#6382,.T.);
#6382 = EDGE_CURVE('',#5782,#6358,#6383,.T.);
#6383 = SURFACE_CURVE('',#6384,(#6388,#6395),.PCURVE_S1.);
#6384 = LINE('',#6385,#6386);
#6385 = CARTESIAN_POINT('',(13.2,11.4,22.5));
#6386 = VECTOR('',#6387,1.);
#6387 = DIRECTION('',(1.110223024625E-16,0.,-1.));
#6388 = PCURVE('',#2591,#6389);
#6389 = DEFINITIONAL_REPRESENTATION('',(#6390),#6394);
#6390 = LINE('',#6391,#6392);
#6391 = CARTESIAN_POINT('',(13.2,1.465494392505E-15));
#6392 = VECTOR('',#6393,1.);
#6393 = DIRECTION('',(0.,1.));
#6394 = ( GEOMETRIC_REPRESENTATION_CONTEXT(2) 
PARAMETRIC_REPRESENTATION_CONTEXT() REPRESENTATION_CONTEXT('2D SPACE',''
  ) );
#6395 = PCURVE('',#6342,#6396);
#6396 = DEFINITIONAL_REPRESENTATION('',(#6397),#6401);
#6397 = LINE('',#6398,#6399);
#6398 = CARTESIAN_POINT('',(-0.,0.));
#6399 = VECTOR('',#6400,1.);
#6400 = DIRECTION('',(-0.,1.));
#6401 = ( GEOMETRIC_REPRESENTATION_CONTEXT(2) 
PARAMETRIC_REPRESENTATION_CONTEXT() REPRESENTATION_CONTEXT('2D SPACE',''
  ) );
#6402 = ADVANCED_FACE('',(#6403),#2663,.T.);
#6403 = FACE_BOUND('',#6404,.T.);
#6404 = EDGE_LOOP('',(#6405,#6406,#6407,#6430));
#6405 = ORIENTED_EDGE('',*,*,#2645,.T.);
#6406 = ORIENTED_EDGE('',*,*,#5805,.T.);
#6407 = ORIENTED_EDGE('',*,*,#6408,.T.);
#6408 = EDGE_CURVE('',#5806,#6409,#6411,.T.);
#6409 = VERTEX_POINT('',#6410);
#6410 = CARTESIAN_POINT('',(2.442490654175E-15,12.2,2.5));
#6411 = SURFACE_CURVE('',#6412,(#6416,#6423),.PCURVE_S1.);
#6412 = LINE('',#6413,#6414);
#6413 = CARTESIAN_POINT('',(2.22044604925E-16,12.2,22.5));
#6414 = VECTOR('',#6415,1.);
#6415 = DIRECTION('',(1.110223024625E-16,0.,-1.));
#6416 = PCURVE('',#2663,#6417);
#6417 = DEFINITIONAL_REPRESENTATION('',(#6418),#6422);
#6418 = LINE('',#6419,#6420);
#6419 = CARTESIAN_POINT('',(1.570796326795,0.));
#6420 = VECTOR('',#6421,1.);
#6421 = DIRECTION('',(0.,1.));
#6422 = ( GEOMETRIC_REPRESENTATION_CONTEXT(2) 
PARAMETRIC_REPRESENTATION_CONTEXT() REPRESENTATION_CONTEXT('2D SPACE',''
  ) );
#6423 = PCURVE('',#5845,#6424);
#6424 = DEFINITIONAL_REPRESENTATION('',(#6425),#6429);
#6425 = LINE('',#6426,#6427);
#6426 = CARTESIAN_POINT('',(0.,0.8));
#6427 = VECTOR('',#6428,1.);
#6428 = DIRECTION('',(1.,0.));
#6429 = ( GEOMETRIC_REPRESENTATION_CONTEXT(2) 
PARAMETRIC_REPRESENTATION_CONTEXT() REPRESENTATION_CONTEXT('2D SPACE',''
  ) );
#6430 = ORIENTED_EDGE('',*,*,#6431,.F.);
#6431 = EDGE_CURVE('',#2606,#6409,#6432,.T.);
#6432 = SURFACE_CURVE('',#6433,(#6438,#6445),.PCURVE_S1.);
#6433 = CIRCLE('',#6434,0.8);
#6434 = AXIS2_PLACEMENT_3D('',#6435,#6436,#6437);
#6435 = CARTESIAN_POINT('',(0.8,12.2,2.5));
#6436 = DIRECTION('',(1.110223024625E-16,0.,-1.));
#6437 = DIRECTION('',(1.,0.,1.110223024625E-16));
#6438 = PCURVE('',#2663,#6439);
#6439 = DEFINITIONAL_REPRESENTATION('',(#6440),#6444);
#6440 = LINE('',#6441,#6442);
#6441 = CARTESIAN_POINT('',(-1.570796326795,20.));
#6442 = VECTOR('',#6443,1.);
#6443 = DIRECTION('',(1.,0.));
#6444 = ( GEOMETRIC_REPRESENTATION_CONTEXT(2) 
PARAMETRIC_REPRESENTATION_CONTEXT() REPRESENTATION_CONTEXT('2D SPACE',''
  ) );
#6445 = PCURVE('',#2629,#6446);
#6446 = DEFINITIONAL_REPRESENTATION('',(#6447),#6451);
#6447 = CIRCLE('',#6448,0.8);
#6448 = AXIS2_PLACEMENT_2D('',#6449,#6450);
#6449 = CARTESIAN_POINT('',(0.8,-0.8));
#6450 = DIRECTION('',(1.,0.));
#6451 = ( GEOMETRIC_REPRESENTATION_CONTEXT(2) 
PARAMETRIC_REPRESENTATION_CONTEXT() REPRESENTATION_CONTEXT('2D SPACE',''
  ) );
#6452 = ADVANCED_FACE('',(#6453),#2629,.T.);
#6453 = FACE_BOUND('',#6454,.T.);
#6454 = EDGE_LOOP('',(#6455,#6456,#6457,#6458,#6481,#6509,#6532,#6555,
    #6583,#6606,#6630,#6653,#6676,#6699,#6727,#6750,#6774,#6797,#6820,
    #6844,#6867));
#6455 = ORIENTED_EDGE('',*,*,#6357,.F.);
#6456 = ORIENTED_EDGE('',*,*,#2605,.T.);
#6457 = ORIENTED_EDGE('',*,*,#6431,.T.);
#6458 = ORIENTED_EDGE('',*,*,#6459,.T.);
#6459 = EDGE_CURVE('',#6409,#6460,#6462,.T.);
#6460 = VERTEX_POINT('',#6461);
#6461 = CARTESIAN_POINT('',(2.442490654175E-15,12.8,2.5));
#6462 = SURFACE_CURVE('',#6463,(#6467,#6474),.PCURVE_S1.);
#6463 = LINE('',#6464,#6465);
#6464 = CARTESIAN_POINT('',(2.442490654175E-15,11.4,2.5));
#6465 = VECTOR('',#6466,1.);
#6466 = DIRECTION('',(0.,1.,0.));
#6467 = PCURVE('',#2629,#6468);
#6468 = DEFINITIONAL_REPRESENTATION('',(#6469),#6473);
#6469 = LINE('',#6470,#6471);
#6470 = CARTESIAN_POINT('',(0.,0.));
#6471 = VECTOR('',#6472,1.);
#6472 = DIRECTION('',(0.,-1.));
#6473 = ( GEOMETRIC_REPRESENTATION_CONTEXT(2) 
PARAMETRIC_REPRESENTATION_CONTEXT() REPRESENTATION_CONTEXT('2D SPACE',''
  ) );
#6474 = PCURVE('',#5845,#6475);
#6475 = DEFINITIONAL_REPRESENTATION('',(#6476),#6480);
#6476 = LINE('',#6477,#6478);
#6477 = CARTESIAN_POINT('',(20.,0.));
#6478 = VECTOR('',#6479,1.);
#6479 = DIRECTION('',(0.,1.));
#6480 = ( GEOMETRIC_REPRESENTATION_CONTEXT(2) 
PARAMETRIC_REPRESENTATION_CONTEXT() REPRESENTATION_CONTEXT('2D SPACE',''
  ) );
#6481 = ORIENTED_EDGE('',*,*,#6482,.F.);
#6482 = EDGE_CURVE('',#6483,#6460,#6485,.T.);
#6483 = VERTEX_POINT('',#6484);
#6484 = CARTESIAN_POINT('',(0.8,13.6,2.5));
#6485 = SURFACE_CURVE('',#6486,(#6491,#6502),.PCURVE_S1.);
#6486 = CIRCLE('',#6487,0.8);
#6487 = AXIS2_PLACEMENT_3D('',#6488,#6489,#6490);
#6488 = CARTESIAN_POINT('',(0.8,12.8,2.5));
#6489 = DIRECTION('',(-1.110223024625E-16,0.,1.));
#6490 = DIRECTION('',(1.,0.,1.110223024625E-16));
#6491 = PCURVE('',#2629,#6492);
#6492 = DEFINITIONAL_REPRESENTATION('',(#6493),#6501);
#6493 = ( BOUNDED_CURVE() B_SPLINE_CURVE(2,(#6494,#6495,#6496,#6497,
#6498,#6499,#6500),.UNSPECIFIED.,.T.,.F.) B_SPLINE_CURVE_WITH_KNOTS((1,2
    ,2,2,2,1),(-2.094395102393,0.,2.094395102393,4.188790204786,
6.28318530718,8.377580409573),.UNSPECIFIED.) CURVE() 
GEOMETRIC_REPRESENTATION_ITEM() RATIONAL_B_SPLINE_CURVE((1.,0.5,1.,0.5,
1.,0.5,1.)) REPRESENTATION_ITEM('') );
#6494 = CARTESIAN_POINT('',(1.6,-1.4));
#6495 = CARTESIAN_POINT('',(1.6,-2.785640646055));
#6496 = CARTESIAN_POINT('',(0.4,-2.092820323028));
#6497 = CARTESIAN_POINT('',(-0.8,-1.4));
#6498 = CARTESIAN_POINT('',(0.4,-0.707179676972));
#6499 = CARTESIAN_POINT('',(1.6,-1.43593539449E-02));
#6500 = CARTESIAN_POINT('',(1.6,-1.4));
#6501 = ( GEOMETRIC_REPRESENTATION_CONTEXT(2) 
PARAMETRIC_REPRESENTATION_CONTEXT() REPRESENTATION_CONTEXT('2D SPACE',''
  ) );
#6502 = PCURVE('',#5878,#6503);
#6503 = DEFINITIONAL_REPRESENTATION('',(#6504),#6508);
#6504 = LINE('',#6505,#6506);
#6505 = CARTESIAN_POINT('',(1.570796326795,20.));
#6506 = VECTOR('',#6507,1.);
#6507 = DIRECTION('',(-1.,0.));
#6508 = ( GEOMETRIC_REPRESENTATION_CONTEXT(2) 
PARAMETRIC_REPRESENTATION_CONTEXT() REPRESENTATION_CONTEXT('2D SPACE',''
  ) );
#6509 = ORIENTED_EDGE('',*,*,#6510,.T.);
#6510 = EDGE_CURVE('',#6483,#6511,#6513,.T.);
#6511 = VERTEX_POINT('',#6512);
#6512 = CARTESIAN_POINT('',(8.7,13.6,2.5));
#6513 = SURFACE_CURVE('',#6514,(#6518,#6525),.PCURVE_S1.);
#6514 = LINE('',#6515,#6516);
#6515 = CARTESIAN_POINT('',(2.442490654175E-15,13.6,2.5));
#6516 = VECTOR('',#6517,1.);
#6517 = DIRECTION('',(1.,0.,1.110223024625E-16));
#6518 = PCURVE('',#2629,#6519);
#6519 = DEFINITIONAL_REPRESENTATION('',(#6520),#6524);
#6520 = LINE('',#6521,#6522);
#6521 = CARTESIAN_POINT('',(0.,-2.2));
#6522 = VECTOR('',#6523,1.);
#6523 = DIRECTION('',(1.,0.));
#6524 = ( GEOMETRIC_REPRESENTATION_CONTEXT(2) 
PARAMETRIC_REPRESENTATION_CONTEXT() REPRESENTATION_CONTEXT('2D SPACE',''
  ) );
#6525 = PCURVE('',#5906,#6526);
#6526 = DEFINITIONAL_REPRESENTATION('',(#6527),#6531);
#6527 = LINE('',#6528,#6529);
#6528 = CARTESIAN_POINT('',(0.,20.));
#6529 = VECTOR('',#6530,1.);
#6530 = DIRECTION('',(1.,0.));
#6531 = ( GEOMETRIC_REPRESENTATION_CONTEXT(2) 
PARAMETRIC_REPRESENTATION_CONTEXT() REPRESENTATION_CONTEXT('2D SPACE',''
  ) );
#6532 = ORIENTED_EDGE('',*,*,#6533,.T.);
#6533 = EDGE_CURVE('',#6511,#6534,#6536,.T.);
#6534 = VERTEX_POINT('',#6535);
#6535 = CARTESIAN_POINT('',(8.7,14.56,2.5));
#6536 = SURFACE_CURVE('',#6537,(#6541,#6548),.PCURVE_S1.);
#6537 = LINE('',#6538,#6539);
#6538 = CARTESIAN_POINT('',(8.7,13.06,2.5));
#6539 = VECTOR('',#6540,1.);
#6540 = DIRECTION('',(0.,1.,0.));
#6541 = PCURVE('',#2629,#6542);
#6542 = DEFINITIONAL_REPRESENTATION('',(#6543),#6547);
#6543 = LINE('',#6544,#6545);
#6544 = CARTESIAN_POINT('',(8.7,-1.66));
#6545 = VECTOR('',#6546,1.);
#6546 = DIRECTION('',(0.,-1.));
#6547 = ( GEOMETRIC_REPRESENTATION_CONTEXT(2) 
PARAMETRIC_REPRESENTATION_CONTEXT() REPRESENTATION_CONTEXT('2D SPACE',''
  ) );
#6548 = PCURVE('',#5934,#6549);
#6549 = DEFINITIONAL_REPRESENTATION('',(#6550),#6554);
#6550 = LINE('',#6551,#6552);
#6551 = CARTESIAN_POINT('',(20.,0.));
#6552 = VECTOR('',#6553,1.);
#6553 = DIRECTION('',(0.,1.));
#6554 = ( GEOMETRIC_REPRESENTATION_CONTEXT(2) 
PARAMETRIC_REPRESENTATION_CONTEXT() REPRESENTATION_CONTEXT('2D SPACE',''
  ) );
#6555 = ORIENTED_EDGE('',*,*,#6556,.F.);
#6556 = EDGE_CURVE('',#6557,#6534,#6559,.T.);
#6557 = VERTEX_POINT('',#6558);
#6558 = CARTESIAN_POINT('',(9.,14.86,2.5));
#6559 = SURFACE_CURVE('',#6560,(#6565,#6576),.PCURVE_S1.);
#6560 = CIRCLE('',#6561,0.3);
#6561 = AXIS2_PLACEMENT_3D('',#6562,#6563,#6564);
#6562 = CARTESIAN_POINT('',(9.,14.56,2.5));
#6563 = DIRECTION('',(-1.110223024625E-16,0.,1.));
#6564 = DIRECTION('',(1.,0.,1.110223024625E-16));
#6565 = PCURVE('',#2629,#6566);
#6566 = DEFINITIONAL_REPRESENTATION('',(#6567),#6575);
#6567 = ( BOUNDED_CURVE() B_SPLINE_CURVE(2,(#6568,#6569,#6570,#6571,
#6572,#6573,#6574),.UNSPECIFIED.,.T.,.F.) B_SPLINE_CURVE_WITH_KNOTS((1,2
    ,2,2,2,1),(-2.094395102393,0.,2.094395102393,4.188790204786,
6.28318530718,8.377580409573),.UNSPECIFIED.) CURVE() 
GEOMETRIC_REPRESENTATION_ITEM() RATIONAL_B_SPLINE_CURVE((1.,0.5,1.,0.5,
1.,0.5,1.)) REPRESENTATION_ITEM('') );
#6568 = CARTESIAN_POINT('',(9.3,-3.16));
#6569 = CARTESIAN_POINT('',(9.3,-3.679615242271));
#6570 = CARTESIAN_POINT('',(8.85,-3.419807621135));
#6571 = CARTESIAN_POINT('',(8.4,-3.16));
#6572 = CARTESIAN_POINT('',(8.85,-2.900192378865));
#6573 = CARTESIAN_POINT('',(9.3,-2.640384757729));
#6574 = CARTESIAN_POINT('',(9.3,-3.16));
#6575 = ( GEOMETRIC_REPRESENTATION_CONTEXT(2) 
PARAMETRIC_REPRESENTATION_CONTEXT() REPRESENTATION_CONTEXT('2D SPACE',''
  ) );
#6576 = PCURVE('',#5967,#6577);
#6577 = DEFINITIONAL_REPRESENTATION('',(#6578),#6582);
#6578 = LINE('',#6579,#6580);
#6579 = CARTESIAN_POINT('',(1.570796326795,20.));
#6580 = VECTOR('',#6581,1.);
#6581 = DIRECTION('',(-1.,0.));
#6582 = ( GEOMETRIC_REPRESENTATION_CONTEXT(2) 
PARAMETRIC_REPRESENTATION_CONTEXT() REPRESENTATION_CONTEXT('2D SPACE',''
  ) );
#6583 = ORIENTED_EDGE('',*,*,#6584,.T.);
#6584 = EDGE_CURVE('',#6557,#6585,#6587,.T.);
#6585 = VERTEX_POINT('',#6586);
#6586 = CARTESIAN_POINT('',(9.8,14.86,2.5));
#6587 = SURFACE_CURVE('',#6588,(#6592,#6599),.PCURVE_S1.);
#6588 = LINE('',#6589,#6590);
#6589 = CARTESIAN_POINT('',(8.7,14.86,2.5));
#6590 = VECTOR('',#6591,1.);
#6591 = DIRECTION('',(1.,0.,1.110223024625E-16));
#6592 = PCURVE('',#2629,#6593);
#6593 = DEFINITIONAL_REPRESENTATION('',(#6594),#6598);
#6594 = LINE('',#6595,#6596);
#6595 = CARTESIAN_POINT('',(8.7,-3.46));
#6596 = VECTOR('',#6597,1.);
#6597 = DIRECTION('',(1.,0.));
#6598 = ( GEOMETRIC_REPRESENTATION_CONTEXT(2) 
PARAMETRIC_REPRESENTATION_CONTEXT() REPRESENTATION_CONTEXT('2D SPACE',''
  ) );
#6599 = PCURVE('',#5995,#6600);
#6600 = DEFINITIONAL_REPRESENTATION('',(#6601),#6605);
#6601 = LINE('',#6602,#6603);
#6602 = CARTESIAN_POINT('',(-4.440892098501E-16,20.));
#6603 = VECTOR('',#6604,1.);
#6604 = DIRECTION('',(1.,0.));
#6605 = ( GEOMETRIC_REPRESENTATION_CONTEXT(2) 
PARAMETRIC_REPRESENTATION_CONTEXT() REPRESENTATION_CONTEXT('2D SPACE',''
  ) );
#6606 = ORIENTED_EDGE('',*,*,#6607,.T.);
#6607 = EDGE_CURVE('',#6585,#6608,#6610,.T.);
#6608 = VERTEX_POINT('',#6609);
#6609 = CARTESIAN_POINT('',(10.1,14.56,2.5));
#6610 = SURFACE_CURVE('',#6611,(#6616,#6623),.PCURVE_S1.);
#6611 = CIRCLE('',#6612,0.3);
#6612 = AXIS2_PLACEMENT_3D('',#6613,#6614,#6615);
#6613 = CARTESIAN_POINT('',(9.8,14.56,2.5));
#6614 = DIRECTION('',(1.110223024625E-16,0.,-1.));
#6615 = DIRECTION('',(1.,0.,1.110223024625E-16));
#6616 = PCURVE('',#2629,#6617);
#6617 = DEFINITIONAL_REPRESENTATION('',(#6618),#6622);
#6618 = CIRCLE('',#6619,0.3);
#6619 = AXIS2_PLACEMENT_2D('',#6620,#6621);
#6620 = CARTESIAN_POINT('',(9.8,-3.16));
#6621 = DIRECTION('',(1.,0.));
#6622 = ( GEOMETRIC_REPRESENTATION_CONTEXT(2) 
PARAMETRIC_REPRESENTATION_CONTEXT() REPRESENTATION_CONTEXT('2D SPACE',''
  ) );
#6623 = PCURVE('',#6024,#6624);
#6624 = DEFINITIONAL_REPRESENTATION('',(#6625),#6629);
#6625 = LINE('',#6626,#6627);
#6626 = CARTESIAN_POINT('',(-4.712388980385,20.));
#6627 = VECTOR('',#6628,1.);
#6628 = DIRECTION('',(1.,0.));
#6629 = ( GEOMETRIC_REPRESENTATION_CONTEXT(2) 
PARAMETRIC_REPRESENTATION_CONTEXT() REPRESENTATION_CONTEXT('2D SPACE',''
  ) );
#6630 = ORIENTED_EDGE('',*,*,#6631,.F.);
#6631 = EDGE_CURVE('',#6632,#6608,#6634,.T.);
#6632 = VERTEX_POINT('',#6633);
#6633 = CARTESIAN_POINT('',(10.1,13.6,2.5));
#6634 = SURFACE_CURVE('',#6635,(#6639,#6646),.PCURVE_S1.);
#6635 = LINE('',#6636,#6637);
#6636 = CARTESIAN_POINT('',(10.1,13.06,2.5));
#6637 = VECTOR('',#6638,1.);
#6638 = DIRECTION('',(0.,1.,0.));
#6639 = PCURVE('',#2629,#6640);
#6640 = DEFINITIONAL_REPRESENTATION('',(#6641),#6645);
#6641 = LINE('',#6642,#6643);
#6642 = CARTESIAN_POINT('',(10.1,-1.66));
#6643 = VECTOR('',#6644,1.);
#6644 = DIRECTION('',(0.,-1.));
#6645 = ( GEOMETRIC_REPRESENTATION_CONTEXT(2) 
PARAMETRIC_REPRESENTATION_CONTEXT() REPRESENTATION_CONTEXT('2D SPACE',''
  ) );
#6646 = PCURVE('',#6052,#6647);
#6647 = DEFINITIONAL_REPRESENTATION('',(#6648),#6652);
#6648 = LINE('',#6649,#6650);
#6649 = CARTESIAN_POINT('',(20.,0.));
#6650 = VECTOR('',#6651,1.);
#6651 = DIRECTION('',(0.,1.));
#6652 = ( GEOMETRIC_REPRESENTATION_CONTEXT(2) 
PARAMETRIC_REPRESENTATION_CONTEXT() REPRESENTATION_CONTEXT('2D SPACE',''
  ) );
#6653 = ORIENTED_EDGE('',*,*,#6654,.T.);
#6654 = EDGE_CURVE('',#6632,#6655,#6657,.T.);
#6655 = VERTEX_POINT('',#6656);
#6656 = CARTESIAN_POINT('',(11.3,13.6,2.5));
#6657 = SURFACE_CURVE('',#6658,(#6662,#6669),.PCURVE_S1.);
#6658 = LINE('',#6659,#6660);
#6659 = CARTESIAN_POINT('',(2.442490654175E-15,13.6,2.5));
#6660 = VECTOR('',#6661,1.);
#6661 = DIRECTION('',(1.,0.,1.110223024625E-16));
#6662 = PCURVE('',#2629,#6663);
#6663 = DEFINITIONAL_REPRESENTATION('',(#6664),#6668);
#6664 = LINE('',#6665,#6666);
#6665 = CARTESIAN_POINT('',(0.,-2.2));
#6666 = VECTOR('',#6667,1.);
#6667 = DIRECTION('',(1.,0.));
#6668 = ( GEOMETRIC_REPRESENTATION_CONTEXT(2) 
PARAMETRIC_REPRESENTATION_CONTEXT() REPRESENTATION_CONTEXT('2D SPACE',''
  ) );
#6669 = PCURVE('',#6080,#6670);
#6670 = DEFINITIONAL_REPRESENTATION('',(#6671),#6675);
#6671 = LINE('',#6672,#6673);
#6672 = CARTESIAN_POINT('',(0.,20.));
#6673 = VECTOR('',#6674,1.);
#6674 = DIRECTION('',(1.,0.));
#6675 = ( GEOMETRIC_REPRESENTATION_CONTEXT(2) 
PARAMETRIC_REPRESENTATION_CONTEXT() REPRESENTATION_CONTEXT('2D SPACE',''
  ) );
#6676 = ORIENTED_EDGE('',*,*,#6677,.T.);
#6677 = EDGE_CURVE('',#6655,#6678,#6680,.T.);
#6678 = VERTEX_POINT('',#6679);
#6679 = CARTESIAN_POINT('',(11.3,14.56,2.5));
#6680 = SURFACE_CURVE('',#6681,(#6685,#6692),.PCURVE_S1.);
#6681 = LINE('',#6682,#6683);
#6682 = CARTESIAN_POINT('',(11.3,13.06,2.5));
#6683 = VECTOR('',#6684,1.);
#6684 = DIRECTION('',(0.,1.,0.));
#6685 = PCURVE('',#2629,#6686);
#6686 = DEFINITIONAL_REPRESENTATION('',(#6687),#6691);
#6687 = LINE('',#6688,#6689);
#6688 = CARTESIAN_POINT('',(11.3,-1.66));
#6689 = VECTOR('',#6690,1.);
#6690 = DIRECTION('',(0.,-1.));
#6691 = ( GEOMETRIC_REPRESENTATION_CONTEXT(2) 
PARAMETRIC_REPRESENTATION_CONTEXT() REPRESENTATION_CONTEXT('2D SPACE',''
  ) );
#6692 = PCURVE('',#6108,#6693);
#6693 = DEFINITIONAL_REPRESENTATION('',(#6694),#6698);
#6694 = LINE('',#6695,#6696);
#6695 = CARTESIAN_POINT('',(20.,0.));
#6696 = VECTOR('',#6697,1.);
#6697 = DIRECTION('',(0.,1.));
#6698 = ( GEOMETRIC_REPRESENTATION_CONTEXT(2) 
PARAMETRIC_REPRESENTATION_CONTEXT() REPRESENTATION_CONTEXT('2D SPACE',''
  ) );
#6699 = ORIENTED_EDGE('',*,*,#6700,.F.);
#6700 = EDGE_CURVE('',#6701,#6678,#6703,.T.);
#6701 = VERTEX_POINT('',#6702);
#6702 = CARTESIAN_POINT('',(11.6,14.86,2.5));
#6703 = SURFACE_CURVE('',#6704,(#6709,#6720),.PCURVE_S1.);
#6704 = CIRCLE('',#6705,0.3);
#6705 = AXIS2_PLACEMENT_3D('',#6706,#6707,#6708);
#6706 = CARTESIAN_POINT('',(11.6,14.56,2.5));
#6707 = DIRECTION('',(-1.110223024625E-16,0.,1.));
#6708 = DIRECTION('',(1.,0.,1.110223024625E-16));
#6709 = PCURVE('',#2629,#6710);
#6710 = DEFINITIONAL_REPRESENTATION('',(#6711),#6719);
#6711 = ( BOUNDED_CURVE() B_SPLINE_CURVE(2,(#6712,#6713,#6714,#6715,
#6716,#6717,#6718),.UNSPECIFIED.,.T.,.F.) B_SPLINE_CURVE_WITH_KNOTS((1,2
    ,2,2,2,1),(-2.094395102393,0.,2.094395102393,4.188790204786,
6.28318530718,8.377580409573),.UNSPECIFIED.) CURVE() 
GEOMETRIC_REPRESENTATION_ITEM() RATIONAL_B_SPLINE_CURVE((1.,0.5,1.,0.5,
1.,0.5,1.)) REPRESENTATION_ITEM('') );
#6712 = CARTESIAN_POINT('',(11.9,-3.16));
#6713 = CARTESIAN_POINT('',(11.9,-3.679615242271));
#6714 = CARTESIAN_POINT('',(11.45,-3.419807621135));
#6715 = CARTESIAN_POINT('',(11.,-3.16));
#6716 = CARTESIAN_POINT('',(11.45,-2.900192378865));
#6717 = CARTESIAN_POINT('',(11.9,-2.640384757729));
#6718 = CARTESIAN_POINT('',(11.9,-3.16));
#6719 = ( GEOMETRIC_REPRESENTATION_CONTEXT(2) 
PARAMETRIC_REPRESENTATION_CONTEXT() REPRESENTATION_CONTEXT('2D SPACE',''
  ) );
#6720 = PCURVE('',#6141,#6721);
#6721 = DEFINITIONAL_REPRESENTATION('',(#6722),#6726);
#6722 = LINE('',#6723,#6724);
#6723 = CARTESIAN_POINT('',(1.570796326795,20.));
#6724 = VECTOR('',#6725,1.);
#6725 = DIRECTION('',(-1.,0.));
#6726 = ( GEOMETRIC_REPRESENTATION_CONTEXT(2) 
PARAMETRIC_REPRESENTATION_CONTEXT() REPRESENTATION_CONTEXT('2D SPACE',''
  ) );
#6727 = ORIENTED_EDGE('',*,*,#6728,.T.);
#6728 = EDGE_CURVE('',#6701,#6729,#6731,.T.);
#6729 = VERTEX_POINT('',#6730);
#6730 = CARTESIAN_POINT('',(12.4,14.86,2.5));
#6731 = SURFACE_CURVE('',#6732,(#6736,#6743),.PCURVE_S1.);
#6732 = LINE('',#6733,#6734);
#6733 = CARTESIAN_POINT('',(11.3,14.86,2.5));
#6734 = VECTOR('',#6735,1.);
#6735 = DIRECTION('',(1.,0.,1.110223024625E-16));
#6736 = PCURVE('',#2629,#6737);
#6737 = DEFINITIONAL_REPRESENTATION('',(#6738),#6742);
#6738 = LINE('',#6739,#6740);
#6739 = CARTESIAN_POINT('',(11.3,-3.46));
#6740 = VECTOR('',#6741,1.);
#6741 = DIRECTION('',(1.,0.));
#6742 = ( GEOMETRIC_REPRESENTATION_CONTEXT(2) 
PARAMETRIC_REPRESENTATION_CONTEXT() REPRESENTATION_CONTEXT('2D SPACE',''
  ) );
#6743 = PCURVE('',#6169,#6744);
#6744 = DEFINITIONAL_REPRESENTATION('',(#6745),#6749);
#6745 = LINE('',#6746,#6747);
#6746 = CARTESIAN_POINT('',(-4.440892098501E-16,20.));
#6747 = VECTOR('',#6748,1.);
#6748 = DIRECTION('',(1.,0.));
#6749 = ( GEOMETRIC_REPRESENTATION_CONTEXT(2) 
PARAMETRIC_REPRESENTATION_CONTEXT() REPRESENTATION_CONTEXT('2D SPACE',''
  ) );
#6750 = ORIENTED_EDGE('',*,*,#6751,.T.);
#6751 = EDGE_CURVE('',#6729,#6752,#6754,.T.);
#6752 = VERTEX_POINT('',#6753);
#6753 = CARTESIAN_POINT('',(12.7,14.56,2.5));
#6754 = SURFACE_CURVE('',#6755,(#6760,#6767),.PCURVE_S1.);
#6755 = CIRCLE('',#6756,0.3);
#6756 = AXIS2_PLACEMENT_3D('',#6757,#6758,#6759);
#6757 = CARTESIAN_POINT('',(12.4,14.56,2.5));
#6758 = DIRECTION('',(1.110223024625E-16,0.,-1.));
#6759 = DIRECTION('',(1.,0.,1.110223024625E-16));
#6760 = PCURVE('',#2629,#6761);
#6761 = DEFINITIONAL_REPRESENTATION('',(#6762),#6766);
#6762 = CIRCLE('',#6763,0.3);
#6763 = AXIS2_PLACEMENT_2D('',#6764,#6765);
#6764 = CARTESIAN_POINT('',(12.4,-3.16));
#6765 = DIRECTION('',(1.,0.));
#6766 = ( GEOMETRIC_REPRESENTATION_CONTEXT(2) 
PARAMETRIC_REPRESENTATION_CONTEXT() REPRESENTATION_CONTEXT('2D SPACE',''
  ) );
#6767 = PCURVE('',#6198,#6768);
#6768 = DEFINITIONAL_REPRESENTATION('',(#6769),#6773);
#6769 = LINE('',#6770,#6771);
#6770 = CARTESIAN_POINT('',(-4.712388980385,20.));
#6771 = VECTOR('',#6772,1.);
#6772 = DIRECTION('',(1.,0.));
#6773 = ( GEOMETRIC_REPRESENTATION_CONTEXT(2) 
PARAMETRIC_REPRESENTATION_CONTEXT() REPRESENTATION_CONTEXT('2D SPACE',''
  ) );
#6774 = ORIENTED_EDGE('',*,*,#6775,.F.);
#6775 = EDGE_CURVE('',#6776,#6752,#6778,.T.);
#6776 = VERTEX_POINT('',#6777);
#6777 = CARTESIAN_POINT('',(12.7,13.6,2.5));
#6778 = SURFACE_CURVE('',#6779,(#6783,#6790),.PCURVE_S1.);
#6779 = LINE('',#6780,#6781);
#6780 = CARTESIAN_POINT('',(12.7,13.06,2.5));
#6781 = VECTOR('',#6782,1.);
#6782 = DIRECTION('',(0.,1.,0.));
#6783 = PCURVE('',#2629,#6784);
#6784 = DEFINITIONAL_REPRESENTATION('',(#6785),#6789);
#6785 = LINE('',#6786,#6787);
#6786 = CARTESIAN_POINT('',(12.7,-1.66));
#6787 = VECTOR('',#6788,1.);
#6788 = DIRECTION('',(0.,-1.));
#6789 = ( GEOMETRIC_REPRESENTATION_CONTEXT(2) 
PARAMETRIC_REPRESENTATION_CONTEXT() REPRESENTATION_CONTEXT('2D SPACE',''
  ) );
#6790 = PCURVE('',#6226,#6791);
#6791 = DEFINITIONAL_REPRESENTATION('',(#6792),#6796);
#6792 = LINE('',#6793,#6794);
#6793 = CARTESIAN_POINT('',(20.,0.));
#6794 = VECTOR('',#6795,1.);
#6795 = DIRECTION('',(0.,1.));
#6796 = ( GEOMETRIC_REPRESENTATION_CONTEXT(2) 
PARAMETRIC_REPRESENTATION_CONTEXT() REPRESENTATION_CONTEXT('2D SPACE',''
  ) );
#6797 = ORIENTED_EDGE('',*,*,#6798,.T.);
#6798 = EDGE_CURVE('',#6776,#6799,#6801,.T.);
#6799 = VERTEX_POINT('',#6800);
#6800 = CARTESIAN_POINT('',(13.2,13.6,2.5));
#6801 = SURFACE_CURVE('',#6802,(#6806,#6813),.PCURVE_S1.);
#6802 = LINE('',#6803,#6804);
#6803 = CARTESIAN_POINT('',(2.442490654175E-15,13.6,2.5));
#6804 = VECTOR('',#6805,1.);
#6805 = DIRECTION('',(1.,0.,1.110223024625E-16));
#6806 = PCURVE('',#2629,#6807);
#6807 = DEFINITIONAL_REPRESENTATION('',(#6808),#6812);
#6808 = LINE('',#6809,#6810);
#6809 = CARTESIAN_POINT('',(0.,-2.2));
#6810 = VECTOR('',#6811,1.);
#6811 = DIRECTION('',(1.,0.));
#6812 = ( GEOMETRIC_REPRESENTATION_CONTEXT(2) 
PARAMETRIC_REPRESENTATION_CONTEXT() REPRESENTATION_CONTEXT('2D SPACE',''
  ) );
#6813 = PCURVE('',#6254,#6814);
#6814 = DEFINITIONAL_REPRESENTATION('',(#6815),#6819);
#6815 = LINE('',#6816,#6817);
#6816 = CARTESIAN_POINT('',(0.,20.));
#6817 = VECTOR('',#6818,1.);
#6818 = DIRECTION('',(1.,0.));
#6819 = ( GEOMETRIC_REPRESENTATION_CONTEXT(2) 
PARAMETRIC_REPRESENTATION_CONTEXT() REPRESENTATION_CONTEXT('2D SPACE',''
  ) );
#6820 = ORIENTED_EDGE('',*,*,#6821,.T.);
#6821 = EDGE_CURVE('',#6799,#6822,#6824,.T.);
#6822 = VERTEX_POINT('',#6823);
#6823 = CARTESIAN_POINT('',(14.,12.8,2.5));
#6824 = SURFACE_CURVE('',#6825,(#6830,#6837),.PCURVE_S1.);
#6825 = CIRCLE('',#6826,0.8);
#6826 = AXIS2_PLACEMENT_3D('',#6827,#6828,#6829);
#6827 = CARTESIAN_POINT('',(13.2,12.8,2.5));
#6828 = DIRECTION('',(1.110223024625E-16,0.,-1.));
#6829 = DIRECTION('',(1.,0.,1.110223024625E-16));
#6830 = PCURVE('',#2629,#6831);
#6831 = DEFINITIONAL_REPRESENTATION('',(#6832),#6836);
#6832 = CIRCLE('',#6833,0.8);
#6833 = AXIS2_PLACEMENT_2D('',#6834,#6835);
#6834 = CARTESIAN_POINT('',(13.2,-1.4));
#6835 = DIRECTION('',(1.,0.));
#6836 = ( GEOMETRIC_REPRESENTATION_CONTEXT(2) 
PARAMETRIC_REPRESENTATION_CONTEXT() REPRESENTATION_CONTEXT('2D SPACE',''
  ) );
#6837 = PCURVE('',#6283,#6838);
#6838 = DEFINITIONAL_REPRESENTATION('',(#6839),#6843);
#6839 = LINE('',#6840,#6841);
#6840 = CARTESIAN_POINT('',(-4.712388980385,20.));
#6841 = VECTOR('',#6842,1.);
#6842 = DIRECTION('',(1.,0.));
#6843 = ( GEOMETRIC_REPRESENTATION_CONTEXT(2) 
PARAMETRIC_REPRESENTATION_CONTEXT() REPRESENTATION_CONTEXT('2D SPACE',''
  ) );
#6844 = ORIENTED_EDGE('',*,*,#6845,.F.);
#6845 = EDGE_CURVE('',#6846,#6822,#6848,.T.);
#6846 = VERTEX_POINT('',#6847);
#6847 = CARTESIAN_POINT('',(14.,12.2,2.5));
#6848 = SURFACE_CURVE('',#6849,(#6853,#6860),.PCURVE_S1.);
#6849 = LINE('',#6850,#6851);
#6850 = CARTESIAN_POINT('',(14.,11.4,2.5));
#6851 = VECTOR('',#6852,1.);
#6852 = DIRECTION('',(0.,1.,0.));
#6853 = PCURVE('',#2629,#6854);
#6854 = DEFINITIONAL_REPRESENTATION('',(#6855),#6859);
#6855 = LINE('',#6856,#6857);
#6856 = CARTESIAN_POINT('',(14.,0.));
#6857 = VECTOR('',#6858,1.);
#6858 = DIRECTION('',(0.,-1.));
#6859 = ( GEOMETRIC_REPRESENTATION_CONTEXT(2) 
PARAMETRIC_REPRESENTATION_CONTEXT() REPRESENTATION_CONTEXT('2D SPACE',''
  ) );
#6860 = PCURVE('',#6311,#6861);
#6861 = DEFINITIONAL_REPRESENTATION('',(#6862),#6866);
#6862 = LINE('',#6863,#6864);
#6863 = CARTESIAN_POINT('',(20.,0.));
#6864 = VECTOR('',#6865,1.);
#6865 = DIRECTION('',(0.,1.));
#6866 = ( GEOMETRIC_REPRESENTATION_CONTEXT(2) 
PARAMETRIC_REPRESENTATION_CONTEXT() REPRESENTATION_CONTEXT('2D SPACE',''
  ) );
#6867 = ORIENTED_EDGE('',*,*,#6868,.F.);
#6868 = EDGE_CURVE('',#6358,#6846,#6869,.T.);
#6869 = SURFACE_CURVE('',#6870,(#6875,#6886),.PCURVE_S1.);
#6870 = CIRCLE('',#6871,0.8);
#6871 = AXIS2_PLACEMENT_3D('',#6872,#6873,#6874);
#6872 = CARTESIAN_POINT('',(13.2,12.2,2.5));
#6873 = DIRECTION('',(-1.110223024625E-16,0.,1.));
#6874 = DIRECTION('',(1.,0.,1.110223024625E-16));
#6875 = PCURVE('',#2629,#6876);
#6876 = DEFINITIONAL_REPRESENTATION('',(#6877),#6885);
#6877 = ( BOUNDED_CURVE() B_SPLINE_CURVE(2,(#6878,#6879,#6880,#6881,
#6882,#6883,#6884),.UNSPECIFIED.,.T.,.F.) B_SPLINE_CURVE_WITH_KNOTS((1,2
    ,2,2,2,1),(-2.094395102393,0.,2.094395102393,4.188790204786,
6.28318530718,8.377580409573),.UNSPECIFIED.) CURVE() 
GEOMETRIC_REPRESENTATION_ITEM() RATIONAL_B_SPLINE_CURVE((1.,0.5,1.,0.5,
1.,0.5,1.)) REPRESENTATION_ITEM('') );
#6878 = CARTESIAN_POINT('',(14.,-0.8));
#6879 = CARTESIAN_POINT('',(14.,-2.185640646055));
#6880 = CARTESIAN_POINT('',(12.8,-1.492820323028));
#6881 = CARTESIAN_POINT('',(11.6,-0.8));
#6882 = CARTESIAN_POINT('',(12.8,-0.107179676972));
#6883 = CARTESIAN_POINT('',(14.,0.585640646055));
#6884 = CARTESIAN_POINT('',(14.,-0.8));
#6885 = ( GEOMETRIC_REPRESENTATION_CONTEXT(2) 
PARAMETRIC_REPRESENTATION_CONTEXT() REPRESENTATION_CONTEXT('2D SPACE',''
  ) );
#6886 = PCURVE('',#6342,#6887);
#6887 = DEFINITIONAL_REPRESENTATION('',(#6888),#6892);
#6888 = LINE('',#6889,#6890);
#6889 = CARTESIAN_POINT('',(4.712388980385,20.));
#6890 = VECTOR('',#6891,1.);
#6891 = DIRECTION('',(-1.,0.));
#6892 = ( GEOMETRIC_REPRESENTATION_CONTEXT(2) 
PARAMETRIC_REPRESENTATION_CONTEXT() REPRESENTATION_CONTEXT('2D SPACE',''
  ) );
#6893 = ADVANCED_FACE('',(#6894),#3169,.T.);
#6894 = FACE_BOUND('',#6895,.T.);
#6895 = EDGE_LOOP('',(#6896,#6897,#6898,#6919));
#6896 = ORIENTED_EDGE('',*,*,#3153,.T.);
#6897 = ORIENTED_EDGE('',*,*,#5358,.T.);
#6898 = ORIENTED_EDGE('',*,*,#6899,.F.);
#6899 = EDGE_CURVE('',#5592,#5331,#6900,.T.);
#6900 = SURFACE_CURVE('',#6901,(#6905,#6912),.PCURVE_S1.);
#6901 = LINE('',#6902,#6903);
#6902 = CARTESIAN_POINT('',(8.,4.,23.5));
#6903 = VECTOR('',#6904,1.);
#6904 = DIRECTION('',(1.110223024625E-16,0.,-1.));
#6905 = PCURVE('',#3169,#6906);
#6906 = DEFINITIONAL_REPRESENTATION('',(#6907),#6911);
#6907 = LINE('',#6908,#6909);
#6908 = CARTESIAN_POINT('',(2.,-3.));
#6909 = VECTOR('',#6910,1.);
#6910 = DIRECTION('',(0.,-1.));
#6911 = ( GEOMETRIC_REPRESENTATION_CONTEXT(2) 
PARAMETRIC_REPRESENTATION_CONTEXT() REPRESENTATION_CONTEXT('2D SPACE',''
  ) );
#6912 = PCURVE('',#5346,#6913);
#6913 = DEFINITIONAL_REPRESENTATION('',(#6914),#6918);
#6914 = LINE('',#6915,#6916);
#6915 = CARTESIAN_POINT('',(0.4,-3.));
#6916 = VECTOR('',#6917,1.);
#6917 = DIRECTION('',(0.,1.));
#6918 = ( GEOMETRIC_REPRESENTATION_CONTEXT(2) 
PARAMETRIC_REPRESENTATION_CONTEXT() REPRESENTATION_CONTEXT('2D SPACE',''
  ) );
#6919 = ORIENTED_EDGE('',*,*,#5614,.F.);
#6920 = ADVANCED_FACE('',(#6921),#3043,.T.);
#6921 = FACE_BOUND('',#6922,.T.);
#6922 = EDGE_LOOP('',(#6923,#6924,#6925,#6926));
#6923 = ORIENTED_EDGE('',*,*,#5380,.F.);
#6924 = ORIENTED_EDGE('',*,*,#3021,.F.);
#6925 = ORIENTED_EDGE('',*,*,#5129,.T.);
#6926 = ORIENTED_EDGE('',*,*,#5755,.F.);
#6927 = ADVANCED_FACE('',(#6928),#2914,.T.);
#6928 = FACE_BOUND('',#6929,.T.);
#6929 = EDGE_LOOP('',(#6930,#6931,#6932,#6933));
#6930 = ORIENTED_EDGE('',*,*,#3808,.F.);
#6931 = ORIENTED_EDGE('',*,*,#5107,.F.);
#6932 = ORIENTED_EDGE('',*,*,#2898,.T.);
#6933 = ORIENTED_EDGE('',*,*,#5009,.F.);
#6934 = ADVANCED_FACE('',(#6935),#3713,.T.);
#6935 = FACE_BOUND('',#6936,.T.);
#6936 = EDGE_LOOP('',(#6937,#6938,#6939,#6940));
#6937 = ORIENTED_EDGE('',*,*,#5229,.F.);
#6938 = ORIENTED_EDGE('',*,*,#5204,.T.);
#6939 = ORIENTED_EDGE('',*,*,#5085,.T.);
#6940 = ORIENTED_EDGE('',*,*,#3691,.T.);
#6941 = ADVANCED_FACE('',(#6942),#3599,.T.);
#6942 = FACE_BOUND('',#6943,.T.);
#6943 = EDGE_LOOP('',(#6944,#6945,#6946,#6967));
#6944 = ORIENTED_EDGE('',*,*,#3583,.F.);
#6945 = ORIENTED_EDGE('',*,*,#5522,.F.);
#6946 = ORIENTED_EDGE('',*,*,#6947,.T.);
#6947 = EDGE_CURVE('',#5523,#5252,#6948,.T.);
#6948 = SURFACE_CURVE('',#6949,(#6953,#6960),.PCURVE_S1.);
#6949 = LINE('',#6950,#6951);
#6950 = CARTESIAN_POINT('',(8.,-4.,23.5));
#6951 = VECTOR('',#6952,1.);
#6952 = DIRECTION('',(1.110223024625E-16,0.,-1.));
#6953 = PCURVE('',#3599,#6954);
#6954 = DEFINITIONAL_REPRESENTATION('',(#6955),#6959);
#6955 = LINE('',#6956,#6957);
#6956 = CARTESIAN_POINT('',(10.,-3.));
#6957 = VECTOR('',#6958,1.);
#6958 = DIRECTION('',(0.,-1.));
#6959 = ( GEOMETRIC_REPRESENTATION_CONTEXT(2) 
PARAMETRIC_REPRESENTATION_CONTEXT() REPRESENTATION_CONTEXT('2D SPACE',''
  ) );
#6960 = PCURVE('',#5290,#6961);
#6961 = DEFINITIONAL_REPRESENTATION('',(#6962),#6966);
#6962 = LINE('',#6963,#6964);
#6963 = CARTESIAN_POINT('',(0.4,-3.));
#6964 = VECTOR('',#6965,1.);
#6965 = DIRECTION('',(0.,1.));
#6966 = ( GEOMETRIC_REPRESENTATION_CONTEXT(2) 
PARAMETRIC_REPRESENTATION_CONTEXT() REPRESENTATION_CONTEXT('2D SPACE',''
  ) );
#6967 = ORIENTED_EDGE('',*,*,#5251,.T.);
#6968 = ADVANCED_FACE('',(#6969),#4362,.T.);
#6969 = FACE_BOUND('',#6970,.F.);
#6970 = EDGE_LOOP('',(#6971,#6972,#7000,#7021,#7022,#7045,#7082));
#6971 = ORIENTED_EDGE('',*,*,#4346,.F.);
#6972 = ORIENTED_EDGE('',*,*,#6973,.T.);
#6973 = EDGE_CURVE('',#4319,#6974,#6976,.T.);
#6974 = VERTEX_POINT('',#6975);
#6975 = CARTESIAN_POINT('',(2.231208132291E-15,-15.2,3.3));
#6976 = SURFACE_CURVE('',#6977,(#6982,#6989),.PCURVE_S1.);
#6977 = CIRCLE('',#6978,1.);
#6978 = AXIS2_PLACEMENT_3D('',#6979,#6980,#6981);
#6979 = CARTESIAN_POINT('',(2.353672812205E-15,-14.2,3.3));
#6980 = DIRECTION('',(-1.110223024625E-16,0.,1.));
#6981 = DIRECTION('',(0.,1.,0.));
#6982 = PCURVE('',#4362,#6983);
#6983 = DEFINITIONAL_REPRESENTATION('',(#6984),#6988);
#6984 = LINE('',#6985,#6986);
#6985 = CARTESIAN_POINT('',(-6.28318530718,-21.7));
#6986 = VECTOR('',#6987,1.);
#6987 = DIRECTION('',(1.,-0.));
#6988 = ( GEOMETRIC_REPRESENTATION_CONTEXT(2) 
PARAMETRIC_REPRESENTATION_CONTEXT() REPRESENTATION_CONTEXT('2D SPACE',''
  ) );
#6989 = PCURVE('',#4334,#6990);
#6990 = DEFINITIONAL_REPRESENTATION('',(#6991),#6999);
#6991 = ( BOUNDED_CURVE() B_SPLINE_CURVE(2,(#6992,#6993,#6994,#6995,
#6996,#6997,#6998),.UNSPECIFIED.,.T.,.F.) B_SPLINE_CURVE_WITH_KNOTS((1,2
    ,2,2,2,1),(-2.094395102393,0.,2.094395102393,4.188790204786,
6.28318530718,8.377580409573),.UNSPECIFIED.) CURVE() 
GEOMETRIC_REPRESENTATION_ITEM() RATIONAL_B_SPLINE_CURVE((1.,0.5,1.,0.5,
1.,0.5,1.)) REPRESENTATION_ITEM('') );
#6992 = CARTESIAN_POINT('',(-6.558349221473E-17,-1.));
#6993 = CARTESIAN_POINT('',(-1.732050807569,-1.));
#6994 = CARTESIAN_POINT('',(-0.866025403784,0.5));
#6995 = CARTESIAN_POINT('',(-3.105128520442E-16,2.));
#6996 = CARTESIAN_POINT('',(0.866025403784,0.5));
#6997 = CARTESIAN_POINT('',(1.732050807569,-1.));
#6998 = CARTESIAN_POINT('',(-6.558349221473E-17,-1.));
#6999 = ( GEOMETRIC_REPRESENTATION_CONTEXT(2) 
PARAMETRIC_REPRESENTATION_CONTEXT() REPRESENTATION_CONTEXT('2D SPACE',''
  ) );
#7000 = ORIENTED_EDGE('',*,*,#7001,.F.);
#7001 = EDGE_CURVE('',#4933,#6974,#7002,.T.);
#7002 = SURFACE_CURVE('',#7003,(#7007,#7014),.PCURVE_S1.);
#7003 = LINE('',#7004,#7005);
#7004 = CARTESIAN_POINT('',(-5.551115123126E-17,-15.2,25.));
#7005 = VECTOR('',#7006,1.);
#7006 = DIRECTION('',(-1.110223024625E-16,-0.,1.));
#7007 = PCURVE('',#4362,#7008);
#7008 = DEFINITIONAL_REPRESENTATION('',(#7009),#7013);
#7009 = LINE('',#7010,#7011);
#7010 = CARTESIAN_POINT('',(-3.14159265359,0.));
#7011 = VECTOR('',#7012,1.);
#7012 = DIRECTION('',(-0.,1.));
#7013 = ( GEOMETRIC_REPRESENTATION_CONTEXT(2) 
PARAMETRIC_REPRESENTATION_CONTEXT() REPRESENTATION_CONTEXT('2D SPACE',''
  ) );
#7014 = PCURVE('',#4838,#7015);
#7015 = DEFINITIONAL_REPRESENTATION('',(#7016),#7020);
#7016 = LINE('',#7017,#7018);
#7017 = CARTESIAN_POINT('',(71.5,56.8));
#7018 = VECTOR('',#7019,1.);
#7019 = DIRECTION('',(-1.,0.));
#7020 = ( GEOMETRIC_REPRESENTATION_CONTEXT(2) 
PARAMETRIC_REPRESENTATION_CONTEXT() REPRESENTATION_CONTEXT('2D SPACE',''
  ) );
#7021 = ORIENTED_EDGE('',*,*,#4955,.T.);
#7022 = ORIENTED_EDGE('',*,*,#7023,.T.);
#7023 = EDGE_CURVE('',#4347,#7024,#7026,.T.);
#7024 = VERTEX_POINT('',#7025);
#7025 = CARTESIAN_POINT('',(2.609135130172E-15,-13.2,0.999));
#7026 = SEAM_CURVE('',#7027,(#7031,#7038),.PCURVE_S1.);
#7027 = LINE('',#7028,#7029);
#7028 = CARTESIAN_POINT('',(-5.551115123126E-17,-13.2,25.));
#7029 = VECTOR('',#7030,1.);
#7030 = DIRECTION('',(1.110223024625E-16,0.,-1.));
#7031 = PCURVE('',#4362,#7032);
#7032 = DEFINITIONAL_REPRESENTATION('',(#7033),#7037);
#7033 = LINE('',#7034,#7035);
#7034 = CARTESIAN_POINT('',(-6.28318530718,0.));
#7035 = VECTOR('',#7036,1.);
#7036 = DIRECTION('',(-0.,-1.));
#7037 = ( GEOMETRIC_REPRESENTATION_CONTEXT(2) 
PARAMETRIC_REPRESENTATION_CONTEXT() REPRESENTATION_CONTEXT('2D SPACE',''
  ) );
#7038 = PCURVE('',#4362,#7039);
#7039 = DEFINITIONAL_REPRESENTATION('',(#7040),#7044);
#7040 = LINE('',#7041,#7042);
#7041 = CARTESIAN_POINT('',(-0.,0.));
#7042 = VECTOR('',#7043,1.);
#7043 = DIRECTION('',(-0.,-1.));
#7044 = ( GEOMETRIC_REPRESENTATION_CONTEXT(2) 
PARAMETRIC_REPRESENTATION_CONTEXT() REPRESENTATION_CONTEXT('2D SPACE',''
  ) );
#7045 = ORIENTED_EDGE('',*,*,#7046,.T.);
#7046 = EDGE_CURVE('',#7024,#7024,#7047,.T.);
#7047 = SURFACE_CURVE('',#7048,(#7053,#7060),.PCURVE_S1.);
#7048 = CIRCLE('',#7049,1.);
#7049 = AXIS2_PLACEMENT_3D('',#7050,#7051,#7052);
#7050 = CARTESIAN_POINT('',(2.609135130172E-15,-14.2,0.999));
#7051 = DIRECTION('',(1.110223024625E-16,0.,-1.));
#7052 = DIRECTION('',(0.,1.,0.));
#7053 = PCURVE('',#4362,#7054);
#7054 = DEFINITIONAL_REPRESENTATION('',(#7055),#7059);
#7055 = LINE('',#7056,#7057);
#7056 = CARTESIAN_POINT('',(-0.,-24.001));
#7057 = VECTOR('',#7058,1.);
#7058 = DIRECTION('',(-1.,0.));
#7059 = ( GEOMETRIC_REPRESENTATION_CONTEXT(2) 
PARAMETRIC_REPRESENTATION_CONTEXT() REPRESENTATION_CONTEXT('2D SPACE',''
  ) );
#7060 = PCURVE('',#7061,#7076);
#7061 = SURFACE_OF_REVOLUTION('',#7062,#7073);
#7062 = B_SPLINE_CURVE_WITH_KNOTS('',5,(#7063,#7064,#7065,#7066,#7067,
    #7068,#7069,#7070,#7071,#7072),.UNSPECIFIED.,.F.,.F.,(6,4,6),(0.,
    0.785398163397,1.570796326795),.UNSPECIFIED.);
#7063 = CARTESIAN_POINT('',(2.609135130172E-15,-13.2,0.999));
#7064 = CARTESIAN_POINT('',(2.626557033319E-15,-13.2,0.842077446953));
#7065 = CARTESIAN_POINT('',(2.643979212483E-15,-13.23080475735,
    0.685152407772));
#7066 = CARTESIAN_POINT('',(2.660504445736E-15,-13.29245881768,
    0.536306339135));
#7067 = CARTESIAN_POINT('',(2.675242102626E-15,-13.38163932421,
    0.403561326975));
#7068 = CARTESIAN_POINT('',(2.69988039434E-15,-13.60356132697,
    0.181639324214));
#7069 = CARTESIAN_POINT('',(2.709781419509E-15,-13.73630633913,
    9.245881768836E-02));
#7070 = CARTESIAN_POINT('',(2.716626395244E-15,-13.88515240777,
    3.080475735286E-02));
#7071 = CARTESIAN_POINT('',(2.720046410332E-15,-14.04207744695,
    -1.064740980906E-15));
#7072 = CARTESIAN_POINT('',(2.720046410332E-15,-14.199,
    -1.20736753928E-15));
#7073 = AXIS1_PLACEMENT('',#7074,#7075);
#7074 = CARTESIAN_POINT('',(2.609135130172E-15,-14.2,0.999));
#7075 = DIRECTION('',(1.110223024625E-16,0.,-1.));
#7076 = DEFINITIONAL_REPRESENTATION('',(#7077),#7081);
#7077 = LINE('',#7078,#7079);
#7078 = CARTESIAN_POINT('',(0.,0.));
#7079 = VECTOR('',#7080,1.);
#7080 = DIRECTION('',(1.,0.));
#7081 = ( GEOMETRIC_REPRESENTATION_CONTEXT(2) 
PARAMETRIC_REPRESENTATION_CONTEXT() REPRESENTATION_CONTEXT('2D SPACE',''
  ) );
#7082 = ORIENTED_EDGE('',*,*,#7023,.F.);
#7083 = ADVANCED_FACE('',(#7084),#4334,.T.);
#7084 = FACE_BOUND('',#7085,.T.);
#7085 = EDGE_LOOP('',(#7086,#7110,#7111,#7112));
#7086 = ORIENTED_EDGE('',*,*,#7087,.T.);
#7087 = EDGE_CURVE('',#7088,#4291,#7090,.T.);
#7088 = VERTEX_POINT('',#7089);
#7089 = CARTESIAN_POINT('',(2.623095108018E-15,-16.4,3.3));
#7090 = SURFACE_CURVE('',#7091,(#7096,#7103),.PCURVE_S1.);
#7091 = CIRCLE('',#7092,2.2);
#7092 = AXIS2_PLACEMENT_3D('',#7093,#7094,#7095);
#7093 = CARTESIAN_POINT('',(2.353672812205E-15,-14.2,3.3));
#7094 = DIRECTION('',(1.110223024625E-16,0.,-1.));
#7095 = DIRECTION('',(0.,1.,0.));
#7096 = PCURVE('',#4334,#7097);
#7097 = DEFINITIONAL_REPRESENTATION('',(#7098),#7102);
#7098 = CIRCLE('',#7099,2.2);
#7099 = AXIS2_PLACEMENT_2D('',#7100,#7101);
#7100 = CARTESIAN_POINT('',(-6.558349221473E-17,0.));
#7101 = DIRECTION('',(0.,-1.));
#7102 = ( GEOMETRIC_REPRESENTATION_CONTEXT(2) 
PARAMETRIC_REPRESENTATION_CONTEXT() REPRESENTATION_CONTEXT('2D SPACE',''
  ) );
#7103 = PCURVE('',#4306,#7104);
#7104 = DEFINITIONAL_REPRESENTATION('',(#7105),#7109);
#7105 = LINE('',#7106,#7107);
#7106 = CARTESIAN_POINT('',(-0.,-2.));
#7107 = VECTOR('',#7108,1.);
#7108 = DIRECTION('',(-1.,0.));
#7109 = ( GEOMETRIC_REPRESENTATION_CONTEXT(2) 
PARAMETRIC_REPRESENTATION_CONTEXT() REPRESENTATION_CONTEXT('2D SPACE',''
  ) );
#7110 = ORIENTED_EDGE('',*,*,#4318,.F.);
#7111 = ORIENTED_EDGE('',*,*,#6973,.T.);
#7112 = ORIENTED_EDGE('',*,*,#7113,.F.);
#7113 = EDGE_CURVE('',#7088,#6974,#7114,.T.);
#7114 = SURFACE_CURVE('',#7115,(#7119,#7126),.PCURVE_S1.);
#7115 = LINE('',#7116,#7117);
#7116 = CARTESIAN_POINT('',(2.353672812205E-15,-43.1,3.3));
#7117 = VECTOR('',#7118,1.);
#7118 = DIRECTION('',(0.,1.,0.));
#7119 = PCURVE('',#4334,#7120);
#7120 = DEFINITIONAL_REPRESENTATION('',(#7121),#7125);
#7121 = LINE('',#7122,#7123);
#7122 = CARTESIAN_POINT('',(-6.558349221473E-17,28.9));
#7123 = VECTOR('',#7124,1.);
#7124 = DIRECTION('',(0.,-1.));
#7125 = ( GEOMETRIC_REPRESENTATION_CONTEXT(2) 
PARAMETRIC_REPRESENTATION_CONTEXT() REPRESENTATION_CONTEXT('2D SPACE',''
  ) );
#7126 = PCURVE('',#4838,#7127);
#7127 = DEFINITIONAL_REPRESENTATION('',(#7128),#7132);
#7128 = LINE('',#7129,#7130);
#7129 = CARTESIAN_POINT('',(93.2,28.9));
#7130 = VECTOR('',#7131,1.);
#7131 = DIRECTION('',(0.,1.));
#7132 = ( GEOMETRIC_REPRESENTATION_CONTEXT(2) 
PARAMETRIC_REPRESENTATION_CONTEXT() REPRESENTATION_CONTEXT('2D SPACE',''
  ) );
#7133 = ADVANCED_FACE('',(#7134),#4306,.T.);
#7134 = FACE_BOUND('',#7135,.F.);
#7135 = EDGE_LOOP('',(#7136,#7137,#7161,#7182));
#7136 = ORIENTED_EDGE('',*,*,#4290,.F.);
#7137 = ORIENTED_EDGE('',*,*,#7138,.F.);
#7138 = EDGE_CURVE('',#7139,#4263,#7141,.T.);
#7139 = VERTEX_POINT('',#7140);
#7140 = CARTESIAN_POINT('',(2.401050503093E-15,-16.4,5.3));
#7141 = SURFACE_CURVE('',#7142,(#7147,#7154),.PCURVE_S1.);
#7142 = CIRCLE('',#7143,2.2);
#7143 = AXIS2_PLACEMENT_3D('',#7144,#7145,#7146);
#7144 = CARTESIAN_POINT('',(2.13162820728E-15,-14.2,5.3));
#7145 = DIRECTION('',(1.110223024625E-16,0.,-1.));
#7146 = DIRECTION('',(0.,1.,0.));
#7147 = PCURVE('',#4306,#7148);
#7148 = DEFINITIONAL_REPRESENTATION('',(#7149),#7153);
#7149 = LINE('',#7150,#7151);
#7150 = CARTESIAN_POINT('',(-0.,0.));
#7151 = VECTOR('',#7152,1.);
#7152 = DIRECTION('',(-1.,0.));
#7153 = ( GEOMETRIC_REPRESENTATION_CONTEXT(2) 
PARAMETRIC_REPRESENTATION_CONTEXT() REPRESENTATION_CONTEXT('2D SPACE',''
  ) );
#7154 = PCURVE('',#4278,#7155);
#7155 = DEFINITIONAL_REPRESENTATION('',(#7156),#7160);
#7156 = CIRCLE('',#7157,2.2);
#7157 = AXIS2_PLACEMENT_2D('',#7158,#7159);
#7158 = CARTESIAN_POINT('',(-6.558349221473E-17,0.));
#7159 = DIRECTION('',(0.,-1.));
#7160 = ( GEOMETRIC_REPRESENTATION_CONTEXT(2) 
PARAMETRIC_REPRESENTATION_CONTEXT() REPRESENTATION_CONTEXT('2D SPACE',''
  ) );
#7161 = ORIENTED_EDGE('',*,*,#7162,.F.);
#7162 = EDGE_CURVE('',#7088,#7139,#7163,.T.);
#7163 = SURFACE_CURVE('',#7164,(#7168,#7175),.PCURVE_S1.);
#7164 = LINE('',#7165,#7166);
#7165 = CARTESIAN_POINT('',(2.13162820728E-15,-16.4,5.3));
#7166 = VECTOR('',#7167,1.);
#7167 = DIRECTION('',(-1.110223024625E-16,-0.,1.));
#7168 = PCURVE('',#4306,#7169);
#7169 = DEFINITIONAL_REPRESENTATION('',(#7170),#7174);
#7170 = LINE('',#7171,#7172);
#7171 = CARTESIAN_POINT('',(-3.14159265359,0.));
#7172 = VECTOR('',#7173,1.);
#7173 = DIRECTION('',(-0.,1.));
#7174 = ( GEOMETRIC_REPRESENTATION_CONTEXT(2) 
PARAMETRIC_REPRESENTATION_CONTEXT() REPRESENTATION_CONTEXT('2D SPACE',''
  ) );
#7175 = PCURVE('',#4838,#7176);
#7176 = DEFINITIONAL_REPRESENTATION('',(#7177),#7181);
#7177 = LINE('',#7178,#7179);
#7178 = CARTESIAN_POINT('',(91.2,55.6));
#7179 = VECTOR('',#7180,1.);
#7180 = DIRECTION('',(-1.,0.));
#7181 = ( GEOMETRIC_REPRESENTATION_CONTEXT(2) 
PARAMETRIC_REPRESENTATION_CONTEXT() REPRESENTATION_CONTEXT('2D SPACE',''
  ) );
#7182 = ORIENTED_EDGE('',*,*,#7087,.T.);
#7183 = ADVANCED_FACE('',(#7184),#4278,.F.);
#7184 = FACE_BOUND('',#7185,.F.);
#7185 = EDGE_LOOP('',(#7186,#7187,#7188,#7216));
#7186 = ORIENTED_EDGE('',*,*,#7138,.T.);
#7187 = ORIENTED_EDGE('',*,*,#4262,.F.);
#7188 = ORIENTED_EDGE('',*,*,#7189,.T.);
#7189 = EDGE_CURVE('',#4240,#7190,#7192,.T.);
#7190 = VERTEX_POINT('',#7191);
#7191 = CARTESIAN_POINT('',(2.009163527366E-15,-15.2,5.3));
#7192 = SURFACE_CURVE('',#7193,(#7198,#7209),.PCURVE_S1.);
#7193 = CIRCLE('',#7194,1.);
#7194 = AXIS2_PLACEMENT_3D('',#7195,#7196,#7197);
#7195 = CARTESIAN_POINT('',(2.13162820728E-15,-14.2,5.3));
#7196 = DIRECTION('',(-1.110223024625E-16,0.,1.));
#7197 = DIRECTION('',(0.,1.,0.));
#7198 = PCURVE('',#4278,#7199);
#7199 = DEFINITIONAL_REPRESENTATION('',(#7200),#7208);
#7200 = ( BOUNDED_CURVE() B_SPLINE_CURVE(2,(#7201,#7202,#7203,#7204,
#7205,#7206,#7207),.UNSPECIFIED.,.T.,.F.) B_SPLINE_CURVE_WITH_KNOTS((1,2
    ,2,2,2,1),(-2.094395102393,0.,2.094395102393,4.188790204786,
6.28318530718,8.377580409573),.UNSPECIFIED.) CURVE() 
GEOMETRIC_REPRESENTATION_ITEM() RATIONAL_B_SPLINE_CURVE((1.,0.5,1.,0.5,
1.,0.5,1.)) REPRESENTATION_ITEM('') );
#7201 = CARTESIAN_POINT('',(-6.558349221473E-17,-1.));
#7202 = CARTESIAN_POINT('',(-1.732050807569,-1.));
#7203 = CARTESIAN_POINT('',(-0.866025403784,0.5));
#7204 = CARTESIAN_POINT('',(-3.105128520442E-16,2.));
#7205 = CARTESIAN_POINT('',(0.866025403784,0.5));
#7206 = CARTESIAN_POINT('',(1.732050807569,-1.));
#7207 = CARTESIAN_POINT('',(-6.558349221473E-17,-1.));
#7208 = ( GEOMETRIC_REPRESENTATION_CONTEXT(2) 
PARAMETRIC_REPRESENTATION_CONTEXT() REPRESENTATION_CONTEXT('2D SPACE',''
  ) );
#7209 = PCURVE('',#4114,#7210);
#7210 = DEFINITIONAL_REPRESENTATION('',(#7211),#7215);
#7211 = LINE('',#7212,#7213);
#7212 = CARTESIAN_POINT('',(-6.28318530718,-19.7));
#7213 = VECTOR('',#7214,1.);
#7214 = DIRECTION('',(1.,-0.));
#7215 = ( GEOMETRIC_REPRESENTATION_CONTEXT(2) 
PARAMETRIC_REPRESENTATION_CONTEXT() REPRESENTATION_CONTEXT('2D SPACE',''
  ) );
#7216 = ORIENTED_EDGE('',*,*,#7217,.F.);
#7217 = EDGE_CURVE('',#7139,#7190,#7218,.T.);
#7218 = SURFACE_CURVE('',#7219,(#7223,#7230),.PCURVE_S1.);
#7219 = LINE('',#7220,#7221);
#7220 = CARTESIAN_POINT('',(2.13162820728E-15,-43.1,5.3));
#7221 = VECTOR('',#7222,1.);
#7222 = DIRECTION('',(0.,1.,0.));
#7223 = PCURVE('',#4278,#7224);
#7224 = DEFINITIONAL_REPRESENTATION('',(#7225),#7229);
#7225 = LINE('',#7226,#7227);
#7226 = CARTESIAN_POINT('',(-6.558349221473E-17,28.9));
#7227 = VECTOR('',#7228,1.);
#7228 = DIRECTION('',(0.,-1.));
#7229 = ( GEOMETRIC_REPRESENTATION_CONTEXT(2) 
PARAMETRIC_REPRESENTATION_CONTEXT() REPRESENTATION_CONTEXT('2D SPACE',''
  ) );
#7230 = PCURVE('',#4838,#7231);
#7231 = DEFINITIONAL_REPRESENTATION('',(#7232),#7236);
#7232 = LINE('',#7233,#7234);
#7233 = CARTESIAN_POINT('',(91.2,28.9));
#7234 = VECTOR('',#7235,1.);
#7235 = DIRECTION('',(0.,1.));
#7236 = ( GEOMETRIC_REPRESENTATION_CONTEXT(2) 
PARAMETRIC_REPRESENTATION_CONTEXT() REPRESENTATION_CONTEXT('2D SPACE',''
  ) );
#7237 = ADVANCED_FACE('',(#7238),#4114,.T.);
#7238 = FACE_BOUND('',#7239,.F.);
#7239 = EDGE_LOOP('',(#7240,#7241,#7269,#7290,#7291,#7312,#7313,#7334,
    #7335,#7356,#7357,#7378,#7379,#7380,#7381,#7382));
#7240 = ORIENTED_EDGE('',*,*,#4098,.F.);
#7241 = ORIENTED_EDGE('',*,*,#7242,.T.);
#7242 = EDGE_CURVE('',#4071,#7243,#7245,.T.);
#7243 = VERTEX_POINT('',#7244);
#7244 = CARTESIAN_POINT('',(4.104423719053E-16,-15.2,19.7));
#7245 = SURFACE_CURVE('',#7246,(#7251,#7258),.PCURVE_S1.);
#7246 = CIRCLE('',#7247,1.);
#7247 = AXIS2_PLACEMENT_3D('',#7248,#7249,#7250);
#7248 = CARTESIAN_POINT('',(5.329070518201E-16,-14.2,19.7));
#7249 = DIRECTION('',(-1.110223024625E-16,0.,1.));
#7250 = DIRECTION('',(0.,1.,0.));
#7251 = PCURVE('',#4114,#7252);
#7252 = DEFINITIONAL_REPRESENTATION('',(#7253),#7257);
#7253 = LINE('',#7254,#7255);
#7254 = CARTESIAN_POINT('',(-6.28318530718,-5.3));
#7255 = VECTOR('',#7256,1.);
#7256 = DIRECTION('',(1.,-0.));
#7257 = ( GEOMETRIC_REPRESENTATION_CONTEXT(2) 
PARAMETRIC_REPRESENTATION_CONTEXT() REPRESENTATION_CONTEXT('2D SPACE',''
  ) );
#7258 = PCURVE('',#4086,#7259);
#7259 = DEFINITIONAL_REPRESENTATION('',(#7260),#7268);
#7260 = ( BOUNDED_CURVE() B_SPLINE_CURVE(2,(#7261,#7262,#7263,#7264,
#7265,#7266,#7267),.UNSPECIFIED.,.T.,.F.) B_SPLINE_CURVE_WITH_KNOTS((1,2
    ,2,2,2,1),(-2.094395102393,0.,2.094395102393,4.188790204786,
6.28318530718,8.377580409573),.UNSPECIFIED.) CURVE() 
GEOMETRIC_REPRESENTATION_ITEM() RATIONAL_B_SPLINE_CURVE((1.,0.5,1.,0.5,
1.,0.5,1.)) REPRESENTATION_ITEM('') );
#7261 = CARTESIAN_POINT('',(-6.558349221473E-17,-1.));
#7262 = CARTESIAN_POINT('',(-1.732050807569,-1.));
#7263 = CARTESIAN_POINT('',(-0.866025403784,0.5));
#7264 = CARTESIAN_POINT('',(-3.105128520442E-16,2.));
#7265 = CARTESIAN_POINT('',(0.866025403784,0.5));
#7266 = CARTESIAN_POINT('',(1.732050807569,-1.));
#7267 = CARTESIAN_POINT('',(-6.558349221473E-17,-1.));
#7268 = ( GEOMETRIC_REPRESENTATION_CONTEXT(2) 
PARAMETRIC_REPRESENTATION_CONTEXT() REPRESENTATION_CONTEXT('2D SPACE',''
  ) );
#7269 = ORIENTED_EDGE('',*,*,#7270,.F.);
#7270 = EDGE_CURVE('',#4557,#7243,#7271,.T.);
#7271 = SURFACE_CURVE('',#7272,(#7276,#7283),.PCURVE_S1.);
#7272 = LINE('',#7273,#7274);
#7273 = CARTESIAN_POINT('',(-5.551115123126E-17,-15.2,25.));
#7274 = VECTOR('',#7275,1.);
#7275 = DIRECTION('',(-1.110223024625E-16,-0.,1.));
#7276 = PCURVE('',#4114,#7277);
#7277 = DEFINITIONAL_REPRESENTATION('',(#7278),#7282);
#7278 = LINE('',#7279,#7280);
#7279 = CARTESIAN_POINT('',(-3.14159265359,0.));
#7280 = VECTOR('',#7281,1.);
#7281 = DIRECTION('',(-0.,1.));
#7282 = ( GEOMETRIC_REPRESENTATION_CONTEXT(2) 
PARAMETRIC_REPRESENTATION_CONTEXT() REPRESENTATION_CONTEXT('2D SPACE',''
  ) );
#7283 = PCURVE('',#4462,#7284);
#7284 = DEFINITIONAL_REPRESENTATION('',(#7285),#7289);
#7285 = LINE('',#7286,#7287);
#7286 = CARTESIAN_POINT('',(71.5,56.8));
#7287 = VECTOR('',#7288,1.);
#7288 = DIRECTION('',(-1.,0.));
#7289 = ( GEOMETRIC_REPRESENTATION_CONTEXT(2) 
PARAMETRIC_REPRESENTATION_CONTEXT() REPRESENTATION_CONTEXT('2D SPACE',''
  ) );
#7290 = ORIENTED_EDGE('',*,*,#4579,.T.);
#7291 = ORIENTED_EDGE('',*,*,#7292,.T.);
#7292 = EDGE_CURVE('',#4099,#4149,#7293,.T.);
#7293 = SEAM_CURVE('',#7294,(#7298,#7305),.PCURVE_S1.);
#7294 = LINE('',#7295,#7296);
#7295 = CARTESIAN_POINT('',(-5.551115123126E-17,-13.2,25.));
#7296 = VECTOR('',#7297,1.);
#7297 = DIRECTION('',(1.110223024625E-16,0.,-1.));
#7298 = PCURVE('',#4114,#7299);
#7299 = DEFINITIONAL_REPRESENTATION('',(#7300),#7304);
#7300 = LINE('',#7301,#7302);
#7301 = CARTESIAN_POINT('',(-6.28318530718,0.));
#7302 = VECTOR('',#7303,1.);
#7303 = DIRECTION('',(-0.,-1.));
#7304 = ( GEOMETRIC_REPRESENTATION_CONTEXT(2) 
PARAMETRIC_REPRESENTATION_CONTEXT() REPRESENTATION_CONTEXT('2D SPACE',''
  ) );
#7305 = PCURVE('',#4114,#7306);
#7306 = DEFINITIONAL_REPRESENTATION('',(#7307),#7311);
#7307 = LINE('',#7308,#7309);
#7308 = CARTESIAN_POINT('',(-0.,0.));
#7309 = VECTOR('',#7310,1.);
#7310 = DIRECTION('',(-0.,-1.));
#7311 = ( GEOMETRIC_REPRESENTATION_CONTEXT(2) 
PARAMETRIC_REPRESENTATION_CONTEXT() REPRESENTATION_CONTEXT('2D SPACE',''
  ) );
#7312 = ORIENTED_EDGE('',*,*,#4662,.F.);
#7313 = ORIENTED_EDGE('',*,*,#7314,.F.);
#7314 = EDGE_CURVE('',#4745,#4635,#7315,.T.);
#7315 = SURFACE_CURVE('',#7316,(#7320,#7327),.PCURVE_S1.);
#7316 = LINE('',#7317,#7318);
#7317 = CARTESIAN_POINT('',(-5.551115123126E-17,-15.2,25.));
#7318 = VECTOR('',#7319,1.);
#7319 = DIRECTION('',(-1.110223024625E-16,-0.,1.));
#7320 = PCURVE('',#4114,#7321);
#7321 = DEFINITIONAL_REPRESENTATION('',(#7322),#7326);
#7322 = LINE('',#7323,#7324);
#7323 = CARTESIAN_POINT('',(-3.14159265359,0.));
#7324 = VECTOR('',#7325,1.);
#7325 = DIRECTION('',(-0.,1.));
#7326 = ( GEOMETRIC_REPRESENTATION_CONTEXT(2) 
PARAMETRIC_REPRESENTATION_CONTEXT() REPRESENTATION_CONTEXT('2D SPACE',''
  ) );
#7327 = PCURVE('',#4650,#7328);
#7328 = DEFINITIONAL_REPRESENTATION('',(#7329),#7333);
#7329 = LINE('',#7330,#7331);
#7330 = CARTESIAN_POINT('',(71.5,56.8));
#7331 = VECTOR('',#7332,1.);
#7332 = DIRECTION('',(-1.,0.));
#7333 = ( GEOMETRIC_REPRESENTATION_CONTEXT(2) 
PARAMETRIC_REPRESENTATION_CONTEXT() REPRESENTATION_CONTEXT('2D SPACE',''
  ) );
#7334 = ORIENTED_EDGE('',*,*,#4767,.T.);
#7335 = ORIENTED_EDGE('',*,*,#7336,.T.);
#7336 = EDGE_CURVE('',#4172,#4217,#7337,.T.);
#7337 = SEAM_CURVE('',#7338,(#7342,#7349),.PCURVE_S1.);
#7338 = LINE('',#7339,#7340);
#7339 = CARTESIAN_POINT('',(-5.551115123126E-17,-13.2,25.));
#7340 = VECTOR('',#7341,1.);
#7341 = DIRECTION('',(1.110223024625E-16,0.,-1.));
#7342 = PCURVE('',#4114,#7343);
#7343 = DEFINITIONAL_REPRESENTATION('',(#7344),#7348);
#7344 = LINE('',#7345,#7346);
#7345 = CARTESIAN_POINT('',(-6.28318530718,0.));
#7346 = VECTOR('',#7347,1.);
#7347 = DIRECTION('',(-0.,-1.));
#7348 = ( GEOMETRIC_REPRESENTATION_CONTEXT(2) 
PARAMETRIC_REPRESENTATION_CONTEXT() REPRESENTATION_CONTEXT('2D SPACE',''
  ) );
#7349 = PCURVE('',#4114,#7350);
#7350 = DEFINITIONAL_REPRESENTATION('',(#7351),#7355);
#7351 = LINE('',#7352,#7353);
#7352 = CARTESIAN_POINT('',(-0.,0.));
#7353 = VECTOR('',#7354,1.);
#7354 = DIRECTION('',(-0.,-1.));
#7355 = ( GEOMETRIC_REPRESENTATION_CONTEXT(2) 
PARAMETRIC_REPRESENTATION_CONTEXT() REPRESENTATION_CONTEXT('2D SPACE',''
  ) );
#7356 = ORIENTED_EDGE('',*,*,#4850,.F.);
#7357 = ORIENTED_EDGE('',*,*,#7358,.F.);
#7358 = EDGE_CURVE('',#7190,#4823,#7359,.T.);
#7359 = SURFACE_CURVE('',#7360,(#7364,#7371),.PCURVE_S1.);
#7360 = LINE('',#7361,#7362);
#7361 = CARTESIAN_POINT('',(-5.551115123126E-17,-15.2,25.));
#7362 = VECTOR('',#7363,1.);
#7363 = DIRECTION('',(-1.110223024625E-16,-0.,1.));
#7364 = PCURVE('',#4114,#7365);
#7365 = DEFINITIONAL_REPRESENTATION('',(#7366),#7370);
#7366 = LINE('',#7367,#7368);
#7367 = CARTESIAN_POINT('',(-3.14159265359,0.));
#7368 = VECTOR('',#7369,1.);
#7369 = DIRECTION('',(-0.,1.));
#7370 = ( GEOMETRIC_REPRESENTATION_CONTEXT(2) 
PARAMETRIC_REPRESENTATION_CONTEXT() REPRESENTATION_CONTEXT('2D SPACE',''
  ) );
#7371 = PCURVE('',#4838,#7372);
#7372 = DEFINITIONAL_REPRESENTATION('',(#7373),#7377);
#7373 = LINE('',#7374,#7375);
#7374 = CARTESIAN_POINT('',(71.5,56.8));
#7375 = VECTOR('',#7376,1.);
#7376 = DIRECTION('',(-1.,0.));
#7377 = ( GEOMETRIC_REPRESENTATION_CONTEXT(2) 
PARAMETRIC_REPRESENTATION_CONTEXT() REPRESENTATION_CONTEXT('2D SPACE',''
  ) );
#7378 = ORIENTED_EDGE('',*,*,#7189,.F.);
#7379 = ORIENTED_EDGE('',*,*,#4239,.F.);
#7380 = ORIENTED_EDGE('',*,*,#7336,.F.);
#7381 = ORIENTED_EDGE('',*,*,#4171,.F.);
#7382 = ORIENTED_EDGE('',*,*,#7292,.F.);
#7383 = ADVANCED_FACE('',(#7384),#4086,.T.);
#7384 = FACE_BOUND('',#7385,.T.);
#7385 = EDGE_LOOP('',(#7386,#7410,#7411,#7412));
#7386 = ORIENTED_EDGE('',*,*,#7387,.T.);
#7387 = EDGE_CURVE('',#7388,#4043,#7390,.T.);
#7388 = VERTEX_POINT('',#7389);
#7389 = CARTESIAN_POINT('',(8.023293476325E-16,-16.4,19.7));
#7390 = SURFACE_CURVE('',#7391,(#7396,#7403),.PCURVE_S1.);
#7391 = CIRCLE('',#7392,2.2);
#7392 = AXIS2_PLACEMENT_3D('',#7393,#7394,#7395);
#7393 = CARTESIAN_POINT('',(5.329070518201E-16,-14.2,19.7));
#7394 = DIRECTION('',(1.110223024625E-16,0.,-1.));
#7395 = DIRECTION('',(0.,1.,0.));
#7396 = PCURVE('',#4086,#7397);
#7397 = DEFINITIONAL_REPRESENTATION('',(#7398),#7402);
#7398 = CIRCLE('',#7399,2.2);
#7399 = AXIS2_PLACEMENT_2D('',#7400,#7401);
#7400 = CARTESIAN_POINT('',(-6.558349221473E-17,0.));
#7401 = DIRECTION('',(0.,-1.));
#7402 = ( GEOMETRIC_REPRESENTATION_CONTEXT(2) 
PARAMETRIC_REPRESENTATION_CONTEXT() REPRESENTATION_CONTEXT('2D SPACE',''
  ) );
#7403 = PCURVE('',#4058,#7404);
#7404 = DEFINITIONAL_REPRESENTATION('',(#7405),#7409);
#7405 = LINE('',#7406,#7407);
#7406 = CARTESIAN_POINT('',(-0.,-2.));
#7407 = VECTOR('',#7408,1.);
#7408 = DIRECTION('',(-1.,0.));
#7409 = ( GEOMETRIC_REPRESENTATION_CONTEXT(2) 
PARAMETRIC_REPRESENTATION_CONTEXT() REPRESENTATION_CONTEXT('2D SPACE',''
  ) );
#7410 = ORIENTED_EDGE('',*,*,#4070,.F.);
#7411 = ORIENTED_EDGE('',*,*,#7242,.T.);
#7412 = ORIENTED_EDGE('',*,*,#7413,.F.);
#7413 = EDGE_CURVE('',#7388,#7243,#7414,.T.);
#7414 = SURFACE_CURVE('',#7415,(#7419,#7426),.PCURVE_S1.);
#7415 = LINE('',#7416,#7417);
#7416 = CARTESIAN_POINT('',(5.329070518201E-16,-43.1,19.7));
#7417 = VECTOR('',#7418,1.);
#7418 = DIRECTION('',(0.,1.,0.));
#7419 = PCURVE('',#4086,#7420);
#7420 = DEFINITIONAL_REPRESENTATION('',(#7421),#7425);
#7421 = LINE('',#7422,#7423);
#7422 = CARTESIAN_POINT('',(-6.558349221473E-17,28.9));
#7423 = VECTOR('',#7424,1.);
#7424 = DIRECTION('',(0.,-1.));
#7425 = ( GEOMETRIC_REPRESENTATION_CONTEXT(2) 
PARAMETRIC_REPRESENTATION_CONTEXT() REPRESENTATION_CONTEXT('2D SPACE',''
  ) );
#7426 = PCURVE('',#4462,#7427);
#7427 = DEFINITIONAL_REPRESENTATION('',(#7428),#7432);
#7428 = LINE('',#7429,#7430);
#7429 = CARTESIAN_POINT('',(76.8,28.9));
#7430 = VECTOR('',#7431,1.);
#7431 = DIRECTION('',(0.,1.));
#7432 = ( GEOMETRIC_REPRESENTATION_CONTEXT(2) 
PARAMETRIC_REPRESENTATION_CONTEXT() REPRESENTATION_CONTEXT('2D SPACE',''
  ) );
#7433 = ADVANCED_FACE('',(#7434),#4058,.T.);
#7434 = FACE_BOUND('',#7435,.F.);
#7435 = EDGE_LOOP('',(#7436,#7437,#7461,#7482));
#7436 = ORIENTED_EDGE('',*,*,#4042,.F.);
#7437 = ORIENTED_EDGE('',*,*,#7438,.F.);
#7438 = EDGE_CURVE('',#7439,#4015,#7441,.T.);
#7439 = VERTEX_POINT('',#7440);
#7440 = CARTESIAN_POINT('',(5.802847427075E-16,-16.4,21.7));
#7441 = SURFACE_CURVE('',#7442,(#7447,#7454),.PCURVE_S1.);
#7442 = CIRCLE('',#7443,2.2);
#7443 = AXIS2_PLACEMENT_3D('',#7444,#7445,#7446);
#7444 = CARTESIAN_POINT('',(3.10862446895E-16,-14.2,21.7));
#7445 = DIRECTION('',(1.110223024625E-16,0.,-1.));
#7446 = DIRECTION('',(0.,1.,0.));
#7447 = PCURVE('',#4058,#7448);
#7448 = DEFINITIONAL_REPRESENTATION('',(#7449),#7453);
#7449 = LINE('',#7450,#7451);
#7450 = CARTESIAN_POINT('',(-0.,0.));
#7451 = VECTOR('',#7452,1.);
#7452 = DIRECTION('',(-1.,0.));
#7453 = ( GEOMETRIC_REPRESENTATION_CONTEXT(2) 
PARAMETRIC_REPRESENTATION_CONTEXT() REPRESENTATION_CONTEXT('2D SPACE',''
  ) );
#7454 = PCURVE('',#4030,#7455);
#7455 = DEFINITIONAL_REPRESENTATION('',(#7456),#7460);
#7456 = CIRCLE('',#7457,2.2);
#7457 = AXIS2_PLACEMENT_2D('',#7458,#7459);
#7458 = CARTESIAN_POINT('',(-6.558349221473E-17,0.));
#7459 = DIRECTION('',(0.,-1.));
#7460 = ( GEOMETRIC_REPRESENTATION_CONTEXT(2) 
PARAMETRIC_REPRESENTATION_CONTEXT() REPRESENTATION_CONTEXT('2D SPACE',''
  ) );
#7461 = ORIENTED_EDGE('',*,*,#7462,.F.);
#7462 = EDGE_CURVE('',#7388,#7439,#7463,.T.);
#7463 = SURFACE_CURVE('',#7464,(#7468,#7475),.PCURVE_S1.);
#7464 = LINE('',#7465,#7466);
#7465 = CARTESIAN_POINT('',(3.10862446895E-16,-16.4,21.7));
#7466 = VECTOR('',#7467,1.);
#7467 = DIRECTION('',(-1.110223024625E-16,-0.,1.));
#7468 = PCURVE('',#4058,#7469);
#7469 = DEFINITIONAL_REPRESENTATION('',(#7470),#7474);
#7470 = LINE('',#7471,#7472);
#7471 = CARTESIAN_POINT('',(-3.14159265359,0.));
#7472 = VECTOR('',#7473,1.);
#7473 = DIRECTION('',(-0.,1.));
#7474 = ( GEOMETRIC_REPRESENTATION_CONTEXT(2) 
PARAMETRIC_REPRESENTATION_CONTEXT() REPRESENTATION_CONTEXT('2D SPACE',''
  ) );
#7475 = PCURVE('',#4462,#7476);
#7476 = DEFINITIONAL_REPRESENTATION('',(#7477),#7481);
#7477 = LINE('',#7478,#7479);
#7478 = CARTESIAN_POINT('',(74.8,55.6));
#7479 = VECTOR('',#7480,1.);
#7480 = DIRECTION('',(-1.,0.));
#7481 = ( GEOMETRIC_REPRESENTATION_CONTEXT(2) 
PARAMETRIC_REPRESENTATION_CONTEXT() REPRESENTATION_CONTEXT('2D SPACE',''
  ) );
#7482 = ORIENTED_EDGE('',*,*,#7387,.T.);
#7483 = ADVANCED_FACE('',(#7484),#4030,.F.);
#7484 = FACE_BOUND('',#7485,.F.);
#7485 = EDGE_LOOP('',(#7486,#7487,#7488,#7516));
#7486 = ORIENTED_EDGE('',*,*,#7438,.T.);
#7487 = ORIENTED_EDGE('',*,*,#4014,.F.);
#7488 = ORIENTED_EDGE('',*,*,#7489,.T.);
#7489 = EDGE_CURVE('',#3987,#7490,#7492,.T.);
#7490 = VERTEX_POINT('',#7491);
#7491 = CARTESIAN_POINT('',(1.883977669803E-16,-15.2,21.7));
#7492 = SURFACE_CURVE('',#7493,(#7498,#7509),.PCURVE_S1.);
#7493 = CIRCLE('',#7494,1.);
#7494 = AXIS2_PLACEMENT_3D('',#7495,#7496,#7497);
#7495 = CARTESIAN_POINT('',(3.10862446895E-16,-14.2,21.7));
#7496 = DIRECTION('',(-1.110223024625E-16,0.,1.));
#7497 = DIRECTION('',(0.,1.,0.));
#7498 = PCURVE('',#4030,#7499);
#7499 = DEFINITIONAL_REPRESENTATION('',(#7500),#7508);
#7500 = ( BOUNDED_CURVE() B_SPLINE_CURVE(2,(#7501,#7502,#7503,#7504,
#7505,#7506,#7507),.UNSPECIFIED.,.T.,.F.) B_SPLINE_CURVE_WITH_KNOTS((1,2
    ,2,2,2,1),(-2.094395102393,0.,2.094395102393,4.188790204786,
6.28318530718,8.377580409573),.UNSPECIFIED.) CURVE() 
GEOMETRIC_REPRESENTATION_ITEM() RATIONAL_B_SPLINE_CURVE((1.,0.5,1.,0.5,
1.,0.5,1.)) REPRESENTATION_ITEM('') );
#7501 = CARTESIAN_POINT('',(-6.558349221473E-17,-1.));
#7502 = CARTESIAN_POINT('',(-1.732050807569,-1.));
#7503 = CARTESIAN_POINT('',(-0.866025403784,0.5));
#7504 = CARTESIAN_POINT('',(-3.105128520442E-16,2.));
#7505 = CARTESIAN_POINT('',(0.866025403784,0.5));
#7506 = CARTESIAN_POINT('',(1.732050807569,-1.));
#7507 = CARTESIAN_POINT('',(-6.558349221473E-17,-1.));
#7508 = ( GEOMETRIC_REPRESENTATION_CONTEXT(2) 
PARAMETRIC_REPRESENTATION_CONTEXT() REPRESENTATION_CONTEXT('2D SPACE',''
  ) );
#7509 = PCURVE('',#4002,#7510);
#7510 = DEFINITIONAL_REPRESENTATION('',(#7511),#7515);
#7511 = LINE('',#7512,#7513);
#7512 = CARTESIAN_POINT('',(-6.28318530718,-3.3));
#7513 = VECTOR('',#7514,1.);
#7514 = DIRECTION('',(1.,-0.));
#7515 = ( GEOMETRIC_REPRESENTATION_CONTEXT(2) 
PARAMETRIC_REPRESENTATION_CONTEXT() REPRESENTATION_CONTEXT('2D SPACE',''
  ) );
#7516 = ORIENTED_EDGE('',*,*,#7517,.F.);
#7517 = EDGE_CURVE('',#7439,#7490,#7518,.T.);
#7518 = SURFACE_CURVE('',#7519,(#7523,#7530),.PCURVE_S1.);
#7519 = LINE('',#7520,#7521);
#7520 = CARTESIAN_POINT('',(3.10862446895E-16,-43.1,21.7));
#7521 = VECTOR('',#7522,1.);
#7522 = DIRECTION('',(0.,1.,0.));
#7523 = PCURVE('',#4030,#7524);
#7524 = DEFINITIONAL_REPRESENTATION('',(#7525),#7529);
#7525 = LINE('',#7526,#7527);
#7526 = CARTESIAN_POINT('',(-6.558349221473E-17,28.9));
#7527 = VECTOR('',#7528,1.);
#7528 = DIRECTION('',(0.,-1.));
#7529 = ( GEOMETRIC_REPRESENTATION_CONTEXT(2) 
PARAMETRIC_REPRESENTATION_CONTEXT() REPRESENTATION_CONTEXT('2D SPACE',''
  ) );
#7530 = PCURVE('',#4462,#7531);
#7531 = DEFINITIONAL_REPRESENTATION('',(#7532),#7536);
#7532 = LINE('',#7533,#7534);
#7533 = CARTESIAN_POINT('',(74.8,28.9));
#7534 = VECTOR('',#7535,1.);
#7535 = DIRECTION('',(0.,1.));
#7536 = ( GEOMETRIC_REPRESENTATION_CONTEXT(2) 
PARAMETRIC_REPRESENTATION_CONTEXT() REPRESENTATION_CONTEXT('2D SPACE',''
  ) );
#7537 = ADVANCED_FACE('',(#7538),#4002,.T.);
#7538 = FACE_BOUND('',#7539,.F.);
#7539 = EDGE_LOOP('',(#7540,#7563,#7600,#7601,#7602,#7623,#7624));
#7540 = ORIENTED_EDGE('',*,*,#7541,.F.);
#7541 = EDGE_CURVE('',#7542,#3964,#7544,.T.);
#7542 = VERTEX_POINT('',#7543);
#7543 = CARTESIAN_POINT('',(5.54001289288E-17,-13.2,24.001));
#7544 = SEAM_CURVE('',#7545,(#7549,#7556),.PCURVE_S1.);
#7545 = LINE('',#7546,#7547);
#7546 = CARTESIAN_POINT('',(-5.551115123126E-17,-13.2,25.));
#7547 = VECTOR('',#7548,1.);
#7548 = DIRECTION('',(1.110223024625E-16,0.,-1.));
#7549 = PCURVE('',#4002,#7550);
#7550 = DEFINITIONAL_REPRESENTATION('',(#7551),#7555);
#7551 = LINE('',#7552,#7553);
#7552 = CARTESIAN_POINT('',(-6.28318530718,0.));
#7553 = VECTOR('',#7554,1.);
#7554 = DIRECTION('',(-0.,-1.));
#7555 = ( GEOMETRIC_REPRESENTATION_CONTEXT(2) 
PARAMETRIC_REPRESENTATION_CONTEXT() REPRESENTATION_CONTEXT('2D SPACE',''
  ) );
#7556 = PCURVE('',#4002,#7557);
#7557 = DEFINITIONAL_REPRESENTATION('',(#7558),#7562);
#7558 = LINE('',#7559,#7560);
#7559 = CARTESIAN_POINT('',(-0.,0.));
#7560 = VECTOR('',#7561,1.);
#7561 = DIRECTION('',(-0.,-1.));
#7562 = ( GEOMETRIC_REPRESENTATION_CONTEXT(2) 
PARAMETRIC_REPRESENTATION_CONTEXT() REPRESENTATION_CONTEXT('2D SPACE',''
  ) );
#7563 = ORIENTED_EDGE('',*,*,#7564,.F.);
#7564 = EDGE_CURVE('',#7542,#7542,#7565,.T.);
#7565 = SURFACE_CURVE('',#7566,(#7571,#7578),.PCURVE_S1.);
#7566 = CIRCLE('',#7567,1.);
#7567 = AXIS2_PLACEMENT_3D('',#7568,#7569,#7570);
#7568 = CARTESIAN_POINT('',(5.54001289288E-17,-14.2,24.001));
#7569 = DIRECTION('',(1.110223024625E-16,0.,-1.));
#7570 = DIRECTION('',(0.,1.,0.));
#7571 = PCURVE('',#4002,#7572);
#7572 = DEFINITIONAL_REPRESENTATION('',(#7573),#7577);
#7573 = LINE('',#7574,#7575);
#7574 = CARTESIAN_POINT('',(-0.,-0.999));
#7575 = VECTOR('',#7576,1.);
#7576 = DIRECTION('',(-1.,0.));
#7577 = ( GEOMETRIC_REPRESENTATION_CONTEXT(2) 
PARAMETRIC_REPRESENTATION_CONTEXT() REPRESENTATION_CONTEXT('2D SPACE',''
  ) );
#7578 = PCURVE('',#7579,#7594);
#7579 = SURFACE_OF_REVOLUTION('',#7580,#7591);
#7580 = B_SPLINE_CURVE_WITH_KNOTS('',5,(#7581,#7582,#7583,#7584,#7585,
    #7586,#7587,#7588,#7589,#7590),.UNSPECIFIED.,.F.,.F.,(6,4,6),(0.,
    0.785398163397,1.570796326795),.UNSPECIFIED.);
#7581 = CARTESIAN_POINT('',(5.54001289288E-17,-13.2,24.001));
#7582 = CARTESIAN_POINT('',(3.797822578124E-17,-13.2,24.157922553047));
#7583 = CARTESIAN_POINT('',(2.055604661736E-17,-13.23080475735,
    24.314847592228));
#7584 = CARTESIAN_POINT('',(4.030813364746E-18,-13.29245881768,
    24.463693660865));
#7585 = CARTESIAN_POINT('',(-1.070684352565E-17,-13.38163932421,
    24.596438673025));
#7586 = CARTESIAN_POINT('',(-3.534513523927E-17,-13.60356132697,
    24.818360675786));
#7587 = CARTESIAN_POINT('',(-4.524616040853E-17,-13.73630633913,
    24.907541182312));
#7588 = CARTESIAN_POINT('',(-5.209113614314E-17,-13.88515240777,
    24.969195242647));
#7589 = CARTESIAN_POINT('',(-5.551115123126E-17,-14.04207744695,25.));
#7590 = CARTESIAN_POINT('',(-5.551115123126E-17,-14.199,25.));
#7591 = AXIS1_PLACEMENT('',#7592,#7593);
#7592 = CARTESIAN_POINT('',(5.54001289288E-17,-14.2,24.001));
#7593 = DIRECTION('',(-1.110223024625E-16,-0.,1.));
#7594 = DEFINITIONAL_REPRESENTATION('',(#7595),#7599);
#7595 = LINE('',#7596,#7597);
#7596 = CARTESIAN_POINT('',(-0.,0.));
#7597 = VECTOR('',#7598,1.);
#7598 = DIRECTION('',(-1.,0.));
#7599 = ( GEOMETRIC_REPRESENTATION_CONTEXT(2) 
PARAMETRIC_REPRESENTATION_CONTEXT() REPRESENTATION_CONTEXT('2D SPACE',''
  ) );
#7600 = ORIENTED_EDGE('',*,*,#7541,.T.);
#7601 = ORIENTED_EDGE('',*,*,#4474,.F.);
#7602 = ORIENTED_EDGE('',*,*,#7603,.F.);
#7603 = EDGE_CURVE('',#7490,#4447,#7604,.T.);
#7604 = SURFACE_CURVE('',#7605,(#7609,#7616),.PCURVE_S1.);
#7605 = LINE('',#7606,#7607);
#7606 = CARTESIAN_POINT('',(-5.551115123126E-17,-15.2,25.));
#7607 = VECTOR('',#7608,1.);
#7608 = DIRECTION('',(-1.110223024625E-16,-0.,1.));
#7609 = PCURVE('',#4002,#7610);
#7610 = DEFINITIONAL_REPRESENTATION('',(#7611),#7615);
#7611 = LINE('',#7612,#7613);
#7612 = CARTESIAN_POINT('',(-3.14159265359,0.));
#7613 = VECTOR('',#7614,1.);
#7614 = DIRECTION('',(-0.,1.));
#7615 = ( GEOMETRIC_REPRESENTATION_CONTEXT(2) 
PARAMETRIC_REPRESENTATION_CONTEXT() REPRESENTATION_CONTEXT('2D SPACE',''
  ) );
#7616 = PCURVE('',#4462,#7617);
#7617 = DEFINITIONAL_REPRESENTATION('',(#7618),#7622);
#7618 = LINE('',#7619,#7620);
#7619 = CARTESIAN_POINT('',(71.5,56.8));
#7620 = VECTOR('',#7621,1.);
#7621 = DIRECTION('',(-1.,0.));
#7622 = ( GEOMETRIC_REPRESENTATION_CONTEXT(2) 
PARAMETRIC_REPRESENTATION_CONTEXT() REPRESENTATION_CONTEXT('2D SPACE',''
  ) );
#7623 = ORIENTED_EDGE('',*,*,#7489,.F.);
#7624 = ORIENTED_EDGE('',*,*,#3986,.F.);
#7625 = ADVANCED_FACE('',(#7626),#4462,.F.);
#7626 = FACE_BOUND('',#7627,.F.);
#7627 = EDGE_LOOP('',(#7628,#7629,#7630,#7631,#7632,#7633,#7634,#7635));
#7628 = ORIENTED_EDGE('',*,*,#7603,.T.);
#7629 = ORIENTED_EDGE('',*,*,#4446,.T.);
#7630 = ORIENTED_EDGE('',*,*,#4529,.F.);
#7631 = ORIENTED_EDGE('',*,*,#4556,.F.);
#7632 = ORIENTED_EDGE('',*,*,#7270,.T.);
#7633 = ORIENTED_EDGE('',*,*,#7413,.F.);
#7634 = ORIENTED_EDGE('',*,*,#7462,.T.);
#7635 = ORIENTED_EDGE('',*,*,#7517,.T.);
#7636 = ADVANCED_FACE('',(#7637),#4650,.F.);
#7637 = FACE_BOUND('',#7638,.F.);
#7638 = EDGE_LOOP('',(#7639,#7640,#7641,#7642));
#7639 = ORIENTED_EDGE('',*,*,#7314,.T.);
#7640 = ORIENTED_EDGE('',*,*,#4634,.T.);
#7641 = ORIENTED_EDGE('',*,*,#4717,.F.);
#7642 = ORIENTED_EDGE('',*,*,#4744,.F.);
#7643 = ADVANCED_FACE('',(#7644),#4838,.F.);
#7644 = FACE_BOUND('',#7645,.F.);
#7645 = EDGE_LOOP('',(#7646,#7647,#7648,#7649,#7650,#7651,#7652,#7653));
#7646 = ORIENTED_EDGE('',*,*,#4932,.F.);
#7647 = ORIENTED_EDGE('',*,*,#7001,.T.);
#7648 = ORIENTED_EDGE('',*,*,#7113,.F.);
#7649 = ORIENTED_EDGE('',*,*,#7162,.T.);
#7650 = ORIENTED_EDGE('',*,*,#7217,.T.);
#7651 = ORIENTED_EDGE('',*,*,#7358,.T.);
#7652 = ORIENTED_EDGE('',*,*,#4822,.T.);
#7653 = ORIENTED_EDGE('',*,*,#4905,.F.);
#7654 = ADVANCED_FACE('',(#7655),#5346,.F.);
#7655 = FACE_BOUND('',#7656,.F.);
#7656 = EDGE_LOOP('',(#7657,#7658,#7659,#7660));
#7657 = ORIENTED_EDGE('',*,*,#5330,.T.);
#7658 = ORIENTED_EDGE('',*,*,#6899,.F.);
#7659 = ORIENTED_EDGE('',*,*,#5591,.F.);
#7660 = ORIENTED_EDGE('',*,*,#7661,.T.);
#7661 = EDGE_CURVE('',#5569,#5303,#7662,.T.);
#7662 = SURFACE_CURVE('',#7663,(#7667,#7674),.PCURVE_S1.);
#7663 = LINE('',#7664,#7665);
#7664 = CARTESIAN_POINT('',(9.3,4.,20.5));
#7665 = VECTOR('',#7666,1.);
#7666 = DIRECTION('',(1.110223024625E-16,0.,-1.));
#7667 = PCURVE('',#5346,#7668);
#7668 = DEFINITIONAL_REPRESENTATION('',(#7669),#7673);
#7669 = LINE('',#7670,#7671);
#7670 = CARTESIAN_POINT('',(1.7,1.887379141863E-16));
#7671 = VECTOR('',#7672,1.);
#7672 = DIRECTION('',(0.,1.));
#7673 = ( GEOMETRIC_REPRESENTATION_CONTEXT(2) 
PARAMETRIC_REPRESENTATION_CONTEXT() REPRESENTATION_CONTEXT('2D SPACE',''
  ) );
#7674 = PCURVE('',#5318,#7675);
#7675 = DEFINITIONAL_REPRESENTATION('',(#7676),#7680);
#7676 = LINE('',#7677,#7678);
#7677 = CARTESIAN_POINT('',(0.,8.));
#7678 = VECTOR('',#7679,1.);
#7679 = DIRECTION('',(1.,0.));
#7680 = ( GEOMETRIC_REPRESENTATION_CONTEXT(2) 
PARAMETRIC_REPRESENTATION_CONTEXT() REPRESENTATION_CONTEXT('2D SPACE',''
  ) );
#7681 = ADVANCED_FACE('',(#7682),#5318,.F.);
#7682 = FACE_BOUND('',#7683,.F.);
#7683 = EDGE_LOOP('',(#7684,#7685,#7686,#7707));
#7684 = ORIENTED_EDGE('',*,*,#7661,.F.);
#7685 = ORIENTED_EDGE('',*,*,#5568,.F.);
#7686 = ORIENTED_EDGE('',*,*,#7687,.T.);
#7687 = EDGE_CURVE('',#5546,#5275,#7688,.T.);
#7688 = SURFACE_CURVE('',#7689,(#7693,#7700),.PCURVE_S1.);
#7689 = LINE('',#7690,#7691);
#7690 = CARTESIAN_POINT('',(9.3,-4.,20.5));
#7691 = VECTOR('',#7692,1.);
#7692 = DIRECTION('',(1.110223024625E-16,0.,-1.));
#7693 = PCURVE('',#5318,#7694);
#7694 = DEFINITIONAL_REPRESENTATION('',(#7695),#7699);
#7695 = LINE('',#7696,#7697);
#7696 = CARTESIAN_POINT('',(0.,0.));
#7697 = VECTOR('',#7698,1.);
#7698 = DIRECTION('',(1.,0.));
#7699 = ( GEOMETRIC_REPRESENTATION_CONTEXT(2) 
PARAMETRIC_REPRESENTATION_CONTEXT() REPRESENTATION_CONTEXT('2D SPACE',''
  ) );
#7700 = PCURVE('',#5290,#7701);
#7701 = DEFINITIONAL_REPRESENTATION('',(#7702),#7706);
#7702 = LINE('',#7703,#7704);
#7703 = CARTESIAN_POINT('',(1.7,1.887379141863E-16));
#7704 = VECTOR('',#7705,1.);
#7705 = DIRECTION('',(0.,1.));
#7706 = ( GEOMETRIC_REPRESENTATION_CONTEXT(2) 
PARAMETRIC_REPRESENTATION_CONTEXT() REPRESENTATION_CONTEXT('2D SPACE',''
  ) );
#7707 = ORIENTED_EDGE('',*,*,#5302,.T.);
#7708 = ADVANCED_FACE('',(#7709),#5290,.T.);
#7709 = FACE_BOUND('',#7710,.T.);
#7710 = EDGE_LOOP('',(#7711,#7712,#7713,#7714));
#7711 = ORIENTED_EDGE('',*,*,#5274,.T.);
#7712 = ORIENTED_EDGE('',*,*,#6947,.F.);
#7713 = ORIENTED_EDGE('',*,*,#5545,.F.);
#7714 = ORIENTED_EDGE('',*,*,#7687,.T.);
#7715 = ADVANCED_FACE('',(#7716),#5845,.F.);
#7716 = FACE_BOUND('',#7717,.F.);
#7717 = EDGE_LOOP('',(#7718,#7719,#7720,#7721));
#7718 = ORIENTED_EDGE('',*,*,#5829,.F.);
#7719 = ORIENTED_EDGE('',*,*,#6408,.T.);
#7720 = ORIENTED_EDGE('',*,*,#6459,.T.);
#7721 = ORIENTED_EDGE('',*,*,#7722,.F.);
#7722 = EDGE_CURVE('',#5830,#6460,#7723,.T.);
#7723 = SURFACE_CURVE('',#7724,(#7728,#7735),.PCURVE_S1.);
#7724 = LINE('',#7725,#7726);
#7725 = CARTESIAN_POINT('',(2.22044604925E-16,12.8,22.5));
#7726 = VECTOR('',#7727,1.);
#7727 = DIRECTION('',(1.110223024625E-16,0.,-1.));
#7728 = PCURVE('',#5845,#7729);
#7729 = DEFINITIONAL_REPRESENTATION('',(#7730),#7734);
#7730 = LINE('',#7731,#7732);
#7731 = CARTESIAN_POINT('',(0.,1.4));
#7732 = VECTOR('',#7733,1.);
#7733 = DIRECTION('',(1.,0.));
#7734 = ( GEOMETRIC_REPRESENTATION_CONTEXT(2) 
PARAMETRIC_REPRESENTATION_CONTEXT() REPRESENTATION_CONTEXT('2D SPACE',''
  ) );
#7735 = PCURVE('',#5878,#7736);
#7736 = DEFINITIONAL_REPRESENTATION('',(#7737),#7741);
#7737 = LINE('',#7738,#7739);
#7738 = CARTESIAN_POINT('',(-1.570796326795,0.));
#7739 = VECTOR('',#7740,1.);
#7740 = DIRECTION('',(-0.,1.));
#7741 = ( GEOMETRIC_REPRESENTATION_CONTEXT(2) 
PARAMETRIC_REPRESENTATION_CONTEXT() REPRESENTATION_CONTEXT('2D SPACE',''
  ) );
#7742 = ADVANCED_FACE('',(#7743),#5878,.T.);
#7743 = FACE_BOUND('',#7744,.F.);
#7744 = EDGE_LOOP('',(#7745,#7746,#7747,#7748));
#7745 = ORIENTED_EDGE('',*,*,#5857,.T.);
#7746 = ORIENTED_EDGE('',*,*,#7722,.T.);
#7747 = ORIENTED_EDGE('',*,*,#6482,.F.);
#7748 = ORIENTED_EDGE('',*,*,#7749,.F.);
#7749 = EDGE_CURVE('',#5858,#6483,#7750,.T.);
#7750 = SURFACE_CURVE('',#7751,(#7755,#7762),.PCURVE_S1.);
#7751 = LINE('',#7752,#7753);
#7752 = CARTESIAN_POINT('',(0.8,13.6,22.5));
#7753 = VECTOR('',#7754,1.);
#7754 = DIRECTION('',(1.110223024625E-16,0.,-1.));
#7755 = PCURVE('',#5878,#7756);
#7756 = DEFINITIONAL_REPRESENTATION('',(#7757),#7761);
#7757 = LINE('',#7758,#7759);
#7758 = CARTESIAN_POINT('',(-0.,0.));
#7759 = VECTOR('',#7760,1.);
#7760 = DIRECTION('',(-0.,1.));
#7761 = ( GEOMETRIC_REPRESENTATION_CONTEXT(2) 
PARAMETRIC_REPRESENTATION_CONTEXT() REPRESENTATION_CONTEXT('2D SPACE',''
  ) );
#7762 = PCURVE('',#5906,#7763);
#7763 = DEFINITIONAL_REPRESENTATION('',(#7764),#7768);
#7764 = LINE('',#7765,#7766);
#7765 = CARTESIAN_POINT('',(0.8,8.881784197001E-17));
#7766 = VECTOR('',#7767,1.);
#7767 = DIRECTION('',(0.,1.));
#7768 = ( GEOMETRIC_REPRESENTATION_CONTEXT(2) 
PARAMETRIC_REPRESENTATION_CONTEXT() REPRESENTATION_CONTEXT('2D SPACE',''
  ) );
#7769 = ADVANCED_FACE('',(#7770),#5906,.T.);
#7770 = FACE_BOUND('',#7771,.T.);
#7771 = EDGE_LOOP('',(#7772,#7773,#7774,#7775));
#7772 = ORIENTED_EDGE('',*,*,#6510,.F.);
#7773 = ORIENTED_EDGE('',*,*,#7749,.F.);
#7774 = ORIENTED_EDGE('',*,*,#5890,.T.);
#7775 = ORIENTED_EDGE('',*,*,#7776,.T.);
#7776 = EDGE_CURVE('',#5891,#6511,#7777,.T.);
#7777 = SURFACE_CURVE('',#7778,(#7782,#7789),.PCURVE_S1.);
#7778 = LINE('',#7779,#7780);
#7779 = CARTESIAN_POINT('',(8.7,13.6,22.5));
#7780 = VECTOR('',#7781,1.);
#7781 = DIRECTION('',(1.110223024625E-16,0.,-1.));
#7782 = PCURVE('',#5906,#7783);
#7783 = DEFINITIONAL_REPRESENTATION('',(#7784),#7788);
#7784 = LINE('',#7785,#7786);
#7785 = CARTESIAN_POINT('',(8.7,9.658940314239E-16));
#7786 = VECTOR('',#7787,1.);
#7787 = DIRECTION('',(0.,1.));
#7788 = ( GEOMETRIC_REPRESENTATION_CONTEXT(2) 
PARAMETRIC_REPRESENTATION_CONTEXT() REPRESENTATION_CONTEXT('2D SPACE',''
  ) );
#7789 = PCURVE('',#5934,#7790);
#7790 = DEFINITIONAL_REPRESENTATION('',(#7791),#7795);
#7791 = LINE('',#7792,#7793);
#7792 = CARTESIAN_POINT('',(0.,0.54));
#7793 = VECTOR('',#7794,1.);
#7794 = DIRECTION('',(1.,0.));
#7795 = ( GEOMETRIC_REPRESENTATION_CONTEXT(2) 
PARAMETRIC_REPRESENTATION_CONTEXT() REPRESENTATION_CONTEXT('2D SPACE',''
  ) );
#7796 = ADVANCED_FACE('',(#7797),#5934,.F.);
#7797 = FACE_BOUND('',#7798,.F.);
#7798 = EDGE_LOOP('',(#7799,#7800,#7801,#7802));
#7799 = ORIENTED_EDGE('',*,*,#5918,.F.);
#7800 = ORIENTED_EDGE('',*,*,#7776,.T.);
#7801 = ORIENTED_EDGE('',*,*,#6533,.T.);
#7802 = ORIENTED_EDGE('',*,*,#7803,.F.);
#7803 = EDGE_CURVE('',#5919,#6534,#7804,.T.);
#7804 = SURFACE_CURVE('',#7805,(#7809,#7816),.PCURVE_S1.);
#7805 = LINE('',#7806,#7807);
#7806 = CARTESIAN_POINT('',(8.7,14.56,22.5));
#7807 = VECTOR('',#7808,1.);
#7808 = DIRECTION('',(1.110223024625E-16,0.,-1.));
#7809 = PCURVE('',#5934,#7810);
#7810 = DEFINITIONAL_REPRESENTATION('',(#7811),#7815);
#7811 = LINE('',#7812,#7813);
#7812 = CARTESIAN_POINT('',(0.,1.5));
#7813 = VECTOR('',#7814,1.);
#7814 = DIRECTION('',(1.,0.));
#7815 = ( GEOMETRIC_REPRESENTATION_CONTEXT(2) 
PARAMETRIC_REPRESENTATION_CONTEXT() REPRESENTATION_CONTEXT('2D SPACE',''
  ) );
#7816 = PCURVE('',#5967,#7817);
#7817 = DEFINITIONAL_REPRESENTATION('',(#7818),#7822);
#7818 = LINE('',#7819,#7820);
#7819 = CARTESIAN_POINT('',(-1.570796326795,0.));
#7820 = VECTOR('',#7821,1.);
#7821 = DIRECTION('',(-0.,1.));
#7822 = ( GEOMETRIC_REPRESENTATION_CONTEXT(2) 
PARAMETRIC_REPRESENTATION_CONTEXT() REPRESENTATION_CONTEXT('2D SPACE',''
  ) );
#7823 = ADVANCED_FACE('',(#7824),#5967,.T.);
#7824 = FACE_BOUND('',#7825,.F.);
#7825 = EDGE_LOOP('',(#7826,#7827,#7828,#7829));
#7826 = ORIENTED_EDGE('',*,*,#5946,.T.);
#7827 = ORIENTED_EDGE('',*,*,#7803,.T.);
#7828 = ORIENTED_EDGE('',*,*,#6556,.F.);
#7829 = ORIENTED_EDGE('',*,*,#7830,.F.);
#7830 = EDGE_CURVE('',#5947,#6557,#7831,.T.);
#7831 = SURFACE_CURVE('',#7832,(#7836,#7843),.PCURVE_S1.);
#7832 = LINE('',#7833,#7834);
#7833 = CARTESIAN_POINT('',(9.,14.86,22.5));
#7834 = VECTOR('',#7835,1.);
#7835 = DIRECTION('',(1.110223024625E-16,0.,-1.));
#7836 = PCURVE('',#5967,#7837);
#7837 = DEFINITIONAL_REPRESENTATION('',(#7838),#7842);
#7838 = LINE('',#7839,#7840);
#7839 = CARTESIAN_POINT('',(-0.,0.));
#7840 = VECTOR('',#7841,1.);
#7841 = DIRECTION('',(-0.,1.));
#7842 = ( GEOMETRIC_REPRESENTATION_CONTEXT(2) 
PARAMETRIC_REPRESENTATION_CONTEXT() REPRESENTATION_CONTEXT('2D SPACE',''
  ) );
#7843 = PCURVE('',#5995,#7844);
#7844 = DEFINITIONAL_REPRESENTATION('',(#7845),#7849);
#7845 = LINE('',#7846,#7847);
#7846 = CARTESIAN_POINT('',(0.3,3.330669073875E-17));
#7847 = VECTOR('',#7848,1.);
#7848 = DIRECTION('',(0.,1.));
#7849 = ( GEOMETRIC_REPRESENTATION_CONTEXT(2) 
PARAMETRIC_REPRESENTATION_CONTEXT() REPRESENTATION_CONTEXT('2D SPACE',''
  ) );
#7850 = ADVANCED_FACE('',(#7851),#5995,.T.);
#7851 = FACE_BOUND('',#7852,.T.);
#7852 = EDGE_LOOP('',(#7853,#7854,#7855,#7856));
#7853 = ORIENTED_EDGE('',*,*,#6584,.F.);
#7854 = ORIENTED_EDGE('',*,*,#7830,.F.);
#7855 = ORIENTED_EDGE('',*,*,#5979,.T.);
#7856 = ORIENTED_EDGE('',*,*,#7857,.T.);
#7857 = EDGE_CURVE('',#5980,#6585,#7858,.T.);
#7858 = SURFACE_CURVE('',#7859,(#7863,#7870),.PCURVE_S1.);
#7859 = LINE('',#7860,#7861);
#7860 = CARTESIAN_POINT('',(9.8,14.86,22.5));
#7861 = VECTOR('',#7862,1.);
#7862 = DIRECTION('',(1.110223024625E-16,0.,-1.));
#7863 = PCURVE('',#5995,#7864);
#7864 = DEFINITIONAL_REPRESENTATION('',(#7865),#7869);
#7865 = LINE('',#7866,#7867);
#7866 = CARTESIAN_POINT('',(1.1,1.221245327088E-16));
#7867 = VECTOR('',#7868,1.);
#7868 = DIRECTION('',(0.,1.));
#7869 = ( GEOMETRIC_REPRESENTATION_CONTEXT(2) 
PARAMETRIC_REPRESENTATION_CONTEXT() REPRESENTATION_CONTEXT('2D SPACE',''
  ) );
#7870 = PCURVE('',#6024,#7871);
#7871 = DEFINITIONAL_REPRESENTATION('',(#7872),#7876);
#7872 = LINE('',#7873,#7874);
#7873 = CARTESIAN_POINT('',(0.,0.));
#7874 = VECTOR('',#7875,1.);
#7875 = DIRECTION('',(0.,1.));
#7876 = ( GEOMETRIC_REPRESENTATION_CONTEXT(2) 
PARAMETRIC_REPRESENTATION_CONTEXT() REPRESENTATION_CONTEXT('2D SPACE',''
  ) );
#7877 = ADVANCED_FACE('',(#7878),#6024,.T.);
#7878 = FACE_BOUND('',#7879,.T.);
#7879 = EDGE_LOOP('',(#7880,#7881,#7902,#7903));
#7880 = ORIENTED_EDGE('',*,*,#6007,.T.);
#7881 = ORIENTED_EDGE('',*,*,#7882,.T.);
#7882 = EDGE_CURVE('',#6008,#6608,#7883,.T.);
#7883 = SURFACE_CURVE('',#7884,(#7888,#7895),.PCURVE_S1.);
#7884 = LINE('',#7885,#7886);
#7885 = CARTESIAN_POINT('',(10.1,14.56,22.5));
#7886 = VECTOR('',#7887,1.);
#7887 = DIRECTION('',(1.110223024625E-16,0.,-1.));
#7888 = PCURVE('',#6024,#7889);
#7889 = DEFINITIONAL_REPRESENTATION('',(#7890),#7894);
#7890 = LINE('',#7891,#7892);
#7891 = CARTESIAN_POINT('',(1.570796326795,0.));
#7892 = VECTOR('',#7893,1.);
#7893 = DIRECTION('',(0.,1.));
#7894 = ( GEOMETRIC_REPRESENTATION_CONTEXT(2) 
PARAMETRIC_REPRESENTATION_CONTEXT() REPRESENTATION_CONTEXT('2D SPACE',''
  ) );
#7895 = PCURVE('',#6052,#7896);
#7896 = DEFINITIONAL_REPRESENTATION('',(#7897),#7901);
#7897 = LINE('',#7898,#7899);
#7898 = CARTESIAN_POINT('',(0.,1.5));
#7899 = VECTOR('',#7900,1.);
#7900 = DIRECTION('',(1.,0.));
#7901 = ( GEOMETRIC_REPRESENTATION_CONTEXT(2) 
PARAMETRIC_REPRESENTATION_CONTEXT() REPRESENTATION_CONTEXT('2D SPACE',''
  ) );
#7902 = ORIENTED_EDGE('',*,*,#6607,.F.);
#7903 = ORIENTED_EDGE('',*,*,#7857,.F.);
#7904 = ADVANCED_FACE('',(#7905),#6052,.T.);
#7905 = FACE_BOUND('',#7906,.T.);
#7906 = EDGE_LOOP('',(#7907,#7908,#7929,#7930));
#7907 = ORIENTED_EDGE('',*,*,#6036,.F.);
#7908 = ORIENTED_EDGE('',*,*,#7909,.T.);
#7909 = EDGE_CURVE('',#6037,#6632,#7910,.T.);
#7910 = SURFACE_CURVE('',#7911,(#7915,#7922),.PCURVE_S1.);
#7911 = LINE('',#7912,#7913);
#7912 = CARTESIAN_POINT('',(10.1,13.6,22.5));
#7913 = VECTOR('',#7914,1.);
#7914 = DIRECTION('',(1.110223024625E-16,0.,-1.));
#7915 = PCURVE('',#6052,#7916);
#7916 = DEFINITIONAL_REPRESENTATION('',(#7917),#7921);
#7917 = LINE('',#7918,#7919);
#7918 = CARTESIAN_POINT('',(0.,0.54));
#7919 = VECTOR('',#7920,1.);
#7920 = DIRECTION('',(1.,0.));
#7921 = ( GEOMETRIC_REPRESENTATION_CONTEXT(2) 
PARAMETRIC_REPRESENTATION_CONTEXT() REPRESENTATION_CONTEXT('2D SPACE',''
  ) );
#7922 = PCURVE('',#6080,#7923);
#7923 = DEFINITIONAL_REPRESENTATION('',(#7924),#7928);
#7924 = LINE('',#7925,#7926);
#7925 = CARTESIAN_POINT('',(10.1,1.121325254871E-15));
#7926 = VECTOR('',#7927,1.);
#7927 = DIRECTION('',(0.,1.));
#7928 = ( GEOMETRIC_REPRESENTATION_CONTEXT(2) 
PARAMETRIC_REPRESENTATION_CONTEXT() REPRESENTATION_CONTEXT('2D SPACE',''
  ) );
#7929 = ORIENTED_EDGE('',*,*,#6631,.T.);
#7930 = ORIENTED_EDGE('',*,*,#7882,.F.);
#7931 = ADVANCED_FACE('',(#7932),#6080,.T.);
#7932 = FACE_BOUND('',#7933,.T.);
#7933 = EDGE_LOOP('',(#7934,#7935,#7936,#7937));
#7934 = ORIENTED_EDGE('',*,*,#6654,.F.);
#7935 = ORIENTED_EDGE('',*,*,#7909,.F.);
#7936 = ORIENTED_EDGE('',*,*,#6064,.T.);
#7937 = ORIENTED_EDGE('',*,*,#7938,.T.);
#7938 = EDGE_CURVE('',#6065,#6655,#7939,.T.);
#7939 = SURFACE_CURVE('',#7940,(#7944,#7951),.PCURVE_S1.);
#7940 = LINE('',#7941,#7942);
#7941 = CARTESIAN_POINT('',(11.3,13.6,22.5));
#7942 = VECTOR('',#7943,1.);
#7943 = DIRECTION('',(1.110223024625E-16,0.,-1.));
#7944 = PCURVE('',#6080,#7945);
#7945 = DEFINITIONAL_REPRESENTATION('',(#7946),#7950);
#7946 = LINE('',#7947,#7948);
#7947 = CARTESIAN_POINT('',(11.3,1.254552017826E-15));
#7948 = VECTOR('',#7949,1.);
#7949 = DIRECTION('',(0.,1.));
#7950 = ( GEOMETRIC_REPRESENTATION_CONTEXT(2) 
PARAMETRIC_REPRESENTATION_CONTEXT() REPRESENTATION_CONTEXT('2D SPACE',''
  ) );
#7951 = PCURVE('',#6108,#7952);
#7952 = DEFINITIONAL_REPRESENTATION('',(#7953),#7957);
#7953 = LINE('',#7954,#7955);
#7954 = CARTESIAN_POINT('',(0.,0.54));
#7955 = VECTOR('',#7956,1.);
#7956 = DIRECTION('',(1.,0.));
#7957 = ( GEOMETRIC_REPRESENTATION_CONTEXT(2) 
PARAMETRIC_REPRESENTATION_CONTEXT() REPRESENTATION_CONTEXT('2D SPACE',''
  ) );
#7958 = ADVANCED_FACE('',(#7959),#6108,.F.);
#7959 = FACE_BOUND('',#7960,.F.);
#7960 = EDGE_LOOP('',(#7961,#7962,#7963,#7964));
#7961 = ORIENTED_EDGE('',*,*,#6092,.F.);
#7962 = ORIENTED_EDGE('',*,*,#7938,.T.);
#7963 = ORIENTED_EDGE('',*,*,#6677,.T.);
#7964 = ORIENTED_EDGE('',*,*,#7965,.F.);
#7965 = EDGE_CURVE('',#6093,#6678,#7966,.T.);
#7966 = SURFACE_CURVE('',#7967,(#7971,#7978),.PCURVE_S1.);
#7967 = LINE('',#7968,#7969);
#7968 = CARTESIAN_POINT('',(11.3,14.56,22.5));
#7969 = VECTOR('',#7970,1.);
#7970 = DIRECTION('',(1.110223024625E-16,0.,-1.));
#7971 = PCURVE('',#6108,#7972);
#7972 = DEFINITIONAL_REPRESENTATION('',(#7973),#7977);
#7973 = LINE('',#7974,#7975);
#7974 = CARTESIAN_POINT('',(0.,1.5));
#7975 = VECTOR('',#7976,1.);
#7976 = DIRECTION('',(1.,0.));
#7977 = ( GEOMETRIC_REPRESENTATION_CONTEXT(2) 
PARAMETRIC_REPRESENTATION_CONTEXT() REPRESENTATION_CONTEXT('2D SPACE',''
  ) );
#7978 = PCURVE('',#6141,#7979);
#7979 = DEFINITIONAL_REPRESENTATION('',(#7980),#7984);
#7980 = LINE('',#7981,#7982);
#7981 = CARTESIAN_POINT('',(-1.570796326795,0.));
#7982 = VECTOR('',#7983,1.);
#7983 = DIRECTION('',(-0.,1.));
#7984 = ( GEOMETRIC_REPRESENTATION_CONTEXT(2) 
PARAMETRIC_REPRESENTATION_CONTEXT() REPRESENTATION_CONTEXT('2D SPACE',''
  ) );
#7985 = ADVANCED_FACE('',(#7986),#6141,.T.);
#7986 = FACE_BOUND('',#7987,.F.);
#7987 = EDGE_LOOP('',(#7988,#7989,#7990,#7991));
#7988 = ORIENTED_EDGE('',*,*,#6120,.T.);
#7989 = ORIENTED_EDGE('',*,*,#7965,.T.);
#7990 = ORIENTED_EDGE('',*,*,#6700,.F.);
#7991 = ORIENTED_EDGE('',*,*,#7992,.F.);
#7992 = EDGE_CURVE('',#6121,#6701,#7993,.T.);
#7993 = SURFACE_CURVE('',#7994,(#7998,#8005),.PCURVE_S1.);
#7994 = LINE('',#7995,#7996);
#7995 = CARTESIAN_POINT('',(11.6,14.86,22.5));
#7996 = VECTOR('',#7997,1.);
#7997 = DIRECTION('',(1.110223024625E-16,0.,-1.));
#7998 = PCURVE('',#6141,#7999);
#7999 = DEFINITIONAL_REPRESENTATION('',(#8000),#8004);
#8000 = LINE('',#8001,#8002);
#8001 = CARTESIAN_POINT('',(-0.,0.));
#8002 = VECTOR('',#8003,1.);
#8003 = DIRECTION('',(-0.,1.));
#8004 = ( GEOMETRIC_REPRESENTATION_CONTEXT(2) 
PARAMETRIC_REPRESENTATION_CONTEXT() REPRESENTATION_CONTEXT('2D SPACE',''
  ) );
#8005 = PCURVE('',#6169,#8006);
#8006 = DEFINITIONAL_REPRESENTATION('',(#8007),#8011);
#8007 = LINE('',#8008,#8009);
#8008 = CARTESIAN_POINT('',(0.3,3.330669073875E-17));
#8009 = VECTOR('',#8010,1.);
#8010 = DIRECTION('',(0.,1.));
#8011 = ( GEOMETRIC_REPRESENTATION_CONTEXT(2) 
PARAMETRIC_REPRESENTATION_CONTEXT() REPRESENTATION_CONTEXT('2D SPACE',''
  ) );
#8012 = ADVANCED_FACE('',(#8013),#6169,.T.);
#8013 = FACE_BOUND('',#8014,.T.);
#8014 = EDGE_LOOP('',(#8015,#8016,#8017,#8018));
#8015 = ORIENTED_EDGE('',*,*,#6728,.F.);
#8016 = ORIENTED_EDGE('',*,*,#7992,.F.);
#8017 = ORIENTED_EDGE('',*,*,#6153,.T.);
#8018 = ORIENTED_EDGE('',*,*,#8019,.T.);
#8019 = EDGE_CURVE('',#6154,#6729,#8020,.T.);
#8020 = SURFACE_CURVE('',#8021,(#8025,#8032),.PCURVE_S1.);
#8021 = LINE('',#8022,#8023);
#8022 = CARTESIAN_POINT('',(12.4,14.86,22.5));
#8023 = VECTOR('',#8024,1.);
#8024 = DIRECTION('',(1.110223024625E-16,0.,-1.));
#8025 = PCURVE('',#6169,#8026);
#8026 = DEFINITIONAL_REPRESENTATION('',(#8027),#8031);
#8027 = LINE('',#8028,#8029);
#8028 = CARTESIAN_POINT('',(1.1,1.221245327088E-16));
#8029 = VECTOR('',#8030,1.);
#8030 = DIRECTION('',(0.,1.));
#8031 = ( GEOMETRIC_REPRESENTATION_CONTEXT(2) 
PARAMETRIC_REPRESENTATION_CONTEXT() REPRESENTATION_CONTEXT('2D SPACE',''
  ) );
#8032 = PCURVE('',#6198,#8033);
#8033 = DEFINITIONAL_REPRESENTATION('',(#8034),#8038);
#8034 = LINE('',#8035,#8036);
#8035 = CARTESIAN_POINT('',(0.,0.));
#8036 = VECTOR('',#8037,1.);
#8037 = DIRECTION('',(0.,1.));
#8038 = ( GEOMETRIC_REPRESENTATION_CONTEXT(2) 
PARAMETRIC_REPRESENTATION_CONTEXT() REPRESENTATION_CONTEXT('2D SPACE',''
  ) );
#8039 = ADVANCED_FACE('',(#8040),#6198,.T.);
#8040 = FACE_BOUND('',#8041,.T.);
#8041 = EDGE_LOOP('',(#8042,#8043,#8064,#8065));
#8042 = ORIENTED_EDGE('',*,*,#6181,.T.);
#8043 = ORIENTED_EDGE('',*,*,#8044,.T.);
#8044 = EDGE_CURVE('',#6182,#6752,#8045,.T.);
#8045 = SURFACE_CURVE('',#8046,(#8050,#8057),.PCURVE_S1.);
#8046 = LINE('',#8047,#8048);
#8047 = CARTESIAN_POINT('',(12.7,14.56,22.5));
#8048 = VECTOR('',#8049,1.);
#8049 = DIRECTION('',(1.110223024625E-16,0.,-1.));
#8050 = PCURVE('',#6198,#8051);
#8051 = DEFINITIONAL_REPRESENTATION('',(#8052),#8056);
#8052 = LINE('',#8053,#8054);
#8053 = CARTESIAN_POINT('',(1.570796326795,0.));
#8054 = VECTOR('',#8055,1.);
#8055 = DIRECTION('',(0.,1.));
#8056 = ( GEOMETRIC_REPRESENTATION_CONTEXT(2) 
PARAMETRIC_REPRESENTATION_CONTEXT() REPRESENTATION_CONTEXT('2D SPACE',''
  ) );
#8057 = PCURVE('',#6226,#8058);
#8058 = DEFINITIONAL_REPRESENTATION('',(#8059),#8063);
#8059 = LINE('',#8060,#8061);
#8060 = CARTESIAN_POINT('',(0.,1.5));
#8061 = VECTOR('',#8062,1.);
#8062 = DIRECTION('',(1.,0.));
#8063 = ( GEOMETRIC_REPRESENTATION_CONTEXT(2) 
PARAMETRIC_REPRESENTATION_CONTEXT() REPRESENTATION_CONTEXT('2D SPACE',''
  ) );
#8064 = ORIENTED_EDGE('',*,*,#6751,.F.);
#8065 = ORIENTED_EDGE('',*,*,#8019,.F.);
#8066 = ADVANCED_FACE('',(#8067),#6226,.T.);
#8067 = FACE_BOUND('',#8068,.T.);
#8068 = EDGE_LOOP('',(#8069,#8070,#8091,#8092));
#8069 = ORIENTED_EDGE('',*,*,#6210,.F.);
#8070 = ORIENTED_EDGE('',*,*,#8071,.T.);
#8071 = EDGE_CURVE('',#6211,#6776,#8072,.T.);
#8072 = SURFACE_CURVE('',#8073,(#8077,#8084),.PCURVE_S1.);
#8073 = LINE('',#8074,#8075);
#8074 = CARTESIAN_POINT('',(12.7,13.6,22.5));
#8075 = VECTOR('',#8076,1.);
#8076 = DIRECTION('',(1.110223024625E-16,0.,-1.));
#8077 = PCURVE('',#6226,#8078);
#8078 = DEFINITIONAL_REPRESENTATION('',(#8079),#8083);
#8079 = LINE('',#8080,#8081);
#8080 = CARTESIAN_POINT('',(0.,0.54));
#8081 = VECTOR('',#8082,1.);
#8082 = DIRECTION('',(1.,0.));
#8083 = ( GEOMETRIC_REPRESENTATION_CONTEXT(2) 
PARAMETRIC_REPRESENTATION_CONTEXT() REPRESENTATION_CONTEXT('2D SPACE',''
  ) );
#8084 = PCURVE('',#6254,#8085);
#8085 = DEFINITIONAL_REPRESENTATION('',(#8086),#8090);
#8086 = LINE('',#8087,#8088);
#8087 = CARTESIAN_POINT('',(12.7,1.409983241274E-15));
#8088 = VECTOR('',#8089,1.);
#8089 = DIRECTION('',(0.,1.));
#8090 = ( GEOMETRIC_REPRESENTATION_CONTEXT(2) 
PARAMETRIC_REPRESENTATION_CONTEXT() REPRESENTATION_CONTEXT('2D SPACE',''
  ) );
#8091 = ORIENTED_EDGE('',*,*,#6775,.T.);
#8092 = ORIENTED_EDGE('',*,*,#8044,.F.);
#8093 = ADVANCED_FACE('',(#8094),#6254,.T.);
#8094 = FACE_BOUND('',#8095,.T.);
#8095 = EDGE_LOOP('',(#8096,#8097,#8098,#8099));
#8096 = ORIENTED_EDGE('',*,*,#6798,.F.);
#8097 = ORIENTED_EDGE('',*,*,#8071,.F.);
#8098 = ORIENTED_EDGE('',*,*,#6238,.T.);
#8099 = ORIENTED_EDGE('',*,*,#8100,.T.);
#8100 = EDGE_CURVE('',#6239,#6799,#8101,.T.);
#8101 = SURFACE_CURVE('',#8102,(#8106,#8113),.PCURVE_S1.);
#8102 = LINE('',#8103,#8104);
#8103 = CARTESIAN_POINT('',(13.2,13.6,22.5));
#8104 = VECTOR('',#8105,1.);
#8105 = DIRECTION('',(1.110223024625E-16,0.,-1.));
#8106 = PCURVE('',#6254,#8107);
#8107 = DEFINITIONAL_REPRESENTATION('',(#8108),#8112);
#8108 = LINE('',#8109,#8110);
#8109 = CARTESIAN_POINT('',(13.2,1.465494392505E-15));
#8110 = VECTOR('',#8111,1.);
#8111 = DIRECTION('',(0.,1.));
#8112 = ( GEOMETRIC_REPRESENTATION_CONTEXT(2) 
PARAMETRIC_REPRESENTATION_CONTEXT() REPRESENTATION_CONTEXT('2D SPACE',''
  ) );
#8113 = PCURVE('',#6283,#8114);
#8114 = DEFINITIONAL_REPRESENTATION('',(#8115),#8119);
#8115 = LINE('',#8116,#8117);
#8116 = CARTESIAN_POINT('',(0.,0.));
#8117 = VECTOR('',#8118,1.);
#8118 = DIRECTION('',(0.,1.));
#8119 = ( GEOMETRIC_REPRESENTATION_CONTEXT(2) 
PARAMETRIC_REPRESENTATION_CONTEXT() REPRESENTATION_CONTEXT('2D SPACE',''
  ) );
#8120 = ADVANCED_FACE('',(#8121),#6283,.T.);
#8121 = FACE_BOUND('',#8122,.T.);
#8122 = EDGE_LOOP('',(#8123,#8124,#8145,#8146));
#8123 = ORIENTED_EDGE('',*,*,#6266,.T.);
#8124 = ORIENTED_EDGE('',*,*,#8125,.T.);
#8125 = EDGE_CURVE('',#6267,#6822,#8126,.T.);
#8126 = SURFACE_CURVE('',#8127,(#8131,#8138),.PCURVE_S1.);
#8127 = LINE('',#8128,#8129);
#8128 = CARTESIAN_POINT('',(14.,12.8,22.5));
#8129 = VECTOR('',#8130,1.);
#8130 = DIRECTION('',(1.110223024625E-16,0.,-1.));
#8131 = PCURVE('',#6283,#8132);
#8132 = DEFINITIONAL_REPRESENTATION('',(#8133),#8137);
#8133 = LINE('',#8134,#8135);
#8134 = CARTESIAN_POINT('',(1.570796326795,0.));
#8135 = VECTOR('',#8136,1.);
#8136 = DIRECTION('',(0.,1.));
#8137 = ( GEOMETRIC_REPRESENTATION_CONTEXT(2) 
PARAMETRIC_REPRESENTATION_CONTEXT() REPRESENTATION_CONTEXT('2D SPACE',''
  ) );
#8138 = PCURVE('',#6311,#8139);
#8139 = DEFINITIONAL_REPRESENTATION('',(#8140),#8144);
#8140 = LINE('',#8141,#8142);
#8141 = CARTESIAN_POINT('',(0.,1.4));
#8142 = VECTOR('',#8143,1.);
#8143 = DIRECTION('',(1.,0.));
#8144 = ( GEOMETRIC_REPRESENTATION_CONTEXT(2) 
PARAMETRIC_REPRESENTATION_CONTEXT() REPRESENTATION_CONTEXT('2D SPACE',''
  ) );
#8145 = ORIENTED_EDGE('',*,*,#6821,.F.);
#8146 = ORIENTED_EDGE('',*,*,#8100,.F.);
#8147 = ADVANCED_FACE('',(#8148),#6311,.T.);
#8148 = FACE_BOUND('',#8149,.T.);
#8149 = EDGE_LOOP('',(#8150,#8151,#8172,#8173));
#8150 = ORIENTED_EDGE('',*,*,#6295,.F.);
#8151 = ORIENTED_EDGE('',*,*,#8152,.T.);
#8152 = EDGE_CURVE('',#6296,#6846,#8153,.T.);
#8153 = SURFACE_CURVE('',#8154,(#8158,#8165),.PCURVE_S1.);
#8154 = LINE('',#8155,#8156);
#8155 = CARTESIAN_POINT('',(14.,12.2,22.5));
#8156 = VECTOR('',#8157,1.);
#8157 = DIRECTION('',(1.110223024625E-16,0.,-1.));
#8158 = PCURVE('',#6311,#8159);
#8159 = DEFINITIONAL_REPRESENTATION('',(#8160),#8164);
#8160 = LINE('',#8161,#8162);
#8161 = CARTESIAN_POINT('',(0.,0.8));
#8162 = VECTOR('',#8163,1.);
#8163 = DIRECTION('',(1.,0.));
#8164 = ( GEOMETRIC_REPRESENTATION_CONTEXT(2) 
PARAMETRIC_REPRESENTATION_CONTEXT() REPRESENTATION_CONTEXT('2D SPACE',''
  ) );
#8165 = PCURVE('',#6342,#8166);
#8166 = DEFINITIONAL_REPRESENTATION('',(#8167),#8171);
#8167 = LINE('',#8168,#8169);
#8168 = CARTESIAN_POINT('',(-1.570796326795,0.));
#8169 = VECTOR('',#8170,1.);
#8170 = DIRECTION('',(-0.,1.));
#8171 = ( GEOMETRIC_REPRESENTATION_CONTEXT(2) 
PARAMETRIC_REPRESENTATION_CONTEXT() REPRESENTATION_CONTEXT('2D SPACE',''
  ) );
#8172 = ORIENTED_EDGE('',*,*,#6845,.T.);
#8173 = ORIENTED_EDGE('',*,*,#8125,.F.);
#8174 = ADVANCED_FACE('',(#8175),#6342,.T.);
#8175 = FACE_BOUND('',#8176,.F.);
#8176 = EDGE_LOOP('',(#8177,#8178,#8179,#8180));
#8177 = ORIENTED_EDGE('',*,*,#6323,.T.);
#8178 = ORIENTED_EDGE('',*,*,#8152,.T.);
#8179 = ORIENTED_EDGE('',*,*,#6868,.F.);
#8180 = ORIENTED_EDGE('',*,*,#6382,.F.);
#8181 = ADVANCED_FACE('',(#8182),#7061,.T.);
#8182 = FACE_BOUND('',#8183,.T.);
#8183 = EDGE_LOOP('',(#8184,#8208,#8209,#8210));
#8184 = ORIENTED_EDGE('',*,*,#8185,.F.);
#8185 = EDGE_CURVE('',#7024,#8186,#8188,.T.);
#8186 = VERTEX_POINT('',#8187);
#8187 = CARTESIAN_POINT('',(2.720046410332E-15,-14.199,0.));
#8188 = SEAM_CURVE('',#8189,(#8194,#8201),.PCURVE_S1.);
#8189 = CIRCLE('',#8190,0.999);
#8190 = AXIS2_PLACEMENT_3D('',#8191,#8192,#8193);
#8191 = CARTESIAN_POINT('',(2.609135130172E-15,-14.199,0.999));
#8192 = DIRECTION('',(-1.,0.,-1.110223024625E-16));
#8193 = DIRECTION('',(0.,1.,0.));
#8194 = PCURVE('',#7061,#8195);
#8195 = DEFINITIONAL_REPRESENTATION('',(#8196),#8200);
#8196 = LINE('',#8197,#8198);
#8197 = CARTESIAN_POINT('',(0.,0.));
#8198 = VECTOR('',#8199,1.);
#8199 = DIRECTION('',(0.,1.));
#8200 = ( GEOMETRIC_REPRESENTATION_CONTEXT(2) 
PARAMETRIC_REPRESENTATION_CONTEXT() REPRESENTATION_CONTEXT('2D SPACE',''
  ) );
#8201 = PCURVE('',#7061,#8202);
#8202 = DEFINITIONAL_REPRESENTATION('',(#8203),#8207);
#8203 = LINE('',#8204,#8205);
#8204 = CARTESIAN_POINT('',(6.28318530718,0.));
#8205 = VECTOR('',#8206,1.);
#8206 = DIRECTION('',(0.,1.));
#8207 = ( GEOMETRIC_REPRESENTATION_CONTEXT(2) 
PARAMETRIC_REPRESENTATION_CONTEXT() REPRESENTATION_CONTEXT('2D SPACE',''
  ) );
#8208 = ORIENTED_EDGE('',*,*,#7046,.T.);
#8209 = ORIENTED_EDGE('',*,*,#8185,.T.);
#8210 = ORIENTED_EDGE('',*,*,#8211,.F.);
#8211 = EDGE_CURVE('',#8186,#8186,#8212,.T.);
#8212 = SURFACE_CURVE('',#8213,(#8218,#8225),.PCURVE_S1.);
#8213 = CIRCLE('',#8214,1.E-03);
#8214 = AXIS2_PLACEMENT_3D('',#8215,#8216,#8217);
#8215 = CARTESIAN_POINT('',(2.720046410332E-15,-14.2,0.));
#8216 = DIRECTION('',(1.110223024625E-16,0.,-1.));
#8217 = DIRECTION('',(0.,1.,0.));
#8218 = PCURVE('',#7061,#8219);
#8219 = DEFINITIONAL_REPRESENTATION('',(#8220),#8224);
#8220 = LINE('',#8221,#8222);
#8221 = CARTESIAN_POINT('',(0.,1.570796326795));
#8222 = VECTOR('',#8223,1.);
#8223 = DIRECTION('',(1.,0.));
#8224 = ( GEOMETRIC_REPRESENTATION_CONTEXT(2) 
PARAMETRIC_REPRESENTATION_CONTEXT() REPRESENTATION_CONTEXT('2D SPACE',''
  ) );
#8225 = PCURVE('',#8226,#8231);
#8226 = PLANE('',#8227);
#8227 = AXIS2_PLACEMENT_3D('',#8228,#8229,#8230);
#8228 = CARTESIAN_POINT('',(2.807422362786E-15,-14.2,0.));
#8229 = DIRECTION('',(1.110223024625E-16,0.,-1.));
#8230 = DIRECTION('',(1.,0.,1.110223024625E-16));
#8231 = DEFINITIONAL_REPRESENTATION('',(#8232),#8236);
#8232 = CIRCLE('',#8233,9.999999999994E-04);
#8233 = AXIS2_PLACEMENT_2D('',#8234,#8235);
#8234 = CARTESIAN_POINT('',(-8.737595245399E-17,0.));
#8235 = DIRECTION('',(0.,-1.));
#8236 = ( GEOMETRIC_REPRESENTATION_CONTEXT(2) 
PARAMETRIC_REPRESENTATION_CONTEXT() REPRESENTATION_CONTEXT('2D SPACE',''
  ) );
#8237 = ADVANCED_FACE('',(#8238),#7579,.T.);
#8238 = FACE_BOUND('',#8239,.F.);
#8239 = EDGE_LOOP('',(#8240,#8264,#8265,#8266));
#8240 = ORIENTED_EDGE('',*,*,#8241,.F.);
#8241 = EDGE_CURVE('',#7542,#8242,#8244,.T.);
#8242 = VERTEX_POINT('',#8243);
#8243 = CARTESIAN_POINT('',(-5.551115123126E-17,-14.199,25.));
#8244 = SEAM_CURVE('',#8245,(#8250,#8257),.PCURVE_S1.);
#8245 = CIRCLE('',#8246,0.999);
#8246 = AXIS2_PLACEMENT_3D('',#8247,#8248,#8249);
#8247 = CARTESIAN_POINT('',(5.54001289288E-17,-14.199,24.001));
#8248 = DIRECTION('',(1.,-0.,1.110223024625E-16));
#8249 = DIRECTION('',(0.,1.,0.));
#8250 = PCURVE('',#7579,#8251);
#8251 = DEFINITIONAL_REPRESENTATION('',(#8252),#8256);
#8252 = LINE('',#8253,#8254);
#8253 = CARTESIAN_POINT('',(-0.,0.));
#8254 = VECTOR('',#8255,1.);
#8255 = DIRECTION('',(-0.,1.));
#8256 = ( GEOMETRIC_REPRESENTATION_CONTEXT(2) 
PARAMETRIC_REPRESENTATION_CONTEXT() REPRESENTATION_CONTEXT('2D SPACE',''
  ) );
#8257 = PCURVE('',#7579,#8258);
#8258 = DEFINITIONAL_REPRESENTATION('',(#8259),#8263);
#8259 = LINE('',#8260,#8261);
#8260 = CARTESIAN_POINT('',(-6.28318530718,0.));
#8261 = VECTOR('',#8262,1.);
#8262 = DIRECTION('',(-0.,1.));
#8263 = ( GEOMETRIC_REPRESENTATION_CONTEXT(2) 
PARAMETRIC_REPRESENTATION_CONTEXT() REPRESENTATION_CONTEXT('2D SPACE',''
  ) );
#8264 = ORIENTED_EDGE('',*,*,#7564,.F.);
#8265 = ORIENTED_EDGE('',*,*,#8241,.T.);
#8266 = ORIENTED_EDGE('',*,*,#8267,.T.);
#8267 = EDGE_CURVE('',#8242,#8242,#8268,.T.);
#8268 = SURFACE_CURVE('',#8269,(#8274,#8281),.PCURVE_S1.);
#8269 = CIRCLE('',#8270,1.E-03);
#8270 = AXIS2_PLACEMENT_3D('',#8271,#8272,#8273);
#8271 = CARTESIAN_POINT('',(-5.551115123126E-17,-14.2,25.));
#8272 = DIRECTION('',(1.110223024625E-16,0.,-1.));
#8273 = DIRECTION('',(0.,1.,0.));
#8274 = PCURVE('',#7579,#8275);
#8275 = DEFINITIONAL_REPRESENTATION('',(#8276),#8280);
#8276 = LINE('',#8277,#8278);
#8277 = CARTESIAN_POINT('',(-0.,1.570796326795));
#8278 = VECTOR('',#8279,1.);
#8279 = DIRECTION('',(-1.,0.));
#8280 = ( GEOMETRIC_REPRESENTATION_CONTEXT(2) 
PARAMETRIC_REPRESENTATION_CONTEXT() REPRESENTATION_CONTEXT('2D SPACE',''
  ) );
#8281 = PCURVE('',#8282,#8287);
#8282 = PLANE('',#8283);
#8283 = AXIS2_PLACEMENT_3D('',#8284,#8285,#8286);
#8284 = CARTESIAN_POINT('',(3.186480122273E-17,-14.2,25.));
#8285 = DIRECTION('',(1.110223024625E-16,0.,-1.));
#8286 = DIRECTION('',(1.,0.,1.110223024625E-16));
#8287 = DEFINITIONAL_REPRESENTATION('',(#8288),#8292);
#8288 = CIRCLE('',#8289,9.999999999994E-04);
#8289 = AXIS2_PLACEMENT_2D('',#8290,#8291);
#8290 = CARTESIAN_POINT('',(-8.737595245399E-17,0.));
#8291 = DIRECTION('',(0.,-1.));
#8292 = ( GEOMETRIC_REPRESENTATION_CONTEXT(2) 
PARAMETRIC_REPRESENTATION_CONTEXT() REPRESENTATION_CONTEXT('2D SPACE',''
  ) );
#8293 = ADVANCED_FACE('',(#8294),#8226,.T.);
#8294 = FACE_BOUND('',#8295,.T.);
#8295 = EDGE_LOOP('',(#8296));
#8296 = ORIENTED_EDGE('',*,*,#8211,.T.);
#8297 = ADVANCED_FACE('',(#8298),#8282,.F.);
#8298 = FACE_BOUND('',#8299,.F.);
#8299 = EDGE_LOOP('',(#8300));
#8300 = ORIENTED_EDGE('',*,*,#8267,.T.);
#8301 = ( GEOMETRIC_REPRESENTATION_CONTEXT(3) 
GLOBAL_UNCERTAINTY_ASSIGNED_CONTEXT((#8305)) 
GLOBAL_UNIT_ASSIGNED_CONTEXT((#8302,#8303,#8304)) REPRESENTATION_CONTEXT
('Context #1','3D Context with UNIT and UNCERTAINTY') );
#8302 = ( LENGTH_UNIT() NAMED_UNIT(*) SI_UNIT(.MILLI.,.METRE.) );
#8303 = ( NAMED_UNIT(*) PLANE_ANGLE_UNIT() SI_UNIT($,.RADIAN.) );
#8304 = ( NAMED_UNIT(*) SI_UNIT($,.STERADIAN.) SOLID_ANGLE_UNIT() );
#8305 = UNCERTAINTY_MEASURE_WITH_UNIT(LENGTH_MEASURE(2.E-06),#8302,
  'distance_accuracy_value','confusion accuracy');
#8306 = PRODUCT_RELATED_PRODUCT_CATEGORY('part',$,(#7));
ENDSEC;
END-ISO-10303-21;
